candidate_rank,species,family,genus,raw_gene,raw_dir,n_localities,n_headers,graph_k,edges,min_endpoint_disjoint_training_edges,host_species,host_families,host_family,native_units,accepted_host_names,accepted_host_ids,panel_key_sha256,split_key_sha256
1,Epinotia tedella,Tortricidae,Epinotia,Epinotia-tedella-COI,Insecta/Lepidoptera/Tortricidae/Epinotia-tedella,24,30,4,61,46,3,1,Pinaceae,34,Picea abies;Picea sitchensis;Picea smithiana,380406.0;380741.0;380737.0,002786a27db39ff462f1a16bc4458d24d978eee7133c9aa4e0a6fea089c79d92,4755ab92fcf7321b0b3ce8cc1fad6a90226ede53cb39f1bd7336da9a24dd4e80
2,Triodia sylvina,Hepialidae,Triodia,Triodia-sylvina-COI,Insecta/Lepidoptera/Hepialidae/Triodia-sylvina,33,56,5,102,86,1,1,Cannabaceae,47,Humulus lupulus,2855039.0,00497c444da32c1f1c974392b97f1666b583aea45631c0391ec45c94781522a3,75c697a0cd45bda128aaca0bea8562399d8dde46d10258c756422856683eb32f
3,Caloptilia fribergensis,Gracillariidae,Caloptilia,Caloptilia-fribergensis-COI,Insecta/Lepidoptera/Gracillariidae/Caloptilia-fribergensis,19,24,3,42,31,1,1,Sapindaceae,21,Acer pseudoplatanus,2616276.0,006f2022dcfddacfcdc78ec98f492295d7353a37ea6480c8efbb13bf37ec35d5,c1f596bcb6ca18588be5c9ab8973e0609bee932e766a3a84b28394e6a991bd2e
4,Thymelicus acteon,Hesperiidae,Thymelicus,Thymelicus-acteon-COI,Insecta/Lepidoptera/Hesperiidae/Thymelicus-acteon,144,170,22,2056,1973,1,1,Poaceae,62,Brachypodium pinnatum,400000.0,00aaf868cebde3a5bda2db2f60cec6783024d23a19fb13dbd1b498725ea0ef27,f4348b276dfd4a5dd060caa87926cb2c481ece3e6a5c0dc9d11e43fca0a0f3be
5,Mythimna turca,Noctuidae,Mythimna,Mythimna-turca-COI,Insecta/Lepidoptera/Noctuidae/Mythimna-turca,15,15,2,20,11,2,1,Poaceae,143,Dactylis glomerata;Poa nemoralis,406640.0;436600.0,00e218aadf18d7b256a5c9e766b585ef5988bf7a817f8c33c12e33f2db21c76f,d4924495b3dc2fa2c08533d6b5eb4f0a6793ca79d93f4ffb8d00e1fd284dab2b
6,Phycitodes maritima,Pyralidae,Phycitodes,Phycitodes-maritima-COI,Insecta/Lepidoptera/Pyralidae/Phycitodes-maritima,13,16,2,16,10,1,1,Asteraceae,140,Achillea millefolium,2908230.0,014b99363e8ced8c56b035f6e433f64675e01476bb6b32d3f224e4600366c565,755ef2f69a415343bb869bd4bb8dba2457cb6845eac7bd51786970e7eeb3cb0d
7,Sabulodes arge,Geometridae,Sabulodes,Sabulodes-arge-COI,Insecta/Lepidoptera/Geometridae/Sabulodes-arge,20,63,3,38,28,1,1,Asteraceae,40,Parthenium hysterophorus,3119664.0,025b9351cd069fe99e71dc77c2b0390592f3803a8bfdb605df0665c5eddc20a2,3bf4d2a66a307a92b0a7b75fb469372e978b401990ca25e25a6f8c64a4aafa96
8,Lithophane furcifera,Noctuidae,Lithophane,Lithophane-furcifera-COI,Insecta/Lepidoptera/Noctuidae/Lithophane-furcifera,17,17,3,36,25,2,1,Betulaceae,91,Alnus glutinosa;Alnus incana,6364.0;6417.0,025faa340329e61e8bfea5b6deeeb1a7bc6e713e3f0af214136ccfe0b6c29d27,0370115da608472e0c6a091b9cbc55dba71d48a06454613a01bcdbcd6efb4fd4
9,Traminda mundissima,Geometridae,Traminda,Traminda-mundissima-COI,Insecta/Lepidoptera/Geometridae/Traminda-mundissima,19,43,3,37,26,3,1,Fabaceae,69,Pithecellobium dulce;Vachellia eburnea;Vachellia nilotica,2539025.0;2609113.0;2609117.0,031ae083457a58f25b18f50f3e80d6c1df04f4f0d1ad4afaab05cc1d98e0423d,f38e2ab57a4efcc4eebfab3474ad4a0a304653f91ec1db764c8b7380695bbebd
10,Aethes cnicana,Tortricidae,Aethes,Aethes-cnicana-COI,Insecta/Lepidoptera/Tortricidae/Aethes-cnicana,31,42,5,98,81,3,1,Asteraceae,65,Cirsium oleraceum;Cirsium palustre;Cirsium vulgare,3042201.0;3042238.0;3042723.0,037a28b8fc6864a6d0a50794a3af63b78bc13551e7488255b7faca5882be5984,419c6d2f07298839a5ee5dc2cbc9df2c47043ee6f0b361b67082399506e83c23
11,Catocala grynea,Erebidae,Catocala,Catocala-grynea-COI,Insecta/Lepidoptera/Erebidae/Catocala-grynea,24,47,4,61,45,3,1,Rosaceae,33,Malus coronaria;Malus domestica;Prunus domestica,2950548.0;2950597.0;2959531.0,03fe57a49beb174129d5dda5ce3b2a927ca9448fa171b8c98e313b589515c3c1,35646b80d2ea5af7ab9ac02ebf62815a0daf91fdc355de87eae682187afe258c
12,Caloptilia semifascia,Gracillariidae,Caloptilia,Caloptilia-semifascia-COI,Insecta/Lepidoptera/Gracillariidae/Caloptilia-semifascia,25,35,4,67,53,2,1,Sapindaceae,32,Acer campestre;Acer pseudoplatanus,2615447.0;2616276.0,046c8a19fdbd38199b120e242be5fecca3daeb98a3279be7217b1af0d7de72d5,ec40640794dd48578f94cb4de5184a69a238b1d6b478fac8ee8740b80662e2fa
13,Pachylia ficus,Sphingidae,Pachylia,Pachylia-ficus-COI,Insecta/Lepidoptera/Sphingidae/Pachylia-ficus,17,29,3,36,25,2,1,Moraceae,24,Ficus carica;Ficus pallida,2809827.0;2811616.0,0478af8a2b60e0427132f4b3fda5976596522dea8d60d0c30ca141251c1ff1ba,d6b59d1e1fbb50de7a54aa2533c21abd73661766e902afaf7e671fd568c36d57
14,Cyclophora punctaria,Geometridae,Cyclophora,Cyclophora-punctaria-COI,Insecta/Lepidoptera/Geometridae/Cyclophora-punctaria,48,55,7,233,205,1,1,Fagaceae,42,Quercus robur,174750.0,047ef9ca7fc2c953ba5bce18021d8f00ecc5313137d80f49d34aa2d31e0e6144,cf0182fa3d305a6bbd376aac6c1796f9d714af3991b02b8c0edef54409a2b7db
15,Gnophos obfuscata,Geometridae,Gnophos,Gnophos-obfuscata-COI,Insecta/Lepidoptera/Geometridae/Gnophos-obfuscata,30,32,5,100,82,1,1,Crassulaceae,42,Hylotelephium telephium,2857008.0,048484e77514dd9504bb40470631dee4c5710dd3309a2c4e43a7a3f4ef1d5fe2,1287ed62ce17cc09bfdada1e582d27084b122e6655b50b503c77f139d3396226
16,Mompha conturbatella,Momphidae,Mompha,Mompha-conturbatella-COI,Insecta/Lepidoptera/Momphidae/Mompha-conturbatella,39,59,6,144,122,1,1,Onagraceae,136,Epilobium angustifolium,2790112.0,04da494359fa2eb956de29f1b3baedfe360816e24e0aee31690b8a1ce7afb92a,4806260c95140265f5b3c61f327b39c1495334e10f42d1cafc78aee537617d88
17,Proteoteras moffatiana,Tortricidae,Proteoteras,Proteoteras-moffatiana-COI,Insecta/Lepidoptera/Tortricidae/Proteoteras-moffatiana,13,17,2,18,11,3,1,Sapindaceae,35,Acer rubrum;Acer saccharinum;Acer saccharum,2616329.0;2616367.0;2616387.0,05ae6693e4e6b10527bcdf90f3aa58045f236051516197db375334bc7c9e241e,2747c5c65aed7c7ed65480500b22b5cfa2b8baa0e3158c2d515f18d7efa97d79
18,Euthrix potatoria,Lasiocampidae,Euthrix,Euthrix-potatoria-COI,Insecta/Lepidoptera/Lasiocampidae/Euthrix-potatoria,21,28,3,44,33,3,1,Poaceae,232,Dactylis glomerata;Elymus repens;Phragmites australis,406640.0;411505.0;433921.0,05b2d6a85c9d8696077d8626c600674109cdaedef1d1c12dad6eef471faabeaa,28f7656a226e93f3b27257616decb3f1c6143a045731a3bca7db51be07a14e52
19,Caryocolum amaurella,Gelechiidae,Caryocolum,Caryocolum-amaurella-COI,Insecta/Lepidoptera/Gelechiidae/Caryocolum-amaurella,17,22,3,32,22,1,1,Caryophyllaceae,30,Viscaria vulgaris,2458298.0,0626a14c524a41d9e42dd76c09cc9a1ffa194809e4f68e8dec69c61f1be7759b,9229d43d22a23643ec8285d1298804aff016574d3f1fd203187d478bcb4aea98
20,Dioryctria reniculelloides,Pyralidae,Dioryctria,Dioryctria-reniculelloides-COI,Insecta/Lepidoptera/Pyralidae/Dioryctria-reniculelloides,35,83,5,115,96,2,1,Pinaceae,40,Picea laxa;Pseudotsuga menziesii,381078.0;379633.0,06cb130078eb2c207e93344ebcde4fa6aea211d3809a8a9de561f4771f570a6c,c71cbabc217ec6606769aef9c2610d4d5fe5da400cb64919c224f681d7e6b805
21,Eupithecia actaeata,Geometridae,Eupithecia,Eupithecia-actaeata-COI,Insecta/Lepidoptera/Geometridae/Eupithecia-actaeata,13,21,2,17,10,1,1,Ranunculaceae,42,Actaea spicata,2620577.0,06e6b87e034b5e6f91bb1d218270cbb4c24fedbc3aabc9a246580a2d732746d1,865da83bd2f318d25d07edbab43418747d9b058cee6ff9b180b0884932038979
22,Pyrrhogyra neaerea,Nymphalidae,Pyrrhogyra,Pyrrhogyra-neaerea-COI,Insecta/Lepidoptera/Nymphalidae/Pyrrhogyra-neaerea,16,20,2,23,16,2,1,Sapindaceae,74,Paullinia fuscescens;Paullinia pinnata,2543222.0;2543867.0,06f85dc5dfac56ae543f390eb7abd2701f673263ad67c2265ea80bf4a15e06bd,b2343052bbfab946ace7951f692c2cb8f77331a584c599df6b3594d34b1f767c
23,Eupithecia casloata,Geometridae,Eupithecia,Eupithecia-casloata-COI,Insecta/Lepidoptera/Geometridae/Eupithecia-casloata,20,28,3,40,28,3,1,Pinaceae,41,Picea engelmannii;Picea laxa;Picea mariana,380614.0;381078.0;380589.0,07fb936126179b052193a7643ce43458473891e9b378ef88e51420a324ffc60f,1287eecc14f2edacb3eb204cc8cc77e83aea313bc95e21abba956d08aabe3729
24,Hypena californica,Erebidae,Hypena,Hypena-californica-COI,Insecta/Lepidoptera/Erebidae/Hypena-californica,12,32,2,19,10,1,1,Rosaceae,37,Rubus allegheniensis,2976642.0,08252fdebcdbba0bf8155aefb51506d6c1a2f4d6903b0a470ac8e3fcec2c0082,45984bddbe42f0a5b943dffbd253ca89e68fac8ad9dbb774f50d44026b656fd6
25,Phyllocnistis populiella,Gracillariidae,Phyllocnistis,Phyllocnistis-populiella-COI,Insecta/Lepidoptera/Gracillariidae/Phyllocnistis-populiella,97,1838,15,1026,960,3,1,Salicaceae,69,Populus deltoides;Populus grandidentata;Populus tremuloides,2917212.0;2917577.0;2917451.0,084cdfbd2891abd3ad8c88830652b66a8e5ededcd52a06bbf5a4a08c05ce1eb6,af2c5ea3ce3c15eac4819066bc54efe35bf9453fe76841780c3e90e3fa9c79fc
26,Leucania inconspicua,Noctuidae,Leucania,Leucania-inconspicua-COI,Insecta/Lepidoptera/Noctuidae/Leucania-inconspicua,29,52,4,74,61,2,1,Poaceae,30,Saccharum officinarum;Urochloa mutica,439977.0;449511.0,08ccb45a5827836beaa690bb2a9747f748c527e84e1f86407ce4578b1ab8760f,648045a8b5a56180d20ab03465dd296d5a96da0051b18cbf133e8f400e31a49d
27,Pheosia tremula,Notodontidae,Pheosia,Pheosia-tremula-COI,Insecta/Lepidoptera/Notodontidae/Pheosia-tremula,35,38,5,120,102,2,1,Salicaceae,64,Populus tremula;Salix purpurea,2917379.0;2920630.0,095330e6d1dd6a018e60e90894f63e98cac523a6a0f03c793b0314423c0955c0,a43deb3bc72a665433fc31117274f4ebdae0ca706ba34c2afb51639424177b76
28,Spargania magnoliata,Geometridae,Spargania,Spargania-magnoliata-COI,Insecta/Lepidoptera/Geometridae/Spargania-magnoliata,70,150,11,547,502,2,1,Onagraceae,148,Epilobium angustifolium;Oenothera biennis,2790112.0;2399189.0,098eca633528d0b986706384338650e6f6db1c9d48a107633b8dcb15f85ea691,9dcc3ac4012e7762938dbe9d738d195da3d519ee7e9bc73519c66fdc90996543
29,Notocelia purpurissatana,Tortricidae,Notocelia,Notocelia-purpurissatana-COI,Insecta/Lepidoptera/Tortricidae/Notocelia-purpurissatana,17,46,3,35,25,1,1,Rosaceae,40,Rosa carolina,2967046.0,0a767be9ada4914b8f46febac477516e61e9f2f143c6096879a310fe694101f4,9bb7cac32331ec706696a2a34264b8e1b340ed73e1a22a2df861e2bc8ab59370
30,Tholera decimalis,Noctuidae,Tholera,Tholera-decimalis-COI,Insecta/Lepidoptera/Noctuidae/Tholera-decimalis,24,29,4,63,49,1,1,Poaceae,84,Elymus repens,411505.0,0a79fa90f6c68f4ba021a8253c4769ad2acf8a32263d83247d96a1464f8452fc,b2d3610b98522b3283fcebbccd6dbfc262d309c3a42bfd9067cdc42d5e751fc2
31,Bucculatrix canadensisella,Bucculatricidae,Bucculatrix,Bucculatrix-canadensisella-COI,Insecta/Lepidoptera/Bucculatricidae/Bucculatrix-canadensisella,50,274,8,248,221,2,1,Betulaceae,48,Betula alleghaniensis;Betula papyrifera,21135.0;21557.0,0a8f2013aba4ca35c85bf7c738bfa961f15e104108eaa04c6218bf89aed66ac2,63980c02bf414647eba07bf6621e13537ac3b95a33afdd0029577abacfa1bea4
32,Plutella porrectella,Plutellidae,Plutella,Plutella-porrectella-COI,Insecta/Lepidoptera/Plutellidae/Plutella-porrectella,33,69,5,103,84,2,1,Brassicaceae,72,Barbarea orthoceras;Hesperis matronalis,2669673.0;2847567.0,0adbd206693d03b598bdae5528b040a1d5915efdaa0804b85d35a45233597b7d,d7066f90e4bebc2ce2f6cb376bf94738735fc7375158c99dd366b097b06cbc43
33,Phycita roborella,Pyralidae,Phycita,Phycita-roborella-COI,Insecta/Lepidoptera/Pyralidae/Phycita-roborella,30,42,5,96,77,2,1,Fagaceae,43,Quercus petraea;Quercus robur,174374.0;174750.0,0af039576d20a53c1b55457eb7817cd8d9010da0b06bb1faec21d650aa796297,431c263968ac78dfc51aa9f0952306ff766e23a1be9409730b2bbbc43295cb41
34,Scythris noricella,Scythrididae,Scythris,Scythris-noricella-COI,Insecta/Lepidoptera/Scythrididae/Scythris-noricella,16,50,2,21,15,2,1,Onagraceae,141,Epilobium angustifolium;Epilobium leptophyllum,2790112.0;2790644.0,0b6b1ab4f316d636fa11d41300cc2461ac810d56a52481a67fd08df1cdc4e3e1,761b93ffa8f6e972ed68bc4fd47c9d55309b2105c4b14a90869b028270751978
35,Speyeria mormonia,Nymphalidae,Speyeria,Speyeria-mormonia-COI,Insecta/Lepidoptera/Nymphalidae/Speyeria-mormonia,34,94,5,109,91,3,1,Violaceae,102,Viola adunca;Viola palustris;Viola sororia,2464126.0;2459417.0;2461426.0,0b9337a5cefd2f2505da3230652f87e57a5613e53c60fb01525550f8c229cd3d,442af3c5584071a628f190a54e8e20ceb31f04fd8831425e3bf07d00c36121fb
36,Pococera maritimalis,Pyralidae,Pococera,Pococera-maritimalis-COI,Insecta/Lepidoptera/Pyralidae/Pococera-maritimalis,17,25,3,34,24,1,1,Pinaceae,32,Larix laricina,379072.0,0be38e6334fcb0daa4a5ae61bc8c48dbed07cedea548a23d6869d68631a37606,8dcfa658387684576538806907fd5af7006e567c99040788b9a18dbabcf72bb2
37,Cosmorhoe ocellata,Geometridae,Cosmorhoe,Cosmorhoe-ocellata-COI,Insecta/Lepidoptera/Geometridae/Cosmorhoe-ocellata,37,44,6,149,128,1,1,Rubiaceae,77,Galium verum,87863.0,0c709f22e217d125cf7d6d76f053d4d00d726aba0b255c1209a24cca4e52d168,6ce025efb515eec43a49e36bdf13104f2d10d4cd24db89d963f1684ba4fcbdca
38,Xestia triangulum,Noctuidae,Xestia,Xestia-triangulum-COI,Insecta/Lepidoptera/Noctuidae/Xestia-triangulum,44,54,7,211,181,1,1,Rosaceae,118,Rubus idaeus,2982071.0,0c870fac5eef5083de3d2dfd121a3323013cd82de58d1a67abe4fba4ff943bac,07f6968cc5a3ba08a03852becb0df122f45d4b6bf559973420b00fffd3200b33
39,Phyllonorycter tenerella,Gracillariidae,Phyllonorycter,Phyllonorycter-tenerella-COI,Insecta/Lepidoptera/Gracillariidae/Phyllonorycter-tenerella,16,22,2,23,15,1,1,Betulaceae,29,Carpinus betulus,34291.0,0cd52acce0189bce53e4ceccacaee866b7eddf3cf4a9772dce6c0daf05f6e557,f078fef512e01e25a4cbf764d849b75d9beb0e4dabec30c99f91a38116ad803e
40,Parornix devoniella,Gracillariidae,Parornix,Parornix-devoniella-COI,Insecta/Lepidoptera/Gracillariidae/Parornix-devoniella,41,52,6,161,142,1,1,Betulaceae,40,Corylus avellana,47841.0,0e406683825c6a75411e7c2fa06178e4b5b3e1cae2ea146dcdc6cf063dc1ae58,096c730f4a97aa4540d07cc16cc299110d05ff8e985884052af7dac939a0bba3
41,Stigmella lapponica,Nepticulidae,Stigmella,Stigmella-lapponica-COI,Insecta/Lepidoptera/Nepticulidae/Stigmella-lapponica,25,32,4,68,54,3,1,Betulaceae,80,Betula nana;Betula pendula;Betula pubescens,21505.0;21582.0;21636.0,0e8a0dd9edd18d75a01904cac0829a6d2708ea4340b22e2a3b780c83d980642a,9f0ae635767174c1a05eb286f13d2ee6f81d3e39d72f39fb65470b7d306cb76c
42,Caloptilia rufipennella,Gracillariidae,Caloptilia,Caloptilia-rufipennella-COI,Insecta/Lepidoptera/Gracillariidae/Caloptilia-rufipennella,39,49,6,177,152,2,1,Sapindaceae,32,Acer campestre;Acer pseudoplatanus,2615447.0;2616276.0,0eea64529d8947404cf6bd92fe48d85a9513347c09564846fa3f835eae0d6ea2,e0d8fcea6620c533a4a08efdc894ea06326f9185a35495a5dc8efad927151199
43,Aethes rubigana,Tortricidae,Aethes,Aethes-rubigana-COI,Insecta/Lepidoptera/Tortricidae/Aethes-rubigana,12,15,2,17,10,3,1,Asteraceae,86,Arctium lappa;Arctium minus;Cirsium oleraceum,2900828.0;2922436.0;3042201.0,0fb92c50a079e53785d75797572277692f4c68cc0d4a93ffd758452b20bcbdf3,29a46ca8ba5e1eed5feec7b0f27eb2c23aee0ff69782f130f984a5de823c5ada
44,Melipotis fasciolaris,Noctuidae,Melipotis,Melipotis-fasciolaris-COI,Insecta/Lepidoptera/Noctuidae/Melipotis-fasciolaris,13,24,2,19,11,1,1,Zygophyllaceae,21,Guaiacum officinale,2833809.0,0fbbb4e44584ba6c7a3e45cd7322db00bd121d12e2d0d2a9bbd9da1463074fe8,3182a78430e93d2a902bfc24326ab5952396cebacc7efab62fc1715dedb46ead
45,Eupithecia ochridata,Geometridae,Eupithecia,Eupithecia-ochridata-COI,Insecta/Lepidoptera/Geometridae/Eupithecia-ochridata,17,23,3,32,23,1,1,Asteraceae,56,Artemisia absinthium,2909600.0,10adf7624b17066ee63743cfd08af4be63a877875bbfb00bdf567996a752ebdb,7568ebd6386661daf1d83236f3af1349a83e8fb267d3add9b2494571b51c8e79
46,Satyrus ferula,Nymphalidae,Satyrus,Satyrus-ferula-COI,Insecta/Lepidoptera/Nymphalidae/Satyrus-ferula,51,64,8,275,242,3,1,Poaceae,147,Deschampsia cespitosa;Festuca ovina;Helictochloa pratensis,407579.0;415853.0;468424.0,121387d91fd5e741d768be07ae5d85af470d1f88fd12eb4c302479e5985c1997,78caced70d1d9f79d28eb10a46fab91b678c37c6c25115e8dd1749f9ba7b77e0
47,Hednota longipalpella,Crambidae,Hednota,Hednota-longipalpella-COI,Insecta/Lepidoptera/Crambidae/Hednota-longipalpella,16,28,2,22,14,2,1,Poaceae,26,Hordeum vulgare;Secale cereale,419563.0;441740.0,124806c4b9157c21b1abd8a3944db2da2349eef31d5e64884a4f4cc0af7cc08f,29cf87464869804e9ce0904aa2027165d4172322ee4cd1fb71a9cb3da77976ba
48,Earias clorana,Nolidae,Earias,Earias-clorana-COI,Insecta/Lepidoptera/Nolidae/Earias-clorana,23,25,3,55,42,1,1,Salicaceae,35,Salix purpurea,2920630.0,132d4bda7e1368832cbd28818e89649db64f3e79fb31a8b7214ddc1d135abe06,f2502165a4f23429ee81c6cb6fa261255778a918b470ff74529def662df5d036
49,Achlyodes thraso,Hesperiidae,Achlyodes,Achlyodes-thraso-COI,Insecta/Lepidoptera/Hesperiidae/Achlyodes-thraso,14,28,2,19,12,2,1,Rutaceae,42,Zanthoxylum fagara;Zanthoxylum schreberi,2469306.0;2902523.0,13ab18b4e3f7b0c93ca00f2dd3395e3cd189e981c6bc53b9fc45cff825a64e0e,2a1d4f654e509725c19ffe099ee8fe5c8352c0c27d93c1385760d9cd8bef97ee
50,Aristotelia corallina,Gelechiidae,Aristotelia,Aristotelia-corallina-COI,Insecta/Lepidoptera/Gelechiidae/Aristotelia-corallina,14,56,2,21,14,2,1,Fabaceae,78,Chamaecrista nictitans;Vachellia farnesiana,2715030.0;2452405.0,13d9db1ac94c9d7c2b8208f7febdfd44b0bfc3e65c96289a2bdf6e2ca28218f7,24b521c0c77ad4ac4035a1453cff1c78b0a813732a9d70dc0859da6c5dd9c55d
51,Spathilepia clonius,Hesperiidae,Spathilepia,Spathilepia-clonius-COI,Insecta/Lepidoptera/Hesperiidae/Spathilepia-clonius,21,31,3,43,33,2,1,Fabaceae,28,Inga edulis;Inga oerstediana,2865225.0;2865547.0,14b2505136b88a91f1e6c135a02ff4261a9de57c3ac774732768503a336dbb50,f280a95e40071ab83957f51d87d608fb1c366e51406c36e3d4a08d4e08fb50f2
52,Cerastis leucographa,Noctuidae,Cerastis,Cerastis-leucographa-COI,Insecta/Lepidoptera/Noctuidae/Cerastis-leucographa,23,27,3,50,38,1,1,Ericaceae,62,Vaccinium myrtillus,2457648.0,15875bee75ffd284c24869628d89b5d0ce3d505769da13081bac833d6a404a26,88743cc5f989e4fc3b3f35b57ab78ab28e210ff690f6f83f59cefcd7d1f0811f
53,Pterapherapteryx sexalata,Geometridae,Pterapherapteryx,Pterapherapteryx-sexalata-COI,Insecta/Lepidoptera/Geometridae/Pterapherapteryx-sexalata,24,29,4,63,47,2,1,Salicaceae,105,Populus tremula;Salix bebbiana,2917379.0;2918866.0,158ec8045f75ff905cdddda41ed7a6fdabc5c29fbb2da7748291af7c2365e875,d24204c9972d67bab0f404897a339c8531414bef3e45a683460ea5efb076777c
54,Parornix vicinella,Gracillariidae,Parornix,Parornix-vicinella-COI,Insecta/Lepidoptera/Gracillariidae/Parornix-vicinella,12,20,2,17,8,1,1,Betulaceae,31,Betula alleghaniensis,21135.0,15a13e317c43500ecf51ddc35fd84b062b2dd0c02e92cdb33fa0897d94f0ec15,f8df88c407c3ac7fa2cc812fd988f5571f2977494931c8c432a348d307d46630
55,Crinodes besckei,Notodontidae,Crinodes,Crinodes-besckei-COI,Insecta/Lepidoptera/Notodontidae/Crinodes-besckei,82,163,12,640,593,1,1,Rhamnaceae,30,Gouania polygama,2831483.0,15c73ddd945241e6f1ec679adcca868c53e188a81c85ed67e924b0dc4c7bf532,9aa6f322d5de4eecdfda0f784c73c45e17123dd1445308e9d983f54b09f01738
56,Phyllonorycter nicellii,Gracillariidae,Phyllonorycter,Phyllonorycter-nicellii-COI,Insecta/Lepidoptera/Gracillariidae/Phyllonorycter-nicellii,30,36,5,94,75,1,1,Betulaceae,40,Corylus avellana,47841.0,15ebe8a266697162a2612f736b09bbd15f5d8387fb1e6e1bd6246062b099142e,d77c458ef595454c9df511ca20bb70c4cfd411e025f5517fe9ef97fe67787f9d
57,Anathix puta,Noctuidae,Anathix,Anathix-puta-COI,Insecta/Lepidoptera/Noctuidae/Anathix-puta,17,32,3,35,23,1,1,Salicaceae,57,Populus tremuloides,2917451.0,168360543d0a22fe41675a5b5c9e4fab75002b1538a787a31dffc862bc084997,131c9eac8db6ccba50a665a55cb4859b8a490730d343160204066ebef5d40900
58,Gypsonoma sociana,Tortricidae,Gypsonoma,Gypsonoma-sociana-COI,Insecta/Lepidoptera/Tortricidae/Gypsonoma-sociana,16,18,2,21,13,1,1,Salicaceae,59,Populus tremula,2917379.0,16f93a3435915e623e50041f2ba668f5ab5956c5436b58c47766beb09f7fb45f,066657e29b9b73c5d161048a788936267a155a9c872e5c8b141bbcc033c62224
59,Pennisetia hylaeiformis,Sesiidae,Pennisetia,Pennisetia-hylaeiformis-COI,Insecta/Lepidoptera/Sesiidae/Pennisetia-hylaeiformis,12,13,2,15,10,2,1,Rosaceae,118,Rubus fruticosus;Rubus idaeus,2980303.0;2982071.0,174541e6fddf0922b719594b0d2cffa1160c79ea891f5aa5a8737f74811ab142,824e7cf59a38c8479b019877ed42b4017328e8fba436be0fee4ac65bd178f207
60,Trifurcula subnitidella,Nepticulidae,Trifurcula,Trifurcula-subnitidella-COI,Insecta/Lepidoptera/Nepticulidae/Trifurcula-subnitidella,29,41,4,79,63,2,1,Fabaceae,72,Lotus corniculatus;Lotus pedunculatus,2345329.0;2345237.0,178a9bc0e6e14637a2c41fdd0e9f53553943801d8a10baf79875fabf39c9af9c,edd8c866670cdafe2b04cd51834d885bfad69de090a5bcc18754c7986e6ebc58
61,Acleris semiannula,Tortricidae,Acleris,Acleris-semiannula-COI,Insecta/Lepidoptera/Tortricidae/Acleris-semiannula,19,104,3,34,24,2,1,Betulaceae,48,Betula alleghaniensis;Betula papyrifera,21135.0;21557.0,17ecef64cd53a7d7b497c70789e0971d9f6e4379b682823d48f787ae0f0a29db,c352120689c27e66d8a4e8e2532687103b97d0a0b57cb6d16429afaa139b77ef
62,Elachista humilis,Elachistidae,Elachista,Elachista-humilis-COI,Insecta/Lepidoptera/Elachistidae/Elachista-humilis,41,58,6,160,138,1,1,Poaceae,143,Deschampsia cespitosa,407579.0,1832c98c1655779971f1348ff00fd4c31e05e7f73dd1c26e44d5f3ad399bf42b,044f67dbcf948038ed27202872d921b9ad092065124826016a8f9e7214fd87a6
63,Stenoptilia pterodactyla,Pterophoridae,Stenoptilia,Stenoptilia-pterodactyla-COI,Insecta/Lepidoptera/Pterophoridae/Stenoptilia-pterodactyla,17,18,3,35,23,1,1,Plantaginaceae,44,Veronica chamaedrys,2453651.0,18fbe8eaeebe4b0dfce74091000ef777f7b030ab87b919b9908d2b76a7186930,95edd71e5645a7c954a7c4e72176aad0d059ff044f4535a44d0f73b055008c5d
64,Pyrausta tyralis,Crambidae,Pyrausta,Pyrausta-tyralis-COI,Insecta/Lepidoptera/Crambidae/Pyrausta-tyralis,13,22,2,18,12,1,1,Asteraceae,39,Bidens pilosa,2925686.0,1927def28aae188cafbcc0525b6bbc4a2d6de8d3bafc76bccb36c9e3fdc49b52,c07055a747e0ccd68ba3392312d9d5bec9b3ede64bc1732c5c51a18371ebb70c
65,Hypoxystis pluviaria,Geometridae,Hypoxystis,Hypoxystis-pluviaria-COI,Insecta/Lepidoptera/Geometridae/Hypoxystis-pluviaria,14,17,2,19,12,1,1,Rosaceae,94,Comarum palustre,2943891.0,19298f3088000bccd4a133beda767fbaacb9a9ac9bb2b2f53005f4f46446090e,e8b910b6c782e7616e9c0b15ae498821fae19c8d90a6b9dc93f76ce79d5bc024
66,Aroga velocella,Gelechiidae,Aroga,Aroga-velocella-COI,Insecta/Lepidoptera/Gelechiidae/Aroga-velocella,27,28,4,69,54,1,1,Polygonaceae,80,Rumex acetosella,2424185.0,198c6b2d26c5200981c8cf581c3363b7ae57fae6219aad7b30549fc4010831db,a5fefba1bc79c2ed9a403c7463c950d97af0c055e42301dd457b4630465565af
67,Colias crocea,Pieridae,Colias,Colias-crocea-COI,Insecta/Lepidoptera/Pieridae/Colias-crocea,116,124,17,1249,1189,2,1,Fabaceae,67,Medicago sativa;Trifolium pratense,2369031.0;2440043.0,19f955329959bec0d83c46f806e584df91bba7d7d99ba05aa672cebd10246832,0bd34ec223507b0158ec63e65f5b5ca1495f1c125266192be57feac7b260739d
68,Archanara dissoluta,Noctuidae,Archanara,Archanara-dissoluta-COI,Insecta/Lepidoptera/Noctuidae/Archanara-dissoluta,12,14,2,16,10,1,1,Poaceae,224,Phragmites australis,433921.0,1aaca83628471e0dee6b82bfd19fbf506923963b52c44b92de6519af8b72eb06,2611fdb723b68ec648cbcb6bc15ae2e9d491899f246079b70fc49c60efa60ae9
69,Doxocopa pavon,Nymphalidae,Doxocopa,Doxocopa-pavon-COI,Insecta/Lepidoptera/Nymphalidae/Doxocopa-pavon,24,31,4,59,42,2,1,Cannabaceae,46,Celtis iguanaea;Celtis pallida,2708300.0;2708404.0,1b266424405b07dc9952c444d7a16c0a76a95abce694ce9a63ec527f1a2d4d1d,d90b486a5b8bcad7700ed2a22451c6189a469f6535c86477072c91ed69e1e4e0
70,Phyllonorycter distentella,Gracillariidae,Phyllonorycter,Phyllonorycter-distentella-COI,Insecta/Lepidoptera/Gracillariidae/Phyllonorycter-distentella,22,26,3,47,34,2,1,Fagaceae,43,Quercus petraea;Quercus robur,174374.0;174750.0,1b2d6dfdf5d0f3fb1cd0e15ab10df27c073122190d76dcd6180fcb052c546a97,555a48baa5f6845e389a7458cbf4afeeb613bc23427b05afda7f8d3eb4bda6ae
71,Ancylis burgessiana,Tortricidae,Ancylis,Ancylis-burgessiana-COI,Insecta/Lepidoptera/Tortricidae/Ancylis-burgessiana,35,63,5,115,95,3,1,Fagaceae,52,Castanea pumila;Castanea sativa;Quercus rubra,35028.0;35042.0;174902.0,1bbabf4c9465bda221024e67c4f8d7d53abe73afddd1e6c9ddf442b4a2d30cdf,15b83d6b98d308bfb9b975aa26e40b00659fb719350ba1081b3d9c71310fda06
72,Zophodia grossulariella,Pyralidae,Zophodia,Zophodia-grossulariella-COI,Insecta/Lepidoptera/Pyralidae/Zophodia-grossulariella,17,25,3,32,22,1,1,Grossulariaceae,23,Ribes uva-crispa,2426619.0,1bf750d6d38b7307e0d204db539dad37fe321d274c165a5319151f9d410e0e22,4a6c678af867d1e70e55941d7ed0ae496c59ff71436c86a82f5f36b7bbe26367
73,Phyllonorycter schreberella,Gracillariidae,Phyllonorycter,Phyllonorycter-schreberella-COI,Insecta/Lepidoptera/Gracillariidae/Phyllonorycter-schreberella,15,20,2,21,13,1,1,Ulmaceae,43,Ulmus minor subsp. minor,3258625.0,1c124e35ebef1bd5474c26048362b14e0bc045c65c1f59146470fb30ae0ec55f,b0f0bac85aa2eaa364d5671d0f7025057ab7a392871253f2fb4571e92b504109
74,Phyllonorycter comparella,Gracillariidae,Phyllonorycter,Phyllonorycter-comparella-COI,Insecta/Lepidoptera/Gracillariidae/Phyllonorycter-comparella,17,35,3,34,22,1,1,Salicaceae,43,Populus alba,2917735.0,1c954c2eafd0187a99df5617a9120e7cb2985087d92fac88ca44be8594d356d5,2fe4f3564fe591ee0af3515213d81dd770ac23d953d01def1f47d1a649b0860b
75,Endothenia marginana,Tortricidae,Endothenia,Endothenia-marginana-COI,Insecta/Lepidoptera/Tortricidae/Endothenia-marginana,15,18,2,19,13,1,1,Caprifoliaceae,35,Dipsacus fullonum,2771857.0,1d120d40d1cb576bd8e9d6a84ae65a5c2d625eed06d16197f4a2f90d99c36948,2d0d87670d84b0bcad3129e0851ca922ac736a8d19f5384520586c9ac1b4e22f
76,Eriopsela quadrana,Tortricidae,Eriopsela,Eriopsela-quadrana-COI,Insecta/Lepidoptera/Tortricidae/Eriopsela-quadrana,15,18,2,21,13,1,1,Asteraceae,58,Solidago virgaurea subsp. virgaurea,3101995.0,1d9ff7fdcc42b2aa01ca9c958497caa531552a0e4b0dba4b90694f679c3ba44d,5dabd1146c3fc8cc2a2aa9969051f54afefc663e3cd5f168fbf9d172086d69ab
77,Phoberia atomaris,Noctuidae,Phoberia,Phoberia-atomaris-COI,Insecta/Lepidoptera/Noctuidae/Phoberia-atomaris,18,61,3,34,22,1,1,Fagaceae,39,Quercus rubra,174902.0,1dc6d57396a55e1e56e5d65d021aa4d5b260704ba390be00611abc9bf83c9d64,75209a00eb1e2ed9180e2e200d916d1531dff188c9f9e0b10c217065bd1bfe03
78,Charaxes anticlea,Nymphalidae,Charaxes,Charaxes-anticlea-COI,Insecta/Lepidoptera/Nymphalidae/Charaxes-anticlea,15,24,2,17,12,3,1,Fabaceae,35,Mezoneuron benthamianum;Senegalia goetzei;Senegalia pennata,2368058.0;2998817.0;2998337.0,1dd11c1587bc3bc1b443fcde0eed04c54d9b48e25952e4b1af8889fbcb1ce847,4f53301f3969c46fdeddbf48d129540c6a28a4fa3706688e4a8e090aadf04f94
79,Lomographa glomeraria,Geometridae,Lomographa,Lomographa-glomeraria-COI,Insecta/Lepidoptera/Geometridae/Lomographa-glomeraria,16,24,2,25,16,2,1,Rosaceae,57,Prunus pensylvanica;Prunus virginiana,2961130.0;2962364.0,1ea567dee4b85491ac955ce1cc1ceebae38b331f86ba977a6156f08b5cfa0546,bd1883281e4aa8fa9e1f7e307db92294267abfd325265401147e279b70f98017
80,Bungalotis erythus,Hesperiidae,Bungalotis,Bungalotis-erythus-COI,Insecta/Lepidoptera/Hesperiidae/Bungalotis-erythus,26,34,4,64,50,3,1,Araliaceae,32,Didymopanax decaphyllus;Didymopanax glaziovii;Didymopanax morototoni,539386.0;61582.0;61597.0,1eca5ab177a3b37bdf6fe1f0866a23bee04a41862bf92236e751a178195ab1ff,aed69f102928b02d624185fe1afa2075ab61e09e21e4824145be9d175bfce1d7
81,Stigmella anomalella,Nepticulidae,Stigmella,Stigmella-anomalella-COI,Insecta/Lepidoptera/Nepticulidae/Stigmella-anomalella,25,28,4,58,45,2,1,Rosaceae,100,Sanguisorba minor;Sanguisorba officinalis,2990832.0;2902130.0,1f4f69b004fb01da246be03fb720f4e63f6708078d2b9c56eef755c54be0199a,95a431f181c64999dacde650721e0724f743c60e84eced3e384ce2194166bdc2
82,Panopoda carneicosta,Noctuidae,Panopoda,Panopoda-carneicosta-COI,Insecta/Lepidoptera/Noctuidae/Panopoda-carneicosta,27,52,4,67,53,1,1,Malvaceae,49,Tilia americana,2518218.0,1f59fe19d706f5708df12a8e2ae0eed48b206d301ca968dbb70258964065c292,99de1a83c76dfcd93c7f2f0171df16b299ec16dbbbf88d789ff89f6e1519ebc6
83,Autographa jota,Noctuidae,Autographa,Autographa-jota-COI,Insecta/Lepidoptera/Noctuidae/Autographa-jota,22,30,3,47,36,1,1,Asteraceae,50,Helianthus tuberosus,2927111.0,1f5c703c86f22fa3a2a98d1a4b3a9cfeb1128d7b5ef20f2896fdd5699f61a9cb,917605d837dfb0568b3b2ca975ca38888704124083f2b8dbb2a75599172c1f37
84,Chasmina tibialis,Noctuidae,Chasmina,Chasmina-tibialis-COI,Insecta/Lepidoptera/Noctuidae/Chasmina-tibialis,17,24,3,32,21,3,1,Malvaceae,130,Grewia occidentalis;Grewia serrulata;Hibiscus tiliaceus,2833265.0;2833411.0;2850615.0,1faf1e27cb7fdcfc06fc2f9b618ebd91bc76095eb9d3554d4518faf32afbe501,192d0dff501ff9862d833af4c52cb3bd2857556c86876956bd502e8aa1ab250b
85,Eupithecia tantillaria,Geometridae,Eupithecia,Eupithecia-tantillaria-COI,Insecta/Lepidoptera/Geometridae/Eupithecia-tantillaria,46,59,7,224,197,3,1,Pinaceae,51,Larix sibirica;Picea abies;Pseudotsuga menziesii,379148.0;380406.0;379633.0,1fb8c62be1c37c0faa4e6b61139cd68d4dd1c17c2c45978fa4f769292ac1ec23,af87bcc4f619318b7a5988f4229f234f9a2ec645fa2dc62da51f8a1882863d1e
86,Protorthodes oviduca,Noctuidae,Protorthodes,Protorthodes-oviduca-COI,Insecta/Lepidoptera/Noctuidae/Protorthodes-oviduca,22,45,3,40,30,1,1,Asteraceae,51,Taraxacum sect. Taraxacum,2916959.0,1fe4ac458a634bbc175ff41efab24d66e3f050d63de1de052c0ef78ded456146,ba887ee694ac29acc539e40ac0219acbc12f20e3a616c08bbdcbffdf6027b4a1
87,Noctua comes,Noctuidae,Noctua,Noctua-comes-COI,Insecta/Lepidoptera/Noctuidae/Noctua-comes,74,101,11,527,479,1,1,Ericaceae,40,Calluna vulgaris,2692970.0,1ffd781a1f00d988dc04599288ce9829c7c7525e97287a955502f324088c4562,4ead998be6d1587c5afbb7263544e2f22e2896ed0b89a253aa8f59bc1e50c389
88,Hypena deceptalis,Erebidae,Hypena,Hypena-deceptalis-COI,Insecta/Lepidoptera/Erebidae/Hypena-deceptalis,24,54,4,66,51,1,1,Malvaceae,49,Tilia americana,2518218.0,202bfd9cb4aafe44c84b9b21caf0146127492d1ca9203b92a0956592f1fb29a2,3ed18b415bb842e8b3844376110e0925f88f081043afac8a22b2ca47b548f97a
89,Zale metatoides,Noctuidae,Zale,Zale-metatoides-COI,Insecta/Lepidoptera/Noctuidae/Zale-metatoides,12,17,2,17,10,2,1,Pinaceae,38,Pinus banksiana;Pinus virginiana,380544.0;380091.0,20835de3ace98501a598691ee188cb1d98347dbee66a92af767dff0ddf6c9384,9c1d46065b518bc4f9af1f0c0ed6d0e28c03c97d8da86e1394b9b45e7b9b9ad9
90,Athrips pruinosella,Gelechiidae,Athrips,Athrips-pruinosella-COI,Insecta/Lepidoptera/Gelechiidae/Athrips-pruinosella,29,42,4,78,62,2,1,Ericaceae,93,Vaccinium myrtillus;Vaccinium uliginosum,2457648.0;2457998.0,210e708ad50284d736f8ed53440c6d66457e42814008e2d8d986df7ae316e0a5,1d6d9fc47a94c916e9f510d9883832af738271a60293a1b5d4aede7d84198091
91,Argyresthia brockeella,Argyresthiidae,Argyresthia,Argyresthia-brockeella-COI,Insecta/Lepidoptera/Argyresthiidae/Argyresthia-brockeella,21,22,3,36,28,1,1,Betulaceae,45,Alnus glutinosa,6364.0,219db114052d254a108824da69b07ff488a7fc7a31f45bdc68cb288ccbaf63f6,6fab0d5cf9df46a111e34f3b10802be5b46a23c2c749e90499ba766d42598ed5
92,Ancylis laetana,Tortricidae,Ancylis,Ancylis-laetana-COI,Insecta/Lepidoptera/Tortricidae/Ancylis-laetana,15,16,2,18,12,1,1,Salicaceae,59,Populus tremula,2917379.0,221a9cb0d162c78e08b4a323db2a2809ad62b0e5767d9d424df4e7a4ce435bbb,1d5b05fd041b0acbbcb3552cf0af82821df8a0a3539e911964f3448decc8c043
93,Balsa tristrigella,Noctuidae,Balsa,Balsa-tristrigella-COI,Insecta/Lepidoptera/Noctuidae/Balsa-tristrigella,16,68,2,22,15,1,1,Pinaceae,27,Picea laxa,381078.0,222e55a108ac3956d6495877d0882c11955ecbcadd1ddb6df05bc86a3f41e9c1,c14d1901ff110199c1172acada940941afa323d54f813a46a085be3812e1cdfb
94,Udea itysalis,Crambidae,Udea,Udea-itysalis-COI,Insecta/Lepidoptera/Crambidae/Udea-itysalis,17,23,3,38,26,2,1,Boraginaceae,35,Adelinia grandis;Mertensia maritima,3003699.0;2357688.0,224f32632a516d0f2edd106c400ba2a137c3e63fd60de7049f02fb844dcb039c,b069046d4fc3f567d50bef49979500252d9b3983d19339dfec6c17a798d70e27
95,Scopula ternata,Geometridae,Scopula,Scopula-ternata-COI,Insecta/Lepidoptera/Geometridae/Scopula-ternata,17,19,3,34,24,3,1,Ericaceae,98,Calluna vulgaris;Vaccinium myrtillus;Vaccinium uliginosum,2692970.0;2457648.0;2457998.0,23a2202326e31a23995380a5f1588d9b6711a1f2a4e941423fcb8eea4b41fdd8,d3689d140f5cfb6e5b230edb273f45efc80df3bcb1eee4f78f047d150851d1d0
96,Marathyssa inficita,Noctuidae,Marathyssa,Marathyssa-inficita-COI,Insecta/Lepidoptera/Noctuidae/Marathyssa-inficita,35,60,5,112,93,3,1,Anacardiaceae,65,Rhus trilobata;Rhus typhina;Toxicodendron radicans,2423483.0;2423458.0;2435203.0,23a9c3e5066c47e5ea98ea38ab05aba62f3cf095e6c221477f7e7ad09b85e29d,c695130f7d3f27f317388e4b033412383f54abec3fb63f5aebc6f478d038a948
97,Bondia comonana,Carposinidae,Bondia,Bondia-comonana-COI,Insecta/Lepidoptera/Carposinidae/Bondia-comonana,15,21,2,20,14,3,1,Rosaceae,58,Prunus domestica;Prunus persica;Prunus virginiana,2959531.0;2901279.0;2962364.0,23c47b9d3b2866a31a33630430d5b10c62d5d470ac45a710913f6910dd9fb04b,9140e04e8f32fa7901680556633563d24caf8fd0fa1707ad75afcad6de89f18f
98,Melipotis indomita,Noctuidae,Melipotis,Melipotis-indomita-COI,Insecta/Lepidoptera/Noctuidae/Melipotis-indomita,25,75,4,68,53,3,1,Fabaceae,24,Neltuma glandulosa;Neltuma pallida;Samanea saman,2383853.0;3293865.0;2592096.0,2442ac7a300075f7372c6f867074d57573096eb5e45d3848e20132c9aa38c98f,ddbe9c1773df9a3b8b1b78770f644aa83547631d921dafa273dfb508facc961f
99,Eupithecia gelidata,Geometridae,Eupithecia,Eupithecia-gelidata-COI,Insecta/Lepidoptera/Geometridae/Eupithecia-gelidata,23,29,3,49,37,2,1,Betulaceae,48,Betula alleghaniensis;Betula papyrifera,21135.0;21557.0,247ec151d2303dfea8b9adaaa1a9d7df2b05b84a959766586bb68b6140abc81f,034de9c9d05c0c8f558b7b995bd7c78bb1a578d7f1516efe9115a0557fe174cd
100,Epirrhoe rivata,Geometridae,Epirrhoe,Epirrhoe-rivata-COI,Insecta/Lepidoptera/Geometridae/Epirrhoe-rivata,14,15,2,19,11,2,1,Rubiaceae,79,Galium mollugo;Galium verum,86839.0;87863.0,24d834d6c7ee5162751fab34a9d08f60bdccef8349cb24cf87b588167118ef77,72d66619fa88aa2e69990fce412a027334858bdba2327e4cfb34aa86914b17a0
101,Gonodonta nitidimacula,Noctuidae,Gonodonta,Gonodonta-nitidimacula-COI,Insecta/Lepidoptera/Noctuidae/Gonodonta-nitidimacula,24,35,4,62,47,2,1,Piperaceae,39,Piper amalago;Piper peltatum,2559492.0;2569467.0,250fa299a32d3abd78ac184340768ce124d05c901836ad9faa4070e4b778f5a4,cca608c5637718725a6f25183eebf4a56ac4b463437750b58f7f74e8819bc5f3
102,Olethreutes tilianum,Tortricidae,Olethreutes,Olethreutes-tilianum-COI,Insecta/Lepidoptera/Tortricidae/Olethreutes-tilianum,14,30,2,18,12,1,1,Malvaceae,49,Tilia americana,2518218.0,251d07661e9b984caa60f0e65b5ede26cfc764de3673f0b98fa492de36aab187,bb0fe9f7155bb842a4e5bff70771a41afd161c1923af8169adac5ca52147895a
103,Acleris nivisellana,Tortricidae,Acleris,Acleris-nivisellana-COI,Insecta/Lepidoptera/Tortricidae/Acleris-nivisellana,36,47,5,119,100,3,1,Rosaceae,51,Malus domestica;Physocarpus malvaceus;Prunus pensylvanica,2950597.0;2952791.0;2961130.0,2550f8c06c9d37474821b044ae8872469b1cb87da6d2d7d6d9692f2f4438be6c,1225d29b71006304b05e94b46d1e60d4ecf5a699360fa08533223e802a6d08e5
104,Pyropteron chrysidiformis,Sesiidae,Pyropteron,Pyropteron-chrysidiformis-COI,Insecta/Lepidoptera/Sesiidae/Pyropteron-chrysidiformis,13,13,2,16,10,2,1,Polygonaceae,77,Rumex acetosa;Rumex scutatus,2424198.0;2424805.0,2576ce0f0683358514ca8e75df8bc3e99abd101d00d529930286a29075a82a20,2be00e49d0fa768db535feb4e8fcade075048e6891b36e4195fdd5896affba83
105,Batrachedra pinicolella,Batrachedridae,Batrachedra,Batrachedra-pinicolella-COI,Insecta/Lepidoptera/Batrachedridae/Batrachedra-pinicolella,21,30,3,41,30,1,1,Pinaceae,24,Picea abies,380406.0,25c3d851fbb32028302ed876397d8e4efdbfee8e885f1a0b702e13890c3d2543,9341c98a4fa731d5556c7493dd23b5160add01223172710d25533927d464fdd6
106,Patalene olyzonaria,Geometridae,Patalene,Patalene-olyzonaria-COI,Insecta/Lepidoptera/Geometridae/Patalene-olyzonaria,14,21,2,20,13,1,1,Cupressaceae,42,Juniperus virginiana,377287.0,26693a71a948f4fc88b4b71dfed873cd7c1901477a6209f4069f1663c366d02d,3ff906a5cd0ea14c1efc8e9ace60efb704deebb483ba930cc895deb5e43872e0
107,Agriphila inquinatella,Crambidae,Agriphila,Agriphila-inquinatella-COI,Insecta/Lepidoptera/Crambidae/Agriphila-inquinatella,31,59,5,102,83,1,1,Poaceae,62,Festuca ovina,415853.0,267140d2e20ee8bac5a48d422e789ad86fefbe306596f73d98927910b10e29c2,f292650bd55a3c9f697da4ce9cd50e9ddaeada3a1e3b0d9dd707fc5e3fe1c401
108,Apantesis vittata,Arctiidae,Apantesis,Apantesis-vittata-COI,Insecta/Lepidoptera/Arctiidae/Apantesis-vittata,18,58,3,30,21,1,1,Asteraceae,51,Taraxacum sect. Taraxacum,2916959.0,26c9394eb551740b83dc1487de78bee3a1a5a19aeb0816501a2dac457470e320,c1ec13d49604f13a9f6ccac676cc9f4d05e078cf3c66076bc452cc70762964ac
109,Acleris curvalana,Tortricidae,Acleris,Acleris-curvalana-COI,Insecta/Lepidoptera/Tortricidae/Acleris-curvalana,34,176,5,109,87,2,1,Ericaceae,39,Gaylussacia baccata;Vaccinium pallidum,2818325.0;2457276.0,26dd0064d2d21d0c796208e88a0bd62ed1d300a13d96d2f1161ecb77fa2b58f4,5707405da6852b2a39439fe46937b3b353cc835c6d0f2b17b6f3f9e76700a5f3
110,Elachista subalbidella,Elachistidae,Elachista,Elachista-subalbidella-COI,Insecta/Lepidoptera/Elachistidae/Elachista-subalbidella,28,49,4,66,53,1,1,Poaceae,43,Molinia caerulea,424761.0,26f7c3309a30aa562aecd5814cca1a1d78eb61f5f07d8176ced2194f073ca1d2,48a3fc22fd6486f838ec5f5fd87e7820c64586bbf3ee29327fce844c087cbc97
111,Xestia dolosa,Noctuidae,Xestia,Xestia-dolosa-COI,Insecta/Lepidoptera/Noctuidae/Xestia-dolosa,21,33,3,45,33,2,1,Poaceae,29,Hordeum vulgare;Zea mays,419563.0;450362.0,26fc1398ffc313f911870b11dbe4edbe790ad8a6bcff4fe118513ac17a5a16a6,73a919b923735686ff4a7d439dcaa736326c07aec0f4bef38bf5b1b3fd25d2c2
112,Erygia apicalis,Noctuidae,Erygia,Erygia-apicalis-COI,Insecta/Lepidoptera/Noctuidae/Erygia-apicalis,14,20,2,17,11,2,1,Fabaceae,32,Flemingia strobilifera;Ougeinia oojeinensis,2813413.0;2388434.0,287bf58fdd448d3606f7af3b6fe165993d903feed95529d5253862a84dc7c766,312146b097cb093ad35637eb195443c6a7164a144c2de45693b5681187b1f1b1
113,Euxoa aquilina,Noctuidae,Euxoa,Euxoa-aquilina-COI,Insecta/Lepidoptera/Noctuidae/Euxoa-aquilina,15,22,2,19,13,1,1,Amaranthaceae,44,Beta vulgaris,2675613.0,291210b6f53c3d077fb3de9dc494031c5234c8b993c6a96ad519affcd94613c5,8ed7fb63a0753f81c6655a3603fca6abeb50f4edd3e76d5209343001c5fdc605
114,Caloptilia cornusella,Gracillariidae,Caloptilia,Caloptilia-cornusella-COI,Insecta/Lepidoptera/Gracillariidae/Caloptilia-cornusella,35,76,5,111,95,3,1,Cornaceae,75,Cornus alternifolia;Cornus canadensis;Cornus sericea,47279.0;47300.0;47505.0,2982a296a0f3701fd4a7726df17120471575a4af9d995d257406c8e1724c6ace,987b0bef9cbab6b2768c7bcc6474e2df63de71f16ca8dbe319e2045dc2562f3c
115,Hypena baltimoralis,Erebidae,Hypena,Hypena-baltimoralis-COI,Insecta/Lepidoptera/Erebidae/Hypena-baltimoralis,59,201,9,337,302,3,1,Sapindaceae,35,Acer rubrum;Acer saccharinum;Acer saccharum,2616329.0;2616367.0;2616387.0,29b1c876bea238004eb4853aefce04f7c6dad3020bac6727cf0c1ad7cffea634,ed5aa786dcf7fa6dd4e99dc075a1a4126cb47c1b9b46eb837c88ca0e48500a07
116,Semioscopis avellanella,Elachistidae,Semioscopis,Semioscopis-avellanella-COI,Insecta/Lepidoptera/Elachistidae/Semioscopis-avellanella,15,19,2,17,11,1,1,Betulaceae,75,Betula pendula,21582.0,29d0d00ec65e8fe29b220c9a190fb5110aa08a9f8f7e24c44d8040b4e0cfc1e3,8d67c93b80c4025de7f9ab3766314d468da7884b6f5d400ce536c5332b2626db
117,Hemaris fuciformis,Sphingidae,Hemaris,Hemaris-fuciformis-COI,Insecta/Lepidoptera/Sphingidae/Hemaris-fuciformis,27,29,4,78,59,3,1,Caprifoliaceae,92,Knautia arvensis;Lonicera tatarica;Symphoricarpos albus,2334543.0;2340703.0;2486129.0,2b8317f79732058ecc8599c44dbc93bceff5d040680db2cda19f7e5a1de8625e,722dd1b24863cf7e24991419719f461eb9692af7f485be1a22b85033021e875e
118,Euplagia quadripunctaria,Erebidae,Euplagia,Euplagia-quadripunctaria-COI,Insecta/Lepidoptera/Erebidae/Euplagia-quadripunctaria,16,18,2,25,16,2,1,Asteraceae,50,Eupatorium cannabinum;Lactuca sativa,2926599.0;2912742.0,2bfbd3cfb524c8872ff63e22fac7d701944110a8f40b1fcb5c14427068e17a9a,b56440e649feb29e52b29c8a2554353143a207e4e1a47350308dfda90f3a7928
119,Pyronia cecilia,Nymphalidae,Pyronia,Pyronia-cecilia-COI,Insecta/Lepidoptera/Nymphalidae/Pyronia-cecilia,122,158,18,1308,1245,3,1,Poaceae,155,Brachypodium phoenicoides;Brachypodium retusum;Deschampsia cespitosa,399988.0;400076.0;407579.0,2cf2ac4aa8bfa4bf36a7b95e28454427496e023899e8fb69e4cf044220ab7e8a,92d75162ecc3cd260d94e4b830743fcb55f446801c377c69c3019b7c8d4f3f5b
120,Trifurcula eurema,Nepticulidae,Trifurcula,Trifurcula-eurema-COI,Insecta/Lepidoptera/Nepticulidae/Trifurcula-eurema,16,23,2,19,13,3,1,Fabaceae,72,Lotus corniculatus;Lotus hirsutus;Lotus pedunculatus,2345329.0;2346186.0;2345237.0,2dd6a37f27a31ccae151f4ec10b0179fab785fec35817f66d1f9672aeeb8f4d3,6b8f462b419bd45c094035f15c1330d2a5189c17bf50e97d0a025cc3e58e4a2c
121,Caenurgina crassiuscula,Noctuidae,Caenurgina,Caenurgina-crassiuscula-COI,Insecta/Lepidoptera/Noctuidae/Caenurgina-crassiuscula,56,121,8,275,248,2,1,Fabaceae,39,Lupinus perennis;Medicago sativa,2346839.0;2369031.0,2dfee32d9061adc526924714dbf8d5b5ba6849b501c2ef5507521bc719f2296f,5469645411d9eaa8b7f6500d327fef0573601f3932b5c50c9acff223423dce4a
122,Agonopterix propinquella,Elachistidae,Agonopterix,Agonopterix-propinquella-COI,Insecta/Lepidoptera/Elachistidae/Agonopterix-propinquella,19,21,3,38,28,1,1,Asteraceae,52,Carduus pycnocephalus,3041131.0,2e0a944cea950a765c75ef5a3beb24741530eb6f3edfd566df89e72af8d86a72,010b360ec3982a868f537c589033407a40f288281860bce8af32072b9f96f299
123,Stenoptilia zophodactylus,Pterophoridae,Stenoptilia,Stenoptilia-zophodactylus-COI,Insecta/Lepidoptera/Pterophoridae/Stenoptilia-zophodactylus,15,21,2,20,13,1,1,Gentianaceae,57,Centaurium erythraea,2708639.0,2ea7b04ff82c7810bb22a617371b08f8fda7c5903c232a4532d08a6f813088af,6a108c3ad7b3fbd75301d2cfd487cc1b2fa4a682126feba2141e1ddc17b80c3e
124,Phyllonorycter clemensella,Gracillariidae,Phyllonorycter,Phyllonorycter-clemensella-COI,Insecta/Lepidoptera/Gracillariidae/Phyllonorycter-clemensella,13,39,2,18,11,2,1,Sapindaceae,26,Acer saccharinum;Acer saccharum,2616367.0;2616387.0,2ecf223b92c80068bcd635ec0682b55d40b1a73138ed634c3d87b9f89388285f,967a811874f5d7f053d5b87ec2e02a3ffcf726fe20fcd9c1b781705a68e2eef1
125,Stigmella rhamnicola,Nepticulidae,Stigmella,Stigmella-rhamnicola-COI,Insecta/Lepidoptera/Nepticulidae/Stigmella-rhamnicola,23,77,3,48,37,1,1,Rhamnaceae,24,Rhamnus lanceolata,2524969.0,2f1e2477b04cbc46cfd5522195bf91933adf078c4431b99e4e02b4299241247d,621b98d806199e905ee4ae14b5c311c8ea8a12066d9d5898e83ca14e1a0c8e33
126,Phyllonorycter acerifoliella,Gracillariidae,Phyllonorycter,Phyllonorycter-acerifoliella-COI,Insecta/Lepidoptera/Gracillariidae/Phyllonorycter-acerifoliella,27,35,4,74,60,1,1,Sapindaceae,31,Acer campestre,2615447.0,2f6685b0ce96f27d2fbbba94db55dad9bd9ee71e65621c8ae2e4adfc3d93490f,ca0335021856a9d285a9ffa87aacea3cb70f335dd405c67dc1752d0e55c62331
127,Schreckensteinia festaliella,Schreckensteiniidae,Schreckensteinia,Schreckensteinia-festaliella-COI,Insecta/Lepidoptera/Schreckensteiniidae/Schreckensteinia-festaliella,27,63,4,69,55,2,1,Rosaceae,118,Rubus fruticosus;Rubus idaeus,2980303.0;2982071.0,2fa91e0a32e94ef01b7d490dbba00fd4987adbe6b4394219ad55cc5011143d44,1b49b5c398ff683edc0fdd19fb8084b9720f5b29989c3a9eaaae05142c273038
128,Mesoligia furuncula,Noctuidae,Mesoligia,Mesoligia-furuncula-COI,Insecta/Lepidoptera/Noctuidae/Mesoligia-furuncula,38,48,6,156,133,3,1,Poaceae,160,Arrhenatherum elatius;Deschampsia cespitosa;Lolium arundinaceum,395388.0;407579.0;422765.0,301cd7605da8a8b1db1e2cffaaa460ab42866ebe4012dfea768e5a7102aeee29,c755020c309f4787b746cf0bb521b20fc9e57a4afb55fbe53075e5b06e3f5f34
129,Elachista atricomella,Elachistidae,Elachista,Elachista-atricomella-COI,Insecta/Lepidoptera/Elachistidae/Elachista-atricomella,28,36,4,70,56,2,1,Poaceae,165,Dactylis glomerata;Deschampsia cespitosa,406640.0;407579.0,3067b0e22d821fc01c28fdc695999d0f74d47c8b8f5783b50807a6670b08ac5a,fdb434f1093b58e371e68480d4c217bc1f975b4ffd5d4ccaafd574078b4af140
130,Hypena bijugalis,Erebidae,Hypena,Hypena-bijugalis-COI,Insecta/Lepidoptera/Erebidae/Hypena-bijugalis,36,53,5,118,100,3,1,Cornaceae,63,Cornus alternifolia;Cornus nuttallii;Cornus sericea,47279.0;47451.0;47505.0,3088b34424c38bb6f636581c5f5c377e67f7f9ac44945e2bb0c75370992bd954,4067451aa317274fdc6b31417ed8cf27a708ea9b9bab3c9083a2bc78f395d26b
131,Quinta cannae,Hesperiidae,Quinta,Quinta-cannae-COI,Insecta/Lepidoptera/Hesperiidae/Quinta-cannae,44,105,7,195,170,1,1,Cannaceae,42,Canna indica,223906.0,30cb5a2168b2b084a09258226e693e7fd911c189a1332f7d9fc28f1b1ce4aa69,0fd56b22497db1b00981dd5f465e37fffe4c18e6251ab010b55eb616e3aa8c87
132,Apotomis sauciana,Tortricidae,Apotomis,Apotomis-sauciana-COI,Insecta/Lepidoptera/Tortricidae/Apotomis-sauciana,32,47,5,99,83,1,1,Ericaceae,62,Vaccinium myrtillus,2457648.0,31119e3480e9b0ba9aa6f64fc6f6ba68383db8dd4e0e1b88dfc6cdef75d50bf7,454957e2b684a3a594b8405e5880c23fafb0e9880803ae608441a9311c51a00d
133,Leucania comma,Noctuidae,Leucania,Leucania-comma-COI,Insecta/Lepidoptera/Noctuidae/Leucania-comma,23,28,3,47,35,1,1,Poaceae,113,Avenella flexuosa,398171.0,31378ce220e613527adb00db647c78eae1f81e43b633b71ec373e47e2eb82eeb,96dab417c4c32e0faef8ef45b082bd9e11126daa849689509ecf42c520e25d7c
134,Micrurapteryx kollariella,Gracillariidae,Micrurapteryx,Micrurapteryx-kollariella-COI,Insecta/Lepidoptera/Gracillariidae/Micrurapteryx-kollariella,13,15,2,16,10,1,1,Fabaceae,29,Cytisus scoparius,2754907.0,31cc72f7864547f873a2908c17ca6b4ee98bcc645438f125be5693811c465966,ff993fbe71d525fd825602c416db93cf8a7b17cdfe8cc828be8bb0b98cbb0390
135,Metalectra quadrisignata,Noctuidae,Metalectra,Metalectra-quadrisignata-COI,Insecta/Lepidoptera/Noctuidae/Metalectra-quadrisignata,18,29,3,35,26,1,1,Pinaceae,28,Tsuga canadensis,379363.0,325fd319b064dc957bfcffc6729541f39fd8ca4d504aef805fe870ed493585ef,aeb4d51e8d3127e671619546f123d63dc5a57a4ac070c6103136689cca50d1dd
136,Nothris verbascella,Gelechiidae,Nothris,Nothris-verbascella-COI,Insecta/Lepidoptera/Gelechiidae/Nothris-verbascella,22,24,3,43,33,1,1,Scrophulariaceae,55,Verbascum thapsus,2453334.0,327ed8002ec729ef5cf737121f9a86d445ee60e4f3b58b85dac0c2eedb4c57c9,17031fb466ba069c0740291649d3d97cc428113ac2d9a4b350ef6345fccee6c5
137,Leptocneria reducta,Lymantriidae,Leptocneria,Leptocneria-reducta-COI,Insecta/Lepidoptera/Lymantriidae/Leptocneria-reducta,14,40,2,19,13,2,1,Meliaceae,33,Melia azedarach;Toona ciliata,2505106.0;2515118.0,334688375fee93b51d7ece94c4dbf0d4b5162d5a98697175fea3270b38c1a226,8431af0352ea866f418a38dafacd01d77d2d1bcd80b02bbbf8a302e367f24fd5
138,Chamaesphecia empiformis,Sesiidae,Chamaesphecia,Chamaesphecia-empiformis-COI,Insecta/Lepidoptera/Sesiidae/Chamaesphecia-empiformis,16,17,2,22,14,1,1,Euphorbiaceae,31,Euphorbia cyparissias,79231.0,348e67831d2b71b47d074962488008fa6f4524505062b8b2852fdd3ea94f29ac,ffb12a537b486c768447dffd4d362d4fdfb4b8c61fdf22d1139e89c7e69b36e3
139,Coleophora glitzella,Coleophoridae,Coleophora,Coleophora-glitzella-COI,Insecta/Lepidoptera/Coleophoridae/Coleophora-glitzella,14,46,2,18,11,1,1,Ericaceae,82,Vaccinium vitis-idaea,2457314.0,34ef676815e010fed04bfc1f20c8d99b5f77526e082c0e63152a1d29a2e70be9,73a187de397220175a2029bbd728e1dcbcbe4e8df7656e66516a439b30a350a6
140,Deltote uncula,Noctuidae,Deltote,Deltote-uncula-COI,Insecta/Lepidoptera/Noctuidae/Deltote-uncula,18,19,3,42,30,1,1,Poaceae,143,Deschampsia cespitosa,407579.0,3520a2604de1efae230936e2529293da466203997c1e525bc066a7d2444c05f4,d8b696b8c0caa5446aaf71334e3c9693ac78f23bf9f93df9e59ba4f77e38258f
141,Phyllonorycter roboris,Gracillariidae,Phyllonorycter,Phyllonorycter-roboris-COI,Insecta/Lepidoptera/Gracillariidae/Phyllonorycter-roboris,43,70,6,175,152,2,1,Fagaceae,43,Quercus petraea;Quercus robur,174374.0;174750.0,353c04f6af1ba723ed43d0cad092d4c2b09ebe5057f5c55e4a2c99cd97a9520b,7f070b0035cc0ddc542fa6086daf81d41612295538c63ffc99a12b6e3fc50e8c
142,Caryocolum tischeriella,Gelechiidae,Caryocolum,Caryocolum-tischeriella-COI,Insecta/Lepidoptera/Gelechiidae/Caryocolum-tischeriella,17,22,3,33,24,1,1,Caryophyllaceae,38,Silene nutans,2488633.0,357bf11491f0dc8782db182b1487c014495e2ec2a56081ceb3faff5f8b9f06b9,64f785990908eeb7bf124e9d2d5589fe413a660968e148b68b7b0567b95c2dda
143,Scopula inductata,Geometridae,Scopula,Scopula-inductata-COI,Insecta/Lepidoptera/Geometridae/Scopula-inductata,52,107,8,274,241,1,1,Asteraceae,59,Ambrosia trifida,3119556.0,366096d57c1c526e507b2393350b9a3a71b2181bf5f729fc12c1560f81f503eb,9f08869bf7e69686edd5dc3f20873b537f4e9ddc54d0e37c685de8aa53607aec
144,Memphis artacaena,Nymphalidae,Memphis,Memphis-artacaena-COI,Insecta/Lepidoptera/Nymphalidae/Memphis-artacaena,20,28,3,39,27,2,1,Euphorbiaceae,28,Croton glabellus;Croton schiedeanus,49976.0;51113.0,369aac9ab4ccdc1470dedd990e334133eee0973498a395a4537b721fdc8c0849,48f13d5c337f9ae353164774611471ef9ac18d4bb92de29c588d3e9fa53c4956
145,Horisme tersata,Geometridae,Horisme,Horisme-tersata-COI,Insecta/Lepidoptera/Geometridae/Horisme-tersata,33,38,5,114,95,1,1,Ranunculaceae,33,Clematis vitalba,2726964.0,37c2036fad90149701cf908487071e0635c3f1710bab6ec0f33b7dabd0c0d75f,d7a58b8d971871abafe95391505481ec4f7097874ab05a317477c53800ff2d70
146,Agriphila selasella,Crambidae,Agriphila,Agriphila-selasella-COI,Insecta/Lepidoptera/Crambidae/Agriphila-selasella,13,13,2,14,9,3,1,Poaceae,71,Festuca ovina;Puccinellia maritima;Sporobolus maritimus,415853.0;438771.0;497640.0,38320fecdfede5b056dab525820a99407be973104861dc8e3726a1b8bfa8fb71,0d38e633f91db020f4fde273e0b73de9e3bf6e5d950f8ad80e5baca1679ff805
147,Hemistola chrysoprasaria,Geometridae,Hemistola,Hemistola-chrysoprasaria-COI,Insecta/Lepidoptera/Geometridae/Hemistola-chrysoprasaria,32,40,5,104,83,1,1,Ranunculaceae,33,Clematis vitalba,2726964.0,38f033c9b983c234b28e649542e16f8e515c61c214bbde099a274123b7fe7154,cf6dd28e6df4f023aa64795ef5fab06069da840a99e594a6e6542f8ff166bc85
148,Anaea aidea,Nymphalidae,Anaea,Anaea-aidea-COI,Insecta/Lepidoptera/Nymphalidae/Anaea-aidea,19,34,3,32,25,2,1,Euphorbiaceae,33,Croton capitatus;Croton soliman,49532.0;51206.0,39c477e78dfe2575afb1e4bdb7b2970dfdc5250e1733963ed0cd0129eca84391,411757e6c944552022cf01debc0789f3e9f6243cfb7d2236c6ec124bd6ad07ff
149,Pheosia portlandia,Notodontidae,Pheosia,Pheosia-portlandia-COI,Insecta/Lepidoptera/Notodontidae/Pheosia-portlandia,21,56,3,42,32,3,1,Salicaceae,57,Populus tremuloides;Salix hookeriana;Salix scouleriana,2917451.0;2918257.0;2920474.0,39dabefcda70b3ab7a6e06c8e5b65e114f4ba29bdf1fbaa4341600f877f3eb7e,ca4650331c4a867cf57bfe8b09eb2038414d2970f2946396ffe73b732229c976
150,Panthea coenobita,Noctuidae,Panthea,Panthea-coenobita-COI,Insecta/Lepidoptera/Noctuidae/Panthea-coenobita,23,23,3,47,35,1,1,Pinaceae,24,Picea abies,380406.0,3a071c4390a94360c49c40c63c987572931467aeb477404321e35aedcec68d63,faca3da4b18a2ac0fecb78865d872d4957c11de62d982dcd1ad056810c5b1cc6
151,Epermenia albapunctella,Epermeniidae,Epermenia,Epermenia-albapunctella-COI,Insecta/Lepidoptera/Epermeniidae/Epermenia-albapunctella,29,35,4,78,62,3,1,Pinaceae,59,Abies balsamea;Picea abies;Picea laxa,381647.0;380406.0;381078.0,3a09bcf26fda308e61f6dbba633c2acbc592f46db2d45acf385990fefac240fd,529cbbc6a5508113a568c776e694ff03d8d335dee65e2570304956d75c71dd51
152,Zelleria haimbachi,Yponomeutidae,Zelleria,Zelleria-haimbachi-COI,Insecta/Lepidoptera/Yponomeutidae/Zelleria-haimbachi,13,41,2,17,11,3,1,Pinaceae,46,Pinus banksiana;Pinus contorta;Pinus ponderosa,380544.0;379843.0;380358.0,3a4257e3c6557f283659bd9ac015da0b64d685fdf2cb220c9c86fb95d1dc2603,c08e8c403c1a7f457a7de1898989107a763a10424d61216adc053b297d1c2fb3
153,Paraswammerdamia lapponica,Yponomeutidae,Paraswammerdamia,Paraswammerdamia-lapponica-COI,Insecta/Lepidoptera/Yponomeutidae/Paraswammerdamia-lapponica,18,32,3,32,22,1,1,Betulaceae,25,Betula nana,21505.0,3ad433fdbdb6f0d9ea805b5245ddff9b394b7cf0a50bf6c9563d05fa5aa4654a,22e0b0a6628acc4342ccd53e4ba1ac5e369415902b9c353374f07dbfe0447259
154,Tethea or,Drepanidae,Tethea,Tethea-or-COI,Insecta/Lepidoptera/Drepanidae/Tethea-or,35,37,5,127,107,1,1,Salicaceae,59,Populus tremula,2917379.0,3af0954dd370f78e144ecda3dc5ff883ce0989242d61edbfd3635b57154f9250,f85f23008bfd1aaa52ea82a1087ca16bdd194a14b771ea325a396065bd24c596
155,Amblyptilia acanthadactyla,Pterophoridae,Amblyptilia,Amblyptilia-acanthadactyla-COI,Insecta/Lepidoptera/Pterophoridae/Amblyptilia-acanthadactyla,24,27,4,65,51,1,1,Lamiaceae,46,Stachys sylvatica,195698.0,3b13138b551e3d1ab6d09f038f99a206af9a84d690d755065a2a586932a173b2,a89845dda508c47210db1e83ecad25cba889cd2edb54b3b49bfbc604a92edb94
156,Cochylidia rupicola,Tortricidae,Cochylidia,Cochylidia-rupicola-COI,Insecta/Lepidoptera/Tortricidae/Cochylidia-rupicola,13,16,2,18,10,2,1,Asteraceae,50,Eupatorium cannabinum;Galatella linosyris,2926599.0;3100186.0,3baf1e5aa025836102f1715f526617386b0d1232497e3b6c6774fca7c222109e,a78283fe8127fba95786ce3c8a95a4b20d4adb647b3db05044ef2c0f74e6ac45
157,Oxyptilus pilosellae,Pterophoridae,Oxyptilus,Oxyptilus-pilosellae-COI,Insecta/Lepidoptera/Pterophoridae/Oxyptilus-pilosellae,34,44,5,106,88,1,1,Asteraceae,38,Pilosella officinarum,2927417.0,3c322dc0291f8d7de98f630d0064865c425728f93a03dcda475d2a816ebaf1ee,d97172c5cfa938a4d6b47bbabc8856ca59a495ef2959878ce8e35cb6b401c47f
158,Hypena humuli,Erebidae,Hypena,Hypena-humuli-COI,Insecta/Lepidoptera/Erebidae/Hypena-humuli,22,37,3,44,33,1,1,Cannabaceae,47,Humulus lupulus,2855039.0,3c375124ea6c7217b1775114cda4afae1736bfb136f18de859df173bdec44a00,fac2c3c98ea7b57a60d98dc3ec2ef643fef0e9952509ad0035c488c631e4abfc
159,Choreutis diana,Choreutidae,Choreutis,Choreutis-diana-COI,Insecta/Lepidoptera/Choreutidae/Choreutis-diana,15,20,2,20,14,1,1,Betulaceae,41,Betula papyrifera,21557.0,3c5d8ebd6caad94fcdf2866e72bd9682c0421cbb5eb07f5430bc4f5b66a82fb4,751363e2b8f18bf2c9c8d2ab05d2b4746ee49448a6c646aa77b0be5588254be7
160,Psara obscuralis,Crambidae,Psara,Psara-obscuralis-COI,Insecta/Lepidoptera/Crambidae/Psara-obscuralis,12,20,2,16,9,1,1,Nelumbonaceae,36,Nelumbo nucifera,2384945.0,3ce20c502b117d478155591609df7bdf4b3c98b88db4306293ba22447fb39bf5,ba47f907a9a7f631be5f929eb80a0964badba00574dbcb4e4eb6fd95e26aeefb
161,Aellopos titan,Sphingidae,Aellopos,Aellopos-titan-COI,Insecta/Lepidoptera/Sphingidae/Aellopos-titan,24,33,4,60,47,1,1,Rubiaceae,31,Randia aculeata,176132.0,3d497abd12dc9660d324d0e78d886fe589b21842b00d3c67a320d352c8300bdd,a0b43c8ef37346b94ea9dc7d59de4f2b47abbe8394c0c206e1a0fc38addf8460
162,Nystalea superciliosa,Notodontidae,Nystalea,Nystalea-superciliosa-COI,Insecta/Lepidoptera/Notodontidae/Nystalea-superciliosa,77,106,12,622,580,1,1,Burseraceae,34,Bursera simaruba,2687649.0,3d928a2ba44a662fcffed10df618e8bbc310f8efeee5930802f33482ee943e5f,fe303065e87fe6b6d5d9707c0cf97365b7d3f175d21b09482ebd77332572c419
163,Parornix anglicella,Gracillariidae,Parornix,Parornix-anglicella-COI,Insecta/Lepidoptera/Gracillariidae/Parornix-anglicella,35,46,5,124,100,3,1,Rosaceae,111,Crataegus monogyna;Fragaria vesca;Torminalis glaberrima,2921984.0;2948952.0;3016492.0,3e26edb89edf91c84e75482ac99dbb1b8cab0c995fbd2c8675148657765e334e,0b376626f2851d57da6764dd9a5556d142d582f8acb1d3c97ceb481eaa1e9b97
164,Eurema albula,Pieridae,Eurema,Eurema-albula-COI,Insecta/Lepidoptera/Pieridae/Eurema-albula,15,34,2,18,13,2,1,Fabaceae,45,Parkinsonia aculeata;Senna alata,2415662.0;2475546.0,3e889a540d3a076de884abe20b865e2d1f4d01d4f7065f9200a3cbb78929d9c1,201e49e731decd70cc9c998dd279f57f69badcbe7c7b989c8db3eac1cec49b71
165,Dioryctria banksiella,Pyralidae,Dioryctria,Dioryctria-banksiella-COI,Insecta/Lepidoptera/Pyralidae/Dioryctria-banksiella,12,33,2,16,8,1,1,Pinaceae,27,Pinus banksiana,380544.0,3ede5b013f5bd99d4e29cbb87900c24f98f8c3e1c29a41913bec8f46c0c87227,11eb6f8ffc673d50a38ec7f47b092d2bbea5f20fa0468d267a98fe0ee363ad7a
166,Apotomis albeolana,Tortricidae,Apotomis,Apotomis-albeolana-COI,Insecta/Lepidoptera/Tortricidae/Apotomis-albeolana,16,67,2,23,14,1,1,Betulaceae,41,Betula papyrifera,21557.0,3f849298683c39012f25fbad5626d8963f5173244da1349ec60a3045b320764e,bf97890afd023c42958a4e644258dc95b150b772513fa44fef213d54b77b56bb
167,Rhodophaea formosa,Pyralidae,Rhodophaea,Rhodophaea-formosa-COI,Insecta/Lepidoptera/Pyralidae/Rhodophaea-formosa,20,21,3,37,27,1,1,Ulmaceae,43,Ulmus minor subsp. minor,3258625.0,4072f8f35045afbfc91af1bc885df9dc2c80fd01c3ed73deb50c5ba20f01625b,baec7575174829f02fba58d694d2386a9e073294587d5f27db8a3b0203fea276
168,Apotomis inundana,Tortricidae,Apotomis,Apotomis-inundana-COI,Insecta/Lepidoptera/Tortricidae/Apotomis-inundana,15,16,2,17,12,1,1,Salicaceae,59,Populus tremula,2917379.0,412e5bbfa03ebac6945e2237e19a089794035fcb4ad80b47b01180f4ce830f1f,7c2a42074754673cf07a5b6a7aa8a266b5ef2a49a1d488d7db17f7e9f73df014
169,Tacparia detersata,Geometridae,Tacparia,Tacparia-detersata-COI,Insecta/Lepidoptera/Geometridae/Tacparia-detersata,13,24,2,17,11,1,1,Betulaceae,75,Alnus incana,6417.0,418ae3f9e3b8e88f67224f98d39423fba8ef2d26a0933582da2f244b7fbe458a,70314ac985fdb7c2432ed9f6cceaadd16b6ef4423b0cf059cc0737b8d0f69d4b
170,Colotis eris,Pieridae,Colotis,Colotis-eris-COI,Insecta/Lepidoptera/Pieridae/Colotis-eris,18,30,3,35,25,1,1,Salvadoraceae,38,Salvadora persica,2581806.0,41fe7b23c8b089c85b57fc749c6c8af5a9e513408305133ec2a2245ade9301b0,847604f896867bb0adb926172059c405df764678263d842fc03ce0718aafd44f
171,Catocala sponsa,Erebidae,Catocala,Catocala-sponsa-COI,Insecta/Lepidoptera/Erebidae/Catocala-sponsa,17,18,3,34,22,1,1,Fagaceae,42,Quercus robur,174750.0,42a88ee551621521fed5063a17e842e6a5ba4106bd3f3c1ab141a8ecf71db643,0b4148604a50c7d4cca9d2d341597f25faede371825239ee57a74f1e88d66e69
172,Papaipema baptisiae,Noctuidae,Papaipema,Papaipema-baptisiae-COI,Insecta/Lepidoptera/Noctuidae/Papaipema-baptisiae,14,24,2,19,10,2,1,Fabaceae,26,Baptisia alba;Baptisia tinctoria,2669488.0;2669567.0,436491837d6bbd88ec46c94df650d4fea3322a7ceb393bf45baa4cdb5e112a85,d67e027d36485019e325c787b328eea4ef39740cc9801aceb526c8953159acb8
173,Asthena albulata,Geometridae,Asthena,Asthena-albulata-COI,Insecta/Lepidoptera/Geometridae/Asthena-albulata,23,28,3,47,34,1,1,Betulaceae,40,Corylus avellana,47841.0,438cba819971b24d1264e5117c260001f9f5a76b66dc443f7ad812c4e06ac008,52357c921551d1da84aabf641b567a28f28cabe8b9b0a83418f62d66832caf3d
174,Stangeia xerodes,Pterophoridae,Stangeia,Stangeia-xerodes-COI,Insecta/Lepidoptera/Pterophoridae/Stangeia-xerodes,12,44,2,17,10,1,1,Cleomaceae,64,Cleome viscosa,2727669.0,44759f9c93d183bbce9385a0c68adb41994f3e17dc6b9f621612ff9bfb1a456e,3912ca6cf6239e4c2aca01270a5a62e2bd3b7eb41316bb18cde6a6adc8cc0803
175,Speyeria aglaja,Nymphalidae,Speyeria,Speyeria-aglaja-COI,Insecta/Lepidoptera/Nymphalidae/Speyeria-aglaja,70,78,11,517,475,3,1,Violaceae,57,Viola canina;Viola riviniana;Viola tricolor,2463879.0;2459647.0;2461201.0,447e2d08df7349712d06268c0810ad58c1942c15a19ceb6107337b85ebe7fa30,3e93b5f7a094f2c66ea624f6a1b1d29c6053411826d8d2c241ffcefe25fe430d
176,Eucosma cana,Tortricidae,Eucosma,Eucosma-cana-COI,Insecta/Lepidoptera/Tortricidae/Eucosma-cana,46,49,7,199,171,1,1,Asteraceae,64,Cirsium vulgare,3042723.0,44a25ec77da735042ea72c803a6cca5dee2547c039a6c534f0603c9b147b595d,4c061af04c19fb8153eb219da6534954b5de8ac10386e72715fda8b521bb3d31
177,Lithacodia muscosula,Noctuidae,Deltote,Lithacodia-muscosula-COI,Insecta/Lepidoptera/Noctuidae/Lithacodia-muscosula,33,80,5,106,87,1,1,Cyperaceae,125,Cladium mariscus,233412.0,454ae590d79c0edc4986e187710d1a6845321942f1831e2c465e079086b6ba6b,aaa980b3aa11976baf11376ffe603ca66d3eccb764b3211ad07cb431a407233a
178,Dryobotodes eremita,Noctuidae,Dryobotodes,Dryobotodes-eremita-COI,Insecta/Lepidoptera/Noctuidae/Dryobotodes-eremita,28,70,4,73,60,1,1,Fagaceae,42,Quercus robur,174750.0,45ae33870d49fe65025fb182968342e437baea3dd8ffdf78ea118ca7e621cd33,145f57941e1c06dd1ea0b737d77f05a74bb9a9ece1dcdb3d244ab89e451d4892
179,Ennomos quercinaria,Geometridae,Ennomos,Ennomos-quercinaria-COI,Insecta/Lepidoptera/Geometridae/Ennomos-quercinaria,23,29,3,52,38,1,1,Betulaceae,29,Carpinus betulus,34291.0,462a5d10d1a81dd172b382490e43600cf1e3392b4c3985a962f087707434ffd2,6d8953f88123f2f4d06fe3231d57354d392bccdf2373025f2d16c8288a5a183a
180,Parapoynx allionealis,Crambidae,Parapoynx,Parapoynx-allionealis-COI,Insecta/Lepidoptera/Crambidae/Parapoynx-allionealis,46,110,7,224,196,1,1,Haloragaceae,102,Myriophyllum spicatum,2366673.0,46d2e350d09396e80171c85357336e0b699869304404c6e8954431fb4ed2138b,46324398f23b2ca9a682e42bd20e77e52542f7e879786951c1d8f3c4c1b93787
181,Ephysteris subdiminutella,Gelechiidae,Ephysteris,Ephysteris-subdiminutella-COI,Insecta/Lepidoptera/Gelechiidae/Ephysteris-subdiminutella,25,169,4,67,52,1,1,Zygophyllaceae,45,Balanites aegyptiaca,19437.0,475097f5a101efa037e058ba690bf480d525ea59c6033c880ea16f24db57a3d1,07b3be833b396b33fd5d82486d5e7c91a92d46a46c8a82bbbcdaceaecfd491da
182,Hydriomena impluviata,Geometridae,Hydriomena,Hydriomena-impluviata-COI,Insecta/Lepidoptera/Geometridae/Hydriomena-impluviata,28,40,4,72,56,2,1,Betulaceae,91,Alnus glutinosa;Alnus incana,6364.0;6417.0,476c44c571a78d271b7789234d20061db4c7aa348dfe73d3964d9f7216bcc889,75daad545ecc610beb8026780054d0278e2ed5a4f952fa33af02b30e41250e1a
183,Nycteola cinereana,Nolidae,Nycteola,Nycteola-cinereana-COI,Insecta/Lepidoptera/Nolidae/Nycteola-cinereana,14,19,2,18,12,1,1,Salicaceae,57,Populus tremuloides,2917451.0,47bb6cc0d595b4c896b3d2afc94f8c5e3483154fb777bba02e9752413684fe93,ce724d770ef9905944dd29113c9014f78155d768cf34dd447f4908ec526ad09c
184,Acasis viridata,Geometridae,Acasis,Acasis-viridata-COI,Insecta/Lepidoptera/Geometridae/Acasis-viridata,18,26,3,36,26,1,1,Viburnaceae,21,Viburnum nudum,2455856.0,489e6043eef4daa9347ec39d2c3b4b2977c1c701dac8b31258eb4f1ca610db3e,3ea0fdd66373574fca3a3f02ad8db5c0a56a5060e20fe31160cb28e926ce86bf
185,Parornix scoticella,Gracillariidae,Parornix,Parornix-scoticella-COI,Insecta/Lepidoptera/Gracillariidae/Parornix-scoticella,20,20,3,47,34,2,1,Rosaceae,63,Aria edulis;Sorbus aucuparia,2942010.0;2991554.0,489ec78693c9f0a216d5c4f29b1b384430c9333296a38636c39ac23d9de55f03,786d9c59960274ade183fd89faa2bee1ccc217d01a8c8df4d4de2f2e9f50c207
186,Ectoedemia albifasciella,Nepticulidae,Ectoedemia,Ectoedemia-albifasciella-COI,Insecta/Lepidoptera/Nepticulidae/Ectoedemia-albifasciella,45,66,7,198,173,3,1,Fagaceae,44,Castanea sativa;Quercus petraea;Quercus robur,35042.0;174374.0;174750.0,49120f747a51ba8ffd7a733abfdf856a986cd4178283977ad10d7d5b250b4401,c971fc773c9b687c9a12dd84a4aadd450d2e0265a73d9a889896c970035e74a6
187,Euchoeca nebulata,Geometridae,Euchoeca,Euchoeca-nebulata-COI,Insecta/Lepidoptera/Geometridae/Euchoeca-nebulata,24,29,4,65,49,2,1,Betulaceae,91,Alnus glutinosa;Alnus incana,6364.0;6417.0,494ad51a851eba51a86bc29101580b650e3aaf50b877e9faf38909a7f07bc49b,fd6e793c5f402917a31df87dd0179a56c42f194eb954918f85266b6660cc39af
188,Odontosia carmelita,Notodontidae,Odontosia,Odontosia-carmelita-COI,Insecta/Lepidoptera/Notodontidae/Odontosia-carmelita,15,18,2,20,13,2,1,Betulaceae,79,Betula pendula;Betula pubescens,21582.0;21636.0,495fde0ec1ed5a766b75df6a33baf28a70ba2ca7e686ace8606f14b5e0baa232,9ef110ff1ccb94a85a3ea5c5fbd2baa50ed5f185d77127c4379b29a129023aba
189,Acleris macdunnoughi,Tortricidae,Acleris,Acleris-macdunnoughi-COI,Insecta/Lepidoptera/Tortricidae/Acleris-macdunnoughi,15,49,2,21,14,1,1,Rosaceae,35,Spiraea alba,2992604.0,496595df36c1c0944e5dab45e867b2bb86bb52975b5b9108dfc0a5d789d77ffa,52131cb8f672b83598357914f622f30015e5134de71c05e8d422b1acc056f14e
190,Incurvaria pectinea,Incurvariidae,Incurvaria,Incurvaria-pectinea-COI,Insecta/Lepidoptera/Incurvariidae/Incurvaria-pectinea,16,17,2,23,14,1,1,Betulaceae,75,Betula pendula,21582.0,49ae0a490123ce6699b11d1666801395ac6ba78ae59164738a9e08ac4eff8d4b,1c98217e4fb4196938f96aebcc86fc185c45fa70fc342881e4988e326ef822e9
191,Tarachidia erastrioides,Noctuidae,Tarachidia,Tarachidia-erastrioides-COI,Insecta/Lepidoptera/Noctuidae/Tarachidia-erastrioides,17,46,3,32,23,2,1,Asteraceae,139,Ambrosia artemisiifolia;Arctium lappa,2922382.0;2900828.0,4a3c9a247b0bffd9948fe74ba918a7c0511d29c7d93119449a3f7bd2ac2ab888,2c15c03ce75ad170c94ebf7114e4e027776d4615397b79cb9c02c340d9c3f027
192,Depressaria artemisiae,Elachistidae,Depressaria,Depressaria-artemisiae-COI,Insecta/Lepidoptera/Elachistidae/Depressaria-artemisiae,21,25,3,40,29,1,1,Asteraceae,103,Artemisia dracunculus,2901163.0,4aa34c066cb7a4f1581ed22eac1465bf84b9bf8196cdbe16eeed0d7e1a738875,fd19c74c24269606b9cef0007aef85a32fa04a074b5fdb3f844532d48333a0a5
193,Glyphipterix simpliciella,Glyphipterigidae,Glyphipterix,Glyphipterix-simpliciella-COI,Insecta/Lepidoptera/Glyphipterigidae/Glyphipterix-simpliciella,35,65,5,121,102,1,1,Poaceae,84,Dactylis glomerata,406640.0,4aa92197ff3b96bb5423b50826c409460daa1f40987ee848be2e83ca279c99e5,2415e2bd1fca03013ba5a32c4286df075845aaf1d676d1eb69faa53aed190bd9
194,Ancylis subaequana,Tortricidae,Ancylis,Ancylis-subaequana-COI,Insecta/Lepidoptera/Tortricidae/Ancylis-subaequana,25,31,4,67,50,1,1,Myricaceae,21,Myrica pensylvanica,2500825.0,4b513461a316401e200ebbe0ed0104961514d486db9a4e1a34d09b85ea618e57,7e67759cc94c63f0ef58d61e7107842876a0a8c87e5a11733ef04fa846e3a7fe
195,Coleophora alticolella,Coleophoridae,Coleophora,Coleophora-alticolella-COI,Insecta/Lepidoptera/Coleophoridae/Coleophora-alticolella,17,23,3,36,24,1,1,Juncaceae,23,Juncus squarrosus,315820.0,4b7ebb0ddcd09e344fa0c0e86202859b6fd65e655fd2332f02146e1680959b96,f5b1ca362739713cf4b9dcf7ece99065398ab8c05a8257bd77fed5aa1ccfdcf7
196,Phyllonorycter insignitella,Gracillariidae,Phyllonorycter,Phyllonorycter-insignitella-COI,Insecta/Lepidoptera/Gracillariidae/Phyllonorycter-insignitella,22,34,3,44,34,3,1,Fabaceae,79,Medicago lupulina;Medicago sativa;Ononis spinosa subsp. procurrens,2368448.0;2369031.0;2912782.0,4cb04d4147e63e77d2a44cc873a6ba9a93f5e14846a15abcb596ed422cd4e840,5edafa7e633d827e0a91c3226451aa8d06a01305d8861b75990b18137506f388
197,Eupithecia dodoneata,Geometridae,Eupithecia,Eupithecia-dodoneata-COI,Insecta/Lepidoptera/Geometridae/Eupithecia-dodoneata,30,41,5,107,84,1,1,Fagaceae,42,Quercus robur,174750.0,4d10c9b0b6522037505308c40c2551cad9df5fa0feed0a77cc48df30c2513953,8fd10fe42b907763841fc4bf059233a9b7c1152cf0c8c8abb007469d3b014280
198,Phyllonorycter heegeriella,Gracillariidae,Phyllonorycter,Phyllonorycter-heegeriella-COI,Insecta/Lepidoptera/Gracillariidae/Phyllonorycter-heegeriella,12,35,2,18,8,2,1,Fagaceae,43,Quercus petraea;Quercus robur,174374.0;174750.0,4d73fe3a928dd3269ae890bbea032e3fded3b688d5acbaef242c3c54ed4a3faa,839467ff66223b08d1a155c3b6bdc899e3dd41e605e9758fefa033170e672e09
199,Melipotis januaris,Noctuidae,Melipotis,Melipotis-januaris-COI,Insecta/Lepidoptera/Noctuidae/Melipotis-januaris,15,26,2,21,14,2,1,Fabaceae,33,Inga laurina;Inga ruiziana,2865412.0;2865679.0,4d779733c2524491b049e56b19c1f0f3adf14cb0ae60bc6ac46aaa1e7b3e7be6,3eb03c0728c17598b4f785c0277fb07df16c9b224d83c0f5d146de3649573114
200,Scrobipalpula tussilaginis,Gelechiidae,Scrobipalpula,Scrobipalpula-tussilaginis-COI,Insecta/Lepidoptera/Gelechiidae/Scrobipalpula-tussilaginis,12,15,2,18,11,1,1,Asteraceae,76,Tussilago farfara,2901763.0,4dab576f610567e4d466f03195ba488c23da8d06c8a2815166724582e849cf89,aac3bf44acca0987c802761579c50453f949cbe36e82779859e719c5546565a5
201,Lygephila pastinum,Erebidae,Lygephila,Lygephila-pastinum-COI,Insecta/Lepidoptera/Erebidae/Lygephila-pastinum,21,23,3,42,30,2,1,Fabaceae,75,Astragalus glycyphyllos;Vicia cracca,2659600.0;2452117.0,4dc91194feb003c0a63e8849f70865c3f9c46caedad1cf7ef3e610d1667b54f6,fc75d1f6603ccedc88c3a361667126ad2d92ad69be061a3fdc120822a0a85c7e
202,Carcharodus baeticus,Hesperiidae,Carcharodus,Carcharodus-baeticus-COI,Insecta/Lepidoptera/Hesperiidae/Carcharodus-baeticus,25,28,4,67,53,1,1,Lamiaceae,59,Marrubium vulgare,120952.0,4e41b6f0184fc44be6ea3c527e14bd5e5d3998683005009b6131f68da87c52c3,3b8c27e8ae002d1830494c27b5c82d6ce7596b968ee8e02370790991b9460e5c
203,Parornix torquillella,Gracillariidae,Parornix,Parornix-torquillella-COI,Insecta/Lepidoptera/Gracillariidae/Parornix-torquillella,49,89,7,250,222,1,1,Rosaceae,33,Pyrus communis,2963115.0,4ecff1f6fe7637b962f73ed071cbfbd39543807b58dd8751d8d435909227753f,0dee99e8d5a449b266e38c944d5502d1c8556001d1ddcba6a9d143984f6ca173
204,Hydriomena transfigurata,Geometridae,Hydriomena,Hydriomena-transfigurata-COI,Insecta/Lepidoptera/Geometridae/Hydriomena-transfigurata,15,39,2,21,14,1,1,Fagaceae,39,Quercus rubra,174902.0,4f0eae54a16573d0a75d44bd1af5e9b39e34c6de5db827e702ce1c3f82972648,ebda8746027dbf29d52ed53b66f86f10879561894d4f44019cd86cf55909b8dc
205,Ellida caniplaga,Notodontidae,Ellida,Ellida-caniplaga-COI,Insecta/Lepidoptera/Notodontidae/Ellida-caniplaga,23,44,3,47,37,1,1,Malvaceae,49,Tilia americana,2518218.0,4f1224494df69d4d36dbfb50e0df716cf5b7b863e2bd4c6e121c3f5dbbce1a88,843c3f4a3c3fc10eb88f8bc1231d42b4f2659f79a17346f0864987ca30b16843
206,Lapara bombycoides,Sphingidae,Lapara,Lapara-bombycoides-COI,Insecta/Lepidoptera/Sphingidae/Lapara-bombycoides,20,32,3,39,28,2,1,Pinaceae,34,Larix laricina;Pinus banksiana,379072.0;380544.0,4f2518ead59e9065ad073bd16ffb5c09cf575517662a270e6c250827c2a1e4f8,d70d2d09eaf495f196336f00767a08e79e0d9dbcb624ee08e1632b9bfab031b6
207,Fabriciana niobe,Nymphalidae,Fabriciana,Fabriciana-niobe-COI,Insecta/Lepidoptera/Nymphalidae/Fabriciana-niobe,81,97,12,638,597,3,1,Violaceae,57,Viola canina;Viola riviniana;Viola tricolor,2463879.0;2459647.0;2461201.0,4f7576001621bae5e8e4ba54c2f229af4316745ad231efeb872a17692a576723,4c1354fbb9d5bce3df8ff1ead881196f9849045efe9b775b41268168f0d80853
208,Callizzia amorata,Uraniidae,Callizzia,Callizzia-amorata-COI,Insecta/Lepidoptera/Uraniidae/Callizzia-amorata,59,220,9,348,310,1,1,Caprifoliaceae,39,Lonicera dioica,2340119.0,4f76e45a3f585dae26094e972f54d4b2d4dc0aa4c07dd6cb76357ad913dfc30c,4b5433375f9d5db845f9c6e813883c0f4f5fbecaa7706985b44a0efde6dc7c94
209,Odezia atrata,Geometridae,Odezia,Odezia-atrata-COI,Insecta/Lepidoptera/Geometridae/Odezia-atrata,23,26,3,51,38,2,1,Apiaceae,72,Anthriscus sylvestris;Conopodium majus,2641868.0;2735379.0,4f888a0723b74c19972b85ace545daef22414387a42672cfe002d95e40cf5ee1,100bb6a5b5949e6312718b4547aa25199215f1dd278d9e98f3482f5da28090ac
210,Prolita solutella,Gelechiidae,Prolita,Prolita-solutella-COI,Insecta/Lepidoptera/Gelechiidae/Prolita-solutella,14,19,2,21,13,1,1,Fabaceae,38,Genista tinctoria,2819641.0,5056c4d54f476cb086835da93ffa6cc5614730318b81e77d2b9f2196c8e308fd,5615aa837c6493c03ca36b2cf9b4ead9ee360cff881f4624b4b0b3d0a5dfbfc4
211,Astraptes alardus,Hesperiidae,Astraptes,Astraptes-alardus-COI,Insecta/Lepidoptera/Hesperiidae/Astraptes-alardus,26,37,4,72,57,2,1,Fabaceae,56,Aeschynomene sensitiva;Erythrina berteroana,2624395.0;2800786.0,5097c855efd3b6cfb98ae37a796e23a28fadf08b87871bde76e27a8704c57731,a4466726fe66e9316e5c8ba8cedafeca808b68e44a13fe020d1e96397b7d5297
212,Phyllonorycter apparella,Gracillariidae,Phyllonorycter,Phyllonorycter-apparella-COI,Insecta/Lepidoptera/Gracillariidae/Phyllonorycter-apparella,29,43,4,81,65,2,1,Salicaceae,60,Populus grandidentata;Populus tremuloides,2917577.0;2917451.0,51b94c665a7af2e8637c89b2ab11e6b3cde25e35f65b945c18cdf472700e932e,824d96a09a0b27d17cf120ed3023810111aef90f237301dae9f89bddf82d0369
213,Apamea monoglypha,Noctuidae,Apamea,Apamea-monoglypha-COI,Insecta/Lepidoptera/Noctuidae/Apamea-monoglypha,67,76,10,447,408,1,1,Poaceae,113,Avenella flexuosa,398171.0,522b566c245d7f5905c18545351a54816bfb18ff24e65313ef41d51b736fd7e4,7890413d25276832fc56944fe25fc56fcb09cbd100ec21248032fb4cfa1c3a82
214,Desmia ufeus,Crambidae,Desmia,Desmia-ufeus-COI,Insecta/Lepidoptera/Crambidae/Desmia-ufeus,21,47,3,45,34,2,1,Vitaceae,77,Cissus verticillata;Vitis vinifera,2723104.0;2457006.0,5263f6aa2087bed5dd31e5606e2f2b4ac73c38613aa60ec4c0fff3fddac82e8e,9b56d7ad3e2f29df5746c0d9faf8264104ebb1e6cf081104baa90ca9e945e889
215,Palpita unionalis,Crambidae,Palpita,Palpita-unionalis-COI,Insecta/Lepidoptera/Crambidae/Palpita-unionalis,20,39,3,40,30,3,1,Oleaceae,63,Jasminum officinale;Jasminum sambac;Olea europaea,351433.0;351647.0;355112.0,527678d71505388b6c1c054b3a2ed32686e7e7d5143eb579bc3c2b4cb03d9abf,bfb3b49f9448d43580ac72ded7c5799cd3a54562b6da15453524f326e9270bd3
216,Bucculatrix frangutella,Bucculatricidae,Bucculatrix,Bucculatrix-frangutella-COI,Insecta/Lepidoptera/Bucculatricidae/Bucculatrix-frangutella,13,16,2,17,11,2,1,Rhamnaceae,52,Frangula alnus;Rhamnus cathartica,2814031.0;2523018.0,52d9742fa2f39f7ac61d37beb91be3c896002ceb6412808b9035cac58bd0e4eb,964815413fe38e297ed5db0b337f44ea5edda53e03de44cdc683636cca9af500
217,Acosmeryx shervillii,Sphingidae,Acosmeryx,Acosmeryx-shervillii-COI,Insecta/Lepidoptera/Sphingidae/Acosmeryx-shervillii,13,17,2,18,11,3,1,Vitaceae,49,Ampelocissus indica;Leea guineensis;Tetrastigma leucostaphylum,2634371.0;2341143.0;2518940.0,53fe6d253615596159755fe3c5e64abb8cd1b6e7ac2e43e1fcecb5002f72bbd9,4c10e1690e6632f3652fbc743501e6dbcad881d653f11cc5712aa49d62d331cf
218,Tricholita signata,Noctuidae,Tricholita,Tricholita-signata-COI,Insecta/Lepidoptera/Noctuidae/Tricholita-signata,26,97,4,70,55,2,1,Asteraceae,110,Ambrosia trifida;Taraxacum sect. Taraxacum,3119556.0;2916959.0,541491fa2ff3f8b8ea4db2e9aa054fa23dbafbd8c3062f660e7404656394e192,56add8adafaf8af3525bc7ab872ddb405a494629f7e333b4e6585d49e6cf608c
219,Neofaculta infernella,Gelechiidae,Neofaculta,Neofaculta-infernella-COI,Insecta/Lepidoptera/Gelechiidae/Neofaculta-infernella,56,80,8,297,265,1,1,Ericaceae,48,Rhododendron tomentosum,2427484.0,54b4799e3b49066495dc50045928a01c9f53c8b19fc55fbaf31012aa73a5c786,bef858b292ba231065718a9f453ea62f24cd9804d355096e945ceddbba1601fb
220,Chionodes thoraceochrella,Gelechiidae,Chionodes,Chionodes-thoraceochrella-COI,Insecta/Lepidoptera/Gelechiidae/Chionodes-thoraceochrella,53,226,8,294,258,1,1,Fagaceae,39,Quercus rubra,174902.0,55081df1b3e5abff56f7fbe6b5492a5b76e3dd3d20bb8dbe17327b364a8a7166,d2fd262c065a55cbfff3d2a1db3cef0347a46b0976646277ff578e5314174674
221,Anchinia daphnella,Elachistidae,Anchinia,Anchinia-daphnella-COI,Insecta/Lepidoptera/Elachistidae/Anchinia-daphnella,12,16,2,17,10,1,1,Thymelaeaceae,35,Daphne mezereum,2757105.0,5568329471e91dea530d32bd15ca3baa18bcb5d242f97a0ea40deef573665133,0b713054e3645d01afd92f1dbc0d20c3fd1252070052863f0f084fb96f7389c0
222,Polygonia egea,Nymphalidae,Polygonia,Polygonia-egea-COI,Insecta/Lepidoptera/Nymphalidae/Polygonia-egea,21,22,3,40,29,1,1,Urticaceae,23,Parietaria officinalis,2546423.0,559ff16bf994b9d4cbdf95af81f47a11d207aafa9f45b9da55d2e2c19998c9d1,28d40b9e5abb1a3b42b560b4402806a98d7755fc941c44392f967125c19ce266
223,Eulamprotes wilkella,Gelechiidae,Eulamprotes,Eulamprotes-wilkella-COI,Insecta/Lepidoptera/Gelechiidae/Eulamprotes-wilkella,25,30,4,64,48,1,1,Caryophyllaceae,28,Cerastium fontanum,2710319.0,563cfaa266a8725214fd1ed226db5a2296bc67c845d68e2e204a22a5b2ef665c,74b65677812335bcf23765a1be2df14371d1bf4909bfc48fea00809901420055
224,Eulithis gracilineata,Geometridae,Eulithis,Eulithis-gracilineata-COI,Insecta/Lepidoptera/Geometridae/Eulithis-gracilineata,15,43,2,20,14,2,1,Vitaceae,81,Parthenocissus quinquefolia;Vitis vinifera,2548124.0;2457006.0,56eafe05f3844794f53e44f675b2f695fe9d6fb9b97f8e6b987783264558732f,26796477fd340da9199dbd7a38a8e63c47fabfdac3c421afa9a18243d0754759
225,Stictea mygindiana,Tortricidae,Stictea,Stictea-mygindiana-COI,Insecta/Lepidoptera/Tortricidae/Stictea-mygindiana,12,15,2,16,10,1,1,Ericaceae,82,Vaccinium vitis-idaea,2457314.0,5861f84b7a2784b7cf669b975afad8a8464f693dd543b64abec1dc938527b3c1,4cdb9156d813b5ddd9b9483b716a7361abf410f50b5bee7851b358890657ff6f
226,Neofaculta ericetella,Gelechiidae,Neofaculta,Neofaculta-ericetella-COI,Insecta/Lepidoptera/Gelechiidae/Neofaculta-ericetella,31,39,5,114,93,2,1,Ericaceae,40,Calluna vulgaris;Erica cinerea,2692970.0;2792920.0,58bc29459c34ab6bd5e2201e5b2a16ada2b9013bbaea27c55acd71705fd687e0,e3cd96950d940ea3f65642f78fe70fa672767202a447c6dc0c0b843d0f121a68
227,Horisme vitalbata,Geometridae,Horisme,Horisme-vitalbata-COI,Insecta/Lepidoptera/Geometridae/Horisme-vitalbata,28,34,4,79,64,2,1,Ranunculaceae,44,Clematis vitalba;Pulsatilla pratensis,2726964.0;2544208.0,591a8fd7f1801c951bf89207a9f7d4e963ef1d0af94bab7dbcb7f38d329849e3,39aab11354e5748cb3e82b6d6ed23aba5312e965e61c35d9100ca03cf0005beb
228,Gluphisia crenata,Notodontidae,Gluphisia,Gluphisia-crenata-COI,Insecta/Lepidoptera/Notodontidae/Gluphisia-crenata,19,22,3,43,31,2,1,Salicaceae,64,Populus tremula;Salix purpurea,2917379.0;2920630.0,59adb4b8632284f3c71b6371f7122d973ce5cf73750a66bd6afb0cfa40b3583a,4d2bbf839e789d5d7fe96c38e497c7a29155c733877f6180d7009a472fef2b9c
229,Donacaula forficella,Crambidae,Donacaula,Donacaula-forficella-COI,Insecta/Lepidoptera/Crambidae/Donacaula-forficella,14,20,2,18,11,2,1,Poaceae,38,Glyceria maxima;Oryza sativa,417855.0;426698.0,59ff9a753db201e9c7200b7e13eebdd47ae4b0fef68934ef2967253be5fdf683,e1e2eb50fd91b13c40012a75ac5e2be646273f753d9740ec15965bccb70d89d6
230,Phyllocnistis ampelopsiella,Gracillariidae,Phyllocnistis,Phyllocnistis-ampelopsiella-COI,Insecta/Lepidoptera/Gracillariidae/Phyllocnistis-ampelopsiella,30,72,5,106,85,2,1,Vitaceae,81,Parthenocissus quinquefolia;Vitis vinifera,2548124.0;2457006.0,5b0d7f9f0a3d9a1a91f765f73b1bbf422e212011014491807eb4dd7ba2973e07,a6d6c92a96148be8a1e748d62d8a8278587957cdbbce7d0a95eb6fdfb1f46940
231,Mompha raschkiella,Momphidae,Mompha,Mompha-raschkiella-COI,Insecta/Lepidoptera/Momphidae/Mompha-raschkiella,15,17,2,21,14,1,1,Onagraceae,136,Epilobium angustifolium,2790112.0,5b620f47b6bbcce568d49c1e93ea205f5b225b3e78160f8ff13aadfebf343999,6b320a0860b308b30dca437f8c271947f18eb44c274deee027fdf905b0ea74d3
232,Phyllocnistis saligna,Gracillariidae,Phyllocnistis,Phyllocnistis-saligna-COI,Insecta/Lepidoptera/Gracillariidae/Phyllocnistis-saligna,38,57,6,151,132,2,1,Salicaceae,58,Salix purpurea;Salix tetrasperma,2920630.0;2919524.0,5c06c5f848e6105f332f84644238fe109e50f1f6b18b18a4152549a8612ee7bb,4bd03add6e73372b1535e9cdb3f90f38bb901b3895608babb18fb8b3a9441cc6
233,Eupithecia lanceata,Geometridae,Eupithecia,Eupithecia-lanceata-COI,Insecta/Lepidoptera/Geometridae/Eupithecia-lanceata,19,21,3,38,27,1,1,Pinaceae,24,Picea abies,380406.0,5c23217ac40a1613b26abeb47ffa96d362ce0d09317f203fb002fb2457ecb2d4,33ab82150140b6001d394175d4077e3f8e75884231d88f8a5a5797469265c7e0
234,Catocala micronympha,Erebidae,Catocala,Catocala-micronympha-COI,Insecta/Lepidoptera/Erebidae/Catocala-micronympha,17,31,3,32,22,2,1,Fagaceae,28,Quercus stellata;Quercus virginiana,175243.0;175726.0,5d65b0821409cde7ce4c4e47e8aa573ca49ebe97f417578d291f70ac9e171042,865d503ddccc0b11020f8494edd1b027fd5ea83b228cee0795b8a3747d7b0a39
235,Phyllonorycter strigulatella,Gracillariidae,Phyllonorycter,Phyllonorycter-strigulatella-COI,Insecta/Lepidoptera/Gracillariidae/Phyllonorycter-strigulatella,53,76,8,276,249,2,1,Betulaceae,88,Alnus hirsuta;Alnus incana,6410.0;6417.0,5da935f194e987bf5518797b055fb19c257632624b2afb12ef9ea7f1a9e99e87,209be718f6e3e2aa958685b0ed6c5e5f53227fe5b228af43b4f6cf6e73ca8b89
236,Laeosopis roboris,Lycaenidae,Laeosopis,Laeosopis-roboris-COI,Insecta/Lepidoptera/Lycaenidae/Laeosopis-roboris,24,27,4,63,48,1,1,Oleaceae,33,Fraxinus excelsior,369664.0,5e9023a29cc3b631645b7e0f984fb0d6a4b8e56469488d068f3b766b140ae459,a1acdd50da687722473457a97c278937f81d584fa0fe26c9948091371b35f199
237,Eucosma aspidiscana,Tortricidae,Eucosma,Eucosma-aspidiscana-COI,Insecta/Lepidoptera/Tortricidae/Eucosma-aspidiscana,26,34,4,67,54,3,1,Asteraceae,78,Galatella linosyris;Solidago virgaurea subsp. virgaurea;Symphyotrichum novi-belgii,3100186.0;3101995.0;3103597.0,5eaf6c0ff80269eac9eb9adc428cb5c1642a14cdf28dd2702a2c03f9c504e4fa,27d163e451c83d3c2ef94d662c6d3a5e5d5b5b71433cc1b078f16680988b6dba
238,Dichrorampha alpinana,Tortricidae,Dichrorampha,Dichrorampha-alpinana-COI,Insecta/Lepidoptera/Tortricidae/Dichrorampha-alpinana,16,17,2,21,14,3,1,Asteraceae,146,Achillea millefolium;Leucanthemum vulgare;Tanacetum vulgare,2908230.0;3112766.0;2929189.0,5f8542262c33eade579675df6043411002252e1b986eccfc9c746e6e24da5079,3ccf83e1bd8414dd139a4b9972ecb5dab02607c0655da669ebf857d156184c71
239,Xestia badicollis,Noctuidae,Xestia,Xestia-badicollis-COI,Insecta/Lepidoptera/Noctuidae/Xestia-badicollis,24,50,4,64,50,1,1,Pinaceae,25,Abies balsamea,381647.0,5fb97bdf225db328aa699c8a97f405a1ec68aa5cbf69e281d46c5d64dc7c8f4f,fd277c54de02f2b22bf47154de21f76f7652fcc846cb5939733678674893a350
240,Holomelina laeta,Arctiidae,Holomelina,Holomelina-laeta-COI,Insecta/Lepidoptera/Arctiidae/Holomelina-laeta,26,54,4,73,58,1,1,Asteraceae,51,Taraxacum sect. Taraxacum,2916959.0,5fc9d8189e79234f6308690597a76968077b9ad8f8ff5dc1315a96c254f2ec3f,ce290a85a2e52dc6ed9a51a83ce762ac7d0bcad725ac93c36b2dae206ce25d00
241,Calamotropha paludella,Crambidae,Calamotropha,Calamotropha-paludella-COI,Insecta/Lepidoptera/Crambidae/Calamotropha-paludella,33,68,5,102,84,1,1,Typhaceae,160,Typha latifolia,271005.0,600fa57e9fb50a679ec01a3a7281ee8db922f75e7982acb846ffe68e177f06c8,db94e74cbc3202c65a20f6be3a0e9a39302102cf42eb38598318f8f4570a9712
242,Panemeria tenebrata,Noctuidae,Panemeria,Panemeria-tenebrata-COI,Insecta/Lepidoptera/Noctuidae/Panemeria-tenebrata,14,16,2,20,12,2,1,Caryophyllaceae,49,Cerastium fontanum;Stellaria nemorum,2710319.0;2482625.0,604489ad82c77938e90f5ebcd98fddc48555582b5464f3454badadfbf6562aa8,678ceb5b790b5a348f0bfb00642d9306542d6b151b5e9eda5515ebdb2daaeb22
243,Leuconycta diphteroides,Noctuidae,Leuconycta,Leuconycta-diphteroides-COI,Insecta/Lepidoptera/Noctuidae/Leuconycta-diphteroides,31,68,5,101,83,1,1,Asteraceae,44,Symphyotrichum lateriflorum,3103510.0,616c9a92e3293b3e8939c918dcb340d51790d6155aa32d63030a68016d946ce1,e9e330a612e470ded1e227d2e7216495c9a4144f826fcb932a3945dc0f49fd43
244,Acleris negundana,Tortricidae,Acleris,Acleris-negundana-COI,Insecta/Lepidoptera/Tortricidae/Acleris-negundana,16,30,2,22,15,1,1,Sapindaceae,49,Acer negundo,2616024.0,61f2705abbaf66bc3d46101bc837fff7313e484f2cb89eac94ec9ce9f93b8e0d,b39996362ee1cbe005f6eafdb0db3848f88e178c7840fd7a78833c0254d3cee5
245,Depressaria olerella,Elachistidae,Depressaria,Depressaria-olerella-COI,Insecta/Lepidoptera/Elachistidae/Depressaria-olerella,19,22,3,40,29,1,1,Asteraceae,140,Achillea millefolium,2908230.0,620100ff3fe5c2224710af931e542a865899062744fa2e24ac6b9026fbf5ec4f,6990432fddf59de3f6afee64cf08d1ca4ac617c1935250300f615c4986296ebf
246,Gelechia nigra,Gelechiidae,Gelechia,Gelechia-nigra-COI,Insecta/Lepidoptera/Gelechiidae/Gelechia-nigra,20,22,3,38,29,2,1,Salicaceae,72,Populus alba;Populus tremula,2917735.0;2917379.0,6290c2755dd6c30706e8995a7210114fadfb72fb782518a964daa0312f6fb931,0bcd1e7fbe09784d948937fbb7f4bc37920085f82b4825070fa20c96a856446a
247,Phyllonorycter muelleriella,Gracillariidae,Phyllonorycter,Phyllonorycter-muelleriella-COI,Insecta/Lepidoptera/Gracillariidae/Phyllonorycter-muelleriella,13,16,2,17,10,2,1,Fagaceae,43,Quercus petraea;Quercus robur,174374.0;174750.0,629640621feae52f35996b7436f9a6135551e05d316139f94208e659b00808db,c91d665d24ca6dbef1844ca35dd428c81f54cb910d56b0fdf46c4bea18c1821a
248,Acleris semipurpurana,Tortricidae,Acleris,Acleris-semipurpurana-COI,Insecta/Lepidoptera/Tortricidae/Acleris-semipurpurana,19,33,3,42,29,3,1,Fagaceae,41,Quercus alba;Quercus coccinea;Quercus rubra,171499.0;172244.0;174902.0,62ec67cea74a929ffed3e8bdb5c8e1fdae68294aedf3f22ab363653be8d6ba95,f0413f772d10337bad4bc3222cceabcb68f84e8f8da4430e9ff7edf6210d3d7d
249,Probole alienaria,Geometridae,Probole,Probole-alienaria-COI,Insecta/Lepidoptera/Geometridae/Probole-alienaria,38,88,6,150,127,1,1,Sapindaceae,27,Acer rubrum,2616329.0,6360539033d6af140659e4615ac60d4825e996faf901604499625fca6d1b9e72,7be11a919faee4a8afa679dfa4f1c4592e32eed4c6e207eeb4ec33b0d53b9111
250,Eublemma minima,Erebidae,Eublemma,Eublemma-minima-COI,Insecta/Lepidoptera/Erebidae/Eublemma-minima,16,26,2,21,14,3,1,Asteraceae,82,Pluchea odorata;Pseudognaphalium obtusifolium;Pterocaulon virgatum,3114679.0;2928972.0;3114916.0,638184ecaeafae6e63a8644a71c5f0bca83646e42ab34a6c09fc8065778530fb,a4ee81233a67cd488d56aacda4435aead1df9e5793f1529925f17ca0963eeed6
251,Emarginea percara,Noctuidae,Emarginea,Emarginea-percara-COI,Insecta/Lepidoptera/Noctuidae/Emarginea-percara,21,118,3,37,27,2,1,Santalaceae,36,Phoradendron californicum;Phoradendron leucarpum,2545436.0;2548198.0,63cce079e47bd27cb1e1157727faa75d89b3edfd2b5347f35a594ef2721f8f1a,588352dca707fa4aa1dd160c9384c936c813647fa34eb3d3f674084af23c3064
252,Capua vulgana,Tortricidae,Capua,Capua-vulgana-COI,Insecta/Lepidoptera/Tortricidae/Capua-vulgana,19,20,3,33,24,3,1,Betulaceae,48,Alnus glutinosa;Carpinus betulus;Corylus avellana,6364.0;34291.0;47841.0,63d1b66b785a40d4252cc03d28b520ad1898fe4cf73d633db6fca8f385267196,3540ea911a14783d8fe6fd1332b28d8b4268ebec45d89dbb0fa9700ecf98b5c7
253,Dichrorampha acuminatana,Tortricidae,Dichrorampha,Dichrorampha-acuminatana-COI,Insecta/Lepidoptera/Tortricidae/Dichrorampha-acuminatana,16,16,2,21,15,2,1,Asteraceae,65,Leucanthemum vulgare;Tanacetum vulgare,3112766.0;2929189.0,642edc3a39da481e1335c58c1405a46f5353ee4a8244bb7eebce11a55d390157,5d8f6235ed516bf0e88842946b3755da39785c66122af30d80f6f7355a1e1db3
254,Hyppa rectilinea,Noctuidae,Hyppa,Hyppa-rectilinea-COI,Insecta/Lepidoptera/Noctuidae/Hyppa-rectilinea,20,20,3,38,28,2,1,Ericaceae,103,Arctostaphylos uva-ursi;Vaccinium uliginosum,2647407.0;2457998.0,64323f17660ca2684ad62eba6f4f864de6ca25c9e3ca5b76892a8755ccf9cd54,e77cc4db5a47a3f0030ded40c6e130c9f06d56d107630c17549c882e9675c6d8
255,Apamea zeta,Noctuidae,Apamea,Apamea-zeta-COI,Insecta/Lepidoptera/Noctuidae/Apamea-zeta,56,125,8,299,266,1,1,Poaceae,43,Molinia caerulea,424761.0,6433d58ea2cfaef1f2840188203d0275e48ff3edf498f281ef78da63603c67fc,825ba9ecce37cddd306027b3ed25969c797fe2075291add987cc7074ff42ff24
256,Acronicta tristis,Noctuidae,Acronicta,Acronicta-tristis-COI,Insecta/Lepidoptera/Noctuidae/Acronicta-tristis,15,41,2,20,13,2,1,Fagaceae,44,Fagus grandifolia;Quercus rubra,83824.0;174902.0,64547a4af4d785be8f63fc80bf8fccbc7d362ce4aa4d7d66992f7a24c5f1978f,1bf665a6136e01f37666c33f0b03ea6d37b4c1fa61188cf8ed470efdb798de5f
257,Luperina testacea,Noctuidae,Luperina,Luperina-testacea-COI,Insecta/Lepidoptera/Noctuidae/Luperina-testacea,33,36,5,115,95,3,1,Poaceae,29,Avena sativa;Hordeum vulgare;Zea mays,397860.0;419563.0;450362.0,652da980108f8fc030616b885df0336e66510fb1add6eedd58f02e4a6d7098ff,95ff79f33ef2603db24112dc560c7a711dcb00957f8086e0887157a0468ac7c2
258,Stigmella luteella,Nepticulidae,Stigmella,Stigmella-luteella-COI,Insecta/Lepidoptera/Nepticulidae/Stigmella-luteella,31,39,5,98,83,3,1,Betulaceae,80,Betula nana;Betula pendula;Betula pubescens,21505.0;21582.0;21636.0,655ba37a33ae2d6f141fa0ea15248c8ea51af58233d57026c355339945d17ec6,1820ff70f20c92aa674b62525bef01c22a7b2ec0dca9767b25257c36492fa6c6
259,Pygospila tyres,Crambidae,Pygospila,Pygospila-tyres-COI,Insecta/Lepidoptera/Crambidae/Pygospila-tyres,13,28,2,18,11,3,1,Apocynaceae,25,Holarrhena pubescens;Tabernaemontana alternifolia;Wrightia arborea,99622.0;200557.0;214888.0,66d378ae78131ce74c3450971eea83da0187ea947252bff9d8e43b07c71e997a,1adc65479cfff52231ce16e7abe901b09721628fc32df7b340605b828ba4124a
260,Tethea ocularis,Drepanidae,Tethea,Tethea-ocularis-COI,Insecta/Lepidoptera/Drepanidae/Tethea-ocularis,24,29,4,67,53,1,1,Salicaceae,59,Populus tremula,2917379.0,67cf5facb66ff19a0acf043ce3b780e167ae153cb52b8e603237872ac6e81751,8bf6a7485ed197c174032e891d90263b1362682336a761369ae4b5d326be5bd5
261,Meganola strigula,Nolidae,Meganola,Meganola-strigula-COI,Insecta/Lepidoptera/Nolidae/Meganola-strigula,20,22,3,38,28,1,1,Fagaceae,42,Quercus robur,174750.0,690d1fea6798f3c21bd41dab923fd0425dc27c82537817f93ac84abfb3554354,3990a88517e38cd88ad4148c766734a40bb804e1744656093ef949859e2f43ac
262,Caloptilia falconipennella,Gracillariidae,Caloptilia,Caloptilia-falconipennella-COI,Insecta/Lepidoptera/Gracillariidae/Caloptilia-falconipennella,34,46,5,120,99,1,1,Betulaceae,45,Alnus glutinosa,6364.0,695ecef9a0710cdad2ac32e69ab168ed486b34355700a199577cf7716bd57f51,e10a4a222693276d8c65080431f174cdfc2f5d77b5d28fb10e0dd62ced7069f8
263,Hippotion roseipennis,Sphingidae,Hippotion,Hippotion-roseipennis-COI,Insecta/Lepidoptera/Sphingidae/Hippotion-roseipennis,19,26,3,43,31,1,1,Vitaceae,44,Cissus quadrangularis,2722833.0,69620223895b508772ea6949e681379447c98039e4d369459447197f674672c6,dd3411859ff60f1fb20d10f5965a2de5f582bbb25c17b4b8a7da0269a0e2d71e
264,Donacaula mucronella,Crambidae,Donacaula,Donacaula-mucronella-COI,Insecta/Lepidoptera/Crambidae/Donacaula-mucronella,18,20,3,35,25,1,1,Poaceae,35,Glyceria maxima,417855.0,699dbf1fe139d0ca304f13ba0f70d3cd6a0f3be2238ded9fea94c9dee449f715,d9d53e4828d9153ed647566a554463c2296563416b02b03633964d4a7b3e9626
265,Renia adspergillus,Noctuidae,Renia,Renia-adspergillus-COI,Insecta/Lepidoptera/Noctuidae/Renia-adspergillus,35,238,5,111,91,1,1,Ebenaceae,26,Diospyros virginiana,385000.0,69f0c51fae75c67a94f0edd42929dea788d953d24c3e3dd313211512d95defc8,d4c073e78dbc9ed5d9089331bd906008c1780ddd0dd3fe74517970c9d5bccafc
266,Hyperstrotia pervertens,Noctuidae,Hyperstrotia,Hyperstrotia-pervertens-COI,Insecta/Lepidoptera/Noctuidae/Hyperstrotia-pervertens,12,34,2,14,9,1,1,Ulmaceae,49,Ulmus americana,2450019.0,6a164b32cca73cc309a1ee16310c107b3910812baa3cdff919b872c2427e34f0,c8e7dd0d30562766cbfaf916de0a58f8bd0226de60be48c64786f3482e1100c1
267,Isognathus rimosa,Sphingidae,Isognathus,Isognathus-rimosa-COI,Insecta/Lepidoptera/Sphingidae/Isognathus-rimosa,49,91,7,223,198,3,1,Apocynaceae,27,Plumeria alba;Plumeria obtusa;Plumeria rubra,161520.0;161613.0;161631.0,6a4b31937030b69351b4e98f06546f97a76b5ee1fb4704284b31a342e0b371cd,7fd2023c79f4eb0597c8000492bc36c2dbcfed75e4f9ccb9a6d07d773f8cf85d
268,Episimus argutana,Tortricidae,Episimus,Episimus-argutana-COI,Insecta/Lepidoptera/Tortricidae/Episimus-argutana,28,39,4,77,61,2,1,Anacardiaceae,40,Rhus typhina;Toxicodendron pubescens,2423458.0;2435031.0,6a8ba641e658cf8fa3e2a3231aaaae22d5c22020cd44362b68216635e9d6644b,776a54d48de970d0e914158d53e898b445cdd20ff147ff29614bb467e7027f04
269,Xanthorhoe spadicearia,Geometridae,Xanthorhoe,Xanthorhoe-spadicearia-COI,Insecta/Lepidoptera/Geometridae/Xanthorhoe-spadicearia,51,74,8,274,237,2,1,Ericaceae,93,Vaccinium myrtillus;Vaccinium uliginosum,2457648.0;2457998.0,6a9f0536ceac83beea9c531bb68ead5d75766e414c9a2acdce8588da383d4424,2959907df03d055ab02b94d8ad1b4654b35a7ff0ece7e1f1ebe586718cb501e0
270,Dichrorampha plumbana,Tortricidae,Dichrorampha,Dichrorampha-plumbana-COI,Insecta/Lepidoptera/Tortricidae/Dichrorampha-plumbana,15,19,2,19,13,3,1,Asteraceae,146,Achillea millefolium;Leucanthemum vulgare;Tanacetum vulgare,2908230.0;3112766.0;2929189.0,6b71a22e0dfd4174f06ec89cc259a8436e3a571de8a1e2232a557c9c26bbb4ef,a9088eaef5e4cd3237f49007dd0e50f3768a79e48c1c7262fa73b4bcf5368af0
271,Aproaerema anthyllidella,Gelechiidae,Aproaerema,Aproaerema-anthyllidella-COI,Insecta/Lepidoptera/Gelechiidae/Aproaerema-anthyllidella,104,277,16,1188,1128,2,1,Fabaceae,35,Glycine max;Medicago sativa,2827366.0;2369031.0,6b920de3848ee4c48cb756d0ad8f145d28fa8e205cae7c52afb8e7c8fc5d2203,7b36afd2319308cc18cd10df95400f895fe3ff34284591bfc20908ac4fa0d975
272,Ancylis unculana,Tortricidae,Ancylis,Ancylis-unculana-COI,Insecta/Lepidoptera/Tortricidae/Ancylis-unculana,17,20,3,35,25,2,1,Rhamnaceae,52,Frangula alnus;Rhamnus cathartica,2814031.0;2523018.0,6b96d37b5a34fbe5d9988dca9363847c17ebe23c77eb7d7eed28b312a8afd3b8,b9a3d9d6998cb6aeec60ab615b21a81cf9ed4cc78eb23d142ea4937b0549b986
273,Stigmella betulicola,Nepticulidae,Stigmella,Stigmella-betulicola-COI,Insecta/Lepidoptera/Nepticulidae/Stigmella-betulicola,35,142,5,115,96,3,1,Betulaceae,80,Betula nana;Betula pendula;Betula pubescens,21505.0;21582.0;21636.0,6c7b5e58b5fcfc4b411f14f6c73124bb5f50409149d26e89caa0b79bfb49a85d,ec023440957703c5da9a755d75d2fb71d1c37e8176c4c81b9a1bacfa29e718ca
274,Cydia strobilella,Tortricidae,Cydia,Cydia-strobilella-COI,Insecta/Lepidoptera/Tortricidae/Cydia-strobilella,23,85,3,48,35,2,1,Pinaceae,24,Picea abies;Picea omorika,380406.0;380733.0,6d0383c4c44da19ef8e5ea5d8caefc8206fef2bbfc1d55cc5aa9a8faa7c89f9d,e1428ea6c71c2d41812a42a847e52364a192998c0e5fbae71461a6973011aabd
275,Meganola minuscula,Nolidae,Meganola,Meganola-minuscula-COI,Insecta/Lepidoptera/Nolidae/Meganola-minuscula,30,55,5,106,85,1,1,Fagaceae,37,Quercus alba,171499.0,6df4197c177e6bf3e693ae51f88dedfbed9c4c7948475b23443c6786c7d93e2f,320bc0a837d6b46f3403e51d375136b8352fd2c2c0407863253da8e87fde956d
276,Urbanus simplicius,Hesperiidae,Urbanus,Urbanus-simplicius-COI,Insecta/Lepidoptera/Hesperiidae/Urbanus-simplicius,25,32,4,67,54,2,1,Fabaceae,21,Phaseolus vulgaris;Tipuana tipu,2538166.0;2443477.0,6eb1f734dfa6debb131d9406f9e22ce4c8290ca4b4d50d64047b49d70cea161c,d8fc2f1d2a3fe70f560b8e138f3b318469382770555672a19947de96257adaca
277,Altenia scriptella,Gelechiidae,Altenia,Altenia-scriptella-COI,Insecta/Lepidoptera/Gelechiidae/Altenia-scriptella,15,17,2,24,17,1,1,Sapindaceae,31,Acer campestre,2615447.0,6edc2daab8934b0835461380d8b6ed5dddf02584b4c653fbdc826604447fe85e,7b63d0ea20528daac4ed94be7b6e8cea8e860cf1dacdf1ac113dd65d76fd770d
278,Centroctena rutherfordi,Sphingidae,Centroctena,Centroctena-rutherfordi-COI,Insecta/Lepidoptera/Sphingidae/Centroctena-rutherfordi,13,14,2,17,8,1,1,Convolvulaceae,60,Ipomoea cairica,480835.0,6f201d562f942214850e2674c23dce417b3d950fa78305f7e79ec6d0e6454ae3,3878b13c9ee37b9c566c8680d89ed0493a303594a0572a609b48af0170f96eda
279,Hypena proboscidalis,Erebidae,Hypena,Hypena-proboscidalis-COI,Insecta/Lepidoptera/Erebidae/Hypena-proboscidalis,45,53,7,213,184,1,1,Urticaceae,47,Girardinia diversifolia,2826122.0,6fb8d0edc529d07ca859c3d363306e4d433add852a4ef21ab8d3c6bba0df6030,9b625d5bbd2cce279bac0f327f1c607c9e38326998186775dde4ee1aea75875d
280,Cautethia spuria,Sphingidae,Cautethia,Cautethia-spuria-COI,Insecta/Lepidoptera/Sphingidae/Cautethia-spuria,62,201,9,367,334,1,1,Rubiaceae,47,Chiococca alba,39067.0,6fc0709da3584bb9dda56fb41983d70fde4fdaf0785001ac92205e4e16875616,c2b3decf0b8b3579062785f4abc995b5bd1d4d14d2fece451fa84ca8196633f3
281,Xanthorhoe abrasaria,Geometridae,Xanthorhoe,Xanthorhoe-abrasaria-COI,Insecta/Lepidoptera/Geometridae/Xanthorhoe-abrasaria,83,168,12,692,643,1,1,Rubiaceae,40,Galium mollugo,86839.0,70325220ac7bc5103052a2727e0e07cb3354b6fd3e03470d7518bb886d6b3c7e,fcf734e6981bfffb23b2cef36ba230f8ccc3f108599b205c7e6b8604989fe21f
282,Boloria euphrosyne,Nymphalidae,Boloria,Boloria-euphrosyne-COI,Insecta/Lepidoptera/Nymphalidae/Boloria-euphrosyne,109,124,16,1155,1098,2,1,Violaceae,64,Viola palustris;Viola riviniana,2459417.0;2459647.0,70a4f759ade97c0bb9632d818a96caeda5a4296d8570553206594becedbb256b,99d60f40ca42bbe03961d94ef9cf8c905e30be3c85ec3dcbde27983ed538eed0
283,Coleotechnites thujaella,Gelechiidae,Coleotechnites,Coleotechnites-thujaella-COI,Insecta/Lepidoptera/Gelechiidae/Coleotechnites-thujaella,26,49,4,66,49,1,1,Cupressaceae,27,Thuja occidentalis,378542.0,70b05c032ded005c95e97d46b2eecc0d93aad745fc9dbabefcbb04220d640a4d,38661c107eea0de02c688357df329b68df521a5c8d1d770eb58ca27152b7a1a8
284,Dioryctria schuetzeella,Pyralidae,Dioryctria,Dioryctria-schuetzeella-COI,Insecta/Lepidoptera/Pyralidae/Dioryctria-schuetzeella,13,14,2,16,10,1,1,Pinaceae,24,Picea abies,380406.0,7106f1aa0d4766a445779f7eadd86dd998d2d1836636012ec6b4d02c559ddf14,1df6f4cac93b643b3c02049d9d1fa65e741dc0242bb283ebc7c4391719be85f7
285,Thera obeliscata,Geometridae,Thera,Thera-obeliscata-COI,Insecta/Lepidoptera/Geometridae/Thera-obeliscata,77,111,12,638,590,2,1,Pinaceae,43,Picea abies;Pseudotsuga menziesii,380406.0;379633.0,71558b181fc1ac3615386d4fd497afc9eb4ae97dd96c515b07f6af8e5223c612,7c672796b28930ecc9185d92da52927300744f423fb6eb19b7db6f280e26d886
286,Callisto denticulella,Gracillariidae,Callisto,Callisto-denticulella-COI,Insecta/Lepidoptera/Gracillariidae/Callisto-denticulella,24,28,4,64,52,2,1,Rosaceae,42,Malus domestica;Malus sylvestris,2950597.0;2951044.0,73560086dc0a7485d8bc0eb6921b9d403daae0ce4f2dd702761be905ae5803a8,443adb3b9e2a3a3e4db8605d9fce98e06b72d61d59469f82dd8d012b502ef597
287,Aplocera plagiata,Geometridae,Aplocera,Aplocera-plagiata-COI,Insecta/Lepidoptera/Geometridae/Aplocera-plagiata,52,64,8,271,242,1,1,Hypericaceae,70,Hypericum perforatum,516286.0,735a4018e3ac5b43285a67071f3810b75d939d8ba7658d939e17f80ec8bfa752,06fd9571bb1614af3be836e02117c3f1aa235782a761c5bf63e957426b265018
288,Stigmella rosaefoliella,Nepticulidae,Stigmella,Stigmella-rosaefoliella-COI,Insecta/Lepidoptera/Nepticulidae/Stigmella-rosaefoliella,15,37,2,20,13,2,1,Rosaceae,37,Rosa setigera;Rubus trivialis,2974315.0;2989640.0,73bf69a52d400ce667cd435d97946484560d924e82c084d19dad43483e07e245,042de5d5458e26a30b2ea8ad32c743077288304a9f2d3e616ea48d8b9782cd30
289,Phyllonorycter emberizaepenella,Gracillariidae,Phyllonorycter,Phyllonorycter-emberizaepenella-COI,Insecta/Lepidoptera/Gracillariidae/Phyllonorycter-emberizaepenella,43,60,6,159,136,3,1,Caprifoliaceae,73,Lonicera tatarica;Symphoricarpos albus;Symphoricarpos orbiculatus,2340703.0;2486129.0;2486027.0,73f385e6a2caee3fe6773d66d3711435dc78cb3fcf7cf7f504e538cada64fd86,8be51bc34ff99b7ef38530e99cd343474fe1db211937c827f8488c3417be56e3
290,Semioscopis steinkellneriana,Elachistidae,Semioscopis,Semioscopis-steinkellneriana-COI,Insecta/Lepidoptera/Elachistidae/Semioscopis-steinkellneriana,20,23,3,39,27,1,1,Rosaceae,59,Sorbus aucuparia,2991554.0,74e69240c5cbc4aaf4ceb7c2e957be01339788f15adec742dbe75d972b82b020,cf830a4afd65f66686345c78ef96ce5dc21600cd37c65071cbd8d8aeba985933
291,Mompha terminella,Momphidae,Mompha,Mompha-terminella-COI,Insecta/Lepidoptera/Momphidae/Mompha-terminella,25,72,4,62,43,1,1,Onagraceae,38,Circaea lutetiana,2721837.0,756e1457fe6103b452c5f6b33d567a1ca1169e1819ae7a7632254df2194535ae,4366a1dd3ae23292d01095008bfd6b3ae6c3dd65b61a9a0ec09cffa2f5d9b240
292,Parornix finitimella,Gracillariidae,Parornix,Parornix-finitimella-COI,Insecta/Lepidoptera/Gracillariidae/Parornix-finitimella,26,41,4,71,56,1,1,Rosaceae,33,Pyrus communis,2963115.0,75c50bd688d9c3bc63e18108a06fb11e0545c521316567d8eae7a6ade2b88813,609fb89572bc2ece082f66ade84986e5ebf250421ae896ff4d022f3ab4e43c3e
293,Coleophora mayrella,Coleophoridae,Coleophora,Coleophora-mayrella-COI,Insecta/Lepidoptera/Coleophoridae/Coleophora-mayrella,21,35,3,42,30,1,1,Fabaceae,76,Trifolium repens,2439997.0,75ff86365f739bc017188d6dd0c69e71a5e90b87c7d87a8cbc313a85bf0451ca,4f0ada3df1c8f9537cb740bb91275b84a374c96bb3d7dda857b299b24fd1bbdb
294,Titaea tamerlan,Saturniidae,Titaea,Titaea-tamerlan-COI,Insecta/Lepidoptera/Saturniidae/Titaea-tamerlan,40,216,6,157,134,3,1,Malvaceae,37,Brachychiton populneus;Ceiba speciosa;Tilia platyphyllos,2681224.0;2707399.0;2517523.0,76ade619d93717d05d41b1d311a43d1f584ee2f70b91059e5dfb8f951d0f4a5a,78388ac966b4787e64a2af1e9a66884953d61c93bcd54c8e08c996a3db9b72e3
295,Anarta myrtilli,Noctuidae,Anarta,Anarta-myrtilli-COI,Insecta/Lepidoptera/Noctuidae/Anarta-myrtilli,20,21,3,39,29,3,1,Ericaceae,67,Calluna vulgaris;Erica cinerea;Vaccinium myrtillus,2692970.0;2792920.0;2457648.0,76c2962c13b1cd42581d25074d55d35e10b055555b3bff0c72a65726eb3b77af,34d0143aba0aa03cdbe6b90f3f9c82eb924ba21154ca3cf683759312fd040b80
296,Stigmella glutinosae,Nepticulidae,Stigmella,Stigmella-glutinosae-COI,Insecta/Lepidoptera/Nepticulidae/Stigmella-glutinosae,14,15,2,19,11,2,1,Betulaceae,91,Alnus glutinosa;Alnus incana,6364.0;6417.0,76cb906f3127778e0f2d436a68032174633cf340b9bc86ca4fba0d34e658bcd3,ee34cf6bccb51467ac8acf00a4c755a81463fc53c5bb24e3e6547d5917b3f65d
297,Aellopos fadus,Sphingidae,Aellopos,Aellopos-fadus-COI,Insecta/Lepidoptera/Sphingidae/Aellopos-fadus,15,38,2,21,14,2,1,Rubiaceae,33,Alibertia edulis;Genipa americana,6016.0;89085.0,776c0a9abfa768151a3c78c44173e7b815482f9ee999c5e63eba5310b1af2e69,413dad865e75d5c7987ff3fa7f017c2a9f1b2717612d937e149c74ce53cc58ba
298,Epiphora rectifascia,Saturniidae,Epiphora,Epiphora-rectifascia-COI,Insecta/Lepidoptera/Saturniidae/Epiphora-rectifascia,14,16,2,18,12,2,1,Rhamnaceae,53,Maesopsis eminii;Ziziphus mauritiana,2509037.0;2470728.0,786f57dbfd7e45af9154238220224e5dc7f55a113167335e1b2528a429c497e1,128e0c849c5a1a2f8b36b1c388a16acf9f4b551269e965e6556b88dc772b1d01
299,Ammalo helops,Arctiidae,Ammalo,Ammalo-helops-COI,Insecta/Lepidoptera/Arctiidae/Ammalo-helops,44,79,7,224,197,2,1,Moraceae,24,Ficus carica;Ficus pallida,2809827.0;2811616.0,78c99887e22d0b0ff6737068c210e131570b049866e62ef8279e8193c19fdc14,da6d1899da6fea3778dca3262988520ec69390e489b459de23248ddcb498f19e
300,Perizoma alchemillata,Geometridae,Perizoma,Perizoma-alchemillata-COI,Insecta/Lepidoptera/Geometridae/Perizoma-alchemillata,45,67,7,207,177,3,1,Lamiaceae,55,Galeopsis speciosa;Galeopsis tetrahit;Lamium purpureum,85436.0;85443.0;107573.0,795483e87702e0967cb7a96791cc1da5afd8d2f17300f591f78260b746d31331,640ae69ba9a9ae3cf60b608d6aeabec9bfc63957714449c2c879549e535d3090
301,Parapoynx stratiotata,Crambidae,Parapoynx,Parapoynx-stratiotata-COI,Insecta/Lepidoptera/Crambidae/Parapoynx-stratiotata,16,21,2,20,14,1,1,Haloragaceae,102,Myriophyllum spicatum,2366673.0,798028bf30c4f3ce165a033587d352dd84055b8f6b00136d4537668b2f8170a5,cf0291e4aa9b030eddf923af0db7cc72f8f2fa5d34df8d61c43e9304d19094d1
302,Cyaniris semiargus,Lycaenidae,Cyaniris,Cyaniris-semiargus-COI,Insecta/Lepidoptera/Lycaenidae/Cyaniris-semiargus,131,145,20,1782,1708,3,1,Fabaceae,89,Trifolium medium;Trifolium pratense;Vicia cracca,2439278.0;2440043.0;2452117.0,79dd0520244b39b560160a945951fc82475dceac159c5a128411b49db8e2293b,36d9937352ac0a4b7257a764a0b622aae9dc3d4b53eabb8142b9a5cdfb364db4
303,Udea decrepitalis,Crambidae,Udea,Udea-decrepitalis-COI,Insecta/Lepidoptera/Crambidae/Udea-decrepitalis,33,37,5,99,81,1,1,Polypodiaceae,92,Dryopteris carthusiana,3150274.0,7a47dbe188cdfc1166b6a12645461625a28087a1fb252c0123ca8f4a0a410b9f,4ed31d8997046ee98f8bdb1899059f5f211e36321f331fcd4ddcb3436080d0ad
304,Monochroa tenebrella,Gelechiidae,Monochroa,Monochroa-tenebrella-COI,Insecta/Lepidoptera/Gelechiidae/Monochroa-tenebrella,16,17,2,21,14,1,1,Polygonaceae,80,Rumex acetosella,2424185.0,7a7a998f0809963d007b153ae23a44e9c8129ae63bc75b3b3c744b084b8e2b40,12cb234ec1ae853e369e2970c72db4b408b9b943587079654672dc2143ac48b2
305,Ectoedemia sericopeza,Nepticulidae,Ectoedemia,Ectoedemia-sericopeza-COI,Insecta/Lepidoptera/Nepticulidae/Ectoedemia-sericopeza,12,13,2,15,10,2,1,Sapindaceae,41,Acer campestre;Acer platanoides,2615447.0;2616254.0,7b094e7023b9555211b334670454d7158a6fc79a4780d8a11b793c1b39f72e60,451432281cdb1067eb4a714fb507cb03c113c9a23045fb404be097201c5670ee
306,Platyptilia calodactyla,Pterophoridae,Platyptilia,Platyptilia-calodactyla-COI,Insecta/Lepidoptera/Pterophoridae/Platyptilia-calodactyla,17,21,3,31,22,1,1,Asteraceae,58,Solidago virgaurea subsp. virgaurea,3101995.0,7b19ab523583a05af649eb2dafdd1b5959d46451ca034442d4b6ef440a2fc30c,582c469de95f05293ee34414314cd725a720d0b166396cd1fc4eaacfbc817c6d
307,Caloptilia cuculipennella,Gracillariidae,Caloptilia,Caloptilia-cuculipennella-COI,Insecta/Lepidoptera/Gracillariidae/Caloptilia-cuculipennella,26,29,4,71,57,3,1,Oleaceae,46,Fraxinus chinensis;Ligustrum vulgare;Syringa reticulata,369612.0;353907.0;356262.0,7b678558d1f40bac246094ecfd09df6e413415247e4ed3d1ed626ca19b1565b4,875f45be533ca0737b2e0e2cec1b961893395d9ea57c208d3b1b9b397f54f89f
308,Salbia haemorrhoidalis,Crambidae,Salbia,Salbia-haemorrhoidalis-COI,Insecta/Lepidoptera/Crambidae/Salbia-haemorrhoidalis,12,51,2,15,9,2,1,Verbenaceae,41,Lantana camara;Lantana montevidensis,107934.0;108181.0,7ba1e393b288290856410a346dd8bd91367f9ab9a335b317e3ecfe86e0d739f1,1e4dcb616b319b14bdd2e636b03989ee559bbf2978043d5d52055b5b9d395167
309,Dioryctria sylvestrella,Pyralidae,Dioryctria,Dioryctria-sylvestrella-COI,Insecta/Lepidoptera/Pyralidae/Dioryctria-sylvestrella,22,22,3,44,34,2,1,Pinaceae,34,Picea abies;Pinus kesiya,380406.0;379672.0,7cc7a59fe4ce6537089e252479c794dc1fa60992af230f754ce83aa92b7b7f82,bd8904ba41c4d1dfbece8714844d5f42935ae3aff04732772083a447259ef0b2
310,Pseudorthodes vecors,Noctuidae,Pseudorthodes,Pseudorthodes-vecors-COI,Insecta/Lepidoptera/Noctuidae/Pseudorthodes-vecors,29,52,4,77,61,3,1,Asteraceae,146,Achillea millefolium;Symphyotrichum ericoides;Taraxacum sect. Taraxacum,2908230.0;3103276.0;2916959.0,7ce8a55943caaae411acefd18919510695de37db18d5f0cbb4c41dab229be7e8,0ce50ad6fb7b137361dadcaeff2cd6522e7f5b2654e99aa36caa292cf755a235
311,Chilo orichalcociliella,Crambidae,Chilo,Chilo-orichalcociliella-COI,Insecta/Lepidoptera/Crambidae/Chilo-orichalcociliella,31,145,5,114,95,3,1,Poaceae,47,Eleusine coracana;Saccharum officinarum;Zea mays,410607.0;439977.0;450362.0,7d575b58034e29cf85c251883cdd95e95b67545a6e20049ec490d55580df9057,b1a9a9b12f9bb4be86d53170a6e916dd9476e76563853461e1799c2e161c8925
312,Ancylis myrtillana,Tortricidae,Ancylis,Ancylis-myrtillana-COI,Insecta/Lepidoptera/Tortricidae/Ancylis-myrtillana,35,37,5,119,100,2,1,Ericaceae,93,Vaccinium myrtillus;Vaccinium uliginosum,2457648.0;2457998.0,7db75b300b7e77486d5035b202ac3e58176fd5b7d252576c06771946ef392e26,07057b56ced9937e4496b09cd161fc505e21bf7dd50a99c0d5699a62b9d95481
313,Erebia meolans,Nymphalidae,Erebia,Erebia-meolans-COI,Insecta/Lepidoptera/Nymphalidae/Erebia-meolans,37,49,6,146,122,3,1,Poaceae,85,Festuca iberica;Festuca ovina;Nardus stricta,415405.0;415853.0;425445.0,7dc3ccd1bfb36b94188893ffea858a7d9b5272ba3d9f1208ade5eda5dccbf10f,4ca62bca54c70aebc6a6ab817b31217bc7823c207e4b76d0cba9b29d46b49e91
314,Papaipema pterisii,Noctuidae,Papaipema,Papaipema-pterisii-COI,Insecta/Lepidoptera/Noctuidae/Papaipema-pterisii,13,26,2,17,10,1,1,Dennstaedtiaceae,75,Pteridium aquilinum,2931242.0,7dcb1cf13c68ab2ecee0eb415efe68b2490069d8b5c930a349cd56b19b021a2e,43d9c8734c0750ddfb21547828638f30da6f6ceee37825a5cca797d0fa039d05
315,Trichodezia albovittata,Geometridae,Trichodezia,Trichodezia-albovittata-COI,Insecta/Lepidoptera/Geometridae/Trichodezia-albovittata,69,186,10,471,431,1,1,Onagraceae,136,Epilobium angustifolium,2790112.0,7e03da832df60ebed0503460d6b37419d413b590fd94d385e64586f444b72aa1,b3ac49d30722d5dfb61fe6b51348dbfcde7734c8c2dd572b045e58d1ce23c047
316,Agonopterix angelicella,Elachistidae,Agonopterix,Agonopterix-angelicella-COI,Insecta/Lepidoptera/Elachistidae/Agonopterix-angelicella,42,47,6,171,147,1,1,Apiaceae,28,Peucedanum palustre,2403630.0,80304c06a006526c399ad520f6db75b82a64fa099a63fc2fd2463a90f5297318,70cdf361e9b54740b6da487c8b1594e5f258195e0736ddf24218d61de220fe6f
317,Epinotia criddleana,Tortricidae,Epinotia,Epinotia-criddleana-COI,Insecta/Lepidoptera/Tortricidae/Epinotia-criddleana,19,53,3,37,27,1,1,Salicaceae,57,Populus tremuloides,2917451.0,8052c39cf157f8a3d693c21104be35a1d8f223a92bdc80bc7ffdb049a19d2357,4eceacddf19fc6d5e74a1fe5ffacc6b08c827d2ed1a4d7e5df2085aec8e1cd28
318,Stigmella slingerlandella,Nepticulidae,Stigmella,Stigmella-slingerlandella-COI,Insecta/Lepidoptera/Nepticulidae/Stigmella-slingerlandella,12,22,2,15,9,1,1,Rosaceae,49,Prunus americana,2958765.0,80d1eaf57a7d0441433ee78a3a97a552f6c4d00f3a5a34df49bc0f3efabe16c4,65e431386153c3bed6ca068a347eccf92ff8da23c1ab537fe3f33d543fd7f860
319,Drasteria hudsonica,Erebidae,Drasteria,Drasteria-hudsonica-COI,Insecta/Lepidoptera/Erebidae/Drasteria-hudsonica,20,34,3,45,32,1,1,Elaeagnaceae,37,Shepherdia canadensis,2592736.0,80fb953aa7cbd118593d843de6b5699a336e550892b12fbcc87df7870a703023,4d5cb980b875726d7b23b5f71e775a7fd01f051b4ac93ee22a44ded97dccdbc2
320,Perconia strigillaria,Geometridae,Perconia,Perconia-strigillaria-COI,Insecta/Lepidoptera/Geometridae/Perconia-strigillaria,19,22,3,39,28,1,1,Fabaceae,29,Cytisus scoparius,2754907.0,815ea71da6b6120799d49a59acff27f7e58959e42ddf99b4aa196541de03433c,663fd676bf1a4e0018bcea36c70d7ec0eb66353798ff27176eff0b1dd3280d90
321,Chionodes continuella,Gelechiidae,Chionodes,Chionodes-continuella-COI,Insecta/Lepidoptera/Gelechiidae/Chionodes-continuella,29,44,4,73,58,1,1,Pinaceae,27,Picea laxa,381078.0,81d1e9344eb9380a436c065aa2a6cdda994ae891cc691257c9f18af98fad7df8,efd9b131f10a7c38008b2c44af401c39079df65e00f38ce0081e77a5bd2e1612
322,Catocala praeclara,Erebidae,Catocala,Catocala-praeclara-COI,Insecta/Lepidoptera/Erebidae/Catocala-praeclara,27,54,4,70,57,2,1,Rosaceae,40,Aronia melanocarpa;Crataegus calpodendron,2942327.0;2945095.0,81d6a13546961c2fac7a66ac8c97ccdd9c4ecb0ee9567428fc1dec0c307e96d5,25913d2427b597550779c64c060396d18b2ea3e3e7012bd32c6bff443ecb1b3f
323,Leucania adjuta,Noctuidae,Leucania,Leucania-adjuta-COI,Insecta/Lepidoptera/Noctuidae/Leucania-adjuta,19,23,3,38,27,1,1,Poaceae,84,Dactylis glomerata,406640.0,81f8eb32a0db2dd2e1a7a784cafc1d1fbbe6d267e7875712cdf9e6a3bf693c05,fd752ee4874995f4fa1fbb6265cf741a2a7a82015cf6a8ca1158010a46a55e35
324,Phyllonorycter quercifoliella,Gracillariidae,Phyllonorycter,Phyllonorycter-quercifoliella-COI,Insecta/Lepidoptera/Gracillariidae/Phyllonorycter-quercifoliella,50,109,8,273,241,2,1,Fagaceae,43,Quercus petraea;Quercus robur,174374.0;174750.0,825d052d5e6ac30088092e0ca30c62ce6a2f3d9a4fc372f55ecb4c84d11bc30a,ebc6a41e94105c73ec99719ca76592003b20838ff080d0e398e9c9bbd602d02e
325,Pexicopia malvella,Gelechiidae,Pexicopia,Pexicopia-malvella-COI,Insecta/Lepidoptera/Gelechiidae/Pexicopia-malvella,32,35,5,110,90,2,1,Malvaceae,48,Alcea rosea;Althaea officinalis,2627710.0;2631597.0,836596631aa0e25bf3882207b1e90b5a28723317ddee75e0b3a90dbb26536e68,30bb80316f2db5540277d0a0221415d4af47e4e2dac8951e268e3e5536be13ca
326,Coleotechnites blastovora,Gelechiidae,Coleotechnites,Coleotechnites-blastovora-COI,Insecta/Lepidoptera/Gelechiidae/Coleotechnites-blastovora,25,60,4,67,53,1,1,Pinaceae,27,Picea laxa,381078.0,839115225380095fe765287370719c23ef1dd02a0f5ad318ac3bb93eeed3c52c,9353c8dd402165ea05d7ec42dc3db59c53b1e0319dffb38ab0e7e7b131ec784b
327,Eumorpha labruscae,Sphingidae,Eumorpha,Eumorpha-labruscae-COI,Insecta/Lepidoptera/Sphingidae/Eumorpha-labruscae,17,22,3,38,26,3,1,Vitaceae,89,Cissus trifoliata;Cissus verticillata;Vitis vinifera,2723057.0;2723104.0;2457006.0,839e1dbfce28a6ae966b5e2cfb6c0e0ab87c13c61a127a68b980ba0e01308036,68c9e99d7b031396e74a86b505e28df72040758a4ed6ec161e2ab2322fb02bf7
328,Argyresthia sorbiella,Argyresthiidae,Argyresthia,Argyresthia-sorbiella-COI,Insecta/Lepidoptera/Argyresthiidae/Argyresthia-sorbiella,21,21,3,41,32,2,1,Rosaceae,63,Aria edulis;Sorbus aucuparia,2942010.0;2991554.0,83fcd471d13c20fa2e088bf33926200f6a7152d8a5308ce7cb05e2f5c0a4fa09,30261dd1e773ee5cc203ea0c379fd00391cdcf9e3159fe09714dec8fdf1894de
329,Phyllonorycter cerasicolella,Gracillariidae,Phyllonorycter,Phyllonorycter-cerasicolella-COI,Insecta/Lepidoptera/Gracillariidae/Phyllonorycter-cerasicolella,38,61,6,160,134,3,1,Rosaceae,40,Prunus avium;Prunus cerasus;Prunus persica,2917143.0;2959193.0;2901279.0,845d5f41f64ba27e7d98ae5fe49f242eef15326f0694744fc7b28a87c7e683b5,89c744811509e546135859177b881870ba626cfed26a3663daa2afb0ef56b40b
330,Caryocolum schleichi,Gelechiidae,Caryocolum,Caryocolum-schleichi-COI,Insecta/Lepidoptera/Gelechiidae/Caryocolum-schleichi,14,21,2,18,12,2,1,Caryophyllaceae,36,Dianthus deltoides;Dianthus thunbergii,2764144.0;2765060.0,8519746269938eda3c1cc12e47ef28f20068ebc22a02fde2c8c51ef9343735e7,9162430033dec76985afbce76166255abcc8d5fec1a16d8ba775c630a2bf2a37
331,Phaecasiophora niveiguttana,Tortricidae,Phaecasiophora,Phaecasiophora-niveiguttana-COI,Insecta/Lepidoptera/Tortricidae/Phaecasiophora-niveiguttana,14,16,2,18,12,1,1,Lauraceae,34,Sassafras albidum,2591964.0,85bcbf11e18c1fdb4bb9835a82a9358bfa0915f2eefef2df84b23b29e3ffd337,820e249239e3905bc51013214458a9bd0dbbc7b4514c824f17e76347b4e25d97
332,Entephria nobiliaria,Geometridae,Entephria,Entephria-nobiliaria-COI,Insecta/Lepidoptera/Geometridae/Entephria-nobiliaria,25,31,4,69,55,1,1,Saxifragaceae,64,Saxifraga oppositifolia,2583045.0,86052d28361032b91a4e8dc1ad40a78cb73122c1a19091ad7f4379b7484c6572,a6c9e259d948fd0f22284d1a9addb59d859c0d9852ecb4fb97f1efe59669dcef
333,Hyperaeschra georgica,Notodontidae,Hyperaeschra,Hyperaeschra-georgica-COI,Insecta/Lepidoptera/Notodontidae/Hyperaeschra-georgica,20,35,3,42,31,1,1,Fagaceae,37,Quercus alba,171499.0,8613368bf839a7755d74328502dc96701494d100519dec226be7ee387f3b6b7d,3a30442d66036fd7c8ab882698511e275370a221036dc9864d2e096d3b0ea8b6
334,Phyllonorycter delitella,Gracillariidae,Phyllonorycter,Phyllonorycter-delitella-COI,Insecta/Lepidoptera/Gracillariidae/Phyllonorycter-delitella,16,16,2,20,13,1,1,Fagaceae,42,Quercus robur,174750.0,866361d85f519c6b78b994697e3a63e93e59f7371497b2512358e318c91fa57a,412b49dc513c1df03f84372bbac9c7ea12b931b7fac66f31e6de63c19333b34b
335,Phyllonorycter rajella,Gracillariidae,Phyllonorycter,Phyllonorycter-rajella-COI,Insecta/Lepidoptera/Gracillariidae/Phyllonorycter-rajella,32,49,5,105,88,1,1,Betulaceae,45,Alnus glutinosa,6364.0,86c6507a282a37303754617f8c4e85440a6fe416e0fdaef42b74bdd9bba0ea3e,5782391fed07c7da8bfa9c7a13c2e3786c3c71f7b6462367caa252bedeceadba
336,Argyrostrotis anilis,Noctuidae,Argyrostrotis,Argyrostrotis-anilis-COI,Insecta/Lepidoptera/Noctuidae/Argyrostrotis-anilis,14,19,2,17,12,2,1,Rosaceae,51,Prunus americana;Prunus domestica,2958765.0;2959531.0,86d20a9452c0b4855c37407ef25d470d8a970d3d51cab5d17a6170deab393817,0926693d49f670055f531e7a10afb1fbd2d41b76e4be05ec3644fd1b6ad889d9
337,Phyllonorycter stettinensis,Gracillariidae,Phyllonorycter,Phyllonorycter-stettinensis-COI,Insecta/Lepidoptera/Gracillariidae/Phyllonorycter-stettinensis,18,29,3,34,25,1,1,Betulaceae,45,Alnus glutinosa,6364.0,86e55ac258dd687fb124a7356a01bb77f270aff1b9fdf98f0faa487156a844e6,769d001901c61c9fcb4c9009029b863e002f4fda014f324badaf7a5a9e74d406
338,Sophronia semicostella,Gelechiidae,Sophronia,Sophronia-semicostella-COI,Insecta/Lepidoptera/Gelechiidae/Sophronia-semicostella,20,21,3,45,30,1,1,Poaceae,56,Anthoxanthum odoratum,394021.0,872ad00237ee31a841e96e0c17f98d5cae353f8f2531fed5d810c9c3886b17d3,f58df8c1d7d325d2b4880cbc865ad1a7aec39fbe747b3fd833519d6dd58bae60
339,Ancylis apicella,Tortricidae,Ancylis,Ancylis-apicella-COI,Insecta/Lepidoptera/Tortricidae/Ancylis-apicella,14,14,2,21,13,1,1,Rhamnaceae,48,Frangula alnus,2814031.0,89edcff10a27b23b2044012c38c37d1077d47b33280dbe8174ce94387b9f7028,f2acf03611bd967a0f2648f7d8586678471fe48615d3fe8fb8542a389e7db00d
340,Xylophanes pluto,Sphingidae,Xylophanes,Xylophanes-pluto-COI,Insecta/Lepidoptera/Sphingidae/Xylophanes-pluto,60,122,9,354,321,1,1,Rubiaceae,47,Chiococca alba,39067.0,8a2e9437ab6f93ec078d4c6f559ab9c606925cadce492dbcd2d149019242774a,af4e99945394ca4190d3c4ddd720a9566e90ae4e2c295b28c03f64a923b542e6
341,Catocala californica,Erebidae,Catocala,Catocala-californica-COI,Insecta/Lepidoptera/Erebidae/Catocala-californica,15,31,2,21,14,1,1,Juglandaceae,35,Juglans nigra,2331834.0,8a5e543b4e9119b1cf4214a0eec9a38b64b542f9b27423a8ff6da74b2b0cf3a6,2b5687b929af76bb21e8df594b9526881649c2e94580e5f3ef93aac171b16ba4
342,Catocala cara,Erebidae,Catocala,Catocala-cara-COI,Insecta/Lepidoptera/Erebidae/Catocala-cara,13,24,2,16,11,1,1,Salicaceae,43,Salix nigra,2919837.0,8a5e74012d41d35d1f3a20b1e7dc1f95ea71ec5a3699bea82129218e5cb44e8a,35ae197c04f4b797a5bd858b78ae56dab33554c5e87592f478933d0566adf2b4
343,Staphylus azteca,Hesperiidae,Staphylus,Staphylus-azteca-COI,Insecta/Lepidoptera/Hesperiidae/Staphylus-azteca,16,70,2,22,15,2,1,Amaranthaceae,150,Achyranthes aspera;Celosia nitida,2617475.0;2707897.0,8b6bc6b34ed7f1f8cd03c098dbebb96590c1a1ee950d15fc4196f94879e25e03,c5f11160a03f98ef3ac07b9e31f714af07f1b6957ce28ee910eb596594291d79
344,Monochroa lutulentella,Gelechiidae,Monochroa,Monochroa-lutulentella-COI,Insecta/Lepidoptera/Gelechiidae/Monochroa-lutulentella,22,23,3,45,33,1,1,Rosaceae,44,Filipendula vulgaris,2948585.0,8b9339553209fa42a37801d971dc5b538cc7d1e54078d38ac69f2e1acaf93c52,39032d34aa8816299660bcf32039977b7f1c8e905f47c1b0c614c41d7722173e
345,Persectania dyscrita,Noctuidae,Persectania,Persectania-dyscrita-COI,Insecta/Lepidoptera/Noctuidae/Persectania-dyscrita,19,48,3,38,28,1,1,Poaceae,26,Hordeum vulgare,419563.0,8ba7bcad3ae76a966fda69e50d3846b75017c4bd4f5d5c69092b14c19cb22898,f0eb284fdb4bc8ec9697543fde6f7162c9b1422c194309c926465a9d561fb78b
346,Peribatodes secundaria,Geometridae,Peribatodes,Peribatodes-secundaria-COI,Insecta/Lepidoptera/Geometridae/Peribatodes-secundaria,21,24,3,40,28,1,1,Pinaceae,24,Picea abies,380406.0,8c3ebdb3df1ed830bbaaa16b51a9d5bd799048101c388ebbf78276b11c6dde57,1b738fc50122fb899d066ca7647ce6f84ce9afb2d1b566de66876c9ca66e0711
347,Ypsolopha asperella,Ypsolophidae,Ypsolopha,Ypsolopha-asperella-COI,Insecta/Lepidoptera/Ypsolophidae/Ypsolopha-asperella,13,14,2,16,10,1,1,Rosaceae,35,Malus sylvestris,2951044.0,8c4a2cafaafdbc91e7e060a89bf5e1c073e2c386bbc3b45f7030d11300d40260,a5c00359173013fefdbc4b0f13b18850823a82da668e79e4e6b92ba1073c1dcf
348,Macrochilo litophora,Erebidae,Macrochilo,Macrochilo-litophora-COI,Insecta/Lepidoptera/Erebidae/Macrochilo-litophora,16,20,2,21,13,1,1,Poaceae,153,Poa pratensis,436906.0,8c5cc7d38e16cf3946e103bb826982ddbd1a1192c9131e9866450d1ac7c00a47,c963324f5c67dc160124776fc6e5eabf804c1f9041cb9ec9473f74682ebf0ad2
349,Epiblema scutulana,Tortricidae,Epiblema,Epiblema-scutulana-COI,Insecta/Lepidoptera/Tortricidae/Epiblema-scutulana,24,29,4,59,45,1,1,Asteraceae,64,Cirsium vulgare,3042723.0,8d7de07c26d8a7c69d68d2cfebc2daade31f12f8d1a49bbbbd1fb16e02628f67,60f2e08156757a209e23bf6437eaf8651fec898ea017a87834d6e23f2833784a
350,Argyresthia goedartella,Argyresthiidae,Argyresthia,Argyresthia-goedartella-COI,Insecta/Lepidoptera/Argyresthiidae/Argyresthia-goedartella,51,77,8,251,222,1,1,Betulaceae,45,Alnus glutinosa,6364.0,8daa5e0d7347e50bd30564dc453c5cb0199d134316569ca8e0482d91c37a42f5,f97fdae6342165cb765a3fea4ebb4ce7fefc87e6800b4f1701314553563a879b
351,Pediasia aridella,Crambidae,Pediasia,Pediasia-aridella-COI,Insecta/Lepidoptera/Crambidae/Pediasia-aridella,24,44,4,63,49,2,1,Poaceae,25,Puccinellia fasciculata;Puccinellia maritima,438674.0;438771.0,8de4e510d626f774e86d42ffe956b5ef004bb93a3dcea3be9190e8cdc3b8b422,ec7bfc24e9ff5a27e5b0b8a0116ed034cbb97a2965c4b1f8a89d12e56d7ccdc1
352,Eupithecia valerianata,Geometridae,Eupithecia,Eupithecia-valerianata-COI,Insecta/Lepidoptera/Geometridae/Eupithecia-valerianata,13,15,2,19,12,2,1,Caprifoliaceae,40,Valeriana excelsa subsp. sambucifolia;Valeriana officinalis,2464341.0;2464616.0,8e23293064b1b7226ec31568fab5e4913b889eaf6214704019b0a9f43d90f7fb,1ac08222b96e032e1ca91cedf8ae5ab08f87d5a28e597f7b03bce5a760558669
353,Actinotia polyodon,Noctuidae,Actinotia,Actinotia-polyodon-COI,Insecta/Lepidoptera/Noctuidae/Actinotia-polyodon,24,26,4,70,51,1,1,Hypericaceae,70,Hypericum perforatum,516286.0,8e8be5b425d47c97a138a3d905c7188924accf4d9de3374fb15760c0c6220914,7992595ef1a1f3f085f3f93a1a8ad1ed5ecc19da2c092025e7940ed9250002d4
354,Grapholita tenebrosana,Tortricidae,Grapholita,Grapholita-tenebrosana-COI,Insecta/Lepidoptera/Tortricidae/Grapholita-tenebrosana,28,37,4,74,59,1,1,Rosaceae,33,Rosa rubiginosa,2973528.0,8ee46e936685f236b51684bb46878d526666971251c8a4734d97e6b65c257c72,55a039f78b11f3af1c56b7b8553f05779a37b0d2439b5452d836b394c698cf69
355,Ipimorpha subtusa,Noctuidae,Ipimorpha,Ipimorpha-subtusa-COI,Insecta/Lepidoptera/Noctuidae/Ipimorpha-subtusa,26,27,4,69,52,1,1,Salicaceae,59,Populus tremula,2917379.0,8f042fafdb25f61ec0f844b08ef85fb20922d9f0411974831fa95d5c09d24a33,9fb0b353dbd50a49263076a790474f91cdc304adbcdec09bd4e68bf35b72c210
356,Acrolepiopsis assectella,Glyphipterigidae,Acrolepiopsis,Acrolepiopsis-assectella-COI,Insecta/Lepidoptera/Glyphipterigidae/Acrolepiopsis-assectella,27,42,4,67,52,3,1,Amaryllidaceae,94,Allium cepa;Allium sativum;Allium schoenoprasum,295261.0;296499.0;296525.0,8f2019cc3113d9f222c7f01a0bef2d3f447714ad692bfa062ed9671bfaaa9266,131c7ff8899fc17df820ef40d8e90ebca72135e5eace1ffa38d82e180d313c7a
357,Eucosma obumbratana,Tortricidae,Eucosma,Eucosma-obumbratana-COI,Insecta/Lepidoptera/Tortricidae/Eucosma-obumbratana,24,34,4,60,47,1,1,Asteraceae,60,Sonchus arvensis,3062474.0,8f31c4f44e2370075e15f478e6739910159ff57be7b88ac91155f296a0228b54,eb849fdaed50f9f27b6a7ea74a039fa57ada76230ee43daf903f8f358b847d68
358,Lytrosis unitaria,Geometridae,Lytrosis,Lytrosis-unitaria-COI,Insecta/Lepidoptera/Geometridae/Lytrosis-unitaria,12,22,2,17,10,1,1,Sapindaceae,25,Acer saccharum,2616387.0,916735e58e74ba719451670e54a9ae540dbf306a079c4ec019d80fc7d102b020,0744ebbb084dd18a3892c0fca9c86bdb64dfcdbd5209b243037d93fbbf96d742
359,Caloptilia bimaculatella,Gracillariidae,Caloptilia,Caloptilia-bimaculatella-COI,Insecta/Lepidoptera/Gracillariidae/Caloptilia-bimaculatella,20,30,3,37,28,1,1,Sapindaceae,27,Acer rubrum,2616329.0,91c177e792827cdc3b65cf950e4227af15fb5d878c02def52eb45d330b0ff350,8bf2bb395fb983e2f0445af2dc5db4e51994ad85979efc5bfb0b682a975faae8
360,Glyphipterix equitella,Glyphipterigidae,Glyphipterix,Glyphipterix-equitella-COI,Insecta/Lepidoptera/Glyphipterigidae/Glyphipterix-equitella,32,41,5,98,79,1,1,Crassulaceae,44,Sedum acre,2483146.0,91c5025c918f563cc82e5602d7f54e34c36f6781ccf5164585e3cede5573d1b2,f8177ce12a4764768fd82f6030b9461bc0d96696277abc9a862d14dc2ebe975d
361,Euchloron megaera,Sphingidae,Euchloron,Euchloron-megaera-COI,Insecta/Lepidoptera/Sphingidae/Euchloron-megaera,29,56,4,78,62,2,1,Vitaceae,34,Cissus trothae;Vitis vinifera,2723071.0;2457006.0,91d5f75a3593e9905a478e990997cc8336785427a314bea0a9606588cc9f1065,c7fc5f35a71e577cb378a1f03b79e6c3efe56620e0f204a57c81a921e411c35d
362,Notodonta tritophus,Notodontidae,Notodonta,Notodonta-tritophus-COI,Insecta/Lepidoptera/Notodontidae/Notodonta-tritophus,22,24,3,46,34,1,1,Salicaceae,59,Populus tremula,2917379.0,91f93c11c7391cd1a349a9e508c8fc5c61e759f7ce970251a995d5b6c2c594a9,78997f193cec4e31b28fbefee824f8718aa15a523becea9dffcb6a828dbfedf9
363,Coenonympha dorus,Nymphalidae,Coenonympha,Coenonympha-dorus-COI,Insecta/Lepidoptera/Nymphalidae/Coenonympha-dorus,38,42,6,139,120,3,1,Poaceae,79,Brachypodium retusum;Festuca ovina;Stipa offneri,400076.0;415853.0;445449.0,92977bf6716f220ec406208f72f0b98246ab94339ecbc63f39dc16289ea163e9,e4f3c4676807d775883486ac67612e6aaaa785523478b09830d696c77a457e70
364,Pseudexentera oregonana,Tortricidae,Pseudexentera,Pseudexentera-oregonana-COI,Insecta/Lepidoptera/Tortricidae/Pseudexentera-oregonana,32,118,5,97,78,1,1,Salicaceae,57,Populus tremuloides,2917451.0,92b10ea1af4ae4df3e3b2f3b01ad68759646ef7a4d43303699869e0251313e94,520d1c7cd48e1912fd277f5ae5713f078596663d2e19630dc848e4c3b5073cee
365,Endothenia nigricostana,Tortricidae,Endothenia,Endothenia-nigricostana-COI,Insecta/Lepidoptera/Tortricidae/Endothenia-nigricostana,13,17,2,16,10,2,1,Lamiaceae,46,Stachys recta subsp. recta;Stachys sylvatica,195538.0;195698.0,9308072a8d3a1c5d055aca5c2492e50c8bf02d1e9155bbad805042fab523e5d9,f68e139a2a4b4f2d7a71dd06374081c6fdc9185efe33129fc9f0a55d71f00786
366,Acleris flavivittana,Tortricidae,Acleris,Acleris-flavivittana-COI,Insecta/Lepidoptera/Tortricidae/Acleris-flavivittana,19,25,3,39,29,1,1,Rosaceae,39,Prunus pensylvanica,2961130.0,938e2737a5210be1045d3c033153c44da2418dce05b3a8f7c6b860c2867dff45,1ac0a12ea257dd4910a94843f74056a5f4f2e7a59b26e7f8637ec22468d7cf2d
367,Eupithecia lachrymosa,Geometridae,Eupithecia,Eupithecia-lachrymosa-COI,Insecta/Lepidoptera/Geometridae/Eupithecia-lachrymosa,22,33,3,45,33,1,1,Betulaceae,41,Betula papyrifera,21557.0,93a1d582392506401461953654a7031fe7a4f6e32c8a5d3f2b95aaad766893d7,9807c0f30fffffa19797bf62d0fd82410e9457fb6b209b1ccf72ef946ec8537b
368,Albuna pyramidalis,Sesiidae,Albuna,Albuna-pyramidalis-COI,Insecta/Lepidoptera/Sesiidae/Albuna-pyramidalis,24,32,4,58,45,2,1,Onagraceae,148,Epilobium angustifolium;Oenothera biennis,2790112.0;2399189.0,93ad82b167fee562e453eff36093feba9c8d0d5afd45cbaa78d28605adb35771,d151e3569efd153e28eb30218ddfd67b6fae5d8951ef9138246b1feb44b098a5
369,Thalera fimbrialis,Geometridae,Thalera,Thalera-fimbrialis-COI,Insecta/Lepidoptera/Geometridae/Thalera-fimbrialis,18,23,3,38,25,1,1,Asteraceae,140,Achillea millefolium,2908230.0,93f319e5fdac1e8010d6f724cf3795b18eef5e89fff101e510095f02dbfbeaf1,b481a1742d1cdf023ab8dc97258fd68a3dc417039b68f7b12d5a2eb17562c84c
370,Ufeus satyricus,Noctuidae,Ufeus,Ufeus-satyricus-COI,Insecta/Lepidoptera/Noctuidae/Ufeus-satyricus,13,17,2,17,11,1,1,Salicaceae,57,Populus tremuloides,2917451.0,9475ac7c98c395c3b4d75a2e340de8dcf8e4723f53134db31b1ae090391c4878,cf106ab8db4cf539705cdd1f49c058e0b9bd9196e5a17872a73944710a26a83f
371,Spilosoma congrua,Erebidae,Spilosoma,Spilosoma-congrua-COI,Insecta/Lepidoptera/Erebidae/Spilosoma-congrua,45,97,7,225,196,1,1,Asteraceae,51,Taraxacum sect. Taraxacum,2916959.0,947a13851e2384c9b055211b8a2e0f7ac97b1a6b712900bed02ec5ef98bb0025,4f3d9253cb52e01c8e566a174837fcd854b18f7414f2aa8d1bd48f84676b7108
372,Epinotia tetraquetrana,Tortricidae,Epinotia,Epinotia-tetraquetrana-COI,Insecta/Lepidoptera/Tortricidae/Epinotia-tetraquetrana,21,23,3,38,29,2,1,Betulaceae,80,Alnus glutinosa;Betula pendula,6364.0;21582.0,954692d443765a47cb0257ad0a0de603e0be14e6d533fc8b0c9b982d835b234a,464cf593a70bd80956b30806515fb3f9ee402c244e8251d578ef0b3ea1ebe51d
373,Zale galbanata,Noctuidae,Zale,Zale-galbanata-COI,Insecta/Lepidoptera/Noctuidae/Zale-galbanata,25,48,4,65,52,3,1,Sapindaceae,59,Acer negundo;Acer rubrum;Acer spicatum,2616024.0;2616329.0;2616481.0,9550e9fdf1a8d8f945ed495733c5671b626a2bc1c029055c67f5d478c71192b8,5c89b1ea64ba134a5d1e9e959dae506c2eeda4b84a73358427b746db8e510f7f
374,Xestia castanea,Noctuidae,Xestia,Xestia-castanea-COI,Insecta/Lepidoptera/Noctuidae/Xestia-castanea,17,19,3,35,24,1,1,Ericaceae,40,Calluna vulgaris,2692970.0,9569388b5b9a56b94897792b1100151d68084be54066989a373463a616bfb6d1,e6bca1145d044c4ddf815321519ddb2c5093821d35e78a43fa13bd02afee1f58
375,Eupithecia venosata,Geometridae,Eupithecia,Eupithecia-venosata-COI,Insecta/Lepidoptera/Geometridae/Eupithecia-venosata,24,27,4,61,48,2,1,Caryophyllaceae,84,Silene latifolia subsp. alba;Silene vulgaris,2488692.0;2487840.0,95745fc26124a5fa42e52481ec18bce59179414ed999e6d2ca514de68aaf6f9f,4f13dd574d5405749d1657bb93ce1d79e60c31deb84ef157c01b8997c0f2499e
376,Notodonta torva,Notodontidae,Notodonta,Notodonta-torva-COI,Insecta/Lepidoptera/Notodontidae/Notodonta-torva,22,34,3,43,33,1,1,Salicaceae,59,Populus tremula,2917379.0,9620adfe25b5dbda5f9d1fd8a24fb55133831e08ecd4c1975cb7a15f829ff93f,868164f2e6cf85026ff00735d16184c0db8bee9ca0b7f115e1dd90ac8a7e52ec
377,Gypsonoma adjuncta,Tortricidae,Gypsonoma,Gypsonoma-adjuncta-COI,Insecta/Lepidoptera/Tortricidae/Gypsonoma-adjuncta,14,38,2,18,11,1,1,Salicaceae,57,Populus tremuloides,2917451.0,966ad02fc51877b8dc35b4033f74b6cdd65d0b498ae4ece0aa189e567ed446d5,6fd1f0d2fde60bea9dfad7841a617db305067431c818fc519202ca020e12ca27
378,Photedes minima,Noctuidae,Photedes,Photedes-minima-COI,Insecta/Lepidoptera/Noctuidae/Photedes-minima,22,25,3,41,32,1,1,Poaceae,143,Deschampsia cespitosa,407579.0,968455cf7168b9460031b8586dbce9960c0acec54a218c0b7a1f65b6300596c2,b1a60cd764659312b5b46fb91569570ab66009af90a4bdf13d08f58ee723d847
379,Apamea remissa,Noctuidae,Apamea,Apamea-remissa-COI,Insecta/Lepidoptera/Noctuidae/Apamea-remissa,43,52,6,169,147,3,1,Poaceae,169,Avenella flexuosa;Phalaris arundinacea;Secale cereale,398171.0;433393.0;441740.0,96fae0c1fe9d503b56fa95fb82cc7b655fd15925cbd7962c13461ba11ea8415c,c1f2ccbcfb09ed6dade061b0c0657e0ce2b4343c2044b4783692a94afd16ebb8
380,Euchlaena obtusaria,Geometridae,Euchlaena,Euchlaena-obtusaria-COI,Insecta/Lepidoptera/Geometridae/Euchlaena-obtusaria,21,40,3,41,27,1,1,Fagaceae,29,Castanea dentata,34965.0,9777e7066a189b907f6ccd484a6e0c31898ee8319df57cc2e7446a9df3f33e6c,1b3dac8bb732a2e32efd093e4793e8e7b6512bde5d4574393d633cd5d1ea923d
381,Euxoa plagigera,Noctuidae,Euxoa,Euxoa-plagigera-COI,Insecta/Lepidoptera/Noctuidae/Euxoa-plagigera,25,67,4,65,51,1,1,Asteraceae,103,Artemisia dracunculus,2901163.0,97b752ab2ba3bee7953e83449dc4903e43bad734204a42ce48895e5e512b1374,197638bda86f006e36ac8aad94bac4fbe7794c40bb2c84621a4a5bc0f1d718cf
382,Eupithecia conterminata,Geometridae,Eupithecia,Eupithecia-conterminata-COI,Insecta/Lepidoptera/Geometridae/Eupithecia-conterminata,22,38,3,44,33,1,1,Pinaceae,24,Picea abies,380406.0,97c58256926ee9261314eca2728967127db2fc5d19f50a5976c1f4ed514333fd,83384f2fb4d1a2885cf3038edf3f159c3a8d4ef09066ff908c39378671976a74
383,Paraswammerdamia conspersella,Yponomeutidae,Paraswammerdamia,Paraswammerdamia-conspersella-COI,Insecta/Lepidoptera/Yponomeutidae/Paraswammerdamia-conspersella,16,60,2,20,14,1,1,Ericaceae,78,Empetrum nigrum,2788473.0,97e5c86828a97b1e60913815b80e5e80b6f1a7e08c4725abf2cb503f48f528a0,19a2209994fad4c07c12c3a9d9ae6e12e2842c294d20c7ff9ffad99ee9d0e204
384,Idaea muricata,Geometridae,Idaea,Idaea-muricata-COI,Insecta/Lepidoptera/Geometridae/Idaea-muricata,20,22,3,44,30,1,1,Rosaceae,94,Comarum palustre,2943891.0,986a3d9f2c44e58c2b8c2717e3ebed4c329d01927bcb4b385d6f56d14c6feff2,ee3d3248876c2f8cb9ba6e2a8e83ec6891b7d94b4ff5ccf028ce8be850ea5ea6
385,Elymiotis longara,Notodontidae,Elymiotis,Elymiotis-longara-COI,Insecta/Lepidoptera/Notodontidae/Elymiotis-longara,23,59,3,44,34,1,1,Malpighiaceae,24,Banisteriopsis muricata,2668936.0,9abfa9aa08fbd62d504227f453e53e738f47153bb29652dd357dd4451aad76ee,d2989b78f42059a30103ec5fe36f072ad98cc9e4810c711f971b99bfc2f40e5b
386,Charaxes virilis,Nymphalidae,Charaxes,Charaxes-virilis-COI,Insecta/Lepidoptera/Nymphalidae/Charaxes-virilis,22,36,3,44,31,2,1,Fabaceae,34,Adenanthera pavonina;Griffonia simplicifolia,2621330.0;2833546.0,9ae61f09b385b80004d966dbd34a4909d798e22f2fa07645b11cd1a811adef11,a408ffc527a403cbd6939cc3f8b07b98a2a5be6fbb7bb7f61c657bb779fec48f
387,Cyclophora albipunctata,Geometridae,Cyclophora,Cyclophora-albipunctata-COI,Insecta/Lepidoptera/Geometridae/Cyclophora-albipunctata,21,23,3,39,29,3,1,Betulaceae,80,Betula nana;Betula pendula;Betula pubescens,21505.0;21582.0;21636.0,9b6efd2f2dbca04964bbd7e03b066545365742ab786dc1d80e1994336a1dcbca,31406c23b6acd43c71cbd001e7d7bbc27c3a64b04ed1436f8980cbb2ee075f75
388,Assara terebrella,Pyralidae,Assara,Assara-terebrella-COI,Insecta/Lepidoptera/Pyralidae/Assara-terebrella,46,48,7,196,170,1,1,Pinaceae,24,Picea abies,380406.0,9bc92c4fa8a0f4614b09e64a1d70036969749ba0b0238db67bbc2d6a075fc8c7,c8a0974f0f3d92df1aed17cdf27b296dff1a3b1b1c8033fb22b55bd33f6cb1a2
389,Elachista subocellea,Elachistidae,Elachista,Elachista-subocellea-COI,Insecta/Lepidoptera/Elachistidae/Elachista-subocellea,16,25,2,23,15,1,1,Poaceae,92,Brachypodium sylvaticum,400100.0,9c12d8478e20c92acffd2e0c0003710bce13ab7a81c4621cecd7065f2868dd63,387a3518f3611e31d85a85200341836dcd84019f58d72e4137e41ef6e697c719
390,Staurophora celsia,Noctuidae,Staurophora,Staurophora-celsia-COI,Insecta/Lepidoptera/Noctuidae/Staurophora-celsia,17,17,3,34,22,1,1,Poaceae,79,Calamagrostis epigejos,402643.0,9c7471ceaafb1d6939970e84ed19475a1684c6be84ace4c0f46bd303c87e649e,567c9fc447a5bb706d75344207d0d734716b9739dc6162cb89e19bf1a1361536
391,Aristotelia fungivorella,Gelechiidae,Aristotelia,Aristotelia-fungivorella-COI,Insecta/Lepidoptera/Gelechiidae/Aristotelia-fungivorella,25,103,4,65,52,1,1,Salicaceae,21,Salix exigua,2918086.0,9cc07f4c54c28a3bc7022012e6afc2dccb95d2d72e2c375b72cb213499906a40,413a12c7ecbc7c13345f933cb0a150fdabc805240e1e9fcec296f23f0ca40167
392,Cnaemidophorus rhododactyla,Pterophoridae,Cnaemidophorus,Cnaemidophorus-rhododactyla-COI,Insecta/Lepidoptera/Pterophoridae/Cnaemidophorus-rhododactyla,17,21,3,34,22,1,1,Rosaceae,57,Rosa canina,2921968.0,9dbd049f0c327c4f633ae72ba1a0fb269f5dd54fd09d66f9ee9851cf9c176fc8,00381b6d6d4cf979add351b3a1b64ec187e0750fe63709207abf7188bf1c63bf
393,Helcystogramma lutatella,Gelechiidae,Helcystogramma,Helcystogramma-lutatella-COI,Insecta/Lepidoptera/Gelechiidae/Helcystogramma-lutatella,27,85,4,79,62,2,1,Poaceae,94,Calamagrostis epigejos;Elymus repens,402643.0;411505.0,9dfd03559dde9a10c57522a37a0193ab0c256121dd9ab544b0c071f028f09a9f,92878f5b52c052d5d36fa6563cd2b63e6fd23cbeca56754dedfde2d4e5b305c7
394,Mythimna straminea,Noctuidae,Mythimna,Mythimna-straminea-COI,Insecta/Lepidoptera/Noctuidae/Mythimna-straminea,20,26,3,40,29,1,1,Poaceae,224,Phragmites australis,433921.0,9e9b5fd105aca090d5c5dc66e95ad89f42d35085805b5b4f64833b9fc0315ecb,df4d5c2566fe0a1cadd41660f369b91b69bd2cfb0cb65a7fdce080dfa7473f8e
395,Acleris laterana,Tortricidae,Acleris,Acleris-laterana-COI,Insecta/Lepidoptera/Tortricidae/Acleris-laterana,27,30,4,67,53,1,1,Rosaceae,49,Filipendula ulmaria,2921975.0,9eb7f07d23f267b07a4a9a7052b3153a17034dbfecd1821b4176fd253b1cc27c,f7aa12fe700cffced3544fe128140355496d3962f908bb804b511f914ecf3772
396,Paectes abrostoloides,Noctuidae,Paectes,Paectes-abrostoloides-COI,Insecta/Lepidoptera/Noctuidae/Paectes-abrostoloides,15,22,2,20,12,1,1,Altingiaceae,29,Liquidambar styraciflua,500221.0,9ecf43e90755b147c54ca023d393fc0524bb13504b807272b38c7a43d59e5ff0,e47060c99ffb42d20760fba935e6572058ded033d480bce9ea2b276e1838ba8c
397,Depressaria pimpinellae,Elachistidae,Depressaria,Depressaria-pimpinellae-COI,Insecta/Lepidoptera/Elachistidae/Depressaria-pimpinellae,26,32,4,68,54,1,1,Apiaceae,43,Pimpinella saxifraga,2402811.0,9fcd850611894cfd1f582fdad8147fdff88e94f17bbc4c976ae3644f32463e5f,ce2a4d6c0583e6c75331224aa7e32ef419e333e8f114ad24fdc74f44ca593177
398,Stigmella salicis,Nepticulidae,Stigmella,Stigmella-salicis-COI,Insecta/Lepidoptera/Nepticulidae/Stigmella-salicis,76,164,11,538,496,3,1,Salicaceae,70,Salix babylonica;Salix purpurea;Salix reticulata,2921604.0;2920630.0;2920530.0,a0137c1db1d9e675aeec044cbe111dce04935498d7a8cce2dc1c7ea7d1f794a8,edeef0bfa1aad253817d3ec510944db5ac0f4ee77ea3378c7bfbbfdee7e52383
399,Tischeria ekebladella,Tischeriidae,Tischeria,Tischeria-ekebladella-COI,Insecta/Lepidoptera/Tischeriidae/Tischeria-ekebladella,27,31,4,71,56,3,1,Fagaceae,44,Castanea sativa;Quercus petraea;Quercus robur,35042.0;174374.0;174750.0,a0ac4ea349659ffedc133c423aff4a96c2d1f7d9a11d0070b2d5e39b98c1808a,a857c76ee0d52d78b2e366c9e5fe9d9b9c1465201ececf49edb47c6e9819904d
400,Catocala coccinata,Erebidae,Catocala,Catocala-coccinata-COI,Insecta/Lepidoptera/Erebidae/Catocala-coccinata,23,43,3,47,36,2,1,Fagaceae,34,Quercus coccinea;Quercus stellata,172244.0;175243.0,a0add3847306b14dca42c5b918dc3096930a6e9b8948ecbc55880555717c8184,a9a469420c2b5f5567b52fa1f1d7ace85eb96aeaacad605bf10a5e4de4cf3abf
401,Acronicta retardata,Noctuidae,Acronicta,Acronicta-retardata-COI,Insecta/Lepidoptera/Noctuidae/Acronicta-retardata,30,49,5,102,82,2,1,Sapindaceae,34,Acer rubrum;Acer saccharum,2616329.0;2616387.0,a1172c56b53b5a10aa6439fc00836afa7bb75c0ce074f8287ca6e430dbf43987,2efd8bfc453fc5801f2ce80c744365d7fc00186456c114bbbc3328e79f93e19c
402,Macroglossum stellatarum,Sphingidae,Macroglossum,Macroglossum-stellatarum-COI,Insecta/Lepidoptera/Sphingidae/Macroglossum-stellatarum,20,22,3,41,30,3,1,Rubiaceae,95,Galium aparine;Galium mollugo;Galium verum,85676.0;86839.0;87863.0,a1d23fee8cf8e52531ac66b71cf075074fe9ce23743e6967a6909b41536ea047,b00351b3971daa533732af47f1d4575699273ee8b12bb25ec05fcf2f0c382fa7
403,Tortricodes alternella,Tortricidae,Tortricodes,Tortricodes-alternella-COI,Insecta/Lepidoptera/Tortricidae/Tortricodes-alternella,17,130,3,34,24,2,1,Betulaceae,42,Carpinus betulus;Corylus avellana,34291.0;47841.0,a258f3c6b50e85d3c1c572ef5bf3c50c961b2fff416ce11e6b64733882a44ac8,294f74c67a22858f9000f2d5f50e73b5a4ecbaea48ebbd4268a0378a8eccddd8
404,Ametris nitocris,Geometridae,Ametris,Ametris-nitocris-COI,Insecta/Lepidoptera/Geometridae/Ametris-nitocris,12,20,2,17,9,1,1,Polygonaceae,21,Coccoloba diversifolia,2729242.0,a2bc69955f2ff146508aec433216b22e967e67671d276ad9223025b21dae0910,bcd9e8ccfdf7bf46e83a11433775937be91b895db91df96392e9c71ac0063994
405,Phyllonorycter harrisella,Gracillariidae,Phyllonorycter,Phyllonorycter-harrisella-COI,Insecta/Lepidoptera/Gracillariidae/Phyllonorycter-harrisella,40,46,6,166,139,2,1,Fagaceae,43,Quercus petraea;Quercus robur,174374.0;174750.0,a4e2f1d138ac434304a19802a2b92db90b9fb426ec9a4d3af49128e92cee3e9a,2fcb63fe9c7c23f3d66c98c646ee9ab3fdcf455cae7527756e4dfd0440772338
406,Phyciodes batesii,Nymphalidae,Phyciodes,Phyciodes-batesii-COI,Insecta/Lepidoptera/Nymphalidae/Phyciodes-batesii,13,23,2,18,11,1,1,Asteraceae,38,Doellingeria umbellata,3094065.0,a55c99d16e755c7fc6520b249b6ff5300c28dc5cc3faa689728d2a49da73f999,836abc47c9c7de3cfa0cc9ee533be8e20f5713aa41713ccd8fb460dcea34e5d2
407,Ancylis spiraeifoliana,Tortricidae,Ancylis,Ancylis-spiraeifoliana-COI,Insecta/Lepidoptera/Tortricidae/Ancylis-spiraeifoliana,20,37,3,45,34,1,1,Rosaceae,39,Physocarpus opulifolius,2952799.0,a6ac18eaa886c18785af48bd84b08b93ebc5b02612299271ae03631e671ca4e1,7b71e433c3753bfe323a264a1039de47521adb914b23a51dadef0223f8042d9d
408,Pyreferra pettiti,Noctuidae,Pyreferra,Pyreferra-pettiti-COI,Insecta/Lepidoptera/Noctuidae/Pyreferra-pettiti,12,21,2,16,9,1,1,Betulaceae,31,Betula alleghaniensis,21135.0,a703fbc540e2d7d19f845bd090e52755dab0c20288a7654867902ded9b00317a,246d57160070debc4420b4e5f12f4f37c5ecaf0f5617fff706c15b7d8bd4689b
409,Furcula bifida,Notodontidae,Furcula,Furcula-bifida-COI,Insecta/Lepidoptera/Notodontidae/Furcula-bifida,26,31,4,70,55,3,1,Salicaceae,67,Populus suaveolens;Populus tremula;Salix myrsinifolia,3010066.0;2917379.0;2919886.0,a7406cf543c503929b5d811e9a2c9c58ac5fe8c2e9bad620be36c8fe3b3c777c,c204d42519382bd71629b93bb060e8b83cb2ce12f9a75cff5e4d4cf00e1b67ba
410,Glena nigricaria,Geometridae,Glena,Glena-nigricaria-COI,Insecta/Lepidoptera/Geometridae/Glena-nigricaria,16,47,2,20,15,3,1,Pinaceae,26,Pinus contorta;Pinus ponderosa;Pseudotsuga menziesii,379843.0;380358.0;379633.0,a75158446ea01b44986271778e617ed569f02a76724703e09cf0eb6f0f2f877a,7f55b00974ca68cef5a73254ce4df77f5dcbf00282dd47abde3302d3b804c21b
411,Pempelia palumbella,Pyralidae,Pempelia,Pempelia-palumbella-COI,Insecta/Lepidoptera/Pyralidae/Pempelia-palumbella,19,21,3,37,26,1,1,Lamiaceae,29,Thymus praecox,205262.0,a7f7ef4e971f4082f4872eaea4ec561aef8c3e902d7b9875ae1f5e5c9d662687,3154d4f24389393704bd43f2c39beeb8303d23fa8f3e6d6b6a3e92af6306f4ba
412,Xenophanes tryxus,Hesperiidae,Xenophanes,Xenophanes-tryxus-COI,Insecta/Lepidoptera/Hesperiidae/Xenophanes-tryxus,33,61,5,108,88,2,1,Malvaceae,32,Malachra fasciata;Malvaviscus arboreus,2504518.0;2503923.0,a7fae5677c80cdafc9aa19b8c4baea3d6bd186e249c96406fd0b60d08d204f77,cf4f68bddaf9b2a5a051d9a8f0092ded6c6ebe97079d42aaa7f95fd57f9b4e93
413,Rhopobota stagnana,Tortricidae,Rhopobota,Rhopobota-stagnana-COI,Insecta/Lepidoptera/Tortricidae/Rhopobota-stagnana,14,17,2,24,14,1,1,Caprifoliaceae,45,Scabiosa columbaria,2593679.0,a898945b8ddd64cd97d2767a3cd4ce3f9987b300207761041428f1f7552237d6,a5e72530eb3ed832ea89ff87adebe9cd3d50492b329306edfe0b3231821f70c3
414,Pyrausta despicata,Crambidae,Pyrausta,Pyrausta-despicata-COI,Insecta/Lepidoptera/Crambidae/Pyrausta-despicata,29,31,4,77,64,2,1,Plantaginaceae,108,Plantago lanceolata;Plantago major,2569834.0;2569743.0,a8d37cc575b2f4beeeea755b17aafd68bc963cdfbbfef35505fc854f73b01af7,0c2009518bf7c65a7960e69b300a2b776b832ddde6f98695eab66887798f37a7
415,Argyresthia thuiella,Argyresthiidae,Argyresthia,Argyresthia-thuiella-COI,Insecta/Lepidoptera/Argyresthiidae/Argyresthia-thuiella,16,37,2,22,13,2,1,Cupressaceae,35,Thuja occidentalis;Thuja plicata,378542.0;378546.0,a8ed36dc4f9ca08a47110e098494a2b3235dc2a06499d42a3e8fde2f899e6800,7ac2cdcc69954a59c676434f31910971894fa1a5a87d4092a45416bf5e4d56d0
416,Hadena confusa,Noctuidae,Hadena,Hadena-confusa-COI,Insecta/Lepidoptera/Noctuidae/Hadena-confusa,18,18,3,37,24,3,1,Caryophyllaceae,85,Silene flos-cuculi;Silene nutans;Silene vulgaris,2485564.0;2488633.0;2487840.0,a926a00a2f8f3bf549bb731caf1a51b57989f6d520a5c0b577932f812d89e462,f510f55c20de89bcc84574f0e04bd2d5a769cd1e5de80be69ccffb9399e3c7f8
417,Actias sinensis,Saturniidae,Actias,Actias-sinensis-COI,Insecta/Lepidoptera/Saturniidae/Actias-sinensis,33,45,5,107,88,2,1,Altingiaceae,37,Liquidambar formosana;Liquidambar styraciflua,500205.0;500221.0,a934236561e65416c8c3c8672aba3ad3eceda2c68ed43e930810fd90fe3f41d2,22b3ea80522c64d83fe0a86e123caf15e1b42c0b767fa76d4c72f4e841274f91
418,Colias alfacariensis,Pieridae,Colias,Colias-alfacariensis-COI,Insecta/Lepidoptera/Pieridae/Colias-alfacariensis,128,144,19,1545,1477,1,1,Fabaceae,28,Coronilla varia,2738047.0,a94bad478d1356044a0ff2419a937cb2f5ba96bb6800de562478ff3a3dbeb90a,c519dd3148d41ade309c52cb8cad5642a2bdd79b524720a14ea2d0c267332947
419,Polygrammate hebraeicum,Noctuidae,Polygrammate,Polygrammate-hebraeicum-COI,Insecta/Lepidoptera/Noctuidae/Polygrammate-hebraeicum,26,67,4,77,62,1,1,Nyssaceae,34,Nyssa sylvatica,136221.0,a952cef9198806715eb62ff0d1030b7101cd22902c258ad5a390384d16b3c12f,63abc9bf67f4ec339aa3a7dddf064ce785d11867dc6865252382c3491b707e3f
420,Apamea unanimis,Noctuidae,Apamea,Apamea-unanimis-COI,Insecta/Lepidoptera/Noctuidae/Apamea-unanimis,34,54,5,114,97,3,1,Poaceae,236,Glyceria maxima;Phalaris arundinacea;Phragmites australis,417855.0;433393.0;433921.0,a9a9b1b2b830daca50a38142e248ea4ff714319438a56a93de0761864e851883,ad363aafe1cc21762bf18f174d0399852fc9360b577e9e2f711e9233941df5b3
421,Diastictis fracturalis,Crambidae,Diastictis,Diastictis-fracturalis-COI,Insecta/Lepidoptera/Crambidae/Diastictis-fracturalis,12,23,2,17,10,1,1,Asteraceae,40,Parthenium hysterophorus,3119664.0,aac5ca13e9965d599949dc8a25c294445ebcaf5c9efbb2772568ccbe33ad7740,df93e35c5693f602f507ee2fd29dd566f3ddca823e3caf168bdcf4d8536e811e
422,Spilosoma glatignyi,Erebidae,Spilosoma,Spilosoma-glatignyi-COI,Insecta/Lepidoptera/Erebidae/Spilosoma-glatignyi,12,41,2,15,9,1,1,Asteraceae,51,Taraxacum sect. Taraxacum,2916959.0,aad749ebb3adc6a113d061f3b937cbe4fafe3b99bd2e556748ac15a78f20c7ec,e22b1853c1e6c9847a77b3e4c994a58fe791f1dc06c24a5187a69d3f433488cf
423,Caloptilia populetorum,Gracillariidae,Caloptilia,Caloptilia-populetorum-COI,Insecta/Lepidoptera/Gracillariidae/Caloptilia-populetorum,25,26,4,65,51,1,1,Betulaceae,75,Betula pendula,21582.0,ab4e5b1442a2e6b9d5697b8383407e1da8709b5c550e0f72bbb875249af0cb36,c5f5e444303072a4378c2f1edad5ed15ef992c4a29f95f16ae248df146ec39c8
424,Chloantha hyperici,Noctuidae,Chloantha,Chloantha-hyperici-COI,Insecta/Lepidoptera/Noctuidae/Chloantha-hyperici,14,16,2,20,13,1,1,Hypericaceae,70,Hypericum perforatum,516286.0,ab666141c7e236379ff4c5c2f1b61c95ca2c0a5de80bed770795c1e2edf93761,444162ab57ac4ced3eba36c3eba22bb74c283f89aa33001bfe8b4c994096c78c
425,Ligdia adustata,Geometridae,Ligdia,Ligdia-adustata-COI,Insecta/Lepidoptera/Geometridae/Ligdia-adustata,40,54,6,161,138,1,1,Celastraceae,37,Euonymus europaeus,2803293.0,aba13c06c4f19c7709a645cf23f3fd263753adc8b1dca4e5e87cb8d61b07e32a,723889aae2e205a28a5438c37161525fa18f6e8f4b35603d6cd99f79a806a4c1
426,Monochroa conspersella,Gelechiidae,Monochroa,Monochroa-conspersella-COI,Insecta/Lepidoptera/Gelechiidae/Monochroa-conspersella,22,26,3,45,33,1,1,Fabaceae,71,Lotus corniculatus,2345329.0,abe95644d4d5e761f610d48248200d890146e5699abbdf8b4c9547d9dcccb8ea,623eeac334f4560f1f5d57c1a20561fc439daff7c2e21a0e124b604d87afc2d1
427,Elachista luticomella,Elachistidae,Elachista,Elachista-luticomella-COI,Insecta/Lepidoptera/Elachistidae/Elachista-luticomella,13,13,2,15,10,1,1,Poaceae,84,Dactylis glomerata,406640.0,ac45e57e7796a394904927d6da774ec6ac3771d95ced10640aad9ea20965e53d,e606d36138450591bb2580849c9908d3baa57e5fff954ccc7c68d77ae814882b
428,Polythrix octomaculata,Hesperiidae,Polythrix,Polythrix-octomaculata-COI,Insecta/Lepidoptera/Hesperiidae/Polythrix-octomaculata,16,24,2,23,14,3,1,Fabaceae,31,Muellera monilis;Myroxylon balsamum;Pterocarpus officinalis,2914306.0;2375220.0;2535308.0,ac85f367fce2ca78bf727038d76e02068d1427363f4a43ef2a8371197638bc8c,7f245a65bbc97ba0ccfac90823bdef8ee0c46847444c3eb23a17d9859617a31b
429,Fabriciana adippe,Nymphalidae,Fabriciana,Fabriciana-adippe-COI,Insecta/Lepidoptera/Nymphalidae/Fabriciana-adippe,95,111,14,879,827,3,1,Violaceae,65,Viola canina;Viola odorata;Viola tricolor,2463879.0;2459312.0;2461201.0,ad2789c7164c7cfabcd3fd673cb84a1f58f9cb3e5c6b08da2f25da919cf97c8e,5072e91f27715204f1d49a048bc9a2d7c56773bdb6286556a9e2e502d4ba6d48
430,Bibarrambla allenella,Oecophoridae,Bibarrambla,Bibarrambla-allenella-COI,Insecta/Lepidoptera/Oecophoridae/Bibarrambla-allenella,53,163,8,269,242,2,1,Betulaceae,77,Alnus incana;Betula papyrifera,6417.0;21557.0,ad644a7c7f89e4cf39fee7ff43ac8fb28f81a3f1b763724d65fa59e2d0fd6ded,e109ef7f4e88a00c1dfe28cc4800f8a399c2bb2f30497bb77a8d18bf52a290fe
431,Eumorpha anchemolus,Sphingidae,Eumorpha,Eumorpha-anchemolus-COI,Insecta/Lepidoptera/Sphingidae/Eumorpha-anchemolus,18,24,3,34,25,1,1,Vitaceae,31,Cissus erosa,2722398.0,ae749674774d8e3dae5d5f18556f8f3cb2cc9b3730d1ed688b4715876ab4e287,32cbea298e60d86f2805b4c6478db932169b52dd7b27fa34efa492002b2127a8
432,Colias gigantea,Pieridae,Colias,Colias-gigantea-COI,Insecta/Lepidoptera/Pieridae/Colias-gigantea,29,59,4,73,60,2,1,Salicaceae,52,Salix lutea;Salix reticulata,2920270.0;2920530.0,ae763a55ef17a90c37b448e8e20d8095a280d8e8cd5619efcd931829a4dd3a51,f0d3933a9879c61e2ab00417ef12543ad4c98b77b14294810d6cb12824d53ea6
433,Parectopa plantaginisella,Gracillariidae,Parectopa,Parectopa-plantaginisella-COI,Insecta/Lepidoptera/Gracillariidae/Parectopa-plantaginisella,15,24,2,23,15,1,1,Plantaginaceae,44,Plantago virginica,2570708.0,ae86326ad8ee472a6aea17ee084254ce64b5c8e05e38d3e3d58ccc8ee44bc8c9,704a2f3645cc172a6ff52310b58fa7bc1a9c71f87a598019eeb5976b9a69a37e
434,Achlyodes busirus,Hesperiidae,Achlyodes,Achlyodes-busirus-COI,Insecta/Lepidoptera/Hesperiidae/Achlyodes-busirus,40,66,6,149,130,1,1,Rutaceae,26,Zanthoxylum rhoifolium,2469000.0,ae92b547cc091384e64fdc813e4227ffc2490f0e0092b38e0e802d7b3250448d,daed6490906cbf29ea0283458103fdc9385ddd39ad6522188f44a75efec45301
435,Apamea anceps,Noctuidae,Apamea,Apamea-anceps-COI,Insecta/Lepidoptera/Noctuidae/Apamea-anceps,24,30,4,65,52,2,1,Poaceae,88,Dactylis glomerata;Hordeum vulgare,406640.0;419563.0,aeab2e7ea92fe13b40b0ad76fdd3d2fdabd3446a81140f568d5103b1929e5176,14df44e44a4c9c800f0d23c2e7ca456c409b70075c92b2575262db87c7ec6152
436,Neofriseria peliella,Gelechiidae,Neofriseria,Neofriseria-peliella-COI,Insecta/Lepidoptera/Gelechiidae/Neofriseria-peliella,39,47,6,158,133,1,1,Polygonaceae,80,Rumex acetosella,2424185.0,af494a0ef2d1613858cacd51de1cc95d087b1aea2d1dc78f77d63c4fb7d48c0e,ef5acca7616409a893155a24c98ed982b95198dd9467425a7b807cd9c37ae44f
437,Oligia strigilis,Noctuidae,Oligia,Oligia-strigilis-COI,Insecta/Lepidoptera/Noctuidae/Oligia-strigilis,58,97,9,350,313,2,1,Poaceae,96,Dactylis glomerata;Elymus repens,406640.0;411505.0,af880898b1e4547fc7b033c0906cd3854dd19236ab7d88e3e8d1f2ea47350998,7f00c9a2b5e6b5e5466f37fe18c94c7896980281a0a59a9666dd0a4e443ca57e
438,Epinotia brunnichana,Tortricidae,Epinotia,Epinotia-brunnichana-COI,Insecta/Lepidoptera/Tortricidae/Epinotia-brunnichana,19,22,3,39,28,1,1,Asteraceae,76,Tussilago farfara,2901763.0,afaf96ff24174a1870289c50b7c91016b8125d5399b0f928707161dadcec540a,945daec66f8c11419bc19d52ea76657943088716337aa684c46bfd04b6be6eee
439,Xystophora pulveratella,Gelechiidae,Xystophora,Xystophora-pulveratella-COI,Insecta/Lepidoptera/Gelechiidae/Xystophora-pulveratella,13,13,2,16,9,1,1,Fabaceae,28,Coronilla varia,2738047.0,b0fcea1206d7d9011d16d5044dbaab732a43ff75be1aeed6bb39e57b0a11ea4f,6aa2162742fe8a5aee6d9537aa7fc530a67d156e703d7bc54cb6b701ac25cc53
440,Syngrapha viridisigma,Noctuidae,Syngrapha,Syngrapha-viridisigma-COI,Insecta/Lepidoptera/Noctuidae/Syngrapha-viridisigma,50,87,8,268,232,3,1,Pinaceae,48,Abies balsamea;Picea laxa;Pseudotsuga menziesii,381647.0;381078.0;379633.0,b126bb4ca21314f458034120a36695148ca14b54b5b664aa5333e24e83fdebd2,81e0b6b5a86786c38ee7b78eede62928f7a6e658f3d7b0c3391e0deaffff7a5f
441,Olethreutes fasciatana,Tortricidae,Olethreutes,Olethreutes-fasciatana-COI,Insecta/Lepidoptera/Tortricidae/Olethreutes-fasciatana,26,55,4,72,56,1,1,Salicaceae,57,Populus tremuloides,2917451.0,b1421a31289f9947a4acbeb4f0684c2ed1f63dacba2e494d49bc20a7a5adb37a,15ee82c7651a3c011554e5dd9463664b3b09c797e0b723c029d54b5bbfa228f0
442,Phyllonorycter trifasciella,Gracillariidae,Phyllonorycter,Phyllonorycter-trifasciella-COI,Insecta/Lepidoptera/Gracillariidae/Phyllonorycter-trifasciella,22,26,3,40,31,1,1,Caprifoliaceae,48,Symphoricarpos albus,2486129.0,b15fa254174b89f7ea816b823264071359120529bd1b9d4a80c4403bf2a00f95,34d287dc63567f8fb30a80ee12a5bce6214ec958cf138efa26b871d558c1dfdc
443,Acrobasis carpinivorella,Pyralidae,Acrobasis,Acrobasis-carpinivorella-COI,Insecta/Lepidoptera/Pyralidae/Acrobasis-carpinivorella,14,22,2,20,12,1,1,Betulaceae,36,Carpinus caroliniana,34302.0,b2f561160ed14a3d69c844eb19e45442b7da203c7662c2cfc1d361bcdd990c3a,28b454c37e2c9aaa86b2a5d75f36e0b4cdea52038872e19f730e1237d2143364
444,Leucania commoides,Noctuidae,Leucania,Leucania-commoides-COI,Insecta/Lepidoptera/Noctuidae/Leucania-commoides,19,60,3,39,27,3,1,Poaceae,118,Dactylis glomerata;Glyceria canadensis;Glyceria maxima,406640.0;417738.0;417855.0,b3e09f241def461da3571a3db79fd99a0b66dadaec81630b418dee463c869c1a,b80342453d380ac1390afbd5654e775fb2cd9e4c9add2cee6cae8f4ae075eb98
445,Acleris implexana,Tortricidae,Acleris,Acleris-implexana-COI,Insecta/Lepidoptera/Tortricidae/Acleris-implexana,19,41,3,35,25,1,1,Salicaceae,57,Populus tremuloides,2917451.0,b3f78a8e95e498c65c7521501ecfb1658972f8d7932f0f83eed53a3d0620bb66,276cd4e1521ce5ff668bad2445c8366ae0fb4b6678f092108ce2abe1b23f18a7
446,Heterocampa obliqua,Notodontidae,Heterocampa,Heterocampa-obliqua-COI,Insecta/Lepidoptera/Notodontidae/Heterocampa-obliqua,18,42,3,39,28,2,1,Fagaceae,41,Quercus alba;Quercus rubra,171499.0;174902.0,b4e29333c69755d21eebe83e3b96ba29d85d9bd2d989fa063cc0d37ea741cf20,365213fdae78a6d93d3727da69d8c5e50fb7ad3d2efd3c2ba063521a1dbe0e85
447,Agrochola circellaris,Noctuidae,Agrochola,Agrochola-circellaris-COI,Insecta/Lepidoptera/Noctuidae/Agrochola-circellaris,34,40,5,117,95,1,1,Salicaceae,59,Populus tremula,2917379.0,b4f7a5157c2cc713fe88adc287ace8cfcf30ecce50ab657df38f3ca734376fc7,45aabd4b10973c27b6900a8490312b2c4502b8b2c8990d931d62e199ee0bc0bc
448,Dichrorampha petiverella,Tortricidae,Dichrorampha,Dichrorampha-petiverella-COI,Insecta/Lepidoptera/Tortricidae/Dichrorampha-petiverella,27,35,4,75,58,2,1,Asteraceae,146,Achillea millefolium;Tanacetum vulgare,2908230.0;2929189.0,b503a3596384154500d762eca3bd2a99e60fce8026d4ebc0d8775facb0d6e5c3,485364b2ff15f8393198f7f4b637bc885555a5d8a232d1945429908f65d5e520
449,Apatura iris,Nymphalidae,Apatura,Apatura-iris-COI,Insecta/Lepidoptera/Nymphalidae/Apatura-iris,39,44,6,149,127,1,1,Salicaceae,59,Populus tremula,2917379.0,b5521c3a449eb1b8e40cc22fd409839e4e966cf6e957b21c36fa2cce6f8b51e5,bd440fcea21677e0bc0f8d979f4529973dda123fd7cec8ad822e9ba3e96e80a5
450,Eucereon aeolum,Arctiidae,Eucereon,Eucereon-aeolum-COI,Insecta/Lepidoptera/Arctiidae/Eucereon-aeolum,38,103,6,158,134,2,1,Fabaceae,56,Erythrina subumbrans;Erythrina variegata,2801039.0;2801051.0,b57cd402f0e853fc73f0d0faa2e412856be02bab67e4b47a02e2c59d8614621c,584f915be48992ee7cb2d99814a6028f5c138088816c579a4f52c67caf727db3
451,Aethes hartmanniana,Tortricidae,Aethes,Aethes-hartmanniana-COI,Insecta/Lepidoptera/Tortricidae/Aethes-hartmanniana,27,30,4,70,55,2,1,Caprifoliaceae,58,Knautia arvensis;Scabiosa columbaria,2334543.0;2593679.0,b592e712699b11d99266c6aa542633f1e3198a5cce803b6683c1ebe92c0bef7b,4859f67404feae74b21d34c333d3c443d0e0de7599540d932d57ea2befd60dd2
452,Ochsenheimeria urella,Ypsolophidae,Ochsenheimeria,Ochsenheimeria-urella-COI,Insecta/Lepidoptera/Ypsolophidae/Ochsenheimeria-urella,19,24,3,35,23,3,1,Poaceae,176,Deschampsia cespitosa;Phleum pratense;Poa pratensis,407579.0;433846.0;436906.0,b6183b75c9b7fbcea4e995994a261c678972a017190fcf2fe59623f01ba708c6,9ef52371593d8c05333c81a8f201c1c0d2795b0ae7360a595ea97ad62ab63937
453,Acrocercops astericola,Gracillariidae,Acrocercops,Acrocercops-astericola-COI,Insecta/Lepidoptera/Gracillariidae/Acrocercops-astericola,52,250,8,295,264,2,1,Asteraceae,46,Symphyotrichum lateriflorum;Symphyotrichum novi-belgii,3103510.0;3103597.0,b6c333ac34965213cb27b42df800ddd9d0204e32b5f85228770f9d025e1c6423,a246915f4997eb89fad80bfa214cca0885984b45047d578a7883f6e4f5e6b4d6
454,Auchmis detersa,Noctuidae,Auchmis,Auchmis-detersa-COI,Insecta/Lepidoptera/Noctuidae/Auchmis-detersa,12,14,2,15,9,1,1,Berberidaceae,33,Berberis vulgaris,2674612.0,b75cbfd963218f20f899c465dda845aa853b3adfdc5306d7ac65a49a23ab33ac,e28009b5e3df9bb7a7dc1aafbc2fd1be5c26fc7c0be82a8128e3728160346546
455,Blastobasis glandulella,Blastobasidae,Blastobasis,Blastobasis-glandulella-COI,Insecta/Lepidoptera/Blastobasidae/Blastobasis-glandulella,60,181,9,337,305,3,1,Fagaceae,41,Quercus alba;Quercus coccinea;Quercus rubra,171499.0;172244.0;174902.0,b7efaaccff0330a37e29575c9a57f77096034b8eee821a1e73b844cc034d1ce3,637f09b602fe0bf87880b98ec3a0d158e205713768ee1fcfafe28b1e1a86259d
456,Opostega salaciella,Opostegidae,Opostega,Opostega-salaciella-COI,Insecta/Lepidoptera/Opostegidae/Opostega-salaciella,17,18,3,33,23,2,1,Polygonaceae,82,Rumex acetosella;Rumex scutatus,2424185.0;2424805.0,b8d177d79a64355b3eb46fdd1d216604c678cad57965073f612053edef407dcb,c1bb3440ee5773bedeb9d253ef52428610b078eb945bd9dd5e84df8b19d6516a
457,Pediasia trisecta,Crambidae,Pediasia,Pediasia-trisecta-COI,Insecta/Lepidoptera/Crambidae/Pediasia-trisecta,56,176,8,288,259,3,1,Poaceae,161,Festuca rubra;Poa pratensis;Zea mays,416502.0;436906.0;450362.0,b9196a80c3d23c175a4136779fa0545393419e6c3879e3d6fed32354a22060d0,0fb920a35b1a86840eae92db63e253c158792780eb58550129c5d2411e962a17
458,Phyllonorycter lantanella,Gracillariidae,Phyllonorycter,Phyllonorycter-lantanella-COI,Insecta/Lepidoptera/Gracillariidae/Phyllonorycter-lantanella,16,18,2,22,16,3,1,Viburnaceae,54,Viburnum lantana;Viburnum opulus;Viburnum tinus,2455932.0;2458547.0;2458668.0,ba2d053ed2ff5b7a0f251c22a898328cc399c34e122316a5777c216d5f4912eb,62e306f228ddc17e674e5d6557f7341afbef6f34739659baa45ecd918726113e
459,Odontosia elegans,Notodontidae,Odontosia,Odontosia-elegans-COI,Insecta/Lepidoptera/Notodontidae/Odontosia-elegans,17,23,3,31,22,1,1,Salicaceae,57,Populus tremuloides,2917451.0,ba6d7f001a193c7d2b2113cddf194533aeca858904cf90546e3bab5dbff7b5dd,06497cc15d3b678414997e86388333c3ee25bbed2448fca9890b3f82493b23ff
460,Lithophane patefacta,Noctuidae,Lithophane,Lithophane-patefacta-COI,Insecta/Lepidoptera/Noctuidae/Lithophane-patefacta,18,60,3,37,26,2,1,Rosaceae,57,Amelanchier alnifolia;Prunus virginiana,2941208.0;2962364.0,baa9d1deeb3e4fbe54333c559098e957ba80cdca740d9010b756b146814e7ab7,512c6616f124f6017f38dbe5c0c18a2bc4ad8ee02c5fee54c3d803e2ed628988
461,Perizoma hydrata,Geometridae,Perizoma,Perizoma-hydrata-COI,Insecta/Lepidoptera/Geometridae/Perizoma-hydrata,23,27,3,47,36,3,1,Caryophyllaceae,84,Silene latifolia subsp. alba;Silene nutans;Silene vulgaris,2488692.0;2488633.0;2487840.0,bc2e6dbe4b80b60f624efc43928a001ac539db556af882c524eb6c37749e1fc0,436bbc2c4f203c41481ba38fcf84ae56a466fff81952b2c8c187fc396c60ec2d
462,Elachista argentella,Elachistidae,Elachista,Elachista-argentella-COI,Insecta/Lepidoptera/Elachistidae/Elachista-argentella,15,22,2,20,12,1,1,Poaceae,142,Phalaris arundinacea,433393.0,bd34a694d4253ce1bf471192875316454a951e9f8ff08dcfabbe8aec7261e710,00730f23691c95d3c694fc593a3d5e015fc7bb8687db064d75b7bc3262cc976a
463,Stigmella samiatella,Nepticulidae,Stigmella,Stigmella-samiatella-COI,Insecta/Lepidoptera/Nepticulidae/Stigmella-samiatella,28,37,4,78,64,3,1,Fagaceae,44,Castanea sativa;Quercus petraea;Quercus robur,35042.0;174374.0;174750.0,bd6618a119eaeb4da44e496cf4db854f6f94dafea0b43f55c0ad6a88edf34eae,e25aaa46e5360d8d7a6a306e3d9d194e7f7cd4d81f95c36b77c0978262ce65db
464,Caloptilia fraxinella,Gracillariidae,Caloptilia,Caloptilia-fraxinella-COI,Insecta/Lepidoptera/Gracillariidae/Caloptilia-fraxinella,17,119,3,38,25,2,1,Oleaceae,40,Fraxinus americana;Fraxinus nigra,369468.0;369888.0,be56b551bee485a90a4114d5c9d82a22339c10062273ffff8143c55fead64b7b,8deefe8f747cd555fa889a88a66e524c0fb623d547464faa31a820f744b35493
465,Arichanna melanaria,Geometridae,Arichanna,Arichanna-melanaria-COI,Insecta/Lepidoptera/Geometridae/Arichanna-melanaria,17,23,3,32,22,3,1,Ericaceae,87,Pieris japonica;Rhododendron indicum;Vaccinium uliginosum,2410234.0;2419447.0;2457998.0,bf813bedf78b80b5bf0091e9f919d8e158b0ebfe6a6dcb91aca816dc8bb053bc,a301650b956a67a1ce56e573f1e919f8e7e16aaa7598e5e81976da82109075bc
466,Cidaria fulvata,Geometridae,Cidaria,Cidaria-fulvata-COI,Insecta/Lepidoptera/Geometridae/Cidaria-fulvata,17,18,3,36,25,1,1,Rosaceae,57,Rosa canina,2921968.0,c012dfb3de01e4bddc4afda5b4be8575553481192754fc2755ff0a69022894d2,d48c30dd0b5d1f37e9e54c3338fe151470e72d5ea2ad6d8cc74fa69441e4c028
467,Melanthia procellata,Geometridae,Melanthia,Melanthia-procellata-COI,Insecta/Lepidoptera/Geometridae/Melanthia-procellata,19,28,3,43,32,1,1,Ranunculaceae,33,Clematis vitalba,2726964.0,c0a2a213a3ffaebc11a007c3355968db7a90c6f8280cc901365048cdb41d88d3,39d72d4cb1816bdf39f241f0a2fa96a916fff0982619df73ddfe88c6b73ca059
468,Zale obliqua,Noctuidae,Zale,Zale-obliqua-COI,Insecta/Lepidoptera/Noctuidae/Zale-obliqua,16,30,2,20,13,1,1,Pinaceae,27,Pinus banksiana,380544.0,c0f4bdc21e5178a762a8dac18b9bd677e14a618eb193a73b69d7be063ba759b5,bdc92bfd6655bb9b1d7873639ab05ebb3b6cee09f0ce70072481e5cd96827f19
469,Leucania lapidaria,Noctuidae,Leucania,Leucania-lapidaria-COI,Insecta/Lepidoptera/Noctuidae/Leucania-lapidaria,12,21,2,16,9,1,1,Poaceae,34,Glyceria canadensis,417738.0,c18fbbddaea61b404df0fd9f89bb492bef3a5a2b1b675df0fbee3305afff0344,5482a880c3b4934b2ca4ddee41a901e3b4fc7b95627e6f384aa3699bdad5fef4
470,Oeneis glacialis,Nymphalidae,Oeneis,Oeneis-glacialis-COI,Insecta/Lepidoptera/Nymphalidae/Oeneis-glacialis,17,19,3,32,23,1,1,Poaceae,62,Festuca ovina,415853.0,c1e5a5ef8593625e729e7f93bfa336afe136a5de902a7578fc35b0f1ef617e99,9e1cb98301db86b5c603ad825d90c4c6bb0d36571bcb4671e38a2e0df6bce828
471,Ortilia ithra,Nymphalidae,Ortilia,Ortilia-ithra-COI,Insecta/Lepidoptera/Nymphalidae/Ortilia-ithra,12,34,2,15,10,3,1,Acanthaceae,33,Dicliptera squarrosa;Justicia carnea;Ruellia simplex,2766711.0;2331183.0;2420045.0,c21dc12ced6e405633a0304e9bea47a357ccbd19ba028a1a8de09c954d875fff,3596bbdff68f4e45f7daff137fce27fdec3ef7fea69d0cea04d39ab29a156559
472,Palpita flegia,Crambidae,Palpita,Palpita-flegia-COI,Insecta/Lepidoptera/Crambidae/Palpita-flegia,43,131,6,167,147,3,1,Apocynaceae,60,Cameraria latifolia;Cascabela thevetia;Nerium oleander,33078.0;34836.0;135196.0,c2a099165b40f255d6d0cf93f8375fdfaa47524ab5050116fd46f7d579f4fab4,60dacdb8e2fd9f596ab69b7cb9e77658c59c86b91a1b275feea705b8b7816372
473,Hypatima rhomboidella,Gelechiidae,Hypatima,Hypatima-rhomboidella-COI,Insecta/Lepidoptera/Gelechiidae/Hypatima-rhomboidella,24,28,4,62,44,2,1,Betulaceae,42,Carpinus betulus;Corylus avellana,34291.0;47841.0,c2ccdb1e41c6819f2cea743bf4f6d843dc1ec23149ffe4eb00a11423b9b061e8,4b4e249011bcdd493c17dc2b2f7c614da513a6a29eeb272492d93cb781627544
474,Batrachedra praeangusta,Batrachedridae,Batrachedra,Batrachedra-praeangusta-COI,Insecta/Lepidoptera/Batrachedridae/Batrachedra-praeangusta,28,35,4,67,54,1,1,Salicaceae,59,Populus tremula,2917379.0,c32027b6bc1576d50b67a4a8df5d99c9281f26972abef7f0d68cbe505410291b,d400c5563461d35304cdb4cbca547a960663ea0d3b14da6151df51e55a6133f8
475,Sonia canadana,Tortricidae,Sonia,Sonia-canadana-COI,Insecta/Lepidoptera/Tortricidae/Sonia-canadana,25,54,4,70,53,1,1,Asteraceae,46,Symphyotrichum novae-angliae,3103552.0,c322be59311f4dba11b2e9bb53c9fe3d09d2f3ab51e23ba4f2b715a7e6cefe7a,e30844e6174395a9812ccce80e65bb19c470306c8c9ffbb910041d36670b9229
476,Ledaea perditalis,Erebidae,Ledaea,Ledaea-perditalis-COI,Insecta/Lepidoptera/Erebidae/Ledaea-perditalis,18,29,3,34,24,1,1,Cyperaceae,47,Scirpus cyperinus,264006.0,c36a56c08fe3240a1fb7be40f9fdae967aecc0265b1c6d16c127d3f47fcc4336,55b0675aa183d6e99114c413bcef1bf30473d1f72077f6b929c5a29263e89077
477,Epirrhoe galiata,Geometridae,Epirrhoe,Epirrhoe-galiata-COI,Insecta/Lepidoptera/Geometridae/Epirrhoe-galiata,34,47,5,120,102,1,1,Rubiaceae,77,Galium verum,87863.0,c3f07e53f75f2ba71b8e99f14cffdf801890feeeac6656787f90b92fd99a4325,b9109df29a75962272f028266b046e214bb2cf076ff6866d67bcacb0c75bf6c2
478,Melipotis perpendicularis,Noctuidae,Melipotis,Melipotis-perpendicularis-COI,Insecta/Lepidoptera/Noctuidae/Melipotis-perpendicularis,14,21,2,19,10,1,1,Sapindaceae,163,Dodonaea viscosa,2774037.0,c515e55d27da3041c10c12305a73b34869bac597d05231792d4eb8fe313c6447,c2689929a8963cac2412c6087bc1c185a1335518416f41a21b4864e509ae8289
479,Apotomis funerea,Tortricidae,Apotomis,Apotomis-funerea-COI,Insecta/Lepidoptera/Tortricidae/Apotomis-funerea,13,19,2,16,10,1,1,Betulaceae,41,Betula papyrifera,21557.0,c545f4faf396c0e45a713aa4cf5c88167b41e940e90fa2bf4dd6d4389609716e,7beabae049adde81e206bf831c6dc925275ddc0be981a7ca6b26a1b1b5dea7b3
480,Chesias legatella,Geometridae,Chesias,Chesias-legatella-COI,Insecta/Lepidoptera/Geometridae/Chesias-legatella,14,14,2,18,11,1,1,Fabaceae,29,Cytisus scoparius,2754907.0,c5dd0ea12beec97317cc327e53134ea7c05bd3f58eca9e7380dbfb0f6a0b73a1,c83c9943d33ef43200144c9ee78994e994b65de019a14d278b4924d90879ab2b
481,Phyprosopus callitrichoides,Noctuidae,Phyprosopus,Phyprosopus-callitrichoides-COI,Insecta/Lepidoptera/Noctuidae/Phyprosopus-callitrichoides,20,30,3,39,28,1,1,Smilacaceae,33,Smilax rotundifolia,288926.0,c61d0bdbd147492dc4a9b2459a7c005f7fa48a0e5bbd85feaafc367078a32e4d,4854d621bc159be14959f9b6d1ce5b3a2367950faa23ff2fb40e67dd1fbbb3d5
482,Polythrix caunus,Hesperiidae,Polythrix,Polythrix-caunus-COI,Insecta/Lepidoptera/Hesperiidae/Polythrix-caunus,26,46,4,71,55,1,1,Bignoniaceae,24,Tanaecium pyramidatum,320995.0,c679245658c38b34ae98909f255342f3909a848a02605eb0d21ff9153f333a69,8ae42eb3e88cf03346ddb9289d0503b8348a85c7a260593eaa594123b448eb04
483,Cosmopterix pulchrimella,Cosmopterigidae,Cosmopterix,Cosmopterix-pulchrimella-COI,Insecta/Lepidoptera/Cosmopterigidae/Cosmopterix-pulchrimella,13,26,2,16,10,1,1,Urticaceae,58,Parietaria pensylvanica,2546420.0,c685d280c01d3f58386e622e67406dc60cf5fa5f726757acc6266eee5d047fca,1413a0213f1b2cd3585d3b94cb9730aeec4ad8e544569f3634da014884df66ec
484,Conchylodes ovulalis,Crambidae,Conchylodes,Conchylodes-ovulalis-COI,Insecta/Lepidoptera/Crambidae/Conchylodes-ovulalis,32,52,5,97,79,1,1,Asteraceae,40,Parthenium hysterophorus,3119664.0,c68e53babbf5949c2b0f31e4303269b6829f7446d269ebcc56650e92617e2dca,48f4f9d5f63966a68c991cf2f690d1908c14afebe4cb6ccf079c1a945541684a
485,Phyllonorycter tristrigella,Gracillariidae,Phyllonorycter,Phyllonorycter-tristrigella-COI,Insecta/Lepidoptera/Gracillariidae/Phyllonorycter-tristrigella,14,15,2,18,11,2,1,Ulmaceae,54,Ulmus laciniata;Ulmus minor subsp. minor,2448685.0;3258625.0,c730ac20ff187d31c13635061745b2cb8066562a712b5326e48feccabe1d9315,f202e78d5ab8ac22909a853f58820ecb38165b9e0e80ea8eb185de64d8962132
486,Watsonalla binaria,Drepanidae,Watsonalla,Watsonalla-binaria-COI,Insecta/Lepidoptera/Drepanidae/Watsonalla-binaria,26,32,4,73,57,1,1,Betulaceae,75,Betula pendula,21582.0,c786605cc906276bd2b9b31caf858749a09bffdb2fa4df7108c1fef956efa547,37879e01fce38aaaf7d6b870ed19f13899544050e1da86801974a0ca344dd4fd
487,Ectoedemia subbimaculella,Nepticulidae,Ectoedemia,Ectoedemia-subbimaculella-COI,Insecta/Lepidoptera/Nepticulidae/Ectoedemia-subbimaculella,30,39,5,105,84,3,1,Fagaceae,44,Castanea sativa;Quercus petraea;Quercus robur,35042.0;174374.0;174750.0,c7bd51783f9f1e5467bc6679e86b4eeee93222826680b0629063c67e19bf2485,8b7e177ee5887b15857050e065397880b12af8a30f01144dd323f62f752af39c
488,Exoteleia dodecella,Gelechiidae,Exoteleia,Exoteleia-dodecella-COI,Insecta/Lepidoptera/Gelechiidae/Exoteleia-dodecella,59,97,9,374,336,2,1,Pinaceae,39,Pinus banksiana;Pinus mugo,380544.0;380254.0,c8cf5dfe76303d7b4e0f7aa59bb8a726dbc841cf2b748e6faea2fe6a64770d27,59e616e8b15be2a0d9a8470b37e9252a6fe33294cf7083a396781fde19216ea8
489,Polyommatus coridon,Lycaenidae,Polyommatus,Polyommatus-coridon-COI,Insecta/Lepidoptera/Lycaenidae/Polyommatus-coridon,49,63,7,208,185,1,1,Fabaceae,71,Lotus corniculatus,2345329.0,c92b9c8433e999cea33382abe99e76b2009172b2d41941b76f81fd49ab750cb1,256c39effb568dd6919d548b3c79920b067e2f77e97043ee5241d17ebfca1a5d
490,Pilocrocis ramentalis,Crambidae,Pilocrocis,Pilocrocis-ramentalis-COI,Insecta/Lepidoptera/Crambidae/Pilocrocis-ramentalis,33,58,5,110,91,1,1,Urticaceae,75,Boehmeria cylindrica,2678186.0,c9ae1fb4d7b1d2fa19b1e5d1e540eb7c3080a133ae66e758dae206402cc28a82,375322a5f75429aced7dd7999ec77a73d706d0fcbf0a6f333428fd8b6ae1b1c5
491,Meroptera abditiva,Pyralidae,Meroptera,Meroptera-abditiva-COI,Insecta/Lepidoptera/Pyralidae/Meroptera-abditiva,12,18,2,17,10,2,1,Salicaceae,116,Populus tremula;Populus tremuloides,2917379.0;2917451.0,ca386370dbe260974e242fffeced50927cd97e1954a602e7562cfb8979905c6c,698edada3d7b5b9b18c01808cc5adadd61e6220914bcefab63812acfa174d5fb
492,Palpita vitrealis,Crambidae,Palpita,Palpita-vitrealis-COI,Insecta/Lepidoptera/Crambidae/Palpita-vitrealis,15,15,2,19,13,1,1,Oleaceae,57,Olea europaea,355112.0,ca6d16b975a0c4778745d0d6afd5800e5f4a0c80d7edf454562d1c8e761cafca,a305ab3797b94a9f669275904ecbb1e84be6241eb8809f5646efba0eaee26df2
493,Sorhagenia janiszewskae,Cosmopterigidae,Sorhagenia,Sorhagenia-janiszewskae-COI,Insecta/Lepidoptera/Cosmopterigidae/Sorhagenia-janiszewskae,13,15,2,18,10,1,1,Rhamnaceae,48,Frangula alnus,2814031.0,cab171aadc3ea33ecc28929fb45bcf71986ee00731b8b4dbf18b80fef39f652e,874a9cec18b2059dc52a778e1fb8de058fcad410092f988163d63362cefb8484
494,Cnephasia genitalana,Tortricidae,Cnephasia,Cnephasia-genitalana-COI,Insecta/Lepidoptera/Tortricidae/Cnephasia-genitalana,16,19,2,22,16,1,1,Asteraceae,53,Bellis perennis,2922692.0,cab3d30ba8d3840ffd6d2c6e99eaa2b4b5830828f8d6d3ca1fb1184cdbb97dee,dd65b01b233ffb0ea31ea8af52e779ebe18842e79c77afb274d2d2036f0f8e69
495,Pseudophilotes baton,Lycaenidae,Pseudophilotes,Pseudophilotes-baton-COI,Insecta/Lepidoptera/Lycaenidae/Pseudophilotes-baton,65,75,10,407,373,1,1,Lamiaceae,29,Thymus praecox,205262.0,cb0a6e349a87416802dbf9b5b2ddc3eaf2b6e126dcd14993fc164fa948cb16d3,85b8dfe904fe9abe7b16c6cf4c89abc96b1f0a5f575551fb18d18e3cb43bc073
496,Scoparia subfusca,Crambidae,Scoparia,Scoparia-subfusca-COI,Insecta/Lepidoptera/Crambidae/Scoparia-subfusca,23,29,3,48,36,1,1,Asteraceae,55,Picris hieracioides,3072286.0,cb47653b140662af9dca330fd7414159d235b7cb599d9e2b58fb7ff5afa0b070,00686cedd9e4f5ed99bd72f8624808d5258296a8c015e4f3417eccdc2ad2faab
497,Euscirrhopterus poeyi,Noctuidae,Euscirrhopterus,Euscirrhopterus-poeyi-COI,Insecta/Lepidoptera/Noctuidae/Euscirrhopterus-poeyi,19,42,3,38,27,1,1,Nyctaginaceae,76,Pisonia aculeata,2552434.0,cbe9d1dc74e9f1d43b19877ef105bf74890518ca0b45d841a9c3470e1840d990,ef3bc8f7dac42d1aa28d935500cc00b0b5bee640734aa6f1e85567315e906e1c
498,Siderone galanthis,Nymphalidae,Siderone,Siderone-galanthis-COI,Insecta/Lepidoptera/Nymphalidae/Siderone-galanthis,29,37,4,72,59,1,1,Salicaceae,34,Casearia aculeata,2924208.0,cc917ff2c547c50bb3a7b453891f6b1f3e01f2282eacaf893f145418a9dc8a70,a54cf034f4b3ef27177db87fba649acd08215ee76b0343b982866db4fc23d79f
499,Pygmaena fusca,Geometridae,Macaria,Pygmaena-fusca-COI,Insecta/Lepidoptera/Geometridae/Pygmaena-fusca,16,20,2,23,16,1,1,Ericaceae,78,Empetrum nigrum,2788473.0,cd44ee08f8d95f5bc2697134b617602b52d692c779bfd4611020ff370a4f6b43,70999810b6ece8a7c8bd9b5dc9e27d4f73053acb7aabb2c727f0f26023a7b496
500,Argolamprotes micella,Gelechiidae,Argolamprotes,Argolamprotes-micella-COI,Insecta/Lepidoptera/Gelechiidae/Argolamprotes-micella,19,19,3,39,27,1,1,Rosaceae,118,Rubus idaeus,2982071.0,ce0840e0f7329fc06f2ff3ba55d13b3482a7102a774c91bdb5eaf0bb384e2a19,6bf8f7c1ed6bed894e9d3e30be7b25979ae14b7917ae431dee4fc63fec8f3b66
501,Epinotia abbreviana,Tortricidae,Epinotia,Epinotia-abbreviana-COI,Insecta/Lepidoptera/Tortricidae/Epinotia-abbreviana,15,28,2,19,13,1,1,Sapindaceae,31,Acer campestre,2615447.0,ce4e19e1e6b4bfe2afc5ef84c327487e15e77e53ed1e4066b448d080298e4d50,6a9318eedc1fe63048e9db9e15e61f34aa4570bd966548e4356f5262849381f2
502,Eupithecia perfusca,Geometridae,Eupithecia,Eupithecia-perfusca-COI,Insecta/Lepidoptera/Geometridae/Eupithecia-perfusca,22,47,3,45,33,2,1,Betulaceae,46,Betula occidentalis;Betula papyrifera,21535.0;21557.0,ce890f35cbb7cc097d7f7bb367c8ca5aff70745192705c8c5d09ed445d39da34,f86c481fe2ba2784be84a1dd4e9987ebddfe2e6adca7ec413577d88eac6b175c
503,Aphelia unitana,Tortricidae,Aphelia,Aphelia-unitana-COI,Insecta/Lepidoptera/Tortricidae/Aphelia-unitana,21,25,3,45,32,1,1,Apiaceae,50,Angelica sylvestris,2639281.0,ce9abffc3f71b6d4319fe00a754c9e2c0bb1ea955f0e8a96a08e0a5a15006ee3,bf38701b0c30038983baf59b802f5da11b00061cd7292593a33495746e91253c
504,Hydrelia inornata,Geometridae,Hydrelia,Hydrelia-inornata-COI,Insecta/Lepidoptera/Geometridae/Hydrelia-inornata,20,47,3,41,31,2,1,Betulaceae,48,Betula alleghaniensis;Betula papyrifera,21135.0;21557.0,ce9c3179a14dee4c1985075350049b64c39e62f4bfbe980958036976dc65fb6e,b8c029e63590242df9292e629f7527f373fb7464e13ccdb9656e07f77f402331
505,Levipalpus hepatariella,Elachistidae,Levipalpus,Levipalpus-hepatariella-COI,Insecta/Lepidoptera/Elachistidae/Levipalpus-hepatariella,17,20,3,30,23,1,1,Asteraceae,58,Antennaria dioica,3089154.0,cea54acde3cfdf43e33a6875c704c6d882cdc65937e13bf0f0bf9fbe49489ff4,af31baaf994df9853439d2e63bbccdea7818986bd04dbfbbb08bcfa92048cf2c
506,Cladara atroliturata,Geometridae,Cladara,Cladara-atroliturata-COI,Insecta/Lepidoptera/Geometridae/Cladara-atroliturata,20,22,3,39,29,1,1,Betulaceae,41,Betula papyrifera,21557.0,ceefaa3086d16b174748096b566b206e1518f18ec9d6708edced65c0b1c65f28,ea74d2acbb39c80ef10fc01d1a399ead34977a21d2e5f99beb723d79523cc9b9
507,Eusarca confusaria,Geometridae,Eusarca,Eusarca-confusaria-COI,Insecta/Lepidoptera/Geometridae/Eusarca-confusaria,18,38,3,33,23,1,1,Asteraceae,51,Taraxacum sect. Taraxacum,2916959.0,cfade030fa9d0ff72fe99425c38dee188a3e3df1753b8fdf7b6b195194998345,13070fa80a1759111ed8b4d5e8ddef98610c44ed00ef4ac6808dff9b6ba6ffd8
508,Chersotis cuprea,Noctuidae,Chersotis,Chersotis-cuprea-COI,Insecta/Lepidoptera/Noctuidae/Chersotis-cuprea,22,26,3,48,35,1,1,Ericaceae,62,Vaccinium myrtillus,2457648.0,d08ee4b05993532fda959bbe851f433c088bcd1fe7928b3ebe4a38925eab50df,6ce54f83490370b505da07059f411b175e22e9d02e9cf4a5bca8b7268048d07b
509,Phyllonorycter maestingella,Gracillariidae,Phyllonorycter,Phyllonorycter-maestingella-COI,Insecta/Lepidoptera/Gracillariidae/Phyllonorycter-maestingella,103,168,15,1021,968,1,1,Fagaceae,31,Fagus sylvatica,83891.0,d0ac862d1235d7c2a137906f0497e9dadab7e1c5765f74cf6a758d3a21d0f45c,60ba241b6fbeebdf488184e0b30cd81d43bef421f3bd6f925efcbf4f7855bf5d
510,Coleophora trifolii,Coleophoridae,Coleophora,Coleophora-trifolii-COI,Insecta/Lepidoptera/Coleophoridae/Coleophora-trifolii,35,68,5,119,100,2,1,Fabaceae,83,Trifolium fragiferum;Trifolium repens,2439455.0;2439997.0,d0d0dee85bba8125d22fd82e575dba5076cbe94cf5d74107327a79670e747701,2b78c6f4ca1dcd7c9d2c24b7a974702a0eaacafa4d7819572a84be1982c5da85
511,Andriasa contraria,Sphingidae,Andriasa,Andriasa-contraria-COI,Insecta/Lepidoptera/Sphingidae/Andriasa-contraria,20,26,3,37,25,3,1,Bignoniaceae,27,Markhamia lutea;Markhamia zanzibarica;Spathodea campanulata subsp. nilotica,317580.0;317597.0;318180.0,d0df838114b691de92414ee05cd6dbc36e0d441c5f32ba451af1b9e689f48dc6,5e7b187a4e0147ef2dd3add3a0f9632120610871f652168dabd854fae3ce50c6
512,Bucculatrix trifasciella,Bucculatricidae,Bucculatrix,Bucculatrix-trifasciella-COI,Insecta/Lepidoptera/Bucculatricidae/Bucculatrix-trifasciella,13,31,2,17,12,1,1,Fagaceae,39,Quercus rubra,174902.0,d0e1076c937ddbca621fe9027092b10e1fa6f3222a53bfde0a2a16f650b101ff,1dfcecf2249ef057e3eba52fecfb00e1980ee5cceb572e24937cf937f61c93ed
513,Phyllonorycter oxyacanthae,Gracillariidae,Phyllonorycter,Phyllonorycter-oxyacanthae-COI,Insecta/Lepidoptera/Gracillariidae/Phyllonorycter-oxyacanthae,35,49,5,118,99,3,1,Rosaceae,49,Crataegus laevigata;Crataegus monogyna;Pyrus communis,2921981.0;2921984.0;2963115.0,d149a7050d46f79d632463a869008efddda8c92afdbf38f6928f0e46f120d755,d3378569c0e9c0c4911daad30532eb3f67f1013141604451ce2f116100b2d2dc
514,Dichrorampha aeratana,Tortricidae,Dichrorampha,Dichrorampha-aeratana-COI,Insecta/Lepidoptera/Tortricidae/Dichrorampha-aeratana,20,30,3,40,29,1,1,Asteraceae,54,Leucanthemum vulgare,3112766.0,d1bd87a1491199d5b7ab3673bcb2f2cd117a8f44c134606f60282ee855407c45,fe2e07b05b3673dd262e5d577c6ea2758720fc8e4757e769e4c633d48dfe8b7b
515,Dypterygia scabriuscula,Noctuidae,Dypterygia,Dypterygia-scabriuscula-COI,Insecta/Lepidoptera/Noctuidae/Dypterygia-scabriuscula,26,28,4,67,54,2,1,Polygonaceae,102,Fallopia convolvulus;Rumex acetosella,2807634.0;2424185.0,d207b8252e4d4291e69a6accf8cdfc0429d4ff2fd41b43b116e77313c9bbccad,7aacffca30bbf5f74c422719e8822a72487017d67d99bc298cdea0483360af44
516,Catarhoe cuculata,Geometridae,Catarhoe,Catarhoe-cuculata-COI,Insecta/Lepidoptera/Geometridae/Catarhoe-cuculata,25,32,4,72,57,2,1,Rubiaceae,79,Galium mollugo;Galium verum,86839.0;87863.0,d2345907ca5db60d40d7fa1391d5260218e462b603133395debe7b525399f300,3a37a9680925c2fee661c81a02709635dc29e5f35a3b73a058569f6c067dbe81
517,Eupithecia intricata,Geometridae,Eupithecia,Eupithecia-intricata-COI,Insecta/Lepidoptera/Geometridae/Eupithecia-intricata,60,93,9,352,315,3,1,Cupressaceae,46,Juniperus scopulorum;Thuja occidentalis;Thuja plicata,377330.0;378542.0;378546.0,d253db598329857c39760354429e5ef3254fc39e5b5fb98c96432080ef2b9c47,9a1970d2ed2f17631090c2a50d4dc1081aac1c3167643406eba5fd6bb7194136
518,Caloptilia elongella,Gracillariidae,Caloptilia,Caloptilia-elongella-COI,Insecta/Lepidoptera/Gracillariidae/Caloptilia-elongella,33,38,5,110,89,1,1,Betulaceae,45,Alnus glutinosa,6364.0,d2b541ec38a21d3f5f2dfd7fc5acf85673a20a8da8774b391d5aae2ce5b0c602,0e9e2d53c9a114800ba427153fe0ecea29afa69f421343c4321aa5a55f51233f
519,Aplocera praeformata,Geometridae,Aplocera,Aplocera-praeformata-COI,Insecta/Lepidoptera/Geometridae/Aplocera-praeformata,23,23,3,48,36,1,1,Hypericaceae,70,Hypericum perforatum,516286.0,d37071336efcf692410fbc6e99d6f20b1d5c0724f20a8ab2804c868a603e4f1b,2c511d2520aad0056c15a8a9f03941188a359ed14f406c1898feff1aeec7968c
520,Aricia agestis,Lycaenidae,Aricia,Aricia-agestis-COI,Insecta/Lepidoptera/Lycaenidae/Aricia-agestis,296,387,44,8043,7904,1,1,Geraniaceae,88,Erodium cicutarium,2798183.0,d38e474877cf272e610f1cc04725447652d0970717ff93084f00579d61ed69de,d1b9e04db2dbb2f03fbef48c086dfe5455cd3822aa9e9227752327a6a5acc88d
521,Sorhagenia rhamniella,Cosmopterigidae,Sorhagenia,Sorhagenia-rhamniella-COI,Insecta/Lepidoptera/Cosmopterigidae/Sorhagenia-rhamniella,15,16,2,20,13,1,1,Rhamnaceae,45,Rhamnus cathartica,2523018.0,d4d1cccc45b91159d9be655ccb8b3c990b97aed09a89b034350a6bff08588d37,f87ef7b7cc7722fffc2300390538655c260790e8c1fffdd5470914da732e884d
522,Spargaloma sexpunctata,Noctuidae,Spargaloma,Spargaloma-sexpunctata-COI,Insecta/Lepidoptera/Noctuidae/Spargaloma-sexpunctata,23,33,3,45,33,1,1,Apocynaceae,50,Apocynum androsaemifolium,12804.0,d540719d834acf9e7520959de422beb116891997ba0d46fab21820b9ac84e1e5,9eb87355c6736e795a16721f0bcefbd079fbdbf8e0b081711976a539d3b0c34d
523,Sympistis zetterstedtii,Noctuidae,Sympistis,Sympistis-zetterstedtii-COI,Insecta/Lepidoptera/Noctuidae/Sympistis-zetterstedtii,40,460,6,155,134,1,1,Rosaceae,39,Dryas octopetala,2948071.0,d5416989cd52519465549cc0644dab651483b8601b14901ee19cd5ef72f89828,015210ad37dd6274fe1377de2f5e02b9ca766486d29cd9a7aacca67ad1c47375
524,Entephria multivagata,Geometridae,Entephria,Entephria-multivagata-COI,Insecta/Lepidoptera/Geometridae/Entephria-multivagata,13,15,2,20,13,1,1,Pinaceae,27,Picea laxa,381078.0,d543d3fe92413d1a0622e879b929317623ce6363a45f83313793994116385a55,f8f27ce8e8b88afcdaad0cbf4e63b101b15dcdebf2067253bcabfa22de61ee15
525,Caryocolum cassella,Gelechiidae,Caryocolum,Caryocolum-cassella-COI,Insecta/Lepidoptera/Gelechiidae/Caryocolum-cassella,32,69,5,104,86,1,1,Caryophyllaceae,36,Stellaria nemorum,2482625.0,d593fbe5de48dfbcca644ff62cb809317cca638c60903abca78bdcae08c7d9cb,bce78b16c9eae8fcac795da167fd5b6a1408e0e8b462458a5d0cd28817af69a4
526,Pempeliella ornatella,Pyralidae,Pempeliella,Pempeliella-ornatella-COI,Insecta/Lepidoptera/Pyralidae/Pempeliella-ornatella,24,25,4,62,50,1,1,Lamiaceae,29,Thymus praecox,205262.0,d6053290250286f29783b1ef5b853c979fe7a5eb3aca1ab7ce938ab9e8fb3590,9606157a4cb33740fcd2b870b26312e9ed20d411a4655ea74a8fe69e7b3387ba
527,Pyronia bathseba,Nymphalidae,Pyronia,Pyronia-bathseba-COI,Insecta/Lepidoptera/Nymphalidae/Pyronia-bathseba,37,41,6,153,132,3,1,Poaceae,86,Brachypodium phoenicoides;Brachypodium retusum;Poa trivialis,399988.0;400076.0;437547.0,d613f6e806ea351c30e2f6e7ae1002edb35f001fd568dd066610034ce158976b,734831867752bc7cc710c08b5a7901b21ef36283bd260f9017af0f1524293e8f
528,Dyspteris abortivaria,Geometridae,Dyspteris,Dyspteris-abortivaria-COI,Insecta/Lepidoptera/Geometridae/Dyspteris-abortivaria,20,47,3,40,29,1,1,Vitaceae,51,Parthenocissus quinquefolia,2548124.0,d64838f3205f0f3fae1f245fc82991d81ca09bae0cde8a834afa4f69225bbc18,f0288e20b769fd47f2844fb95f89b5e48015497e5cc958fcb1fbb5ab495b75c9
529,Phyllonorycter ulmifoliella,Gracillariidae,Phyllonorycter,Phyllonorycter-ulmifoliella-COI,Insecta/Lepidoptera/Gracillariidae/Phyllonorycter-ulmifoliella,49,73,7,233,203,3,1,Betulaceae,79,Betula pendula;Betula pendula subsp. mandshurica;Betula pubescens,21582.0;488094.0;21636.0,d67318314dd803213df8d4df4cca0a77873b454e07bcfc56b0b21e9e577b6c43,5e3d99f30835c8c7374e4b3ff13b526d311aaddd66c88c58bbbb11ee567902f4
530,Erebia tyndarus,Nymphalidae,Erebia,Erebia-tyndarus-COI,Insecta/Lepidoptera/Nymphalidae/Erebia-tyndarus,22,25,3,40,32,3,1,Poaceae,161,Festuca ovina;Festuca rubra;Poa pratensis,415853.0;416502.0;436906.0,d72c8173e02ee27eecee450241b3700d4839d4307a492c3780d514f3b06d2621,805d6ec47db296a091ff9512c1689659725c09c5b386ffbc23b2ea1299d6c94f
531,Ategumia ebulealis,Crambidae,Ategumia,Ategumia-ebulealis-COI,Insecta/Lepidoptera/Crambidae/Ategumia-ebulealis,27,46,4,71,54,2,1,Melastomataceae,35,Miconia crenata;Miconia umbellata,3020239.0;3021102.0,d7549a7513ed06dfa415bfd52989bc4a71f6d887c7dc280a67ba7d56b176c912,5bb2c06ed35967cc70b913b2a40a6143696e0b3af57a0ba33686899446248dce
532,Metzneria metzneriella,Gelechiidae,Metzneria,Metzneria-metzneriella-COI,Insecta/Lepidoptera/Gelechiidae/Metzneria-metzneriella,37,41,6,152,128,1,1,Asteraceae,30,Serratula tinctoria,3047110.0,d840c8eb37d5f30245cc910f32e49b89fd1625beffddfacfb2c00b926843c314,8c4100d092ea3f4ab8a0cee603f8a225ab40f5e27a34b2a9f5cb0b4cf7bce41c
533,Speyeria aphrodite,Nymphalidae,Speyeria,Speyeria-aphrodite-COI,Insecta/Lepidoptera/Nymphalidae/Speyeria-aphrodite,28,40,4,77,62,3,1,Violaceae,91,Viola sagittata;Viola sororia;Viola tricolor,2459624.0;2461426.0;2461201.0,d8b2f6fc656670e3ec230a673597b1f6913658d1d761da80187d65020296e12a,d540cf2183639659e5340a6174db68c2f700b7f0c76b406475a93a6a0a4d90f7
534,Micrurapteryx salicifoliella,Gracillariidae,Micrurapteryx,Micrurapteryx-salicifoliella-COI,Insecta/Lepidoptera/Gracillariidae/Micrurapteryx-salicifoliella,50,712,8,252,219,3,1,Salicaceae,29,Salix babylonica;Salix exigua;Salix integra,2921604.0;2918086.0;2918514.0,d8bd5f6b07e38f0310d644ccb274d620d1364cc0c5bb1391caaa9894d0c30549,a5572c2b31bcb730986974ec33424fe5684cc5ac006fd33b92dc6c0e744bf529
535,Endothenia quadrimaculana,Tortricidae,Endothenia,Endothenia-quadrimaculana-COI,Insecta/Lepidoptera/Tortricidae/Endothenia-quadrimaculana,18,22,3,38,27,3,1,Lamiaceae,66,Mentha spicata;Stachys floridana;Stachys palustris,125402.0;195060.0;195411.0,d8e38b2601dda9d3b749df1f61aa51dfe000c198b4d17f0a4e4ee0c2fc840e8d,1e43d0e33af4c289505cdbfbfadee0b85ffd9618d783def814efa07bf744210e
536,Rhizedra lutosa,Noctuidae,Rhizedra,Rhizedra-lutosa-COI,Insecta/Lepidoptera/Noctuidae/Rhizedra-lutosa,25,34,4,65,50,1,1,Poaceae,224,Phragmites australis,433921.0,d915391ef9c3257390215d41c0a399b179729271d0c360e273cffbd18c75913a,7d6d913c342495d4c98eda90a953f53d4bce1c61e167cc0aacb486a54bcc3511
537,Adelpha melanthe,Nymphalidae,Adelpha,Adelpha-melanthe-COI,Insecta/Lepidoptera/Nymphalidae/Adelpha-melanthe,49,104,7,225,200,1,1,Cannabaceae,40,Trema micranthum,2518720.0,d9305d75e88733e8ed816ce531a02d0eccd66fc1ae5e4d17e987a1fd1dc5c6e4,2526671ffad25036ded0c7ab4f885f9c7dfa9c64eb3631a4817314bf9a800177
538,Argyrotaenia alisellana,Tortricidae,Argyrotaenia,Argyrotaenia-alisellana-COI,Insecta/Lepidoptera/Tortricidae/Argyrotaenia-alisellana,13,29,2,17,10,1,1,Fagaceae,37,Quercus alba,171499.0,d93eb2f719968fa2075630f655725e324461d29f75d8224d9d97dce959ae5ef3,3336dd1257d78ec556002a639270a9923d153892065b7f25368a5873428a4373
539,Cochylidia heydeniana,Tortricidae,Cochylidia,Cochylidia-heydeniana-COI,Insecta/Lepidoptera/Tortricidae/Cochylidia-heydeniana,16,20,2,22,14,2,1,Asteraceae,172,Erigeron acris;Erigeron canadensis,3104709.0;2926303.0,d974a84d95869be37c9b0cb2a040befb5863f1a745752defc889ce9493d6f216,33e7c261d0a12c539961ec6b65f475509cb5d529e618d213e640058fab1acf36
540,Gonodonta incurva,Noctuidae,Gonodonta,Gonodonta-incurva-COI,Insecta/Lepidoptera/Noctuidae/Gonodonta-incurva,41,78,6,162,140,1,1,Piperaceae,33,Piper peltatum,2569467.0,da25945cb15834f8db1f112b2910868d45047c8966516c3c9dc32225dfef2429,c0a5cc0ecad5c5e8af718fb59cdee994ddf3f5dbe55effd88c1e3b8226ecb151
541,Autographa bractea,Noctuidae,Autographa,Autographa-bractea-COI,Insecta/Lepidoptera/Noctuidae/Autographa-bractea,13,16,2,18,9,1,1,Apiaceae,71,Anthriscus sylvestris,2641868.0,daa7f8d456efc6280e9a8abba2482d4a58be65f4472ef77a781f0170ed5f196c,6dfda38ba124f1c946074e50b9beac9be6999b4de063c621d931e2726f203b4f
542,Phalaenostola larentioides,Noctuidae,Phalaenostola,Phalaenostola-larentioides-COI,Insecta/Lepidoptera/Noctuidae/Phalaenostola-larentioides,32,67,5,106,85,1,1,Poaceae,153,Poa pratensis,436906.0,db427dbf9791bb84dd367181926f1baf4b1b64b0b06b6cdedcafe8e1c587047b,01fe1422b161183262645efb23b50518d748ef112929a1a86c2699a4b24f5b61
543,Bucculatrix nigricomella,Bucculatricidae,Bucculatrix,Bucculatrix-nigricomella-COI,Insecta/Lepidoptera/Bucculatricidae/Bucculatrix-nigricomella,18,25,3,38,24,1,1,Asteraceae,54,Leucanthemum vulgare,3112766.0,db51f8474a4fbf8ab8c397e4bbaff1bc1c937d1f7470b7e3e362cfaa1533436c,27a7a135b99d5b65422f6aeb4a78aa4e0608905e2f9044e693b625b1f0b29816
544,Teleiodes luculella,Gelechiidae,Teleiodes,Teleiodes-luculella-COI,Insecta/Lepidoptera/Gelechiidae/Teleiodes-luculella,30,34,5,107,88,1,1,Fagaceae,42,Quercus robur,174750.0,dc010f12846d138ffca660f227bbbf58924f69d32ad2452a8fef3999e840cc7a,ae625d42b9f412928e7862c96f05422425f8e93198acb717c7d5c4479c80bf96
545,Rhagades pruni,Zygaenidae,Rhagades,Rhagades-pruni-COI,Insecta/Lepidoptera/Zygaenidae/Rhagades-pruni,12,18,2,15,8,3,1,Ericaceae,102,Andromeda polifolia;Calluna vulgaris;Vaccinium uliginosum,2637263.0;2692970.0;2457998.0,dcdd86a3bc701bd74195221b7ec637a1477b66ec0c8b4dc880f4817cad267f63,b5f2ccd8ae9f68156931f0d0071ec07c7ce06617b81081edf6db534cf324b606
546,Phycitodes binaevella,Pyralidae,Phycitodes,Phycitodes-binaevella-COI,Insecta/Lepidoptera/Pyralidae/Phycitodes-binaevella,23,23,3,46,36,2,1,Asteraceae,72,Carduus pycnocephalus;Cirsium vulgare,3041131.0;3042723.0,dd0970d9c197b8e9c06f9d13994c964ce0f7d01d99c723e8415bdea31df40955,c966bd6b69760654c2c28811371f2c13f872ee4a2a4225fdd0401263b53905eb
547,Parapediasia teterrellus,Crambidae,Parapediasia,Parapediasia-teterrellus-COI,Insecta/Lepidoptera/Crambidae/Parapediasia-teterrellus,44,213,7,213,186,1,1,Poaceae,153,Poa pratensis,436906.0,dd256bfb87b698250de8b5f606d9b6ae7ef4a65f1f8428c9dcb2150b28c0b1f5,31ffaf6b46bf16105cf91ae57f821e708da3d5af661e341c35a0d22c66a12ac6
548,Phyllocnistis insignis,Gracillariidae,Phyllocnistis,Phyllocnistis-insignis-COI,Insecta/Lepidoptera/Gracillariidae/Phyllocnistis-insignis,12,44,2,15,8,1,1,Asteraceae,21,Arnoglossum reniforme,3078465.0,de37c2c356666f1875db296eb1d671d789054e8a21b6b8c082d4e98330b47367,e8772ef37baac66a9251c4c7134317c7c6544b5de9415b47a079404147e88d35
549,Parapoynx badiusalis,Crambidae,Parapoynx,Parapoynx-badiusalis-COI,Insecta/Lepidoptera/Crambidae/Parapoynx-badiusalis,17,45,3,32,22,1,1,Haloragaceae,102,Myriophyllum spicatum,2366673.0,de6a8375181740877fc6a35a0851cde9bb24259003fc16c02f75f7d228f441b3,beea12a703193b92e6bec046acf89c0ed84bcfdd1f05c53c7c0313e533e3adf9
550,Stigmella tityrella,Nepticulidae,Stigmella,Stigmella-tityrella-COI,Insecta/Lepidoptera/Nepticulidae/Stigmella-tityrella,22,37,3,46,33,1,1,Fagaceae,31,Fagus sylvatica,83891.0,de6af4c48aa7183701051ba1c94e78efbbb8fddefed74c06f383cb924ee3cf0a,01604d94f463f689b028e0256ba5586c75d922079b9993a8b9f7fccd866a6b13
551,Platyptilia gonodactyla,Pterophoridae,Platyptilia,Platyptilia-gonodactyla-COI,Insecta/Lepidoptera/Pterophoridae/Platyptilia-gonodactyla,27,28,4,72,57,1,1,Asteraceae,76,Tussilago farfara,2901763.0,de742dcdf59e0d4b3d7a51e8b4a6b78c73e3f823da591f6e51e28d6973acf94a,c43334c4b71bab95cb9c43edf3d6759c654ac05af0779fd6022e34c3291db091
552,Eucosma fulvana,Tortricidae,Eucosma,Eucosma-fulvana-COI,Insecta/Lepidoptera/Tortricidae/Eucosma-fulvana,19,28,3,38,26,1,1,Asteraceae,44,Centaurea scabiosa,3049312.0,df8b3c384ea582f2c6865ed31ee23843d9f433adf3b6ac33da08800f02b8aed4,10ad345c384750e17369f0bb9ffa0a08f372161ca0759a44f1e12aedde1c6bb9
553,Pseudopanthera macularia,Geometridae,Pseudopanthera,Pseudopanthera-macularia-COI,Insecta/Lepidoptera/Geometridae/Pseudopanthera-macularia,18,23,3,40,28,2,1,Lamiaceae,40,Lamium galeobdolon;Teucrium scorodonia,107452.0;203387.0,dfb2c5849e2a6539487b8261f5e3bc4cf38ad614e385dbc36d8e1b438107f7c7,d83d10ff8bdd692e3fb56933de32defaec64acc9bc9e461f9815b3083f5ae0bc
554,Hypoprepia miniata,Arctiidae,Hypoprepia,Hypoprepia-miniata-COI,Insecta/Lepidoptera/Arctiidae/Hypoprepia-miniata,46,90,7,197,171,2,1,Pinaceae,44,Pinus banksiana;Pseudotsuga menziesii,380544.0;379633.0,dfe0c0778ab8ec1a3c1c5f47fdfc7117fe1483e1bd1574ee02047cda61e64307,2f153a18a5e32772ffdc53a8d8b468a882fc6decfd0ac06c2b296e895c715582
555,Stenoporpia separataria,Geometridae,Stenoporpia,Stenoporpia-separataria-COI,Insecta/Lepidoptera/Geometridae/Stenoporpia-separataria,15,22,2,19,13,3,1,Pinaceae,26,Pinus contorta;Pinus ponderosa;Pseudotsuga menziesii,379843.0;380358.0;379633.0,dfe478ff066a0c0ab42eec5e1295aacf59cf6bf2d6feeca56cd108b6a1b10c5a,97e4dbe22a0712e8cbd42bb33f0f54571fb8d9f634e3f4a74621182969964eb1
556,Gypsonoma substitutionis,Tortricidae,Gypsonoma,Gypsonoma-substitutionis-COI,Insecta/Lepidoptera/Tortricidae/Gypsonoma-substitutionis,18,33,3,34,23,2,1,Salicaceae,60,Populus grandidentata;Populus tremuloides,2917577.0;2917451.0,dfefe7b844413b4fbdb555e44ac3ce20664b0195cd7709a39668b5de623c587a,b102cad14de148640f03f6ee3a5110326b8851900537877dc92f10929d4be849
557,Hypena crassalis,Erebidae,Hypena,Hypena-crassalis-COI,Insecta/Lepidoptera/Erebidae/Hypena-crassalis,22,25,3,47,36,2,1,Ericaceae,93,Vaccinium myrtillus;Vaccinium uliginosum,2457648.0;2457998.0,e03d5bbf4fc33c22d7686336fa5168e5f2023aa35ce1b049dd0fa16c9b7a5083,77e76cd2aa47dc9ec9664f9f92beebbabf55e20eb8511479b79169e0b909cc37
558,Scopula ornata,Geometridae,Scopula,Scopula-ornata-COI,Insecta/Lepidoptera/Geometridae/Scopula-ornata,30,35,5,109,88,2,1,Lamiaceae,79,Origanum vulgare;Thymus praecox,143954.0;205262.0,e14db335553bd92c312844fcfff06cdd17a603154d3ff0b43f7bee5e75a37963,62728aacf5d9723e3ad2928d284642eb11b4daeb8ebdf21da88b499b5cb90baf
559,Catocala lacrymosa,Erebidae,Catocala,Catocala-lacrymosa-COI,Insecta/Lepidoptera/Erebidae/Catocala-lacrymosa,12,22,2,15,8,3,1,Juglandaceae,50,Carya illinoinensis;Carya ovata;Juglans regia,2701784.0;2701831.0;2331747.0,e1e366e475d36ca44c81025cd9e88882816e3a7a7529e98aaeecb01693f6e501,a9595b385853c24bba2570f6c73b1d06dc878264b7777776d7ff62703a968bb0
560,Phyllonorycter lautella,Gracillariidae,Phyllonorycter,Phyllonorycter-lautella-COI,Insecta/Lepidoptera/Gracillariidae/Phyllonorycter-lautella,18,21,3,34,23,2,1,Fagaceae,43,Quercus petraea;Quercus robur,174374.0;174750.0,e1fa1d8f9e30235fa6cb6ec2faf1cd07c80665d1d10d9b19d2b7a708aa6235f8,3aca1502e0963087b015bf514253e1ae7d8e1690c7313f1539664a6814a3c8a1
561,Leucania obsoleta,Noctuidae,Leucania,Leucania-obsoleta-COI,Insecta/Lepidoptera/Noctuidae/Leucania-obsoleta,24,26,4,66,49,2,1,Poaceae,238,Phragmites australis;Poa pratensis,433921.0;436906.0,e2c907eb4b59beeb0e244207fe5cbd6d44f3751b21e272f14d58e15694a5df4d,840f8459df14bef5cd8b6d88e16fce5722ee9981793ca708f2983a34ee109ca9
562,Caloptilia packardella,Gracillariidae,Caloptilia,Caloptilia-packardella-COI,Insecta/Lepidoptera/Gracillariidae/Caloptilia-packardella,13,67,2,19,12,2,1,Sapindaceae,49,Acer platanoides;Acer saccharinum,2616254.0;2616367.0,e3785d003ec3158d4ff502acfb7bf1715b447cb35c10258a384e931889046fc7,feefb4a793d011b9ae8ad9e41e6f4878f72e076c0ca858b6b7de3dcfd694c13e
563,Notocelia rosaecolana,Tortricidae,Notocelia,Notocelia-rosaecolana-COI,Insecta/Lepidoptera/Tortricidae/Notocelia-rosaecolana,30,40,5,100,80,2,1,Rosaceae,48,Rosa davurica;Rosa rubiginosa,2968300.0;2973528.0,e38094f926df4f02089367475b458fc9e064dee929becb311a983d3c44436302,187c91a2383b5c35cc675cb6791022f5783bd5b6d8a2df338aa6cb1e9e35391d
564,Parornix conspicuella,Gracillariidae,Parornix,Parornix-conspicuella-COI,Insecta/Lepidoptera/Gracillariidae/Parornix-conspicuella,13,22,2,17,11,1,1,Betulaceae,30,Betula nigra,21527.0,e3a835a29ff644b7f686a5439e7d91237024d4b992a15f2247b9cfe164129e36,4a74bf8f71665931fb41badbe0d93bd08426db4966f33b2e050cdbb9b8eab248
565,Diarsia brunnea,Noctuidae,Diarsia,Diarsia-brunnea-COI,Insecta/Lepidoptera/Noctuidae/Diarsia-brunnea,33,40,5,117,98,1,1,Polygonaceae,80,Rumex acetosella,2424185.0,e423209a9bd46c4007ab0606535acfd91113060def052dde3bba00015cd24af4,3969168af653b9081eee394314ffda45becedccf9fe8768460caab73212ab72a
566,Phyllonorycter parisiella,Gracillariidae,Phyllonorycter,Phyllonorycter-parisiella-COI,Insecta/Lepidoptera/Gracillariidae/Phyllonorycter-parisiella,15,17,2,22,15,1,1,Fagaceae,42,Quercus robur,174750.0,e50456174a6ff4781c3a5060ac8e3f36aa2f5b9cebba56e8aa9a7c9d7116af2f,ddf70e8b1291791e0380a4ed0e5c6f5f235b28665e1f6ee21591b2b37916b148
567,Abagrotis nefascia,Noctuidae,Abagrotis,Abagrotis-nefascia-COI,Insecta/Lepidoptera/Noctuidae/Abagrotis-nefascia,22,30,3,44,33,1,1,Grossulariaceae,28,Ribes aureum,2426191.0,e59bc2a89cb28acfd6e7e8a3026095c354bd2133db1927a8b2af766963405dc2,852af66c12b15b834aa5d9a8736024191ea686902bcf23b721a7655800395e7f
568,Callopistria latreillei,Noctuidae,Callopistria,Callopistria-latreillei-COI,Insecta/Lepidoptera/Noctuidae/Callopistria-latreillei,14,31,2,18,13,1,1,Pteridaceae,27,Adiantum concinnum,3144904.0,e5ef3d778e63f80c7342a7a344395cfb5719d24b7dc681fee3c71c20fa556a41,47558d20d3647d79dea449e18d06d0d04dce2aa4bd2f565268e9937ad769d942
569,Eugraphe sigma,Noctuidae,Eugraphe,Eugraphe-sigma-COI,Insecta/Lepidoptera/Noctuidae/Eugraphe-sigma,13,15,2,20,13,1,1,Grossulariaceae,36,Ribes nigrum,2426569.0,e601204afd03be6c94367115d36f5c1a7d9fba24d46ab1a9b4a243b7af25c891,d99212983ce8b921c9c25ab0b23ac75cbfd3b4aa1bce404e7abbe2846cb2a581
570,Phytometra viridaria,Erebidae,Phytometra,Phytometra-viridaria-COI,Insecta/Lepidoptera/Erebidae/Phytometra-viridaria,31,33,5,99,77,1,1,Polygalaceae,36,Polygala vulgaris,2572044.0,e71868f8a4f3e24e015c098a686194224365fcfdeb4916ddcf0078a54a3feb08,bb3151d822a3fe0bc7bd13f0adc9f23cb715dfacea9f51f23f13c825e600346c
571,Elachista albifrontella,Elachistidae,Elachista,Elachista-albifrontella-COI,Insecta/Lepidoptera/Elachistidae/Elachista-albifrontella,25,46,4,64,51,3,1,Poaceae,174,Avenella flexuosa;Calamagrostis arundinacea;Deschampsia cespitosa,398171.0;402396.0;407579.0,e74cf9c84d3ce1632ed30bfcefbd781eda07c7881caf4e418168c6b1a4d2a6a4,6548b4d04496fd3e3c2cdffff8804885a5e71b28511ffb5d7a769e5c1e68a811
572,Mesapamea didyma,Noctuidae,Mesapamea,Mesapamea-didyma-COI,Insecta/Lepidoptera/Noctuidae/Mesapamea-didyma,13,13,2,20,13,1,1,Juncaceae,43,Luzula pilosa,316622.0,e75c9b83744913dfbe080d420f994bc3af2375a0a4eff9aa1c941ea796656ae3,1df2f80bcf9731bdcb81335cb3a0086483f5a174640ac51af84cd0720ef366a3
573,Ceranemota fasciata,Drepanidae,Ceranemota,Ceranemota-fasciata-COI,Insecta/Lepidoptera/Drepanidae/Ceranemota-fasciata,13,20,2,16,10,3,1,Rosaceae,57,Amelanchier alnifolia;Prunus ilicifolia;Prunus virginiana,2941208.0;2959943.0;2962364.0,e781ef8fdf33fd3857ebb29778552c924d829035cffd014125a9e3a353ee4e35,12a2c54112cd3726014a4f88a9800a51174346c17e7fd606203dccc2fc7f8288
574,Hellinsia osteodactylus,Pterophoridae,Hellinsia,Hellinsia-osteodactylus-COI,Insecta/Lepidoptera/Pterophoridae/Hellinsia-osteodactylus,22,27,3,45,34,1,1,Asteraceae,58,Solidago virgaurea subsp. virgaurea,3101995.0,e7a814fd37f1f62f15727097ed5ef9a09e93ed7bc53c5bd4f3ef37522209ec3d,b008aa3e43f4836bf975eb08b22f5649a69d62328500e783483ecdefdf973a78
575,Aspilapteryx tringipennella,Gracillariidae,Aspilapteryx,Aspilapteryx-tringipennella-COI,Insecta/Lepidoptera/Gracillariidae/Aspilapteryx-tringipennella,49,55,7,239,210,1,1,Plantaginaceae,79,Plantago lanceolata,2569834.0,e7c99996a1a73b30081540c3d8ab59e1fa4a35c92dc5d544b27245d880fb5104,34fb2ce10abd63c5b9e44f362f9c0ae39846207a3e35462e4927c58bc510f69a
576,Argyresthia semifusca,Argyresthiidae,Argyresthia,Argyresthia-semifusca-COI,Insecta/Lepidoptera/Argyresthiidae/Argyresthia-semifusca,15,17,2,20,13,2,1,Rosaceae,63,Aria edulis;Sorbus aucuparia,2942010.0;2991554.0,e81010971016471a7dc346c407b6bc908ec2a456e035ec03ca0616f54b9f8a6a,ce5dd11d3776390e3642daeb018fda8b66ded8221645e263c3003625de5eee84
577,Dichrorampha montanana,Tortricidae,Dichrorampha,Dichrorampha-montanana-COI,Insecta/Lepidoptera/Tortricidae/Dichrorampha-montanana,24,31,4,68,54,2,1,Asteraceae,146,Achillea millefolium;Tanacetum vulgare,2908230.0;2929189.0,e9c8f0707e5b7266fb834aca80f7321704712534b296308587577b6205e42d80,d04d1ceb3349f51db0cdde1a258f0d75be57ffec9c978e70a7d83522cbcf16eb
578,Apamea illyria,Noctuidae,Apamea,Apamea-illyria-COI,Insecta/Lepidoptera/Noctuidae/Apamea-illyria,15,19,2,22,14,3,1,Poaceae,164,Anthoxanthum nitens;Avenella flexuosa;Calamagrostis stricta,394017.0;398171.0;403382.0,eaaa04101ad2c49966300a9ab439d3cfe5054625fd4010e58c0e259b583bbfd6,f6ece44bb7de58665aff2419b1c1c9617cfff78e3e55442e19e74c6cb74662bf
579,Scrobipalpa artemisiella,Gelechiidae,Scrobipalpa,Scrobipalpa-artemisiella-COI,Insecta/Lepidoptera/Gelechiidae/Scrobipalpa-artemisiella,28,33,4,82,66,1,1,Lamiaceae,29,Thymus praecox,205262.0,eac32826e50d7c165b4f3cd91a6b5ce38c604dbe8e0ea3e3d7753bf5ee896b19,476b8c323bc4a8dfc5327f4fbdac45410d79f69cb29638d71428c3c2eaf210a7
580,Philereme vetulata,Geometridae,Philereme,Philereme-vetulata-COI,Insecta/Lepidoptera/Geometridae/Philereme-vetulata,17,19,3,33,23,1,1,Rhamnaceae,45,Rhamnus cathartica,2523018.0,eaf47484b977aab060e72350d6334c3e46b9ad0ed41b372c643b43b657587bdd,8d6e6eb99640cc3efb5356f8016e6cf20cf15da4a905e914e93838d4d521c124
581,Hydraecia petasitis,Noctuidae,Hydraecia,Hydraecia-petasitis-COI,Insecta/Lepidoptera/Noctuidae/Hydraecia-petasitis,12,13,2,17,9,1,1,Asteraceae,36,Petasites hybridus,2912815.0,eb4874b17350be2bc0bdf0b53252193763e24a6e73431188455a02634ad5d572,235c6691f9504602ec504b3400f530e3b5df8d24789170582b82e8d57c434c69
582,Catocala gracilis,Erebidae,Catocala,Catocala-gracilis-COI,Insecta/Lepidoptera/Erebidae/Catocala-gracilis,17,35,3,31,22,1,1,Ericaceae,31,Vaccinium pallidum,2457276.0,eb66fe3d7911662dfd624b50c57a02cce8b8feed5d083ffade627d9d9e0f1bf7,e3718613271047316e01254e5dfdaec9c48f4cbe7461feef9f5cf0e7b5dfe59d
583,Cosmotriche lobulina,Lasiocampidae,Cosmotriche,Cosmotriche-lobulina-COI,Insecta/Lepidoptera/Lasiocampidae/Cosmotriche-lobulina,26,55,4,74,59,1,1,Pinaceae,24,Picea abies,380406.0,ec4e42a7ad86ec6ed419832f95a903fe3f30a265ff44588c3da428636d7f01cb,5462f92d0a7b99bf6a9dff33239f3a1cacbd6d0e847830f96a64b5d0587c5ac5
584,Eucosma conterminana,Tortricidae,Eucosma,Eucosma-conterminana-COI,Insecta/Lepidoptera/Tortricidae/Eucosma-conterminana,18,18,3,35,24,2,1,Asteraceae,74,Lactuca sativa;Lactuca serriola,2912742.0;2927162.0,ec8c2a7b97b98b3f9a143e9c8fd0e9291ec00c0e895fe74a91b768036580f7f5,670915bf9ad0ac96e7d98b2f910f75f7886bf4aa1edb9df19765b5a2c17fbcde
585,Feniseca tarquinius,Lycaenidae,Feniseca,Feniseca-tarquinius-COI,Insecta/Lepidoptera/Lycaenidae/Feniseca-tarquinius,27,162,4,68,53,1,1,Betulaceae,75,Alnus incana,6417.0,ecb6b4331403f197c5a73e4af72bc1ea3a57dfe68559e6a4b46729ac45dd6657,fb95289a03a85b90908088edc2b1f26f3809298bf3f1ad784b7559acd14c53de
586,Olethreutes atrodentana,Tortricidae,Olethreutes,Olethreutes-atrodentana-COI,Insecta/Lepidoptera/Tortricidae/Olethreutes-atrodentana,14,40,2,19,12,1,1,Fagaceae,37,Quercus alba,171499.0,ed004f05cd9d0413ea2fc622ffd5284ac21586c2bd73b19b842db8db206c21dd,2a9715beacaa1341ed5f9999da0dafbadde8335c9623875b0e9b7067e34368ed
587,Apotomis infida,Tortricidae,Apotomis,Apotomis-infida-COI,Insecta/Lepidoptera/Tortricidae/Apotomis-infida,31,58,5,95,78,1,1,Salicaceae,57,Populus tremuloides,2917451.0,ede1ef99bf0819b8953622539c5fe18b6c08a1bb0428e70a66790949a593370f,76dca9e24701d3068b89f4888eacbf0014780df4644ac5763dde781da148de8c
588,Idaea ostrinaria,Geometridae,Idaea,Idaea-ostrinaria-COI,Insecta/Lepidoptera/Geometridae/Idaea-ostrinaria,14,20,2,18,11,1,1,Dennstaedtiaceae,75,Pteridium aquilinum,2931242.0,ede66f8f8122cb6d2c60dff705f80a0d314f7f32555a2a5a6b271820d68ea31f,c093fc587fc299ee4d60ede9a8c6b04da34b3bee685ff2bc5eea3ca29ba802a6
589,Aethes tesserana,Tortricidae,Aethes,Aethes-tesserana-COI,Insecta/Lepidoptera/Tortricidae/Aethes-tesserana,12,12,2,19,10,2,1,Asteraceae,62,Pentanema squarrosum;Picris hieracioides,3238003.0;3072286.0,ee2c40644a97d352d6c020463471deeb77c0f3b349aed9a82da14a6fa033892b,842f42b05ba42d2a2a518a9ba78cd0245701e85b3e3a3e4e0fb02220cbd875ba
590,Sphecodina abbottii,Sphingidae,Sphecodina,Sphecodina-abbottii-COI,Insecta/Lepidoptera/Sphingidae/Sphecodina-abbottii,14,22,2,18,12,3,1,Vitaceae,89,Parthenocissus quinquefolia;Parthenocissus tricuspidata;Vitis vinifera,2548124.0;2548140.0;2457006.0,ef6e6686e8623f6ed5459157e3485b4f3eab7f15abfc00720d1a224239bfe091,7e084a9a42ce3d960bdaf6222c9e01a14de031bc1e503fd3f862936438ed1f56
591,Catocala andromedae,Erebidae,Catocala,Catocala-andromedae-COI,Insecta/Lepidoptera/Erebidae/Catocala-andromedae,22,54,3,43,33,1,1,Ericaceae,33,Vaccinium corymbosum,2458789.0,f029c20b894c13210db387f00b8e417d3a228d7d65b2c79cf274e52bf483eef4,5ff9f3ae59edca3116629423b615575fe80beba3fbd46c8c2abb4db07e82837c
592,Selidosema brunnearia,Geometridae,Selidosema,Selidosema-brunnearia-COI,Insecta/Lepidoptera/Geometridae/Selidosema-brunnearia,12,18,2,17,10,1,1,Fabaceae,71,Lotus corniculatus,2345329.0,f14c83f73e1df77a672475f61f191f95654ed34001565fda853a5a068bac6357,375ad6d9d7ec35e752d02efe2b44c4ff29cceeca8dcde8c3cf5ea660b6287bbf
593,Temenis laothoe,Nymphalidae,Temenis,Temenis-laothoe-COI,Insecta/Lepidoptera/Nymphalidae/Temenis-laothoe,22,32,3,43,32,3,1,Sapindaceae,24,Paullinia fuscescens;Paullinia seminuda;Serjania atrolineata,2543222.0;2543151.0;2582575.0,f1692e5af84a1288ad873d2d5a580d1bf97248d9ec32781972322bdbb1b5fb15,980596911e1725d88608aafc51626dbc22c5941ee8ef2bfa1de20d72914b5b05
594,Harrisina americana,Zygaenidae,Harrisina,Harrisina-americana-COI,Insecta/Lepidoptera/Zygaenidae/Harrisina-americana,15,27,2,19,14,2,1,Vitaceae,81,Parthenocissus quinquefolia;Vitis vinifera,2548124.0;2457006.0,f1a7145a45f55d8020e8cbb842c59f9eb57f562462f2071d1d01abb0f04329fe,a13443fabc5be15c7ec560227340fb950b39471e07e0e320e073ca4f58d6a1cb
595,Syssphinx colla,Saturniidae,Syssphinx,Syssphinx-colla-COI,Insecta/Lepidoptera/Saturniidae/Syssphinx-colla,15,55,2,20,13,2,1,Fabaceae,52,Gleditsia triacanthos;Samanea saman,2826513.0;2592096.0,f20b3c0c7581d64ef425ae802f4372a758c51984fe267a801b80bd8d78e08cfc,ba6a850f690678060a15b40d65e67398c22b658d82a6cc50c4e6a8170f4a091b
596,Catocala concumbens,Erebidae,Catocala,Catocala-concumbens-COI,Insecta/Lepidoptera/Erebidae/Catocala-concumbens,13,19,2,19,11,2,1,Salicaceae,69,Populus deltoides;Populus tremuloides,2917212.0;2917451.0,f247a12ccb18487e1a3057d1e5bf533096e045d8944f83854561f1351d98501c,5a07685a0d93403ecf8855ce1372858fd5c41260829156b9823eddaf63c204ea
597,Sitochroa palealis,Crambidae,Sitochroa,Sitochroa-palealis-COI,Insecta/Lepidoptera/Crambidae/Sitochroa-palealis,22,36,3,43,33,1,1,Apiaceae,66,Daucus carota,2757936.0,f2e2c277a433cf0031989c3a8a44dfc62e3bcac34d51ee813e154f31a9370786,fde3605198be29e938b79a667a312f2e5674bf5bd4a46231b4afed24885b2bb8
598,Scrobipalpa samadensis,Gelechiidae,Scrobipalpa,Scrobipalpa-samadensis-COI,Insecta/Lepidoptera/Gelechiidae/Scrobipalpa-samadensis,21,31,3,41,31,1,1,Plantaginaceae,49,Plantago coronopus,2571444.0,f31e2d16c2b4e7a44e547bd2d61cc45bc332178917ade6e28157db8bf0575a89,57953fc177629fffaf22896f714ccf2b777f4283b9bab8b623916b25a32c021c
599,Olethreutes bipartitana,Tortricidae,Olethreutes,Olethreutes-bipartitana-COI,Insecta/Lepidoptera/Tortricidae/Olethreutes-bipartitana,41,82,6,151,130,1,1,Fabaceae,66,Trifolium pratense,2440043.0,f34c46b82f67b010f60f7087790abaa8568b2693168840769909387aebc79859,e487754c9ff121814e06c4d9db65d8a0ac0f930c6603ffa9e3b4b0bae36199ad
600,Acronicta vinnula,Noctuidae,Acronicta,Acronicta-vinnula-COI,Insecta/Lepidoptera/Noctuidae/Acronicta-vinnula,21,28,3,40,31,1,1,Ulmaceae,49,Ulmus americana,2450019.0,f353fe2f53fbee85d15382a5af32e7d2a2586c61a11a4f1762e01f45b7200229,e982a88ddda25c9c94c887d28da74f5888e84f67b02bacd208dee29256e9577d
601,Nonagria typhae,Noctuidae,Nonagria,Nonagria-typhae-COI,Insecta/Lepidoptera/Noctuidae/Nonagria-typhae,17,17,3,34,23,2,1,Typhaceae,163,Typha angustifolia;Typha latifolia,270931.0;271005.0,f38f0948949d8563b744d6ac08f5c692e5c9592f3f9dee7521bbc02cab3502a4,6f703861157fe9aead0d8cf0102d145ef676f7f931e37949a261528ef275aa2b
602,Swammerdamia compunctella,Yponomeutidae,Swammerdamia,Swammerdamia-compunctella-COI,Insecta/Lepidoptera/Yponomeutidae/Swammerdamia-compunctella,16,19,2,22,15,1,1,Rosaceae,59,Sorbus aucuparia,2991554.0,f399c643939f75159ec767ce461d898873cb444693f57d967639179f9b5fa1b4,487699813f42aacdcb5c46cd5c9f66b5221ab6897d420923a6c54d69453f6058
603,Diatraea evanescens,Crambidae,Diatraea,Diatraea-evanescens-COI,Insecta/Lepidoptera/Crambidae/Diatraea-evanescens,16,27,2,19,13,1,1,Poaceae,89,Paspalum scrobiculatum,432275.0,f3f5b0e7c6b696141a9922854ec58ee09a75f35d931d522a686d1a68ad7ba8db,0d2b551ccbbf4bbff14a7347490200165435dd5d616b6cd4078e55141369d1f2
604,Eucrostes disparata,Geometridae,Eucrostes,Eucrostes-disparata-COI,Insecta/Lepidoptera/Geometridae/Eucrostes-disparata,15,21,2,19,13,1,1,Euphorbiaceae,55,Euphorbia hirta,80144.0,f44cc5b8981f3e995e16bb589a9ebdabccd0fe746d1d9672572262739844f5ce,170daae7f0305377be043500a7f779a3661d5230220a1bc18b3ebd9efa6ec242
605,Acrobasis tumidana,Pyralidae,Acrobasis,Acrobasis-tumidana-COI,Insecta/Lepidoptera/Pyralidae/Acrobasis-tumidana,14,15,2,19,12,2,1,Fagaceae,43,Quercus petraea;Quercus robur,174374.0;174750.0,f4dd41ba31c2490dc166d5b2fb08f7971bd111505edf30e3ab09437b3f8876a8,120136eb7c28d8639e89aeb70841f6b9f228bac3ffd7229aabdbcbcffedea4be
606,Perizoma albulata,Geometridae,Perizoma,Perizoma-albulata-COI,Insecta/Lepidoptera/Geometridae/Perizoma-albulata,26,32,4,77,62,1,1,Orobanchaceae,42,Rhinanthus minor,2900773.0,f51f2f8be24dfe53ddc5008dbcace90ed6d20defea1b0fb3a193d9109ac3adb6,16e1a02e1ebaab3d8c6c6034a145f0b0dca8d10c587dfdfe606a193a7e06269f
607,Apamea lateritia,Noctuidae,Apamea,Apamea-lateritia-COI,Insecta/Lepidoptera/Noctuidae/Apamea-lateritia,29,33,4,77,59,2,1,Poaceae,57,Nardus stricta;Zea mays,425445.0;450362.0,f5c438421c3821d309cf31c57a1d663a4520c9d60e9548a336e34c9231a69d09,0642e9f2dd0112d3c9efb6fef3d34c8daf516e5660ceede7d456778137dca4bf
608,Thiotricha subocellea,Gelechiidae,Thiotricha,Thiotricha-subocellea-COI,Insecta/Lepidoptera/Gelechiidae/Thiotricha-subocellea,21,23,3,43,31,1,1,Lamiaceae,69,Mentha aquatica,124366.0,f5ea08fee79292f23bcb90c645b3a89ad0639cf3ad82a3ed9f4142013e94ec9b,d56976171f076121c0df0352eafc3b845f8407588bc39ba2cfebb854284695d1
609,Chytolita morbidalis,Noctuidae,Chytolita,Chytolita-morbidalis-COI,Insecta/Lepidoptera/Noctuidae/Chytolita-morbidalis,72,160,11,493,454,1,1,Asteraceae,51,Taraxacum sect. Taraxacum,2916959.0,f621b2c3aa192451686ad1a2ec693d1dedffddb9731d76b5b33e7f17316a3e32,455d5b8d8614b8888e3123b51c87966ff0260b7d5c2d23973e040fa86f59c4ea
610,Coenonympha hero,Nymphalidae,Coenonympha,Coenonympha-hero-COI,Insecta/Lepidoptera/Nymphalidae/Coenonympha-hero,14,15,2,20,12,1,1,Poaceae,31,Hordelymus europaeus,419180.0,f6ba951df6d069091e0af283727b0b48f67d8acd1b718dadeb6dd46402e2da78,e2cf0eb797aab555c3eba9f2455936712652cdfe424fc8ea5f2ff17d3c92eda3
611,Mompha eloisella,Momphidae,Mompha,Mompha-eloisella-COI,Insecta/Lepidoptera/Momphidae/Mompha-eloisella,15,24,2,20,14,2,1,Onagraceae,55,Oenothera biennis;Oenothera macrocarpa,2399189.0;2398993.0,f712880c4e768fba6aa4eebd29c8a4e3f86bddc939a3250198f2278446427e75,e1c9eab705c89a5ca1d1525259fb09ddda05374ecf51141249e6a90b41e9b9b5
612,Leucania insueta,Noctuidae,Leucania,Leucania-insueta-COI,Insecta/Lepidoptera/Noctuidae/Leucania-insueta,48,162,7,224,196,2,1,Poaceae,96,Dactylis glomerata;Elymus repens,406640.0;411505.0,f7230c4fd61a922eacca2aeec62e0ae5b56a8203825420dbe72f1eee496daa96,e811104271cf07a1da7f0f70ffa7f36f1e19fcbbeae137f77f2af71f8ffe6cc9
613,Furcula bicuspis,Notodontidae,Furcula,Furcula-bicuspis-COI,Insecta/Lepidoptera/Notodontidae/Furcula-bicuspis,19,20,3,36,27,3,1,Betulaceae,84,Alnus glutinosa;Betula pendula;Betula pubescens,6364.0;21582.0;21636.0,f7470858f68b1bcf450bb15c725de43eb357697ae57c60229269c9c868ff12ec,f2e071f08ccf1f5b0fde29c93a771d565118d85592c2d11f0ae4962ce7769844
614,Rhigognostis incarnatella,Plutellidae,Rhigognostis,Rhigognostis-incarnatella-COI,Insecta/Lepidoptera/Plutellidae/Rhigognostis-incarnatella,14,19,2,21,14,2,1,Brassicaceae,59,Alliaria petiolata;Sisymbrium austriacum,2628680.0;2476144.0,f75420644c4a903d6ea8dfb378c4cfd45ade7d2b7f161c0f4d9c9d67d47e7b53,798f892302c4663eaf762de0bb171a0d9582268ef3d8df49b07ad1059f91501a
615,Telphusa longifasciella,Gelechiidae,Telphusa,Telphusa-longifasciella-COI,Insecta/Lepidoptera/Gelechiidae/Telphusa-longifasciella,32,91,5,108,89,1,1,Anacardiaceae,34,Rhus typhina,2423458.0,f757bae56f483c7837465915132cc3fe7c709bbccb9de6b75db45228f9509165,1fd26581b318b381a4ed7e1688279e77c6dbc44fb79623534aac8e8f590e3d2f
616,Platyptilia tesseradactyla,Pterophoridae,Platyptilia,Platyptilia-tesseradactyla-COI,Insecta/Lepidoptera/Pterophoridae/Platyptilia-tesseradactyla,18,21,3,39,27,1,1,Asteraceae,58,Antennaria dioica,3089154.0,f76441b53ae315b3f7ac37516ad2820eb5a296425e5dff372226d30989aff9e5,1cf54a2e990671bf1fcd8f80822f10452a1cf4e2c2dfad6865dbfdb2a5dc9d74
617,Nephele aequivalens,Sphingidae,Nephele,Nephele-aequivalens-COI,Insecta/Lepidoptera/Sphingidae/Nephele-aequivalens,15,27,2,21,14,2,1,Apocynaceae,29,Funtumia elastica;Landolphia buchananii,84896.0;107659.0,f7772bad86bb0151aba203bdc47d7d01b6ac0c8a1610e78a089d7c746c90d674,96f312d742d130e6e9500307e23b1269ab7a20b33da5b58d77dab7f3432e0609
618,Eubaphe mendica,Geometridae,Eubaphe,Eubaphe-mendica-COI,Insecta/Lepidoptera/Geometridae/Eubaphe-mendica,27,48,4,69,53,1,1,Ericaceae,31,Vaccinium pallidum,2457276.0,f7ec4cdaf5f9a56e25397927f104e6e588444be77a63e8700d84d45e9206ff86,fb2d0618b1ededd8874af9b70b96c7f689706b72f322ba4ff48cd111b1d4d69e
619,Hamearis lucina,Riodinidae,Hamearis,Hamearis-lucina-COI,Insecta/Lepidoptera/Riodinidae/Hamearis-lucina,45,48,7,208,181,2,1,Primulaceae,57,Primula veris;Primula vulgaris,2563733.0;2563766.0,f86ffb1e0c2d48faae77b8310c76f31a3e795f1116028e1e4d34b2c49c772dc8,2b4aac86421214801a802c857fa44e51dce70f91638b0b763cd2bea9afb2ec6e
620,Stathmopoda aenea,Stathmopodidae,Stathmopoda,Stathmopoda-aenea-COI,Insecta/Lepidoptera/Stathmopodidae/Stathmopoda-aenea,12,47,2,14,9,2,1,Aspleniaceae,37,Deparia acrostichoides;Homalosorus pycnocarpos,3149696.0;3145624.0,f87753ce65ba9296ea4343ceac95a8e7faf82644284b456ce5d2b64891343707,4af932b38ea0d20ab2d207aaccb4196fd278eeb00d405a354f51c83838ab7d4e
621,Abrostola asclepiadis,Noctuidae,Abrostola,Abrostola-asclepiadis-COI,Insecta/Lepidoptera/Noctuidae/Abrostola-asclepiadis,25,44,4,68,53,1,1,Apocynaceae,38,Vincetoxicum hirundinaria,513577.0,f8b041712ae3fad02beb82f012e065287e4e68ce02f56d7834dcd6827b51c2eb,30a65e33131a825b2902e1a8bed48e302bdc4bfd863f5b1460f308ef985a3725
622,Gelechia rhombella,Gelechiidae,Gelechia,Gelechia-rhombella-COI,Insecta/Lepidoptera/Gelechiidae/Gelechia-rhombella,18,19,3,30,22,2,1,Rosaceae,42,Malus domestica;Malus sylvestris,2950597.0;2951044.0,f9835268079f137a2de0c143de36ab7aebef78237bd642afc2e39dcb17ddfdd3,849a8cdfb588c899e15a19ad0804f6e34d3d9aa33fddb2d74d139c8f0e5ef4b6
623,Nascus broteas,Hesperiidae,Nascus,Nascus-broteas-COI,Insecta/Lepidoptera/Hesperiidae/Nascus-broteas,37,54,6,143,122,1,1,Meliaceae,32,Trichilia pallida,2515473.0,f9904e3955ec19a5ae38a85c149befe4a9005bbd270546029f02f353b8048713,ec9a056f0007070d5097650555151ecb226f8f41b301bc0a3caff64aed324f69
624,Polypogon tentacularia,Erebidae,Polypogon,Polypogon-tentacularia-COI,Insecta/Lepidoptera/Erebidae/Polypogon-tentacularia,20,23,3,41,30,1,1,Asteraceae,58,Solidago virgaurea subsp. virgaurea,3101995.0,f9aafaac5d736b9e64c4d737cb991a58e3b8c20243c0d2b846e4495a2e19ec11,695609cdab7b5342a2e47c77830d305a7f29e17dc6636d892b13201bce345324
625,Hadena perplexa,Noctuidae,Hadena,Hadena-perplexa-COI,Insecta/Lepidoptera/Noctuidae/Hadena-perplexa,36,37,5,118,97,3,1,Caryophyllaceae,84,Silene dioica;Silene nutans;Silene vulgaris,2488209.0;2488633.0;2487840.0,f9ced72a634832669a98bb55a583eeb29af16f697dbbee7ee374dc304903497d,34969da31915a0c90c9cfb21ab34322712f4a1e768995cd07fa8d1a12a2919f5
626,Nerice bidentata,Notodontidae,Nerice,Nerice-bidentata-COI,Insecta/Lepidoptera/Notodontidae/Nerice-bidentata,20,35,3,40,29,1,1,Ulmaceae,49,Ulmus americana,2450019.0,fa11e7e34848b93211f01d2fb76b54e5848b3a63e29f8bd818fecff1f69054fa,1bda473aa16a0eb25d93c4c503651e45116428d17190f1e293e9fe70d716034c
627,Epiblema foenella,Tortricidae,Epiblema,Epiblema-foenella-COI,Insecta/Lepidoptera/Tortricidae/Epiblema-foenella,22,33,3,38,30,2,1,Asteraceae,74,Artemisia abrotanum;Artemisia vulgaris,2922513.0;2922622.0,fa47a484a2aa88cea0158f36a135d44cd3ed65d0f492a263bdedbffcfac2a905,30e94ba935dffa769fa44755d032b2eb477c84506314c5e1ca0f2b368b096df5
628,Erebia neoridas,Nymphalidae,Erebia,Erebia-neoridas-COI,Insecta/Lepidoptera/Nymphalidae/Erebia-neoridas,24,30,4,68,53,2,1,Poaceae,109,Digitaria sanguinalis;Festuca ovina,409361.0;415853.0,fad63622561ab4bf6a876caaaf7009747bb48b280242a80caec06c02f4183b83,6f81c3cb7b726419a6c5884017032b3497107cdea4ab7a9c99626f8aa64010c1
629,Eupithecia selinata,Geometridae,Eupithecia,Eupithecia-selinata-COI,Insecta/Lepidoptera/Geometridae/Eupithecia-selinata,16,19,2,20,13,1,1,Apiaceae,36,Aegopodium podagraria,2623499.0,fb6e731d1fe0e08faa8169de2d775dd359b7db6419fd393f91f16850ac1573be,85b45bbd228c9d9572e0903311ccbc3484751ec556f04c8df12763d7ddffe27c
630,Acrocercops brongniardella,Gracillariidae,Acrocercops,Acrocercops-brongniardella-COI,Insecta/Lepidoptera/Gracillariidae/Acrocercops-brongniardella,22,25,3,44,32,3,1,Fagaceae,82,Quercus petraea;Quercus robur;Quercus rubra,174374.0;174750.0;174902.0,fb7e4e749f4785773ff0aaec81326160bb82f6b91afd53f4c573f9ed060efbc3,92a50fbb7ee004cc4412fedae70208b890d8cbda331fd8ce8bd0b182a658cdd6
631,Cydia caryana,Tortricidae,Cydia,Cydia-caryana-COI,Insecta/Lepidoptera/Tortricidae/Cydia-caryana,17,74,3,37,25,3,1,Juglandaceae,43,Carya illinoinensis;Carya ovata;Juglans nigra,2701784.0;2701831.0;2331834.0,fbe30ab808f999908b7909a4fc448fe98fab500b022488cf616f12fbedf92ca3,0c0a4ba6ea855d8422338644969e8fe84c71782a4bb12c4f17d3afdcc249570d
632,Monochroa lucidella,Gelechiidae,Monochroa,Monochroa-lucidella-COI,Insecta/Lepidoptera/Gelechiidae/Monochroa-lucidella,14,17,2,17,11,1,1,Cyperaceae,147,Eleocharis palustris,242738.0,fbe67841ba22150f5a7f5a6108dc0d4bc755acc67f8a751a02d7283d9843d010,30f0a3a35ccc6a253c867ca003a0c44479ad1955cd98b6c9cdf19cf36be0f56c
633,Antaeotricha renselariana,Oecophoridae,Antaeotricha,Antaeotricha-renselariana-COI,Insecta/Lepidoptera/Oecophoridae/Antaeotricha-renselariana,58,221,9,312,281,1,1,Fabaceae,32,Canavalia ensiformis,2696172.0,fc4fb7b326f477b5726e127c1df5a23e977fdb280bc7021f00e28d59c6c67da5,eed4a6c389e22eb8ed5714c4ab9540ffb00eafcc53bf933a7f657223ee697675
634,Pseudaletia sequax,Noctuidae,Pseudaletia,Pseudaletia-sequax-COI,Insecta/Lepidoptera/Noctuidae/Pseudaletia-sequax,12,23,2,18,9,2,1,Poaceae,36,Cenchrus clandestinus;Hordeum vulgare,462687.0;419563.0,fcbf13d52570133eac5ef0db8bac247b025c1f989e15fb0123d87713976f03a2,8fea8ef7c5e75619f81c9f5dfe4079969012a5c0a7d0b14c0c1ba75465708fe5
635,Yponomeuta irrorella,Yponomeutidae,Yponomeuta,Yponomeuta-irrorella-COI,Insecta/Lepidoptera/Yponomeutidae/Yponomeuta-irrorella,13,14,2,19,12,1,1,Celastraceae,37,Euonymus europaeus,2803293.0,fd0b2417796a73bc601d51670cbfac851630e6f664707775900e48f604f5815c,8e0eda5b8451bdde64ebc1667a2ad3c8d252c2b14877b631c6135e09cacc038e
636,Perizoma flavofasciata,Geometridae,Perizoma,Perizoma-flavofasciata-COI,Insecta/Lepidoptera/Geometridae/Perizoma-flavofasciata,18,22,3,37,26,2,1,Caryophyllaceae,60,Silene dioica;Silene latifolia subsp. alba,2488209.0;2488692.0,fdb2ded4067b146223be185a08af5123430e8a241face403c89a67c4cd9b5e81,e38352f4ff7ca9032428497fd6232bbd3dee19dd01d9bdf25e8aaffe6923b9a5
637,Coleophora alnifoliae,Coleophoridae,Coleophora,Coleophora-alnifoliae-COI,Insecta/Lepidoptera/Coleophoridae/Coleophora-alnifoliae,12,21,2,15,9,1,1,Betulaceae,45,Alnus glutinosa,6364.0,fe35a0a0384495fa8f104ed202341d37817b1a6601991e73119403e271d1b1fb,cb184debf739af989f4227d4dcd88726ce898cb6428b084ee0edcc011db6cbcb
638,Ecliptopera silaceata,Geometridae,Ecliptopera,Ecliptopera-silaceata-COI,Insecta/Lepidoptera/Geometridae/Ecliptopera-silaceata,97,214,15,1014,945,2,1,Onagraceae,147,Epilobium angustifolium;Epilobium coloratum,2790112.0;2790294.0,fe499c56a813910f240a596eb604a1b796b9fba3569f045f08ad2b3fc0b38555,b0405bbcfe4efba83778e6563a573c618b591282f5976761bd5b27c82f27cf16
639,Sciota hostilis,Pyralidae,Sciota,Sciota-hostilis-COI,Insecta/Lepidoptera/Pyralidae/Sciota-hostilis,18,20,3,33,23,1,1,Salicaceae,59,Populus tremula,2917379.0,fe4b994ad13790210862d9c375968d0c16e5b95c6f6cb3559079401351c86326,c7251b44b84bde73ed9cbf4b5e1a0500c0c1f0bae1e4417b601f5a5ecdc97c1b
640,Acronicta haesitata,Noctuidae,Acronicta,Acronicta-haesitata-COI,Insecta/Lepidoptera/Noctuidae/Acronicta-haesitata,21,42,3,45,33,2,1,Fagaceae,41,Quercus alba;Quercus rubra,171499.0;174902.0,fea8085c683cb2a64678a3030bf93c7894b332de5d1f72fb1f7b178f61ee133d,97d241d4eb37022edc8ba229db4bb0ca227b102ed2b4f4e921183f7baad1b19b
641,Heteropterus morpheus,Hesperiidae,Heteropterus,Heteropterus-morpheus-COI,Insecta/Lepidoptera/Hesperiidae/Heteropterus-morpheus,38,45,6,151,129,1,1,Poaceae,43,Molinia caerulea,424761.0,feac0ab9d2f0413fbb3d85b77418524d0d20538316d7152d6dbe99b150d35d70,80c99892b90841faebc5d99a12e4d82c1a30f313c014cab97e9a792edeb856fc
642,Hermeuptychia sosybius,Nymphalidae,Hermeuptychia,Hermeuptychia-sosybius-COI,Insecta/Lepidoptera/Nymphalidae/Hermeuptychia-sosybius,34,82,5,106,91,1,1,Poaceae,153,Cynodon dactylon,406339.0,ff728a8acde388592f0c9d329bc2bfbeb6c828a62deea6aab7610b1af07ef0b5,26120532813d83871e440f037a1eebb53bf5af4e9a3a9d520d9812da1a7ced29
