index,species,phylum,class,order,family,genus,raw_gene,raw_dir,n_localities,n_headers,graph_k,edges,min_endpoint_disjoint_training_edges,rank_after_support,rank_before_support
0,Colobochyla interpuncta,Arthropoda,Insecta,Lepidoptera,Erebidae,Colobochyla,Colobochyla-interpuncta-COI,Insecta/Lepidoptera/Erebidae/Colobochyla-interpuncta,14,18,2,18,11,1,1
1,Thrips flavidulus,Arthropoda,Insecta,Thysanoptera,Thripidae,Thrips,Thrips-flavidulus-COI,Insecta/Thysanoptera/Thripidae/Thrips-flavidulus,13,34,2,17,10,2,2
2,Megaselia crassipes,Arthropoda,Insecta,Diptera,Phoridae,Megaselia,Megaselia-crassipes-COI,Insecta/Diptera/Phoridae/Megaselia-crassipes,36,96,5,123,102,3,4
3,Orthaga thyrisalis,Arthropoda,Insecta,Lepidoptera,Pyralidae,Orthaga,Orthaga-thyrisalis-COI,Insecta/Lepidoptera/Pyralidae/Orthaga-thyrisalis,14,53,2,19,11,4,5
4,Mulsantina picta,Arthropoda,Insecta,Coleoptera,Coccinellidae,Mulsantina,Mulsantina-picta-COI,Insecta/Coleoptera/Coccinellidae/Mulsantina-picta,15,25,2,20,12,5,7
5,Ceruraphis viburnicola,Arthropoda,Insecta,Hemiptera,Aphididae,Ceruraphis,Ceruraphis-viburnicola-COI,Insecta/Hemiptera/Aphididae/Ceruraphis-viburnicola,18,20,3,38,26,6,11
6,Syntomeida melanthus,Arthropoda,Insecta,Lepidoptera,Arctiidae,Syntomeida,Syntomeida-melanthus-COI,Insecta/Lepidoptera/Arctiidae/Syntomeida-melanthus,14,26,2,21,13,7,12
7,Metanema inatomaria,Arthropoda,Insecta,Lepidoptera,Geometridae,Metanema,Metanema-inatomaria-COI,Insecta/Lepidoptera/Geometridae/Metanema-inatomaria,46,85,7,212,187,8,16
8,Odontomachus chelifer,Arthropoda,Insecta,Hymenoptera,Formicidae,Odontomachus,Odontomachus-chelifer-COI,Insecta/Hymenoptera/Formicidae/Odontomachus-chelifer,25,32,4,68,54,9,19
9,Cyclonaias pustulosa,Mollusca,Bivalvia,Unionida,Unionidae,Cyclonaias,Cyclonaias-pustulosa-COI,Bivalvia/Unionida/Unionidae/Cyclonaias-pustulosa,58,239,9,343,310,10,20
10,Gegenes pumilio,Arthropoda,Insecta,Lepidoptera,Hesperiidae,Gegenes,Gegenes-pumilio-COI,Insecta/Lepidoptera/Hesperiidae/Gegenes-pumilio,44,73,7,211,183,11,21
11,Ceratapion gibbirostre,Arthropoda,Insecta,Coleoptera,Apionidae,Ceratapion,Ceratapion-gibbirostre-COI,Insecta/Coleoptera/Apionidae/Ceratapion-gibbirostre,14,14,2,20,12,12,22
12,Schizaphis scirpicola,Arthropoda,Insecta,Hemiptera,Aphididae,Schizaphis,Schizaphis-scirpicola-COI,Insecta/Hemiptera/Aphididae/Schizaphis-scirpicola,14,14,2,16,11,13,23
13,Sicya macularia,Arthropoda,Insecta,Lepidoptera,Geometridae,Sicya,Sicya-macularia-COI,Insecta/Lepidoptera/Geometridae/Sicya-macularia,59,127,9,362,328,14,24
14,Phytoliriomyza arctica,Arthropoda,Insecta,Diptera,Agromyzidae,Phytoliriomyza,Phytoliriomyza-arctica-COI,Insecta/Diptera/Agromyzidae/Phytoliriomyza-arctica,14,19,2,21,14,15,25
15,Scopula luteolata,Arthropoda,Insecta,Lepidoptera,Geometridae,Scopula,Scopula-luteolata-COI,Insecta/Lepidoptera/Geometridae/Scopula-luteolata,17,29,3,33,22,16,28
16,Hydriomena perfracta,Arthropoda,Insecta,Lepidoptera,Geometridae,Hydriomena,Hydriomena-perfracta-COI,Insecta/Lepidoptera/Geometridae/Hydriomena-perfracta,17,26,3,32,23,17,29
17,Temnora crenulata,Arthropoda,Insecta,Lepidoptera,Sphingidae,Temnora,Temnora-crenulata-COI,Insecta/Lepidoptera/Sphingidae/Temnora-crenulata,14,25,2,21,12,18,30
18,Euxesta notata,Arthropoda,Insecta,Diptera,Ulidiidae,Euxesta,Euxesta-notata-COI,Insecta/Diptera/Ulidiidae/Euxesta-notata,13,35,2,19,12,19,33
19,Clastoptera obtusa,Arthropoda,Insecta,Hemiptera,Clastopteridae,Clastoptera,Clastoptera-obtusa-COI,Insecta/Hemiptera/Clastopteridae/Clastoptera-obtusa,54,179,8,300,266,20,34
20,Myoxocephalus polyacanthocephalus,Chordata,Actinopterygii,Scorpaeniformes,Cottidae,Myoxocephalus,Myoxocephalus-polyacanthocephalus-COI,Actinopterygii/Scorpaeniformes/Cottidae/Myoxocephalus-polyacanthocephalus,13,18,2,16,10,21,35
21,Brassicogethes aeneus,Arthropoda,Insecta,Coleoptera,Nitidulidae,Brassicogethes,Brassicogethes-aeneus-COI,Insecta/Coleoptera/Nitidulidae/Brassicogethes-aeneus,32,38,5,105,87,22,38
22,Dolerus cothurnatus,Arthropoda,Insecta,Hymenoptera,Tenthredinidae,Dolerus,Dolerus-cothurnatus-COI,Insecta/Hymenoptera/Tenthredinidae/Dolerus-cothurnatus,21,39,3,41,31,23,44
23,Lasioglossum ephialtum,Arthropoda,Insecta,Hymenoptera,Halictidae,Lasioglossum,Lasioglossum-ephialtum-COI,Insecta/Hymenoptera/Halictidae/Lasioglossum-ephialtum,44,72,7,213,186,24,48
24,Gemmuloborsonia moosai,Mollusca,Gastropoda,Neogastropoda,Turridae,Gemmuloborsonia,Gemmuloborsonia-moosai-COI,Gastropoda/Neogastropoda/Turridae/Gemmuloborsonia-moosai,17,48,3,38,28,25,49
25,Udea olivalis,Arthropoda,Insecta,Lepidoptera,Crambidae,Udea,Udea-olivalis-COI,Insecta/Lepidoptera/Crambidae/Udea-olivalis,30,34,5,96,75,26,50
26,Polia piniae,Arthropoda,Insecta,Lepidoptera,Noctuidae,Polia,Polia-piniae-COI,Insecta/Lepidoptera/Noctuidae/Polia-piniae,34,73,5,120,98,27,52
27,Tanytarsus anderseni,Arthropoda,Insecta,Diptera,Chironomidae,Tanytarsus,Tanytarsus-anderseni-COI,Insecta/Diptera/Chironomidae/Tanytarsus-anderseni,17,494,3,32,20,28,53
28,Saucrobotys futilalis,Arthropoda,Insecta,Lepidoptera,Crambidae,Saucrobotys,Saucrobotys-futilalis-COI,Insecta/Lepidoptera/Crambidae/Saucrobotys-futilalis,14,26,2,19,12,29,54
29,Hylomyscus alleni,Chordata,Mammalia,Rodentia,Muridae,Hylomyscus,Hylomyscus-alleni-COI,Mammalia/Rodentia/Muridae/Hylomyscus-alleni,13,24,2,18,12,30,55
30,Platysenta mobilis,Arthropoda,Insecta,Lepidoptera,Noctuidae,Condica,Platysenta-mobilis-COI,Insecta/Lepidoptera/Noctuidae/Platysenta-mobilis,16,30,2,22,14,31,56
31,Engraulis japonicus,Chordata,Actinopterygii,Clupeiformes,Engraulidae,Engraulis,Engraulis-japonicus-COI,Actinopterygii/Clupeiformes/Engraulidae/Engraulis-japonicus,12,15,2,16,11,32,57
32,Limenitis archippus,Arthropoda,Insecta,Lepidoptera,Nymphalidae,Limenitis,Limenitis-archippus-COI,Insecta/Lepidoptera/Nymphalidae/Limenitis-archippus,17,23,3,34,23,33,59
33,Sceliphron caementarium,Arthropoda,Insecta,Hymenoptera,Sphecidae,Sceliphron,Sceliphron-caementarium-COI,Insecta/Hymenoptera/Sphecidae/Sceliphron-caementarium,22,35,3,45,32,34,60
34,Hemichroa crocea,Arthropoda,Insecta,Hymenoptera,Tenthredinidae,Hemichroa,Hemichroa-crocea-COI,Insecta/Hymenoptera/Tenthredinidae/Hemichroa-crocea,54,101,8,277,246,35,62
35,Leucania multilinea,Arthropoda,Insecta,Lepidoptera,Noctuidae,Leucania,Leucania-multilinea-COI,Insecta/Lepidoptera/Noctuidae/Leucania-multilinea,36,94,5,111,94,36,64
36,Boloria pales,Arthropoda,Insecta,Lepidoptera,Nymphalidae,Boloria,Boloria-pales-COI,Insecta/Lepidoptera/Nymphalidae/Boloria-pales,54,83,8,281,254,37,65
37,Hypobapta barnardi,Arthropoda,Insecta,Lepidoptera,Geometridae,Hypobapta,Hypobapta-barnardi-COI,Insecta/Lepidoptera/Geometridae/Hypobapta-barnardi,16,37,2,20,15,38,66
38,Caranx melampygus,Chordata,Actinopterygii,Perciformes,Carangidae,Caranx,Caranx-melampygus-COI,Actinopterygii/Perciformes/Carangidae/Caranx-melampygus,12,17,2,15,9,39,67
39,Oppia nitens,Arthropoda,Arachnida,Sarcoptiformes,Oppiidae,Oppia,Oppia-nitens-COI,Arachnida/Sarcoptiformes/Oppiidae/Oppia-nitens,31,92,5,101,81,40,68
40,Pyrgomorpha conica,Arthropoda,Insecta,Orthoptera,Pyrgomorphidae,Pyrgomorpha,Pyrgomorpha-conica-COI,Insecta/Orthoptera/Pyrgomorphidae/Pyrgomorpha-conica,14,104,2,20,13,41,69
41,Alopecosa aculeata,Arthropoda,Arachnida,Araneae,Lycosidae,Alopecosa,Alopecosa-aculeata-COI,Arachnida/Araneae/Lycosidae/Alopecosa-aculeata,89,500,13,736,679,42,71
42,Pseudargyrotoza conwagana,Arthropoda,Insecta,Lepidoptera,Tortricidae,Pseudargyrotoza,Pseudargyrotoza-conwagana-COI,Insecta/Lepidoptera/Tortricidae/Pseudargyrotoza-conwagana,27,32,4,70,55,43,73
43,Condica cupentia,Arthropoda,Insecta,Lepidoptera,Noctuidae,Condica,Condica-cupentia-COI,Insecta/Lepidoptera/Noctuidae/Condica-cupentia,43,84,6,162,140,44,74
44,Leucoraja naevus,Chordata,Elasmobranchii,Rajiformes,Rajidae,Leucoraja,Leucoraja-naevus-COI,Elasmobranchii/Rajiformes/Rajidae/Leucoraja-naevus,13,26,2,16,10,45,75
45,Ravinia planifrons,Arthropoda,Insecta,Diptera,Sarcophagidae,Ravinia,Ravinia-planifrons-COI,Insecta/Diptera/Sarcophagidae/Ravinia-planifrons,19,72,3,33,24,46,77
46,Petrophora subaequaria,Arthropoda,Insecta,Lepidoptera,Geometridae,Petrophora,Petrophora-subaequaria-COI,Insecta/Lepidoptera/Geometridae/Petrophora-subaequaria,12,21,2,17,10,47,84
47,Oecomys rutilus,Chordata,Mammalia,Rodentia,Cricetidae,Oecomys,Oecomys-rutilus-COI,Mammalia/Rodentia/Cricetidae/Oecomys-rutilus,13,23,2,19,11,48,87
48,Euxoa messoria,Arthropoda,Insecta,Lepidoptera,Noctuidae,Euxoa,Euxoa-messoria-COI,Insecta/Lepidoptera/Noctuidae/Euxoa-messoria,24,36,4,68,51,49,88
49,Culicoides orientalis,Arthropoda,Insecta,Diptera,Ceratopogonidae,Culicoides,Culicoides-orientalis-COI,Insecta/Diptera/Ceratopogonidae/Culicoides-orientalis,14,30,2,16,10,50,89
50,Isotoma viridis,Arthropoda,Entognatha,Collembola,Isotomidae,Isotoma,Isotoma-viridis-COI,Entognatha/Collembola/Isotomidae/Isotoma-viridis,31,139,5,89,74,51,90
51,Euxoa obelisca,Arthropoda,Insecta,Lepidoptera,Noctuidae,Euxoa,Euxoa-obelisca-COI,Insecta/Lepidoptera/Noctuidae/Euxoa-obelisca,24,31,4,65,50,52,92
52,Nemorimyza posticata,Arthropoda,Insecta,Diptera,Agromyzidae,Nemorimyza,Nemorimyza-posticata-COI,Insecta/Diptera/Agromyzidae/Nemorimyza-posticata,54,85,8,306,273,53,93
53,Pasiphila rectangulata,Arthropoda,Insecta,Lepidoptera,Geometridae,Pasiphila,Pasiphila-rectangulata-COI,Insecta/Lepidoptera/Geometridae/Pasiphila-rectangulata,75,191,11,554,510,54,97
54,Periphyllus testudinaceus,Arthropoda,Insecta,Hemiptera,Aphididae,Periphyllus,Periphyllus-testudinaceus-COI,Insecta/Hemiptera/Aphididae/Periphyllus-testudinaceus,23,142,3,44,34,55,98
55,Nebria rufescens,Arthropoda,Insecta,Coleoptera,Carabidae,Nebria,Nebria-rufescens-COI,Insecta/Coleoptera/Carabidae/Nebria-rufescens,12,16,2,16,8,56,99
56,Peromyia borealis,Arthropoda,Insecta,Diptera,Cecidomyiidae,Peromyia,Peromyia-borealis-COI,Insecta/Diptera/Cecidomyiidae/Peromyia-borealis,17,187,3,36,25,57,100
57,Cerodontha longipennis,Arthropoda,Insecta,Diptera,Agromyzidae,Cerodontha,Cerodontha-longipennis-COI,Insecta/Diptera/Agromyzidae/Cerodontha-longipennis,62,82,9,372,338,58,101
58,Isoperla holochlora,Arthropoda,Insecta,Plecoptera,Perlodidae,Isoperla,Isoperla-holochlora-COI,Insecta/Plecoptera/Perlodidae/Isoperla-holochlora,25,41,4,58,45,59,102
59,Tipula platymera,Arthropoda,Insecta,Diptera,Tipulidae,Tipula,Tipula-platymera-COI,Insecta/Diptera/Tipulidae/Tipula-platymera,21,34,3,37,27,60,107
60,Salignus distinguendus,Arthropoda,Insecta,Hemiptera,Miridae,Salignus,Salignus-distinguendus-COI,Insecta/Hemiptera/Miridae/Salignus-distinguendus,16,106,2,23,15,61,108
61,Scathophaga litorea,Arthropoda,Insecta,Diptera,Scathophagidae,Scathophaga,Scathophaga-litorea-COI,Insecta/Diptera/Scathophagidae/Scathophaga-litorea,46,544,7,220,194,62,110
62,Clemensia cincinnata,Arthropoda,Insecta,Lepidoptera,Arctiidae,Clemensia,Clemensia-cincinnata-COI,Insecta/Lepidoptera/Arctiidae/Clemensia-cincinnata,35,145,5,108,90,63,115
63,Erebia montanus,Arthropoda,Insecta,Lepidoptera,Nymphalidae,Erebia,Erebia-montanus-COI,Insecta/Lepidoptera/Nymphalidae/Erebia-montanus,15,16,2,20,13,64,116
64,Tetanolita mynesalis,Arthropoda,Insecta,Lepidoptera,Noctuidae,Tetanolita,Tetanolita-mynesalis-COI,Insecta/Lepidoptera/Noctuidae/Tetanolita-mynesalis,26,43,4,67,53,65,118
65,Esomus danrica,Chordata,Actinopterygii,Cypriniformes,Cyprinidae,Esomus,Esomus-danrica-COI,Actinopterygii/Cypriniformes/Cyprinidae/Esomus-danrica,27,41,4,69,55,66,119
66,Scoparia penumbralis,Arthropoda,Insecta,Lepidoptera,Crambidae,Scoparia,Scoparia-penumbralis-COI,Insecta/Lepidoptera/Crambidae/Scoparia-penumbralis,53,1455,8,259,230,67,121
67,Deltote bankiana,Arthropoda,Insecta,Lepidoptera,Noctuidae,Deltote,Deltote-bankiana-COI,Insecta/Lepidoptera/Noctuidae/Deltote-bankiana,24,29,4,66,51,68,122
68,Aulonothroscus constrictor,Arthropoda,Insecta,Coleoptera,Throscidae,Aulonothroscus,Aulonothroscus-constrictor-COI,Insecta/Coleoptera/Throscidae/Aulonothroscus-constrictor,32,133,5,110,90,69,123
69,Tasgius melanarius,Arthropoda,Insecta,Coleoptera,Staphylinidae,Tasgius,Tasgius-melanarius-COI,Insecta/Coleoptera/Staphylinidae/Tasgius-melanarius,26,44,4,70,56,70,125
70,Chondrocyclus alabastris,Mollusca,Gastropoda,Architaenioglossa,Megalomastomatidae,Chondrocyclus,Chondrocyclus-alabastris-COI,Gastropoda/Architaenioglossa/Megalomastomatidae/Chondrocyclus-alabastris,12,13,2,17,9,71,127
71,Ginaldia corda,Arthropoda,Insecta,Lepidoptera,Notodontidae,Ginaldia,Ginaldia-corda-COI,Insecta/Lepidoptera/Notodontidae/Ginaldia-corda,44,95,7,199,174,72,128
72,Cotesia yakutatensis,Arthropoda,Insecta,Hymenoptera,Braconidae,Cotesia,Cotesia-yakutatensis-COI,Insecta/Hymenoptera/Braconidae/Cotesia-yakutatensis,21,55,3,45,33,73,129
73,Parastacus brasiliensis,Arthropoda,Malacostraca,Decapoda,Parastacidae,Parastacus,Parastacus-brasiliensis-COI,Malacostraca/Decapoda/Parastacidae/Parastacus-brasiliensis,13,29,2,22,13,74,130
74,Pero behrensaria,Arthropoda,Insecta,Lepidoptera,Geometridae,Pero,Pero-behrensaria-COI,Insecta/Lepidoptera/Geometridae/Pero-behrensaria,22,43,3,45,34,75,133
75,Euxoa intrita,Arthropoda,Insecta,Lepidoptera,Noctuidae,Euxoa,Euxoa-intrita-COI,Insecta/Lepidoptera/Noctuidae/Euxoa-intrita,12,15,2,16,11,76,134
76,Oribatula tibialis,Arthropoda,Arachnida,Sarcoptiformes,Oribatulidae,Oribatula,Oribatula-tibialis-COI,Arachnida/Sarcoptiformes/Oribatulidae/Oribatula-tibialis,51,381,8,281,253,77,140
77,Pikonema alaskense,Arthropoda,Insecta,Hymenoptera,Tenthredinidae,Pikonema,Pikonema-alaskense-COI,Insecta/Hymenoptera/Tenthredinidae/Pikonema-alaskense,28,55,4,71,59,78,141
78,Pharmacis fusconebulosa,Arthropoda,Insecta,Lepidoptera,Hepialidae,Pharmacis,Pharmacis-fusconebulosa-COI,Insecta/Lepidoptera/Hepialidae/Pharmacis-fusconebulosa,17,19,3,35,24,79,142
79,Dasychira obliquata,Arthropoda,Insecta,Lepidoptera,Lymantriidae,Dasychira,Dasychira-obliquata-COI,Insecta/Lepidoptera/Lymantriidae/Dasychira-obliquata,22,31,3,46,34,80,144
80,Incertella incerta,Arthropoda,Insecta,Diptera,Chloropidae,Incertella,Incertella-incerta-COI,Insecta/Diptera/Chloropidae/Incertella-incerta,38,288,6,155,129,81,146
81,Colias pelidne,Arthropoda,Insecta,Lepidoptera,Pieridae,Colias,Colias-pelidne-COI,Insecta/Lepidoptera/Pieridae/Colias-pelidne,16,20,2,21,14,82,147
82,Mimumesa dahlbomi,Arthropoda,Insecta,Hymenoptera,Crabronidae,Mimumesa,Mimumesa-dahlbomi-COI,Insecta/Hymenoptera/Crabronidae/Mimumesa-dahlbomi,13,19,2,15,10,83,149
83,Arctornis intacta,Arthropoda,Insecta,Lepidoptera,Erebidae,Arctornis,Arctornis-intacta-COI,Insecta/Lepidoptera/Erebidae/Arctornis-intacta,13,60,2,18,11,84,151
84,Agape chloropyga,Arthropoda,Insecta,Lepidoptera,Erebidae,Agape,Agape-chloropyga-COI,Insecta/Lepidoptera/Erebidae/Agape-chloropyga,25,31,4,61,48,85,152
85,Memphis proserpina,Arthropoda,Insecta,Lepidoptera,Nymphalidae,Memphis,Memphis-proserpina-COI,Insecta/Lepidoptera/Nymphalidae/Memphis-proserpina,32,44,5,109,87,86,153
86,Segestria senoculata,Arthropoda,Arachnida,Araneae,Segestriidae,Segestria,Segestria-senoculata-COI,Arachnida/Araneae/Segestriidae/Segestria-senoculata,14,14,2,19,12,87,156
87,Phylocentropus placidus,Arthropoda,Insecta,Trichoptera,Dipseudopsidae,Phylocentropus,Phylocentropus-placidus-COI,Insecta/Trichoptera/Dipseudopsidae/Phylocentropus-placidus,20,37,3,39,27,88,157
88,Helicoverpa punctigera,Arthropoda,Insecta,Lepidoptera,Noctuidae,Helicoverpa,Helicoverpa-punctigera-COI,Insecta/Lepidoptera/Noctuidae/Helicoverpa-punctigera,57,144,9,337,300,89,158
89,Megaselia ilca,Arthropoda,Insecta,Diptera,Phoridae,Megaselia,Megaselia-ilca-COI,Insecta/Diptera/Phoridae/Megaselia-ilca,36,115,5,125,107,90,159
90,Callopistria juventina,Arthropoda,Insecta,Lepidoptera,Noctuidae,Callopistria,Callopistria-juventina-COI,Insecta/Lepidoptera/Noctuidae/Callopistria-juventina,12,18,2,19,12,91,160
91,Ilybius quadriguttatus,Arthropoda,Insecta,Coleoptera,Dytiscidae,Ilybius,Ilybius-quadriguttatus-COI,Insecta/Coleoptera/Dytiscidae/Ilybius-quadriguttatus,23,54,3,46,36,92,161
92,Calaphis flava,Arthropoda,Insecta,Hemiptera,Aphididae,Calaphis,Calaphis-flava-COI,Insecta/Hemiptera/Aphididae/Calaphis-flava,41,786,6,153,133,93,162
93,Thymelicus lineola,Arthropoda,Insecta,Lepidoptera,Hesperiidae,Thymelicus,Thymelicus-lineola-COI,Insecta/Lepidoptera/Hesperiidae/Thymelicus-lineola,223,340,33,4682,4557,94,164
94,Coenipeta tanais,Arthropoda,Insecta,Lepidoptera,Erebidae,Coenipeta,Coenipeta-tanais-COI,Insecta/Lepidoptera/Erebidae/Coenipeta-tanais,35,54,5,116,99,95,166
95,Hylesia rufipes,Arthropoda,Insecta,Lepidoptera,Saturniidae,Hylesia,Hylesia-rufipes-COI,Insecta/Lepidoptera/Saturniidae/Hylesia-rufipes,18,66,3,35,25,96,167
96,Essigella wilsoni,Arthropoda,Insecta,Hemiptera,Aphididae,Essigella,Essigella-wilsoni-COI,Insecta/Hemiptera/Aphididae/Essigella-wilsoni,18,160,3,37,26,97,173
97,Hypena variabilis,Arthropoda,Insecta,Lepidoptera,Erebidae,Hypena,Hypena-variabilis-COI,Insecta/Lepidoptera/Erebidae/Hypena-variabilis,15,26,2,23,15,98,174
98,Diplocolenus configuratus,Arthropoda,Insecta,Hemiptera,Cicadellidae,Diplocolenus,Diplocolenus-configuratus-COI,Insecta/Hemiptera/Cicadellidae/Diplocolenus-configuratus,18,109,3,36,26,99,181
99,Pristiphora retusa,Arthropoda,Insecta,Hymenoptera,Tenthredinidae,Pristiphora,Pristiphora-retusa-COI,Insecta/Hymenoptera/Tenthredinidae/Pristiphora-retusa,13,27,2,20,11,100,189
100,Alliopsis fractiseta,Arthropoda,Insecta,Diptera,Anthomyiidae,Alliopsis,Alliopsis-fractiseta-COI,Insecta/Diptera/Anthomyiidae/Alliopsis-fractiseta,19,58,3,37,24,101,191
101,Astyanax mexicanus,Chordata,Actinopterygii,Characiformes,Characidae,Astyanax,Astyanax-mexicanus-COI,Actinopterygii/Characiformes/Characidae/Astyanax-mexicanus,16,48,2,24,15,102,192
102,Alloxysta tscheki,Arthropoda,Insecta,Hymenoptera,Charipidae,Alloxysta,Alloxysta-tscheki-COI,Insecta/Hymenoptera/Charipidae/Alloxysta-tscheki,13,17,2,20,11,103,194
103,Letis xylia,Arthropoda,Insecta,Lepidoptera,Noctuidae,Letis,Letis-xylia-COI,Insecta/Lepidoptera/Noctuidae/Letis-xylia,14,41,2,16,11,104,195
104,Aidos perfusa,Arthropoda,Insecta,Lepidoptera,Aididae,Aidos,Aidos-perfusa-COI,Insecta/Lepidoptera/Aididae/Aidos-perfusa,20,30,3,43,32,105,196
105,Thymelicus sylvestris,Arthropoda,Insecta,Lepidoptera,Hesperiidae,Thymelicus,Thymelicus-sylvestris-COI,Insecta/Lepidoptera/Hesperiidae/Thymelicus-sylvestris,202,228,30,3753,3640,106,200
106,Exechia separata,Arthropoda,Insecta,Diptera,Mycetophilidae,Exechia,Exechia-separata-COI,Insecta/Diptera/Mycetophilidae/Exechia-separata,27,45,4,74,58,107,201
107,Eumedonia eumedon,Arthropoda,Insecta,Lepidoptera,Lycaenidae,Eumedonia,Eumedonia-eumedon-COI,Insecta/Lepidoptera/Lycaenidae/Eumedonia-eumedon,14,16,2,18,12,108,203
108,Ziegleria hesperitis,Arthropoda,Insecta,Lepidoptera,Lycaenidae,Ziegleria,Ziegleria-hesperitis-COI,Insecta/Lepidoptera/Lycaenidae/Ziegleria-hesperitis,14,24,2,17,11,109,205
109,Cassida rubiginosa,Arthropoda,Insecta,Coleoptera,Chrysomelidae,Cassida,Cassida-rubiginosa-COI,Insecta/Coleoptera/Chrysomelidae/Cassida-rubiginosa,27,33,4,79,63,110,208
110,Epitrimerus sabinae,Arthropoda,Arachnida,Trombidiformes,Eriophyidae,Epitrimerus,Epitrimerus-sabinae-COI,Arachnida/Trombidiformes/Eriophyidae/Epitrimerus-sabinae,19,80,3,36,27,111,209
111,Hyles sammuti,Arthropoda,Insecta,Lepidoptera,Sphingidae,Hyles,Hyles-sammuti-COI,Insecta/Lepidoptera/Sphingidae/Hyles-sammuti,17,21,3,34,25,112,210
112,Anisarchus medius,Chordata,Actinopterygii,Perciformes,Stichaeidae,Anisarchus,Anisarchus-medius-COI,Actinopterygii/Perciformes/Stichaeidae/Anisarchus-medius,19,26,3,37,27,113,211
113,Prosciara prosciaroides,Arthropoda,Insecta,Diptera,Sciaridae,Prosciara,Prosciara-prosciaroides-COI,Insecta/Diptera/Sciaridae/Prosciara-prosciaroides,33,381,5,96,79,114,212
114,Selagia spadicella,Arthropoda,Insecta,Lepidoptera,Pyralidae,Selagia,Selagia-spadicella-COI,Insecta/Lepidoptera/Pyralidae/Selagia-spadicella,14,19,2,19,11,115,213
115,Apantesis nais,Arthropoda,Insecta,Lepidoptera,Arctiidae,Apantesis,Apantesis-nais-COI,Insecta/Lepidoptera/Arctiidae/Apantesis-nais,19,31,3,40,29,116,215
116,Nystalea aequipars,Arthropoda,Insecta,Lepidoptera,Notodontidae,Nystalea,Nystalea-aequipars-COI,Insecta/Lepidoptera/Notodontidae/Nystalea-aequipars,57,124,9,337,303,117,216
117,Hypoprepia fucosa,Arthropoda,Insecta,Lepidoptera,Arctiidae,Hypoprepia,Hypoprepia-fucosa-COI,Insecta/Lepidoptera/Arctiidae/Hypoprepia-fucosa,45,100,7,193,167,118,218
118,Zizina labradus,Arthropoda,Insecta,Lepidoptera,Lycaenidae,Zizina,Zizina-labradus-COI,Insecta/Lepidoptera/Lycaenidae/Zizina-labradus,20,51,3,42,31,119,219
119,Carcharhinus leucas,Chordata,Elasmobranchii,Carcharhiniformes,Carcharhinidae,Carcharhinus,Carcharhinus-leucas-COI,Elasmobranchii/Carcharhiniformes/Carcharhinidae/Carcharhinus-leucas,14,15,2,18,11,120,221
120,Lutjanus synagris,Chordata,Actinopterygii,Perciformes,Lutjanidae,Lutjanus,Lutjanus-synagris-COI,Actinopterygii/Perciformes/Lutjanidae/Lutjanus-synagris,14,27,2,19,13,121,222
121,Trixagus carinicollis,Arthropoda,Insecta,Coleoptera,Throscidae,Trixagus,Trixagus-carinicollis-COI,Insecta/Coleoptera/Throscidae/Trixagus-carinicollis,108,661,16,1213,1150,122,229
122,Malporus formicarius,Arthropoda,Insecta,Coleoptera,Anthicidae,Malporus,Malporus-formicarius-COI,Insecta/Coleoptera/Anthicidae/Malporus-formicarius,16,33,2,24,17,123,231
123,Dyops cuprescens,Arthropoda,Insecta,Lepidoptera,Noctuidae,Dyops,Dyops-cuprescens-COI,Insecta/Lepidoptera/Noctuidae/Dyops-cuprescens,59,146,9,341,302,124,234
124,Sarsina festiva,Arthropoda,Insecta,Lepidoptera,Lymantriidae,Sarsina,Sarsina-festiva-COI,Insecta/Lepidoptera/Lymantriidae/Sarsina-festiva,12,44,2,17,10,125,239
125,Chlosyne erodyle,Arthropoda,Insecta,Lepidoptera,Nymphalidae,Chlosyne,Chlosyne-erodyle-COI,Insecta/Lepidoptera/Nymphalidae/Chlosyne-erodyle,21,45,3,43,31,126,240
126,Rhyacophila dorsalis,Arthropoda,Insecta,Trichoptera,Rhyacophilidae,Rhyacophila,Rhyacophila-dorsalis-COI,Insecta/Trichoptera/Rhyacophilidae/Rhyacophila-dorsalis,30,48,5,94,80,127,246
127,Acroneuria abnormis,Arthropoda,Insecta,Plecoptera,Perlidae,Acroneuria,Acroneuria-abnormis-COI,Insecta/Plecoptera/Perlidae/Acroneuria-abnormis,48,102,7,213,192,128,248
128,Apamea centralis,Arthropoda,Insecta,Lepidoptera,Noctuidae,Apamea,Apamea-centralis-COI,Insecta/Lepidoptera/Noctuidae/Apamea-centralis,13,21,2,19,12,129,250
129,Coxina hadenoides,Arthropoda,Insecta,Lepidoptera,Noctuidae,Coxina,Coxina-hadenoides-COI,Insecta/Lepidoptera/Noctuidae/Coxina-hadenoides,18,27,3,35,24,130,253
130,Philometra metonalis,Arthropoda,Insecta,Lepidoptera,Noctuidae,Philometra,Philometra-metonalis-COI,Insecta/Lepidoptera/Noctuidae/Philometra-metonalis,42,99,6,146,125,131,254
131,Taeniogonalos woodorum,Arthropoda,Insecta,Hymenoptera,Trigonalidae,Taeniogonalos,Taeniogonalos-woodorum-COI,Insecta/Hymenoptera/Trigonalidae/Taeniogonalos-woodorum,70,170,11,507,460,132,255
132,Aporrectodea trapezoides,Annelida,Clitellata,Crassiclitellata,Lumbricidae,Aporrectodea,Aporrectodea-trapezoides-COI,Clitellata/Crassiclitellata/Lumbricidae/Aporrectodea-trapezoides,37,92,6,137,116,133,259
133,Autographa aemula,Arthropoda,Insecta,Lepidoptera,Noctuidae,Autographa,Autographa-aemula-COI,Insecta/Lepidoptera/Noctuidae/Autographa-aemula,12,16,2,18,11,134,260
134,Epuraea melanocephala,Arthropoda,Insecta,Coleoptera,Nitidulidae,Epuraea,Epuraea-melanocephala-COI,Insecta/Coleoptera/Nitidulidae/Epuraea-melanocephala,14,18,2,20,13,135,262
135,Herminia pedipilalis,Arthropoda,Insecta,Lepidoptera,Erebidae,Herminia,Herminia-pedipilalis-COI,Insecta/Lepidoptera/Erebidae/Herminia-pedipilalis,21,37,3,42,32,136,263
136,Corticaria rubripes,Arthropoda,Insecta,Coleoptera,Latridiidae,Corticaria,Corticaria-rubripes-COI,Insecta/Coleoptera/Latridiidae/Corticaria-rubripes,21,22,3,39,30,137,267
137,Aphelia paleana,Arthropoda,Insecta,Lepidoptera,Tortricidae,Aphelia,Aphelia-paleana-COI,Insecta/Lepidoptera/Tortricidae/Aphelia-paleana,24,31,4,61,47,138,268
138,Lycoriella stylata,Arthropoda,Insecta,Diptera,Sciaridae,Lycoriella,Lycoriella-stylata-COI,Insecta/Diptera/Sciaridae/Lycoriella-stylata,16,30,2,24,16,139,270
139,Hylesia aeneides,Arthropoda,Insecta,Lepidoptera,Saturniidae,Hylesia,Hylesia-aeneides-COI,Insecta/Lepidoptera/Saturniidae/Hylesia-aeneides,19,43,3,41,29,140,271
140,Nomophila nearctica,Arthropoda,Insecta,Lepidoptera,Crambidae,Nomophila,Nomophila-nearctica-COI,Insecta/Lepidoptera/Crambidae/Nomophila-nearctica,38,82,6,153,133,141,272
141,Automeris managuana,Arthropoda,Insecta,Lepidoptera,Saturniidae,Automeris,Automeris-managuana-COI,Insecta/Lepidoptera/Saturniidae/Automeris-managuana,12,19,2,19,10,142,274
142,Hyalinobatrachium fleischmanni,Chordata,Amphibia,Anura,Centrolenidae,Hyalinobatrachium,Hyalinobatrachium-fleischmanni-COI,Amphibia/Anura/Centrolenidae/Hyalinobatrachium-fleischmanni,50,93,8,253,225,143,276
143,Ochrodota marina,Arthropoda,Insecta,Lepidoptera,Arctiidae,Ochrodota,Ochrodota-marina-COI,Insecta/Lepidoptera/Arctiidae/Ochrodota-marina,30,106,5,108,90,144,278
144,Agrotis simplonia,Arthropoda,Insecta,Lepidoptera,Noctuidae,Agrotis,Agrotis-simplonia-COI,Insecta/Lepidoptera/Noctuidae/Agrotis-simplonia,14,15,2,19,11,145,280
145,Edwardsiana rosae,Arthropoda,Insecta,Hemiptera,Cicadellidae,Edwardsiana,Edwardsiana-rosae-COI,Insecta/Hemiptera/Cicadellidae/Edwardsiana-rosae,61,244,9,356,319,146,286
146,Contacyphon coarctatus,Arthropoda,Insecta,Coleoptera,Scirtidae,Contacyphon,Contacyphon-coarctatus-COI,Insecta/Coleoptera/Scirtidae/Contacyphon-coarctatus,16,17,2,19,13,147,288
147,Anthela acuta,Arthropoda,Insecta,Lepidoptera,Anthelidae,Anthela,Anthela-acuta-COI,Insecta/Lepidoptera/Anthelidae/Anthela-acuta,12,14,2,16,8,148,289
148,Subacronicta megacephala,Arthropoda,Insecta,Lepidoptera,Noctuidae,Subacronicta,Subacronicta-megacephala-COI,Insecta/Lepidoptera/Noctuidae/Subacronicta-megacephala,32,38,5,101,85,149,290
149,Crambus saltuellus,Arthropoda,Insecta,Lepidoptera,Crambidae,Crambus,Crambus-saltuellus-COI,Insecta/Lepidoptera/Crambidae/Crambus-saltuellus,31,74,5,102,81,150,295
150,Cerura vinula,Arthropoda,Insecta,Lepidoptera,Notodontidae,Cerura,Cerura-vinula-COI,Insecta/Lepidoptera/Notodontidae/Cerura-vinula,25,26,4,69,53,151,296
151,Scymnus lacustris,Arthropoda,Insecta,Coleoptera,Coccinellidae,Scymnus,Scymnus-lacustris-COI,Insecta/Coleoptera/Coccinellidae/Scymnus-lacustris,12,15,2,14,7,152,298
152,Misumenoides formosipes,Arthropoda,Arachnida,Araneae,Thomisidae,Misumenoides,Misumenoides-formosipes-COI,Arachnida/Araneae/Thomisidae/Misumenoides-formosipes,13,25,2,16,10,153,299
153,Hydropsyche siltalai,Arthropoda,Insecta,Trichoptera,Hydropsychidae,Hydropsyche,Hydropsyche-siltalai-COI,Insecta/Trichoptera/Hydropsychidae/Hydropsyche-siltalai,38,81,6,155,134,154,303
154,Dichomeris flavocostella,Arthropoda,Insecta,Lepidoptera,Gelechiidae,Dichomeris,Dichomeris-flavocostella-COI,Insecta/Lepidoptera/Gelechiidae/Dichomeris-flavocostella,18,31,3,42,30,155,304
155,Bucculatrix thoracella,Arthropoda,Insecta,Lepidoptera,Bucculatricidae,Bucculatrix,Bucculatrix-thoracella-COI,Insecta/Lepidoptera/Bucculatricidae/Bucculatrix-thoracella,15,21,2,21,13,156,308
156,Antispila oinophylla,Arthropoda,Insecta,Lepidoptera,Heliozelidae,Antispila,Antispila-oinophylla-COI,Insecta/Lepidoptera/Heliozelidae/Antispila-oinophylla,19,37,3,37,24,157,312
157,Wallago attu,Chordata,Actinopterygii,Siluriformes,Siluridae,Wallago,Wallago-attu-COI,Actinopterygii/Siluriformes/Siluridae/Wallago-attu,19,30,3,36,24,158,313
158,Parnassius phoebus,Arthropoda,Insecta,Lepidoptera,Papilionidae,Parnassius,Parnassius-phoebus-COI,Insecta/Lepidoptera/Papilionidae/Parnassius-phoebus,31,41,5,104,85,159,319
159,Fisera hypoleuca,Arthropoda,Insecta,Lepidoptera,Geometridae,Fisera,Fisera-hypoleuca-COI,Insecta/Lepidoptera/Geometridae/Fisera-hypoleuca,12,16,2,16,9,160,320
160,Daphnia pulex,Arthropoda,Branchiopoda,Diplostraca,Daphniidae,Daphnia,Daphnia-pulex-COI,Branchiopoda/Diplostraca/Daphniidae/Daphnia-pulex,30,62,5,102,84,161,322
161,Melanchra pulverulenta,Arthropoda,Insecta,Lepidoptera,Noctuidae,Melanchra,Melanchra-pulverulenta-COI,Insecta/Lepidoptera/Noctuidae/Melanchra-pulverulenta,29,58,4,86,70,162,325
162,Badis badis,Chordata,Actinopterygii,Perciformes,Badidae,Badis,Badis-badis-COI,Actinopterygii/Perciformes/Badidae/Badis-badis,16,27,2,21,13,163,326
163,Stagnicola elodes,Mollusca,Gastropoda,Hygrophila,Lymnaeidae,Stagnicola,Stagnicola-elodes-COI,Gastropoda/Hygrophila/Lymnaeidae/Stagnicola-elodes,52,145,8,270,236,164,327
164,Eugnosta sartana,Arthropoda,Insecta,Lepidoptera,Tortricidae,Eugnosta,Eugnosta-sartana-COI,Insecta/Lepidoptera/Tortricidae/Eugnosta-sartana,20,44,3,42,32,165,329
165,Ocyurus chrysurus,Chordata,Actinopterygii,Perciformes,Lutjanidae,Ocyurus,Ocyurus-chrysurus-COI,Actinopterygii/Perciformes/Lutjanidae/Ocyurus-chrysurus,19,48,3,40,29,166,335
166,Bida radiosella,Arthropoda,Insecta,Lepidoptera,Oecophoridae,Bida,Bida-radiosella-COI,Insecta/Lepidoptera/Oecophoridae/Bida-radiosella,14,22,2,18,12,167,336
167,Lygaeus kalmii,Arthropoda,Insecta,Hemiptera,Lygaeidae,Lygaeus,Lygaeus-kalmii-COI,Insecta/Hemiptera/Lygaeidae/Lygaeus-kalmii,25,32,4,64,50,168,337
168,Banisia furva,Arthropoda,Insecta,Lepidoptera,Thyrididae,Banisia,Banisia-furva-COI,Insecta/Lepidoptera/Thyrididae/Banisia-furva,25,62,4,68,53,169,338
169,Enallagma ebrium,Arthropoda,Insecta,Odonata,Coenagrionidae,Enallagma,Enallagma-ebrium-COI,Insecta/Odonata/Coenagrionidae/Enallagma-ebrium,17,33,3,31,21,170,339
170,Strangalepta abbreviata,Arthropoda,Insecta,Coleoptera,Cerambycidae,Strangalepta,Strangalepta-abbreviata-COI,Insecta/Coleoptera/Cerambycidae/Strangalepta-abbreviata,13,29,2,19,11,171,341
171,Denticucullus pygmina,Arthropoda,Insecta,Lepidoptera,Noctuidae,Denticucullus,Denticucullus-pygmina-COI,Insecta/Lepidoptera/Noctuidae/Denticucullus-pygmina,17,19,3,33,22,172,342
172,Sphex ichneumoneus,Arthropoda,Insecta,Hymenoptera,Sphecidae,Sphex,Sphex-ichneumoneus-COI,Insecta/Hymenoptera/Sphecidae/Sphex-ichneumoneus,17,22,3,30,22,173,344
173,Cropia rivulosa,Arthropoda,Insecta,Lepidoptera,Noctuidae,Cropia,Cropia-rivulosa-COI,Insecta/Lepidoptera/Noctuidae/Cropia-rivulosa,45,92,7,198,171,174,346
174,Stigmella ruficapitella,Arthropoda,Insecta,Lepidoptera,Nepticulidae,Stigmella,Stigmella-ruficapitella-COI,Insecta/Lepidoptera/Nepticulidae/Stigmella-ruficapitella,28,48,4,72,58,175,352
175,Chiasmodon niger,Chordata,Actinopterygii,Perciformes,Chiasmodontidae,Chiasmodon,Chiasmodon-niger-COI,Actinopterygii/Perciformes/Chiasmodontidae/Chiasmodon-niger,14,15,2,18,11,176,355
176,Aphis pomi,Arthropoda,Insecta,Hemiptera,Aphididae,Aphis,Aphis-pomi-COI,Insecta/Hemiptera/Aphididae/Aphis-pomi,45,100,7,221,193,177,357
177,Rhyacia quadrangula,Arthropoda,Insecta,Lepidoptera,Noctuidae,Rhyacia,Rhyacia-quadrangula-COI,Insecta/Lepidoptera/Noctuidae/Rhyacia-quadrangula,14,90,2,19,13,178,358
178,Anax speratus,Arthropoda,Insecta,Odonata,Aeshnidae,Anax,Anax-speratus-COI,Insecta/Odonata/Aeshnidae/Anax-speratus,12,26,2,15,9,179,359
179,Agrius cingulata,Arthropoda,Insecta,Lepidoptera,Sphingidae,Agrius,Agrius-cingulata-COI,Insecta/Lepidoptera/Sphingidae/Agrius-cingulata,44,106,7,204,178,180,361
180,Baetis intercalaris,Arthropoda,Insecta,Ephemeroptera,Baetidae,Baetis,Baetis-intercalaris-COI,Insecta/Ephemeroptera/Baetidae/Baetis-intercalaris,12,25,2,14,9,181,362
181,Carteris lineata,Arthropoda,Insecta,Lepidoptera,Noctuidae,Carteris,Carteris-lineata-COI,Insecta/Lepidoptera/Noctuidae/Carteris-lineata,20,41,3,41,30,182,363
182,Colotis danae,Arthropoda,Insecta,Lepidoptera,Pieridae,Colotis,Colotis-danae-COI,Insecta/Lepidoptera/Pieridae/Colotis-danae,27,54,4,68,52,183,365
183,Orthocladius dorenus,Arthropoda,Insecta,Diptera,Chironomidae,Orthocladius,Orthocladius-dorenus-COI,Insecta/Diptera/Chironomidae/Orthocladius-dorenus,179,1807,27,3371,3268,184,366
184,Ichneumon discoensis,Arthropoda,Insecta,Hymenoptera,Ichneumonidae,Ichneumon,Ichneumon-discoensis-COI,Insecta/Hymenoptera/Ichneumonidae/Ichneumon-discoensis,35,96,5,122,104,185,367
185,Depressaria albipunctella,Arthropoda,Insecta,Lepidoptera,Elachistidae,Depressaria,Depressaria-albipunctella-COI,Insecta/Lepidoptera/Elachistidae/Depressaria-albipunctella,22,25,3,45,34,186,368
186,Mycetophila blanda,Arthropoda,Insecta,Diptera,Mycetophilidae,Mycetophila,Mycetophila-blanda-COI,Insecta/Diptera/Mycetophilidae/Mycetophila-blanda,12,13,2,14,9,187,369
187,Platycentropus radiatus,Arthropoda,Insecta,Trichoptera,Limnephilidae,Platycentropus,Platycentropus-radiatus-COI,Insecta/Trichoptera/Limnephilidae/Platycentropus-radiatus,36,69,5,113,94,188,371
188,Cordilura atrata,Arthropoda,Insecta,Diptera,Scathophagidae,Cordilura,Cordilura-atrata-COI,Insecta/Diptera/Scathophagidae/Cordilura-atrata,14,111,2,20,12,189,373
189,Erinnyis alope,Arthropoda,Insecta,Lepidoptera,Sphingidae,Erinnyis,Erinnyis-alope-COI,Insecta/Lepidoptera/Sphingidae/Erinnyis-alope,42,77,6,156,133,190,375
190,Poecilia gillii,Chordata,Actinopterygii,Cyprinodontiformes,Poeciliidae,Poecilia,Poecilia-gillii-COI,Actinopterygii/Cyprinodontiformes/Poeciliidae/Poecilia-gillii,31,44,5,103,84,191,377
191,Acronicta aceris,Arthropoda,Insecta,Lepidoptera,Noctuidae,Acronicta,Acronicta-aceris-COI,Insecta/Lepidoptera/Noctuidae/Acronicta-aceris,22,26,3,47,34,192,380
192,Blepharomastix ianthealis,Arthropoda,Insecta,Lepidoptera,Crambidae,Blepharomastix,Blepharomastix-ianthealis-COI,Insecta/Lepidoptera/Crambidae/Blepharomastix-ianthealis,17,45,3,33,23,193,381
193,Ischiodon scutellaris,Arthropoda,Insecta,Diptera,Syrphidae,Ischiodon,Ischiodon-scutellaris-COI,Insecta/Diptera/Syrphidae/Ischiodon-scutellaris,23,89,3,46,33,194,382
194,Heliothis peltigera,Arthropoda,Insecta,Lepidoptera,Noctuidae,Heliothis,Heliothis-peltigera-COI,Insecta/Lepidoptera/Noctuidae/Heliothis-peltigera,19,22,3,41,27,195,383
195,Amphipoea interoceanica,Arthropoda,Insecta,Lepidoptera,Noctuidae,Amphipoea,Amphipoea-interoceanica-COI,Insecta/Lepidoptera/Noctuidae/Amphipoea-interoceanica,12,15,2,17,10,196,387
196,Synchlora expulsata,Arthropoda,Insecta,Lepidoptera,Geometridae,Synchlora,Synchlora-expulsata-COI,Insecta/Lepidoptera/Geometridae/Synchlora-expulsata,12,25,2,17,9,197,389
197,Grammonota gigas,Arthropoda,Arachnida,Araneae,Linyphiidae,Grammonota,Grammonota-gigas-COI,Arachnida/Araneae/Linyphiidae/Grammonota-gigas,13,115,2,17,10,198,390
198,Judolia montivagans,Arthropoda,Insecta,Coleoptera,Cerambycidae,Judolia,Judolia-montivagans-COI,Insecta/Coleoptera/Cerambycidae/Judolia-montivagans,17,25,3,36,25,199,393
199,Aethes rutilana,Arthropoda,Insecta,Lepidoptera,Tortricidae,Aethes,Aethes-rutilana-COI,Insecta/Lepidoptera/Tortricidae/Aethes-rutilana,26,36,4,70,55,200,394
200,Hypomicrogaster rugosus,Arthropoda,Insecta,Hymenoptera,Braconidae,Hypomicrogaster,Hypomicrogaster-rugosus-COI,Insecta/Hymenoptera/Braconidae/Hypomicrogaster-rugosus,26,36,4,67,55,201,395
201,Hydrotaea dentipes,Arthropoda,Insecta,Diptera,Muscidae,Hydrotaea,Hydrotaea-dentipes-COI,Insecta/Diptera/Muscidae/Hydrotaea-dentipes,12,30,2,15,10,202,396
202,Therioaphis trifolii,Arthropoda,Insecta,Hemiptera,Aphididae,Therioaphis,Therioaphis-trifolii-COI,Insecta/Hemiptera/Aphididae/Therioaphis-trifolii,64,230,10,413,376,203,397
203,Automeris exigua,Arthropoda,Insecta,Lepidoptera,Saturniidae,Automeris,Automeris-exigua-COI,Insecta/Lepidoptera/Saturniidae/Automeris-exigua,16,30,2,19,14,204,399
204,Lygropia cernalis,Arthropoda,Insecta,Lepidoptera,Crambidae,Lygropia,Lygropia-cernalis-COI,Insecta/Lepidoptera/Crambidae/Lygropia-cernalis,12,23,2,15,9,205,401
205,Passaloecus singularis,Arthropoda,Insecta,Hymenoptera,Crabronidae,Passaloecus,Passaloecus-singularis-COI,Insecta/Hymenoptera/Crabronidae/Passaloecus-singularis,26,57,4,71,57,206,402
206,Ichneumon memorator,Arthropoda,Insecta,Hymenoptera,Ichneumonidae,Ichneumon,Ichneumon-memorator-COI,Insecta/Hymenoptera/Ichneumonidae/Ichneumon-memorator,90,269,14,844,788,207,404
207,Elophila gyralis,Arthropoda,Insecta,Lepidoptera,Crambidae,Elophila,Elophila-gyralis-COI,Insecta/Lepidoptera/Crambidae/Elophila-gyralis,32,82,5,102,83,208,405
208,Carnegia mirabilis,Arthropoda,Insecta,Lepidoptera,Saturniidae,Carnegia,Carnegia-mirabilis-COI,Insecta/Lepidoptera/Saturniidae/Carnegia-mirabilis,16,36,2,22,12,209,406
209,Alopecosa hirtipes,Arthropoda,Arachnida,Araneae,Lycosidae,Alopecosa,Alopecosa-hirtipes-COI,Arachnida/Araneae/Lycosidae/Alopecosa-hirtipes,44,127,7,205,180,210,408
210,Clanis undulosa,Arthropoda,Insecta,Lepidoptera,Sphingidae,Clanis,Clanis-undulosa-COI,Insecta/Lepidoptera/Sphingidae/Clanis-undulosa,24,27,4,65,49,211,409
211,Atropus atropos,Chordata,Actinopterygii,Perciformes,Carangidae,Atropus,Atropus-atropos-COI,Actinopterygii/Perciformes/Carangidae/Atropus-atropos,14,31,2,19,13,212,410
212,Crossocerus elongatulus,Arthropoda,Insecta,Hymenoptera,Crabronidae,Crossocerus,Crossocerus-elongatulus-COI,Insecta/Hymenoptera/Crabronidae/Crossocerus-elongatulus,15,18,2,21,13,213,411
213,Chironomus dilutus,Arthropoda,Insecta,Diptera,Chironomidae,Chironomus,Chironomus-dilutus-COI,Insecta/Diptera/Chironomidae/Chironomus-dilutus,27,81,4,75,58,214,412
214,Apechthis annulicornis,Arthropoda,Insecta,Hymenoptera,Ichneumonidae,Apechthis,Apechthis-annulicornis-COI,Insecta/Hymenoptera/Ichneumonidae/Apechthis-annulicornis,27,51,4,77,62,215,414
215,Phylocentropus lucidus,Arthropoda,Insecta,Trichoptera,Dipseudopsidae,Phylocentropus,Phylocentropus-lucidus-COI,Insecta/Trichoptera/Dipseudopsidae/Phylocentropus-lucidus,13,30,2,19,12,216,416
216,Clemensia infuscata,Arthropoda,Insecta,Lepidoptera,Arctiidae,Clemensia,Clemensia-infuscata-COI,Insecta/Lepidoptera/Arctiidae/Clemensia-infuscata,24,76,4,64,50,217,420
217,Hemiceras alba,Arthropoda,Insecta,Lepidoptera,Notodontidae,Hemiceras,Hemiceras-alba-COI,Insecta/Lepidoptera/Notodontidae/Hemiceras-alba,36,61,5,118,102,218,423
218,Orgyia definita,Arthropoda,Insecta,Lepidoptera,Erebidae,Orgyia,Orgyia-definita-COI,Insecta/Lepidoptera/Erebidae/Orgyia-definita,24,70,4,65,49,219,424
219,Apohyale prevostii,Arthropoda,Malacostraca,Amphipoda,Hyalidae,Apohyale,Apohyale-prevostii-COI,Malacostraca/Amphipoda/Hyalidae/Apohyale-prevostii,18,36,3,33,21,220,425
220,Pisaura mirabilis,Arthropoda,Arachnida,Araneae,Pisauridae,Pisaura,Pisaura-mirabilis-COI,Arachnida/Araneae/Pisauridae/Pisaura-mirabilis,42,48,6,171,148,221,429
221,Helix lucorum,Mollusca,Gastropoda,Stylommatophora,Helicidae,Helix,Helix-lucorum-COI,Gastropoda/Stylommatophora/Helicidae/Helix-lucorum,35,36,5,115,95,222,430
222,Tachyporus chrysomelinus,Arthropoda,Insecta,Coleoptera,Staphylinidae,Tachyporus,Tachyporus-chrysomelinus-COI,Insecta/Coleoptera/Staphylinidae/Tachyporus-chrysomelinus,31,67,5,104,85,223,435
223,Oxythyrea funesta,Arthropoda,Insecta,Coleoptera,Cetoniidae,Oxythyrea,Oxythyrea-funesta-COI,Insecta/Coleoptera/Cetoniidae/Oxythyrea-funesta,15,21,2,17,11,224,439
224,Hellinsia homodactylus,Arthropoda,Insecta,Lepidoptera,Pterophoridae,Hellinsia,Hellinsia-homodactylus-COI,Insecta/Lepidoptera/Pterophoridae/Hellinsia-homodactylus,33,105,5,111,93,225,441
225,Sympetrum costiferum,Arthropoda,Insecta,Odonata,Libellulidae,Sympetrum,Sympetrum-costiferum-COI,Insecta/Odonata/Libellulidae/Sympetrum-costiferum,13,22,2,17,11,226,442
226,Chlamydastis manuelzumbadoi,Arthropoda,Insecta,Lepidoptera,Oecophoridae,Chlamydastis,Chlamydastis-manuelzumbadoi-COI,Insecta/Lepidoptera/Oecophoridae/Chlamydastis-manuelzumbadoi,21,75,3,37,28,227,443
227,Stenophylax mitis,Arthropoda,Insecta,Trichoptera,Limnephilidae,Stenophylax,Stenophylax-mitis-COI,Insecta/Trichoptera/Limnephilidae/Stenophylax-mitis,13,21,2,18,11,228,444
228,Atomaria linearis,Arthropoda,Insecta,Coleoptera,Cryptophagidae,Atomaria,Atomaria-linearis-COI,Insecta/Coleoptera/Cryptophagidae/Atomaria-linearis,15,17,2,18,13,229,445
229,Delphyre testacea,Arthropoda,Insecta,Lepidoptera,Arctiidae,Delphyre,Delphyre-testacea-COI,Insecta/Lepidoptera/Arctiidae/Delphyre-testacea,27,47,4,72,58,230,448
230,Anyphaena pectorosa,Arthropoda,Arachnida,Araneae,Anyphaenidae,Anyphaena,Anyphaena-pectorosa-COI,Arachnida/Araneae/Anyphaenidae/Anyphaena-pectorosa,53,264,8,299,269,231,451
231,Catocala semirelicta,Arthropoda,Insecta,Lepidoptera,Erebidae,Catocala,Catocala-semirelicta-COI,Insecta/Lepidoptera/Erebidae/Catocala-semirelicta,22,58,3,42,32,232,452
232,Stenoma completella,Arthropoda,Insecta,Lepidoptera,Oecophoridae,Stenoma,Stenoma-completella-COI,Insecta/Lepidoptera/Oecophoridae/Stenoma-completella,34,89,5,113,96,233,453
233,Lasioglossum perpunctatum,Arthropoda,Insecta,Hymenoptera,Halictidae,Lasioglossum,Lasioglossum-perpunctatum-COI,Insecta/Hymenoptera/Halictidae/Lasioglossum-perpunctatum,14,21,2,19,12,234,454
234,Betta smaragdina,Chordata,Actinopterygii,Perciformes,Osphronemidae,Betta,Betta-smaragdina-COI,Actinopterygii/Perciformes/Osphronemidae/Betta-smaragdina,38,61,6,141,120,235,456
235,Erythroneura bakeri,Arthropoda,Insecta,Hemiptera,Cicadellidae,Erythroneura,Erythroneura-bakeri-COI,Insecta/Hemiptera/Cicadellidae/Erythroneura-bakeri,55,651,8,299,266,236,459
236,Heterochroma hypatia,Arthropoda,Insecta,Lepidoptera,Noctuidae,Heterochroma,Heterochroma-hypatia-COI,Insecta/Lepidoptera/Noctuidae/Heterochroma-hypatia,24,44,4,62,48,237,460
237,Mystus cavasius,Chordata,Actinopterygii,Siluriformes,Bagridae,Mystus,Mystus-cavasius-COI,Actinopterygii/Siluriformes/Bagridae/Mystus-cavasius,27,36,4,68,51,238,461
238,Orodrassus canadensis,Arthropoda,Arachnida,Araneae,Gnaphosidae,Orodrassus,Orodrassus-canadensis-COI,Arachnida/Araneae/Gnaphosidae/Orodrassus-canadensis,21,22,3,44,31,239,462
239,Callilepis pluto,Arthropoda,Arachnida,Araneae,Gnaphosidae,Callilepis,Callilepis-pluto-COI,Arachnida/Araneae/Gnaphosidae/Callilepis-pluto,12,23,2,20,11,240,464
240,Agonopterix ciliella,Arthropoda,Insecta,Lepidoptera,Elachistidae,Agonopterix,Agonopterix-ciliella-COI,Insecta/Lepidoptera/Elachistidae/Agonopterix-ciliella,45,92,7,201,174,241,467
241,Ixylasia schausi,Arthropoda,Insecta,Lepidoptera,Arctiidae,Ixylasia,Ixylasia-schausi-COI,Insecta/Lepidoptera/Arctiidae/Ixylasia-schausi,24,51,4,69,54,242,468
242,Yponomeuta plumbella,Arthropoda,Insecta,Lepidoptera,Yponomeutidae,Yponomeuta,Yponomeuta-plumbella-COI,Insecta/Lepidoptera/Yponomeutidae/Yponomeuta-plumbella,21,30,3,43,31,243,469
243,Zelleria hepariella,Arthropoda,Insecta,Lepidoptera,Yponomeutidae,Zelleria,Zelleria-hepariella-COI,Insecta/Lepidoptera/Yponomeutidae/Zelleria-hepariella,17,19,3,32,23,244,471
244,Tetragonisca angustula,Arthropoda,Insecta,Hymenoptera,Apidae,Tetragonisca,Tetragonisca-angustula-COI,Insecta/Hymenoptera/Apidae/Tetragonisca-angustula,13,15,2,18,11,245,473
245,Euodynerus notatus,Arthropoda,Insecta,Hymenoptera,Eumenidae,Euodynerus,Euodynerus-notatus-COI,Insecta/Hymenoptera/Eumenidae/Euodynerus-notatus,13,16,2,17,11,246,474
246,Drosophila falleni,Arthropoda,Insecta,Diptera,Drosophilidae,Drosophila,Drosophila-falleni-COI,Insecta/Diptera/Drosophilidae/Drosophila-falleni,80,569,12,615,568,247,477
247,Apis cerana,Arthropoda,Insecta,Hymenoptera,Apidae,Apis,Apis-cerana-COI,Insecta/Hymenoptera/Apidae/Apis-cerana,44,295,7,183,156,248,478
248,Theritas hemon,Arthropoda,Insecta,Lepidoptera,Lycaenidae,Theritas,Theritas-hemon-COI,Insecta/Lepidoptera/Lycaenidae/Theritas-hemon,19,79,3,36,26,249,480
249,Hyadina albovenosa,Arthropoda,Insecta,Diptera,Ephydridae,Hyadina,Hyadina-albovenosa-COI,Insecta/Diptera/Ephydridae/Hyadina-albovenosa,20,21,3,46,35,250,481
250,Paracladopelma winnelli,Arthropoda,Insecta,Diptera,Chironomidae,Paracladopelma,Paracladopelma-winnelli-COI,Insecta/Diptera/Chironomidae/Paracladopelma-winnelli,53,335,8,296,262,251,484
251,Suillia humilis,Arthropoda,Insecta,Diptera,Heleomyzidae,Suillia,Suillia-humilis-COI,Insecta/Diptera/Heleomyzidae/Suillia-humilis,12,26,2,14,9,252,485
252,Bythotrephes longimanus,Arthropoda,Branchiopoda,Diplostraca,Cercopagidae,Bythotrephes,Bythotrephes-longimanus-COI,Branchiopoda/Diplostraca/Cercopagidae/Bythotrephes-longimanus,27,116,4,72,57,253,488
253,Pheosia gnoma,Arthropoda,Insecta,Lepidoptera,Notodontidae,Pheosia,Pheosia-gnoma-COI,Insecta/Lepidoptera/Notodontidae/Pheosia-gnoma,21,23,3,41,31,254,489
254,Oxidercia thaumantis,Arthropoda,Insecta,Lepidoptera,Noctuidae,Oxidercia,Oxidercia-thaumantis-COI,Insecta/Lepidoptera/Noctuidae/Oxidercia-thaumantis,109,303,16,1051,996,255,490
255,Psilogramma casuarinae,Arthropoda,Insecta,Lepidoptera,Sphingidae,Psilogramma,Psilogramma-casuarinae-COI,Insecta/Lepidoptera/Sphingidae/Psilogramma-casuarinae,18,33,3,36,26,256,491
256,Idaea trigeminata,Arthropoda,Insecta,Lepidoptera,Geometridae,Idaea,Idaea-trigeminata-COI,Insecta/Lepidoptera/Geometridae/Idaea-trigeminata,17,20,3,32,22,257,492
257,Xylosandrus germanus,Arthropoda,Insecta,Coleoptera,Curculionidae,Xylosandrus,Xylosandrus-germanus-COI,Insecta/Coleoptera/Curculionidae/Xylosandrus-germanus,23,76,3,51,40,258,497
258,Endothenia gentianaeana,Arthropoda,Insecta,Lepidoptera,Tortricidae,Endothenia,Endothenia-gentianaeana-COI,Insecta/Lepidoptera/Tortricidae/Endothenia-gentianaeana,12,16,2,15,10,259,500
259,Achyra nigrirenalis,Arthropoda,Insecta,Lepidoptera,Crambidae,Achyra,Achyra-nigrirenalis-COI,Insecta/Lepidoptera/Crambidae/Achyra-nigrirenalis,13,70,2,20,11,260,504
260,Anacrusis ellensatterleeae,Arthropoda,Insecta,Lepidoptera,Tortricidae,Anacrusis,Anacrusis-ellensatterleeae-COI,Insecta/Lepidoptera/Tortricidae/Anacrusis-ellensatterleeae,15,49,2,22,13,261,507
261,Exocentrus adspersus,Arthropoda,Insecta,Coleoptera,Cerambycidae,Exocentrus,Exocentrus-adspersus-COI,Insecta/Coleoptera/Cerambycidae/Exocentrus-adspersus,16,26,2,24,15,262,509
262,Cupido minimus,Arthropoda,Insecta,Lepidoptera,Lycaenidae,Cupido,Cupido-minimus-COI,Insecta/Lepidoptera/Lycaenidae/Cupido-minimus,176,206,26,3089,2992,263,514
263,Gymnelia ethodaea,Arthropoda,Insecta,Lepidoptera,Erebidae,Gymnelia,Gymnelia-ethodaea-COI,Insecta/Lepidoptera/Erebidae/Gymnelia-ethodaea,17,20,3,33,21,264,515
264,Mocis alterna,Arthropoda,Insecta,Lepidoptera,Noctuidae,Mocis,Mocis-alterna-COI,Insecta/Lepidoptera/Noctuidae/Mocis-alterna,20,47,3,40,29,265,516
265,Mermessus tridentatus,Arthropoda,Arachnida,Araneae,Linyphiidae,Mermessus,Mermessus-tridentatus-COI,Arachnida/Araneae/Linyphiidae/Mermessus-tridentatus,13,19,2,19,12,266,518
266,Homotropus pallipes,Arthropoda,Insecta,Hymenoptera,Ichneumonidae,Homotropus,Homotropus-pallipes-COI,Insecta/Hymenoptera/Ichneumonidae/Homotropus-pallipes,12,30,2,17,9,267,519
267,Chilodes maritima,Arthropoda,Insecta,Lepidoptera,Noctuidae,Chilodes,Chilodes-maritima-COI,Insecta/Lepidoptera/Noctuidae/Chilodes-maritima,20,20,3,38,29,268,522
268,Cylindroiulus punctatus,Arthropoda,Diplopoda,Julida,Julidae,Cylindroiulus,Cylindroiulus-punctatus-COI,Diplopoda/Julida/Julidae/Cylindroiulus-punctatus,20,30,3,36,27,269,525
269,Syneora lithina,Arthropoda,Insecta,Lepidoptera,Geometridae,Syneora,Syneora-lithina-COI,Insecta/Lepidoptera/Geometridae/Syneora-lithina,13,37,2,17,11,270,526
270,Ogdoconta pulvilinea,Arthropoda,Insecta,Lepidoptera,Noctuidae,Ogdoconta,Ogdoconta-pulvilinea-COI,Insecta/Lepidoptera/Noctuidae/Ogdoconta-pulvilinea,41,148,6,155,132,271,529
271,Pachygnatha clercki,Arthropoda,Arachnida,Araneae,Tetragnathidae,Pachygnatha,Pachygnatha-clercki-COI,Arachnida/Araneae/Tetragnathidae/Pachygnatha-clercki,21,57,3,39,29,272,530
272,Polyphemus pediculus,Arthropoda,Branchiopoda,Diplostraca,Polyphemidae,Polyphemus,Polyphemus-pediculus-COI,Branchiopoda/Diplostraca/Polyphemidae/Polyphemus-pediculus,16,52,2,25,17,273,531
273,Poecilia mexicana,Chordata,Actinopterygii,Cyprinodontiformes,Poeciliidae,Poecilia,Poecilia-mexicana-COI,Actinopterygii/Cyprinodontiformes/Poeciliidae/Poecilia-mexicana,71,146,11,473,427,274,536
274,Vitula edmandsii,Arthropoda,Insecta,Lepidoptera,Pyralidae,Vitula,Vitula-edmandsii-COI,Insecta/Lepidoptera/Pyralidae/Vitula-edmandsii,21,34,3,41,31,275,540
275,Ctenochira haemosterna,Arthropoda,Insecta,Hymenoptera,Ichneumonidae,Ctenochira,Ctenochira-haemosterna-COI,Insecta/Hymenoptera/Ichneumonidae/Ctenochira-haemosterna,32,52,5,109,91,276,542
276,Conchylodes nolckenialis,Arthropoda,Insecta,Lepidoptera,Crambidae,Conchylodes,Conchylodes-nolckenialis-COI,Insecta/Lepidoptera/Crambidae/Conchylodes-nolckenialis,41,127,6,165,142,277,543
277,Siphona multifaria,Arthropoda,Insecta,Diptera,Tachinidae,Siphona,Siphona-multifaria-COI,Insecta/Diptera/Tachinidae/Siphona-multifaria,12,87,2,16,10,278,544
278,Paectes oculatrix,Arthropoda,Insecta,Lepidoptera,Noctuidae,Paectes,Paectes-oculatrix-COI,Insecta/Lepidoptera/Noctuidae/Paectes-oculatrix,17,21,3,36,25,279,546
279,Leucania uda,Arthropoda,Insecta,Lepidoptera,Noctuidae,Leucania,Leucania-uda-COI,Insecta/Lepidoptera/Noctuidae/Leucania-uda,34,110,5,126,105,280,550
280,Ectoedemia rubivora,Arthropoda,Insecta,Lepidoptera,Nepticulidae,Ectoedemia,Ectoedemia-rubivora-COI,Insecta/Lepidoptera/Nepticulidae/Ectoedemia-rubivora,15,18,2,19,12,281,551
281,Sophista bifasciata,Arthropoda,Insecta,Lepidoptera,Hesperiidae,Sophista,Sophista-bifasciata-COI,Insecta/Lepidoptera/Hesperiidae/Sophista-bifasciata,36,71,5,115,97,282,552
282,Dictyna foliacea,Arthropoda,Arachnida,Araneae,Dictynidae,Dictyna,Dictyna-foliacea-COI,Arachnida/Araneae/Dictynidae/Dictyna-foliacea,25,40,4,65,49,283,553
283,Neriene clathrata,Arthropoda,Arachnida,Araneae,Linyphiidae,Neriene,Neriene-clathrata-COI,Arachnida/Araneae/Linyphiidae/Neriene-clathrata,60,78,9,379,342,284,557
284,Diacrisia sannio,Arthropoda,Insecta,Lepidoptera,Erebidae,Diacrisia,Diacrisia-sannio-COI,Insecta/Lepidoptera/Erebidae/Diacrisia-sannio,32,34,5,116,97,285,559
285,Megaselia baileyae,Arthropoda,Insecta,Diptera,Phoridae,Megaselia,Megaselia-baileyae-COI,Insecta/Diptera/Phoridae/Megaselia-baileyae,15,145,2,23,13,286,560
286,Clusiodes ater,Arthropoda,Insecta,Diptera,Clusiidae,Clusiodes,Clusiodes-ater-COI,Insecta/Diptera/Clusiidae/Clusiodes-ater,15,36,2,21,14,287,561
287,Mictris crispus,Arthropoda,Insecta,Lepidoptera,Hesperiidae,Mictris,Mictris-crispus-COI,Insecta/Lepidoptera/Hesperiidae/Mictris-crispus,18,34,3,35,25,288,564
288,Rothschildia aurota,Arthropoda,Insecta,Lepidoptera,Saturniidae,Rothschildia,Rothschildia-aurota-COI,Insecta/Lepidoptera/Saturniidae/Rothschildia-aurota,16,21,2,20,14,289,565
289,Hadena albimacula,Arthropoda,Insecta,Lepidoptera,Noctuidae,Hadena,Hadena-albimacula-COI,Insecta/Lepidoptera/Noctuidae/Hadena-albimacula,15,18,2,20,13,290,567
290,Ectropis crepuscularia,Arthropoda,Insecta,Lepidoptera,Geometridae,Ectropis,Ectropis-crepuscularia-COI,Insecta/Lepidoptera/Geometridae/Ectropis-crepuscularia,151,298,23,2217,2132,291,569
291,Anorthoa munda,Arthropoda,Insecta,Lepidoptera,Noctuidae,Anorthoa,Anorthoa-munda-COI,Insecta/Lepidoptera/Noctuidae/Anorthoa-munda,26,30,4,71,55,292,570
292,Heterarthrus ochropoda,Arthropoda,Insecta,Hymenoptera,Tenthredinidae,Heterarthrus,Heterarthrus-ochropoda-COI,Insecta/Hymenoptera/Tenthredinidae/Heterarthrus-ochropoda,12,14,2,15,9,293,571
293,Chromis viridis,Chordata,Actinopterygii,Perciformes,Pomacentridae,Chromis,Chromis-viridis-COI,Actinopterygii/Perciformes/Pomacentridae/Chromis-viridis,16,38,2,21,15,294,572
294,Tetranychus urticae,Arthropoda,Arachnida,Prostigmata,Tetranychidae,Tetranychus,Tetranychus-urticae-COI,Arachnida/Prostigmata/Tetranychidae/Tetranychus-urticae,43,158,6,171,148,295,573
295,Rheumaptera undulata,Arthropoda,Insecta,Lepidoptera,Geometridae,Rheumaptera,Rheumaptera-undulata-COI,Insecta/Lepidoptera/Geometridae/Rheumaptera-undulata,41,62,6,156,134,296,574
296,Eucereon baleris,Arthropoda,Insecta,Lepidoptera,Arctiidae,Eucereon,Eucereon-baleris-COI,Insecta/Lepidoptera/Arctiidae/Eucereon-baleris,18,68,3,39,28,297,575
297,Enargia paleacea,Arthropoda,Insecta,Lepidoptera,Noctuidae,Enargia,Enargia-paleacea-COI,Insecta/Lepidoptera/Noctuidae/Enargia-paleacea,23,28,3,48,36,298,580
298,Anopheles crucians,Arthropoda,Insecta,Diptera,Culicidae,Anopheles,Anopheles-crucians-COI,Insecta/Diptera/Culicidae/Anopheles-crucians,56,171,8,276,246,299,582
299,Entomobrya multifasciatus,Arthropoda,Entognatha,Collembola,Entomobryidae,Entomobrya,Entomobrya-multifasciatus-COI,Entognatha/Collembola/Entomobryidae/Entomobrya-multifasciatus,69,905,10,468,430,300,584
300,Euura brevivalvis,Arthropoda,Insecta,Hymenoptera,Tenthredinidae,Euura,Euura-brevivalvis-COI,Insecta/Hymenoptera/Tenthredinidae/Euura-brevivalvis,12,17,2,15,8,301,585
301,Hedya salicella,Arthropoda,Insecta,Lepidoptera,Tortricidae,Hedya,Hedya-salicella-COI,Insecta/Lepidoptera/Tortricidae/Hedya-salicella,12,14,2,15,10,302,587
302,Limnephilus extractus,Arthropoda,Insecta,Trichoptera,Limnephilidae,Limnephilus,Limnephilus-extractus-COI,Insecta/Trichoptera/Limnephilidae/Limnephilus-extractus,31,59,5,103,86,303,590
303,Clistopyga recurva,Arthropoda,Insecta,Hymenoptera,Ichneumonidae,Clistopyga,Clistopyga-recurva-COI,Insecta/Hymenoptera/Ichneumonidae/Clistopyga-recurva,20,27,3,42,28,304,593
304,Bembidion transversale,Arthropoda,Insecta,Coleoptera,Carabidae,Bembidion,Bembidion-transversale-COI,Insecta/Coleoptera/Carabidae/Bembidion-transversale,39,60,6,147,128,305,594
305,Garrha absumptella,Arthropoda,Insecta,Lepidoptera,Oecophoridae,Garrha,Garrha-absumptella-COI,Insecta/Lepidoptera/Oecophoridae/Garrha-absumptella,18,53,3,35,25,306,595
306,Euproctis chrysorrhoea,Arthropoda,Insecta,Lepidoptera,Erebidae,Euproctis,Euproctis-chrysorrhoea-COI,Insecta/Lepidoptera/Erebidae/Euproctis-chrysorrhoea,25,56,4,68,50,307,596
307,Phaonia fuscana,Arthropoda,Insecta,Diptera,Muscidae,Phaonia,Phaonia-fuscana-COI,Insecta/Diptera/Muscidae/Phaonia-fuscana,32,106,5,121,100,308,600
308,Phyllonorycter kuhlweiniella,Arthropoda,Insecta,Lepidoptera,Gracillariidae,Phyllonorycter,Phyllonorycter-kuhlweiniella-COI,Insecta/Lepidoptera/Gracillariidae/Phyllonorycter-kuhlweiniella,15,18,2,22,14,309,601
309,Heorta pulchra,Arthropoda,Insecta,Lepidoptera,Notodontidae,Heorta,Heorta-pulchra-COI,Insecta/Lepidoptera/Notodontidae/Heorta-pulchra,13,24,2,19,9,310,603
310,Autographa mappa,Arthropoda,Insecta,Lepidoptera,Noctuidae,Autographa,Autographa-mappa-COI,Insecta/Lepidoptera/Noctuidae/Autographa-mappa,21,45,3,46,33,311,607
311,Hemidactylus frenatus,Chordata,Reptilia,Squamata,Gekkonidae,Hemidactylus,Hemidactylus-frenatus-COI,Reptilia/Squamata/Gekkonidae/Hemidactylus-frenatus,52,64,8,280,250,312,609
312,Stygnocoris sabulosus,Arthropoda,Insecta,Hemiptera,Rhyparochromidae,Stygnocoris,Stygnocoris-sabulosus-COI,Insecta/Hemiptera/Rhyparochromidae/Stygnocoris-sabulosus,16,18,2,19,12,313,610
313,Conisania luteago,Arthropoda,Insecta,Lepidoptera,Noctuidae,Conisania,Conisania-luteago-COI,Insecta/Lepidoptera/Noctuidae/Conisania-luteago,15,16,2,18,11,314,612
314,Eudonia pallida,Arthropoda,Insecta,Lepidoptera,Crambidae,Eudonia,Eudonia-pallida-COI,Insecta/Lepidoptera/Crambidae/Eudonia-pallida,31,36,5,102,83,315,613
315,Pyrgus cinarae,Arthropoda,Insecta,Lepidoptera,Hesperiidae,Pyrgus,Pyrgus-cinarae-COI,Insecta/Lepidoptera/Hesperiidae/Pyrgus-cinarae,29,72,4,75,60,316,614
316,Catarhoe rubidata,Arthropoda,Insecta,Lepidoptera,Geometridae,Catarhoe,Catarhoe-rubidata-COI,Insecta/Lepidoptera/Geometridae/Catarhoe-rubidata,17,17,3,39,26,317,616
317,Atropacarus striculus,Arthropoda,Arachnida,Sarcoptiformes,Phthiracaridae,Atropacarus,Atropacarus-striculus-COI,Arachnida/Sarcoptiformes/Phthiracaridae/Atropacarus-striculus,27,96,4,75,58,318,617
318,Catoryctis eugramma,Arthropoda,Insecta,Lepidoptera,Oecophoridae,Catoryctis,Catoryctis-eugramma-COI,Insecta/Lepidoptera/Oecophoridae/Catoryctis-eugramma,12,17,2,14,9,319,618
319,Catastega aceriella,Arthropoda,Insecta,Lepidoptera,Tortricidae,Catastega,Catastega-aceriella-COI,Insecta/Lepidoptera/Tortricidae/Catastega-aceriella,25,96,4,61,45,320,619
320,Eutrichapion viciae,Arthropoda,Insecta,Coleoptera,Brentidae,Eutrichapion,Eutrichapion-viciae-COI,Insecta/Coleoptera/Brentidae/Eutrichapion-viciae,21,25,3,41,31,321,620
321,Acentrella turbida,Arthropoda,Insecta,Ephemeroptera,Baetidae,Acentrella,Acentrella-turbida-COI,Insecta/Ephemeroptera/Baetidae/Acentrella-turbida,15,29,2,20,13,322,621
322,Ethmia baliostola,Arthropoda,Insecta,Lepidoptera,Elachistidae,Ethmia,Ethmia-baliostola-COI,Insecta/Lepidoptera/Elachistidae/Ethmia-baliostola,40,169,6,158,134,323,622
323,Rheumaptera hastata,Arthropoda,Insecta,Lepidoptera,Geometridae,Rheumaptera,Rheumaptera-hastata-COI,Insecta/Lepidoptera/Geometridae/Rheumaptera-hastata,78,147,12,618,574,324,623
324,Charissa ambiguata,Arthropoda,Insecta,Lepidoptera,Geometridae,Charissa,Charissa-ambiguata-COI,Insecta/Lepidoptera/Geometridae/Charissa-ambiguata,17,21,3,37,26,325,624
325,Carpelimus pusillus,Arthropoda,Insecta,Coleoptera,Staphylinidae,Carpelimus,Carpelimus-pusillus-COI,Insecta/Coleoptera/Staphylinidae/Carpelimus-pusillus,14,20,2,19,12,326,625
326,Lasioglossum hitchensi,Arthropoda,Insecta,Hymenoptera,Halictidae,Lasioglossum,Lasioglossum-hitchensi-COI,Insecta/Hymenoptera/Halictidae/Lasioglossum-hitchensi,45,77,7,213,183,327,626
327,Trichareva fulvilaniata,Arthropoda,Insecta,Lepidoptera,Arctiidae,Trichareva,Trichareva-fulvilaniata-COI,Insecta/Lepidoptera/Arctiidae/Trichareva-fulvilaniata,32,68,5,104,85,328,627
328,Gretchena delicatana,Arthropoda,Insecta,Lepidoptera,Tortricidae,Gretchena,Gretchena-delicatana-COI,Insecta/Lepidoptera/Tortricidae/Gretchena-delicatana,25,74,4,66,52,329,628
329,Culex annulirostris,Arthropoda,Insecta,Diptera,Culicidae,Culex,Culex-annulirostris-COI,Insecta/Diptera/Culicidae/Culex-annulirostris,15,27,2,19,14,330,629
330,Colias tyche,Arthropoda,Insecta,Lepidoptera,Pieridae,Colias,Colias-tyche-COI,Insecta/Lepidoptera/Pieridae/Colias-tyche,17,31,3,31,21,331,630
331,Eupithecia pusillata,Arthropoda,Insecta,Lepidoptera,Geometridae,Eupithecia,Eupithecia-pusillata-COI,Insecta/Lepidoptera/Geometridae/Eupithecia-pusillata,41,50,6,157,134,332,631
332,Ailia coila,Chordata,Actinopterygii,Siluriformes,Schilbeidae,Ailia,Ailia-coila-COI,Actinopterygii/Siluriformes/Schilbeidae/Ailia-coila,14,26,2,19,13,333,633
333,Niphargus aquilex,Arthropoda,Malacostraca,Amphipoda,Niphargidae,Niphargus,Niphargus-aquilex-COI,Malacostraca/Amphipoda/Niphargidae/Niphargus-aquilex,13,19,2,17,11,334,636
334,Tetramorium semilaeve,Arthropoda,Insecta,Hymenoptera,Formicidae,Tetramorium,Tetramorium-semilaeve-COI,Insecta/Hymenoptera/Formicidae/Tetramorium-semilaeve,14,18,2,20,13,335,638
335,Cosmia pyralina,Arthropoda,Insecta,Lepidoptera,Noctuidae,Cosmia,Cosmia-pyralina-COI,Insecta/Lepidoptera/Noctuidae/Cosmia-pyralina,23,25,3,45,33,336,639
336,Enterion herculeum,Annelida,Clitellata,Crassiclitellata,Lumbricidae,Enterion,Enterion-herculeum-COI,Clitellata/Crassiclitellata/Lumbricidae/Enterion-herculeum,19,71,3,36,27,337,643
337,Sesamia inferens,Arthropoda,Insecta,Lepidoptera,Noctuidae,Sesamia,Sesamia-inferens-COI,Insecta/Lepidoptera/Noctuidae/Sesamia-inferens,31,57,5,108,90,338,644
338,Paraleptophlebia praepedita,Arthropoda,Insecta,Ephemeroptera,Leptophlebiidae,Paraleptophlebia,Paraleptophlebia-praepedita-COI,Insecta/Ephemeroptera/Leptophlebiidae/Paraleptophlebia-praepedita,14,70,2,18,12,339,645
339,Lesmone aemylia,Arthropoda,Insecta,Lepidoptera,Erebidae,Lesmone,Lesmone-aemylia-COI,Insecta/Lepidoptera/Erebidae/Lesmone-aemylia,12,18,2,13,8,340,646
340,Isoperla dicala,Arthropoda,Insecta,Plecoptera,Perlodidae,Isoperla,Isoperla-dicala-COI,Insecta/Plecoptera/Perlodidae/Isoperla-dicala,60,167,9,346,309,341,648
341,Themira minor,Arthropoda,Insecta,Diptera,Sepsidae,Themira,Themira-minor-COI,Insecta/Diptera/Sepsidae/Themira-minor,20,27,3,38,27,342,649
342,Dermacentor reticulatus,Arthropoda,Arachnida,Ixodida,Ixodidae,Dermacentor,Dermacentor-reticulatus-COI,Arachnida/Ixodida/Ixodidae/Dermacentor-reticulatus,17,22,3,33,24,343,653
343,Tyta luctuosa,Arthropoda,Insecta,Lepidoptera,Noctuidae,Tyta,Tyta-luctuosa-COI,Insecta/Lepidoptera/Noctuidae/Tyta-luctuosa,16,19,2,24,17,344,654
344,Pullimosina heteroneura,Arthropoda,Insecta,Diptera,Sphaeroceridae,Pullimosina,Pullimosina-heteroneura-COI,Insecta/Diptera/Sphaeroceridae/Pullimosina-heteroneura,25,54,4,68,54,345,655
345,Synopeas pennsylvanicum,Arthropoda,Insecta,Hymenoptera,Platygastridae,Synopeas,Synopeas-pennsylvanicum-COI,Insecta/Hymenoptera/Platygastridae/Synopeas-pennsylvanicum,45,379,7,209,185,346,657
346,Symplecta pilipes,Arthropoda,Insecta,Diptera,Limoniidae,Symplecta,Symplecta-pilipes-COI,Insecta/Diptera/Limoniidae/Symplecta-pilipes,25,76,4,66,52,347,661
347,Agabus ajax,Arthropoda,Insecta,Coleoptera,Dytiscidae,Agabus,Agabus-ajax-COI,Insecta/Coleoptera/Dytiscidae/Agabus-ajax,24,53,4,63,50,348,662
348,Aethes interruptofasciata,Arthropoda,Insecta,Lepidoptera,Tortricidae,Aethes,Aethes-interruptofasciata-COI,Insecta/Lepidoptera/Tortricidae/Aethes-interruptofasciata,12,59,2,18,10,349,663
349,Hydroporus notabilis,Arthropoda,Insecta,Coleoptera,Dytiscidae,Hydroporus,Hydroporus-notabilis-COI,Insecta/Coleoptera/Dytiscidae/Hydroporus-notabilis,15,25,2,20,12,350,664
350,Apistosia judas,Arthropoda,Insecta,Lepidoptera,Arctiidae,Apistosia,Apistosia-judas-COI,Insecta/Lepidoptera/Arctiidae/Apistosia-judas,15,25,2,24,17,351,667
351,Lampides boeticus,Arthropoda,Insecta,Lepidoptera,Lycaenidae,Lampides,Lampides-boeticus-COI,Insecta/Lepidoptera/Lycaenidae/Lampides-boeticus,220,310,33,4535,4421,352,668
352,Lesteva longoelytrata,Arthropoda,Insecta,Coleoptera,Staphylinidae,Lesteva,Lesteva-longoelytrata-COI,Insecta/Coleoptera/Staphylinidae/Lesteva-longoelytrata,13,20,2,18,11,353,669
353,Noctuana stator,Arthropoda,Insecta,Lepidoptera,Hesperiidae,Noctuana,Noctuana-stator-COI,Insecta/Lepidoptera/Hesperiidae/Noctuana-stator,23,48,3,47,37,354,670
354,Orthocladius oliveri,Arthropoda,Insecta,Diptera,Chironomidae,Orthocladius,Orthocladius-oliveri-COI,Insecta/Diptera/Chironomidae/Orthocladius-oliveri,35,1251,5,125,105,355,675
355,Agaraea inconspicua,Arthropoda,Insecta,Lepidoptera,Erebidae,Agaraea,Agaraea-inconspicua-COI,Insecta/Lepidoptera/Erebidae/Agaraea-inconspicua,14,37,2,21,14,356,677
356,Pteromalus anthonomi,Arthropoda,Insecta,Hymenoptera,Pteromalidae,Pteromalus,Pteromalus-anthonomi-COI,Insecta/Hymenoptera/Pteromalidae/Pteromalus-anthonomi,18,26,3,37,26,357,679
357,Helotropha leucostigma,Arthropoda,Insecta,Lepidoptera,Noctuidae,Helotropha,Helotropha-leucostigma-COI,Insecta/Lepidoptera/Noctuidae/Helotropha-leucostigma,18,20,3,35,25,358,681
358,Acrolophus popeanella,Arthropoda,Insecta,Lepidoptera,Acrolophidae,Acrolophus,Acrolophus-popeanella-COI,Insecta/Lepidoptera/Acrolophidae/Acrolophus-popeanella,18,138,3,36,24,359,682
359,Drosophila melanogaster,Arthropoda,Insecta,Diptera,Drosophilidae,Drosophila,Drosophila-melanogaster-COI,Insecta/Diptera/Drosophilidae/Drosophila-melanogaster,30,70,5,95,76,360,683
360,Palpita magniferalis,Arthropoda,Insecta,Lepidoptera,Crambidae,Palpita,Palpita-magniferalis-COI,Insecta/Lepidoptera/Crambidae/Palpita-magniferalis,50,174,8,283,251,361,687
361,Hercostomus unicolor,Arthropoda,Insecta,Diptera,Dolichopodidae,Hercostomus,Hercostomus-unicolor-COI,Insecta/Diptera/Dolichopodidae/Hercostomus-unicolor,39,135,6,155,127,362,689
362,Nudaria mundana,Arthropoda,Insecta,Lepidoptera,Erebidae,Nudaria,Nudaria-mundana-COI,Insecta/Lepidoptera/Erebidae/Nudaria-mundana,20,21,3,40,28,363,690
363,Scopula incanata,Arthropoda,Insecta,Lepidoptera,Geometridae,Scopula,Scopula-incanata-COI,Insecta/Lepidoptera/Geometridae/Scopula-incanata,28,33,4,83,66,364,692
364,Brachypalpus oarus,Arthropoda,Insecta,Diptera,Syrphidae,Brachypalpus,Brachypalpus-oarus-COI,Insecta/Diptera/Syrphidae/Brachypalpus-oarus,31,69,5,106,87,365,693
365,Clepsis melaleucanus,Arthropoda,Insecta,Lepidoptera,Tortricidae,Clepsis,Clepsis-melaleucanus-COI,Insecta/Lepidoptera/Tortricidae/Clepsis-melaleucanus,45,106,7,202,173,366,696
366,Aedes increpitus,Arthropoda,Insecta,Diptera,Culicidae,Aedes,Aedes-increpitus-COI,Insecta/Diptera/Culicidae/Aedes-increpitus,12,37,2,16,9,367,697
367,Onisimus litoralis,Arthropoda,Malacostraca,Amphipoda,Uristidae,Onisimus,Onisimus-litoralis-COI,Malacostraca/Amphipoda/Uristidae/Onisimus-litoralis,23,57,3,46,34,368,698
368,Liohippelates bishoppi,Arthropoda,Insecta,Diptera,Chloropidae,Liohippelates,Liohippelates-bishoppi-COI,Insecta/Diptera/Chloropidae/Liohippelates-bishoppi,47,590,7,228,200,369,702
369,Neodexiopsis calopyga,Arthropoda,Insecta,Diptera,Muscidae,Neodexiopsis,Neodexiopsis-calopyga-COI,Insecta/Diptera/Muscidae/Neodexiopsis-calopyga,51,171,8,285,253,370,707
370,Eurois occulta,Arthropoda,Insecta,Lepidoptera,Noctuidae,Eurois,Eurois-occulta-COI,Insecta/Lepidoptera/Noctuidae/Eurois-occulta,89,201,13,775,720,371,709
371,Epinotia mercuriana,Arthropoda,Insecta,Lepidoptera,Tortricidae,Epinotia,Epinotia-mercuriana-COI,Insecta/Lepidoptera/Tortricidae/Epinotia-mercuriana,18,20,3,34,23,372,712
372,Apis dorsata,Arthropoda,Insecta,Hymenoptera,Apidae,Apis,Apis-dorsata-COI,Insecta/Hymenoptera/Apidae/Apis-dorsata,20,45,3,43,31,373,713
373,Erebia youngi,Arthropoda,Insecta,Lepidoptera,Nymphalidae,Erebia,Erebia-youngi-COI,Insecta/Lepidoptera/Nymphalidae/Erebia-youngi,18,36,3,37,26,374,714
374,Depressaria douglasella,Arthropoda,Insecta,Lepidoptera,Elachistidae,Depressaria,Depressaria-douglasella-COI,Insecta/Lepidoptera/Elachistidae/Depressaria-douglasella,21,25,3,40,31,375,716
375,Ischnura hastata,Arthropoda,Insecta,Odonata,Coenagrionidae,Ischnura,Ischnura-hastata-COI,Insecta/Odonata/Coenagrionidae/Ischnura-hastata,30,67,5,101,83,376,718
376,Zelotes sula,Arthropoda,Arachnida,Araneae,Gnaphosidae,Zelotes,Zelotes-sula-COI,Arachnida/Araneae/Gnaphosidae/Zelotes-sula,30,48,5,104,83,377,719
377,Potamophylax latipennis,Arthropoda,Insecta,Trichoptera,Limnephilidae,Potamophylax,Potamophylax-latipennis-COI,Insecta/Trichoptera/Limnephilidae/Potamophylax-latipennis,28,32,4,69,58,378,720
378,Hemiceras punctata,Arthropoda,Insecta,Lepidoptera,Notodontidae,Hemiceras,Hemiceras-punctata-COI,Insecta/Lepidoptera/Notodontidae/Hemiceras-punctata,23,45,3,46,36,379,722
379,Pyrrhalta viburni,Arthropoda,Insecta,Coleoptera,Chrysomelidae,Pyrrhalta,Pyrrhalta-viburni-COI,Insecta/Coleoptera/Chrysomelidae/Pyrrhalta-viburni,13,54,2,19,12,380,723
380,Ericeia subsignata,Arthropoda,Insecta,Lepidoptera,Noctuidae,Ericeia,Ericeia-subsignata-COI,Insecta/Lepidoptera/Noctuidae/Ericeia-subsignata,13,16,2,16,9,381,724
381,Xylocopa sonorina,Arthropoda,Insecta,Hymenoptera,Apidae,Xylocopa,Xylocopa-sonorina-COI,Insecta/Hymenoptera/Apidae/Xylocopa-sonorina,23,71,3,40,31,382,725
382,Ergavia carinenta,Arthropoda,Insecta,Lepidoptera,Geometridae,Ergavia,Ergavia-carinenta-COI,Insecta/Lepidoptera/Geometridae/Ergavia-carinenta,24,32,4,59,47,383,728
383,Alysson spinosus,Arthropoda,Insecta,Hymenoptera,Crabronidae,Alysson,Alysson-spinosus-COI,Insecta/Hymenoptera/Crabronidae/Alysson-spinosus,15,22,2,21,14,384,731
384,Urocitellus undulatus,Chordata,Mammalia,Rodentia,Sciuridae,Urocitellus,Urocitellus-undulatus-COI,Mammalia/Rodentia/Sciuridae/Urocitellus-undulatus,26,28,4,68,53,385,733
385,Anaplectoides prasina,Arthropoda,Insecta,Lepidoptera,Noctuidae,Anaplectoides,Anaplectoides-prasina-COI,Insecta/Lepidoptera/Noctuidae/Anaplectoides-prasina,101,202,15,974,910,386,735
386,Dusona vitticollis,Arthropoda,Insecta,Hymenoptera,Ichneumonidae,Dusona,Dusona-vitticollis-COI,Insecta/Hymenoptera/Ichneumonidae/Dusona-vitticollis,21,29,3,41,30,387,736
387,Polyptychus grayii,Arthropoda,Insecta,Lepidoptera,Sphingidae,Polyptychus,Polyptychus-grayii-COI,Insecta/Lepidoptera/Sphingidae/Polyptychus-grayii,43,61,6,177,156,388,738
388,Orthosia populeti,Arthropoda,Insecta,Lepidoptera,Noctuidae,Orthosia,Orthosia-populeti-COI,Insecta/Lepidoptera/Noctuidae/Orthosia-populeti,20,25,3,37,27,389,739
389,Epibulus insidiator,Chordata,Actinopterygii,Perciformes,Labridae,Epibulus,Epibulus-insidiator-COI,Actinopterygii/Perciformes/Labridae/Epibulus-insidiator,12,16,2,15,9,390,740
390,Aslauga vininga,Arthropoda,Insecta,Lepidoptera,Lycaenidae,Aslauga,Aslauga-vininga-COI,Insecta/Lepidoptera/Lycaenidae/Aslauga-vininga,12,15,2,15,8,391,742
391,Ctenoplusia albostriata,Arthropoda,Insecta,Lepidoptera,Noctuidae,Ctenoplusia,Ctenoplusia-albostriata-COI,Insecta/Lepidoptera/Noctuidae/Ctenoplusia-albostriata,25,44,4,67,50,392,743
392,Mugil cephalus,Chordata,Actinopterygii,Mugiliformes,Mugilidae,Mugil,Mugil-cephalus-COI,Actinopterygii/Mugiliformes/Mugilidae/Mugil-cephalus,27,67,4,72,57,393,746
393,Podalonia tydei,Arthropoda,Insecta,Hymenoptera,Sphecidae,Podalonia,Podalonia-tydei-COI,Insecta/Hymenoptera/Sphecidae/Podalonia-tydei,15,33,2,20,13,394,748
394,Chelipoda truncata,Arthropoda,Insecta,Diptera,Empididae,Chelipoda,Chelipoda-truncata-COI,Insecta/Diptera/Empididae/Chelipoda-truncata,43,426,6,148,128,395,749
395,Psychoda grisescens,Arthropoda,Insecta,Diptera,Psychodidae,Psychoda,Psychoda-grisescens-COI,Insecta/Diptera/Psychodidae/Psychoda-grisescens,38,77,6,155,130,396,750
396,Pachynematus clitellatus,Arthropoda,Insecta,Hymenoptera,Tenthredinidae,Pachynematus,Pachynematus-clitellatus-COI,Insecta/Hymenoptera/Tenthredinidae/Pachynematus-clitellatus,22,40,3,48,34,397,751
397,Xylesthia pruniramiella,Arthropoda,Insecta,Lepidoptera,Tineidae,Xylesthia,Xylesthia-pruniramiella-COI,Insecta/Lepidoptera/Tineidae/Xylesthia-pruniramiella,14,30,2,18,12,398,752
398,Iteaphila macquarti,Arthropoda,Insecta,Diptera,Empididae,Iteaphila,Iteaphila-macquarti-COI,Insecta/Diptera/Empididae/Iteaphila-macquarti,37,180,6,141,119,399,755
399,Lepthyphantes intricatus,Arthropoda,Arachnida,Araneae,Linyphiidae,Lepthyphantes,Lepthyphantes-intricatus-COI,Arachnida/Araneae/Linyphiidae/Lepthyphantes-intricatus,14,22,2,18,13,400,756
400,Myelois circumvoluta,Arthropoda,Insecta,Lepidoptera,Pyralidae,Myelois,Myelois-circumvoluta-COI,Insecta/Lepidoptera/Pyralidae/Myelois-circumvoluta,18,19,3,34,25,401,757
401,Dichomeris levisella,Arthropoda,Insecta,Lepidoptera,Gelechiidae,Dichomeris,Dichomeris-levisella-COI,Insecta/Lepidoptera/Gelechiidae/Dichomeris-levisella,14,58,2,18,11,402,758
402,Glympis habitalis,Arthropoda,Insecta,Lepidoptera,Noctuidae,Glympis,Glympis-habitalis-COI,Insecta/Lepidoptera/Noctuidae/Glympis-habitalis,21,47,3,40,29,403,759
403,Cercyon marinus,Arthropoda,Insecta,Coleoptera,Hydrophilidae,Cercyon,Cercyon-marinus-COI,Insecta/Coleoptera/Hydrophilidae/Cercyon-marinus,23,33,3,44,33,404,760
404,Jodis lactearia,Arthropoda,Insecta,Lepidoptera,Geometridae,Jodis,Jodis-lactearia-COI,Insecta/Lepidoptera/Geometridae/Jodis-lactearia,24,28,4,71,54,405,762
405,Psorophora jamaicensis,Arthropoda,Insecta,Diptera,Culicidae,Psorophora,Psorophora-jamaicensis-COI,Insecta/Diptera/Culicidae/Psorophora-jamaicensis,12,36,2,15,8,406,763
406,Camponotus pennsylvanicus,Arthropoda,Insecta,Hymenoptera,Formicidae,Camponotus,Camponotus-pennsylvanicus-COI,Insecta/Hymenoptera/Formicidae/Camponotus-pennsylvanicus,166,782,25,2814,2720,407,767
407,Micropsectra polita,Arthropoda,Insecta,Diptera,Chironomidae,Micropsectra,Micropsectra-polita-COI,Insecta/Diptera/Chironomidae/Micropsectra-polita,95,793,14,930,873,408,768
408,Clostera pigra,Arthropoda,Insecta,Lepidoptera,Notodontidae,Clostera,Clostera-pigra-COI,Insecta/Lepidoptera/Notodontidae/Clostera-pigra,29,29,4,81,63,409,769
409,Cryptographis elegans,Arthropoda,Insecta,Lepidoptera,Crambidae,Cryptographis,Cryptographis-elegans-COI,Insecta/Lepidoptera/Crambidae/Cryptographis-elegans,12,16,2,15,8,410,772
410,Sphecodes hyalinatus,Arthropoda,Insecta,Hymenoptera,Halictidae,Sphecodes,Sphecodes-hyalinatus-COI,Insecta/Hymenoptera/Halictidae/Sphecodes-hyalinatus,12,13,2,15,9,411,774
411,Neocrepidodera transversa,Arthropoda,Insecta,Coleoptera,Chrysomelidae,Neocrepidodera,Neocrepidodera-transversa-COI,Insecta/Coleoptera/Chrysomelidae/Neocrepidodera-transversa,14,15,2,20,13,412,775
412,Dichrorampha simpliciana,Arthropoda,Insecta,Lepidoptera,Tortricidae,Dichrorampha,Dichrorampha-simpliciana-COI,Insecta/Lepidoptera/Tortricidae/Dichrorampha-simpliciana,24,26,4,63,47,413,778
413,Apamea crenata,Arthropoda,Insecta,Lepidoptera,Noctuidae,Apamea,Apamea-crenata-COI,Insecta/Lepidoptera/Noctuidae/Apamea-crenata,46,57,7,222,195,414,781
414,Phycitodes saxicola,Arthropoda,Insecta,Lepidoptera,Pyralidae,Phycitodes,Phycitodes-saxicola-COI,Insecta/Lepidoptera/Pyralidae/Phycitodes-saxicola,13,15,2,17,10,415,782
415,Lobobunaea phaedusa,Arthropoda,Insecta,Lepidoptera,Saturniidae,Lobobunaea,Lobobunaea-phaedusa-COI,Insecta/Lepidoptera/Saturniidae/Lobobunaea-phaedusa,16,33,2,20,13,416,784
416,Anomis texana,Arthropoda,Insecta,Lepidoptera,Erebidae,Anomis,Anomis-texana-COI,Insecta/Lepidoptera/Erebidae/Anomis-texana,17,27,3,29,20,417,785
417,Megaselia lucifrons,Arthropoda,Insecta,Diptera,Phoridae,Megaselia,Megaselia-lucifrons-COI,Insecta/Diptera/Phoridae/Megaselia-lucifrons,232,3152,35,5464,5323,418,787
418,Tenthredo mioceras,Arthropoda,Insecta,Hymenoptera,Tenthredinidae,Tenthredo,Tenthredo-mioceras-COI,Insecta/Hymenoptera/Tenthredinidae/Tenthredo-mioceras,29,41,4,82,67,419,788
419,Oligoryzomys fulvescens,Chordata,Mammalia,Rodentia,Cricetidae,Oligoryzomys,Oligoryzomys-fulvescens-COI,Mammalia/Rodentia/Cricetidae/Oligoryzomys-fulvescens,17,36,3,35,23,420,789
420,Callidium violaceum,Arthropoda,Insecta,Coleoptera,Cerambycidae,Callidium,Callidium-violaceum-COI,Insecta/Coleoptera/Cerambycidae/Callidium-violaceum,17,23,3,31,22,421,791
421,Paratendipes albimanus,Arthropoda,Insecta,Diptera,Chironomidae,Paratendipes,Paratendipes-albimanus-COI,Insecta/Diptera/Chironomidae/Paratendipes-albimanus,15,41,2,22,14,422,793
422,Cheilinus chlorourus,Chordata,Actinopterygii,Perciformes,Labridae,Cheilinus,Cheilinus-chlorourus-COI,Actinopterygii/Perciformes/Labridae/Cheilinus-chlorourus,16,23,2,21,15,423,795
423,Metzneria lappella,Arthropoda,Insecta,Lepidoptera,Gelechiidae,Metzneria,Metzneria-lappella-COI,Insecta/Lepidoptera/Gelechiidae/Metzneria-lappella,67,240,10,452,409,424,796
424,Lochmaeus manteo,Arthropoda,Insecta,Lepidoptera,Notodontidae,Lochmaeus,Lochmaeus-manteo-COI,Insecta/Lepidoptera/Notodontidae/Lochmaeus-manteo,24,40,4,61,45,425,797
425,Praomys rostratus,Chordata,Mammalia,Rodentia,Muridae,Praomys,Praomys-rostratus-COI,Mammalia/Rodentia/Muridae/Praomys-rostratus,17,20,3,36,25,426,799
426,Coleomegilla maculata,Arthropoda,Insecta,Coleoptera,Coccinellidae,Coleomegilla,Coleomegilla-maculata-COI,Insecta/Coleoptera/Coccinellidae/Coleomegilla-maculata,49,123,7,247,215,427,800
427,Chrysomela elongata,Arthropoda,Insecta,Coleoptera,Chrysomelidae,Chrysomela,Chrysomela-elongata-COI,Insecta/Coleoptera/Chrysomelidae/Chrysomela-elongata,20,22,3,44,32,428,801
428,Amoebaleria helvola,Arthropoda,Insecta,Diptera,Heleomyzidae,Amoebaleria,Amoebaleria-helvola-COI,Insecta/Diptera/Heleomyzidae/Amoebaleria-helvola,13,21,2,20,13,429,803
429,Osmia caerulescens,Arthropoda,Insecta,Hymenoptera,Megachilidae,Osmia,Osmia-caerulescens-COI,Insecta/Hymenoptera/Megachilidae/Osmia-caerulescens,13,13,2,19,11,430,804
430,Isognathus scyron,Arthropoda,Insecta,Lepidoptera,Sphingidae,Isognathus,Isognathus-scyron-COI,Insecta/Lepidoptera/Sphingidae/Isognathus-scyron,14,17,2,18,12,431,809
431,Darapsa choerilus,Arthropoda,Insecta,Lepidoptera,Sphingidae,Darapsa,Darapsa-choerilus-COI,Insecta/Lepidoptera/Sphingidae/Darapsa-choerilus,17,23,3,34,23,432,810
432,Elachista eskoi,Arthropoda,Insecta,Lepidoptera,Elachistidae,Elachista,Elachista-eskoi-COI,Insecta/Lepidoptera/Elachistidae/Elachista-eskoi,12,17,2,19,12,433,811
433,Hypertropha tortriciformis,Arthropoda,Insecta,Lepidoptera,Oecophoridae,Hypertropha,Hypertropha-tortriciformis-COI,Insecta/Lepidoptera/Oecophoridae/Hypertropha-tortriciformis,17,27,3,37,26,434,812
434,Sander lucioperca,Chordata,Actinopterygii,Perciformes,Percidae,Sander,Sander-lucioperca-COI,Actinopterygii/Perciformes/Percidae/Sander-lucioperca,18,30,3,43,29,435,813
435,Anaxyrus americanus,Chordata,Amphibia,Anura,Bufonidae,Anaxyrus,Anaxyrus-americanus-COI,Amphibia/Anura/Bufonidae/Anaxyrus-americanus,28,39,4,75,61,436,814
436,Caenis youngi,Arthropoda,Insecta,Ephemeroptera,Caenidae,Caenis,Caenis-youngi-COI,Insecta/Ephemeroptera/Caenidae/Caenis-youngi,30,84,5,95,74,437,816
437,Oecetis persimilis,Arthropoda,Insecta,Trichoptera,Leptoceridae,Oecetis,Oecetis-persimilis-COI,Insecta/Trichoptera/Leptoceridae/Oecetis-persimilis,18,21,3,36,24,438,818
438,Crambus alienellus,Arthropoda,Insecta,Lepidoptera,Crambidae,Crambus,Crambus-alienellus-COI,Insecta/Lepidoptera/Crambidae/Crambus-alienellus,28,47,4,74,59,439,822
439,Hylaeus laetus,Arthropoda,Insecta,Hymenoptera,Colletidae,Hylaeus,Hylaeus-laetus-COI,Insecta/Hymenoptera/Colletidae/Hylaeus-laetus,14,16,2,19,13,440,823
440,Symmorphus murarius,Arthropoda,Insecta,Hymenoptera,Vespidae,Symmorphus,Symmorphus-murarius-COI,Insecta/Hymenoptera/Vespidae/Symmorphus-murarius,12,16,2,18,9,441,826
441,Athalia cornubiae,Arthropoda,Insecta,Hymenoptera,Tenthredinidae,Athalia,Athalia-cornubiae-COI,Insecta/Hymenoptera/Tenthredinidae/Athalia-cornubiae,16,36,2,22,14,442,827
442,Araneus gemmoides,Arthropoda,Arachnida,Araneae,Araneidae,Araneus,Araneus-gemmoides-COI,Arachnida/Araneae/Araneidae/Araneus-gemmoides,25,69,4,64,48,443,828
443,Plebejus bellieri,Arthropoda,Insecta,Lepidoptera,Lycaenidae,Plebejus,Plebejus-bellieri-COI,Insecta/Lepidoptera/Lycaenidae/Plebejus-bellieri,14,20,2,18,12,444,830
444,Chlamydastis carlosviquezi,Arthropoda,Insecta,Lepidoptera,Oecophoridae,Chlamydastis,Chlamydastis-carlosviquezi-COI,Insecta/Lepidoptera/Oecophoridae/Chlamydastis-carlosviquezi,20,37,3,39,27,445,831
445,Ceratopogon punctatus,Arthropoda,Insecta,Diptera,Ceratopogonidae,Ceratopogon,Ceratopogon-punctatus-COI,Insecta/Diptera/Ceratopogonidae/Ceratopogon-punctatus,12,16,2,19,10,446,832
446,Steatoda borealis,Arthropoda,Arachnida,Araneae,Theridiidae,Steatoda,Steatoda-borealis-COI,Arachnida/Araneae/Theridiidae/Steatoda-borealis,34,50,5,120,99,447,833
447,Mallotus villosus,Chordata,Actinopterygii,Osmeriformes,Osmeridae,Mallotus,Mallotus-villosus-COI,Actinopterygii/Osmeriformes/Osmeridae/Mallotus-villosus,21,25,3,42,31,448,836
448,Walckenaeria unicornis,Arthropoda,Arachnida,Araneae,Linyphiidae,Walckenaeria,Walckenaeria-unicornis-COI,Arachnida/Araneae/Linyphiidae/Walckenaeria-unicornis,14,21,2,18,12,449,837
449,Mycetophila gemerensis,Arthropoda,Insecta,Diptera,Mycetophilidae,Mycetophila,Mycetophila-gemerensis-COI,Insecta/Diptera/Mycetophilidae/Mycetophila-gemerensis,13,15,2,17,11,450,839
450,Hyles euphorbiae,Arthropoda,Insecta,Lepidoptera,Sphingidae,Hyles,Hyles-euphorbiae-COI,Insecta/Lepidoptera/Sphingidae/Hyles-euphorbiae,142,244,21,1946,1865,451,841
451,Agonopterix kaekeritziana,Arthropoda,Insecta,Lepidoptera,Elachistidae,Agonopterix,Agonopterix-kaekeritziana-COI,Insecta/Lepidoptera/Elachistidae/Agonopterix-kaekeritziana,29,31,4,79,62,452,842
452,Abacarus hystrix,Arthropoda,Arachnida,Prostigmata,Eriophyidae,Abacarus,Abacarus-hystrix-COI,Arachnida/Prostigmata/Eriophyidae/Abacarus-hystrix,26,39,4,78,60,453,843
453,Chrysops furcatus,Arthropoda,Insecta,Diptera,Tabanidae,Chrysops,Chrysops-furcatus-COI,Insecta/Diptera/Tabanidae/Chrysops-furcatus,47,141,7,217,188,454,844
454,Eilema griseola,Arthropoda,Insecta,Lepidoptera,Erebidae,Eilema,Eilema-griseola-COI,Insecta/Lepidoptera/Erebidae/Eilema-griseola,25,30,4,72,57,455,848
455,Polites peckius,Arthropoda,Insecta,Lepidoptera,Hesperiidae,Polites,Polites-peckius-COI,Insecta/Lepidoptera/Hesperiidae/Polites-peckius,25,34,4,64,49,456,849
456,Mischocyttarus angulatus,Arthropoda,Insecta,Hymenoptera,Vespidae,Mischocyttarus,Mischocyttarus-angulatus-COI,Insecta/Hymenoptera/Vespidae/Mischocyttarus-angulatus,12,14,2,17,11,457,850
457,Lasionycta leucocycla,Arthropoda,Insecta,Lepidoptera,Noctuidae,Lasionycta,Lasionycta-leucocycla-COI,Insecta/Lepidoptera/Noctuidae/Lasionycta-leucocycla,17,33,3,36,24,458,851
458,Trigonodes hyppasia,Arthropoda,Insecta,Lepidoptera,Noctuidae,Trigonodes,Trigonodes-hyppasia-COI,Insecta/Lepidoptera/Noctuidae/Trigonodes-hyppasia,18,45,3,31,19,459,855
459,Macrocheles muscaedomesticae,Arthropoda,Arachnida,Mesostigmata,Macrochelidae,Macrocheles,Macrocheles-muscaedomesticae-COI,Arachnida/Mesostigmata/Macrochelidae/Macrocheles-muscaedomesticae,17,61,3,36,25,460,861
460,Isoperla montana,Arthropoda,Insecta,Plecoptera,Perlodidae,Isoperla,Isoperla-montana-COI,Insecta/Plecoptera/Perlodidae/Isoperla-montana,16,46,2,20,14,461,862
461,Phiaris metallicana,Arthropoda,Insecta,Lepidoptera,Tortricidae,Phiaris,Phiaris-metallicana-COI,Insecta/Lepidoptera/Tortricidae/Phiaris-metallicana,18,29,3,34,24,462,863
462,Parancistrocerus pedestris,Arthropoda,Insecta,Hymenoptera,Eumenidae,Parancistrocerus,Parancistrocerus-pedestris-COI,Insecta/Hymenoptera/Eumenidae/Parancistrocerus-pedestris,14,18,2,18,11,463,864
463,Lasaeola tristis,Arthropoda,Arachnida,Araneae,Theridiidae,Lasaeola,Lasaeola-tristis-COI,Arachnida/Araneae/Theridiidae/Lasaeola-tristis,12,14,2,15,9,464,865
464,Opisthograptis luteolata,Arthropoda,Insecta,Lepidoptera,Geometridae,Opisthograptis,Opisthograptis-luteolata-COI,Insecta/Lepidoptera/Geometridae/Opisthograptis-luteolata,53,63,8,280,251,465,866
465,Arteurotia tractipennis,Arthropoda,Insecta,Lepidoptera,Hesperiidae,Arteurotia,Arteurotia-tractipennis-COI,Insecta/Lepidoptera/Hesperiidae/Arteurotia-tractipennis,12,19,2,15,9,466,867
466,Sebastes alutus,Chordata,Actinopterygii,Scorpaeniformes,Sebastidae,Sebastes,Sebastes-alutus-COI,Actinopterygii/Scorpaeniformes/Sebastidae/Sebastes-alutus,13,27,2,18,11,467,868
467,Aedes intrudens,Arthropoda,Insecta,Diptera,Culicidae,Aedes,Aedes-intrudens-COI,Insecta/Diptera/Culicidae/Aedes-intrudens,52,145,8,266,230,468,870
468,Catocala maestosa,Arthropoda,Insecta,Lepidoptera,Erebidae,Catocala,Catocala-maestosa-COI,Insecta/Lepidoptera/Erebidae/Catocala-maestosa,14,22,2,20,11,469,871
469,Condylostylus patibulatus,Arthropoda,Insecta,Diptera,Dolichopodidae,Condylostylus,Condylostylus-patibulatus-COI,Insecta/Diptera/Dolichopodidae/Condylostylus-patibulatus,30,190,5,100,83,470,873
470,Phyllobrotica quadrimaculata,Arthropoda,Insecta,Coleoptera,Chrysomelidae,Phyllobrotica,Phyllobrotica-quadrimaculata-COI,Insecta/Coleoptera/Chrysomelidae/Phyllobrotica-quadrimaculata,15,18,2,20,13,471,874
471,Neoantistea gosiuta,Arthropoda,Arachnida,Araneae,Hahniidae,Neoantistea,Neoantistea-gosiuta-COI,Arachnida/Araneae/Hahniidae/Neoantistea-gosiuta,23,53,3,45,33,472,879
472,Oedothorax retusus,Arthropoda,Arachnida,Araneae,Linyphiidae,Oedothorax,Oedothorax-retusus-COI,Arachnida/Araneae/Linyphiidae/Oedothorax-retusus,13,18,2,18,11,473,880
473,Pholoe baltica,Annelida,Polychaeta,Phyllodocida,Pholoidae,Pholoe,Pholoe-baltica-COI,Polychaeta/Phyllodocida/Pholoidae/Pholoe-baltica,31,78,5,100,83,474,884
474,Arethusana arethusa,Arthropoda,Insecta,Lepidoptera,Nymphalidae,Arethusana,Arethusana-arethusa-COI,Insecta/Lepidoptera/Nymphalidae/Arethusana-arethusa,61,77,9,364,329,475,885
475,Mordellistena neuwaldeggiana,Arthropoda,Insecta,Coleoptera,Mordellidae,Mordellistena,Mordellistena-neuwaldeggiana-COI,Insecta/Coleoptera/Mordellidae/Mordellistena-neuwaldeggiana,12,12,2,16,9,476,886
476,Hellula hydralis,Arthropoda,Insecta,Lepidoptera,Crambidae,Hellula,Hellula-hydralis-COI,Insecta/Lepidoptera/Crambidae/Hellula-hydralis,46,192,7,228,199,477,888
477,Oxydromus pugettensis,Annelida,Polychaeta,Phyllodocida,Hesionidae,Oxydromus,Oxydromus-pugettensis-COI,Polychaeta/Phyllodocida/Hesionidae/Oxydromus-pugettensis,17,33,3,35,23,478,892
478,Simulium pseudequinum,Arthropoda,Insecta,Diptera,Simuliidae,Simulium,Simulium-pseudequinum-COI,Insecta/Diptera/Simuliidae/Simulium-pseudequinum,15,68,2,15,12,479,894
479,Xysticus benefactor,Arthropoda,Arachnida,Araneae,Thomisidae,Xysticus,Xysticus-benefactor-COI,Arachnida/Araneae/Thomisidae/Xysticus-benefactor,22,136,3,47,36,480,895
480,Epiphanis cornutus,Arthropoda,Insecta,Coleoptera,Eucnemidae,Epiphanis,Epiphanis-cornutus-COI,Insecta/Coleoptera/Eucnemidae/Epiphanis-cornutus,22,32,3,48,37,481,896
481,Lampropteryx suffumata,Arthropoda,Insecta,Lepidoptera,Geometridae,Lampropteryx,Lampropteryx-suffumata-COI,Insecta/Lepidoptera/Geometridae/Lampropteryx-suffumata,38,44,6,146,121,482,897
482,Balclutha incisa,Arthropoda,Insecta,Hemiptera,Cicadellidae,Balclutha,Balclutha-incisa-COI,Insecta/Hemiptera/Cicadellidae/Balclutha-incisa,21,52,3,39,30,483,899
483,Stenoma baliandra,Arthropoda,Insecta,Lepidoptera,Depressariidae,Stenoma,Stenoma-baliandra-COI,Insecta/Lepidoptera/Depressariidae/Stenoma-baliandra,18,67,3,36,24,484,900
484,Pimpla aequalis,Arthropoda,Insecta,Hymenoptera,Ichneumonidae,Pimpla,Pimpla-aequalis-COI,Insecta/Hymenoptera/Ichneumonidae/Pimpla-aequalis,34,281,5,110,94,485,903
485,Cerastis rubricosa,Arthropoda,Insecta,Lepidoptera,Noctuidae,Cerastis,Cerastis-rubricosa-COI,Insecta/Lepidoptera/Noctuidae/Cerastis-rubricosa,37,39,6,151,125,486,905
486,Baetis bicaudatus,Arthropoda,Insecta,Ephemeroptera,Baetidae,Baetis,Baetis-bicaudatus-COI,Insecta/Ephemeroptera/Baetidae/Baetis-bicaudatus,38,241,6,137,116,487,907
487,Nephopterix angustella,Arthropoda,Insecta,Lepidoptera,Pyralidae,Nephopterix,Nephopterix-angustella-COI,Insecta/Lepidoptera/Pyralidae/Nephopterix-angustella,22,22,3,45,34,488,908
488,Longitarsus lewisii,Arthropoda,Insecta,Coleoptera,Chrysomelidae,Longitarsus,Longitarsus-lewisii-COI,Insecta/Coleoptera/Chrysomelidae/Longitarsus-lewisii,25,71,4,70,53,489,909
489,Isadelphus inimicus,Arthropoda,Insecta,Hymenoptera,Ichneumonidae,Isadelphus,Isadelphus-inimicus-COI,Insecta/Hymenoptera/Ichneumonidae/Isadelphus-inimicus,13,22,2,17,10,490,912
490,Crossaster papposus,Echinodermata,Asteroidea,Valvatida,Solasteridae,Crossaster,Crossaster-papposus-COI,Asteroidea/Valvatida/Solasteridae/Crossaster-papposus,37,59,6,135,113,491,913
491,Rivula sericealis,Arthropoda,Insecta,Lepidoptera,Erebidae,Rivula,Rivula-sericealis-COI,Insecta/Lepidoptera/Erebidae/Rivula-sericealis,57,69,9,321,289,492,914
492,Leptopelis aubryi,Chordata,Amphibia,Anura,Arthroleptidae,Leptopelis,Leptopelis-aubryi-COI,Amphibia/Anura/Arthroleptidae/Leptopelis-aubryi,12,15,2,14,8,493,915
493,Sphecodes crassus,Arthropoda,Insecta,Hymenoptera,Halictidae,Sphecodes,Sphecodes-crassus-COI,Insecta/Hymenoptera/Halictidae/Sphecodes-crassus,26,30,4,71,58,494,917
494,Eudemis porphyrana,Arthropoda,Insecta,Lepidoptera,Tortricidae,Eudemis,Eudemis-porphyrana-COI,Insecta/Lepidoptera/Tortricidae/Eudemis-porphyrana,13,13,2,16,11,495,919
495,Pogonocherus hispidus,Arthropoda,Insecta,Coleoptera,Cerambycidae,Pogonocherus,Pogonocherus-hispidus-COI,Insecta/Coleoptera/Cerambycidae/Pogonocherus-hispidus,18,19,3,34,24,496,923
496,Anabasis ochrodesma,Arthropoda,Insecta,Lepidoptera,Pyralidae,Anabasis,Anabasis-ochrodesma-COI,Insecta/Lepidoptera/Pyralidae/Anabasis-ochrodesma,62,136,9,345,312,497,924
497,Nymphalis l-album,Arthropoda,Insecta,Lepidoptera,Nymphalidae,Nymphalis,Nymphalis-l-album-COI,Insecta/Lepidoptera/Nymphalidae/Nymphalis-l-album,14,54,2,20,13,498,927
498,Brasema allynii,Arthropoda,Insecta,Hymenoptera,Eupelmidae,Brasema,Brasema-allynii-COI,Insecta/Hymenoptera/Eupelmidae/Brasema-allynii,18,40,3,38,28,499,928
499,Pheia albisigna,Arthropoda,Insecta,Lepidoptera,Arctiidae,Pheia,Pheia-albisigna-COI,Insecta/Lepidoptera/Arctiidae/Pheia-albisigna,36,83,5,132,111,500,930
500,Elachista occidentalis,Arthropoda,Insecta,Lepidoptera,Elachistidae,Elachista,Elachista-occidentalis-COI,Insecta/Lepidoptera/Elachistidae/Elachista-occidentalis,18,21,3,36,25,501,932
501,Coryphopterus personatus,Chordata,Actinopterygii,Perciformes,Gobiidae,Coryphopterus,Coryphopterus-personatus-COI,Actinopterygii/Perciformes/Gobiidae/Coryphopterus-personatus,15,37,2,23,15,502,935
502,Eupithecia nimbicolor,Arthropoda,Insecta,Lepidoptera,Geometridae,Eupithecia,Eupithecia-nimbicolor-COI,Insecta/Lepidoptera/Geometridae/Eupithecia-nimbicolor,12,19,2,17,9,503,936
503,Asota trinacria,Arthropoda,Insecta,Lepidoptera,Noctuidae,Asota,Asota-trinacria-COI,Insecta/Lepidoptera/Noctuidae/Asota-trinacria,12,14,2,17,10,504,937
504,Psylliodes affinis,Arthropoda,Insecta,Coleoptera,Chrysomelidae,Psylliodes,Psylliodes-affinis-COI,Insecta/Coleoptera/Chrysomelidae/Psylliodes-affinis,36,74,5,116,98,505,939
505,Crambidia casta,Arthropoda,Insecta,Lepidoptera,Arctiidae,Crambidia,Crambidia-casta-COI,Insecta/Lepidoptera/Arctiidae/Crambidia-casta,19,32,3,41,29,506,941
506,Nicrophorus humator,Arthropoda,Insecta,Coleoptera,Silphidae,Nicrophorus,Nicrophorus-humator-COI,Insecta/Coleoptera/Silphidae/Nicrophorus-humator,14,14,2,20,12,507,942
507,Coleophora flavipennella,Arthropoda,Insecta,Lepidoptera,Coleophoridae,Coleophora,Coleophora-flavipennella-COI,Insecta/Lepidoptera/Coleophoridae/Coleophora-flavipennella,12,18,2,14,8,508,943
508,Bucculatrix bechsteinella,Arthropoda,Insecta,Lepidoptera,Bucculatricidae,Bucculatrix,Bucculatrix-bechsteinella-COI,Insecta/Lepidoptera/Bucculatricidae/Bucculatrix-bechsteinella,15,15,2,20,13,509,945
509,Pristimantis taeniatus,Chordata,Amphibia,Anura,Strabomantidae,Pristimantis,Pristimantis-taeniatus-COI,Amphibia/Anura/Strabomantidae/Pristimantis-taeniatus,16,29,2,24,16,510,946
510,Gryllus pennsylvanicus,Arthropoda,Insecta,Orthoptera,Gryllidae,Gryllus,Gryllus-pennsylvanicus-COI,Insecta/Orthoptera/Gryllidae/Gryllus-pennsylvanicus,13,14,2,18,10,511,948
511,Euglyphis scaptia,Arthropoda,Insecta,Lepidoptera,Lasiocampidae,Euglyphis,Euglyphis-scaptia-COI,Insecta/Lepidoptera/Lasiocampidae/Euglyphis-scaptia,18,22,3,35,25,512,950
512,Isomira quadristriata,Arthropoda,Insecta,Coleoptera,Tenebrionidae,Isomira,Isomira-quadristriata-COI,Insecta/Coleoptera/Tenebrionidae/Isomira-quadristriata,22,152,3,39,29,513,954
513,Lesmone gentilis,Arthropoda,Insecta,Lepidoptera,Noctuidae,Lesmone,Lesmone-gentilis-COI,Insecta/Lepidoptera/Noctuidae/Lesmone-gentilis,24,99,4,67,52,514,956
514,Ampedus fusculus,Arthropoda,Insecta,Coleoptera,Ampedidae,Ampedus,Ampedus-fusculus-COI,Insecta/Coleoptera/Ampedidae/Ampedus-fusculus,12,32,2,17,10,515,957
515,Achlya flavicornis,Arthropoda,Insecta,Lepidoptera,Drepanidae,Achlya,Achlya-flavicornis-COI,Insecta/Lepidoptera/Drepanidae/Achlya-flavicornis,32,40,5,106,87,516,958
516,Brephidium exilis,Arthropoda,Insecta,Lepidoptera,Lycaenidae,Brephidium,Brephidium-exilis-COI,Insecta/Lepidoptera/Lycaenidae/Brephidium-exilis,18,30,3,33,24,517,959
517,Odonus niger,Chordata,Actinopterygii,Tetraodontiformes,Balistidae,Odonus,Odonus-niger-COI,Actinopterygii/Tetraodontiformes/Balistidae/Odonus-niger,12,24,2,14,8,518,963
518,Diaphorina citri,Arthropoda,Insecta,Hemiptera,Liviidae,Diaphorina,Diaphorina-citri-COI,Insecta/Hemiptera/Liviidae/Diaphorina-citri,28,50,4,76,61,519,964
519,Gryllus rubens,Arthropoda,Insecta,Orthoptera,Gryllidae,Gryllus,Gryllus-rubens-COI,Insecta/Orthoptera/Gryllidae/Gryllus-rubens,12,15,2,14,9,520,965
520,Phyllotreta robusta,Arthropoda,Insecta,Coleoptera,Chrysomelidae,Phyllotreta,Phyllotreta-robusta-COI,Insecta/Coleoptera/Chrysomelidae/Phyllotreta-robusta,15,18,2,19,11,521,967
521,Limnias melicerta,Rotifera,Eurotatoria,Flosculariaceae,Flosculariidae,Limnias,Limnias-melicerta-COI,Eurotatoria/Flosculariaceae/Flosculariidae/Limnias-melicerta,28,72,4,70,56,522,969
522,Acleris holmiana,Arthropoda,Insecta,Lepidoptera,Tortricidae,Acleris,Acleris-holmiana-COI,Insecta/Lepidoptera/Tortricidae/Acleris-holmiana,13,14,2,16,10,523,972
523,Lycaena mariposa,Arthropoda,Insecta,Lepidoptera,Lycaenidae,Lycaena,Lycaena-mariposa-COI,Insecta/Lepidoptera/Lycaenidae/Lycaena-mariposa,18,49,3,37,25,524,973
524,Pimpla caeruleata,Arthropoda,Insecta,Hymenoptera,Ichneumonidae,Pimpla,Pimpla-caeruleata-COI,Insecta/Hymenoptera/Ichneumonidae/Pimpla-caeruleata,15,179,2,21,14,525,974
525,Anthophagus alpinus,Arthropoda,Insecta,Coleoptera,Staphylinidae,Anthophagus,Anthophagus-alpinus-COI,Insecta/Coleoptera/Staphylinidae/Anthophagus-alpinus,12,14,2,16,10,526,975
526,Anatis ocellata,Arthropoda,Insecta,Coleoptera,Coccinellidae,Anatis,Anatis-ocellata-COI,Insecta/Coleoptera/Coccinellidae/Anatis-ocellata,17,18,3,30,22,527,976
527,Neocochylis dubitana,Arthropoda,Insecta,Lepidoptera,Tortricidae,Neocochylis,Neocochylis-dubitana-COI,Insecta/Lepidoptera/Tortricidae/Neocochylis-dubitana,18,21,3,35,25,528,978
528,Aethalura punctulata,Arthropoda,Insecta,Lepidoptera,Geometridae,Aethalura,Aethalura-punctulata-COI,Insecta/Lepidoptera/Geometridae/Aethalura-punctulata,26,29,4,69,53,529,979
529,Lichenaula onychotypa,Arthropoda,Insecta,Lepidoptera,Oecophoridae,Lichenaula,Lichenaula-onychotypa-COI,Insecta/Lepidoptera/Oecophoridae/Lichenaula-onychotypa,16,38,2,22,14,530,983
530,Eustala rosae,Arthropoda,Arachnida,Araneae,Araneidae,Eustala,Eustala-rosae-COI,Arachnida/Araneae/Araneidae/Eustala-rosae,20,21,3,46,34,531,984
531,Nemoura lacustris,Arthropoda,Insecta,Plecoptera,Nemouridae,Nemoura,Nemoura-lacustris-COI,Insecta/Plecoptera/Nemouridae/Nemoura-lacustris,21,37,3,45,31,532,988
532,Gattyana cirrhosa,Annelida,Polychaeta,Phyllodocida,Polynoidae,Gattyana,Gattyana-cirrhosa-COI,Polychaeta/Phyllodocida/Polynoidae/Gattyana-cirrhosa,13,19,2,17,10,533,989
533,Theodoxus jordani,Mollusca,Gastropoda,Cycloneritida,Neritidae,Theodoxus,Theodoxus-jordani-COI,Gastropoda/Cycloneritida/Neritidae/Theodoxus-jordani,23,36,3,47,34,534,991
534,Anthocomus fasciatus,Arthropoda,Insecta,Coleoptera,Melyridae,Anthocomus,Anthocomus-fasciatus-COI,Insecta/Coleoptera/Melyridae/Anthocomus-fasciatus,19,24,3,37,27,535,992
535,Papilio canadensis,Arthropoda,Insecta,Lepidoptera,Papilionidae,Papilio,Papilio-canadensis-COI,Insecta/Lepidoptera/Papilionidae/Papilio-canadensis,47,55,7,204,182,536,997
536,Carales astur,Arthropoda,Insecta,Lepidoptera,Arctiidae,Carales,Carales-astur-COI,Insecta/Lepidoptera/Arctiidae/Carales-astur,73,119,11,523,482,537,998
537,Polygonia progne,Arthropoda,Insecta,Lepidoptera,Nymphalidae,Polygonia,Polygonia-progne-COI,Insecta/Lepidoptera/Nymphalidae/Polygonia-progne,17,21,3,35,22,538,1003
538,Plectophila thrasycosma,Arthropoda,Insecta,Lepidoptera,Oecophoridae,Plectophila,Plectophila-thrasycosma-COI,Insecta/Lepidoptera/Oecophoridae/Plectophila-thrasycosma,16,21,2,21,15,539,1005
539,Melittobia australica,Arthropoda,Insecta,Hymenoptera,Eulophidae,Melittobia,Melittobia-australica-COI,Insecta/Hymenoptera/Eulophidae/Melittobia-australica,13,75,2,18,12,540,1006
540,Acleris forsskaleana,Arthropoda,Insecta,Lepidoptera,Tortricidae,Acleris,Acleris-forsskaleana-COI,Insecta/Lepidoptera/Tortricidae/Acleris-forsskaleana,37,69,6,142,120,541,1008
541,Hemerobius pinidumus,Arthropoda,Insecta,Neuroptera,Hemerobiidae,Hemerobius,Hemerobius-pinidumus-COI,Insecta/Neuroptera/Hemerobiidae/Hemerobius-pinidumus,27,64,4,78,63,542,1009
542,Cecrita perplexa,Arthropoda,Insecta,Lepidoptera,Notodontidae,Cecrita,Cecrita-perplexa-COI,Insecta/Lepidoptera/Notodontidae/Cecrita-perplexa,13,19,2,17,9,543,1011
543,Acronicta superans,Arthropoda,Insecta,Lepidoptera,Noctuidae,Acronicta,Acronicta-superans-COI,Insecta/Lepidoptera/Noctuidae/Acronicta-superans,17,25,3,34,24,544,1012
544,Petromyzon marinus,Chordata,Cephalaspidomorphi,Petromyzontiformes,Petromyzontidae,Petromyzon,Petromyzon-marinus-COI,Cephalaspidomorphi/Petromyzontiformes/Petromyzontidae/Petromyzon-marinus,13,30,2,15,10,545,1013
545,Hamadryas saurites,Arthropoda,Insecta,Lepidoptera,Nymphalidae,Hamadryas,Hamadryas-saurites-COI,Insecta/Lepidoptera/Nymphalidae/Hamadryas-saurites,14,27,2,21,14,546,1014
546,Idia americalis,Arthropoda,Insecta,Lepidoptera,Erebidae,Idia,Idia-americalis-COI,Insecta/Lepidoptera/Erebidae/Idia-americalis,117,238,18,1381,1312,547,1018
547,Amorbia humerosana,Arthropoda,Insecta,Lepidoptera,Tortricidae,Amorbia,Amorbia-humerosana-COI,Insecta/Lepidoptera/Tortricidae/Amorbia-humerosana,32,71,5,105,83,548,1020
548,Orchestes fagi,Arthropoda,Insecta,Coleoptera,Curculionidae,Orchestes,Orchestes-fagi-COI,Insecta/Coleoptera/Curculionidae/Orchestes-fagi,16,54,2,21,13,549,1021
549,Pococera expandens,Arthropoda,Insecta,Lepidoptera,Pyralidae,Pococera,Pococera-expandens-COI,Insecta/Lepidoptera/Pyralidae/Pococera-expandens,41,88,6,162,138,550,1022
550,Ametastegia tenera,Arthropoda,Insecta,Hymenoptera,Tenthredinidae,Ametastegia,Ametastegia-tenera-COI,Insecta/Hymenoptera/Tenthredinidae/Ametastegia-tenera,41,49,6,143,123,551,1023
551,Disphragis carantis,Arthropoda,Insecta,Lepidoptera,Notodontidae,Disphragis,Disphragis-carantis-COI,Insecta/Lepidoptera/Notodontidae/Disphragis-carantis,19,50,3,37,27,552,1024
552,Hippotion celerio,Arthropoda,Insecta,Lepidoptera,Sphingidae,Hippotion,Hippotion-celerio-COI,Insecta/Lepidoptera/Sphingidae/Hippotion-celerio,53,112,8,259,224,553,1025
553,Ecclisomyia maculosa,Arthropoda,Insecta,Trichoptera,Limnephilidae,Ecclisomyia,Ecclisomyia-maculosa-COI,Insecta/Trichoptera/Limnephilidae/Ecclisomyia-maculosa,15,35,2,17,12,554,1027
554,Admontia grandicornis,Arthropoda,Insecta,Diptera,Tachinidae,Admontia,Admontia-grandicornis-COI,Insecta/Diptera/Tachinidae/Admontia-grandicornis,15,42,2,19,12,555,1032
555,Rymosia signatipes,Arthropoda,Insecta,Diptera,Mycetophilidae,Rymosia,Rymosia-signatipes-COI,Insecta/Diptera/Mycetophilidae/Rymosia-signatipes,12,16,2,16,9,556,1033
556,Athripsodes cinereus,Arthropoda,Insecta,Trichoptera,Leptoceridae,Athripsodes,Athripsodes-cinereus-COI,Insecta/Trichoptera/Leptoceridae/Athripsodes-cinereus,24,41,4,62,48,557,1038
557,Melitaea nevadensis,Arthropoda,Insecta,Lepidoptera,Nymphalidae,Melitaea,Melitaea-nevadensis-COI,Insecta/Lepidoptera/Nymphalidae/Melitaea-nevadensis,15,15,2,20,13,558,1043
558,Kirrostola metaxantha,Arthropoda,Insecta,Lepidoptera,Erebidae,Kirrostola,Kirrostola-metaxantha-COI,Insecta/Lepidoptera/Erebidae/Kirrostola-metaxantha,17,20,3,33,22,559,1044
559,Drymeia groenlandica,Arthropoda,Insecta,Diptera,Muscidae,Drymeia,Drymeia-groenlandica-COI,Insecta/Diptera/Muscidae/Drymeia-groenlandica,12,475,2,16,8,560,1045
560,Scotopteryx bipunctaria,Arthropoda,Insecta,Lepidoptera,Geometridae,Scotopteryx,Scotopteryx-bipunctaria-COI,Insecta/Lepidoptera/Geometridae/Scotopteryx-bipunctaria,23,29,3,48,35,561,1047
561,Euura dolichura_group,Arthropoda,Insecta,Hymenoptera,Tenthredinidae,Euura,Euura-dolichura_group-COI,Insecta/Hymenoptera/Tenthredinidae/Euura-dolichura_group,17,25,3,33,24,562,1051
562,Salminus hilarii,Chordata,Actinopterygii,Characiformes,Bryconidae,Salminus,Salminus-hilarii-COI,Actinopterygii/Characiformes/Bryconidae/Salminus-hilarii,20,37,3,41,29,563,1053
563,Nematus oligospilus,Arthropoda,Insecta,Hymenoptera,Tenthredinidae,Nematus,Nematus-oligospilus-COI,Insecta/Hymenoptera/Tenthredinidae/Nematus-oligospilus,20,41,3,44,31,564,1056
564,Ophonus melletii,Arthropoda,Insecta,Coleoptera,Carabidae,Ophonus,Ophonus-melletii-COI,Insecta/Coleoptera/Carabidae/Ophonus-melletii,12,23,2,16,8,565,1057
565,Ophisma tropicalis,Arthropoda,Insecta,Lepidoptera,Noctuidae,Ophisma,Ophisma-tropicalis-COI,Insecta/Lepidoptera/Noctuidae/Ophisma-tropicalis,60,152,9,359,326,566,1058
566,Mitopus morio,Arthropoda,Arachnida,Opiliones,Phalangiidae,Mitopus,Mitopus-morio-COI,Arachnida/Opiliones/Phalangiidae/Mitopus-morio,23,106,3,46,36,567,1059
567,Isanthrene cazador,Arthropoda,Insecta,Lepidoptera,Arctiidae,Isanthrene,Isanthrene-cazador-COI,Insecta/Lepidoptera/Arctiidae/Isanthrene-cazador,15,31,2,20,14,568,1062
568,Coproica hirtula,Arthropoda,Insecta,Diptera,Sphaeroceridae,Coproica,Coproica-hirtula-COI,Insecta/Diptera/Sphaeroceridae/Coproica-hirtula,20,29,3,44,31,569,1064
569,Rudenia leguminana,Arthropoda,Insecta,Lepidoptera,Tortricidae,Rudenia,Rudenia-leguminana-COI,Insecta/Lepidoptera/Tortricidae/Rudenia-leguminana,23,48,3,46,35,570,1065
570,Prosimulium arvum,Arthropoda,Insecta,Diptera,Simuliidae,Prosimulium,Prosimulium-arvum-COI,Insecta/Diptera/Simuliidae/Prosimulium-arvum,31,274,5,106,85,571,1067
571,Pimelia subglobosa,Arthropoda,Insecta,Coleoptera,Tenebrionidae,Pimelia,Pimelia-subglobosa-COI,Insecta/Coleoptera/Tenebrionidae/Pimelia-subglobosa,19,56,3,37,24,572,1068
572,Citheronioides lamata,Arthropoda,Insecta,Lepidoptera,Saturniidae,Citheronioides,Citheronioides-lamata-COI,Insecta/Lepidoptera/Saturniidae/Citheronioides-lamata,17,24,3,35,23,573,1069
573,Frankliniella occidentalis,Arthropoda,Insecta,Thysanoptera,Thripidae,Frankliniella,Frankliniella-occidentalis-COI,Insecta/Thysanoptera/Thripidae/Frankliniella-occidentalis,76,324,11,526,483,574,1074
574,Ephemerella subvaria,Arthropoda,Insecta,Ephemeroptera,Ephemerellidae,Ephemerella,Ephemerella-subvaria-COI,Insecta/Ephemeroptera/Ephemerellidae/Ephemerella-subvaria,16,40,2,20,13,575,1076
575,Ambulyx liturata,Arthropoda,Insecta,Lepidoptera,Sphingidae,Ambulyx,Ambulyx-liturata-COI,Insecta/Lepidoptera/Sphingidae/Ambulyx-liturata,13,16,2,17,10,576,1078
576,Speranza occiduaria,Arthropoda,Insecta,Lepidoptera,Geometridae,Speranza,Speranza-occiduaria-COI,Insecta/Lepidoptera/Geometridae/Speranza-occiduaria,17,25,3,34,22,577,1081
577,Cryptophion guillermoiB,Arthropoda,Insecta,Hymenoptera,Ichneumonidae,Cryptophion,Cryptophion-guillermoiB-COI,Insecta/Hymenoptera/Ichneumonidae/Cryptophion-guillermoiB,37,50,6,138,120,578,1082
578,Lucilia ampullacea,Arthropoda,Insecta,Diptera,Calliphoridae,Lucilia,Lucilia-ampullacea-COI,Insecta/Diptera/Calliphoridae/Lucilia-ampullacea,18,56,3,34,21,579,1083
579,Deroceras invadens,Mollusca,Gastropoda,Stylommatophora,Agriolimacidae,Deroceras,Deroceras-invadens-COI,Gastropoda/Stylommatophora/Agriolimacidae/Deroceras-invadens,68,77,10,418,384,580,1084
580,Pseudolimnophila inornata,Arthropoda,Insecta,Diptera,Limoniidae,Pseudolimnophila,Pseudolimnophila-inornata-COI,Insecta/Diptera/Limoniidae/Pseudolimnophila-inornata,15,26,2,19,12,581,1087
581,Barbodes binotatus,Chordata,Actinopterygii,Cypriniformes,Cyprinidae,Barbodes,Barbodes-binotatus-COI,Actinopterygii/Cypriniformes/Cyprinidae/Barbodes-binotatus,39,127,6,147,127,582,1091
582,Periphyllus negundinis,Arthropoda,Insecta,Hemiptera,Aphididae,Periphyllus,Periphyllus-negundinis-COI,Insecta/Hemiptera/Aphididae/Periphyllus-negundinis,13,21,2,18,10,583,1092
583,Lacanobia nevadae,Arthropoda,Insecta,Lepidoptera,Noctuidae,Lacanobia,Lacanobia-nevadae-COI,Insecta/Lepidoptera/Noctuidae/Lacanobia-nevadae,16,19,2,23,14,584,1093
584,Hypena edictalis,Arthropoda,Insecta,Lepidoptera,Erebidae,Hypena,Hypena-edictalis-COI,Insecta/Lepidoptera/Erebidae/Hypena-edictalis,19,32,3,40,28,585,1094
585,Astacus pallipes,Arthropoda,Malacostraca,Decapoda,Astacidae,Astacus,Astacus-pallipes-COI,Malacostraca/Decapoda/Astacidae/Astacus-pallipes,76,393,11,539,492,586,1095
586,Acronicta grisea,Arthropoda,Insecta,Lepidoptera,Noctuidae,Acronicta,Acronicta-grisea-COI,Insecta/Lepidoptera/Noctuidae/Acronicta-grisea,28,54,4,74,60,587,1096
587,Catocala junctura,Arthropoda,Insecta,Lepidoptera,Erebidae,Catocala,Catocala-junctura-COI,Insecta/Lepidoptera/Erebidae/Catocala-junctura,31,53,5,109,89,588,1098
588,Acleris robinsoniana,Arthropoda,Insecta,Lepidoptera,Tortricidae,Acleris,Acleris-robinsoniana-COI,Insecta/Lepidoptera/Tortricidae/Acleris-robinsoniana,13,15,2,17,11,589,1104
589,Gorgythion begga,Arthropoda,Insecta,Lepidoptera,Hesperiidae,Gorgythion,Gorgythion-begga-COI,Insecta/Lepidoptera/Hesperiidae/Gorgythion-begga,137,439,21,1832,1760,590,1113
590,Nyceryx eximia,Arthropoda,Insecta,Lepidoptera,Sphingidae,Nyceryx,Nyceryx-eximia-COI,Insecta/Lepidoptera/Sphingidae/Nyceryx-eximia,13,16,2,18,11,591,1116
591,Stromboceros delicatulus,Arthropoda,Insecta,Hymenoptera,Tenthredinidae,Stromboceros,Stromboceros-delicatulus-COI,Insecta/Hymenoptera/Tenthredinidae/Stromboceros-delicatulus,28,32,4,75,58,592,1121
592,Eratoneura certa,Arthropoda,Insecta,Hemiptera,Cicadellidae,Eratoneura,Eratoneura-certa-COI,Insecta/Hemiptera/Cicadellidae/Eratoneura-certa,21,42,3,46,35,593,1123
593,Pococera robustella,Arthropoda,Insecta,Lepidoptera,Pyralidae,Pococera,Pococera-robustella-COI,Insecta/Lepidoptera/Pyralidae/Pococera-robustella,12,19,2,16,10,594,1124
594,Anisandrus sayi,Arthropoda,Insecta,Coleoptera,Curculionidae,Anisandrus,Anisandrus-sayi-COI,Insecta/Coleoptera/Curculionidae/Anisandrus-sayi,13,35,2,17,10,595,1126
595,Eccoptogaster intricata,Arthropoda,Insecta,Coleoptera,Curculionidae,Eccoptogaster,Eccoptogaster-intricata-COI,Insecta/Coleoptera/Curculionidae/Eccoptogaster-intricata,13,15,2,20,13,596,1128
596,Rasbora kalochroma,Chordata,Actinopterygii,Cypriniformes,Cyprinidae,Rasbora,Rasbora-kalochroma-COI,Actinopterygii/Cypriniformes/Cyprinidae/Rasbora-kalochroma,12,22,2,14,9,597,1131
597,Symphlebia janecheverriae,Arthropoda,Insecta,Lepidoptera,Arctiidae,Symphlebia,Symphlebia-janecheverriae-COI,Insecta/Lepidoptera/Arctiidae/Symphlebia-janecheverriae,25,52,4,59,48,598,1132
598,Tetragonurus cuvieri,Chordata,Actinopterygii,Perciformes,Tetragonuridae,Tetragonurus,Tetragonurus-cuvieri-COI,Actinopterygii/Perciformes/Tetragonuridae/Tetragonurus-cuvieri,15,15,2,19,13,599,1133
599,Chlamydastis arenaria,Arthropoda,Insecta,Lepidoptera,Depressariidae,Chlamydastis,Chlamydastis-arenaria-COI,Insecta/Lepidoptera/Depressariidae/Chlamydastis-arenaria,22,44,3,44,35,600,1136
600,Smaragdina aurita,Arthropoda,Insecta,Coleoptera,Chrysomelidae,Smaragdina,Smaragdina-aurita-COI,Insecta/Coleoptera/Chrysomelidae/Smaragdina-aurita,12,13,2,16,10,601,1137
601,Zygonyx flavicosta,Arthropoda,Insecta,Odonata,Libellulidae,Zygonyx,Zygonyx-flavicosta-COI,Insecta/Odonata/Libellulidae/Zygonyx-flavicosta,14,16,2,18,12,602,1144
602,Hedya pruniana,Arthropoda,Insecta,Lepidoptera,Tortricidae,Hedya,Hedya-pruniana-COI,Insecta/Lepidoptera/Tortricidae/Hedya-pruniana,18,28,3,34,24,603,1146
603,Aedes japonicus,Arthropoda,Insecta,Diptera,Culicidae,Aedes,Aedes-japonicus-COI,Insecta/Diptera/Culicidae/Aedes-japonicus,46,74,7,185,161,604,1148
604,Acyrthosiphon churchillense,Arthropoda,Insecta,Hemiptera,Aphididae,Acyrthosiphon,Acyrthosiphon-churchillense-COI,Insecta/Hemiptera/Aphididae/Acyrthosiphon-churchillense,17,27,3,36,25,605,1149
605,Symplecta stictica,Arthropoda,Insecta,Diptera,Limoniidae,Symplecta,Symplecta-stictica-COI,Insecta/Diptera/Limoniidae/Symplecta-stictica,16,80,2,21,15,606,1151
606,Spilogona griseola,Arthropoda,Insecta,Diptera,Muscidae,Spilogona,Spilogona-griseola-COI,Insecta/Diptera/Muscidae/Spilogona-griseola,22,105,3,45,34,607,1153
607,Lepidophanes guentheri,Chordata,Actinopterygii,Myctophiformes,Myctophidae,Lepidophanes,Lepidophanes-guentheri-COI,Actinopterygii/Myctophiformes/Myctophidae/Lepidophanes-guentheri,14,21,2,19,11,608,1154
608,Eumenes coronatus,Arthropoda,Insecta,Hymenoptera,Vespidae,Eumenes,Eumenes-coronatus-COI,Insecta/Hymenoptera/Vespidae/Eumenes-coronatus,14,20,2,17,10,609,1156
609,Garrha ocellifera,Arthropoda,Insecta,Lepidoptera,Oecophoridae,Garrha,Garrha-ocellifera-COI,Insecta/Lepidoptera/Oecophoridae/Garrha-ocellifera,13,16,2,17,11,610,1158
610,Anthonomus pedicularius,Arthropoda,Insecta,Coleoptera,Curculionidae,Anthonomus,Anthonomus-pedicularius-COI,Insecta/Coleoptera/Curculionidae/Anthonomus-pedicularius,14,15,2,20,12,611,1159
611,Cleora cinctaria,Arthropoda,Insecta,Lepidoptera,Geometridae,Cleora,Cleora-cinctaria-COI,Insecta/Lepidoptera/Geometridae/Cleora-cinctaria,20,24,3,39,29,612,1160
612,Macrophya varia,Arthropoda,Insecta,Hymenoptera,Tenthredinidae,Macrophya,Macrophya-varia-COI,Insecta/Hymenoptera/Tenthredinidae/Macrophya-varia,30,55,5,101,80,613,1162
613,Larinus turbinatus,Arthropoda,Insecta,Coleoptera,Curculionidae,Larinus,Larinus-turbinatus-COI,Insecta/Coleoptera/Curculionidae/Larinus-turbinatus,12,13,2,14,9,614,1163
614,Eudonia heterosalis,Arthropoda,Insecta,Lepidoptera,Crambidae,Eudonia,Eudonia-heterosalis-COI,Insecta/Lepidoptera/Crambidae/Eudonia-heterosalis,51,203,8,251,222,615,1165
615,Metarranthis angularia,Arthropoda,Insecta,Lepidoptera,Geometridae,Metarranthis,Metarranthis-angularia-COI,Insecta/Lepidoptera/Geometridae/Metarranthis-angularia,13,18,2,16,8,616,1167
616,Pachybela tetraspora,Arthropoda,Insecta,Lepidoptera,Oecophoridae,Pachybela,Pachybela-tetraspora-COI,Insecta/Lepidoptera/Oecophoridae/Pachybela-tetraspora,14,28,2,18,11,617,1168
617,Aphis impatientis,Arthropoda,Insecta,Hemiptera,Aphididae,Aphis,Aphis-impatientis-COI,Insecta/Hemiptera/Aphididae/Aphis-impatientis,13,19,2,18,12,618,1169
618,Marimatha nigrofimbria,Arthropoda,Insecta,Lepidoptera,Noctuidae,Marimatha,Marimatha-nigrofimbria-COI,Insecta/Lepidoptera/Noctuidae/Marimatha-nigrofimbria,45,81,7,195,172,619,1170
619,Micrurapteryx occulta,Arthropoda,Insecta,Lepidoptera,Gracillariidae,Micrurapteryx,Micrurapteryx-occulta-COI,Insecta/Lepidoptera/Gracillariidae/Micrurapteryx-occulta,45,82,7,216,185,620,1171
620,Virbia ferruginosa,Arthropoda,Insecta,Lepidoptera,Arctiidae,Virbia,Virbia-ferruginosa-COI,Insecta/Lepidoptera/Arctiidae/Virbia-ferruginosa,55,130,8,278,250,621,1173
621,Hippocampus trimaculatus,Chordata,Actinopterygii,Syngnathiformes,Syngnathidae,Hippocampus,Hippocampus-trimaculatus-COI,Actinopterygii/Syngnathiformes/Syngnathidae/Hippocampus-trimaculatus,27,107,4,77,61,622,1179
622,Crossocerus exiguus,Arthropoda,Insecta,Hymenoptera,Crabronidae,Crossocerus,Crossocerus-exiguus-COI,Insecta/Hymenoptera/Crabronidae/Crossocerus-exiguus,15,30,2,21,13,623,1181
623,Pelochrista agricolana,Arthropoda,Insecta,Lepidoptera,Tortricidae,Pelochrista,Pelochrista-agricolana-COI,Insecta/Lepidoptera/Tortricidae/Pelochrista-agricolana,16,39,2,19,14,624,1183
624,Lestes inaequalis,Arthropoda,Insecta,Odonata,Lestidae,Lestes,Lestes-inaequalis-COI,Insecta/Odonata/Lestidae/Lestes-inaequalis,12,18,2,17,10,625,1186
625,Blastobasis floridella,Arthropoda,Insecta,Lepidoptera,Blastobasidae,Blastobasis,Blastobasis-floridella-COI,Insecta/Lepidoptera/Blastobasidae/Blastobasis-floridella,19,25,3,35,25,626,1188
626,Montenegrina dofleini,Mollusca,Gastropoda,Stylommatophora,Clausiliidae,Montenegrina,Montenegrina-dofleini-COI,Gastropoda/Stylommatophora/Clausiliidae/Montenegrina-dofleini,21,52,3,35,25,627,1190
627,Evarcha falcata,Arthropoda,Arachnida,Araneae,Salticidae,Evarcha,Evarcha-falcata-COI,Arachnida/Araneae/Salticidae/Evarcha-falcata,20,29,3,36,25,628,1191
628,Chiasmia clathrata,Arthropoda,Insecta,Lepidoptera,Geometridae,Chiasmia,Chiasmia-clathrata-COI,Insecta/Lepidoptera/Geometridae/Chiasmia-clathrata,42,50,6,180,155,629,1192
629,Tricholochmaea cavicollis,Arthropoda,Insecta,Coleoptera,Chrysomelidae,Tricholochmaea,Tricholochmaea-cavicollis-COI,Insecta/Coleoptera/Chrysomelidae/Tricholochmaea-cavicollis,23,410,3,47,35,630,1193
630,Zophosis punctata,Arthropoda,Insecta,Coleoptera,Tenebrionidae,Zophosis,Zophosis-punctata-COI,Insecta/Coleoptera/Tenebrionidae/Zophosis-punctata,59,93,9,323,290,631,1200
631,Thomomys bottae,Chordata,Mammalia,Rodentia,Geomyidae,Thomomys,Thomomys-bottae-COI,Mammalia/Rodentia/Geomyidae/Thomomys-bottae,39,39,6,138,117,632,1204
632,Emertonella taczanowskii,Arthropoda,Arachnida,Araneae,Theridiidae,Emertonella,Emertonella-taczanowskii-COI,Arachnida/Araneae/Theridiidae/Emertonella-taczanowskii,12,15,2,17,8,633,1205
633,Metastatia pyrrhorhoea,Arthropoda,Insecta,Lepidoptera,Arctiidae,Metastatia,Metastatia-pyrrhorhoea-COI,Insecta/Lepidoptera/Arctiidae/Metastatia-pyrrhorhoea,13,56,2,17,10,634,1207
634,Craugastor crassidigitus,Chordata,Amphibia,Anura,Craugastoridae,Craugastor,Craugastor-crassidigitus-COI,Amphibia/Anura/Craugastoridae/Craugastor-crassidigitus,23,44,3,46,35,635,1208
635,Antaeotricha marmorea,Arthropoda,Insecta,Lepidoptera,Oecophoridae,Antaeotricha,Antaeotricha-marmorea-COI,Insecta/Lepidoptera/Oecophoridae/Antaeotricha-marmorea,49,150,7,228,199,636,1209
636,Pterostichus melanarius,Arthropoda,Insecta,Coleoptera,Carabidae,Pterostichus,Pterostichus-melanarius-COI,Insecta/Coleoptera/Carabidae/Pterostichus-melanarius,43,82,6,164,143,637,1211
637,Notoplusia marchiana,Arthropoda,Insecta,Lepidoptera,Notodontidae,Notoplusia,Notoplusia-marchiana-COI,Insecta/Lepidoptera/Notodontidae/Notoplusia-marchiana,31,48,5,97,80,638,1212
638,Noctua fimbriata,Arthropoda,Insecta,Lepidoptera,Noctuidae,Noctua,Noctua-fimbriata-COI,Insecta/Lepidoptera/Noctuidae/Noctua-fimbriata,47,65,7,216,187,639,1213
639,Hylaeus mesillae,Arthropoda,Insecta,Hymenoptera,Colletidae,Hylaeus,Hylaeus-mesillae-COI,Insecta/Hymenoptera/Colletidae/Hylaeus-mesillae,25,55,4,70,55,640,1215
640,Lycaena phlaeas,Arthropoda,Insecta,Lepidoptera,Lycaenidae,Lycaena,Lycaena-phlaeas-COI,Insecta/Lepidoptera/Lycaenidae/Lycaena-phlaeas,238,278,36,5634,5510,641,1216
641,Asota plaginota,Arthropoda,Insecta,Lepidoptera,Noctuidae,Asota,Asota-plaginota-COI,Insecta/Lepidoptera/Noctuidae/Asota-plaginota,22,30,3,42,31,642,1218
642,Gryllus veletis,Arthropoda,Insecta,Orthoptera,Gryllidae,Gryllus,Gryllus-veletis-COI,Insecta/Orthoptera/Gryllidae/Gryllus-veletis,26,44,4,65,52,643,1220
643,Limnephilus ademus,Arthropoda,Insecta,Trichoptera,Limnephilidae,Limnephilus,Limnephilus-ademus-COI,Insecta/Trichoptera/Limnephilidae/Limnephilus-ademus,17,27,3,34,23,644,1222
644,Udea rubigalis,Arthropoda,Insecta,Lepidoptera,Crambidae,Udea,Udea-rubigalis-COI,Insecta/Lepidoptera/Crambidae/Udea-rubigalis,48,136,7,219,191,645,1223
645,Wingia aurata,Arthropoda,Insecta,Lepidoptera,Oecophoridae,Wingia,Wingia-aurata-COI,Insecta/Lepidoptera/Oecophoridae/Wingia-aurata,20,44,3,41,29,646,1224
646,Melitaea varia,Arthropoda,Insecta,Lepidoptera,Nymphalidae,Melitaea,Melitaea-varia-COI,Insecta/Lepidoptera/Nymphalidae/Melitaea-varia,18,22,3,32,22,647,1226
647,Panzeria sulcocarina,Arthropoda,Insecta,Diptera,Tachinidae,Panzeria,Panzeria-sulcocarina-COI,Insecta/Diptera/Tachinidae/Panzeria-sulcocarina,12,19,2,17,10,648,1227
648,Synanthedon acerni,Arthropoda,Insecta,Lepidoptera,Sesiidae,Synanthedon,Synanthedon-acerni-COI,Insecta/Lepidoptera/Sesiidae/Synanthedon-acerni,21,45,3,43,31,649,1229
649,Parascotia fuliginaria,Arthropoda,Insecta,Lepidoptera,Erebidae,Parascotia,Parascotia-fuliginaria-COI,Insecta/Lepidoptera/Erebidae/Parascotia-fuliginaria,30,32,5,114,94,650,1230
650,Antanartia dimorphica,Arthropoda,Insecta,Lepidoptera,Nymphalidae,Antanartia,Antanartia-dimorphica-COI,Insecta/Lepidoptera/Nymphalidae/Antanartia-dimorphica,13,38,2,18,12,651,1231
651,Antherophagus pallens,Arthropoda,Insecta,Coleoptera,Cryptophagidae,Antherophagus,Antherophagus-pallens-COI,Insecta/Coleoptera/Cryptophagidae/Antherophagus-pallens,12,14,2,17,11,652,1233
652,Automeris zozine,Arthropoda,Insecta,Lepidoptera,Saturniidae,Automeris,Automeris-zozine-COI,Insecta/Lepidoptera/Saturniidae/Automeris-zozine,12,21,2,18,10,653,1236
653,Clubiona pacifica,Arthropoda,Arachnida,Araneae,Clubionidae,Clubiona,Clubiona-pacifica-COI,Arachnida/Araneae/Clubionidae/Clubiona-pacifica,13,21,2,17,10,654,1238
654,Technomyrmex vitiensis,Arthropoda,Insecta,Hymenoptera,Formicidae,Technomyrmex,Technomyrmex-vitiensis-COI,Insecta/Hymenoptera/Formicidae/Technomyrmex-vitiensis,17,30,3,35,23,655,1239
655,Drepane punctata,Chordata,Actinopterygii,Perciformes,Drepaneidae,Drepane,Drepane-punctata-COI,Actinopterygii/Perciformes/Drepaneidae/Drepane-punctata,12,17,2,16,9,656,1242
656,Syssphinx albolineata,Arthropoda,Insecta,Lepidoptera,Saturniidae,Syssphinx,Syssphinx-albolineata-COI,Insecta/Lepidoptera/Saturniidae/Syssphinx-albolineata,12,12,2,16,8,657,1244
657,Pero ancetaria,Arthropoda,Insecta,Lepidoptera,Geometridae,Pero,Pero-ancetaria-COI,Insecta/Lepidoptera/Geometridae/Pero-ancetaria,14,72,2,22,14,658,1246
658,Lates calcarifer,Chordata,Actinopterygii,Perciformes,Latidae,Lates,Lates-calcarifer-COI,Actinopterygii/Perciformes/Latidae/Lates-calcarifer,25,132,4,66,50,659,1247
659,Dorylomorpha borealis,Arthropoda,Insecta,Diptera,Pipunculidae,Dorylomorpha,Dorylomorpha-borealis-COI,Insecta/Diptera/Pipunculidae/Dorylomorpha-borealis,20,76,3,43,32,660,1248
660,Neogalea esula,Arthropoda,Insecta,Lepidoptera,Noctuidae,Neogalea,Neogalea-esula-COI,Insecta/Lepidoptera/Noctuidae/Neogalea-esula,13,24,2,17,11,661,1249
661,Olethreutes olivaceana,Arthropoda,Insecta,Lepidoptera,Tortricidae,Olethreutes,Olethreutes-olivaceana-COI,Insecta/Lepidoptera/Tortricidae/Olethreutes-olivaceana,15,37,2,20,14,662,1250
662,Ceraclea transversa,Arthropoda,Insecta,Trichoptera,Leptoceridae,Ceraclea,Ceraclea-transversa-COI,Insecta/Trichoptera/Leptoceridae/Ceraclea-transversa,30,53,5,104,84,663,1252
663,Dioryctria pseudotsugella,Arthropoda,Insecta,Lepidoptera,Pyralidae,Dioryctria,Dioryctria-pseudotsugella-COI,Insecta/Lepidoptera/Pyralidae/Dioryctria-pseudotsugella,22,73,3,44,34,664,1253
664,Littoraria subvittata,Mollusca,Gastropoda,Littorinimorpha,Littorinidae,Littoraria,Littoraria-subvittata-COI,Gastropoda/Littorinimorpha/Littorinidae/Littoraria-subvittata,23,484,3,46,35,665,1254
665,Longitarsus exsoletus,Arthropoda,Insecta,Coleoptera,Chrysomelidae,Longitarsus,Longitarsus-exsoletus-COI,Insecta/Coleoptera/Chrysomelidae/Longitarsus-exsoletus,18,31,3,32,23,666,1256
666,Prepona dexamenus,Arthropoda,Insecta,Lepidoptera,Nymphalidae,Prepona,Prepona-dexamenus-COI,Insecta/Lepidoptera/Nymphalidae/Prepona-dexamenus,14,22,2,21,13,667,1258
667,Harmothoe rarispina,Annelida,Polychaeta,Phyllodocida,Polynoidae,Harmothoe,Harmothoe-rarispina-COI,Polychaeta/Phyllodocida/Polynoidae/Harmothoe-rarispina,30,54,5,104,83,668,1259
668,Platynota flavedana,Arthropoda,Insecta,Lepidoptera,Tortricidae,Platynota,Platynota-flavedana-COI,Insecta/Lepidoptera/Tortricidae/Platynota-flavedana,12,20,2,16,10,669,1261
669,Colobura dirce,Arthropoda,Insecta,Lepidoptera,Nymphalidae,Colobura,Colobura-dirce-COI,Insecta/Lepidoptera/Nymphalidae/Colobura-dirce,44,60,7,191,164,670,1262
670,Bostrichus saxeseni,Arthropoda,Insecta,Coleoptera,Curculionidae,Bostrichus,Bostrichus-saxeseni-COI,Insecta/Coleoptera/Curculionidae/Bostrichus-saxeseni,31,160,5,107,87,671,1263
671,Tinca tinca,Chordata,Actinopterygii,Cypriniformes,Cyprinidae,Tinca,Tinca-tinca-COI,Actinopterygii/Cypriniformes/Cyprinidae/Tinca-tinca,38,72,6,166,143,672,1264
672,Antepione thisoaria,Arthropoda,Insecta,Lepidoptera,Geometridae,Antepione,Antepione-thisoaria-COI,Insecta/Lepidoptera/Geometridae/Antepione-thisoaria,16,25,2,23,15,673,1265
673,Hyles livornicoides,Arthropoda,Insecta,Lepidoptera,Sphingidae,Hyles,Hyles-livornicoides-COI,Insecta/Lepidoptera/Sphingidae/Hyles-livornicoides,21,50,3,39,28,674,1266
674,Gonioctena quinquepunctata,Arthropoda,Insecta,Coleoptera,Chrysomelidae,Gonioctena,Gonioctena-quinquepunctata-COI,Insecta/Coleoptera/Chrysomelidae/Gonioctena-quinquepunctata,16,18,2,25,18,675,1271
675,Amegilla calens,Arthropoda,Insecta,Hymenoptera,Apidae,Amegilla,Amegilla-calens-COI,Insecta/Hymenoptera/Apidae/Amegilla-calens,20,37,3,40,30,676,1272
676,Idaea ochrata,Arthropoda,Insecta,Lepidoptera,Geometridae,Idaea,Idaea-ochrata-COI,Insecta/Lepidoptera/Geometridae/Idaea-ochrata,19,24,3,41,30,677,1275
677,Rugilus rufipes,Arthropoda,Insecta,Coleoptera,Staphylinidae,Rugilus,Rugilus-rufipes-COI,Insecta/Coleoptera/Staphylinidae/Rugilus-rufipes,24,39,4,64,49,678,1277
678,Agriotes ustulatus,Arthropoda,Insecta,Coleoptera,Elateridae,Agriotes,Agriotes-ustulatus-COI,Insecta/Coleoptera/Elateridae/Agriotes-ustulatus,13,16,2,17,11,679,1278
679,Ancylis comptana,Arthropoda,Insecta,Lepidoptera,Tortricidae,Ancylis,Ancylis-comptana-COI,Insecta/Lepidoptera/Tortricidae/Ancylis-comptana,41,67,6,156,132,680,1280
680,Amphipholis squamata,Echinodermata,Ophiuroidea,Amphilepidida,Amphiuridae,Amphipholis,Amphipholis-squamata-COI,Ophiuroidea/Amphilepidida/Amphiuridae/Amphipholis-squamata,23,43,3,44,33,681,1283
681,Ptochostola microphaeellus,Arthropoda,Insecta,Lepidoptera,Crambidae,Ptochostola,Ptochostola-microphaeellus-COI,Insecta/Lepidoptera/Crambidae/Ptochostola-microphaeellus,21,64,3,42,31,682,1285
682,Ameletus inopinatus,Arthropoda,Insecta,Ephemeroptera,Ameletidae,Ameletus,Ameletus-inopinatus-COI,Insecta/Ephemeroptera/Ameletidae/Ameletus-inopinatus,24,41,4,65,49,683,1286
683,Cantharis livida,Arthropoda,Insecta,Coleoptera,Cantharidae,Cantharis,Cantharis-livida-COI,Insecta/Coleoptera/Cantharidae/Cantharis-livida,25,27,4,57,45,684,1289
684,Aedes communis,Arthropoda,Insecta,Diptera,Culicidae,Aedes,Aedes-communis-COI,Insecta/Diptera/Culicidae/Aedes-communis,205,1358,31,3878,3753,685,1290
685,Xylophanes chiron,Arthropoda,Insecta,Lepidoptera,Sphingidae,Xylophanes,Xylophanes-chiron-COI,Insecta/Lepidoptera/Sphingidae/Xylophanes-chiron,84,172,13,709,658,686,1291
686,Ectropis aganopa,Arthropoda,Insecta,Lepidoptera,Geometridae,Ectropis,Ectropis-aganopa-COI,Insecta/Lepidoptera/Geometridae/Ectropis-aganopa,18,48,3,36,24,687,1293
687,Erigone atra,Arthropoda,Arachnida,Araneae,Linyphiidae,Erigone,Erigone-atra-COI,Arachnida/Araneae/Linyphiidae/Erigone-atra,57,78,9,362,322,688,1294
688,Chaetodon capistratus,Chordata,Actinopterygii,Perciformes,Chaetodontidae,Chaetodon,Chaetodon-capistratus-COI,Actinopterygii/Perciformes/Chaetodontidae/Chaetodon-capistratus,13,25,2,18,11,689,1295
689,Euxoa tessellata,Arthropoda,Insecta,Lepidoptera,Noctuidae,Euxoa,Euxoa-tessellata-COI,Insecta/Lepidoptera/Noctuidae/Euxoa-tessellata,59,118,9,333,298,690,1300
690,Notemigonus crysoleucas,Chordata,Actinopterygii,Cypriniformes,Cyprinidae,Notemigonus,Notemigonus-crysoleucas-COI,Actinopterygii/Cypriniformes/Cyprinidae/Notemigonus-crysoleucas,29,321,4,76,62,691,1304
691,Tomosvaryella sylvatica,Arthropoda,Insecta,Diptera,Pipunculidae,Tomosvaryella,Tomosvaryella-sylvatica-COI,Insecta/Diptera/Pipunculidae/Tomosvaryella-sylvatica,13,104,2,16,10,692,1305
692,Leptosciarella grimmi,Arthropoda,Insecta,Diptera,Sciaridae,Leptosciarella,Leptosciarella-grimmi-COI,Insecta/Diptera/Sciaridae/Leptosciarella-grimmi,15,33,2,20,13,693,1306
693,Stomias boa,Chordata,Actinopterygii,Stomiiformes,Stomiidae,Stomias,Stomias-boa-COI,Actinopterygii/Stomiiformes/Stomiidae/Stomias-boa,20,23,3,43,30,694,1311
694,Ceraclea dissimilis,Arthropoda,Insecta,Trichoptera,Leptoceridae,Ceraclea,Ceraclea-dissimilis-COI,Insecta/Trichoptera/Leptoceridae/Ceraclea-dissimilis,20,28,3,40,29,695,1312
695,Boloria bellona,Arthropoda,Insecta,Lepidoptera,Nymphalidae,Boloria,Boloria-bellona-COI,Insecta/Lepidoptera/Nymphalidae/Boloria-bellona,14,17,2,16,9,696,1314
696,Ampelophaga rubiginosa,Arthropoda,Insecta,Lepidoptera,Sphingidae,Ampelophaga,Ampelophaga-rubiginosa-COI,Insecta/Lepidoptera/Sphingidae/Ampelophaga-rubiginosa,15,19,2,22,14,697,1315
697,Sigara decoratella,Arthropoda,Insecta,Hemiptera,Corixidae,Sigara,Sigara-decoratella-COI,Insecta/Hemiptera/Corixidae/Sigara-decoratella,13,20,2,19,12,698,1319
698,Epinephelus amblycephalus,Chordata,Actinopterygii,Perciformes,Serranidae,Epinephelus,Epinephelus-amblycephalus-COI,Actinopterygii/Perciformes/Serranidae/Epinephelus-amblycephalus,17,42,3,32,23,699,1321
699,Spelobia ochripes,Arthropoda,Insecta,Diptera,Sphaeroceridae,Spelobia,Spelobia-ochripes-COI,Insecta/Diptera/Sphaeroceridae/Spelobia-ochripes,69,186,10,488,446,700,1323
700,Melanolophia imitata,Arthropoda,Insecta,Lepidoptera,Geometridae,Melanolophia,Melanolophia-imitata-COI,Insecta/Lepidoptera/Geometridae/Melanolophia-imitata,38,139,6,143,122,701,1325
701,Phyllocnistis extrematrix,Arthropoda,Insecta,Lepidoptera,Gracillariidae,Phyllocnistis,Phyllocnistis-extrematrix-COI,Insecta/Lepidoptera/Gracillariidae/Phyllocnistis-extrematrix,12,17,2,17,9,702,1327
702,Caloptilia alchimiella,Arthropoda,Insecta,Lepidoptera,Gracillariidae,Caloptilia,Caloptilia-alchimiella-COI,Insecta/Lepidoptera/Gracillariidae/Caloptilia-alchimiella,46,55,7,222,194,703,1328
703,Didelphis marsupialis,Chordata,Mammalia,Didelphimorphia,Didelphidae,Didelphis,Didelphis-marsupialis-COI,Mammalia/Didelphimorphia/Didelphidae/Didelphis-marsupialis,23,36,3,45,32,704,1329
704,Phalaenophana pyramusalis,Arthropoda,Insecta,Lepidoptera,Erebidae,Phalaenophana,Phalaenophana-pyramusalis-COI,Insecta/Lepidoptera/Erebidae/Phalaenophana-pyramusalis,50,107,8,269,234,705,1330
705,Pardosa bucklei,Arthropoda,Arachnida,Araneae,Lycosidae,Pardosa,Pardosa-bucklei-COI,Arachnida/Araneae/Lycosidae/Pardosa-bucklei,13,29,2,15,10,706,1331
706,Eacles penelope,Arthropoda,Insecta,Lepidoptera,Saturniidae,Eacles,Eacles-penelope-COI,Insecta/Lepidoptera/Saturniidae/Eacles-penelope,14,21,2,18,11,707,1336
707,Baetisca laurentina,Arthropoda,Insecta,Ephemeroptera,Baetiscidae,Baetisca,Baetisca-laurentina-COI,Insecta/Ephemeroptera/Baetiscidae/Baetisca-laurentina,19,44,3,38,28,708,1337
708,Myripristis berndti,Chordata,Actinopterygii,Beryciformes,Holocentridae,Myripristis,Myripristis-berndti-COI,Actinopterygii/Beryciformes/Holocentridae/Myripristis-berndti,23,37,3,45,34,709,1340
709,Memphis moruus,Arthropoda,Insecta,Lepidoptera,Nymphalidae,Memphis,Memphis-moruus-COI,Insecta/Lepidoptera/Nymphalidae/Memphis-moruus,34,61,5,108,86,710,1341
710,Scopula confinaria,Arthropoda,Insecta,Lepidoptera,Geometridae,Scopula,Scopula-confinaria-COI,Insecta/Lepidoptera/Geometridae/Scopula-confinaria,13,14,2,15,10,711,1343
711,Quedius mesomelinus,Arthropoda,Insecta,Coleoptera,Staphylinidae,Quedius,Quedius-mesomelinus-COI,Insecta/Coleoptera/Staphylinidae/Quedius-mesomelinus,21,22,3,40,30,712,1345
712,Chorizagrotis auxiliaris,Arthropoda,Insecta,Lepidoptera,Noctuidae,Chorizagrotis,Chorizagrotis-auxiliaris-COI,Insecta/Lepidoptera/Noctuidae/Chorizagrotis-auxiliaris,37,92,6,137,115,713,1346
713,Ebenavia inunguis,Chordata,Reptilia,Squamata,Gekkonidae,Ebenavia,Ebenavia-inunguis-COI,Reptilia/Squamata/Gekkonidae/Ebenavia-inunguis,40,63,6,155,134,714,1347
714,Olibrus semistriatus,Arthropoda,Insecta,Coleoptera,Phalacridae,Olibrus,Olibrus-semistriatus-COI,Insecta/Coleoptera/Phalacridae/Olibrus-semistriatus,33,142,5,118,99,715,1348
715,Machimus sadyates,Arthropoda,Insecta,Diptera,Asilidae,Machimus,Machimus-sadyates-COI,Insecta/Diptera/Asilidae/Machimus-sadyates,28,46,4,69,53,716,1350
716,Aneugmenus padi,Arthropoda,Insecta,Hymenoptera,Tenthredinidae,Aneugmenus,Aneugmenus-padi-COI,Insecta/Hymenoptera/Tenthredinidae/Aneugmenus-padi,20,25,3,43,31,717,1354
717,Gramma loreto,Chordata,Actinopterygii,Perciformes,Grammatidae,Gramma,Gramma-loreto-COI,Actinopterygii/Perciformes/Grammatidae/Gramma-loreto,13,31,2,18,11,718,1357
718,Callionima denticulata,Arthropoda,Insecta,Lepidoptera,Sphingidae,Callionima,Callionima-denticulata-COI,Insecta/Lepidoptera/Sphingidae/Callionima-denticulata,35,65,5,114,96,719,1358
719,Campiglossa sororcula,Arthropoda,Insecta,Diptera,Tephritidae,Campiglossa,Campiglossa-sororcula-COI,Insecta/Diptera/Tephritidae/Campiglossa-sororcula,20,75,3,40,27,720,1359
720,Araneus iviei,Arthropoda,Arachnida,Araneae,Araneidae,Araneus,Araneus-iviei-COI,Arachnida/Araneae/Araneidae/Araneus-iviei,13,16,2,18,11,721,1360
721,Paracorymbia maculicornis,Arthropoda,Insecta,Coleoptera,Cerambycidae,Paracorymbia,Paracorymbia-maculicornis-COI,Insecta/Coleoptera/Cerambycidae/Paracorymbia-maculicornis,22,24,3,41,30,722,1361
722,Systomus sarana,Chordata,Actinopterygii,Cypriniformes,Cyprinidae,Systomus,Systomus-sarana-COI,Actinopterygii/Cypriniformes/Cyprinidae/Systomus-sarana,42,66,6,166,143,723,1362
723,Bradysia trivittata,Arthropoda,Insecta,Diptera,Sciaridae,Bradysia,Bradysia-trivittata-COI,Insecta/Diptera/Sciaridae/Bradysia-trivittata,176,1601,26,3098,2998,724,1364
724,Mamerthes nigrilinea,Arthropoda,Insecta,Lepidoptera,Noctuidae,Mamerthes,Mamerthes-nigrilinea-COI,Insecta/Lepidoptera/Noctuidae/Mamerthes-nigrilinea,13,20,2,18,11,725,1365
725,Scopula sentinaria,Arthropoda,Insecta,Lepidoptera,Geometridae,Scopula,Scopula-sentinaria-COI,Insecta/Lepidoptera/Geometridae/Scopula-sentinaria,17,19,3,32,21,726,1366
726,Philonthus flavibasis,Arthropoda,Insecta,Coleoptera,Staphylinidae,Philonthus,Philonthus-flavibasis-COI,Insecta/Coleoptera/Staphylinidae/Philonthus-flavibasis,22,25,3,44,32,727,1369
727,Upeneus sulphureus,Chordata,Actinopterygii,Perciformes,Mullidae,Upeneus,Upeneus-sulphureus-COI,Actinopterygii/Perciformes/Mullidae/Upeneus-sulphureus,22,44,3,45,33,728,1370
728,Tachysphex unicolor,Arthropoda,Insecta,Hymenoptera,Crabronidae,Tachysphex,Tachysphex-unicolor-COI,Insecta/Hymenoptera/Crabronidae/Tachysphex-unicolor,21,25,3,44,31,729,1371
729,Parides mylotes,Arthropoda,Insecta,Lepidoptera,Papilionidae,Parides,Parides-mylotes-COI,Insecta/Lepidoptera/Papilionidae/Parides-mylotes,14,54,2,16,11,730,1373
730,Delia platura,Arthropoda,Insecta,Diptera,Anthomyiidae,Delia,Delia-platura-COI,Insecta/Diptera/Anthomyiidae/Delia-platura,497,14344,75,26207,25919,731,1375
731,Clusiodes orbitalis,Arthropoda,Insecta,Diptera,Clusiidae,Clusiodes,Clusiodes-orbitalis-COI,Insecta/Diptera/Clusiidae/Clusiodes-orbitalis,25,62,4,65,51,732,1377
732,Quedius fuliginosus,Arthropoda,Insecta,Coleoptera,Staphylinidae,Quedius,Quedius-fuliginosus-COI,Insecta/Coleoptera/Staphylinidae/Quedius-fuliginosus,12,12,2,17,9,733,1379
733,Tachyporus abdominalis,Arthropoda,Insecta,Coleoptera,Staphylinidae,Tachyporus,Tachyporus-abdominalis-COI,Insecta/Coleoptera/Staphylinidae/Tachyporus-abdominalis,13,32,2,16,11,734,1380
734,Carcharodus floccifera,Arthropoda,Insecta,Lepidoptera,Hesperiidae,Carcharodus,Carcharodus-floccifera-COI,Insecta/Lepidoptera/Hesperiidae/Carcharodus-floccifera,62,73,9,347,315,735,1384
735,Smittia aterrima,Arthropoda,Insecta,Diptera,Chironomidae,Smittia,Smittia-aterrima-COI,Insecta/Diptera/Chironomidae/Smittia-aterrima,27,48,4,70,55,736,1385
736,Xanthorhoe montanata,Arthropoda,Insecta,Lepidoptera,Geometridae,Xanthorhoe,Xanthorhoe-montanata-COI,Insecta/Lepidoptera/Geometridae/Xanthorhoe-montanata,53,61,8,306,273,737,1388
737,Merodon equestris,Arthropoda,Insecta,Diptera,Syrphidae,Merodon,Merodon-equestris-COI,Insecta/Diptera/Syrphidae/Merodon-equestris,14,29,2,16,11,738,1390
738,Sparganothis sulfureana,Arthropoda,Insecta,Lepidoptera,Tortricidae,Sparganothis,Sparganothis-sulfureana-COI,Insecta/Lepidoptera/Tortricidae/Sparganothis-sulfureana,34,93,5,107,90,739,1391
739,Erebia pandrose,Arthropoda,Insecta,Lepidoptera,Nymphalidae,Erebia,Erebia-pandrose-COI,Insecta/Lepidoptera/Nymphalidae/Erebia-pandrose,50,57,8,265,238,740,1395
740,Bactrocera nigrotibialis,Arthropoda,Insecta,Diptera,Tephritidae,Bactrocera,Bactrocera-nigrotibialis-COI,Insecta/Diptera/Tephritidae/Bactrocera-nigrotibialis,34,70,5,120,101,741,1396
741,Mumetopia occipitalis,Arthropoda,Insecta,Diptera,Anthomyzidae,Mumetopia,Mumetopia-occipitalis-COI,Insecta/Diptera/Anthomyzidae/Mumetopia-occipitalis,33,92,5,120,97,742,1397
742,Myzodium modestum,Arthropoda,Insecta,Hemiptera,Aphididae,Myzodium,Myzodium-modestum-COI,Insecta/Hemiptera/Aphididae/Myzodium-modestum,36,48,5,115,99,743,1399
743,Entomognathus brevis,Arthropoda,Insecta,Hymenoptera,Crabronidae,Entomognathus,Entomognathus-brevis-COI,Insecta/Hymenoptera/Crabronidae/Entomognathus-brevis,23,45,3,48,34,744,1400
744,Gymnophora fastigiorum,Arthropoda,Insecta,Diptera,Phoridae,Gymnophora,Gymnophora-fastigiorum-COI,Insecta/Diptera/Phoridae/Gymnophora-fastigiorum,26,116,4,61,48,745,1401
745,Hipparchia fidia,Arthropoda,Insecta,Lepidoptera,Nymphalidae,Hipparchia,Hipparchia-fidia-COI,Insecta/Lepidoptera/Nymphalidae/Hipparchia-fidia,32,33,5,102,83,746,1406
746,Isophrictis striatella,Arthropoda,Insecta,Lepidoptera,Gelechiidae,Isophrictis,Isophrictis-striatella-COI,Insecta/Lepidoptera/Gelechiidae/Isophrictis-striatella,31,36,5,107,88,747,1407
747,Spodoptera litura,Arthropoda,Insecta,Lepidoptera,Noctuidae,Spodoptera,Spodoptera-litura-COI,Insecta/Lepidoptera/Noctuidae/Spodoptera-litura,75,145,11,540,495,748,1411
748,Trichophya pilicornis,Arthropoda,Insecta,Coleoptera,Staphylinidae,Trichophya,Trichophya-pilicornis-COI,Insecta/Coleoptera/Staphylinidae/Trichophya-pilicornis,17,22,3,34,23,749,1413
749,Crossocerus annulipes,Arthropoda,Insecta,Hymenoptera,Crabronidae,Crossocerus,Crossocerus-annulipes-COI,Insecta/Hymenoptera/Crabronidae/Crossocerus-annulipes,23,35,3,50,36,750,1414
750,Gaurotes cyanipennis,Arthropoda,Insecta,Coleoptera,Cerambycidae,Gaurotes,Gaurotes-cyanipennis-COI,Insecta/Coleoptera/Cerambycidae/Gaurotes-cyanipennis,14,92,2,18,12,751,1416
751,Anabolia brevipennis,Arthropoda,Insecta,Trichoptera,Limnephilidae,Anabolia,Anabolia-brevipennis-COI,Insecta/Trichoptera/Limnephilidae/Anabolia-brevipennis,16,20,2,21,14,752,1417
752,Corticea lysias,Arthropoda,Insecta,Lepidoptera,Hesperiidae,Corticea,Corticea-lysias-COI,Insecta/Lepidoptera/Hesperiidae/Corticea-lysias,24,63,4,66,50,753,1419
753,Mecynargus paetulus,Arthropoda,Arachnida,Araneae,Linyphiidae,Mecynargus,Mecynargus-paetulus-COI,Arachnida/Araneae/Linyphiidae/Mecynargus-paetulus,13,49,2,17,10,754,1421
754,Monochroa suffusella,Arthropoda,Insecta,Lepidoptera,Gelechiidae,Monochroa,Monochroa-suffusella-COI,Insecta/Lepidoptera/Gelechiidae/Monochroa-suffusella,16,17,2,22,14,755,1422
755,Schizura ipomoeae,Arthropoda,Insecta,Lepidoptera,Notodontidae,Schizura,Schizura-ipomoeae-COI,Insecta/Lepidoptera/Notodontidae/Schizura-ipomoeae,30,65,5,93,74,756,1423
756,Gasteruption assectator,Arthropoda,Insecta,Hymenoptera,Gasteruptiidae,Gasteruption,Gasteruption-assectator-COI,Insecta/Hymenoptera/Gasteruptiidae/Gasteruption-assectator,14,22,2,19,12,757,1428
757,Ocypus brunnipes,Arthropoda,Insecta,Coleoptera,Staphylinidae,Ocypus,Ocypus-brunnipes-COI,Insecta/Coleoptera/Staphylinidae/Ocypus-brunnipes,13,14,2,18,10,758,1431
758,Megaselia plebeia,Arthropoda,Insecta,Diptera,Phoridae,Megaselia,Megaselia-plebeia-COI,Insecta/Diptera/Phoridae/Megaselia-plebeia,30,72,5,96,78,759,1432
759,Athripsodes aterrimus,Arthropoda,Insecta,Trichoptera,Leptoceridae,Athripsodes,Athripsodes-aterrimus-COI,Insecta/Trichoptera/Leptoceridae/Athripsodes-aterrimus,25,28,4,60,46,760,1434
760,Lamprostola aglaope,Arthropoda,Insecta,Lepidoptera,Erebidae,Lamprostola,Lamprostola-aglaope-COI,Insecta/Lepidoptera/Erebidae/Lamprostola-aglaope,15,36,2,24,16,761,1438
761,Bombus rufocinctus,Arthropoda,Insecta,Hymenoptera,Apidae,Bombus,Bombus-rufocinctus-COI,Insecta/Hymenoptera/Apidae/Bombus-rufocinctus,35,86,5,116,97,762,1439
762,Cryptocephalus pusillus,Arthropoda,Insecta,Coleoptera,Chrysomelidae,Cryptocephalus,Cryptocephalus-pusillus-COI,Insecta/Coleoptera/Chrysomelidae/Cryptocephalus-pusillus,18,22,3,35,23,763,1440
763,Spodoptera androgea,Arthropoda,Insecta,Lepidoptera,Noctuidae,Spodoptera,Spodoptera-androgea-COI,Insecta/Lepidoptera/Noctuidae/Spodoptera-androgea,61,100,9,361,331,764,1442
764,Microcephalothrips abdominalis,Arthropoda,Insecta,Thysanoptera,Thripidae,Microcephalothrips,Microcephalothrips-abdominalis-COI,Insecta/Thysanoptera/Thripidae/Microcephalothrips-abdominalis,12,37,2,17,10,765,1443
765,Perimede erransella,Arthropoda,Insecta,Lepidoptera,Cosmopterigidae,Perimede,Perimede-erransella-COI,Insecta/Lepidoptera/Cosmopterigidae/Perimede-erransella,19,54,3,37,28,766,1445
766,Lepidostoma lydia,Arthropoda,Insecta,Trichoptera,Lepidostomatidae,Lepidostoma,Lepidostoma-lydia-COI,Insecta/Trichoptera/Lepidostomatidae/Lepidostoma-lydia,18,22,3,37,27,767,1446
767,Hemiceras indistans,Arthropoda,Insecta,Lepidoptera,Notodontidae,Hemiceras,Hemiceras-indistans-COI,Insecta/Lepidoptera/Notodontidae/Hemiceras-indistans,48,194,7,223,196,768,1448
768,Polix coloradella,Arthropoda,Insecta,Lepidoptera,Oecophoridae,Polix,Polix-coloradella-COI,Insecta/Lepidoptera/Oecophoridae/Polix-coloradella,28,98,4,77,62,769,1451
769,Hexagenia limbata,Arthropoda,Insecta,Ephemeroptera,Ephemeridae,Hexagenia,Hexagenia-limbata-COI,Insecta/Ephemeroptera/Ephemeridae/Hexagenia-limbata,49,159,7,228,203,770,1452
770,Aegla longirostri,Arthropoda,Malacostraca,Decapoda,Aeglidae,Aegla,Aegla-longirostri-COI,Malacostraca/Decapoda/Aeglidae/Aegla-longirostri,18,186,3,37,25,771,1454
771,Xanthorhoe iduata,Arthropoda,Insecta,Lepidoptera,Geometridae,Xanthorhoe,Xanthorhoe-iduata-COI,Insecta/Lepidoptera/Geometridae/Xanthorhoe-iduata,21,40,3,40,29,772,1456
772,Myurella affinis,Mollusca,Gastropoda,Neogastropoda,Terebridae,Myurella,Myurella-affinis-COI,Gastropoda/Neogastropoda/Terebridae/Myurella-affinis,24,48,4,61,45,773,1458
773,Epiperola vaferella,Arthropoda,Insecta,Lepidoptera,Limacodidae,Epiperola,Epiperola-vaferella-COI,Insecta/Lepidoptera/Limacodidae/Epiperola-vaferella,16,26,2,24,16,774,1459
774,Monostegia abdominalis,Arthropoda,Insecta,Hymenoptera,Tenthredinidae,Monostegia,Monostegia-abdominalis-COI,Insecta/Hymenoptera/Tenthredinidae/Monostegia-abdominalis,37,44,6,145,121,775,1462
775,Orthocladius oblidens,Arthropoda,Insecta,Diptera,Chironomidae,Orthocladius,Orthocladius-oblidens-COI,Insecta/Diptera/Chironomidae/Orthocladius-oblidens,29,273,4,73,60,776,1463
776,Agrochola lychnidis,Arthropoda,Insecta,Lepidoptera,Noctuidae,Agrochola,Agrochola-lychnidis-COI,Insecta/Lepidoptera/Noctuidae/Agrochola-lychnidis,16,16,2,20,14,777,1464
777,Diaphania plumbidorsalis,Arthropoda,Insecta,Lepidoptera,Crambidae,Diaphania,Diaphania-plumbidorsalis-COI,Insecta/Lepidoptera/Crambidae/Diaphania-plumbidorsalis,15,17,2,17,12,778,1467
778,Thanatophilus sinuatus,Arthropoda,Insecta,Coleoptera,Silphidae,Thanatophilus,Thanatophilus-sinuatus-COI,Insecta/Coleoptera/Silphidae/Thanatophilus-sinuatus,16,21,2,23,15,779,1469
779,Delias hyparete,Arthropoda,Insecta,Lepidoptera,Pieridae,Delias,Delias-hyparete-COI,Insecta/Lepidoptera/Pieridae/Delias-hyparete,12,41,2,16,9,780,1470
780,Antispila treitschkiella,Arthropoda,Insecta,Lepidoptera,Heliozelidae,Antispila,Antispila-treitschkiella-COI,Insecta/Lepidoptera/Heliozelidae/Antispila-treitschkiella,17,28,3,31,20,781,1475
781,Isodontia mexicana,Arthropoda,Insecta,Hymenoptera,Sphecidae,Isodontia,Isodontia-mexicana-COI,Insecta/Hymenoptera/Sphecidae/Isodontia-mexicana,17,31,3,34,23,782,1476
782,Cataclysta lemnata,Arthropoda,Insecta,Lepidoptera,Crambidae,Cataclysta,Cataclysta-lemnata-COI,Insecta/Lepidoptera/Crambidae/Cataclysta-lemnata,20,24,3,41,31,783,1478
783,Davara caricae,Arthropoda,Insecta,Lepidoptera,Pyralidae,Davara,Davara-caricae-COI,Insecta/Lepidoptera/Pyralidae/Davara-caricae,34,76,5,116,97,784,1479
784,Helobdella stagnalis,Annelida,Clitellata,Rhynchobdellida,Glossiphoniidae,Helobdella,Helobdella-stagnalis-COI,Clitellata/Rhynchobdellida/Glossiphoniidae/Helobdella-stagnalis,66,110,10,436,397,785,1481
785,Metzneria aestivella,Arthropoda,Insecta,Lepidoptera,Gelechiidae,Metzneria,Metzneria-aestivella-COI,Insecta/Lepidoptera/Gelechiidae/Metzneria-aestivella,12,16,2,18,11,786,1482
786,Metriocnemus intergerivus,Arthropoda,Insecta,Diptera,Chironomidae,Metriocnemus,Metriocnemus-intergerivus-COI,Insecta/Diptera/Chironomidae/Metriocnemus-intergerivus,35,78,5,115,95,787,1487
787,Diaphora mendica,Arthropoda,Insecta,Lepidoptera,Erebidae,Diaphora,Diaphora-mendica-COI,Insecta/Lepidoptera/Erebidae/Diaphora-mendica,28,30,4,78,60,788,1488
788,Idaea halmaea,Arthropoda,Insecta,Lepidoptera,Geometridae,Idaea,Idaea-halmaea-COI,Insecta/Lepidoptera/Geometridae/Idaea-halmaea,12,20,2,15,9,789,1489
789,Carcharodus lavatherae,Arthropoda,Insecta,Lepidoptera,Hesperiidae,Carcharodus,Carcharodus-lavatherae-COI,Insecta/Lepidoptera/Hesperiidae/Carcharodus-lavatherae,33,37,5,106,89,790,1490
790,Spargania luctuata,Arthropoda,Insecta,Lepidoptera,Geometridae,Spargania,Spargania-luctuata-COI,Insecta/Lepidoptera/Geometridae/Spargania-luctuata,62,186,9,371,336,791,1491
791,Calanus glacialis,Arthropoda,Hexanauplia,Calanoida,Calanidae,Calanus,Calanus-glacialis-COI,Hexanauplia/Calanoida/Calanidae/Calanus-glacialis,45,1005,7,210,184,792,1494
792,Olethreutes astrologana,Arthropoda,Insecta,Lepidoptera,Tortricidae,Olethreutes,Olethreutes-astrologana-COI,Insecta/Lepidoptera/Tortricidae/Olethreutes-astrologana,18,40,3,33,24,793,1495
793,Durrantia pugnax,Arthropoda,Insecta,Lepidoptera,Depressariidae,Durrantia,Durrantia-pugnax-COI,Insecta/Lepidoptera/Depressariidae/Durrantia-pugnax,34,54,5,118,98,794,1496
794,Macaria adonis,Arthropoda,Insecta,Lepidoptera,Geometridae,Macaria,Macaria-adonis-COI,Insecta/Lepidoptera/Geometridae/Macaria-adonis,13,26,2,20,12,795,1498
795,Metaphycus lounsburyi,Arthropoda,Insecta,Hymenoptera,Encyrtidae,Metaphycus,Metaphycus-lounsburyi-COI,Insecta/Hymenoptera/Encyrtidae/Metaphycus-lounsburyi,17,32,3,32,22,796,1499
796,Chionodes obscurusella,Arthropoda,Insecta,Lepidoptera,Gelechiidae,Chionodes,Chionodes-obscurusella-COI,Insecta/Lepidoptera/Gelechiidae/Chionodes-obscurusella,44,121,7,201,175,797,1501
797,Platypalpus pulicarius,Arthropoda,Insecta,Diptera,Hybotidae,Platypalpus,Platypalpus-pulicarius-COI,Insecta/Diptera/Hybotidae/Platypalpus-pulicarius,24,187,4,65,51,798,1502
798,Mystus bleekeri,Chordata,Actinopterygii,Siluriformes,Bagridae,Mystus,Mystus-bleekeri-COI,Actinopterygii/Siluriformes/Bagridae/Mystus-bleekeri,25,39,4,68,52,799,1506
799,Euplocia membliaria,Arthropoda,Insecta,Lepidoptera,Noctuidae,Euplocia,Euplocia-membliaria-COI,Insecta/Lepidoptera/Noctuidae/Euplocia-membliaria,24,38,4,61,48,800,1507
800,Cryodraco antarcticus,Chordata,Actinopterygii,Perciformes,Channichthyidae,Cryodraco,Cryodraco-antarcticus-COI,Actinopterygii/Perciformes/Channichthyidae/Cryodraco-antarcticus,17,28,3,30,20,801,1511
801,Pyrrhosoma nymphula,Arthropoda,Insecta,Odonata,Coenagrionidae,Pyrrhosoma,Pyrrhosoma-nymphula-COI,Insecta/Odonata/Coenagrionidae/Pyrrhosoma-nymphula,18,21,3,38,25,802,1515
802,Prionocera dimidiata,Arthropoda,Insecta,Diptera,Tipulidae,Prionocera,Prionocera-dimidiata-COI,Insecta/Diptera/Tipulidae/Prionocera-dimidiata,16,35,2,24,16,803,1516
803,Herpetogramma phaeopteralis,Arthropoda,Insecta,Lepidoptera,Crambidae,Herpetogramma,Herpetogramma-phaeopteralis-COI,Insecta/Lepidoptera/Crambidae/Herpetogramma-phaeopteralis,63,264,9,374,342,804,1518
804,Lithobates clamitans,Chordata,Amphibia,Anura,Ranidae,Lithobates,Lithobates-clamitans-COI,Amphibia/Anura/Ranidae/Lithobates-clamitans,25,51,4,63,50,805,1519
805,Charaxes xiphares,Arthropoda,Insecta,Lepidoptera,Nymphalidae,Charaxes,Charaxes-xiphares-COI,Insecta/Lepidoptera/Nymphalidae/Charaxes-xiphares,13,17,2,16,11,806,1524
806,Grammotaulius interrogationis,Arthropoda,Insecta,Trichoptera,Limnephilidae,Grammotaulius,Grammotaulius-interrogationis-COI,Insecta/Trichoptera/Limnephilidae/Grammotaulius-interrogationis,40,173,6,158,136,807,1525
807,Macrocera parva,Arthropoda,Insecta,Diptera,Keroplatidae,Macrocera,Macrocera-parva-COI,Insecta/Diptera/Keroplatidae/Macrocera-parva,13,16,2,20,12,808,1526
808,Leucochimona molina,Arthropoda,Insecta,Lepidoptera,Lycaenidae,Leucochimona,Leucochimona-molina-COI,Insecta/Lepidoptera/Lycaenidae/Leucochimona-molina,16,36,2,22,15,809,1528
809,Phyllodesma ilicifolia,Arthropoda,Insecta,Lepidoptera,Lasiocampidae,Phyllodesma,Phyllodesma-ilicifolia-COI,Insecta/Lepidoptera/Lasiocampidae/Phyllodesma-ilicifolia,13,14,2,17,11,810,1530
810,Ceriagrion coromandelianum,Arthropoda,Insecta,Odonata,Coenagrionidae,Ceriagrion,Ceriagrion-coromandelianum-COI,Insecta/Odonata/Coenagrionidae/Ceriagrion-coromandelianum,19,24,3,40,29,811,1531
811,Hahnia cinerea,Arthropoda,Arachnida,Araneae,Hahniidae,Hahnia,Hahnia-cinerea-COI,Arachnida/Araneae/Hahniidae/Hahnia-cinerea,13,31,2,16,10,812,1532
812,Attagenus pellio,Arthropoda,Insecta,Coleoptera,Dermestidae,Attagenus,Attagenus-pellio-COI,Insecta/Coleoptera/Dermestidae/Attagenus-pellio,13,14,2,18,11,813,1535
813,Banasa calva,Arthropoda,Insecta,Hemiptera,Pentatomidae,Banasa,Banasa-calva-COI,Insecta/Hemiptera/Pentatomidae/Banasa-calva,16,40,2,25,16,814,1539
814,Tetramorium bessonii,Arthropoda,Insecta,Hymenoptera,Formicidae,Tetramorium,Tetramorium-bessonii-COI,Insecta/Hymenoptera/Formicidae/Tetramorium-bessonii,20,25,3,44,32,815,1540
815,Polia nebulosa,Arthropoda,Insecta,Lepidoptera,Noctuidae,Polia,Polia-nebulosa-COI,Insecta/Lepidoptera/Noctuidae/Polia-nebulosa,28,33,4,76,62,816,1543
816,Anaphes fuscipennis,Arthropoda,Insecta,Hymenoptera,Mymaridae,Anaphes,Anaphes-fuscipennis-COI,Insecta/Hymenoptera/Mymaridae/Anaphes-fuscipennis,25,46,4,72,56,817,1545
817,Fannia spathiophora,Arthropoda,Insecta,Diptera,Fanniidae,Fannia,Fannia-spathiophora-COI,Insecta/Diptera/Fanniidae/Fannia-spathiophora,41,1438,6,154,134,818,1547
818,Dasyphora canadiana,Arthropoda,Insecta,Diptera,Muscidae,Dasyphora,Dasyphora-canadiana-COI,Insecta/Diptera/Muscidae/Dasyphora-canadiana,14,33,2,19,12,819,1548
819,Corynotricha antipodella,Arthropoda,Insecta,Lepidoptera,Oecophoridae,Corynotricha,Corynotricha-antipodella-COI,Insecta/Lepidoptera/Oecophoridae/Corynotricha-antipodella,16,20,2,22,15,820,1549
820,Phyllonorycter geniculella,Arthropoda,Insecta,Lepidoptera,Gracillariidae,Phyllonorycter,Phyllonorycter-geniculella-COI,Insecta/Lepidoptera/Gracillariidae/Phyllonorycter-geniculella,18,19,3,41,29,821,1550
821,Eusceptis obscura,Arthropoda,Insecta,Lepidoptera,Noctuidae,Eusceptis,Eusceptis-obscura-COI,Insecta/Lepidoptera/Noctuidae/Eusceptis-obscura,12,34,2,19,11,822,1552
822,Kleidotoma tetratoma,Arthropoda,Insecta,Hymenoptera,Figitidae,Kleidotoma,Kleidotoma-tetratoma-COI,Insecta/Hymenoptera/Figitidae/Kleidotoma-tetratoma,13,27,2,17,9,823,1553
823,Forcipomyia titillans,Arthropoda,Insecta,Diptera,Ceratopogonidae,Forcipomyia,Forcipomyia-titillans-COI,Insecta/Diptera/Ceratopogonidae/Forcipomyia-titillans,84,1018,13,736,680,824,1554
824,Oxybelus haemorrhoidalis,Arthropoda,Insecta,Hymenoptera,Crabronidae,Oxybelus,Oxybelus-haemorrhoidalis-COI,Insecta/Hymenoptera/Crabronidae/Oxybelus-haemorrhoidalis,13,15,2,18,9,825,1555
825,Parasa macrodonta,Arthropoda,Insecta,Lepidoptera,Limacodidae,Parasa,Parasa-macrodonta-COI,Insecta/Lepidoptera/Limacodidae/Parasa-macrodonta,49,80,7,226,199,826,1557
826,Pachycondyla lineaticeps,Arthropoda,Insecta,Hymenoptera,Formicidae,Pachycondyla,Pachycondyla-lineaticeps-COI,Insecta/Hymenoptera/Formicidae/Pachycondyla-lineaticeps,20,50,3,39,29,827,1558
827,Lirimiris lignitecta,Arthropoda,Insecta,Lepidoptera,Notodontidae,Lirimiris,Lirimiris-lignitecta-COI,Insecta/Lepidoptera/Notodontidae/Lirimiris-lignitecta,57,92,9,330,299,828,1559
828,Amara plebeja,Arthropoda,Insecta,Coleoptera,Carabidae,Amara,Amara-plebeja-COI,Insecta/Coleoptera/Carabidae/Amara-plebeja,27,35,4,66,53,829,1563
829,Phocides metrodorus,Arthropoda,Insecta,Lepidoptera,Hesperiidae,Phocides,Phocides-metrodorus-COI,Insecta/Lepidoptera/Hesperiidae/Phocides-metrodorus,29,51,4,74,59,830,1565
830,Psychophasma erosa,Arthropoda,Insecta,Lepidoptera,Arctiidae,Psychophasma,Psychophasma-erosa-COI,Insecta/Lepidoptera/Arctiidae/Psychophasma-erosa,13,14,2,21,13,831,1567
831,Cubocephalus insidiator,Arthropoda,Insecta,Hymenoptera,Ichneumonidae,Cubocephalus,Cubocephalus-insidiator-COI,Insecta/Hymenoptera/Ichneumonidae/Cubocephalus-insidiator,12,12,2,16,9,832,1569
832,Yponomeuta cagnagella,Arthropoda,Insecta,Lepidoptera,Yponomeutidae,Yponomeuta,Yponomeuta-cagnagella-COI,Insecta/Lepidoptera/Yponomeutidae/Yponomeuta-cagnagella,26,42,4,62,50,833,1570
833,Clarias gariepinus,Chordata,Actinopterygii,Siluriformes,Clariidae,Clarias,Clarias-gariepinus-COI,Actinopterygii/Siluriformes/Clariidae/Clarias-gariepinus,19,30,3,36,26,834,1572
834,Pericyma atrifusa,Arthropoda,Insecta,Lepidoptera,Erebidae,Pericyma,Pericyma-atrifusa-COI,Insecta/Lepidoptera/Erebidae/Pericyma-atrifusa,13,36,2,16,11,835,1573
835,Acronicta hasta,Arthropoda,Insecta,Lepidoptera,Noctuidae,Acronicta,Acronicta-hasta-COI,Insecta/Lepidoptera/Noctuidae/Acronicta-hasta,41,65,6,163,141,836,1574
836,Bathygobius lacertus,Chordata,Actinopterygii,Perciformes,Gobiidae,Bathygobius,Bathygobius-lacertus-COI,Actinopterygii/Perciformes/Gobiidae/Bathygobius-lacertus,15,33,2,18,11,837,1576
837,Linyphia hortensis,Arthropoda,Arachnida,Araneae,Linyphiidae,Linyphia,Linyphia-hortensis-COI,Arachnida/Araneae/Linyphiidae/Linyphia-hortensis,17,18,3,33,22,838,1578
838,Didymoctenia exsuperata,Arthropoda,Insecta,Lepidoptera,Geometridae,Didymoctenia,Didymoctenia-exsuperata-COI,Insecta/Lepidoptera/Geometridae/Didymoctenia-exsuperata,17,64,3,34,25,839,1580
839,Perola clara,Arthropoda,Insecta,Lepidoptera,Limacodidae,Perola,Perola-clara-COI,Insecta/Lepidoptera/Limacodidae/Perola-clara,16,34,2,22,15,840,1581
840,Chaoborus flavicans,Arthropoda,Insecta,Diptera,Chaoboridae,Chaoborus,Chaoborus-flavicans-COI,Insecta/Diptera/Chaoboridae/Chaoborus-flavicans,25,43,4,67,52,841,1586
841,Mecaphesa asperata,Arthropoda,Arachnida,Araneae,Thomisidae,Mecaphesa,Mecaphesa-asperata-COI,Arachnida/Araneae/Thomisidae/Mecaphesa-asperata,59,158,9,366,332,842,1592
842,Mytilus californianus,Mollusca,Bivalvia,Mytilida,Mytilidae,Mytilus,Mytilus-californianus-COI,Bivalvia/Mytilida/Mytilidae/Mytilus-californianus,17,79,3,31,22,843,1595
843,Diarsia rubi,Arthropoda,Insecta,Lepidoptera,Noctuidae,Diarsia,Diarsia-rubi-COI,Insecta/Lepidoptera/Noctuidae/Diarsia-rubi,47,60,7,218,192,844,1596
844,Mythimna impura,Arthropoda,Insecta,Lepidoptera,Noctuidae,Mythimna,Mythimna-impura-COI,Insecta/Lepidoptera/Noctuidae/Mythimna-impura,36,46,5,129,107,845,1598
845,Haplotinea insectella,Arthropoda,Insecta,Lepidoptera,Tineidae,Haplotinea,Haplotinea-insectella-COI,Insecta/Lepidoptera/Tineidae/Haplotinea-insectella,16,18,2,20,13,846,1599
846,Catocala nymphagoga,Arthropoda,Insecta,Lepidoptera,Erebidae,Catocala,Catocala-nymphagoga-COI,Insecta/Lepidoptera/Erebidae/Catocala-nymphagoga,12,42,2,14,8,847,1600
847,Orthopodomyia signifera,Arthropoda,Insecta,Diptera,Culicidae,Orthopodomyia,Orthopodomyia-signifera-COI,Insecta/Diptera/Culicidae/Orthopodomyia-signifera,17,24,3,34,20,848,1604
848,Nematus incompletus,Arthropoda,Insecta,Hymenoptera,Tenthredinidae,Nematus,Nematus-incompletus-COI,Insecta/Hymenoptera/Tenthredinidae/Nematus-incompletus,13,21,2,18,11,849,1605
849,Athalia lugens,Arthropoda,Insecta,Hymenoptera,Tenthredinidae,Athalia,Athalia-lugens-COI,Insecta/Hymenoptera/Tenthredinidae/Athalia-lugens,18,20,3,39,26,850,1607
850,Anthrenus fuscus,Arthropoda,Insecta,Coleoptera,Dermestidae,Anthrenus,Anthrenus-fuscus-COI,Insecta/Coleoptera/Dermestidae/Anthrenus-fuscus,17,19,3,34,24,851,1609
851,Xysticus durus,Arthropoda,Arachnida,Araneae,Thomisidae,Xysticus,Xysticus-durus-COI,Arachnida/Araneae/Thomisidae/Xysticus-durus,20,53,3,36,26,852,1610
852,Ourapteryx sambucaria,Arthropoda,Insecta,Lepidoptera,Geometridae,Ourapteryx,Ourapteryx-sambucaria-COI,Insecta/Lepidoptera/Geometridae/Ourapteryx-sambucaria,29,32,4,80,64,853,1612
853,Scieropepla rimata,Arthropoda,Insecta,Lepidoptera,Oecophoridae,Scieropepla,Scieropepla-rimata-COI,Insecta/Lepidoptera/Oecophoridae/Scieropepla-rimata,12,13,2,17,10,854,1613
854,Saurita tipulina,Arthropoda,Insecta,Lepidoptera,Arctiidae,Saurita,Saurita-tipulina-COI,Insecta/Lepidoptera/Arctiidae/Saurita-tipulina,12,32,2,15,9,855,1614
855,Caryocolum alsinella,Arthropoda,Insecta,Lepidoptera,Gelechiidae,Caryocolum,Caryocolum-alsinella-COI,Insecta/Lepidoptera/Gelechiidae/Caryocolum-alsinella,19,22,3,37,27,856,1615
856,Ipanica cornigera,Arthropoda,Insecta,Lepidoptera,Noctuidae,Ipanica,Ipanica-cornigera-COI,Insecta/Lepidoptera/Noctuidae/Ipanica-cornigera,12,16,2,17,9,857,1616
857,Polites themistocles,Arthropoda,Insecta,Lepidoptera,Hesperiidae,Polites,Polites-themistocles-COI,Insecta/Lepidoptera/Hesperiidae/Polites-themistocles,37,52,6,134,114,858,1619
858,Bathyphantes nigrinus,Arthropoda,Arachnida,Araneae,Linyphiidae,Bathyphantes,Bathyphantes-nigrinus-COI,Arachnida/Araneae/Linyphiidae/Bathyphantes-nigrinus,17,21,3,30,20,859,1620
859,Cionus hortulanus,Arthropoda,Insecta,Coleoptera,Curculionidae,Cionus,Cionus-hortulanus-COI,Insecta/Coleoptera/Curculionidae/Cionus-hortulanus,12,15,2,15,10,860,1622
860,Hexagrammos decagrammus,Chordata,Actinopterygii,Scorpaeniformes,Hexagrammidae,Hexagrammos,Hexagrammos-decagrammus-COI,Actinopterygii/Scorpaeniformes/Hexagrammidae/Hexagrammos-decagrammus,14,24,2,17,11,861,1624
861,Apamea ophiogramma,Arthropoda,Insecta,Lepidoptera,Noctuidae,Apamea,Apamea-ophiogramma-COI,Insecta/Lepidoptera/Noctuidae/Apamea-ophiogramma,18,40,3,34,23,862,1625
862,Valenzuela piceus,Arthropoda,Insecta,Psocodea,Caeciliusidae,Valenzuela,Valenzuela-piceus-COI,Insecta/Psocodea/Caeciliusidae/Valenzuela-piceus,34,174,5,122,101,863,1629
863,Magelona alleni,Annelida,Polychaeta,Spionida,Magelonidae,Magelona,Magelona-alleni-COI,Polychaeta/Spionida/Magelonidae/Magelona-alleni,12,14,2,16,9,864,1631
864,Vespula pensylvanica,Arthropoda,Insecta,Hymenoptera,Vespidae,Vespula,Vespula-pensylvanica-COI,Insecta/Hymenoptera/Vespidae/Vespula-pensylvanica,30,61,5,94,79,865,1632
865,Saliana fusta,Arthropoda,Insecta,Lepidoptera,Hesperiidae,Saliana,Saliana-fusta-COI,Insecta/Lepidoptera/Hesperiidae/Saliana-fusta,33,118,5,102,86,866,1633
866,Melanterius acaciae,Arthropoda,Insecta,Coleoptera,Curculionidae,Melanterius,Melanterius-acaciae-COI,Insecta/Coleoptera/Curculionidae/Melanterius-acaciae,25,41,4,60,47,867,1635
867,Symplecta hybrida,Arthropoda,Insecta,Diptera,Limoniidae,Symplecta,Symplecta-hybrida-COI,Insecta/Diptera/Limoniidae/Symplecta-hybrida,12,16,2,17,10,868,1636
868,Pycnopsyche scabripennis,Arthropoda,Insecta,Trichoptera,Limnephilidae,Pycnopsyche,Pycnopsyche-scabripennis-COI,Insecta/Trichoptera/Limnephilidae/Pycnopsyche-scabripennis,17,20,3,33,23,869,1637
869,Melieria cana,Arthropoda,Insecta,Diptera,Ulidiidae,Melieria,Melieria-cana-COI,Insecta/Diptera/Ulidiidae/Melieria-cana,14,28,2,20,12,870,1638
870,Megaselia eccoptomera,Arthropoda,Insecta,Diptera,Phoridae,Megaselia,Megaselia-eccoptomera-COI,Insecta/Diptera/Phoridae/Megaselia-eccoptomera,83,609,12,658,600,871,1639
871,Syngamilyta samarialis,Arthropoda,Insecta,Lepidoptera,Crambidae,Syngamilyta,Syngamilyta-samarialis-COI,Insecta/Lepidoptera/Crambidae/Syngamilyta-samarialis,19,50,3,38,26,872,1642
872,Baileya doubledayi,Arthropoda,Insecta,Lepidoptera,Nolidae,Baileya,Baileya-doubledayi-COI,Insecta/Lepidoptera/Nolidae/Baileya-doubledayi,13,16,2,20,12,873,1643
873,Cosmosoma teuthras,Arthropoda,Insecta,Lepidoptera,Arctiidae,Cosmosoma,Cosmosoma-teuthras-COI,Insecta/Lepidoptera/Arctiidae/Cosmosoma-teuthras,13,22,2,17,10,874,1644
874,Pethia conchonius,Chordata,Actinopterygii,Cypriniformes,Cyprinidae,Pethia,Pethia-conchonius-COI,Actinopterygii/Cypriniformes/Cyprinidae/Pethia-conchonius,25,36,4,68,54,875,1649
875,Selatosomus pulcher,Arthropoda,Insecta,Coleoptera,Elateridae,Selatosomus,Selatosomus-pulcher-COI,Insecta/Coleoptera/Elateridae/Selatosomus-pulcher,13,121,2,17,11,876,1650
876,Asturodes bioalfae,Arthropoda,Insecta,Lepidoptera,Crambidae,Asturodes,Asturodes-bioalfae-COI,Insecta/Lepidoptera/Crambidae/Asturodes-bioalfae,27,59,4,71,57,877,1652
877,Cantharis pellucida,Arthropoda,Insecta,Coleoptera,Cantharidae,Cantharis,Cantharis-pellucida-COI,Insecta/Coleoptera/Cantharidae/Cantharis-pellucida,26,27,4,61,47,878,1655
878,Branchiura sowerbyi,Annelida,Clitellata,Haplotaxida,Naididae,Branchiura,Branchiura-sowerbyi-COI,Clitellata/Haplotaxida/Naididae/Branchiura-sowerbyi,12,35,2,16,9,879,1657
879,Pyrausta volupialis,Arthropoda,Insecta,Lepidoptera,Crambidae,Pyrausta,Pyrausta-volupialis-COI,Insecta/Lepidoptera/Crambidae/Pyrausta-volupialis,16,25,2,22,15,880,1659
880,Nicrophorus vespilloides,Arthropoda,Insecta,Coleoptera,Silphidae,Nicrophorus,Nicrophorus-vespilloides-COI,Insecta/Coleoptera/Silphidae/Nicrophorus-vespilloides,24,26,4,67,54,881,1660
881,Phaonia soccata,Arthropoda,Insecta,Diptera,Muscidae,Phaonia,Phaonia-soccata-COI,Insecta/Diptera/Muscidae/Phaonia-soccata,17,41,3,35,23,882,1662
882,Orthocentrus winnertzii,Arthropoda,Insecta,Hymenoptera,Ichneumonidae,Orthocentrus,Orthocentrus-winnertzii-COI,Insecta/Hymenoptera/Ichneumonidae/Orthocentrus-winnertzii,12,20,2,15,9,883,1663
883,Limotettix dasidus,Arthropoda,Insecta,Hemiptera,Cicadellidae,Limotettix,Limotettix-dasidus-COI,Insecta/Hemiptera/Cicadellidae/Limotettix-dasidus,13,50,2,19,11,884,1665
884,Pristiphora melanocarpa,Arthropoda,Insecta,Hymenoptera,Tenthredinidae,Pristiphora,Pristiphora-melanocarpa-COI,Insecta/Hymenoptera/Tenthredinidae/Pristiphora-melanocarpa,53,70,8,274,244,885,1667
885,Callibaetis ferrugineus,Arthropoda,Insecta,Ephemeroptera,Baetidae,Callibaetis,Callibaetis-ferrugineus-COI,Insecta/Ephemeroptera/Baetidae/Callibaetis-ferrugineus,59,154,9,374,340,886,1669
886,Hylaeus brevicornis,Arthropoda,Insecta,Hymenoptera,Colletidae,Hylaeus,Hylaeus-brevicornis-COI,Insecta/Hymenoptera/Colletidae/Hylaeus-brevicornis,18,25,3,36,24,887,1670
887,Conioscinella triorbiculata,Arthropoda,Insecta,Diptera,Chloropidae,Conioscinella,Conioscinella-triorbiculata-COI,Insecta/Diptera/Chloropidae/Conioscinella-triorbiculata,55,448,8,309,275,888,1671
888,Sciara hebes,Arthropoda,Insecta,Diptera,Sciaridae,Sciara,Sciara-hebes-COI,Insecta/Diptera/Sciaridae/Sciara-hebes,26,452,4,67,54,889,1672
889,Zenophleps alpinata,Arthropoda,Insecta,Lepidoptera,Geometridae,Zenophleps,Zenophleps-alpinata-COI,Insecta/Lepidoptera/Geometridae/Zenophleps-alpinata,18,28,3,35,24,890,1675
890,Nystalea jeremyhancei,Arthropoda,Insecta,Lepidoptera,Notodontidae,Nystalea,Nystalea-jeremyhancei-COI,Insecta/Lepidoptera/Notodontidae/Nystalea-jeremyhancei,17,22,3,32,23,891,1676
891,Catocala blandula,Arthropoda,Insecta,Lepidoptera,Erebidae,Catocala,Catocala-blandula-COI,Insecta/Lepidoptera/Erebidae/Catocala-blandula,17,30,3,31,22,892,1677
892,Hylesia continua,Arthropoda,Insecta,Lepidoptera,Saturniidae,Hylesia,Hylesia-continua-COI,Insecta/Lepidoptera/Saturniidae/Hylesia-continua,86,239,13,727,674,893,1678
893,Hednota grammellus,Arthropoda,Insecta,Lepidoptera,Crambidae,Hednota,Hednota-grammellus-COI,Insecta/Lepidoptera/Crambidae/Hednota-grammellus,12,16,2,16,9,894,1679
894,Calomicrus circumfusus,Arthropoda,Insecta,Coleoptera,Chrysomelidae,Calomicrus,Calomicrus-circumfusus-COI,Insecta/Coleoptera/Chrysomelidae/Calomicrus-circumfusus,17,23,3,31,22,895,1680
895,Mythimna separata,Arthropoda,Insecta,Lepidoptera,Noctuidae,Mythimna,Mythimna-separata-COI,Insecta/Lepidoptera/Noctuidae/Mythimna-separata,34,81,5,118,98,896,1686
896,Hedya separatana,Arthropoda,Insecta,Lepidoptera,Tortricidae,Hedya,Hedya-separatana-COI,Insecta/Lepidoptera/Tortricidae/Hedya-separatana,22,27,3,41,31,897,1689
897,Lepomis macrochirus,Chordata,Actinopterygii,Perciformes,Centrarchidae,Lepomis,Lepomis-macrochirus-COI,Actinopterygii/Perciformes/Centrarchidae/Lepomis-macrochirus,14,36,2,18,12,898,1690
898,Micrempis bomboxynon,Arthropoda,Insecta,Diptera,Hybotidae,Micrempis,Micrempis-bomboxynon-COI,Insecta/Diptera/Hybotidae/Micrempis-bomboxynon,12,334,2,17,10,899,1692
899,Mydaea urbana,Arthropoda,Insecta,Diptera,Muscidae,Mydaea,Mydaea-urbana-COI,Insecta/Diptera/Muscidae/Mydaea-urbana,16,20,2,19,13,900,1693
900,Apanteles cinthiabarrantesae,Arthropoda,Insecta,Hymenoptera,Braconidae,Apanteles,Apanteles-cinthiabarrantesae-COI,Insecta/Hymenoptera/Braconidae/Apanteles-cinthiabarrantesae,12,21,2,17,9,901,1694
901,Eiphosoma dolopon,Arthropoda,Insecta,Hymenoptera,Ichneumonidae,Eiphosoma,Eiphosoma-dolopon-COI,Insecta/Hymenoptera/Ichneumonidae/Eiphosoma-dolopon,18,31,3,34,24,902,1695
902,Farigia foliata,Arthropoda,Insecta,Lepidoptera,Notodontidae,Farigia,Farigia-foliata-COI,Insecta/Lepidoptera/Notodontidae/Farigia-foliata,49,76,7,213,188,903,1696
903,Ophiura robusta,Echinodermata,Ophiuroidea,Ophiurida,Ophiuridae,Ophiura,Ophiura-robusta-COI,Ophiuroidea/Ophiurida/Ophiuridae/Ophiura-robusta,14,29,2,20,13,904,1697
904,Anopheles punctipennis,Arthropoda,Insecta,Diptera,Culicidae,Anopheles,Anopheles-punctipennis-COI,Insecta/Diptera/Culicidae/Anopheles-punctipennis,111,229,17,1138,1077,905,1698
905,Rattus rattus,Chordata,Mammalia,Rodentia,Muridae,Rattus,Rattus-rattus-COI,Mammalia/Rodentia/Muridae/Rattus-rattus,17,56,3,35,23,906,1699
906,Crassa tinctella,Arthropoda,Insecta,Lepidoptera,Oecophoridae,Crassa,Crassa-tinctella-COI,Insecta/Lepidoptera/Oecophoridae/Crassa-tinctella,13,13,2,18,11,907,1700
907,Rhysodromus mysticus,Arthropoda,Arachnida,Araneae,Philodromidae,Rhysodromus,Rhysodromus-mysticus-COI,Arachnida/Araneae/Philodromidae/Rhysodromus-mysticus,13,15,2,18,12,908,1702
908,Neoscona subfusca,Arthropoda,Arachnida,Araneae,Araneidae,Neoscona,Neoscona-subfusca-COI,Arachnida/Araneae/Araneidae/Neoscona-subfusca,15,80,2,19,12,909,1704
909,Elachista irrorata,Arthropoda,Insecta,Lepidoptera,Elachistidae,Elachista,Elachista-irrorata-COI,Insecta/Lepidoptera/Elachistidae/Elachista-irrorata,20,57,3,37,28,910,1705
910,Diamesa hyperborea,Arthropoda,Insecta,Diptera,Chironomidae,Diamesa,Diamesa-hyperborea-COI,Insecta/Diptera/Chironomidae/Diamesa-hyperborea,19,59,3,40,27,911,1706
911,Scythropia crataegella,Arthropoda,Insecta,Lepidoptera,Yponomeutidae,Scythropia,Scythropia-crataegella-COI,Insecta/Lepidoptera/Yponomeutidae/Scythropia-crataegella,13,14,2,16,9,912,1707
912,Allantus cinctus,Arthropoda,Insecta,Hymenoptera,Tenthredinidae,Allantus,Allantus-cinctus-COI,Insecta/Hymenoptera/Tenthredinidae/Allantus-cinctus,43,62,6,176,152,913,1708
913,Balclutha abdominalis,Arthropoda,Insecta,Hemiptera,Cicadellidae,Balclutha,Balclutha-abdominalis-COI,Insecta/Hemiptera/Cicadellidae/Balclutha-abdominalis,12,21,2,18,11,914,1710
914,Tetrix brunnerii,Arthropoda,Insecta,Orthoptera,Tetrigidae,Tetrix,Tetrix-brunnerii-COI,Insecta/Orthoptera/Tetrigidae/Tetrix-brunnerii,17,46,3,34,23,915,1712
915,Suillia vaginata,Arthropoda,Insecta,Diptera,Heleomyzidae,Suillia,Suillia-vaginata-COI,Insecta/Diptera/Heleomyzidae/Suillia-vaginata,13,26,2,18,12,916,1714
916,Cupido argiades,Arthropoda,Insecta,Lepidoptera,Lycaenidae,Cupido,Cupido-argiades-COI,Insecta/Lepidoptera/Lycaenidae/Cupido-argiades,80,96,12,635,590,917,1715
917,Eulithis explanata,Arthropoda,Insecta,Lepidoptera,Geometridae,Eulithis,Eulithis-explanata-COI,Insecta/Lepidoptera/Geometridae/Eulithis-explanata,48,201,7,233,208,918,1716
918,Hydrelia albifera,Arthropoda,Insecta,Lepidoptera,Geometridae,Hydrelia,Hydrelia-albifera-COI,Insecta/Lepidoptera/Geometridae/Hydrelia-albifera,23,45,3,46,34,919,1719
919,Cocytius duponchel,Arthropoda,Insecta,Lepidoptera,Sphingidae,Cocytius,Cocytius-duponchel-COI,Insecta/Lepidoptera/Sphingidae/Cocytius-duponchel,79,143,12,596,552,920,1720
920,Hypotachina chrysophora,Arthropoda,Insecta,Diptera,Tachinidae,Hypotachina,Hypotachina-chrysophora-COI,Insecta/Diptera/Tachinidae/Hypotachina-chrysophora,22,81,3,44,33,921,1721
921,Dolerus yukonensis,Arthropoda,Insecta,Hymenoptera,Tenthredinidae,Dolerus,Dolerus-yukonensis-COI,Insecta/Hymenoptera/Tenthredinidae/Dolerus-yukonensis,42,70,6,149,127,922,1723
922,Euclea chiriquensis,Arthropoda,Insecta,Lepidoptera,Limacodidae,Euclea,Euclea-chiriquensis-COI,Insecta/Lepidoptera/Limacodidae/Euclea-chiriquensis,13,51,2,19,12,923,1724
923,Eudonia truncicolella,Arthropoda,Insecta,Lepidoptera,Crambidae,Eudonia,Eudonia-truncicolella-COI,Insecta/Lepidoptera/Crambidae/Eudonia-truncicolella,32,36,5,100,79,924,1730
924,Rhigognostis senilella,Arthropoda,Insecta,Lepidoptera,Plutellidae,Rhigognostis,Rhigognostis-senilella-COI,Insecta/Lepidoptera/Plutellidae/Rhigognostis-senilella,19,21,3,37,27,925,1732
925,Pheidole boruca,Arthropoda,Insecta,Hymenoptera,Formicidae,Pheidole,Pheidole-boruca-COI,Insecta/Hymenoptera/Formicidae/Pheidole-boruca,14,37,2,16,10,926,1734
926,Colostygia aqueata,Arthropoda,Insecta,Lepidoptera,Geometridae,Colostygia,Colostygia-aqueata-COI,Insecta/Lepidoptera/Geometridae/Colostygia-aqueata,24,34,4,61,47,927,1737
927,Xylophanes hannemanni,Arthropoda,Insecta,Lepidoptera,Sphingidae,Xylophanes,Xylophanes-hannemanni-COI,Insecta/Lepidoptera/Sphingidae/Xylophanes-hannemanni,12,15,2,16,10,928,1742
928,Bendis griseipennis,Arthropoda,Insecta,Lepidoptera,Noctuidae,Bendis,Bendis-griseipennis-COI,Insecta/Lepidoptera/Noctuidae/Bendis-griseipennis,14,23,2,19,12,929,1745
929,Chloroclystis insigillata,Arthropoda,Insecta,Lepidoptera,Geometridae,Chloroclystis,Chloroclystis-insigillata-COI,Insecta/Lepidoptera/Geometridae/Chloroclystis-insigillata,38,127,6,151,130,930,1746
930,Nassarius mendicus,Mollusca,Gastropoda,Neogastropoda,Nassariidae,Nassarius,Nassarius-mendicus-COI,Gastropoda/Neogastropoda/Nassariidae/Nassarius-mendicus,13,21,2,17,11,931,1747
931,Agrochola nitida,Arthropoda,Insecta,Lepidoptera,Noctuidae,Agrochola,Agrochola-nitida-COI,Insecta/Lepidoptera/Noctuidae/Agrochola-nitida,15,16,2,19,12,932,1748
932,Megaselia nigriceps,Arthropoda,Insecta,Diptera,Phoridae,Megaselia,Megaselia-nigriceps-COI,Insecta/Diptera/Phoridae/Megaselia-nigriceps,111,442,17,1208,1144,933,1749
933,Oxyethira serrata,Arthropoda,Insecta,Trichoptera,Hydroptilidae,Oxyethira,Oxyethira-serrata-COI,Insecta/Trichoptera/Hydroptilidae/Oxyethira-serrata,21,156,3,41,29,934,1751
934,Walckenaeria communis,Arthropoda,Arachnida,Araneae,Linyphiidae,Walckenaeria,Walckenaeria-communis-COI,Arachnida/Araneae/Linyphiidae/Walckenaeria-communis,29,60,4,76,61,935,1753
935,Tetramorium attenboroughi,Arthropoda,Insecta,Hymenoptera,Formicidae,Tetramorium,Tetramorium-attenboroughi-COI,Insecta/Hymenoptera/Formicidae/Tetramorium-attenboroughi,13,15,2,15,8,936,1754
936,Sideridis rivularis,Arthropoda,Insecta,Lepidoptera,Noctuidae,Sideridis,Sideridis-rivularis-COI,Insecta/Lepidoptera/Noctuidae/Sideridis-rivularis,31,36,5,105,82,937,1756
937,Eurrhyparodes bracteolalis,Arthropoda,Insecta,Lepidoptera,Crambidae,Eurrhyparodes,Eurrhyparodes-bracteolalis-COI,Insecta/Lepidoptera/Crambidae/Eurrhyparodes-bracteolalis,12,16,2,17,9,938,1757
938,Mythimna ferrago,Arthropoda,Insecta,Lepidoptera,Noctuidae,Mythimna,Mythimna-ferrago-COI,Insecta/Lepidoptera/Noctuidae/Mythimna-ferrago,46,60,7,211,185,939,1759
939,Lestica confluenta,Arthropoda,Insecta,Hymenoptera,Crabronidae,Lestica,Lestica-confluenta-COI,Insecta/Hymenoptera/Crabronidae/Lestica-confluenta,12,14,2,16,9,940,1760
940,Bombus kirbiellus,Arthropoda,Insecta,Hymenoptera,Apidae,Bombus,Bombus-kirbiellus-COI,Insecta/Hymenoptera/Apidae/Bombus-kirbiellus,19,29,3,37,25,941,1762
941,Callinola bifiliferata,Arthropoda,Insecta,Lepidoptera,Nolidae,Callinola,Callinola-bifiliferata-COI,Insecta/Lepidoptera/Nolidae/Callinola-bifiliferata,18,34,3,36,26,942,1763
942,Glaucopsyche lygdamus,Arthropoda,Insecta,Lepidoptera,Lycaenidae,Glaucopsyche,Glaucopsyche-lygdamus-COI,Insecta/Lepidoptera/Lycaenidae/Glaucopsyche-lygdamus,156,244,23,2132,2049,943,1765
943,Canalidion montanum,Arthropoda,Arachnida,Araneae,Theridiidae,Canalidion,Canalidion-montanum-COI,Arachnida/Araneae/Theridiidae/Canalidion-montanum,72,192,11,534,485,944,1766
944,Meteorus rubens,Arthropoda,Insecta,Hymenoptera,Braconidae,Meteorus,Meteorus-rubens-COI,Insecta/Hymenoptera/Braconidae/Meteorus-rubens,12,14,2,17,9,945,1767
945,Rhionaeschna marchali,Arthropoda,Insecta,Odonata,Aeshnidae,Rhionaeschna,Rhionaeschna-marchali-COI,Insecta/Odonata/Aeshnidae/Rhionaeschna-marchali,15,33,2,18,12,946,1769
946,Brachycaudus cardui,Arthropoda,Insecta,Hemiptera,Aphididae,Brachycaudus,Brachycaudus-cardui-COI,Insecta/Hemiptera/Aphididae/Brachycaudus-cardui,26,30,4,69,54,947,1771
947,Hydroporus lapponum,Arthropoda,Insecta,Coleoptera,Dytiscidae,Hydroporus,Hydroporus-lapponum-COI,Insecta/Coleoptera/Dytiscidae/Hydroporus-lapponum,30,44,5,99,81,948,1772
948,Erynnis martialis,Arthropoda,Insecta,Lepidoptera,Hesperiidae,Erynnis,Erynnis-martialis-COI,Insecta/Lepidoptera/Hesperiidae/Erynnis-martialis,23,24,3,43,32,949,1773
949,Boletina nitiduloides,Arthropoda,Insecta,Diptera,Mycetophilidae,Boletina,Boletina-nitiduloides-COI,Insecta/Diptera/Mycetophilidae/Boletina-nitiduloides,23,51,3,45,33,950,1774
950,Sebastes mystinus,Chordata,Actinopterygii,Scorpaeniformes,Sebastidae,Sebastes,Sebastes-mystinus-COI,Actinopterygii/Scorpaeniformes/Sebastidae/Sebastes-mystinus,30,112,5,109,90,951,1775
951,Lethe anthedon,Arthropoda,Insecta,Lepidoptera,Nymphalidae,Lethe,Lethe-anthedon-COI,Insecta/Lepidoptera/Nymphalidae/Lethe-anthedon,24,62,4,62,49,952,1777
952,Gammarus duebeni,Arthropoda,Malacostraca,Amphipoda,Gammaridae,Gammarus,Gammarus-duebeni-COI,Malacostraca/Amphipoda/Gammaridae/Gammarus-duebeni,17,33,3,34,24,953,1778
953,Blastobasis phaedra,Arthropoda,Insecta,Lepidoptera,Blastobasidae,Blastobasis,Blastobasis-phaedra-COI,Insecta/Lepidoptera/Blastobasidae/Blastobasis-phaedra,19,156,3,45,30,954,1779
954,Junonia evarete,Arthropoda,Insecta,Lepidoptera,Nymphalidae,Junonia,Junonia-evarete-COI,Insecta/Lepidoptera/Nymphalidae/Junonia-evarete,36,143,5,119,102,955,1783
955,Epinotia immundana,Arthropoda,Insecta,Lepidoptera,Tortricidae,Epinotia,Epinotia-immundana-COI,Insecta/Lepidoptera/Tortricidae/Epinotia-immundana,37,44,6,142,120,956,1784
956,Pteronymia picta,Arthropoda,Insecta,Lepidoptera,Nymphalidae,Pteronymia,Pteronymia-picta-COI,Insecta/Lepidoptera/Nymphalidae/Pteronymia-picta,22,65,3,41,30,957,1786
957,Harmonia axyridis,Arthropoda,Insecta,Coleoptera,Coccinellidae,Harmonia,Harmonia-axyridis-COI,Insecta/Coleoptera/Coccinellidae/Harmonia-axyridis,186,527,28,3797,3686,958,1788
958,Sorama bicolor,Arthropoda,Insecta,Lepidoptera,Notodontidae,Sorama,Sorama-bicolor-COI,Insecta/Lepidoptera/Notodontidae/Sorama-bicolor,18,81,3,35,24,959,1790
959,Loligo vulgaris,Mollusca,Cephalopoda,Myopsida,Loliginidae,Loligo,Loligo-vulgaris-COI,Cephalopoda/Myopsida/Loliginidae/Loligo-vulgaris,13,28,2,19,12,960,1793
960,Lypotigris reginalis,Arthropoda,Insecta,Lepidoptera,Crambidae,Lypotigris,Lypotigris-reginalis-COI,Insecta/Lepidoptera/Crambidae/Lypotigris-reginalis,12,20,2,18,10,961,1795
961,Ochsenheimeria vacculella,Arthropoda,Insecta,Lepidoptera,Ypsolophidae,Ochsenheimeria,Ochsenheimeria-vacculella-COI,Insecta/Lepidoptera/Ypsolophidae/Ochsenheimeria-vacculella,15,21,2,21,12,962,1796
962,Arctia parthenos,Arthropoda,Insecta,Lepidoptera,Erebidae,Arctia,Arctia-parthenos-COI,Insecta/Lepidoptera/Erebidae/Arctia-parthenos,19,26,3,40,29,963,1798
963,Isonychia bicolor,Arthropoda,Insecta,Ephemeroptera,Isonychiidae,Isonychia,Isonychia-bicolor-COI,Insecta/Ephemeroptera/Isonychiidae/Isonychia-bicolor,34,104,5,116,97,964,1799
964,Neodactria luteolellus,Arthropoda,Insecta,Lepidoptera,Crambidae,Neodactria,Neodactria-luteolellus-COI,Insecta/Lepidoptera/Crambidae/Neodactria-luteolellus,34,62,5,109,90,965,1800
965,Gnaphosa microps,Arthropoda,Arachnida,Araneae,Gnaphosidae,Gnaphosa,Gnaphosa-microps-COI,Arachnida/Araneae/Gnaphosidae/Gnaphosa-microps,22,72,3,44,34,966,1801
966,Lutjanus griseus,Chordata,Actinopterygii,Perciformes,Lutjanidae,Lutjanus,Lutjanus-griseus-COI,Actinopterygii/Perciformes/Lutjanidae/Lutjanus-griseus,25,66,4,69,54,967,1804
967,Lepyrus labradorensis,Arthropoda,Insecta,Coleoptera,Curculionidae,Lepyrus,Lepyrus-labradorensis-COI,Insecta/Coleoptera/Curculionidae/Lepyrus-labradorensis,16,19,2,22,14,968,1807
968,Pterygoplichthys pardalis,Chordata,Actinopterygii,Siluriformes,Loricariidae,Pterygoplichthys,Pterygoplichthys-pardalis-COI,Actinopterygii/Siluriformes/Loricariidae/Pterygoplichthys-pardalis,14,57,2,24,16,969,1810
969,Euglyphis obliterata,Arthropoda,Insecta,Lepidoptera,Lasiocampidae,Euglyphis,Euglyphis-obliterata-COI,Insecta/Lepidoptera/Lasiocampidae/Euglyphis-obliterata,22,37,3,40,31,970,1812
970,Polia nugatis,Arthropoda,Insecta,Lepidoptera,Noctuidae,Polia,Polia-nugatis-COI,Insecta/Lepidoptera/Noctuidae/Polia-nugatis,13,44,2,19,10,971,1814
971,Condica illecta,Arthropoda,Insecta,Lepidoptera,Noctuidae,Condica,Condica-illecta-COI,Insecta/Lepidoptera/Noctuidae/Condica-illecta,37,104,6,141,121,972,1815
972,Tamasia variegata,Arthropoda,Insecta,Trichoptera,Calocidae,Tamasia,Tamasia-variegata-COI,Insecta/Trichoptera/Calocidae/Tamasia-variegata,27,47,4,73,57,973,1819
973,Bombus lucorum,Arthropoda,Insecta,Hymenoptera,Apidae,Bombus,Bombus-lucorum-COI,Insecta/Hymenoptera/Apidae/Bombus-lucorum,66,86,10,431,391,974,1821
974,Mastigodiaptomus albuquerquensis,Arthropoda,Hexanauplia,Calanoida,Diaptomidae,Mastigodiaptomus,Mastigodiaptomus-albuquerquensis-COI,Hexanauplia/Calanoida/Diaptomidae/Mastigodiaptomus-albuquerquensis,16,55,2,22,15,975,1823
975,Netechma pyrrhodelta,Arthropoda,Insecta,Lepidoptera,Tortricidae,Netechma,Netechma-pyrrhodelta-COI,Insecta/Lepidoptera/Tortricidae/Netechma-pyrrhodelta,17,44,3,37,26,976,1825
976,Microbisium parvulum,Arthropoda,Arachnida,Pseudoscorpiones,Neobisiidae,Microbisium,Microbisium-parvulum-COI,Arachnida/Pseudoscorpiones/Neobisiidae/Microbisium-parvulum,22,44,3,46,33,977,1826
977,Triphleba lugubris,Arthropoda,Insecta,Diptera,Phoridae,Triphleba,Triphleba-lugubris-COI,Insecta/Diptera/Phoridae/Triphleba-lugubris,14,24,2,18,11,978,1828
978,Pheidole megacephala,Arthropoda,Insecta,Hymenoptera,Formicidae,Pheidole,Pheidole-megacephala-COI,Insecta/Hymenoptera/Formicidae/Pheidole-megacephala,93,231,14,856,794,979,1829
979,Consul fabius,Arthropoda,Insecta,Lepidoptera,Nymphalidae,Consul,Consul-fabius-COI,Insecta/Lepidoptera/Nymphalidae/Consul-fabius,25,33,4,69,53,980,1832
980,Lasioglossum creberrimum,Arthropoda,Insecta,Hymenoptera,Halictidae,Lasioglossum,Lasioglossum-creberrimum-COI,Insecta/Hymenoptera/Halictidae/Lasioglossum-creberrimum,13,14,2,16,10,981,1833
981,Boloria dia,Arthropoda,Insecta,Lepidoptera,Nymphalidae,Boloria,Boloria-dia-COI,Insecta/Lepidoptera/Nymphalidae/Boloria-dia,29,30,4,76,59,982,1834
982,Pachygnatha dorothea,Arthropoda,Arachnida,Araneae,Tetragnathidae,Pachygnatha,Pachygnatha-dorothea-COI,Arachnida/Araneae/Tetragnathidae/Pachygnatha-dorothea,17,24,3,36,25,983,1836
983,Pisaster ochraceus,Echinodermata,Asteroidea,Forcipulatida,Asteriidae,Pisaster,Pisaster-ochraceus-COI,Asteroidea/Forcipulatida/Asteriidae/Pisaster-ochraceus,14,31,2,22,13,984,1838
984,Deporaus betulae,Arthropoda,Insecta,Coleoptera,Attelabidae,Deporaus,Deporaus-betulae-COI,Insecta/Coleoptera/Attelabidae/Deporaus-betulae,24,27,4,64,50,985,1840
985,Bassaniana utahensis,Arthropoda,Arachnida,Araneae,Thomisidae,Bassaniana,Bassaniana-utahensis-COI,Arachnida/Araneae/Thomisidae/Bassaniana-utahensis,52,64,8,264,233,986,1842
986,Sitona lineellus,Arthropoda,Insecta,Coleoptera,Curculionidae,Sitona,Sitona-lineellus-COI,Insecta/Coleoptera/Curculionidae/Sitona-lineellus,15,29,2,18,12,987,1844
987,Cymus luridus,Arthropoda,Insecta,Hemiptera,Cymidae,Cymus,Cymus-luridus-COI,Insecta/Hemiptera/Cymidae/Cymus-luridus,19,35,3,33,24,988,1845
988,Scheloribates pallidulus,Arthropoda,Arachnida,Sarcoptiformes,Scheloribatidae,Scheloribates,Scheloribates-pallidulus-COI,Arachnida/Sarcoptiformes/Scheloribatidae/Scheloribates-pallidulus,43,214,6,164,141,989,1846
989,Nycteola degenerana,Arthropoda,Insecta,Lepidoptera,Nolidae,Nycteola,Nycteola-degenerana-COI,Insecta/Lepidoptera/Nolidae/Nycteola-degenerana,18,21,3,34,24,990,1849
990,Steatoda bipunctata,Arthropoda,Arachnida,Araneae,Theridiidae,Steatoda,Steatoda-bipunctata-COI,Arachnida/Araneae/Theridiidae/Steatoda-bipunctata,22,32,3,40,30,991,1859
991,Paraleptophlebia submarginata,Arthropoda,Insecta,Ephemeroptera,Leptophlebiidae,Paraleptophlebia,Paraleptophlebia-submarginata-COI,Insecta/Ephemeroptera/Leptophlebiidae/Paraleptophlebia-submarginata,12,31,2,16,10,992,1860
992,Stigmella myrtillella,Arthropoda,Insecta,Lepidoptera,Nepticulidae,Stigmella,Stigmella-myrtillella-COI,Insecta/Lepidoptera/Nepticulidae/Stigmella-myrtillella,30,37,5,97,77,993,1861
993,Pasiphila debiliata,Arthropoda,Insecta,Lepidoptera,Geometridae,Pasiphila,Pasiphila-debiliata-COI,Insecta/Lepidoptera/Geometridae/Pasiphila-debiliata,17,18,3,35,24,994,1865
994,Dryocampa rubicunda,Arthropoda,Insecta,Lepidoptera,Saturniidae,Dryocampa,Dryocampa-rubicunda-COI,Insecta/Lepidoptera/Saturniidae/Dryocampa-rubicunda,28,55,4,75,59,995,1867
995,Aphidius cingulatus,Arthropoda,Insecta,Hymenoptera,Braconidae,Aphidius,Aphidius-cingulatus-COI,Insecta/Hymenoptera/Braconidae/Aphidius-cingulatus,24,57,4,69,49,996,1868
996,Rhopalosiphum enigmae,Arthropoda,Insecta,Hemiptera,Aphididae,Rhopalosiphum,Rhopalosiphum-enigmae-COI,Insecta/Hemiptera/Aphididae/Rhopalosiphum-enigmae,41,67,6,163,140,997,1871
997,Trixagus sericeus,Arthropoda,Insecta,Coleoptera,Throscidae,Trixagus,Trixagus-sericeus-COI,Insecta/Coleoptera/Throscidae/Trixagus-sericeus,17,97,3,32,23,998,1872
998,Bucculatrix ulmella,Arthropoda,Insecta,Lepidoptera,Bucculatricidae,Bucculatrix,Bucculatrix-ulmella-COI,Insecta/Lepidoptera/Bucculatricidae/Bucculatrix-ulmella,18,29,3,39,28,999,1875
999,Tachinus rufipes,Arthropoda,Insecta,Coleoptera,Staphylinidae,Tachinus,Tachinus-rufipes-COI,Insecta/Coleoptera/Staphylinidae/Tachinus-rufipes,20,26,3,44,30,1000,1876
