index,species,phylum,class,order,family,genus,raw_gene,raw_dir,n_localities,n_headers,graph_k,edges,min_endpoint_disjoint_training_edges,rank_after_support,rank_before_support
0,Perizoma custodiata,Arthropoda,Insecta,Lepidoptera,Geometridae,Perizoma,Perizoma-custodiata-COI,Insecta/Lepidoptera/Geometridae/Perizoma-custodiata,15,38,2,18,13,1,1
1,Hadena segregata,Arthropoda,Insecta,Lepidoptera,Noctuidae,Hadena,Hadena-segregata-COI,Insecta/Lepidoptera/Noctuidae/Hadena-segregata,15,25,2,19,12,2,5
2,Macrenches clerica,Arthropoda,Insecta,Lepidoptera,Gelechiidae,Macrenches,Macrenches-clerica-COI,Insecta/Lepidoptera/Gelechiidae/Macrenches-clerica,17,55,3,35,23,3,9
3,Ethmia bipunctella,Arthropoda,Insecta,Lepidoptera,Elachistidae,Ethmia,Ethmia-bipunctella-COI,Insecta/Lepidoptera/Elachistidae/Ethmia-bipunctella,24,39,4,64,47,4,12
4,Schinia arcigera,Arthropoda,Insecta,Lepidoptera,Noctuidae,Schinia,Schinia-arcigera-COI,Insecta/Lepidoptera/Noctuidae/Schinia-arcigera,14,23,2,16,11,5,14
5,Rosema deolis,Arthropoda,Insecta,Lepidoptera,Notodontidae,Rosema,Rosema-deolis-COI,Insecta/Lepidoptera/Notodontidae/Rosema-deolis,41,61,6,172,148,6,15
6,Stenomacrus merula,Arthropoda,Insecta,Hymenoptera,Ichneumonidae,Stenomacrus,Stenomacrus-merula-COI,Insecta/Hymenoptera/Ichneumonidae/Stenomacrus-merula,53,194,8,267,239,7,19
7,Antiblemma laranda,Arthropoda,Insecta,Lepidoptera,Noctuidae,Antiblemma,Antiblemma-laranda-COI,Insecta/Lepidoptera/Noctuidae/Antiblemma-laranda,15,20,2,21,13,8,21
8,Limacina bulimoides,Mollusca,Gastropoda,Pteropoda,Limacinidae,Limacina,Limacina-bulimoides-COI,Gastropoda/Pteropoda/Limacinidae/Limacina-bulimoides,20,295,3,41,30,9,22
9,Coptera pomonellae,Arthropoda,Insecta,Hymenoptera,Diapriidae,Coptera,Coptera-pomonellae-COI,Insecta/Hymenoptera/Diapriidae/Coptera-pomonellae,15,27,2,22,12,10,23
10,Cabera exanthemata,Arthropoda,Insecta,Lepidoptera,Geometridae,Cabera,Cabera-exanthemata-COI,Insecta/Lepidoptera/Geometridae/Cabera-exanthemata,70,87,11,522,478,11,24
11,Dismorphia fortunata,Arthropoda,Insecta,Lepidoptera,Pieridae,Dismorphia,Dismorphia-fortunata-COI,Insecta/Lepidoptera/Pieridae/Dismorphia-fortunata,26,33,4,74,56,12,25
12,Cilix glaucata,Arthropoda,Insecta,Lepidoptera,Drepanidae,Cilix,Cilix-glaucata-COI,Insecta/Lepidoptera/Drepanidae/Cilix-glaucata,19,23,3,40,29,13,28
13,Jordanita budensis,Arthropoda,Insecta,Lepidoptera,Zygaenidae,Jordanita,Jordanita-budensis-COI,Insecta/Lepidoptera/Zygaenidae/Jordanita-budensis,13,20,2,19,12,14,29
14,Philodromus rufus,Arthropoda,Arachnida,Araneae,Philodromidae,Philodromus,Philodromus-rufus-COI,Arachnida/Araneae/Philodromidae/Philodromus-rufus,281,684,42,7906,7742,15,39
15,Halictus simplex,Arthropoda,Insecta,Hymenoptera,Halictidae,Halictus,Halictus-simplex-COI,Insecta/Hymenoptera/Halictidae/Halictus-simplex,16,22,2,21,14,16,41
16,Bombus vestalis,Arthropoda,Insecta,Hymenoptera,Apidae,Bombus,Bombus-vestalis-COI,Insecta/Hymenoptera/Apidae/Bombus-vestalis,17,23,3,36,26,17,42
17,Sommeria marmorea,Arthropoda,Insecta,Lepidoptera,Erebidae,Sommeria,Sommeria-marmorea-COI,Insecta/Lepidoptera/Erebidae/Sommeria-marmorea,16,38,2,21,14,18,45
18,Bembidion lunulatum,Arthropoda,Insecta,Coleoptera,Carabidae,Bembidion,Bembidion-lunulatum-COI,Insecta/Coleoptera/Carabidae/Bembidion-lunulatum,16,17,2,23,14,19,46
19,Aspidophoroides monopterygius,Chordata,Actinopterygii,Scorpaeniformes,Agonidae,Aspidophoroides,Aspidophoroides-monopterygius-COI,Actinopterygii/Scorpaeniformes/Agonidae/Aspidophoroides-monopterygius,22,25,3,46,35,20,49
20,Australothis rubrescens,Arthropoda,Insecta,Lepidoptera,Noctuidae,Australothis,Australothis-rubrescens-COI,Insecta/Lepidoptera/Noctuidae/Australothis-rubrescens,24,48,4,68,53,21,50
21,Dasyphora cordilleriana,Arthropoda,Insecta,Diptera,Muscidae,Dasyphora,Dasyphora-cordilleriana-COI,Insecta/Diptera/Muscidae/Dasyphora-cordilleriana,12,17,2,16,9,22,52
22,Pollenia angustigena,Arthropoda,Insecta,Diptera,Calliphoridae,Pollenia,Pollenia-angustigena-COI,Insecta/Diptera/Calliphoridae/Pollenia-angustigena,66,187,10,439,402,23,54
23,Sphragisticus nebulosus,Arthropoda,Insecta,Hemiptera,Rhyparochromidae,Sphragisticus,Sphragisticus-nebulosus-COI,Insecta/Hemiptera/Rhyparochromidae/Sphragisticus-nebulosus,19,27,3,41,30,24,55
24,Otiorhynchus rugosostriatus,Arthropoda,Insecta,Coleoptera,Curculionidae,Otiorhynchus,Otiorhynchus-rugosostriatus-COI,Insecta/Coleoptera/Curculionidae/Otiorhynchus-rugosostriatus,13,19,2,18,10,25,56
25,Lasioglossum planatum,Arthropoda,Insecta,Hymenoptera,Halictidae,Lasioglossum,Lasioglossum-planatum-COI,Insecta/Hymenoptera/Halictidae/Lasioglossum-planatum,25,34,4,64,51,26,57
26,Rhyacophila lobifera,Arthropoda,Insecta,Trichoptera,Rhyacophilidae,Rhyacophila,Rhyacophila-lobifera-COI,Insecta/Trichoptera/Rhyacophilidae/Rhyacophila-lobifera,15,50,2,20,13,27,58
27,Caloptilia betulicola,Arthropoda,Insecta,Lepidoptera,Gracillariidae,Caloptilia,Caloptilia-betulicola-COI,Insecta/Lepidoptera/Gracillariidae/Caloptilia-betulicola,34,41,5,114,96,28,59
28,Eupithecia innotata,Arthropoda,Insecta,Lepidoptera,Geometridae,Eupithecia,Eupithecia-innotata-COI,Insecta/Lepidoptera/Geometridae/Eupithecia-innotata,40,52,6,159,134,29,60
29,Moma alpium,Arthropoda,Insecta,Lepidoptera,Noctuidae,Moma,Moma-alpium-COI,Insecta/Lepidoptera/Noctuidae/Moma-alpium,24,28,4,70,52,30,61
30,Eupithecia inturbata,Arthropoda,Insecta,Lepidoptera,Geometridae,Eupithecia,Eupithecia-inturbata-COI,Insecta/Lepidoptera/Geometridae/Eupithecia-inturbata,31,87,5,110,91,31,64
31,Baetis rhodani,Arthropoda,Insecta,Ephemeroptera,Baetidae,Baetis,Baetis-rhodani-COI,Insecta/Ephemeroptera/Baetidae/Baetis-rhodani,108,189,16,1113,1052,32,65
32,Ponera exotica,Arthropoda,Insecta,Hymenoptera,Formicidae,Ponera,Ponera-exotica-COI,Insecta/Hymenoptera/Formicidae/Ponera-exotica,18,25,3,34,25,33,67
33,Epyaxa subidaria,Arthropoda,Insecta,Lepidoptera,Geometridae,Epyaxa,Epyaxa-subidaria-COI,Insecta/Lepidoptera/Geometridae/Epyaxa-subidaria,35,118,5,111,92,34,68
34,Aeolothrips ericae,Arthropoda,Insecta,Thysanoptera,Aeolothripidae,Aeolothrips,Aeolothrips-ericae-COI,Insecta/Thysanoptera/Aeolothripidae/Aeolothrips-ericae,16,86,2,22,15,35,69
35,Phaiogramma faustinata,Arthropoda,Insecta,Lepidoptera,Geometridae,Phaiogramma,Phaiogramma-faustinata-COI,Insecta/Lepidoptera/Geometridae/Phaiogramma-faustinata,12,18,2,14,9,36,70
36,Erythroneura ontari,Arthropoda,Insecta,Hemiptera,Cicadellidae,Erythroneura,Erythroneura-ontari-COI,Insecta/Hemiptera/Cicadellidae/Erythroneura-ontari,32,174,5,110,91,37,71
37,Achroia grisella,Arthropoda,Insecta,Lepidoptera,Pyralidae,Achroia,Achroia-grisella-COI,Insecta/Lepidoptera/Pyralidae/Achroia-grisella,33,52,5,107,88,38,74
38,Aleiodes declanae,Arthropoda,Insecta,Hymenoptera,Braconidae,Aleiodes,Aleiodes-declanae-COI,Insecta/Hymenoptera/Braconidae/Aleiodes-declanae,17,47,3,33,22,39,78
39,Citheronia bellavista,Arthropoda,Insecta,Lepidoptera,Saturniidae,Citheronia,Citheronia-bellavista-COI,Insecta/Lepidoptera/Saturniidae/Citheronia-bellavista,37,86,6,153,128,40,81
40,Polypedilum sordens,Arthropoda,Insecta,Diptera,Chironomidae,Polypedilum,Polypedilum-sordens-COI,Insecta/Diptera/Chironomidae/Polypedilum-sordens,17,36,3,32,23,41,82
41,Aedes hexodontus,Arthropoda,Insecta,Diptera,Culicidae,Aedes,Aedes-hexodontus-COI,Insecta/Diptera/Culicidae/Aedes-hexodontus,78,259,12,610,559,42,83
42,Aphomia sociella,Arthropoda,Insecta,Lepidoptera,Pyralidae,Aphomia,Aphomia-sociella-COI,Insecta/Lepidoptera/Pyralidae/Aphomia-sociella,58,92,9,338,304,43,84
43,Trichonta subfusca,Arthropoda,Insecta,Diptera,Mycetophilidae,Trichonta,Trichonta-subfusca-COI,Insecta/Diptera/Mycetophilidae/Trichonta-subfusca,23,70,3,44,31,44,86
44,Rhagonycha atra,Arthropoda,Insecta,Coleoptera,Cantharidae,Rhagonycha,Rhagonycha-atra-COI,Insecta/Coleoptera/Cantharidae/Rhagonycha-atra,13,15,2,18,11,45,87
45,Erebia aethiops,Arthropoda,Insecta,Lepidoptera,Nymphalidae,Erebia,Erebia-aethiops-COI,Insecta/Lepidoptera/Nymphalidae/Erebia-aethiops,63,68,9,382,347,46,90
46,Spectrotrota fimbrialis,Arthropoda,Insecta,Lepidoptera,Pyralidae,Spectrotrota,Spectrotrota-fimbrialis-COI,Insecta/Lepidoptera/Pyralidae/Spectrotrota-fimbrialis,41,172,6,169,145,47,91
47,Apanteles fumiferanae,Arthropoda,Insecta,Hymenoptera,Braconidae,Apanteles,Apanteles-fumiferanae-COI,Insecta/Hymenoptera/Braconidae/Apanteles-fumiferanae,23,65,3,48,37,48,92
48,Scirpophaga excerptalis,Arthropoda,Insecta,Lepidoptera,Crambidae,Scirpophaga,Scirpophaga-excerptalis-COI,Insecta/Lepidoptera/Crambidae/Scirpophaga-excerptalis,44,73,7,190,166,49,94
49,Phocides lilea,Arthropoda,Insecta,Lepidoptera,Hesperiidae,Phocides,Phocides-lilea-COI,Insecta/Lepidoptera/Hesperiidae/Phocides-lilea,23,39,3,46,34,50,95
50,Callisto coffeella,Arthropoda,Insecta,Lepidoptera,Gracillariidae,Callisto,Callisto-coffeella-COI,Insecta/Lepidoptera/Gracillariidae/Callisto-coffeella,23,40,3,45,36,51,98
51,Wesmaelius longifrons,Arthropoda,Insecta,Neuroptera,Hemerobiidae,Wesmaelius,Wesmaelius-longifrons-COI,Insecta/Neuroptera/Hemerobiidae/Wesmaelius-longifrons,14,37,2,19,13,52,100
52,Phalonidia manniana,Arthropoda,Insecta,Lepidoptera,Tortricidae,Phalonidia,Phalonidia-manniana-COI,Insecta/Lepidoptera/Tortricidae/Phalonidia-manniana,12,19,2,15,9,53,102
53,Prionychus ater,Arthropoda,Insecta,Coleoptera,Tenebrionidae,Prionychus,Prionychus-ater-COI,Insecta/Coleoptera/Tenebrionidae/Prionychus-ater,16,21,2,22,16,54,106
54,Ceratopsyche morosa,Arthropoda,Insecta,Trichoptera,Hydropsychidae,Ceratopsyche,Ceratopsyche-morosa-COI,Insecta/Trichoptera/Hydropsychidae/Ceratopsyche-morosa,62,286,9,357,326,55,110
55,Arrade destituta,Arthropoda,Insecta,Lepidoptera,Noctuidae,Arrade,Arrade-destituta-COI,Insecta/Lepidoptera/Noctuidae/Arrade-destituta,22,36,3,46,35,56,111
56,Dolbina inexacta,Arthropoda,Insecta,Lepidoptera,Sphingidae,Dolbina,Dolbina-inexacta-COI,Insecta/Lepidoptera/Sphingidae/Dolbina-inexacta,32,35,5,106,89,57,112
57,Elagatis bipinnulata,Chordata,Actinopterygii,Perciformes,Carangidae,Elagatis,Elagatis-bipinnulata-COI,Actinopterygii/Perciformes/Carangidae/Elagatis-bipinnulata,12,21,2,16,10,58,114
58,Aglaostigma fulvipes,Arthropoda,Insecta,Hymenoptera,Tenthredinidae,Aglaostigma,Aglaostigma-fulvipes-COI,Insecta/Hymenoptera/Tenthredinidae/Aglaostigma-fulvipes,35,54,5,128,107,59,115
59,Okeniella caudata,Arthropoda,Insecta,Diptera,Scathophagidae,Okeniella,Okeniella-caudata-COI,Insecta/Diptera/Scathophagidae/Okeniella-caudata,26,220,4,70,55,60,116
60,Roeselia bifiliferata,Arthropoda,Insecta,Lepidoptera,Nolidae,Roeselia,Roeselia-bifiliferata-COI,Insecta/Lepidoptera/Nolidae/Roeselia-bifiliferata,32,59,5,102,86,61,118
61,Hygrotus suturalis,Arthropoda,Insecta,Coleoptera,Dytiscidae,Hygrotus,Hygrotus-suturalis-COI,Insecta/Coleoptera/Dytiscidae/Hygrotus-suturalis,13,16,2,17,11,62,120
62,Metynnis hypsauchen,Chordata,Actinopterygii,Characiformes,Serrasalmidae,Metynnis,Metynnis-hypsauchen-COI,Actinopterygii/Characiformes/Serrasalmidae/Metynnis-hypsauchen,22,55,3,47,37,63,121
63,Symmorphus crassicornis,Arthropoda,Insecta,Hymenoptera,Eumenidae,Symmorphus,Symmorphus-crassicornis-COI,Insecta/Hymenoptera/Eumenidae/Symmorphus-crassicornis,13,15,2,18,11,64,124
64,Nephele rosae,Arthropoda,Insecta,Lepidoptera,Sphingidae,Nephele,Nephele-rosae-COI,Insecta/Lepidoptera/Sphingidae/Nephele-rosae,16,29,2,22,15,65,125
65,Phaeoptyx conklini,Chordata,Actinopterygii,Perciformes,Apogonidae,Phaeoptyx,Phaeoptyx-conklini-COI,Actinopterygii/Perciformes/Apogonidae/Phaeoptyx-conklini,14,72,2,18,11,66,126
66,Aphis spiraephila,Arthropoda,Insecta,Hemiptera,Aphididae,Aphis,Aphis-spiraephila-COI,Insecta/Hemiptera/Aphididae/Aphis-spiraephila,13,14,2,18,11,67,127
67,Sciota subfuscella,Arthropoda,Insecta,Lepidoptera,Pyralidae,Sciota,Sciota-subfuscella-COI,Insecta/Lepidoptera/Pyralidae/Sciota-subfuscella,14,18,2,21,12,68,130
68,Pheidole punctatissima,Arthropoda,Insecta,Hymenoptera,Formicidae,Pheidole,Pheidole-punctatissima-COI,Insecta/Hymenoptera/Formicidae/Pheidole-punctatissima,14,127,2,17,12,69,132
69,Aproaerema simplexella,Arthropoda,Insecta,Lepidoptera,Gelechiidae,Aproaerema,Aproaerema-simplexella-COI,Insecta/Lepidoptera/Gelechiidae/Aproaerema-simplexella,45,133,7,191,164,70,133
70,Cropia connecta,Arthropoda,Insecta,Lepidoptera,Noctuidae,Cropia,Cropia-connecta-COI,Insecta/Lepidoptera/Noctuidae/Cropia-connecta,43,102,6,161,140,71,135
71,Dicronychus cinereus,Arthropoda,Insecta,Coleoptera,Elateridae,Dicronychus,Dicronychus-cinereus-COI,Insecta/Coleoptera/Elateridae/Dicronychus-cinereus,15,18,2,21,14,72,136
72,Malthodes fragilis,Arthropoda,Insecta,Coleoptera,Cantharidae,Malthodes,Malthodes-fragilis-COI,Insecta/Coleoptera/Cantharidae/Malthodes-fragilis,17,1157,3,35,23,73,137
73,Culicoides obsoletus,Arthropoda,Insecta,Diptera,Ceratopogonidae,Culicoides,Culicoides-obsoletus-COI,Insecta/Diptera/Ceratopogonidae/Culicoides-obsoletus,118,982,18,1282,1215,74,138
74,Helia sueroides,Arthropoda,Insecta,Lepidoptera,Noctuidae,Helia,Helia-sueroides-COI,Insecta/Lepidoptera/Noctuidae/Helia-sueroides,57,93,9,333,299,75,139
75,Meragisa albescens,Arthropoda,Insecta,Lepidoptera,Notodontidae,Meragisa,Meragisa-albescens-COI,Insecta/Lepidoptera/Notodontidae/Meragisa-albescens,23,34,3,40,31,76,140
76,Pseudohermonassa tenuicula,Arthropoda,Insecta,Lepidoptera,Noctuidae,Pseudohermonassa,Pseudohermonassa-tenuicula-COI,Insecta/Lepidoptera/Noctuidae/Pseudohermonassa-tenuicula,14,25,2,16,10,77,141
77,Harpactus affinis,Arthropoda,Insecta,Hymenoptera,Crabronidae,Harpactus,Harpactus-affinis-COI,Insecta/Hymenoptera/Crabronidae/Harpactus-affinis,24,73,4,68,53,78,145
78,Dysschema viuda,Arthropoda,Insecta,Lepidoptera,Arctiidae,Dysschema,Dysschema-viuda-COI,Insecta/Lepidoptera/Arctiidae/Dysschema-viuda,37,94,6,158,135,79,146
79,Ypsolopha alpella,Arthropoda,Insecta,Lepidoptera,Ypsolophidae,Ypsolopha,Ypsolopha-alpella-COI,Insecta/Lepidoptera/Ypsolophidae/Ypsolopha-alpella,12,18,2,12,9,80,147
80,Agriotes lineatus,Arthropoda,Insecta,Coleoptera,Elateridae,Agriotes,Agriotes-lineatus-COI,Insecta/Coleoptera/Elateridae/Agriotes-lineatus,26,36,4,64,51,81,149
81,Acentrella lapponica,Arthropoda,Insecta,Ephemeroptera,Baetidae,Acentrella,Acentrella-lapponica-COI,Insecta/Ephemeroptera/Baetidae/Acentrella-lapponica,15,46,2,21,14,82,150
82,Morys micythus,Arthropoda,Insecta,Lepidoptera,Hesperiidae,Morys,Morys-micythus-COI,Insecta/Lepidoptera/Hesperiidae/Morys-micythus,22,195,3,43,33,83,152
83,Silvanus bidentatus,Arthropoda,Insecta,Coleoptera,Silvanidae,Silvanus,Silvanus-bidentatus-COI,Insecta/Coleoptera/Silvanidae/Silvanus-bidentatus,15,17,2,23,14,84,155
84,Ohlertidion ohlerti,Arthropoda,Arachnida,Araneae,Theridiidae,Ohlertidion,Ohlertidion-ohlerti-COI,Arachnida/Araneae/Theridiidae/Ohlertidion-ohlerti,43,81,6,160,130,85,157
85,Camponotus planatus,Arthropoda,Insecta,Hymenoptera,Formicidae,Camponotus,Camponotus-planatus-COI,Insecta/Hymenoptera/Formicidae/Camponotus-planatus,14,70,2,21,13,86,159
86,Laccophilus biguttatus,Arthropoda,Insecta,Coleoptera,Dytiscidae,Laccophilus,Laccophilus-biguttatus-COI,Insecta/Coleoptera/Dytiscidae/Laccophilus-biguttatus,14,26,2,20,13,87,161
87,Lacinipolia vicina,Arthropoda,Insecta,Lepidoptera,Noctuidae,Lacinipolia,Lacinipolia-vicina-COI,Insecta/Lepidoptera/Noctuidae/Lacinipolia-vicina,18,32,3,39,28,88,163
88,Enallagma hageni,Arthropoda,Insecta,Odonata,Coenagrionidae,Enallagma,Enallagma-hageni-COI,Insecta/Odonata/Coenagrionidae/Enallagma-hageni,51,176,8,271,238,89,164
89,Phaeoblemma apicata,Arthropoda,Insecta,Lepidoptera,Noctuidae,Phaeoblemma,Phaeoblemma-apicata-COI,Insecta/Lepidoptera/Noctuidae/Phaeoblemma-apicata,31,50,5,100,84,90,166
90,Encarsia citrina,Arthropoda,Insecta,Hymenoptera,Aphelinidae,Encarsia,Encarsia-citrina-COI,Insecta/Hymenoptera/Aphelinidae/Encarsia-citrina,30,133,5,104,84,91,169
91,Gonatium crassipalpum,Arthropoda,Arachnida,Araneae,Linyphiidae,Gonatium,Gonatium-crassipalpum-COI,Arachnida/Araneae/Linyphiidae/Gonatium-crassipalpum,14,21,2,19,11,92,170
92,Plagiolepis alluaudi,Arthropoda,Insecta,Hymenoptera,Formicidae,Plagiolepis,Plagiolepis-alluaudi-COI,Insecta/Hymenoptera/Formicidae/Plagiolepis-alluaudi,32,63,5,106,88,93,171
93,Pseudotelphusa tessella,Arthropoda,Insecta,Lepidoptera,Gelechiidae,Pseudotelphusa,Pseudotelphusa-tessella-COI,Insecta/Lepidoptera/Gelechiidae/Pseudotelphusa-tessella,13,13,2,16,10,94,172
94,Anopheles konderi,Arthropoda,Insecta,Diptera,Culicidae,Anopheles,Anopheles-konderi-COI,Insecta/Diptera/Culicidae/Anopheles-konderi,43,143,6,165,141,95,174
95,Xyleborinus attenuatus,Arthropoda,Insecta,Coleoptera,Curculionidae,Xyleborinus,Xyleborinus-attenuatus-COI,Insecta/Coleoptera/Curculionidae/Xyleborinus-attenuatus,17,22,3,39,26,96,175
96,Charitopes albilabris,Arthropoda,Insecta,Hymenoptera,Ichneumonidae,Charitopes,Charitopes-albilabris-COI,Insecta/Hymenoptera/Ichneumonidae/Charitopes-albilabris,20,33,3,41,28,97,177
97,Takifugu oblongus,Chordata,Actinopterygii,Tetraodontiformes,Tetraodontidae,Takifugu,Takifugu-oblongus-COI,Actinopterygii/Tetraodontiformes/Tetraodontidae/Takifugu-oblongus,16,19,2,20,14,98,178
98,Platypalpus prorsus,Arthropoda,Insecta,Diptera,Hybotidae,Platypalpus,Platypalpus-prorsus-COI,Insecta/Diptera/Hybotidae/Platypalpus-prorsus,12,55,2,16,9,99,179
99,Euphyia adumbraria,Arthropoda,Insecta,Lepidoptera,Geometridae,Euphyia,Euphyia-adumbraria-COI,Insecta/Lepidoptera/Geometridae/Euphyia-adumbraria,12,12,2,16,9,100,181
100,Channa lucius,Chordata,Actinopterygii,Perciformes,Channidae,Channa,Channa-lucius-COI,Actinopterygii/Perciformes/Channidae/Channa-lucius,15,17,2,19,13,101,182
101,Trioxys sunnysidensis,Arthropoda,Insecta,Hymenoptera,Braconidae,Trioxys,Trioxys-sunnysidensis-COI,Insecta/Hymenoptera/Braconidae/Trioxys-sunnysidensis,74,267,11,568,527,102,184
102,Chalybs hassan,Arthropoda,Insecta,Lepidoptera,Lycaenidae,Chalybs,Chalybs-hassan-COI,Insecta/Lepidoptera/Lycaenidae/Chalybs-hassan,13,15,2,17,11,103,185
103,Asota egens,Arthropoda,Insecta,Lepidoptera,Noctuidae,Asota,Asota-egens-COI,Insecta/Lepidoptera/Noctuidae/Asota-egens,61,82,9,354,318,104,187
104,Forcipomyia bipunctata,Arthropoda,Insecta,Diptera,Ceratopogonidae,Forcipomyia,Forcipomyia-bipunctata-COI,Insecta/Diptera/Ceratopogonidae/Forcipomyia-bipunctata,101,377,15,1067,1005,105,188
105,Elachista zernyi,Arthropoda,Insecta,Lepidoptera,Elachistidae,Elachista,Elachista-zernyi-COI,Insecta/Lepidoptera/Elachistidae/Elachista-zernyi,18,24,3,35,26,106,191
106,Rhinoncus pericarpius,Arthropoda,Insecta,Coleoptera,Curculionidae,Rhinoncus,Rhinoncus-pericarpius-COI,Insecta/Coleoptera/Curculionidae/Rhinoncus-pericarpius,24,30,4,63,48,107,192
107,Luceria oculalis,Arthropoda,Insecta,Lepidoptera,Noctuidae,Luceria,Luceria-oculalis-COI,Insecta/Lepidoptera/Noctuidae/Luceria-oculalis,12,23,2,15,10,108,193
108,Erigone autumnalis,Arthropoda,Arachnida,Araneae,Linyphiidae,Erigone,Erigone-autumnalis-COI,Arachnida/Araneae/Linyphiidae/Erigone-autumnalis,37,56,6,161,138,109,197
109,Bembidion assimile,Arthropoda,Insecta,Coleoptera,Carabidae,Bembidion,Bembidion-assimile-COI,Insecta/Coleoptera/Carabidae/Bembidion-assimile,22,32,3,46,36,110,198
110,Coenosia campestris,Arthropoda,Insecta,Diptera,Muscidae,Coenosia,Coenosia-campestris-COI,Insecta/Diptera/Muscidae/Coenosia-campestris,50,170,8,257,227,111,199
111,Cucullia intermedia,Arthropoda,Insecta,Lepidoptera,Noctuidae,Cucullia,Cucullia-intermedia-COI,Insecta/Lepidoptera/Noctuidae/Cucullia-intermedia,16,34,2,20,13,112,200
112,Dolerus apricus,Arthropoda,Insecta,Hymenoptera,Tenthredinidae,Dolerus,Dolerus-apricus-COI,Insecta/Hymenoptera/Tenthredinidae/Dolerus-apricus,18,73,3,35,26,113,201
113,Chrysolina haemoptera,Arthropoda,Insecta,Coleoptera,Chrysomelidae,Chrysolina,Chrysolina-haemoptera-COI,Insecta/Coleoptera/Chrysomelidae/Chrysolina-haemoptera,12,15,2,16,8,114,202
114,Epinotia plumbolineana,Arthropoda,Insecta,Lepidoptera,Tortricidae,Epinotia,Epinotia-plumbolineana-COI,Insecta/Lepidoptera/Tortricidae/Epinotia-plumbolineana,13,22,2,16,11,115,203
115,Epiblema grandaevana,Arthropoda,Insecta,Lepidoptera,Tortricidae,Epiblema,Epiblema-grandaevana-COI,Insecta/Lepidoptera/Tortricidae/Epiblema-grandaevana,21,31,3,39,28,116,205
116,Aphaenogaster rudis,Arthropoda,Insecta,Hymenoptera,Formicidae,Aphaenogaster,Aphaenogaster-rudis-COI,Insecta/Hymenoptera/Formicidae/Aphaenogaster-rudis,16,26,2,25,17,117,208
117,Oscinisoma alienum,Arthropoda,Insecta,Diptera,Chloropidae,Oscinisoma,Oscinisoma-alienum-COI,Insecta/Diptera/Chloropidae/Oscinisoma-alienum,15,24,2,21,13,118,210
118,Lythrypnus nesiotes,Chordata,Actinopterygii,Perciformes,Gobiidae,Lythrypnus,Lythrypnus-nesiotes-COI,Actinopterygii/Perciformes/Gobiidae/Lythrypnus-nesiotes,17,27,3,37,25,119,211
119,Ostichthys japonicus,Chordata,Actinopterygii,Beryciformes,Holocentridae,Ostichthys,Ostichthys-japonicus-COI,Actinopterygii/Beryciformes/Holocentridae/Ostichthys-japonicus,13,22,2,20,12,120,213
120,Ecrobia ventrosa,Mollusca,Gastropoda,Littorinimorpha,Hydrobiidae,Ecrobia,Ecrobia-ventrosa-COI,Gastropoda/Littorinimorpha/Hydrobiidae/Ecrobia-ventrosa,13,13,2,17,9,121,214
121,Erebia mackinleyensis,Arthropoda,Insecta,Lepidoptera,Nymphalidae,Erebia,Erebia-mackinleyensis-COI,Insecta/Lepidoptera/Nymphalidae/Erebia-mackinleyensis,17,25,3,36,24,122,218
122,Bactromyia aurulenta,Arthropoda,Insecta,Diptera,Tachinidae,Bactromyia,Bactromyia-aurulenta-COI,Insecta/Diptera/Tachinidae/Bactromyia-aurulenta,18,23,3,36,27,123,221
123,Plebejus orbitulus,Arthropoda,Insecta,Lepidoptera,Lycaenidae,Plebejus,Plebejus-orbitulus-COI,Insecta/Lepidoptera/Lycaenidae/Plebejus-orbitulus,29,34,4,71,58,124,222
124,Allocapnia granulata,Arthropoda,Insecta,Plecoptera,Capniidae,Allocapnia,Allocapnia-granulata-COI,Insecta/Plecoptera/Capniidae/Allocapnia-granulata,15,20,2,22,14,125,224
125,Trosia nigropunctigera,Arthropoda,Insecta,Lepidoptera,Megalopygidae,Trosia,Trosia-nigropunctigera-COI,Insecta/Lepidoptera/Megalopygidae/Trosia-nigropunctigera,30,64,5,97,80,126,225
126,Phyllonorycter salicicolella,Arthropoda,Insecta,Lepidoptera,Gracillariidae,Phyllonorycter,Phyllonorycter-salicicolella-COI,Insecta/Lepidoptera/Gracillariidae/Phyllonorycter-salicicolella,54,77,8,265,235,127,227
127,Lacinipolia martini,Arthropoda,Insecta,Lepidoptera,Noctuidae,Lacinipolia,Lacinipolia-martini-COI,Insecta/Lepidoptera/Noctuidae/Lacinipolia-martini,12,24,2,16,10,128,231
128,Tetrapturus pfluegeri,Chordata,Actinopterygii,Perciformes,Istiophoridae,Tetrapturus,Tetrapturus-pfluegeri-COI,Actinopterygii/Perciformes/Istiophoridae/Tetrapturus-pfluegeri,14,18,2,20,13,129,233
129,Cacostatia saphira,Arthropoda,Insecta,Lepidoptera,Arctiidae,Cacostatia,Cacostatia-saphira-COI,Insecta/Lepidoptera/Arctiidae/Cacostatia-saphira,20,27,3,36,26,130,234
130,Ischnura elegans,Arthropoda,Insecta,Odonata,Coenagrionidae,Ischnura,Ischnura-elegans-COI,Insecta/Odonata/Coenagrionidae/Ischnura-elegans,43,66,6,172,149,131,238
131,Dichomeris ochripalpella,Arthropoda,Insecta,Lepidoptera,Gelechiidae,Dichomeris,Dichomeris-ochripalpella-COI,Insecta/Lepidoptera/Gelechiidae/Dichomeris-ochripalpella,22,82,3,44,34,132,239
132,Hyperomyzus lactucae,Arthropoda,Insecta,Hemiptera,Aphididae,Hyperomyzus,Hyperomyzus-lactucae-COI,Insecta/Hemiptera/Aphididae/Hyperomyzus-lactucae,54,82,8,266,238,133,241
133,Trichocorixa verticalis,Arthropoda,Insecta,Hemiptera,Corixidae,Trichocorixa,Trichocorixa-verticalis-COI,Insecta/Hemiptera/Corixidae/Trichocorixa-verticalis,14,264,2,21,13,134,242
134,Phyllonorycter coryli,Arthropoda,Insecta,Lepidoptera,Gracillariidae,Phyllonorycter,Phyllonorycter-coryli-COI,Insecta/Lepidoptera/Gracillariidae/Phyllonorycter-coryli,38,48,6,163,139,135,243
135,Crematogaster kelleri,Arthropoda,Insecta,Hymenoptera,Formicidae,Crematogaster,Crematogaster-kelleri-COI,Insecta/Hymenoptera/Formicidae/Crematogaster-kelleri,24,51,4,60,48,136,245
136,Eupithecia succenturiata,Arthropoda,Insecta,Lepidoptera,Geometridae,Eupithecia,Eupithecia-succenturiata-COI,Insecta/Lepidoptera/Geometridae/Eupithecia-succenturiata,14,15,2,21,13,137,246
137,Meloboris collector,Arthropoda,Insecta,Hymenoptera,Ichneumonidae,Meloboris,Meloboris-collector-COI,Insecta/Hymenoptera/Ichneumonidae/Meloboris-collector,13,13,2,17,10,138,247
138,Longitarsus luridus,Arthropoda,Insecta,Coleoptera,Chrysomelidae,Longitarsus,Longitarsus-luridus-COI,Insecta/Coleoptera/Chrysomelidae/Longitarsus-luridus,39,58,6,143,121,139,248
139,Oryba achemenides,Arthropoda,Insecta,Lepidoptera,Sphingidae,Oryba,Oryba-achemenides-COI,Insecta/Lepidoptera/Sphingidae/Oryba-achemenides,15,43,2,19,13,140,249
140,Minilimosina intercepta,Arthropoda,Insecta,Diptera,Sphaeroceridae,Minilimosina,Minilimosina-intercepta-COI,Insecta/Diptera/Sphaeroceridae/Minilimosina-intercepta,14,29,2,17,9,141,250
141,Sebastes ensifer,Chordata,Actinopterygii,Scorpaeniformes,Sebastidae,Sebastes,Sebastes-ensifer-COI,Actinopterygii/Scorpaeniformes/Sebastidae/Sebastes-ensifer,14,22,2,20,13,142,251
142,Orthocentrus spurius,Arthropoda,Insecta,Hymenoptera,Ichneumonidae,Orthocentrus,Orthocentrus-spurius-COI,Insecta/Hymenoptera/Ichneumonidae/Orthocentrus-spurius,49,127,7,216,191,143,252
143,Semioscopis inornata,Arthropoda,Insecta,Lepidoptera,Elachistidae,Semioscopis,Semioscopis-inornata-COI,Insecta/Lepidoptera/Elachistidae/Semioscopis-inornata,16,93,2,22,15,144,253
144,Seioptera vibrans,Arthropoda,Insecta,Diptera,Ulidiidae,Seioptera,Seioptera-vibrans-COI,Insecta/Diptera/Ulidiidae/Seioptera-vibrans,13,17,2,18,10,145,256
145,Megaselia hirticrus,Arthropoda,Insecta,Diptera,Phoridae,Megaselia,Megaselia-hirticrus-COI,Insecta/Diptera/Phoridae/Megaselia-hirticrus,123,723,18,1478,1402,146,257
146,Margarosticha repetitalis,Arthropoda,Insecta,Lepidoptera,Crambidae,Margarosticha,Margarosticha-repetitalis-COI,Insecta/Lepidoptera/Crambidae/Margarosticha-repetitalis,13,29,2,16,11,147,259
147,Agriotes pilosellus,Arthropoda,Insecta,Coleoptera,Elateridae,Agriotes,Agriotes-pilosellus-COI,Insecta/Coleoptera/Elateridae/Agriotes-pilosellus,19,20,3,39,28,148,260
148,Omonadus floralis,Arthropoda,Insecta,Coleoptera,Anthicidae,Omonadus,Omonadus-floralis-COI,Insecta/Coleoptera/Anthicidae/Omonadus-floralis,13,14,2,18,12,149,266
149,Eurytemora affinis,Arthropoda,Hexanauplia,Calanoida,Temoridae,Eurytemora,Eurytemora-affinis-COI,Hexanauplia/Calanoida/Temoridae/Eurytemora-affinis,27,317,4,75,59,150,269
150,Dryomyza anilis,Arthropoda,Insecta,Diptera,Dryomyzidae,Dryomyza,Dryomyza-anilis-COI,Insecta/Diptera/Dryomyzidae/Dryomyza-anilis,112,390,17,1266,1196,151,271
151,Adelpha iphiclus,Arthropoda,Insecta,Lepidoptera,Nymphalidae,Adelpha,Adelpha-iphiclus-COI,Insecta/Lepidoptera/Nymphalidae/Adelpha-iphiclus,26,55,4,66,49,152,273
152,Psychoda satchelli,Arthropoda,Insecta,Diptera,Psychodidae,Psychoda,Psychoda-satchelli-COI,Insecta/Diptera/Psychodidae/Psychoda-satchelli,28,74,4,69,56,153,274
153,Cymothoe caenis,Arthropoda,Insecta,Lepidoptera,Nymphalidae,Cymothoe,Cymothoe-caenis-COI,Insecta/Lepidoptera/Nymphalidae/Cymothoe-caenis,21,51,3,41,32,154,275
154,Chaetocladius perennis,Arthropoda,Insecta,Diptera,Chironomidae,Chaetocladius,Chaetocladius-perennis-COI,Insecta/Diptera/Chironomidae/Chaetocladius-perennis,19,46,3,33,24,155,278
155,Psychoda gemina,Arthropoda,Insecta,Diptera,Psychodidae,Psychoda,Psychoda-gemina-COI,Insecta/Diptera/Psychodidae/Psychoda-gemina,15,80,2,22,14,156,280
156,Euxoa castanea,Arthropoda,Insecta,Lepidoptera,Noctuidae,Euxoa,Euxoa-castanea-COI,Insecta/Lepidoptera/Noctuidae/Euxoa-castanea,46,80,7,208,182,157,285
157,Eusarca asteria,Arthropoda,Insecta,Lepidoptera,Geometridae,Eusarca,Eusarca-asteria-COI,Insecta/Lepidoptera/Geometridae/Eusarca-asteria,26,76,4,69,53,158,288
158,Anyphaena pacifica,Arthropoda,Arachnida,Araneae,Anyphaenidae,Anyphaena,Anyphaena-pacifica-COI,Arachnida/Araneae/Anyphaenidae/Anyphaena-pacifica,15,26,2,18,12,159,290
159,Xylorycta strigata,Arthropoda,Insecta,Lepidoptera,Oecophoridae,Xylorycta,Xylorycta-strigata-COI,Insecta/Lepidoptera/Oecophoridae/Xylorycta-strigata,15,24,2,17,12,160,296
160,Scoliopteryx libatrix,Arthropoda,Insecta,Lepidoptera,Erebidae,Scoliopteryx,Scoliopteryx-libatrix-COI,Insecta/Lepidoptera/Erebidae/Scoliopteryx-libatrix,60,67,9,363,324,161,299
161,Tricimba trisulcata,Arthropoda,Insecta,Diptera,Chloropidae,Tricimba,Tricimba-trisulcata-COI,Insecta/Diptera/Chloropidae/Tricimba-trisulcata,24,40,4,60,47,162,300
162,Microtendipes pedellus,Arthropoda,Insecta,Diptera,Chironomidae,Microtendipes,Microtendipes-pedellus-COI,Insecta/Diptera/Chironomidae/Microtendipes-pedellus,47,346,7,234,202,163,302
163,Sciota basilaris,Arthropoda,Insecta,Lepidoptera,Pyralidae,Sciota,Sciota-basilaris-COI,Insecta/Lepidoptera/Pyralidae/Sciota-basilaris,17,30,3,37,26,164,303
164,Orthodes majuscula,Arthropoda,Insecta,Lepidoptera,Noctuidae,Orthodes,Orthodes-majuscula-COI,Insecta/Lepidoptera/Noctuidae/Orthodes-majuscula,33,48,5,105,87,165,308
165,Bombus pratorum,Arthropoda,Insecta,Hymenoptera,Apidae,Bombus,Bombus-pratorum-COI,Insecta/Hymenoptera/Apidae/Bombus-pratorum,33,55,5,107,87,166,310
166,Maso sundevalli,Arthropoda,Arachnida,Araneae,Linyphiidae,Maso,Maso-sundevalli-COI,Arachnida/Araneae/Linyphiidae/Maso-sundevalli,32,69,5,102,83,167,311
167,Tetragnatha javana,Arthropoda,Arachnida,Araneae,Tetragnathidae,Tetragnatha,Tetragnatha-javana-COI,Arachnida/Araneae/Tetragnathidae/Tetragnatha-javana,13,44,2,19,12,168,312
168,Oecanthus nigricornis,Arthropoda,Insecta,Orthoptera,Gryllidae,Oecanthus,Oecanthus-nigricornis-COI,Insecta/Orthoptera/Gryllidae/Oecanthus-nigricornis,12,35,2,15,9,169,313
169,Macrocera zetterstedti,Arthropoda,Insecta,Diptera,Keroplatidae,Macrocera,Macrocera-zetterstedti-COI,Insecta/Diptera/Keroplatidae/Macrocera-zetterstedti,12,14,2,15,10,170,314
170,Polypedilum nubifer,Arthropoda,Insecta,Diptera,Chironomidae,Polypedilum,Polypedilum-nubifer-COI,Insecta/Diptera/Chironomidae/Polypedilum-nubifer,22,57,3,41,31,171,316
171,Enicospilus hacha,Arthropoda,Insecta,Hymenoptera,Ichneumonidae,Enicospilus,Enicospilus-hacha-COI,Insecta/Hymenoptera/Ichneumonidae/Enicospilus-hacha,20,60,3,38,28,172,317
172,Opogona omoscopa,Arthropoda,Insecta,Lepidoptera,Tineidae,Opogona,Opogona-omoscopa-COI,Insecta/Lepidoptera/Tineidae/Opogona-omoscopa,21,91,3,37,26,173,321
173,Triaenodes tardus,Arthropoda,Insecta,Trichoptera,Leptoceridae,Triaenodes,Triaenodes-tardus-COI,Insecta/Trichoptera/Leptoceridae/Triaenodes-tardus,40,83,6,168,143,174,324
174,Amorbia revolutana,Arthropoda,Insecta,Lepidoptera,Tortricidae,Amorbia,Amorbia-revolutana-COI,Insecta/Lepidoptera/Tortricidae/Amorbia-revolutana,47,83,7,221,192,175,326
175,Ceratinella alaskae,Arthropoda,Arachnida,Araneae,Linyphiidae,Ceratinella,Ceratinella-alaskae-COI,Arachnida/Araneae/Linyphiidae/Ceratinella-alaskae,14,34,2,19,12,176,328
176,Athous subfuscus,Arthropoda,Insecta,Coleoptera,Elateridae,Athous,Athous-subfuscus-COI,Insecta/Coleoptera/Elateridae/Athous-subfuscus,25,27,4,70,54,177,329
177,Cecrita daona,Arthropoda,Insecta,Lepidoptera,Notodontidae,Cecrita,Cecrita-daona-COI,Insecta/Lepidoptera/Notodontidae/Cecrita-daona,68,118,10,446,405,178,330
178,Dolichomitus annulicornis,Arthropoda,Insecta,Hymenoptera,Ichneumonidae,Dolichomitus,Dolichomitus-annulicornis-COI,Insecta/Hymenoptera/Ichneumonidae/Dolichomitus-annulicornis,15,20,2,20,14,179,333
179,Oecanthus niveus,Arthropoda,Insecta,Orthoptera,Gryllidae,Oecanthus,Oecanthus-niveus-COI,Insecta/Orthoptera/Gryllidae/Oecanthus-niveus,17,28,3,37,27,180,336
180,Herbita aglausaria,Arthropoda,Insecta,Lepidoptera,Geometridae,Herbita,Herbita-aglausaria-COI,Insecta/Lepidoptera/Geometridae/Herbita-aglausaria,14,69,2,19,12,181,338
181,Ampelisca macrocephala,Arthropoda,Malacostraca,Amphipoda,Ampeliscidae,Ampelisca,Ampelisca-macrocephala-COI,Malacostraca/Amphipoda/Ampeliscidae/Ampelisca-macrocephala,12,41,2,17,10,182,339
182,Hydrotaea militaris,Arthropoda,Insecta,Diptera,Muscidae,Hydrotaea,Hydrotaea-militaris-COI,Insecta/Diptera/Muscidae/Hydrotaea-militaris,56,178,8,305,270,183,340
183,Hippotion rosetta,Arthropoda,Insecta,Lepidoptera,Sphingidae,Hippotion,Hippotion-rosetta-COI,Insecta/Lepidoptera/Sphingidae/Hippotion-rosetta,23,40,3,45,34,184,345
184,Prochoerodes forficaria,Arthropoda,Insecta,Lepidoptera,Geometridae,Prochoerodes,Prochoerodes-forficaria-COI,Insecta/Lepidoptera/Geometridae/Prochoerodes-forficaria,28,50,4,74,58,185,347
185,Idaea dimidiata,Arthropoda,Insecta,Lepidoptera,Geometridae,Idaea,Idaea-dimidiata-COI,Insecta/Lepidoptera/Geometridae/Idaea-dimidiata,75,136,11,511,471,186,350
186,Sandava xylistis,Arthropoda,Insecta,Lepidoptera,Noctuidae,Sandava,Sandava-xylistis-COI,Insecta/Lepidoptera/Noctuidae/Sandava-xylistis,12,15,2,14,8,187,352
187,Agapostemon texanus,Arthropoda,Insecta,Hymenoptera,Halictidae,Agapostemon,Agapostemon-texanus-COI,Insecta/Hymenoptera/Halictidae/Agapostemon-texanus,32,51,5,98,79,188,353
188,Pheidole bessonii,Arthropoda,Insecta,Hymenoptera,Formicidae,Pheidole,Pheidole-bessonii-COI,Insecta/Hymenoptera/Formicidae/Pheidole-bessonii,16,25,2,20,14,189,354
189,Oedemera flavipes,Arthropoda,Insecta,Coleoptera,Oedemeridae,Oedemera,Oedemera-flavipes-COI,Insecta/Coleoptera/Oedemeridae/Oedemera-flavipes,16,26,2,22,15,190,355
190,Otiorhynchus gemmatus,Arthropoda,Insecta,Coleoptera,Curculionidae,Otiorhynchus,Otiorhynchus-gemmatus-COI,Insecta/Coleoptera/Curculionidae/Otiorhynchus-gemmatus,12,19,2,19,10,191,360
191,Tortricidia testacea,Arthropoda,Insecta,Lepidoptera,Limacodidae,Tortricidia,Tortricidia-testacea-COI,Insecta/Lepidoptera/Limacodidae/Tortricidia-testacea,27,52,4,71,58,192,362
192,Stygnocoris rusticus,Arthropoda,Insecta,Hemiptera,Rhyparochromidae,Stygnocoris,Stygnocoris-rusticus-COI,Insecta/Hemiptera/Rhyparochromidae/Stygnocoris-rusticus,15,16,2,19,12,193,363
193,Abrochocis esperanza,Arthropoda,Insecta,Lepidoptera,Arctiidae,Abrochocis,Abrochocis-esperanza-COI,Insecta/Lepidoptera/Arctiidae/Abrochocis-esperanza,12,50,2,18,9,194,364
194,Euglyphis gutturalis,Arthropoda,Insecta,Lepidoptera,Lasiocampidae,Euglyphis,Euglyphis-gutturalis-COI,Insecta/Lepidoptera/Lasiocampidae/Euglyphis-gutturalis,40,57,6,162,141,195,367
195,Euxoa punctigera,Arthropoda,Insecta,Lepidoptera,Noctuidae,Euxoa,Euxoa-punctigera-COI,Insecta/Lepidoptera/Noctuidae/Euxoa-punctigera,12,20,2,16,10,196,368
196,Raja miraletus,Chordata,Elasmobranchii,Rajiformes,Rajidae,Raja,Raja-miraletus-COI,Elasmobranchii/Rajiformes/Rajidae/Raja-miraletus,26,58,4,70,55,197,370
197,Nascus paulliniae,Arthropoda,Insecta,Lepidoptera,Hesperiidae,Nascus,Nascus-paulliniae-COI,Insecta/Lepidoptera/Hesperiidae/Nascus-paulliniae,17,22,3,36,25,198,371
198,Agrotis segetum,Arthropoda,Insecta,Lepidoptera,Noctuidae,Agrotis,Agrotis-segetum-COI,Insecta/Lepidoptera/Noctuidae/Agrotis-segetum,62,84,9,359,326,199,372
199,Aphis farinosa,Arthropoda,Insecta,Hemiptera,Aphididae,Aphis,Aphis-farinosa-COI,Insecta/Hemiptera/Aphididae/Aphis-farinosa,37,46,6,150,127,200,375
200,Tenuiphantes zebra,Arthropoda,Arachnida,Araneae,Linyphiidae,Tenuiphantes,Tenuiphantes-zebra-COI,Arachnida/Araneae/Linyphiidae/Tenuiphantes-zebra,44,123,7,199,174,201,376
201,Antrodiaetus pacificus,Arthropoda,Arachnida,Araneae,Antrodiaetidae,Antrodiaetus,Antrodiaetus-pacificus-COI,Arachnida/Araneae/Antrodiaetidae/Antrodiaetus-pacificus,14,18,2,20,13,202,377
202,Amara alpina,Arthropoda,Insecta,Coleoptera,Carabidae,Amara,Amara-alpina-COI,Insecta/Coleoptera/Carabidae/Amara-alpina,41,57,6,177,154,203,380
203,Carpatolechia belangerella,Arthropoda,Insecta,Lepidoptera,Gelechiidae,Carpatolechia,Carpatolechia-belangerella-COI,Insecta/Lepidoptera/Gelechiidae/Carpatolechia-belangerella,48,169,7,223,196,204,381
204,Euzophera semifuneralis,Arthropoda,Insecta,Lepidoptera,Pyralidae,Euzophera,Euzophera-semifuneralis-COI,Insecta/Lepidoptera/Pyralidae/Euzophera-semifuneralis,16,25,2,23,15,205,384
205,Suillia quinquepunctata,Arthropoda,Insecta,Diptera,Heleomyzidae,Suillia,Suillia-quinquepunctata-COI,Insecta/Diptera/Heleomyzidae/Suillia-quinquepunctata,34,264,5,128,108,206,385
206,Athetis maculatra,Arthropoda,Insecta,Lepidoptera,Noctuidae,Athetis,Athetis-maculatra-COI,Insecta/Lepidoptera/Noctuidae/Athetis-maculatra,13,21,2,17,11,207,386
207,Galathowenia oculata,Annelida,Polychaeta,Sabellida,Oweniidae,Galathowenia,Galathowenia-oculata-COI,Polychaeta/Sabellida/Oweniidae/Galathowenia-oculata,15,33,2,22,13,208,387
208,Cybaeus morosus,Arthropoda,Arachnida,Araneae,Cybaeidae,Cybaeus,Cybaeus-morosus-COI,Arachnida/Araneae/Cybaeidae/Cybaeus-morosus,13,28,2,21,13,209,390
209,Anasimyia anausis,Arthropoda,Insecta,Diptera,Syrphidae,Anasimyia,Anasimyia-anausis-COI,Insecta/Diptera/Syrphidae/Anasimyia-anausis,19,114,3,35,25,210,391
210,Rhadiurgus variabilis,Arthropoda,Insecta,Diptera,Asilidae,Rhadiurgus,Rhadiurgus-variabilis-COI,Insecta/Diptera/Asilidae/Rhadiurgus-variabilis,13,17,2,19,12,211,392
211,Aclastus gracilis,Arthropoda,Insecta,Hymenoptera,Ichneumonidae,Aclastus,Aclastus-gracilis-COI,Insecta/Hymenoptera/Ichneumonidae/Aclastus-gracilis,98,322,15,961,902,212,393
212,Mecaphesa celer,Arthropoda,Arachnida,Araneae,Thomisidae,Mecaphesa,Mecaphesa-celer-COI,Arachnida/Araneae/Thomisidae/Mecaphesa-celer,15,50,2,20,14,213,396
213,Trichonta submaculata,Arthropoda,Insecta,Diptera,Mycetophilidae,Trichonta,Trichonta-submaculata-COI,Insecta/Diptera/Mycetophilidae/Trichonta-submaculata,15,26,2,20,14,214,397
214,Helix pomatia,Mollusca,Gastropoda,Stylommatophora,Helicidae,Helix,Helix-pomatia-COI,Gastropoda/Stylommatophora/Helicidae/Helix-pomatia,14,14,2,20,13,215,401
215,Holbrookia maculata,Chordata,Reptilia,Squamata,Phrynosomatidae,Holbrookia,Holbrookia-maculata-COI,Reptilia/Squamata/Phrynosomatidae/Holbrookia-maculata,13,16,2,18,11,216,402
216,Profenusa thomsoni,Arthropoda,Insecta,Hymenoptera,Tenthredinidae,Profenusa,Profenusa-thomsoni-COI,Insecta/Hymenoptera/Tenthredinidae/Profenusa-thomsoni,23,55,3,40,30,217,405
217,Sipunculus nudus,Sipuncula,Sipunculidea,Sipunculiformes,Sipunculidae,Sipunculus,Sipunculus-nudus-COI,Sipunculidea/Sipunculiformes/Sipunculidae/Sipunculus-nudus,12,35,2,17,10,218,406
218,Dolerus gessneri,Arthropoda,Insecta,Hymenoptera,Tenthredinidae,Dolerus,Dolerus-gessneri-COI,Insecta/Hymenoptera/Tenthredinidae/Dolerus-gessneri,36,76,5,121,101,219,407
219,Agapostemon sericeus,Arthropoda,Insecta,Hymenoptera,Halictidae,Agapostemon,Agapostemon-sericeus-COI,Insecta/Hymenoptera/Halictidae/Agapostemon-sericeus,21,48,3,46,35,220,411
220,Denticollis denticornis,Arthropoda,Insecta,Coleoptera,Elateridae,Denticollis,Denticollis-denticornis-COI,Insecta/Coleoptera/Elateridae/Denticollis-denticornis,17,25,3,32,22,221,412
221,Platypalpus trivialis,Arthropoda,Insecta,Diptera,Hybotidae,Platypalpus,Platypalpus-trivialis-COI,Insecta/Diptera/Hybotidae/Platypalpus-trivialis,19,72,3,36,25,222,413
222,Hemeroplanis floccalis,Arthropoda,Insecta,Lepidoptera,Erebidae,Hemeroplanis,Hemeroplanis-floccalis-COI,Insecta/Lepidoptera/Erebidae/Hemeroplanis-floccalis,32,53,5,108,88,223,415
223,Graphiphora augur,Arthropoda,Insecta,Lepidoptera,Noctuidae,Graphiphora,Graphiphora-augur-COI,Insecta/Lepidoptera/Noctuidae/Graphiphora-augur,99,228,15,973,915,224,419
224,Chaetodon lunulatus,Chordata,Actinopterygii,Perciformes,Chaetodontidae,Chaetodon,Chaetodon-lunulatus-COI,Actinopterygii/Perciformes/Chaetodontidae/Chaetodon-lunulatus,15,22,2,19,11,225,420
225,Rhamphomyia umbrosa,Arthropoda,Insecta,Diptera,Empididae,Rhamphomyia,Rhamphomyia-umbrosa-COI,Insecta/Diptera/Empididae/Rhamphomyia-umbrosa,12,45,2,16,9,226,421
226,Catocala lineella,Arthropoda,Insecta,Lepidoptera,Erebidae,Catocala,Catocala-lineella-COI,Insecta/Lepidoptera/Erebidae/Catocala-lineella,45,83,7,193,171,227,422
227,Dysodia spissicornis,Arthropoda,Insecta,Lepidoptera,Thyrididae,Dysodia,Dysodia-spissicornis-COI,Insecta/Lepidoptera/Thyrididae/Dysodia-spissicornis,94,439,14,860,806,228,425
228,Farigia montana,Arthropoda,Insecta,Lepidoptera,Notodontidae,Farigia,Farigia-montana-COI,Insecta/Lepidoptera/Notodontidae/Farigia-montana,53,99,8,276,245,229,426
229,Magelona fasciata,Annelida,Polychaeta,Spionida,Magelonidae,Magelona,Magelona-fasciata-COI,Polychaeta/Spionida/Magelonidae/Magelona-fasciata,13,14,2,18,12,230,427
230,Metaxmeste phrygialis,Arthropoda,Insecta,Lepidoptera,Crambidae,Metaxmeste,Metaxmeste-phrygialis-COI,Insecta/Lepidoptera/Crambidae/Metaxmeste-phrygialis,18,21,3,40,26,231,428
231,Siphona cristata,Arthropoda,Insecta,Diptera,Tachinidae,Siphona,Siphona-cristata-COI,Insecta/Diptera/Tachinidae/Siphona-cristata,16,30,2,23,15,232,429
232,Peleteria iterans,Arthropoda,Insecta,Diptera,Tachinidae,Peleteria,Peleteria-iterans-COI,Insecta/Diptera/Tachinidae/Peleteria-iterans,14,81,2,22,13,233,430
233,Thera juniperata,Arthropoda,Insecta,Lepidoptera,Geometridae,Thera,Thera-juniperata-COI,Insecta/Lepidoptera/Geometridae/Thera-juniperata,35,117,5,118,96,234,431
234,Calliphora latifrons,Arthropoda,Insecta,Diptera,Calliphoridae,Calliphora,Calliphora-latifrons-COI,Insecta/Diptera/Calliphoridae/Calliphora-latifrons,40,127,6,159,136,235,433
235,Mesocriconema xenoplax,Nematoda,Chromadorea,Tylenchida,Criconematidae,Mesocriconema,Mesocriconema-xenoplax-COI,Chromadorea/Tylenchida/Criconematidae/Mesocriconema-xenoplax,67,216,10,418,382,236,434
236,Chaetochlorops inquilinus,Arthropoda,Insecta,Diptera,Chloropidae,Chaetochlorops,Chaetochlorops-inquilinus-COI,Insecta/Diptera/Chloropidae/Chaetochlorops-inquilinus,14,38,2,19,12,237,435
237,Culicoides montanus,Arthropoda,Insecta,Diptera,Ceratopogonidae,Culicoides,Culicoides-montanus-COI,Insecta/Diptera/Ceratopogonidae/Culicoides-montanus,14,36,2,19,13,238,436
238,Trioxys pallidus,Arthropoda,Insecta,Hymenoptera,Braconidae,Trioxys,Trioxys-pallidus-COI,Insecta/Hymenoptera/Braconidae/Trioxys-pallidus,13,13,2,19,11,239,438
239,Targalla delatrix,Arthropoda,Insecta,Lepidoptera,Euteliidae,Targalla,Targalla-delatrix-COI,Insecta/Lepidoptera/Euteliidae/Targalla-delatrix,15,24,2,18,13,240,442
240,Melanargia ines,Arthropoda,Insecta,Lepidoptera,Nymphalidae,Melanargia,Melanargia-ines-COI,Insecta/Lepidoptera/Nymphalidae/Melanargia-ines,33,46,5,105,85,241,444
241,Orthocladius smolandicus,Arthropoda,Insecta,Diptera,Chironomidae,Orthocladius,Orthocladius-smolandicus-COI,Insecta/Diptera/Chironomidae/Orthocladius-smolandicus,19,53,3,37,26,242,446
242,Polydesmus angustus,Arthropoda,Diplopoda,Polydesmida,Polydesmidae,Polydesmus,Polydesmus-angustus-COI,Diplopoda/Polydesmida/Polydesmidae/Polydesmus-angustus,14,20,2,16,11,243,447
243,Monobia quadridens,Arthropoda,Insecta,Hymenoptera,Eumenidae,Monobia,Monobia-quadridens-COI,Insecta/Hymenoptera/Eumenidae/Monobia-quadridens,14,22,2,18,12,244,448
244,Markia hystrix,Arthropoda,Insecta,Orthoptera,Tettigoniidae,Markia,Markia-hystrix-COI,Insecta/Orthoptera/Tettigoniidae/Markia-hystrix,15,22,2,18,12,245,449
245,Omalisus fontisbellaquei,Arthropoda,Insecta,Coleoptera,Omalisidae,Omalisus,Omalisus-fontisbellaquei-COI,Insecta/Coleoptera/Omalisidae/Omalisus-fontisbellaquei,17,21,3,32,23,246,451
246,Mulloidichthys vanicolensis,Chordata,Actinopterygii,Perciformes,Mullidae,Mulloidichthys,Mulloidichthys-vanicolensis-COI,Actinopterygii/Perciformes/Mullidae/Mulloidichthys-vanicolensis,14,24,2,19,12,247,455
247,Copiopteryx semiramis,Arthropoda,Insecta,Lepidoptera,Saturniidae,Copiopteryx,Copiopteryx-semiramis-COI,Insecta/Lepidoptera/Saturniidae/Copiopteryx-semiramis,46,73,7,226,193,248,456
248,Grapholita molesta,Arthropoda,Insecta,Lepidoptera,Tortricidae,Grapholita,Grapholita-molesta-COI,Insecta/Lepidoptera/Tortricidae/Grapholita-molesta,22,38,3,42,32,249,459
249,Garella vallata,Arthropoda,Insecta,Lepidoptera,Nolidae,Garella,Garella-vallata-COI,Insecta/Lepidoptera/Nolidae/Garella-vallata,12,46,2,15,9,250,460
250,Ophonus rufibarbis,Arthropoda,Insecta,Coleoptera,Carabidae,Ophonus,Ophonus-rufibarbis-COI,Insecta/Coleoptera/Carabidae/Ophonus-rufibarbis,22,28,3,43,33,251,464
251,Augochloropsis metallica,Arthropoda,Insecta,Hymenoptera,Halictidae,Augochloropsis,Augochloropsis-metallica-COI,Insecta/Hymenoptera/Halictidae/Augochloropsis-metallica,12,15,2,15,8,252,465
252,Pseudomennis bipennis,Arthropoda,Insecta,Lepidoptera,Geometridae,Pseudomennis,Pseudomennis-bipennis-COI,Insecta/Lepidoptera/Geometridae/Pseudomennis-bipennis,12,19,2,18,9,253,466
253,Incurvaria praelatella,Arthropoda,Insecta,Lepidoptera,Incurvariidae,Incurvaria,Incurvaria-praelatella-COI,Insecta/Lepidoptera/Incurvariidae/Incurvaria-praelatella,15,15,2,19,13,254,467
254,Euchaetis endoleuca,Arthropoda,Insecta,Lepidoptera,Oecophoridae,Euchaetis,Euchaetis-endoleuca-COI,Insecta/Lepidoptera/Oecophoridae/Euchaetis-endoleuca,24,30,4,73,56,255,471
255,Bradysia hilaris,Arthropoda,Insecta,Diptera,Sciaridae,Bradysia,Bradysia-hilaris-COI,Insecta/Diptera/Sciaridae/Bradysia-hilaris,46,662,7,210,182,256,472
256,Amorbia emigratella,Arthropoda,Insecta,Lepidoptera,Tortricidae,Amorbia,Amorbia-emigratella-COI,Insecta/Lepidoptera/Tortricidae/Amorbia-emigratella,66,299,10,425,390,257,473
257,Anopheles oswaldoi,Arthropoda,Insecta,Diptera,Culicidae,Anopheles,Anopheles-oswaldoi-COI,Insecta/Diptera/Culicidae/Anopheles-oswaldoi,43,155,6,148,129,258,474
258,Scopelodes testacea,Arthropoda,Insecta,Lepidoptera,Limacodidae,Scopelodes,Scopelodes-testacea-COI,Insecta/Lepidoptera/Limacodidae/Scopelodes-testacea,15,15,2,20,13,259,477
259,Trichopsocus dalii,Arthropoda,Insecta,Psocodea,Trichopsocidae,Trichopsocus,Trichopsocus-dalii-COI,Insecta/Psocodea/Trichopsocidae/Trichopsocus-dalii,15,86,2,20,14,260,478
260,Hypena tenebrosa,Arthropoda,Insecta,Lepidoptera,Erebidae,Hypena,Hypena-tenebrosa-COI,Insecta/Lepidoptera/Erebidae/Hypena-tenebrosa,14,16,2,19,12,261,480
261,Aethes sexdentata,Arthropoda,Insecta,Lepidoptera,Tortricidae,Aethes,Aethes-sexdentata-COI,Insecta/Lepidoptera/Tortricidae/Aethes-sexdentata,16,30,2,20,13,262,481
262,Peckia volucris,Arthropoda,Insecta,Diptera,Sarcophagidae,Peckia,Peckia-volucris-COI,Insecta/Diptera/Sarcophagidae/Peckia-volucris,104,294,16,1020,962,263,484
263,Atheta dadopora,Arthropoda,Insecta,Coleoptera,Staphylinidae,Atheta,Atheta-dadopora-COI,Insecta/Coleoptera/Staphylinidae/Atheta-dadopora,19,36,3,36,27,264,486
264,Ametastegia pallipes,Arthropoda,Insecta,Hymenoptera,Tenthredinidae,Ametastegia,Ametastegia-pallipes-COI,Insecta/Hymenoptera/Tenthredinidae/Ametastegia-pallipes,51,71,8,269,235,265,487
265,Fannia fuscula,Arthropoda,Insecta,Diptera,Fanniidae,Fannia,Fannia-fuscula-COI,Insecta/Diptera/Fanniidae/Fannia-fuscula,21,28,3,43,34,266,488
266,Catocala briseis,Arthropoda,Insecta,Lepidoptera,Erebidae,Catocala,Catocala-briseis-COI,Insecta/Lepidoptera/Erebidae/Catocala-briseis,25,33,4,67,50,267,490
267,Hadena caesia,Arthropoda,Insecta,Lepidoptera,Noctuidae,Hadena,Hadena-caesia-COI,Insecta/Lepidoptera/Noctuidae/Hadena-caesia,20,22,3,43,31,268,492
268,Ceratina chalybea,Arthropoda,Insecta,Hymenoptera,Apidae,Ceratina,Ceratina-chalybea-COI,Insecta/Hymenoptera/Apidae/Ceratina-chalybea,14,22,2,20,13,269,494
269,Houghia delospilota,Arthropoda,Insecta,Diptera,Tachinidae,Houghia,Houghia-delospilota-COI,Insecta/Diptera/Tachinidae/Houghia-delospilota,15,22,2,22,15,270,496
270,Psychoda minuta,Arthropoda,Insecta,Diptera,Psychodidae,Psychoda,Psychoda-minuta-COI,Insecta/Diptera/Psychodidae/Psychoda-minuta,43,170,6,166,143,271,497
271,Ambulyx kuangtungensis,Arthropoda,Insecta,Lepidoptera,Sphingidae,Ambulyx,Ambulyx-kuangtungensis-COI,Insecta/Lepidoptera/Sphingidae/Ambulyx-kuangtungensis,15,18,2,17,11,272,499
272,Crocodylus suchus,Chordata,Reptilia,Crocodylia,Crocodylidae,Crocodylus,Crocodylus-suchus-COI,Reptilia/Crocodylia/Crocodylidae/Crocodylus-suchus,18,45,3,33,24,273,501
273,Adipicola iwaotakii,Mollusca,Bivalvia,Mytilida,Mytilidae,Adipicola,Adipicola-iwaotakii-COI,Bivalvia/Mytilida/Mytilidae/Adipicola-iwaotakii,25,98,4,64,50,274,504
274,Corynoptera bicuspidata,Arthropoda,Insecta,Diptera,Sciaridae,Corynoptera,Corynoptera-bicuspidata-COI,Insecta/Diptera/Sciaridae/Corynoptera-bicuspidata,43,148,6,175,152,275,505
275,Eristalis flavipes,Arthropoda,Insecta,Diptera,Syrphidae,Eristalis,Eristalis-flavipes-COI,Insecta/Diptera/Syrphidae/Eristalis-flavipes,17,18,3,30,22,276,507
276,Bisnius hyperboreus,Arthropoda,Insecta,Coleoptera,Staphylinidae,Bisnius,Bisnius-hyperboreus-COI,Insecta/Coleoptera/Staphylinidae/Bisnius-hyperboreus,18,27,3,38,28,277,508
277,Caryocolum peregrinella,Arthropoda,Insecta,Lepidoptera,Gelechiidae,Caryocolum,Caryocolum-peregrinella-COI,Insecta/Lepidoptera/Gelechiidae/Caryocolum-peregrinella,15,20,2,17,12,278,513
278,Ixodes scapularis,Arthropoda,Arachnida,Ixodida,Ixodidae,Ixodes,Ixodes-scapularis-COI,Arachnida/Ixodida/Ixodidae/Ixodes-scapularis,249,383,37,6078,5936,279,515
279,Monsoma pulveratum,Arthropoda,Insecta,Hymenoptera,Tenthredinidae,Monsoma,Monsoma-pulveratum-COI,Insecta/Hymenoptera/Tenthredinidae/Monsoma-pulveratum,29,50,4,77,62,280,516
280,Pseudoips prasinana,Arthropoda,Insecta,Lepidoptera,Nolidae,Pseudoips,Pseudoips-prasinana-COI,Insecta/Lepidoptera/Nolidae/Pseudoips-prasinana,38,46,6,158,134,281,518
281,Nascia acutellus,Arthropoda,Insecta,Lepidoptera,Crambidae,Nascia,Nascia-acutellus-COI,Insecta/Lepidoptera/Crambidae/Nascia-acutellus,14,21,2,17,11,282,519
282,Metellina segmentata,Arthropoda,Arachnida,Araneae,Tetragnathidae,Metellina,Metellina-segmentata-COI,Arachnida/Araneae/Tetragnathidae/Metellina-segmentata,26,102,4,65,52,283,520
283,Baetis hudsonicus,Arthropoda,Insecta,Ephemeroptera,Baetidae,Baetis,Baetis-hudsonicus-COI,Insecta/Ephemeroptera/Baetidae/Baetis-hudsonicus,35,89,5,132,113,284,521
284,Diodontus minutus,Arthropoda,Insecta,Hymenoptera,Crabronidae,Diodontus,Diodontus-minutus-COI,Insecta/Hymenoptera/Crabronidae/Diodontus-minutus,19,32,3,36,25,285,528
285,Ennomos autumnaria,Arthropoda,Insecta,Lepidoptera,Geometridae,Ennomos,Ennomos-autumnaria-COI,Insecta/Lepidoptera/Geometridae/Ennomos-autumnaria,23,33,3,45,34,286,529
286,Trichaea pilicornis,Arthropoda,Insecta,Lepidoptera,Crambidae,Trichaea,Trichaea-pilicornis-COI,Insecta/Lepidoptera/Crambidae/Trichaea-pilicornis,53,107,8,272,245,287,534
287,Leptophlebia cupida,Arthropoda,Insecta,Ephemeroptera,Leptophlebiidae,Leptophlebia,Leptophlebia-cupida-COI,Insecta/Ephemeroptera/Leptophlebiidae/Leptophlebia-cupida,33,81,5,112,89,288,536
288,Saliana severus,Arthropoda,Insecta,Lepidoptera,Hesperiidae,Saliana,Saliana-severus-COI,Insecta/Lepidoptera/Hesperiidae/Saliana-severus,29,61,4,73,59,289,537
289,Eupithecia plumbeolata,Arthropoda,Insecta,Lepidoptera,Geometridae,Eupithecia,Eupithecia-plumbeolata-COI,Insecta/Lepidoptera/Geometridae/Eupithecia-plumbeolata,40,53,6,161,138,290,538
290,Dineura testaceipes,Arthropoda,Insecta,Hymenoptera,Tenthredinidae,Dineura,Dineura-testaceipes-COI,Insecta/Hymenoptera/Tenthredinidae/Dineura-testaceipes,27,46,4,71,57,291,539
291,Tiphia unicolor,Arthropoda,Insecta,Hymenoptera,Tiphiidae,Tiphia,Tiphia-unicolor-COI,Insecta/Hymenoptera/Tiphiidae/Tiphia-unicolor,14,22,2,21,14,292,540
292,Scotinotylus patellatus,Arthropoda,Arachnida,Araneae,Linyphiidae,Scotinotylus,Scotinotylus-patellatus-COI,Arachnida/Araneae/Linyphiidae/Scotinotylus-patellatus,13,22,2,18,11,293,543
293,Gelis fuscicornis,Arthropoda,Insecta,Hymenoptera,Ichneumonidae,Gelis,Gelis-fuscicornis-COI,Insecta/Hymenoptera/Ichneumonidae/Gelis-fuscicornis,24,37,4,68,49,294,545
294,Alepocephalus tenebrosus,Chordata,Actinopterygii,Osmeriformes,Alepocephalidae,Alepocephalus,Alepocephalus-tenebrosus-COI,Actinopterygii/Osmeriformes/Alepocephalidae/Alepocephalus-tenebrosus,21,39,3,37,29,295,548
295,Idia rotundalis,Arthropoda,Insecta,Lepidoptera,Erebidae,Idia,Idia-rotundalis-COI,Insecta/Lepidoptera/Erebidae/Idia-rotundalis,60,311,9,321,293,296,549
296,Macaria approximata,Arthropoda,Insecta,Lepidoptera,Geometridae,Macaria,Macaria-approximata-COI,Insecta/Lepidoptera/Geometridae/Macaria-approximata,20,29,3,44,34,297,550
297,Halictus maculatus,Arthropoda,Insecta,Hymenoptera,Halictidae,Halictus,Halictus-maculatus-COI,Insecta/Hymenoptera/Halictidae/Halictus-maculatus,33,56,5,102,84,298,552
298,Hypena laceratalis,Arthropoda,Insecta,Lepidoptera,Erebidae,Hypena,Hypena-laceratalis-COI,Insecta/Lepidoptera/Erebidae/Hypena-laceratalis,27,99,4,69,54,299,554
299,Hypocala andremona,Arthropoda,Insecta,Lepidoptera,Noctuidae,Hypocala,Hypocala-andremona-COI,Insecta/Lepidoptera/Noctuidae/Hypocala-andremona,14,16,2,19,12,300,555
300,Monomorium minimum,Arthropoda,Insecta,Hymenoptera,Formicidae,Monomorium,Monomorium-minimum-COI,Insecta/Hymenoptera/Formicidae/Monomorium-minimum,14,14,2,19,13,301,556
301,Nesticus cellulanus,Arthropoda,Arachnida,Araneae,Nesticidae,Nesticus,Nesticus-cellulanus-COI,Arachnida/Araneae/Nesticidae/Nesticus-cellulanus,21,30,3,46,35,302,558
302,Rhagonycha fulva,Arthropoda,Insecta,Coleoptera,Cantharidae,Rhagonycha,Rhagonycha-fulva-COI,Insecta/Coleoptera/Cantharidae/Rhagonycha-fulva,34,78,5,108,90,303,566
303,Dynatosoma fuscicorne,Arthropoda,Insecta,Diptera,Mycetophilidae,Dynatosoma,Dynatosoma-fuscicorne-COI,Insecta/Diptera/Mycetophilidae/Dynatosoma-fuscicorne,13,19,2,18,11,304,570
304,Astraptes augeas,Arthropoda,Insecta,Lepidoptera,Hesperiidae,Astraptes,Astraptes-augeas-COI,Insecta/Lepidoptera/Hesperiidae/Astraptes-augeas,63,258,9,367,334,305,571
305,Erythromma najas,Arthropoda,Insecta,Odonata,Coenagrionidae,Erythromma,Erythromma-najas-COI,Insecta/Odonata/Coenagrionidae/Erythromma-najas,13,18,2,16,9,306,573
306,Linyphia triangularis,Arthropoda,Arachnida,Araneae,Linyphiidae,Linyphia,Linyphia-triangularis-COI,Arachnida/Araneae/Linyphiidae/Linyphia-triangularis,31,51,5,95,80,307,574
307,Celypha cespitana,Arthropoda,Insecta,Lepidoptera,Tortricidae,Celypha,Celypha-cespitana-COI,Insecta/Lepidoptera/Tortricidae/Celypha-cespitana,28,32,4,74,57,308,575
308,Arctosa insignita,Arthropoda,Arachnida,Araneae,Lycosidae,Arctosa,Arctosa-insignita-COI,Arachnida/Araneae/Lycosidae/Arctosa-insignita,41,113,6,167,145,309,577
309,Orosius orientalis,Arthropoda,Insecta,Hemiptera,Cicadellidae,Orosius,Orosius-orientalis-COI,Insecta/Hemiptera/Cicadellidae/Orosius-orientalis,18,45,3,33,23,310,580
310,Tetraneura ulmi,Arthropoda,Insecta,Hemiptera,Aphididae,Tetraneura,Tetraneura-ulmi-COI,Insecta/Hemiptera/Aphididae/Tetraneura-ulmi,19,36,3,41,29,311,581
311,Leucula meganira,Arthropoda,Insecta,Lepidoptera,Geometridae,Leucula,Leucula-meganira-COI,Insecta/Lepidoptera/Geometridae/Leucula-meganira,20,42,3,44,32,312,582
312,Chauliodes rastricornis,Arthropoda,Insecta,Megaloptera,Corydalidae,Chauliodes,Chauliodes-rastricornis-COI,Insecta/Megaloptera/Corydalidae/Chauliodes-rastricornis,14,32,2,20,13,313,584
313,Osmia gallarum,Arthropoda,Insecta,Hymenoptera,Megachilidae,Osmia,Osmia-gallarum-COI,Insecta/Hymenoptera/Megachilidae/Osmia-gallarum,13,18,2,18,11,314,585
314,Hylaeus punctatus,Arthropoda,Insecta,Hymenoptera,Colletidae,Hylaeus,Hylaeus-punctatus-COI,Insecta/Hymenoptera/Colletidae/Hylaeus-punctatus,12,30,2,16,10,315,587
315,Plotosus lineatus,Chordata,Actinopterygii,Siluriformes,Plotosidae,Plotosus,Plotosus-lineatus-COI,Actinopterygii/Siluriformes/Plotosidae/Plotosus-lineatus,23,42,3,48,34,316,590
316,Liohippelates pallipes,Arthropoda,Insecta,Diptera,Chloropidae,Liohippelates,Liohippelates-pallipes-COI,Insecta/Diptera/Chloropidae/Liohippelates-pallipes,13,17,2,20,12,317,593
317,Hednota bivittella,Arthropoda,Insecta,Lepidoptera,Crambidae,Hednota,Hednota-bivittella-COI,Insecta/Lepidoptera/Crambidae/Hednota-bivittella,13,15,2,19,12,318,594
318,Orchesella cincta,Arthropoda,Entognatha,Collembola,Entomobryidae,Orchesella,Orchesella-cincta-COI,Entognatha/Collembola/Entomobryidae/Orchesella-cincta,103,1484,15,1042,983,319,596
319,Cyprinella spiloptera,Chordata,Actinopterygii,Cypriniformes,Cyprinidae,Cyprinella,Cyprinella-spiloptera-COI,Actinopterygii/Cypriniformes/Cyprinidae/Cyprinella-spiloptera,13,20,2,17,10,320,599
320,Oxytenis modoccidentalis,Arthropoda,Insecta,Lepidoptera,Saturniidae,Oxytenis,Oxytenis-modoccidentalis-COI,Insecta/Lepidoptera/Saturniidae/Oxytenis-modoccidentalis,30,46,5,103,85,321,600
321,Serrasalmus brandtii,Chordata,Actinopterygii,Characiformes,Serrasalmidae,Serrasalmus,Serrasalmus-brandtii-COI,Actinopterygii/Characiformes/Serrasalmidae/Serrasalmus-brandtii,16,25,2,22,15,322,604
322,Triglops nybelini,Chordata,Actinopterygii,Scorpaeniformes,Cottidae,Triglops,Triglops-nybelini-COI,Actinopterygii/Scorpaeniformes/Cottidae/Triglops-nybelini,18,29,3,34,24,323,606
323,Agathodes designalis,Arthropoda,Insecta,Lepidoptera,Crambidae,Agathodes,Agathodes-designalis-COI,Insecta/Lepidoptera/Crambidae/Agathodes-designalis,41,77,6,163,140,324,608
324,Euchlaena tigrinaria,Arthropoda,Insecta,Lepidoptera,Geometridae,Euchlaena,Euchlaena-tigrinaria-COI,Insecta/Lepidoptera/Geometridae/Euchlaena-tigrinaria,35,41,5,115,96,325,609
325,Priacanthus tayenus,Chordata,Actinopterygii,Perciformes,Priacanthidae,Priacanthus,Priacanthus-tayenus-COI,Actinopterygii/Perciformes/Priacanthidae/Priacanthus-tayenus,17,25,3,33,23,326,612
326,Baetis phoebus,Arthropoda,Insecta,Ephemeroptera,Baetidae,Baetis,Baetis-phoebus-COI,Insecta/Ephemeroptera/Baetidae/Baetis-phoebus,42,270,6,161,140,327,616
327,Tectocepheus velatus,Arthropoda,Arachnida,Sarcoptiformes,Tectocepheidae,Tectocepheus,Tectocepheus-velatus-COI,Arachnida/Sarcoptiformes/Tectocepheidae/Tectocepheus-velatus,68,206,10,480,436,328,617
328,Hystricia abrupta,Arthropoda,Insecta,Diptera,Tachinidae,Hystricia,Hystricia-abrupta-COI,Insecta/Diptera/Tachinidae/Hystricia-abrupta,20,39,3,40,29,329,619
329,Orthotrichia cristata,Arthropoda,Insecta,Trichoptera,Hydroptilidae,Orthotrichia,Orthotrichia-cristata-COI,Insecta/Trichoptera/Hydroptilidae/Orthotrichia-cristata,17,39,3,37,24,330,622
330,Epuraea truncatella,Arthropoda,Insecta,Coleoptera,Nitidulidae,Epuraea,Epuraea-truncatella-COI,Insecta/Coleoptera/Nitidulidae/Epuraea-truncatella,30,86,5,95,77,331,623
331,Pholoe minuta,Annelida,Polychaeta,Phyllodocida,Pholoidae,Pholoe,Pholoe-minuta-COI,Polychaeta/Phyllodocida/Pholoidae/Pholoe-minuta,21,46,3,45,33,332,625
332,Ulmerochorema rubiconum,Arthropoda,Insecta,Trichoptera,Hydrobiosidae,Ulmerochorema,Ulmerochorema-rubiconum-COI,Insecta/Trichoptera/Hydrobiosidae/Ulmerochorema-rubiconum,16,28,2,20,15,333,627
333,Udranomia orcinus,Arthropoda,Insecta,Lepidoptera,Hesperiidae,Udranomia,Udranomia-orcinus-COI,Insecta/Lepidoptera/Hesperiidae/Udranomia-orcinus,62,100,9,381,346,334,630
334,Ceratophysella denticulata,Arthropoda,Entognatha,Collembola,Hypogastruridae,Ceratophysella,Ceratophysella-denticulata-COI,Entognatha/Collembola/Hypogastruridae/Ceratophysella-denticulata,18,139,3,40,29,335,631
335,Kyphosus vaigiensis,Chordata,Actinopterygii,Perciformes,Kyphosidae,Kyphosus,Kyphosus-vaigiensis-COI,Actinopterygii/Perciformes/Kyphosidae/Kyphosus-vaigiensis,15,20,2,21,12,336,635
336,Haematobia irritans,Arthropoda,Insecta,Diptera,Muscidae,Haematobia,Haematobia-irritans-COI,Insecta/Diptera/Muscidae/Haematobia-irritans,12,24,2,14,9,337,636
337,Perigramma vicina,Arthropoda,Insecta,Lepidoptera,Geometridae,Perigramma,Perigramma-vicina-COI,Insecta/Lepidoptera/Geometridae/Perigramma-vicina,24,53,4,65,51,338,639
338,Calliopius laeviusculus,Arthropoda,Malacostraca,Amphipoda,Calliopiidae,Calliopius,Calliopius-laeviusculus-COI,Malacostraca/Amphipoda/Calliopiidae/Calliopius-laeviusculus,27,42,4,67,52,339,641
339,Metopobactrus prominulus,Arthropoda,Arachnida,Araneae,Linyphiidae,Metopobactrus,Metopobactrus-prominulus-COI,Arachnida/Araneae/Linyphiidae/Metopobactrus-prominulus,15,27,2,19,13,340,644
340,Darapsa myron,Arthropoda,Insecta,Lepidoptera,Sphingidae,Darapsa,Darapsa-myron-COI,Insecta/Lepidoptera/Sphingidae/Darapsa-myron,35,46,5,115,97,341,646
341,Sepedophilus marshami,Arthropoda,Insecta,Coleoptera,Staphylinidae,Sepedophilus,Sepedophilus-marshami-COI,Insecta/Coleoptera/Staphylinidae/Sepedophilus-marshami,30,34,5,90,73,342,652
342,Enteromius paludinosus,Chordata,Actinopterygii,Cypriniformes,Cyprinidae,Enteromius,Enteromius-paludinosus-COI,Actinopterygii/Cypriniformes/Cyprinidae/Enteromius-paludinosus,29,32,4,73,60,343,653
343,Hyphantrophaga ciriloumanai,Arthropoda,Insecta,Diptera,Tachinidae,Hyphantrophaga,Hyphantrophaga-ciriloumanai-COI,Insecta/Diptera/Tachinidae/Hyphantrophaga-ciriloumanai,21,40,3,44,34,344,654
344,Diprion similis,Arthropoda,Insecta,Hymenoptera,Diprionidae,Diprion,Diprion-similis-COI,Insecta/Hymenoptera/Diprionidae/Diprion-similis,23,44,3,47,37,345,655
345,Erigone aletris,Arthropoda,Arachnida,Araneae,Linyphiidae,Erigone,Erigone-aletris-COI,Arachnida/Araneae/Linyphiidae/Erigone-aletris,108,271,16,1197,1133,346,656
346,Pomphorhynchus laevis,Acanthocephala,Palaeacanthocephala,Echinorhynchida,Pomphorhynchidae,Pomphorhynchus,Pomphorhynchus-laevis-COI,Palaeacanthocephala/Echinorhynchida/Pomphorhynchidae/Pomphorhynchus-laevis,16,23,2,22,14,347,658
347,Pterostichus niger,Arthropoda,Insecta,Coleoptera,Carabidae,Pterostichus,Pterostichus-niger-COI,Insecta/Coleoptera/Carabidae/Pterostichus-niger,34,42,5,117,96,348,659
348,Psychophora sabini,Arthropoda,Insecta,Lepidoptera,Geometridae,Psychophora,Psychophora-sabini-COI,Insecta/Lepidoptera/Geometridae/Psychophora-sabini,12,49,2,15,10,349,661
349,Gaidropsarus macrophthalmus,Chordata,Actinopterygii,Gadiformes,Lotidae,Gaidropsarus,Gaidropsarus-macrophthalmus-COI,Actinopterygii/Gadiformes/Lotidae/Gaidropsarus-macrophthalmus,19,29,3,36,27,350,663
350,Dasysyrphus venustus,Arthropoda,Insecta,Diptera,Syrphidae,Dasysyrphus,Dasysyrphus-venustus-COI,Insecta/Diptera/Syrphidae/Dasysyrphus-venustus,56,96,8,301,267,351,664
351,Mecomma gilvipes,Arthropoda,Insecta,Hemiptera,Miridae,Mecomma,Mecomma-gilvipes-COI,Insecta/Hemiptera/Miridae/Mecomma-gilvipes,23,85,3,42,31,352,665
352,Arctosa littoralis,Arthropoda,Arachnida,Araneae,Lycosidae,Arctosa,Arctosa-littoralis-COI,Arachnida/Araneae/Lycosidae/Arctosa-littoralis,12,85,2,15,8,353,668
353,Enicospilus lebophagus,Arthropoda,Insecta,Hymenoptera,Ichneumonidae,Enicospilus,Enicospilus-lebophagus-COI,Insecta/Hymenoptera/Ichneumonidae/Enicospilus-lebophagus,22,133,3,44,34,354,673
354,Bombus pascuorum,Arthropoda,Insecta,Hymenoptera,Apidae,Bombus,Bombus-pascuorum-COI,Insecta/Hymenoptera/Apidae/Bombus-pascuorum,51,165,8,274,244,355,674
355,Caryocolum marmorea,Arthropoda,Insecta,Lepidoptera,Gelechiidae,Caryocolum,Caryocolum-marmorea-COI,Insecta/Lepidoptera/Gelechiidae/Caryocolum-marmorea,12,14,2,17,9,356,676
356,Nomada flavopicta,Arthropoda,Insecta,Hymenoptera,Apidae,Nomada,Nomada-flavopicta-COI,Insecta/Hymenoptera/Apidae/Nomada-flavopicta,15,18,2,22,14,357,678
357,Phormia regina,Arthropoda,Insecta,Diptera,Calliphoridae,Phormia,Phormia-regina-COI,Insecta/Diptera/Calliphoridae/Phormia-regina,111,436,17,1342,1274,358,681
358,Dolerus fumosus,Arthropoda,Insecta,Hymenoptera,Tenthredinidae,Dolerus,Dolerus-fumosus-COI,Insecta/Hymenoptera/Tenthredinidae/Dolerus-fumosus,13,15,2,17,10,359,683
359,Ectoedemia populella,Arthropoda,Insecta,Lepidoptera,Nepticulidae,Ectoedemia,Ectoedemia-populella-COI,Insecta/Lepidoptera/Nepticulidae/Ectoedemia-populella,22,63,3,42,30,360,684
360,Toxonprucha excavata,Arthropoda,Insecta,Lepidoptera,Noctuidae,Toxonprucha,Toxonprucha-excavata-COI,Insecta/Lepidoptera/Noctuidae/Toxonprucha-excavata,27,50,4,69,56,361,686
361,Pyrgus serratulae,Arthropoda,Insecta,Lepidoptera,Hesperiidae,Pyrgus,Pyrgus-serratulae-COI,Insecta/Lepidoptera/Hesperiidae/Pyrgus-serratulae,61,80,9,361,327,362,688
362,Conwentzia pineticola,Arthropoda,Insecta,Neuroptera,Coniopterygidae,Conwentzia,Conwentzia-pineticola-COI,Insecta/Neuroptera/Coniopterygidae/Conwentzia-pineticola,24,37,4,69,53,363,689
363,Helophorus parasplendidus,Arthropoda,Insecta,Coleoptera,Helophoridae,Helophorus,Helophorus-parasplendidus-COI,Insecta/Coleoptera/Helophoridae/Helophorus-parasplendidus,15,32,2,23,15,364,690
364,Limnephilus canadensis,Arthropoda,Insecta,Trichoptera,Limnephilidae,Limnephilus,Limnephilus-canadensis-COI,Insecta/Trichoptera/Limnephilidae/Limnephilus-canadensis,17,53,3,32,22,365,692
365,Pamphilius hortorum,Arthropoda,Insecta,Hymenoptera,Pamphiliidae,Pamphilius,Pamphilius-hortorum-COI,Insecta/Hymenoptera/Pamphiliidae/Pamphilius-hortorum,21,25,3,43,31,366,693
366,Aegla platensis,Arthropoda,Malacostraca,Decapoda,Aeglidae,Aegla,Aegla-platensis-COI,Malacostraca/Decapoda/Aeglidae/Aegla-platensis,13,115,2,19,13,367,694
367,Phyllobius arborator,Arthropoda,Insecta,Coleoptera,Curculionidae,Phyllobius,Phyllobius-arborator-COI,Insecta/Coleoptera/Curculionidae/Phyllobius-arborator,17,22,3,36,25,368,697
368,Pleolophus basizonus,Arthropoda,Insecta,Hymenoptera,Ichneumonidae,Pleolophus,Pleolophus-basizonus-COI,Insecta/Hymenoptera/Ichneumonidae/Pleolophus-basizonus,29,115,4,82,66,369,698
369,Ametastegia pulchella,Arthropoda,Insecta,Hymenoptera,Tenthredinidae,Ametastegia,Ametastegia-pulchella-COI,Insecta/Hymenoptera/Tenthredinidae/Ametastegia-pulchella,25,48,4,71,56,370,699
370,Diarsia calgary,Arthropoda,Insecta,Lepidoptera,Noctuidae,Diarsia,Diarsia-calgary-COI,Insecta/Lepidoptera/Noctuidae/Diarsia-calgary,15,19,2,18,13,371,700
371,Balanus crenatus,Arthropoda,Maxillopoda,Sessilia,Balanidae,Balanus,Balanus-crenatus-COI,Maxillopoda/Sessilia/Balanidae/Balanus-crenatus,29,152,4,81,66,372,701
372,Tetramorium pacificum,Arthropoda,Insecta,Hymenoptera,Formicidae,Tetramorium,Tetramorium-pacificum-COI,Insecta/Hymenoptera/Formicidae/Tetramorium-pacificum,12,33,2,14,8,373,702
373,Lichenaula onychodes,Arthropoda,Insecta,Lepidoptera,Oecophoridae,Lichenaula,Lichenaula-onychodes-COI,Insecta/Lepidoptera/Oecophoridae/Lichenaula-onychodes,41,53,6,159,139,374,704
374,Polyblastus varitarsus,Arthropoda,Insecta,Hymenoptera,Ichneumonidae,Polyblastus,Polyblastus-varitarsus-COI,Insecta/Hymenoptera/Ichneumonidae/Polyblastus-varitarsus,19,26,3,34,23,375,705
375,Craspedolepta angustipennis,Arthropoda,Insecta,Hemiptera,Aphalaridae,Craspedolepta,Craspedolepta-angustipennis-COI,Insecta/Hemiptera/Aphalaridae/Craspedolepta-angustipennis,18,237,3,35,24,376,709
376,Cymaenes alumna,Arthropoda,Insecta,Lepidoptera,Hesperiidae,Cymaenes,Cymaenes-alumna-COI,Insecta/Lepidoptera/Hesperiidae/Cymaenes-alumna,12,26,2,15,9,377,710
377,Macrobathra bigerella,Arthropoda,Insecta,Lepidoptera,Cosmopterigidae,Macrobathra,Macrobathra-bigerella-COI,Insecta/Lepidoptera/Cosmopterigidae/Macrobathra-bigerella,19,85,3,41,29,378,713
378,Lasioglossum morio,Arthropoda,Insecta,Hymenoptera,Halictidae,Lasioglossum,Lasioglossum-morio-COI,Insecta/Hymenoptera/Halictidae/Lasioglossum-morio,51,449,8,271,240,379,714
379,Carpatolechia alburnella,Arthropoda,Insecta,Lepidoptera,Gelechiidae,Carpatolechia,Carpatolechia-alburnella-COI,Insecta/Lepidoptera/Gelechiidae/Carpatolechia-alburnella,21,27,3,43,32,380,716
380,Limnephilus centralis,Arthropoda,Insecta,Trichoptera,Limnephilidae,Limnephilus,Limnephilus-centralis-COI,Insecta/Trichoptera/Limnephilidae/Limnephilus-centralis,27,31,4,70,56,381,719
381,Hemerobius stigma,Arthropoda,Insecta,Neuroptera,Hemerobiidae,Hemerobius,Hemerobius-stigma-COI,Insecta/Neuroptera/Hemerobiidae/Hemerobius-stigma,62,131,9,375,338,382,721
382,Teleiodes saltuum,Arthropoda,Insecta,Lepidoptera,Gelechiidae,Teleiodes,Teleiodes-saltuum-COI,Insecta/Lepidoptera/Gelechiidae/Teleiodes-saltuum,14,15,2,19,13,383,722
383,Anathix ralla,Arthropoda,Insecta,Lepidoptera,Noctuidae,Anathix,Anathix-ralla-COI,Insecta/Lepidoptera/Noctuidae/Anathix-ralla,18,26,3,32,23,384,723
384,Lygus robustus,Arthropoda,Insecta,Hemiptera,Miridae,Lygus,Lygus-robustus-COI,Insecta/Hemiptera/Miridae/Lygus-robustus,24,409,4,62,49,385,724
385,Myrmecina americana,Arthropoda,Insecta,Hymenoptera,Formicidae,Myrmecina,Myrmecina-americana-COI,Insecta/Hymenoptera/Formicidae/Myrmecina-americana,50,292,8,267,235,386,726
386,Graecopachys quadricollis,Arthropoda,Insecta,Coleoptera,Tenebrionidae,Graecopachys,Graecopachys-quadricollis-COI,Insecta/Coleoptera/Tenebrionidae/Graecopachys-quadricollis,29,76,4,75,60,387,727
387,Gadus chalcogrammus,Chordata,Actinopterygii,Gadiformes,Gadidae,Gadus,Gadus-chalcogrammus-COI,Actinopterygii/Gadiformes/Gadidae/Gadus-chalcogrammus,26,41,4,70,57,388,728
388,Entomobrya intermedia,Arthropoda,Entognatha,Collembola,Entomobryidae,Entomobrya,Entomobrya-intermedia-COI,Entognatha/Collembola/Entomobryidae/Entomobrya-intermedia,18,1443,3,36,25,389,730
389,Philodromus peninsulanus,Arthropoda,Arachnida,Araneae,Philodromidae,Philodromus,Philodromus-peninsulanus-COI,Arachnida/Araneae/Philodromidae/Philodromus-peninsulanus,101,243,15,966,901,390,731
390,Melipotis famelica,Arthropoda,Insecta,Lepidoptera,Noctuidae,Melipotis,Melipotis-famelica-COI,Insecta/Lepidoptera/Noctuidae/Melipotis-famelica,19,171,3,38,27,391,735
391,Rhachotropis aculeata,Arthropoda,Malacostraca,Amphipoda,Eusiridae,Rhachotropis,Rhachotropis-aculeata-COI,Malacostraca/Amphipoda/Eusiridae/Rhachotropis-aculeata,16,24,2,23,15,392,736
392,Chrysomela vigintipunctata,Arthropoda,Insecta,Coleoptera,Chrysomelidae,Chrysomela,Chrysomela-vigintipunctata-COI,Insecta/Coleoptera/Chrysomelidae/Chrysomela-vigintipunctata,21,32,3,43,32,393,739
393,Euchaetis metallota,Arthropoda,Insecta,Lepidoptera,Oecophoridae,Euchaetis,Euchaetis-metallota-COI,Insecta/Lepidoptera/Oecophoridae/Euchaetis-metallota,14,20,2,18,12,394,740
394,Rhogogaster picta,Arthropoda,Insecta,Hymenoptera,Tenthredinidae,Rhogogaster,Rhogogaster-picta-COI,Insecta/Hymenoptera/Tenthredinidae/Rhogogaster-picta,13,14,2,17,11,395,741
395,Nephila clavipes,Arthropoda,Arachnida,Araneae,Araneidae,Nephila,Nephila-clavipes-COI,Arachnida/Araneae/Araneidae/Nephila-clavipes,50,321,8,267,236,396,744
396,Tetragnatha shoshone,Arthropoda,Arachnida,Araneae,Tetragnathidae,Tetragnatha,Tetragnatha-shoshone-COI,Arachnida/Araneae/Tetragnathidae/Tetragnatha-shoshone,155,406,23,2205,2124,397,745
397,Zaphanaula hemileuca,Arthropoda,Insecta,Lepidoptera,Oecophoridae,Zaphanaula,Zaphanaula-hemileuca-COI,Insecta/Lepidoptera/Oecophoridae/Zaphanaula-hemileuca,21,30,3,42,31,398,746
398,Pteronarcys dorsata,Arthropoda,Insecta,Plecoptera,Pteronarcyidae,Pteronarcys,Pteronarcys-dorsata-COI,Insecta/Plecoptera/Pteronarcyidae/Pteronarcys-dorsata,14,27,2,17,12,399,747
399,Erebia gorge,Arthropoda,Insecta,Lepidoptera,Nymphalidae,Erebia,Erebia-gorge-COI,Insecta/Lepidoptera/Nymphalidae/Erebia-gorge,45,53,7,204,180,400,748
400,Buccinum undatum,Mollusca,Gastropoda,Neogastropoda,Buccinidae,Buccinum,Buccinum-undatum-COI,Gastropoda/Neogastropoda/Buccinidae/Buccinum-undatum,16,30,2,22,15,401,750
401,Tenthredo vespa,Arthropoda,Insecta,Hymenoptera,Tenthredinidae,Tenthredo,Tenthredo-vespa-COI,Insecta/Hymenoptera/Tenthredinidae/Tenthredo-vespa,30,45,5,108,88,402,753
402,Chrysomela populi,Arthropoda,Insecta,Coleoptera,Chrysomelidae,Chrysomela,Chrysomela-populi-COI,Insecta/Coleoptera/Chrysomelidae/Chrysomela-populi,28,34,4,68,55,403,754
403,Entomobrya atrocincta,Arthropoda,Entognatha,Collembola,Entomobryidae,Entomobrya,Entomobrya-atrocincta-COI,Entognatha/Collembola/Entomobryidae/Entomobrya-atrocincta,83,2670,12,643,598,404,755
404,Stenodema trispinosa,Arthropoda,Insecta,Hemiptera,Miridae,Stenodema,Stenodema-trispinosa-COI,Insecta/Hemiptera/Miridae/Stenodema-trispinosa,47,164,7,213,183,405,757
405,Mydaea pseudonubila,Arthropoda,Insecta,Diptera,Muscidae,Mydaea,Mydaea-pseudonubila-COI,Insecta/Diptera/Muscidae/Mydaea-pseudonubila,35,84,5,125,103,406,758
406,Grammonota maritima,Arthropoda,Arachnida,Araneae,Linyphiidae,Grammonota,Grammonota-maritima-COI,Arachnida/Araneae/Linyphiidae/Grammonota-maritima,14,28,2,21,14,407,759
407,Varacosa avara,Arthropoda,Arachnida,Araneae,Lycosidae,Varacosa,Varacosa-avara-COI,Arachnida/Araneae/Lycosidae/Varacosa-avara,14,106,2,20,13,408,760
408,Diapterobates humeralis,Arthropoda,Arachnida,Sarcoptiformes,Humerobatidae,Diapterobates,Diapterobates-humeralis-COI,Arachnida/Sarcoptiformes/Humerobatidae/Diapterobates-humeralis,66,309,10,414,377,409,762
409,Cyclophora linearia,Arthropoda,Insecta,Lepidoptera,Geometridae,Cyclophora,Cyclophora-linearia-COI,Insecta/Lepidoptera/Geometridae/Cyclophora-linearia,31,39,5,117,92,410,765
410,Mordellistena trifasciata,Arthropoda,Insecta,Coleoptera,Mordellidae,Mordellistena,Mordellistena-trifasciata-COI,Insecta/Coleoptera/Mordellidae/Mordellistena-trifasciata,12,39,2,15,8,411,767
411,Azanus ubaldus,Arthropoda,Insecta,Lepidoptera,Lycaenidae,Azanus,Azanus-ubaldus-COI,Insecta/Lepidoptera/Lycaenidae/Azanus-ubaldus,12,12,2,18,11,412,770
412,Gonioma hypoxantha,Arthropoda,Insecta,Lepidoptera,Oecophoridae,Gonioma,Gonioma-hypoxantha-COI,Insecta/Lepidoptera/Oecophoridae/Gonioma-hypoxantha,18,35,3,36,26,413,774
413,Opsiphanes bogotanus,Arthropoda,Insecta,Lepidoptera,Nymphalidae,Opsiphanes,Opsiphanes-bogotanus-COI,Insecta/Lepidoptera/Nymphalidae/Opsiphanes-bogotanus,17,22,3,32,23,414,778
414,Paramyia nitens,Arthropoda,Insecta,Diptera,Milichiidae,Paramyia,Paramyia-nitens-COI,Insecta/Diptera/Milichiidae/Paramyia-nitens,30,212,5,91,76,415,780
415,Setomorpha rutella,Arthropoda,Insecta,Lepidoptera,Tineidae,Setomorpha,Setomorpha-rutella-COI,Insecta/Lepidoptera/Tineidae/Setomorpha-rutella,14,17,2,16,11,416,781
416,Chrysopa chi,Arthropoda,Insecta,Neuroptera,Chrysopidae,Chrysopa,Chrysopa-chi-COI,Insecta/Neuroptera/Chrysopidae/Chrysopa-chi,45,114,7,198,171,417,782
417,Xestia atrata,Arthropoda,Insecta,Lepidoptera,Noctuidae,Xestia,Xestia-atrata-COI,Insecta/Lepidoptera/Noctuidae/Xestia-atrata,12,22,2,17,9,418,783
418,Hemaris tityus,Arthropoda,Insecta,Lepidoptera,Sphingidae,Hemaris,Hemaris-tityus-COI,Insecta/Lepidoptera/Sphingidae/Hemaris-tityus,14,17,2,21,14,419,784
419,Opharus tricyphoides,Arthropoda,Insecta,Lepidoptera,Erebidae,Opharus,Opharus-tricyphoides-COI,Insecta/Lepidoptera/Erebidae/Opharus-tricyphoides,19,36,3,41,28,420,785
420,Parallelia bistriaris,Arthropoda,Insecta,Lepidoptera,Noctuidae,Parallelia,Parallelia-bistriaris-COI,Insecta/Lepidoptera/Noctuidae/Parallelia-bistriaris,40,68,6,150,126,421,786
421,Holocentropus picicornis,Arthropoda,Insecta,Trichoptera,Polycentropodidae,Holocentropus,Holocentropus-picicornis-COI,Insecta/Trichoptera/Polycentropodidae/Holocentropus-picicornis,14,15,2,18,11,422,787
422,Saucrobotys fumoferalis,Arthropoda,Insecta,Lepidoptera,Crambidae,Saucrobotys,Saucrobotys-fumoferalis-COI,Insecta/Lepidoptera/Crambidae/Saucrobotys-fumoferalis,13,24,2,17,10,423,788
423,Adelges cooleyi,Arthropoda,Insecta,Hemiptera,Adelgidae,Adelges,Adelges-cooleyi-COI,Insecta/Hemiptera/Adelgidae/Adelges-cooleyi,86,351,13,718,671,424,790
424,Phytometra subflavalis,Arthropoda,Insecta,Lepidoptera,Erebidae,Phytometra,Phytometra-subflavalis-COI,Insecta/Lepidoptera/Erebidae/Phytometra-subflavalis,15,36,2,20,13,425,792
425,Hylaeus variegatus,Arthropoda,Insecta,Hymenoptera,Colletidae,Hylaeus,Hylaeus-variegatus-COI,Insecta/Hymenoptera/Colletidae/Hylaeus-variegatus,14,24,2,20,12,426,794
426,Graphopsocus cruciatus,Arthropoda,Insecta,Psocodea,Stenopsocidae,Graphopsocus,Graphopsocus-cruciatus-COI,Insecta/Psocodea/Stenopsocidae/Graphopsocus-cruciatus,100,638,15,1041,982,427,795
427,Monopelopia tenuicalcar,Arthropoda,Insecta,Diptera,Chironomidae,Monopelopia,Monopelopia-tenuicalcar-COI,Insecta/Diptera/Chironomidae/Monopelopia-tenuicalcar,64,757,10,417,374,428,800
428,Parazercon radiatus,Arthropoda,Arachnida,Mesostigmata,Zerconidae,Parazercon,Parazercon-radiatus-COI,Arachnida/Mesostigmata/Zerconidae/Parazercon-radiatus,12,24,2,16,9,429,801
429,Amphipyra berbera,Arthropoda,Insecta,Lepidoptera,Noctuidae,Amphipyra,Amphipyra-berbera-COI,Insecta/Lepidoptera/Noctuidae/Amphipyra-berbera,31,34,5,111,89,430,802
430,Mythimna sicula,Arthropoda,Insecta,Lepidoptera,Noctuidae,Mythimna,Mythimna-sicula-COI,Insecta/Lepidoptera/Noctuidae/Mythimna-sicula,21,27,3,44,31,431,804
431,Idaea dilutaria,Arthropoda,Insecta,Lepidoptera,Geometridae,Idaea,Idaea-dilutaria-COI,Insecta/Lepidoptera/Geometridae/Idaea-dilutaria,15,21,2,18,12,432,809
432,Atteva aurea,Arthropoda,Insecta,Lepidoptera,Yponomeutidae,Atteva,Atteva-aurea-COI,Insecta/Lepidoptera/Yponomeutidae/Atteva-aurea,89,234,13,711,661,433,814
433,Rhopobota finitimana,Arthropoda,Insecta,Lepidoptera,Tortricidae,Rhopobota,Rhopobota-finitimana-COI,Insecta/Lepidoptera/Tortricidae/Rhopobota-finitimana,14,44,2,19,11,434,815
434,Oligia divesta,Arthropoda,Insecta,Lepidoptera,Noctuidae,Oligia,Oligia-divesta-COI,Insecta/Lepidoptera/Noctuidae/Oligia-divesta,20,40,3,37,26,435,816
435,Acleris cervinana,Arthropoda,Insecta,Lepidoptera,Tortricidae,Acleris,Acleris-cervinana-COI,Insecta/Lepidoptera/Tortricidae/Acleris-cervinana,29,44,4,73,58,436,817
436,Apis florea,Arthropoda,Insecta,Hymenoptera,Apidae,Apis,Apis-florea-COI,Insecta/Hymenoptera/Apidae/Apis-florea,18,170,3,41,29,437,818
437,Thricops septentrionalis,Arthropoda,Insecta,Diptera,Muscidae,Thricops,Thricops-septentrionalis-COI,Insecta/Diptera/Muscidae/Thricops-septentrionalis,15,28,2,19,13,438,819
438,Cantharis obscura,Arthropoda,Insecta,Coleoptera,Cantharidae,Cantharis,Cantharis-obscura-COI,Insecta/Coleoptera/Cantharidae/Cantharis-obscura,18,21,3,37,26,439,820
439,Caenocara scymnoides,Arthropoda,Insecta,Coleoptera,Anobiidae,Caenocara,Caenocara-scymnoides-COI,Insecta/Coleoptera/Anobiidae/Caenocara-scymnoides,28,49,4,74,57,440,821
440,Syrphus ribesii,Arthropoda,Insecta,Diptera,Syrphidae,Syrphus,Syrphus-ribesii-COI,Insecta/Diptera/Syrphidae/Syrphus-ribesii,121,236,18,1347,1278,441,822
441,Epinotia sotipena,Arthropoda,Insecta,Lepidoptera,Tortricidae,Epinotia,Epinotia-sotipena-COI,Insecta/Lepidoptera/Tortricidae/Epinotia-sotipena,12,18,2,18,11,442,826
442,Phaloesia saucia,Arthropoda,Insecta,Lepidoptera,Arctiidae,Phaloesia,Phaloesia-saucia-COI,Insecta/Lepidoptera/Arctiidae/Phaloesia-saucia,13,19,2,16,10,443,827
443,Neogalea sunia,Arthropoda,Insecta,Lepidoptera,Noctuidae,Neogalea,Neogalea-sunia-COI,Insecta/Lepidoptera/Noctuidae/Neogalea-sunia,19,40,3,43,29,444,829
444,Naso lituratus,Chordata,Actinopterygii,Perciformes,Acanthuridae,Naso,Naso-lituratus-COI,Actinopterygii/Perciformes/Acanthuridae/Naso-lituratus,21,35,3,47,35,445,831
445,Hylesia ebalus,Arthropoda,Insecta,Lepidoptera,Saturniidae,Hylesia,Hylesia-ebalus-COI,Insecta/Lepidoptera/Saturniidae/Hylesia-ebalus,33,52,5,105,86,446,834
446,Ouleus dilla,Arthropoda,Insecta,Lepidoptera,Hesperiidae,Ouleus,Ouleus-dilla-COI,Insecta/Lepidoptera/Hesperiidae/Ouleus-dilla,30,54,5,91,76,447,836
447,Hylemyza partita,Arthropoda,Insecta,Diptera,Anthomyiidae,Hylemyza,Hylemyza-partita-COI,Insecta/Diptera/Anthomyiidae/Hylemyza-partita,130,447,20,1687,1607,448,838
448,Anolis capito,Chordata,Reptilia,Squamata,Dactyloidae,Anolis,Anolis-capito-COI,Reptilia/Squamata/Dactyloidae/Anolis-capito,14,17,2,17,10,449,842
449,Lacinipolia meditata,Arthropoda,Insecta,Lepidoptera,Noctuidae,Lacinipolia,Lacinipolia-meditata-COI,Insecta/Lepidoptera/Noctuidae/Lacinipolia-meditata,15,51,2,19,13,450,843
450,Gyrinus substriatus,Arthropoda,Insecta,Coleoptera,Gyrinidae,Gyrinus,Gyrinus-substriatus-COI,Insecta/Coleoptera/Gyrinidae/Gyrinus-substriatus,17,21,3,33,23,451,845
451,Minettia lyraformins,Arthropoda,Insecta,Diptera,Lauxaniidae,Minettia,Minettia-lyraformins-COI,Insecta/Diptera/Lauxaniidae/Minettia-lyraformins,13,17,2,16,11,452,846
452,Phyllotreta striolata,Arthropoda,Insecta,Coleoptera,Chrysomelidae,Phyllotreta,Phyllotreta-striolata-COI,Insecta/Coleoptera/Chrysomelidae/Phyllotreta-striolata,113,362,17,1244,1182,453,851
453,Serica sericea,Arthropoda,Insecta,Coleoptera,Melolonthidae,Serica,Serica-sericea-COI,Insecta/Coleoptera/Melolonthidae/Serica-sericea,14,22,2,20,13,454,855
454,Limnophyes pumilio,Arthropoda,Insecta,Diptera,Chironomidae,Limnophyes,Limnophyes-pumilio-COI,Insecta/Diptera/Chironomidae/Limnophyes-pumilio,24,349,4,65,52,455,858
455,Cis boleti,Arthropoda,Insecta,Coleoptera,Ciidae,Cis,Cis-boleti-COI,Insecta/Coleoptera/Ciidae/Cis-boleti,19,26,3,42,30,456,859
456,Excirolana mayana,Arthropoda,Malacostraca,Isopoda,Cirolanidae,Excirolana,Excirolana-mayana-COI,Malacostraca/Isopoda/Cirolanidae/Excirolana-mayana,16,18,2,19,14,457,864
457,Peritrechus convivus,Arthropoda,Insecta,Hemiptera,Rhyparochromidae,Peritrechus,Peritrechus-convivus-COI,Insecta/Hemiptera/Rhyparochromidae/Peritrechus-convivus,13,23,2,16,11,458,865
458,Cicindela littoralis,Arthropoda,Insecta,Coleoptera,Carabidae,Cicindela,Cicindela-littoralis-COI,Insecta/Coleoptera/Carabidae/Cicindela-littoralis,42,169,6,155,133,459,866
459,Phyllobius pyri,Arthropoda,Insecta,Coleoptera,Curculionidae,Phyllobius,Phyllobius-pyri-COI,Insecta/Coleoptera/Curculionidae/Phyllobius-pyri,20,23,3,42,30,460,867
460,Phyllonorycter spinicolella,Arthropoda,Insecta,Lepidoptera,Gracillariidae,Phyllonorycter,Phyllonorycter-spinicolella-COI,Insecta/Lepidoptera/Gracillariidae/Phyllonorycter-spinicolella,18,27,3,35,24,461,870
461,Phoebis statira,Arthropoda,Insecta,Lepidoptera,Pieridae,Phoebis,Phoebis-statira-COI,Insecta/Lepidoptera/Pieridae/Phoebis-statira,14,25,2,20,11,462,873
462,Contacyphon padi,Arthropoda,Insecta,Coleoptera,Scirtidae,Contacyphon,Contacyphon-padi-COI,Insecta/Coleoptera/Scirtidae/Contacyphon-padi,44,120,7,212,184,463,874
463,Montenegrina hiltrudae,Mollusca,Gastropoda,Stylommatophora,Clausiliidae,Montenegrina,Montenegrina-hiltrudae-COI,Gastropoda/Stylommatophora/Clausiliidae/Montenegrina-hiltrudae,24,32,4,63,49,464,875
464,Megaselia tecticauda,Arthropoda,Insecta,Diptera,Phoridae,Megaselia,Megaselia-tecticauda-COI,Insecta/Diptera/Phoridae/Megaselia-tecticauda,70,874,11,507,462,465,880
465,Entomobrya clitellaria,Arthropoda,Entognatha,Collembola,Entomobryidae,Entomobrya,Entomobrya-clitellaria-COI,Entognatha/Collembola/Entomobryidae/Entomobrya-clitellaria,16,200,2,22,15,466,885
466,Syrphus attenuatus,Arthropoda,Insecta,Diptera,Syrphidae,Syrphus,Syrphus-attenuatus-COI,Insecta/Diptera/Syrphidae/Syrphus-attenuatus,12,17,2,16,9,467,886
467,Anticlea derivata,Arthropoda,Insecta,Lepidoptera,Geometridae,Anticlea,Anticlea-derivata-COI,Insecta/Lepidoptera/Geometridae/Anticlea-derivata,22,22,3,49,37,468,889
468,Phyllonorycter froelichiella,Arthropoda,Insecta,Lepidoptera,Gracillariidae,Phyllonorycter,Phyllonorycter-froelichiella-COI,Insecta/Lepidoptera/Gracillariidae/Phyllonorycter-froelichiella,32,37,5,105,88,469,890
469,Cuerna striata,Arthropoda,Insecta,Hemiptera,Cicadellidae,Cuerna,Cuerna-striata-COI,Insecta/Hemiptera/Cicadellidae/Cuerna-striata,16,22,2,18,13,470,891
470,Acantholipes juba,Arthropoda,Insecta,Lepidoptera,Erebidae,Acantholipes,Acantholipes-juba-COI,Insecta/Lepidoptera/Erebidae/Acantholipes-juba,14,24,2,18,12,471,897
471,Mythimna albipuncta,Arthropoda,Insecta,Lepidoptera,Noctuidae,Mythimna,Mythimna-albipuncta-COI,Insecta/Lepidoptera/Noctuidae/Mythimna-albipuncta,35,41,5,123,102,472,903
472,Athetis thoracica,Arthropoda,Insecta,Lepidoptera,Noctuidae,Athetis,Athetis-thoracica-COI,Insecta/Lepidoptera/Noctuidae/Athetis-thoracica,13,27,2,17,11,473,904
473,Bitoma crenata,Arthropoda,Insecta,Coleoptera,Zopheridae,Bitoma,Bitoma-crenata-COI,Insecta/Coleoptera/Zopheridae/Bitoma-crenata,18,21,3,35,26,474,907
474,Idaea aversata,Arthropoda,Insecta,Lepidoptera,Geometridae,Idaea,Idaea-aversata-COI,Insecta/Lepidoptera/Geometridae/Idaea-aversata,57,77,9,337,302,475,909
475,Destolmia lineata,Arthropoda,Insecta,Lepidoptera,Notodontidae,Destolmia,Destolmia-lineata-COI,Insecta/Lepidoptera/Notodontidae/Destolmia-lineata,45,173,7,217,189,476,910
476,Melanoplus borealis,Arthropoda,Insecta,Orthoptera,Acrididae,Melanoplus,Melanoplus-borealis-COI,Insecta/Orthoptera/Acrididae/Melanoplus-borealis,29,43,4,85,68,477,911
477,Palpita aenescentalis,Arthropoda,Insecta,Lepidoptera,Crambidae,Palpita,Palpita-aenescentalis-COI,Insecta/Lepidoptera/Crambidae/Palpita-aenescentalis,12,24,2,17,10,478,915
478,Hylemya vagans,Arthropoda,Insecta,Diptera,Anthomyiidae,Hylemya,Hylemya-vagans-COI,Insecta/Diptera/Anthomyiidae/Hylemya-vagans,14,156,2,18,12,479,916
479,Oenochroma vetustaria,Arthropoda,Insecta,Lepidoptera,Geometridae,Oenochroma,Oenochroma-vetustaria-COI,Insecta/Lepidoptera/Geometridae/Oenochroma-vetustaria,14,17,2,18,12,480,917
480,Bembidion obtusum,Arthropoda,Insecta,Coleoptera,Carabidae,Bembidion,Bembidion-obtusum-COI,Insecta/Coleoptera/Carabidae/Bembidion-obtusum,20,30,3,40,29,481,918
481,Ceratophyllus gallinae,Arthropoda,Insecta,Siphonaptera,Ceratophyllidae,Ceratophyllus,Ceratophyllus-gallinae-COI,Insecta/Siphonaptera/Ceratophyllidae/Ceratophyllus-gallinae,15,33,2,21,14,482,919
482,Clanoptilus elegans,Arthropoda,Insecta,Coleoptera,Malachiidae,Clanoptilus,Clanoptilus-elegans-COI,Insecta/Coleoptera/Malachiidae/Clanoptilus-elegans,12,19,2,17,10,483,921
483,Agabus arcticus,Arthropoda,Insecta,Coleoptera,Dytiscidae,Agabus,Agabus-arcticus-COI,Insecta/Coleoptera/Dytiscidae/Agabus-arcticus,36,67,5,114,97,484,922
484,Phthinia mira,Arthropoda,Insecta,Diptera,Mycetophilidae,Phthinia,Phthinia-mira-COI,Insecta/Diptera/Mycetophilidae/Phthinia-mira,14,23,2,19,12,485,923
485,Chrysoclista linneella,Arthropoda,Insecta,Lepidoptera,Elachistidae,Chrysoclista,Chrysoclista-linneella-COI,Insecta/Lepidoptera/Elachistidae/Chrysoclista-linneella,22,33,3,50,37,486,924
486,Meliscaeva cinctella,Arthropoda,Insecta,Diptera,Syrphidae,Meliscaeva,Meliscaeva-cinctella-COI,Insecta/Diptera/Syrphidae/Meliscaeva-cinctella,72,142,11,485,447,487,926
487,Aristotelia roseosuffusella,Arthropoda,Insecta,Lepidoptera,Gelechiidae,Aristotelia,Aristotelia-roseosuffusella-COI,Insecta/Lepidoptera/Gelechiidae/Aristotelia-roseosuffusella,28,108,4,70,52,488,928
488,Agraylea multipunctata,Arthropoda,Insecta,Trichoptera,Hydroptilidae,Agraylea,Agraylea-multipunctata-COI,Insecta/Trichoptera/Hydroptilidae/Agraylea-multipunctata,59,233,9,352,315,489,932
489,Saturnia pavonia,Arthropoda,Insecta,Lepidoptera,Saturniidae,Saturnia,Saturnia-pavonia-COI,Insecta/Lepidoptera/Saturniidae/Saturnia-pavonia,19,24,3,40,30,490,936
490,Nemoria marielosae,Arthropoda,Insecta,Lepidoptera,Geometridae,Nemoria,Nemoria-marielosae-COI,Insecta/Lepidoptera/Geometridae/Nemoria-marielosae,35,71,5,114,96,491,938
491,Gomphocerippus rufus,Arthropoda,Insecta,Orthoptera,Acrididae,Gomphocerippus,Gomphocerippus-rufus-COI,Insecta/Orthoptera/Acrididae/Gomphocerippus-rufus,18,25,3,39,24,492,939
492,Trichosia scotica,Arthropoda,Insecta,Diptera,Sciaridae,Trichosia,Trichosia-scotica-COI,Insecta/Diptera/Sciaridae/Trichosia-scotica,13,43,2,19,12,493,941
493,Apela neobule,Arthropoda,Insecta,Lepidoptera,Notodontidae,Apela,Apela-neobule-COI,Insecta/Lepidoptera/Notodontidae/Apela-neobule,50,79,8,254,223,494,942
494,Archinemapogon yildizae,Arthropoda,Insecta,Lepidoptera,Tineidae,Archinemapogon,Archinemapogon-yildizae-COI,Insecta/Lepidoptera/Tineidae/Archinemapogon-yildizae,12,13,2,16,10,495,947
495,Eupyrrhoglossum sagra,Arthropoda,Insecta,Lepidoptera,Sphingidae,Eupyrrhoglossum,Eupyrrhoglossum-sagra-COI,Insecta/Lepidoptera/Sphingidae/Eupyrrhoglossum-sagra,42,60,6,166,141,496,950
496,Aedes canadensis,Arthropoda,Insecta,Diptera,Culicidae,Aedes,Aedes-canadensis-COI,Insecta/Diptera/Culicidae/Aedes-canadensis,110,263,17,1210,1145,497,951
497,Lacanobia atlantica,Arthropoda,Insecta,Lepidoptera,Noctuidae,Lacanobia,Lacanobia-atlantica-COI,Insecta/Lepidoptera/Noctuidae/Lacanobia-atlantica,15,18,2,19,13,498,952
498,Cratyna cryptospina,Arthropoda,Insecta,Diptera,Sciaridae,Cratyna,Cratyna-cryptospina-COI,Insecta/Diptera/Sciaridae/Cratyna-cryptospina,50,282,8,286,255,499,953
499,Mompha langiella,Arthropoda,Insecta,Lepidoptera,Momphidae,Mompha,Mompha-langiella-COI,Insecta/Lepidoptera/Momphidae/Mompha-langiella,14,49,2,19,12,500,956
500,Demetrias atricapillus,Arthropoda,Insecta,Coleoptera,Carabidae,Demetrias,Demetrias-atricapillus-COI,Insecta/Coleoptera/Carabidae/Demetrias-atricapillus,13,17,2,17,9,501,958
501,Phaeomolis curvenal,Arthropoda,Insecta,Lepidoptera,Arctiidae,Phaeomolis,Phaeomolis-curvenal-COI,Insecta/Lepidoptera/Arctiidae/Phaeomolis-curvenal,17,22,3,34,23,502,960
502,Oedalea lanceolata,Arthropoda,Insecta,Diptera,Hybotidae,Oedalea,Oedalea-lanceolata-COI,Insecta/Diptera/Hybotidae/Oedalea-lanceolata,12,33,2,16,9,503,964
503,Epinotia radicana,Arthropoda,Insecta,Lepidoptera,Tortricidae,Epinotia,Epinotia-radicana-COI,Insecta/Lepidoptera/Tortricidae/Epinotia-radicana,45,107,7,202,174,504,965
504,Bathyplectes curculionis,Arthropoda,Insecta,Hymenoptera,Ichneumonidae,Bathyplectes,Bathyplectes-curculionis-COI,Insecta/Hymenoptera/Ichneumonidae/Bathyplectes-curculionis,13,13,2,19,10,505,967
505,Leiomyza curvinervis,Arthropoda,Insecta,Diptera,Asteiidae,Leiomyza,Leiomyza-curvinervis-COI,Insecta/Diptera/Asteiidae/Leiomyza-curvinervis,37,137,6,160,134,506,968
506,Brachyta interrogationis,Arthropoda,Insecta,Coleoptera,Cerambycidae,Brachyta,Brachyta-interrogationis-COI,Insecta/Coleoptera/Cerambycidae/Brachyta-interrogationis,12,18,2,15,9,507,969
507,Glacies alpinata,Arthropoda,Insecta,Lepidoptera,Geometridae,Glacies,Glacies-alpinata-COI,Insecta/Lepidoptera/Geometridae/Glacies-alpinata,16,20,2,21,14,508,970
508,Ichneumon stigmatorius,Arthropoda,Insecta,Hymenoptera,Ichneumonidae,Ichneumon,Ichneumon-stigmatorius-COI,Insecta/Hymenoptera/Ichneumonidae/Ichneumon-stigmatorius,13,22,2,16,10,509,971
509,Chromis cyanea,Chordata,Actinopterygii,Perciformes,Pomacentridae,Chromis,Chromis-cyanea-COI,Actinopterygii/Perciformes/Pomacentridae/Chromis-cyanea,13,61,2,17,11,510,972
510,Acrodactyla degener,Arthropoda,Insecta,Hymenoptera,Ichneumonidae,Acrodactyla,Acrodactyla-degener-COI,Insecta/Hymenoptera/Ichneumonidae/Acrodactyla-degener,13,23,2,16,10,511,974
511,Hydriomena ruberata,Arthropoda,Insecta,Lepidoptera,Geometridae,Hydriomena,Hydriomena-ruberata-COI,Insecta/Lepidoptera/Geometridae/Hydriomena-ruberata,25,33,4,62,50,512,975
512,Phyllotreta undulata,Arthropoda,Insecta,Coleoptera,Chrysomelidae,Phyllotreta,Phyllotreta-undulata-COI,Insecta/Coleoptera/Chrysomelidae/Phyllotreta-undulata,19,20,3,37,26,513,979
513,Caloptilia coroniella,Arthropoda,Insecta,Lepidoptera,Gracillariidae,Caloptilia,Caloptilia-coroniella-COI,Insecta/Lepidoptera/Gracillariidae/Caloptilia-coroniella,18,62,3,32,23,514,980
514,Proasellus synaselloides,Arthropoda,Malacostraca,Isopoda,Asellidae,Proasellus,Proasellus-synaselloides-COI,Malacostraca/Isopoda/Asellidae/Proasellus-synaselloides,19,32,3,38,27,515,984
515,Anagrus daanei,Arthropoda,Insecta,Hymenoptera,Mymaridae,Anagrus,Anagrus-daanei-COI,Insecta/Hymenoptera/Mymaridae/Anagrus-daanei,54,311,8,291,258,516,985
516,Daphnia pulex_NA,Arthropoda,Branchiopoda,Anomopoda,Daphniidae,Daphnia,Daphnia-pulex_NA-COI,Branchiopoda/Anomopoda/Daphniidae/Daphnia-pulex_NA,32,68,5,102,82,517,986
517,Liorhyssus hyalinus,Arthropoda,Insecta,Hemiptera,Rhopalidae,Liorhyssus,Liorhyssus-hyalinus-COI,Insecta/Hemiptera/Rhopalidae/Liorhyssus-hyalinus,20,29,3,41,29,518,988
518,Conchylodes grammaphora,Arthropoda,Insecta,Lepidoptera,Crambidae,Conchylodes,Conchylodes-grammaphora-COI,Insecta/Lepidoptera/Crambidae/Conchylodes-grammaphora,22,35,3,48,36,519,990
519,Isotomurus plumosus,Arthropoda,Entognatha,Collembola,Isotomidae,Isotomurus,Isotomurus-plumosus-COI,Entognatha/Collembola/Isotomidae/Isotomurus-plumosus,24,236,4,68,52,520,991
520,Apohyale stebbingi,Arthropoda,Malacostraca,Amphipoda,Hyalidae,Apohyale,Apohyale-stebbingi-COI,Malacostraca/Amphipoda/Hyalidae/Apohyale-stebbingi,23,40,3,45,32,521,992
521,Anomis flava,Arthropoda,Insecta,Lepidoptera,Erebidae,Anomis,Anomis-flava-COI,Insecta/Lepidoptera/Erebidae/Anomis-flava,36,50,5,130,109,522,994
522,Acronicta menyanthidis,Arthropoda,Insecta,Lepidoptera,Noctuidae,Acronicta,Acronicta-menyanthidis-COI,Insecta/Lepidoptera/Noctuidae/Acronicta-menyanthidis,12,16,2,15,10,523,995
523,Lobesia physophora,Arthropoda,Insecta,Lepidoptera,Tortricidae,Lobesia,Lobesia-physophora-COI,Insecta/Lepidoptera/Tortricidae/Lobesia-physophora,14,15,2,20,13,524,997
524,Phostria metalobalis,Arthropoda,Insecta,Lepidoptera,Crambidae,Phostria,Phostria-metalobalis-COI,Insecta/Lepidoptera/Crambidae/Phostria-metalobalis,26,53,4,66,52,525,1001
525,Daphnis placida,Arthropoda,Insecta,Lepidoptera,Sphingidae,Daphnis,Daphnis-placida-COI,Insecta/Lepidoptera/Sphingidae/Daphnis-placida,19,25,3,40,28,526,1002
526,Protohyale jarrettae,Arthropoda,Malacostraca,Amphipoda,Hyalidae,Protohyale,Protohyale-jarrettae-COI,Malacostraca/Amphipoda/Hyalidae/Protohyale-jarrettae,13,35,2,19,10,527,1003
527,Nesara dalceroides,Arthropoda,Insecta,Lepidoptera,Lasiocampidae,Nesara,Nesara-dalceroides-COI,Insecta/Lepidoptera/Lasiocampidae/Nesara-dalceroides,14,46,2,16,11,528,1007
528,Catephiodes trinidadensis,Arthropoda,Insecta,Lepidoptera,Noctuidae,Catephiodes,Catephiodes-trinidadensis-COI,Insecta/Lepidoptera/Noctuidae/Catephiodes-trinidadensis,12,20,2,16,9,529,1009
529,Tallaperla maria,Arthropoda,Insecta,Plecoptera,Peltoperlidae,Tallaperla,Tallaperla-maria-COI,Insecta/Plecoptera/Peltoperlidae/Tallaperla-maria,12,13,2,16,9,530,1010
530,Myathropa florea,Arthropoda,Insecta,Diptera,Syrphidae,Myathropa,Myathropa-florea-COI,Insecta/Diptera/Syrphidae/Myathropa-florea,13,13,2,16,9,531,1013
531,Chironomus entis,Arthropoda,Insecta,Diptera,Chironomidae,Chironomus,Chironomus-entis-COI,Insecta/Diptera/Chironomidae/Chironomus-entis,19,338,3,40,29,532,1016
532,Philodromus imbecillus,Arthropoda,Arachnida,Araneae,Philodromidae,Philodromus,Philodromus-imbecillus-COI,Arachnida/Araneae/Philodromidae/Philodromus-imbecillus,20,33,3,41,28,533,1017
533,Helina setiventris,Arthropoda,Insecta,Diptera,Muscidae,Helina,Helina-setiventris-COI,Insecta/Diptera/Muscidae/Helina-setiventris,32,77,5,108,89,534,1018
534,Coelichneumon navus,Arthropoda,Insecta,Hymenoptera,Ichneumonidae,Coelichneumon,Coelichneumon-navus-COI,Insecta/Hymenoptera/Ichneumonidae/Coelichneumon-navus,20,47,3,40,29,535,1019
535,Neotheronia tacubaya,Arthropoda,Insecta,Hymenoptera,Ichneumonidae,Neotheronia,Neotheronia-tacubaya-COI,Insecta/Hymenoptera/Ichneumonidae/Neotheronia-tacubaya,44,126,7,205,177,536,1020
536,Hellinsia pectodactylus,Arthropoda,Insecta,Lepidoptera,Pterophoridae,Hellinsia,Hellinsia-pectodactylus-COI,Insecta/Lepidoptera/Pterophoridae/Hellinsia-pectodactylus,25,43,4,65,51,537,1021
537,Scarus iseri,Chordata,Actinopterygii,Perciformes,Scaridae,Scarus,Scarus-iseri-COI,Actinopterygii/Perciformes/Scaridae/Scarus-iseri,21,72,3,44,33,538,1022
538,Sargus elegans,Arthropoda,Insecta,Diptera,Stratiomyidae,Sargus,Sargus-elegans-COI,Insecta/Diptera/Stratiomyidae/Sargus-elegans,14,23,2,19,12,539,1023
539,Monopis spilotella,Arthropoda,Insecta,Lepidoptera,Tineidae,Monopis,Monopis-spilotella-COI,Insecta/Lepidoptera/Tineidae/Monopis-spilotella,33,52,5,103,86,540,1027
540,Pachygnatha autumnalis,Arthropoda,Arachnida,Araneae,Tetragnathidae,Pachygnatha,Pachygnatha-autumnalis-COI,Arachnida/Araneae/Tetragnathidae/Pachygnatha-autumnalis,19,36,3,39,29,541,1028
541,Stigmella oxyacanthella,Arthropoda,Insecta,Lepidoptera,Nepticulidae,Stigmella,Stigmella-oxyacanthella-COI,Insecta/Lepidoptera/Nepticulidae/Stigmella-oxyacanthella,17,20,3,36,25,542,1029
542,Hapigia plateada,Arthropoda,Insecta,Lepidoptera,Notodontidae,Hapigia,Hapigia-plateada-COI,Insecta/Lepidoptera/Notodontidae/Hapigia-plateada,15,18,2,19,13,543,1030
543,Labeo calbasu,Chordata,Actinopterygii,Cypriniformes,Cyprinidae,Labeo,Labeo-calbasu-COI,Actinopterygii/Cypriniformes/Cyprinidae/Labeo-calbasu,26,30,4,72,56,544,1031
544,Myrmica lobifrons,Arthropoda,Insecta,Hymenoptera,Formicidae,Myrmica,Myrmica-lobifrons-COI,Insecta/Hymenoptera/Formicidae/Myrmica-lobifrons,14,78,2,18,11,545,1032
545,Manulea bicolor,Arthropoda,Insecta,Lepidoptera,Arctiidae,Manulea,Manulea-bicolor-COI,Insecta/Lepidoptera/Arctiidae/Manulea-bicolor,25,73,4,69,54,546,1033
546,Allotria elonympha,Arthropoda,Insecta,Lepidoptera,Noctuidae,Allotria,Allotria-elonympha-COI,Insecta/Lepidoptera/Noctuidae/Allotria-elonympha,15,35,2,21,14,547,1035
547,Dolichovespula maculata,Arthropoda,Insecta,Hymenoptera,Vespidae,Dolichovespula,Dolichovespula-maculata-COI,Insecta/Hymenoptera/Vespidae/Dolichovespula-maculata,90,241,14,858,796,548,1036
548,Clemensia albata,Arthropoda,Insecta,Lepidoptera,Arctiidae,Clemensia,Clemensia-albata-COI,Insecta/Lepidoptera/Arctiidae/Clemensia-albata,53,123,8,260,229,549,1037
549,Abstrusomyzus phloxae,Arthropoda,Insecta,Hemiptera,Aphididae,Abstrusomyzus,Abstrusomyzus-phloxae-COI,Insecta/Hemiptera/Aphididae/Abstrusomyzus-phloxae,12,25,2,18,11,550,1039
550,Anisocentropus pallidus,Arthropoda,Insecta,Trichoptera,Calamoceratidae,Anisocentropus,Anisocentropus-pallidus-COI,Insecta/Trichoptera/Calamoceratidae/Anisocentropus-pallidus,27,66,4,66,53,551,1044
551,Epinotia crenana,Arthropoda,Insecta,Lepidoptera,Tortricidae,Epinotia,Epinotia-crenana-COI,Insecta/Lepidoptera/Tortricidae/Epinotia-crenana,13,18,2,17,9,552,1045
552,Hapigia nodicornis,Arthropoda,Insecta,Lepidoptera,Notodontidae,Hapigia,Hapigia-nodicornis-COI,Insecta/Lepidoptera/Notodontidae/Hapigia-nodicornis,15,37,2,19,13,553,1047
553,Phaedon cochleariae,Arthropoda,Insecta,Coleoptera,Chrysomelidae,Phaedon,Phaedon-cochleariae-COI,Insecta/Coleoptera/Chrysomelidae/Phaedon-cochleariae,15,21,2,22,14,554,1048
554,Holcocera chalcofrontella,Arthropoda,Insecta,Lepidoptera,Blastobasidae,Holcocera,Holcocera-chalcofrontella-COI,Insecta/Lepidoptera/Blastobasidae/Holcocera-chalcofrontella,66,161,10,433,394,555,1050
555,Micropsectra recurvata,Arthropoda,Insecta,Diptera,Chironomidae,Micropsectra,Micropsectra-recurvata-COI,Insecta/Diptera/Chironomidae/Micropsectra-recurvata,22,200,3,42,31,556,1062
556,Glischrochilus quadrisignatus,Arthropoda,Insecta,Coleoptera,Nitidulidae,Glischrochilus,Glischrochilus-quadrisignatus-COI,Insecta/Coleoptera/Nitidulidae/Glischrochilus-quadrisignatus,28,32,4,75,60,557,1066
557,Graphocephala hieroglyphica,Arthropoda,Insecta,Hemiptera,Cicadellidae,Graphocephala,Graphocephala-hieroglyphica-COI,Insecta/Hemiptera/Cicadellidae/Graphocephala-hieroglyphica,25,237,4,66,51,558,1067
558,Rhyacophila torva,Arthropoda,Insecta,Trichoptera,Rhyacophilidae,Rhyacophila,Rhyacophila-torva-COI,Insecta/Trichoptera/Rhyacophilidae/Rhyacophila-torva,17,34,3,36,24,559,1071
559,Dictyoptera aurora,Arthropoda,Insecta,Coleoptera,Lycidae,Dictyoptera,Dictyoptera-aurora-COI,Insecta/Coleoptera/Lycidae/Dictyoptera-aurora,22,31,3,39,28,560,1074
560,Xerocrassa mesostena,Mollusca,Gastropoda,Stylommatophora,Geomitridae,Xerocrassa,Xerocrassa-mesostena-COI,Gastropoda/Stylommatophora/Geomitridae/Xerocrassa-mesostena,101,136,15,945,893,561,1077
561,Coptotriche angusticollella,Arthropoda,Insecta,Lepidoptera,Tischeriidae,Coptotriche,Coptotriche-angusticollella-COI,Insecta/Lepidoptera/Tischeriidae/Coptotriche-angusticollella,13,17,2,16,10,562,1078
562,Lampyris noctiluca,Arthropoda,Insecta,Coleoptera,Lampyridae,Lampyris,Lampyris-noctiluca-COI,Insecta/Coleoptera/Lampyridae/Lampyris-noctiluca,14,14,2,18,12,563,1079
563,Lutzia tigripes,Arthropoda,Insecta,Diptera,Culicidae,Lutzia,Lutzia-tigripes-COI,Insecta/Diptera/Culicidae/Lutzia-tigripes,12,16,2,15,9,564,1080
564,Ancylis metamelana,Arthropoda,Insecta,Lepidoptera,Tortricidae,Ancylis,Ancylis-metamelana-COI,Insecta/Lepidoptera/Tortricidae/Ancylis-metamelana,39,87,6,146,124,565,1082
565,Spilichneumon nubivagus,Arthropoda,Insecta,Hymenoptera,Ichneumonidae,Spilichneumon,Spilichneumon-nubivagus-COI,Insecta/Hymenoptera/Ichneumonidae/Spilichneumon-nubivagus,82,505,12,711,663,566,1084
566,Antiblemma fuscireticulata,Arthropoda,Insecta,Lepidoptera,Noctuidae,Antiblemma,Antiblemma-fuscireticulata-COI,Insecta/Lepidoptera/Noctuidae/Antiblemma-fuscireticulata,42,75,6,173,147,567,1086
567,Sparganothis distincta,Arthropoda,Insecta,Lepidoptera,Tortricidae,Sparganothis,Sparganothis-distincta-COI,Insecta/Lepidoptera/Tortricidae/Sparganothis-distincta,14,21,2,20,13,568,1087
568,Euura flavescens,Arthropoda,Insecta,Hymenoptera,Tenthredinidae,Euura,Euura-flavescens-COI,Insecta/Hymenoptera/Tenthredinidae/Euura-flavescens,13,23,2,16,10,569,1089
569,Alloxysta marshalliana,Arthropoda,Insecta,Hymenoptera,Charipidae,Alloxysta,Alloxysta-marshalliana-COI,Insecta/Hymenoptera/Charipidae/Alloxysta-marshalliana,16,35,2,20,15,570,1091
570,Aphanius anatoliae,Chordata,Actinopterygii,Cyprinodontiformes,Cyprinodontidae,Aphanius,Aphanius-anatoliae-COI,Actinopterygii/Cyprinodontiformes/Cyprinodontidae/Aphanius-anatoliae,15,28,2,20,13,571,1094
571,Apanteles raulacevedoi,Arthropoda,Insecta,Hymenoptera,Braconidae,Apanteles,Apanteles-raulacevedoi-COI,Insecta/Hymenoptera/Braconidae/Apanteles-raulacevedoi,24,43,4,65,50,572,1096
572,Caenis latipennis,Arthropoda,Insecta,Ephemeroptera,Caenidae,Caenis,Caenis-latipennis-COI,Insecta/Ephemeroptera/Caenidae/Caenis-latipennis,41,114,6,161,136,573,1100
573,Megalopyge albicollis,Arthropoda,Insecta,Lepidoptera,Megalopygidae,Megalopyge,Megalopyge-albicollis-COI,Insecta/Lepidoptera/Megalopygidae/Megalopyge-albicollis,45,77,7,204,178,574,1102
574,Arachnospila trivialis,Arthropoda,Insecta,Hymenoptera,Pompilidae,Arachnospila,Arachnospila-trivialis-COI,Insecta/Hymenoptera/Pompilidae/Arachnospila-trivialis,21,28,3,38,29,575,1103
575,Rhabdatomis laudamia,Arthropoda,Insecta,Lepidoptera,Arctiidae,Rhabdatomis,Rhabdatomis-laudamia-COI,Insecta/Lepidoptera/Arctiidae/Rhabdatomis-laudamia,45,190,7,201,175,576,1105
576,Synale cynaxa,Arthropoda,Insecta,Lepidoptera,Hesperiidae,Synale,Synale-cynaxa-COI,Insecta/Lepidoptera/Hesperiidae/Synale-cynaxa,12,15,2,14,9,577,1107
577,Oligomerus ptilinoides,Arthropoda,Insecta,Coleoptera,Anobiidae,Oligomerus,Oligomerus-ptilinoides-COI,Insecta/Coleoptera/Anobiidae/Oligomerus-ptilinoides,15,46,2,20,14,578,1108
578,Charanyca ferruginea,Arthropoda,Insecta,Lepidoptera,Noctuidae,Charanyca,Charanyca-ferruginea-COI,Insecta/Lepidoptera/Noctuidae/Charanyca-ferruginea,43,49,6,172,147,579,1111
579,Diaphorodoris luteocincta,Mollusca,Gastropoda,Nudibranchia,Calycidorididae,Diaphorodoris,Diaphorodoris-luteocincta-COI,Gastropoda/Nudibranchia/Calycidorididae/Diaphorodoris-luteocincta,12,12,2,17,11,580,1112
580,Pegomya icterica,Arthropoda,Insecta,Diptera,Anthomyiidae,Pegomya,Pegomya-icterica-COI,Insecta/Diptera/Anthomyiidae/Pegomya-icterica,15,49,2,20,14,581,1115
581,Eulogia ochrifrontella,Arthropoda,Insecta,Lepidoptera,Pyralidae,Eulogia,Eulogia-ochrifrontella-COI,Insecta/Lepidoptera/Pyralidae/Eulogia-ochrifrontella,49,99,7,214,188,582,1116
582,Grammia parthenice,Arthropoda,Insecta,Lepidoptera,Erebidae,Grammia,Grammia-parthenice-COI,Insecta/Lepidoptera/Erebidae/Grammia-parthenice,23,31,3,46,35,583,1118
583,Gilpinia hercyniae,Arthropoda,Insecta,Hymenoptera,Diprionidae,Gilpinia,Gilpinia-hercyniae-COI,Insecta/Hymenoptera/Diprionidae/Gilpinia-hercyniae,29,36,4,75,62,584,1120
584,Dichogama colotha,Arthropoda,Insecta,Lepidoptera,Crambidae,Dichogama,Dichogama-colotha-COI,Insecta/Lepidoptera/Crambidae/Dichogama-colotha,26,58,4,71,55,585,1121
585,Tetramorium indocile,Arthropoda,Insecta,Hymenoptera,Formicidae,Tetramorium,Tetramorium-indocile-COI,Insecta/Hymenoptera/Formicidae/Tetramorium-indocile,25,25,4,62,48,586,1122
586,Athalia scutellariae,Arthropoda,Insecta,Hymenoptera,Tenthredinidae,Athalia,Athalia-scutellariae-COI,Insecta/Hymenoptera/Tenthredinidae/Athalia-scutellariae,12,13,2,18,10,587,1123
587,Trechus quadristriatus,Arthropoda,Insecta,Coleoptera,Carabidae,Trechus,Trechus-quadristriatus-COI,Insecta/Coleoptera/Carabidae/Trechus-quadristriatus,20,28,3,40,29,588,1126
588,Laphria posticata,Arthropoda,Insecta,Diptera,Asilidae,Laphria,Laphria-posticata-COI,Insecta/Diptera/Asilidae/Laphria-posticata,31,45,5,94,76,589,1129
589,Calolydella timjamesi,Arthropoda,Insecta,Diptera,Tachinidae,Calolydella,Calolydella-timjamesi-COI,Insecta/Diptera/Tachinidae/Calolydella-timjamesi,12,28,2,15,9,590,1130
590,Pyrrhia exprimens,Arthropoda,Insecta,Lepidoptera,Noctuidae,Pyrrhia,Pyrrhia-exprimens-COI,Insecta/Lepidoptera/Noctuidae/Pyrrhia-exprimens,23,31,3,49,38,591,1131
591,Epidelia damia,Arthropoda,Insecta,Lepidoptera,Pyralidae,Epidelia,Epidelia-damia-COI,Insecta/Lepidoptera/Pyralidae/Epidelia-damia,18,55,3,39,28,592,1132
592,Tachygyna vancouverana,Arthropoda,Arachnida,Araneae,Linyphiidae,Tachygyna,Tachygyna-vancouverana-COI,Arachnida/Araneae/Linyphiidae/Tachygyna-vancouverana,13,51,2,17,11,593,1134
593,Psilocorsis reflexella,Arthropoda,Insecta,Lepidoptera,Oecophoridae,Psilocorsis,Psilocorsis-reflexella-COI,Insecta/Lepidoptera/Oecophoridae/Psilocorsis-reflexella,64,227,10,400,355,594,1135
594,Thrips flavus,Arthropoda,Insecta,Thysanoptera,Thripidae,Thrips,Thrips-flavus-COI,Insecta/Thysanoptera/Thripidae/Thrips-flavus,73,218,11,544,497,595,1136
595,Hemeroplanes triptolemus,Arthropoda,Insecta,Lepidoptera,Sphingidae,Hemeroplanes,Hemeroplanes-triptolemus-COI,Insecta/Lepidoptera/Sphingidae/Hemeroplanes-triptolemus,24,27,4,63,47,596,1137
596,Houghia confinis,Arthropoda,Insecta,Diptera,Tachinidae,Houghia,Houghia-confinis-COI,Insecta/Diptera/Tachinidae/Houghia-confinis,17,26,3,37,26,597,1138
597,Spelobia bifrons,Arthropoda,Insecta,Diptera,Sphaeroceridae,Spelobia,Spelobia-bifrons-COI,Insecta/Diptera/Sphaeroceridae/Spelobia-bifrons,20,42,3,45,31,598,1139
598,Cyclophora puppillaria,Arthropoda,Insecta,Lepidoptera,Geometridae,Cyclophora,Cyclophora-puppillaria-COI,Insecta/Lepidoptera/Geometridae/Cyclophora-puppillaria,28,38,4,71,57,599,1140
599,Nereis pelagica,Annelida,Polychaeta,Phyllodocida,Nereididae,Nereis,Nereis-pelagica-COI,Polychaeta/Phyllodocida/Nereididae/Nereis-pelagica,37,87,6,143,121,600,1141
600,Clusiodes melanostomus,Arthropoda,Insecta,Diptera,Clusiidae,Clusiodes,Clusiodes-melanostomus-COI,Insecta/Diptera/Clusiidae/Clusiodes-melanostomus,26,64,4,77,60,601,1143
601,Micrathena gracilis,Arthropoda,Arachnida,Araneae,Araneidae,Micrathena,Micrathena-gracilis-COI,Arachnida/Araneae/Araneidae/Micrathena-gracilis,17,40,3,35,23,602,1145
602,Melanoplus packardii,Arthropoda,Insecta,Orthoptera,Acrididae,Melanoplus,Melanoplus-packardii-COI,Insecta/Orthoptera/Acrididae/Melanoplus-packardii,12,44,2,16,10,603,1146
603,Clemensia brunneomedia,Arthropoda,Insecta,Lepidoptera,Arctiidae,Clemensia,Clemensia-brunneomedia-COI,Insecta/Lepidoptera/Arctiidae/Clemensia-brunneomedia,25,107,4,78,63,604,1147
604,Lobotes surinamensis,Chordata,Actinopterygii,Perciformes,Lobotidae,Lobotes,Lobotes-surinamensis-COI,Actinopterygii/Perciformes/Lobotidae/Lobotes-surinamensis,15,26,2,18,11,605,1148
605,Gnathothlibus erotus,Arthropoda,Insecta,Lepidoptera,Sphingidae,Gnathothlibus,Gnathothlibus-erotus-COI,Insecta/Lepidoptera/Sphingidae/Gnathothlibus-erotus,24,45,4,67,50,606,1149
606,Brachyptera seticornis,Arthropoda,Insecta,Plecoptera,Taeniopterygidae,Brachyptera,Brachyptera-seticornis-COI,Insecta/Plecoptera/Taeniopterygidae/Brachyptera-seticornis,13,19,2,17,11,607,1151
607,Decapterus maruadsi,Chordata,Actinopterygii,Perciformes,Carangidae,Decapterus,Decapterus-maruadsi-COI,Actinopterygii/Perciformes/Carangidae/Decapterus-maruadsi,24,89,4,61,48,608,1154
608,Tachyporus rulomus,Arthropoda,Insecta,Coleoptera,Staphylinidae,Tachyporus,Tachyporus-rulomus-COI,Insecta/Coleoptera/Staphylinidae/Tachyporus-rulomus,12,22,2,14,8,609,1157
609,Aedes pullatus,Arthropoda,Insecta,Diptera,Culicidae,Aedes,Aedes-pullatus-COI,Insecta/Diptera/Culicidae/Aedes-pullatus,44,106,7,203,176,610,1160
610,Abraxas grossulariata,Arthropoda,Insecta,Lepidoptera,Geometridae,Abraxas,Abraxas-grossulariata-COI,Insecta/Lepidoptera/Geometridae/Abraxas-grossulariata,19,28,3,36,26,611,1161
611,Xanthorhoe biriviata,Arthropoda,Insecta,Lepidoptera,Geometridae,Xanthorhoe,Xanthorhoe-biriviata-COI,Insecta/Lepidoptera/Geometridae/Xanthorhoe-biriviata,18,20,3,37,27,612,1162
612,Nica flavilla,Arthropoda,Insecta,Lepidoptera,Nymphalidae,Nica,Nica-flavilla-COI,Insecta/Lepidoptera/Nymphalidae/Nica-flavilla,24,34,4,62,48,613,1163
613,Adrastus pallens,Arthropoda,Insecta,Coleoptera,Elateridae,Adrastus,Adrastus-pallens-COI,Insecta/Coleoptera/Elateridae/Adrastus-pallens,25,34,4,69,54,614,1165
614,Anthomyia plurinotata,Arthropoda,Insecta,Diptera,Anthomyiidae,Anthomyia,Anthomyia-plurinotata-COI,Insecta/Diptera/Anthomyiidae/Anthomyia-plurinotata,45,99,7,210,183,615,1166
615,Aslauga prouvosti,Arthropoda,Insecta,Lepidoptera,Lycaenidae,Aslauga,Aslauga-prouvosti-COI,Insecta/Lepidoptera/Lycaenidae/Aslauga-prouvosti,14,28,2,18,12,616,1168
616,Polistes metricus,Arthropoda,Insecta,Hymenoptera,Eumenidae,Polistes,Polistes-metricus-COI,Insecta/Hymenoptera/Eumenidae/Polistes-metricus,55,66,8,282,253,617,1171
617,Homoeosoma vagella,Arthropoda,Insecta,Lepidoptera,Pyralidae,Homoeosoma,Homoeosoma-vagella-COI,Insecta/Lepidoptera/Pyralidae/Homoeosoma-vagella,31,122,5,105,87,618,1173
618,Euura stenogaster,Arthropoda,Insecta,Hymenoptera,Tenthredinidae,Euura,Euura-stenogaster-COI,Insecta/Hymenoptera/Tenthredinidae/Euura-stenogaster,21,33,3,38,29,619,1174
619,Acanthonyx lunulatus,Arthropoda,Malacostraca,Decapoda,Epialtidae,Acanthonyx,Acanthonyx-lunulatus-COI,Malacostraca/Decapoda/Epialtidae/Acanthonyx-lunulatus,41,146,6,162,141,620,1175
620,Erebia triarius,Arthropoda,Insecta,Lepidoptera,Nymphalidae,Erebia,Erebia-triarius-COI,Insecta/Lepidoptera/Nymphalidae/Erebia-triarius,40,46,6,147,126,621,1178
621,Maccaffertium modestum,Arthropoda,Insecta,Ephemeroptera,Heptageniidae,Maccaffertium,Maccaffertium-modestum-COI,Insecta/Ephemeroptera/Heptageniidae/Maccaffertium-modestum,66,136,10,442,409,622,1179
622,Gastrina cristaria,Arthropoda,Insecta,Lepidoptera,Geometridae,Gastrina,Gastrina-cristaria-COI,Insecta/Lepidoptera/Geometridae/Gastrina-cristaria,14,77,2,19,12,623,1180
623,Linepithema humile,Arthropoda,Insecta,Hymenoptera,Formicidae,Linepithema,Linepithema-humile-COI,Insecta/Hymenoptera/Formicidae/Linepithema-humile,23,213,3,46,35,624,1182
624,Mataeomera mesotaenia,Arthropoda,Insecta,Lepidoptera,Noctuidae,Mataeomera,Mataeomera-mesotaenia-COI,Insecta/Lepidoptera/Noctuidae/Mataeomera-mesotaenia,12,15,2,18,11,625,1183
625,Thoracolopha spilocrossa,Arthropoda,Insecta,Lepidoptera,Noctuidae,Proteuxoa,Thoracolopha-spilocrossa-COI,Insecta/Lepidoptera/Noctuidae/Thoracolopha-spilocrossa,12,20,2,16,8,626,1184
626,Nothodelphax consimilis,Arthropoda,Insecta,Hemiptera,Delphacidae,Nothodelphax,Nothodelphax-consimilis-COI,Insecta/Hemiptera/Delphacidae/Nothodelphax-consimilis,15,45,2,20,14,627,1186
627,Coenosia frisoni,Arthropoda,Insecta,Diptera,Muscidae,Coenosia,Coenosia-frisoni-COI,Insecta/Diptera/Muscidae/Coenosia-frisoni,12,74,2,16,9,628,1187
628,Garrha platyporphyra,Arthropoda,Insecta,Lepidoptera,Oecophoridae,Garrha,Garrha-platyporphyra-COI,Insecta/Lepidoptera/Oecophoridae/Garrha-platyporphyra,16,53,2,23,15,629,1188
629,Leuctra digitata,Arthropoda,Insecta,Plecoptera,Leuctridae,Leuctra,Leuctra-digitata-COI,Insecta/Plecoptera/Leuctridae/Leuctra-digitata,21,76,3,43,33,630,1189
630,Anolis humilis,Chordata,Reptilia,Squamata,Dactyloidae,Anolis,Anolis-humilis-COI,Reptilia/Squamata/Dactyloidae/Anolis-humilis,34,96,5,108,90,631,1193
631,Pirata montanus,Arthropoda,Arachnida,Araneae,Lycosidae,Pirata,Pirata-montanus-COI,Arachnida/Araneae/Lycosidae/Pirata-montanus,18,30,3,35,25,632,1194
632,Dicranomyia halterata,Arthropoda,Insecta,Diptera,Limoniidae,Dicranomyia,Dicranomyia-halterata-COI,Insecta/Diptera/Limoniidae/Dicranomyia-halterata,32,60,5,103,86,633,1195
633,Melanargia hylata,Arthropoda,Insecta,Lepidoptera,Nymphalidae,Melanargia,Melanargia-hylata-COI,Insecta/Lepidoptera/Nymphalidae/Melanargia-hylata,32,40,5,97,79,634,1197
634,Leipothrix sabinae,Arthropoda,Arachnida,Trombidiformes,Eriophyidae,Leipothrix,Leipothrix-sabinae-COI,Arachnida/Trombidiformes/Eriophyidae/Leipothrix-sabinae,14,62,2,20,13,635,1198
635,Halysidota pectenella,Arthropoda,Insecta,Lepidoptera,Arctiidae,Halysidota,Halysidota-pectenella-COI,Insecta/Lepidoptera/Arctiidae/Halysidota-pectenella,17,49,3,31,22,636,1200
636,Pidonia lurida,Arthropoda,Insecta,Coleoptera,Cerambycidae,Pidonia,Pidonia-lurida-COI,Insecta/Coleoptera/Cerambycidae/Pidonia-lurida,13,17,2,21,13,637,1203
637,Macrargus rufus,Arthropoda,Arachnida,Araneae,Linyphiidae,Macrargus,Macrargus-rufus-COI,Arachnida/Araneae/Linyphiidae/Macrargus-rufus,24,30,4,66,51,638,1207
638,Phyllopertha horticola,Arthropoda,Insecta,Coleoptera,Rutelidae,Phyllopertha,Phyllopertha-horticola-COI,Insecta/Coleoptera/Rutelidae/Phyllopertha-horticola,22,39,3,43,34,639,1208
639,Trichocera regelationis,Arthropoda,Insecta,Diptera,Trichoceridae,Trichocera,Trichocera-regelationis-COI,Insecta/Diptera/Trichoceridae/Trichocera-regelationis,32,104,5,106,88,640,1209
640,Caligo oedipus,Arthropoda,Insecta,Lepidoptera,Nymphalidae,Caligo,Caligo-oedipus-COI,Insecta/Lepidoptera/Nymphalidae/Caligo-oedipus,16,33,2,20,14,641,1211
641,Enochrus testaceus,Arthropoda,Insecta,Coleoptera,Hydrophilidae,Enochrus,Enochrus-testaceus-COI,Insecta/Coleoptera/Hydrophilidae/Enochrus-testaceus,13,20,2,16,11,642,1213
642,Pemphigus bursarius,Arthropoda,Insecta,Hemiptera,Aphididae,Pemphigus,Pemphigus-bursarius-COI,Insecta/Hemiptera/Aphididae/Pemphigus-bursarius,27,53,4,75,60,643,1215
643,Mormonia neogama,Arthropoda,Insecta,Lepidoptera,Erebidae,Catocala,Mormonia-neogama-COI,Insecta/Lepidoptera/Erebidae/Mormonia-neogama,37,68,6,133,110,644,1217
644,Ceratinops latus,Arthropoda,Arachnida,Araneae,Linyphiidae,Ceratinops,Ceratinops-latus-COI,Arachnida/Araneae/Linyphiidae/Ceratinops-latus,19,39,3,39,27,645,1219
645,Cosmosoma cingulatum,Arthropoda,Insecta,Lepidoptera,Arctiidae,Cosmosoma,Cosmosoma-cingulatum-COI,Insecta/Lepidoptera/Arctiidae/Cosmosoma-cingulatum,51,135,8,255,225,646,1222
646,Cecrita macarisma,Arthropoda,Insecta,Lepidoptera,Notodontidae,Cecrita,Cecrita-macarisma-COI,Insecta/Lepidoptera/Notodontidae/Cecrita-macarisma,18,34,3,39,26,647,1223
647,Mytilus trossulus,Mollusca,Bivalvia,Mytilida,Mytilidae,Mytilus,Mytilus-trossulus-COI,Bivalvia/Mytilida/Mytilidae/Mytilus-trossulus,42,153,6,172,148,648,1230
648,Hellinsia lienigianus,Arthropoda,Insecta,Lepidoptera,Pterophoridae,Hellinsia,Hellinsia-lienigianus-COI,Insecta/Lepidoptera/Pterophoridae/Hellinsia-lienigianus,13,14,2,19,9,649,1233
649,Planiliza macrolepis,Chordata,Actinopterygii,Mugiliformes,Mugilidae,Planiliza,Planiliza-macrolepis-COI,Actinopterygii/Mugiliformes/Mugilidae/Planiliza-macrolepis,12,16,2,16,10,650,1234
650,Mocis frugalis,Arthropoda,Insecta,Lepidoptera,Erebidae,Mocis,Mocis-frugalis-COI,Insecta/Lepidoptera/Erebidae/Mocis-frugalis,16,44,2,22,15,651,1236
651,Tachyphyle hamata,Arthropoda,Insecta,Lepidoptera,Geometridae,Tachyphyle,Tachyphyle-hamata-COI,Insecta/Lepidoptera/Geometridae/Tachyphyle-hamata,17,30,3,35,24,652,1238
652,Pennahia anea,Chordata,Actinopterygii,Perciformes,Sciaenidae,Pennahia,Pennahia-anea-COI,Actinopterygii/Perciformes/Sciaenidae/Pennahia-anea,14,19,2,19,12,653,1239
653,Psorophora ferox,Arthropoda,Insecta,Diptera,Culicidae,Psorophora,Psorophora-ferox-COI,Insecta/Diptera/Culicidae/Psorophora-ferox,82,233,12,612,557,654,1240
654,Pseudopachybrachius guttus,Arthropoda,Insecta,Hemiptera,Rhyparochromidae,Pseudopachybrachius,Pseudopachybrachius-guttus-COI,Insecta/Hemiptera/Rhyparochromidae/Pseudopachybrachius-guttus,14,15,2,18,12,655,1242
655,Epinotia nanana,Arthropoda,Insecta,Lepidoptera,Tortricidae,Epinotia,Epinotia-nanana-COI,Insecta/Lepidoptera/Tortricidae/Epinotia-nanana,44,88,7,187,164,656,1243
656,Oncocnemis semicollaris,Arthropoda,Insecta,Lepidoptera,Noctuidae,Oncocnemis,Oncocnemis-semicollaris-COI,Insecta/Lepidoptera/Noctuidae/Oncocnemis-semicollaris,12,23,2,16,11,657,1245
657,Phyllocnistis vitegenella,Arthropoda,Insecta,Lepidoptera,Gracillariidae,Phyllocnistis,Phyllocnistis-vitegenella-COI,Insecta/Lepidoptera/Gracillariidae/Phyllocnistis-vitegenella,46,204,7,231,204,658,1247
658,Crambus unistriatellus,Arthropoda,Insecta,Lepidoptera,Crambidae,Crambus,Crambus-unistriatellus-COI,Insecta/Lepidoptera/Crambidae/Crambus-unistriatellus,23,44,3,45,34,659,1249
659,Leptocera finalis,Arthropoda,Insecta,Diptera,Sphaeroceridae,Leptocera,Leptocera-finalis-COI,Insecta/Diptera/Sphaeroceridae/Leptocera-finalis,14,18,2,17,10,660,1251
660,Platorchestia platensis,Arthropoda,Malacostraca,Amphipoda,Talitridae,Platorchestia,Platorchestia-platensis-COI,Malacostraca/Amphipoda/Talitridae/Platorchestia-platensis,31,81,5,94,77,661,1253
661,Orthocis alni,Arthropoda,Insecta,Coleoptera,Ciidae,Orthocis,Orthocis-alni-COI,Insecta/Coleoptera/Ciidae/Orthocis-alni,12,12,2,14,9,662,1255
662,Eustala cepina,Arthropoda,Arachnida,Araneae,Araneidae,Eustala,Eustala-cepina-COI,Arachnida/Araneae/Araneidae/Eustala-cepina,13,55,2,19,12,663,1257
663,Terapon theraps,Chordata,Actinopterygii,Perciformes,Terapontidae,Terapon,Terapon-theraps-COI,Actinopterygii/Perciformes/Terapontidae/Terapon-theraps,14,24,2,18,12,664,1259
664,Phyllotreta atra,Arthropoda,Insecta,Coleoptera,Chrysomelidae,Phyllotreta,Phyllotreta-atra-COI,Insecta/Coleoptera/Chrysomelidae/Phyllotreta-atra,14,16,2,20,13,665,1261
665,Clubiona johnsoni,Arthropoda,Arachnida,Araneae,Clubionidae,Clubiona,Clubiona-johnsoni-COI,Arachnida/Araneae/Clubionidae/Clubiona-johnsoni,12,22,2,16,10,666,1263
666,Siga pyronia,Arthropoda,Insecta,Lepidoptera,Crambidae,Siga,Siga-pyronia-COI,Insecta/Lepidoptera/Crambidae/Siga-pyronia,19,34,3,39,28,667,1264
667,Hyperomyzus pallidus,Arthropoda,Insecta,Hemiptera,Aphididae,Hyperomyzus,Hyperomyzus-pallidus-COI,Insecta/Hemiptera/Aphididae/Hyperomyzus-pallidus,26,39,4,73,54,668,1268
668,Campoplex difformis,Arthropoda,Insecta,Hymenoptera,Ichneumonidae,Campoplex,Campoplex-difformis-COI,Insecta/Hymenoptera/Ichneumonidae/Campoplex-difformis,19,33,3,36,27,669,1274
669,Aleptina inca,Arthropoda,Insecta,Lepidoptera,Noctuidae,Aleptina,Aleptina-inca-COI,Insecta/Lepidoptera/Noctuidae/Aleptina-inca,12,39,2,16,8,670,1276
670,Paratanytarsus setosimanus,Arthropoda,Insecta,Diptera,Chironomidae,Paratanytarsus,Paratanytarsus-setosimanus-COI,Insecta/Diptera/Chironomidae/Paratanytarsus-setosimanus,16,44,2,21,13,671,1278
671,Rhomboptila brantsiata,Arthropoda,Insecta,Lepidoptera,Geometridae,Rhomboptila,Rhomboptila-brantsiata-COI,Insecta/Lepidoptera/Geometridae/Rhomboptila-brantsiata,16,43,2,20,14,672,1279
672,Opsion nigra,Arthropoda,Insecta,Diptera,Mycetophilidae,Opsion,Opsion-nigra-COI,Insecta/Diptera/Mycetophilidae/Opsion-nigra,22,38,3,46,34,673,1281
673,Colias euxanthe,Arthropoda,Insecta,Lepidoptera,Pieridae,Colias,Colias-euxanthe-COI,Insecta/Lepidoptera/Pieridae/Colias-euxanthe,14,37,2,17,11,674,1284
674,Phora carlina,Arthropoda,Insecta,Diptera,Phoridae,Phora,Phora-carlina-COI,Insecta/Diptera/Phoridae/Phora-carlina,51,257,8,269,242,675,1286
675,Lacinipolia acutipennis,Arthropoda,Insecta,Lepidoptera,Noctuidae,Lacinipolia,Lacinipolia-acutipennis-COI,Insecta/Lepidoptera/Noctuidae/Lacinipolia-acutipennis,15,25,2,20,14,676,1289
676,Leptonema viridianum,Arthropoda,Insecta,Trichoptera,Hydropsychidae,Leptonema,Leptonema-viridianum-COI,Insecta/Trichoptera/Hydropsychidae/Leptonema-viridianum,13,16,2,18,10,677,1290
677,Anochetus mayri,Arthropoda,Insecta,Hymenoptera,Formicidae,Anochetus,Anochetus-mayri-COI,Insecta/Hymenoptera/Formicidae/Anochetus-mayri,18,52,3,35,26,678,1293
678,Crepipatella lingulata,Mollusca,Gastropoda,Littorinimorpha,Calyptraeidae,Crepipatella,Crepipatella-lingulata-COI,Gastropoda/Littorinimorpha/Calyptraeidae/Crepipatella-lingulata,25,68,4,62,50,679,1296
679,Oulema duftschmidi,Arthropoda,Insecta,Coleoptera,Chrysomelidae,Oulema,Oulema-duftschmidi-COI,Insecta/Coleoptera/Chrysomelidae/Oulema-duftschmidi,14,16,2,19,12,680,1297
680,Plectrocnemia cinerea,Arthropoda,Insecta,Trichoptera,Polycentropodidae,Plectrocnemia,Plectrocnemia-cinerea-COI,Insecta/Trichoptera/Polycentropodidae/Plectrocnemia-cinerea,87,287,13,726,670,681,1302
681,Allolobophora longa,Annelida,Clitellata,Crassiclitellata,Lumbricidae,Allolobophora,Allolobophora-longa-COI,Clitellata/Crassiclitellata/Lumbricidae/Allolobophora-longa,19,71,3,38,27,682,1306
682,Ypsolopha sequella,Arthropoda,Insecta,Lepidoptera,Ypsolophidae,Ypsolopha,Ypsolopha-sequella-COI,Insecta/Lepidoptera/Ypsolophidae/Ypsolopha-sequella,18,19,3,33,22,683,1307
683,Brachymyrmex depilis,Arthropoda,Insecta,Hymenoptera,Formicidae,Brachymyrmex,Brachymyrmex-depilis-COI,Insecta/Hymenoptera/Formicidae/Brachymyrmex-depilis,49,128,7,245,217,684,1308
684,Clistoabdominalis ancylus,Arthropoda,Insecta,Diptera,Pipunculidae,Clistoabdominalis,Clistoabdominalis-ancylus-COI,Insecta/Diptera/Pipunculidae/Clistoabdominalis-ancylus,14,29,2,21,14,685,1310
685,Glyphipterix thrasonella,Arthropoda,Insecta,Lepidoptera,Glyphipterigidae,Glyphipterix,Glyphipterix-thrasonella-COI,Insecta/Lepidoptera/Glyphipterigidae/Glyphipterix-thrasonella,18,20,3,38,25,686,1311
686,Ampedus miniipennis,Arthropoda,Insecta,Coleoptera,Ampedidae,Ampedus,Ampedus-miniipennis-COI,Insecta/Coleoptera/Ampedidae/Ampedus-miniipennis,12,30,2,16,8,687,1312
687,Lucilia elongata,Arthropoda,Insecta,Diptera,Calliphoridae,Lucilia,Lucilia-elongata-COI,Insecta/Diptera/Calliphoridae/Lucilia-elongata,15,31,2,20,12,688,1313
688,Campsicnemus alexanderi,Arthropoda,Insecta,Diptera,Dolichopodidae,Campsicnemus,Campsicnemus-alexanderi-COI,Insecta/Diptera/Dolichopodidae/Campsicnemus-alexanderi,47,86,7,210,184,689,1315
689,Parphorus decora,Arthropoda,Insecta,Lepidoptera,Hesperiidae,Parphorus,Parphorus-decora-COI,Insecta/Lepidoptera/Hesperiidae/Parphorus-decora,69,202,10,456,419,690,1318
690,Eois dibapha,Arthropoda,Insecta,Lepidoptera,Geometridae,Eois,Eois-dibapha-COI,Insecta/Lepidoptera/Geometridae/Eois-dibapha,13,24,2,21,12,691,1320
691,Cavariella pastinacae,Arthropoda,Insecta,Hemiptera,Aphididae,Cavariella,Cavariella-pastinacae-COI,Insecta/Hemiptera/Aphididae/Cavariella-pastinacae,17,28,3,35,23,692,1322
692,Symmorphus canadensis,Arthropoda,Insecta,Hymenoptera,Eumenidae,Symmorphus,Symmorphus-canadensis-COI,Insecta/Hymenoptera/Eumenidae/Symmorphus-canadensis,19,39,3,41,30,693,1323
693,Isoperla signata,Arthropoda,Insecta,Plecoptera,Perlodidae,Isoperla,Isoperla-signata-COI,Insecta/Plecoptera/Perlodidae/Isoperla-signata,16,29,2,21,14,694,1326
694,Salebriaria engeli,Arthropoda,Insecta,Lepidoptera,Pyralidae,Salebriaria,Salebriaria-engeli-COI,Insecta/Lepidoptera/Pyralidae/Salebriaria-engeli,19,26,3,38,28,695,1328
695,Lasioglossum birkmanni,Arthropoda,Insecta,Hymenoptera,Halictidae,Lasioglossum,Lasioglossum-birkmanni-COI,Insecta/Hymenoptera/Halictidae/Lasioglossum-birkmanni,14,19,2,21,14,696,1329
696,Tetramorium electrum,Arthropoda,Insecta,Hymenoptera,Formicidae,Tetramorium,Tetramorium-electrum-COI,Insecta/Hymenoptera/Formicidae/Tetramorium-electrum,15,20,2,18,13,697,1333
697,Anavitrinella addendaria,Arthropoda,Insecta,Lepidoptera,Geometridae,Anavitrinella,Anavitrinella-addendaria-COI,Insecta/Lepidoptera/Geometridae/Anavitrinella-addendaria,17,27,3,32,22,698,1337
698,Olibrus bicolor,Arthropoda,Insecta,Coleoptera,Phalacridae,Olibrus,Olibrus-bicolor-COI,Insecta/Coleoptera/Phalacridae/Olibrus-bicolor,12,16,2,16,8,699,1340
699,Bactrocera limbifera,Arthropoda,Insecta,Diptera,Tephritidae,Bactrocera,Bactrocera-limbifera-COI,Insecta/Diptera/Tephritidae/Bactrocera-limbifera,13,45,2,19,12,700,1342
700,Rhagio vertebratus,Arthropoda,Insecta,Diptera,Rhagionidae,Rhagio,Rhagio-vertebratus-COI,Insecta/Diptera/Rhagionidae/Rhagio-vertebratus,16,66,2,23,16,701,1343
701,Lasioglossum malachurum,Arthropoda,Insecta,Hymenoptera,Halictidae,Lasioglossum,Lasioglossum-malachurum-COI,Insecta/Hymenoptera/Halictidae/Lasioglossum-malachurum,41,279,6,154,131,702,1345
702,Incestophantes washingtoni,Arthropoda,Arachnida,Araneae,Linyphiidae,Incestophantes,Incestophantes-washingtoni-COI,Arachnida/Araneae/Linyphiidae/Incestophantes-washingtoni,19,65,3,40,30,703,1346
703,Bledius tricornis,Arthropoda,Insecta,Coleoptera,Staphylinidae,Bledius,Bledius-tricornis-COI,Insecta/Coleoptera/Staphylinidae/Bledius-tricornis,13,17,2,16,10,704,1347
704,Chloraspilates bicoloraria,Arthropoda,Insecta,Lepidoptera,Geometridae,Chloraspilates,Chloraspilates-bicoloraria-COI,Insecta/Lepidoptera/Geometridae/Chloraspilates-bicoloraria,20,46,3,37,27,705,1349
705,Nepheloleuca illiturata,Arthropoda,Insecta,Lepidoptera,Geometridae,Nepheloleuca,Nepheloleuca-illiturata-COI,Insecta/Lepidoptera/Geometridae/Nepheloleuca-illiturata,36,55,5,121,101,706,1351
706,Homoeosoma electella,Arthropoda,Insecta,Lepidoptera,Pyralidae,Homoeosoma,Homoeosoma-electella-COI,Insecta/Lepidoptera/Pyralidae/Homoeosoma-electella,39,82,6,154,131,707,1353
707,Prochoerodes lineola,Arthropoda,Insecta,Lepidoptera,Geometridae,Prochoerodes,Prochoerodes-lineola-COI,Insecta/Lepidoptera/Geometridae/Prochoerodes-lineola,44,111,7,182,160,708,1355
708,Astraptes inflatio,Arthropoda,Insecta,Lepidoptera,Hesperiidae,Astraptes,Astraptes-inflatio-COI,Insecta/Lepidoptera/Hesperiidae/Astraptes-inflatio,76,191,11,508,466,709,1357
709,Furcula scolopendrina,Arthropoda,Insecta,Lepidoptera,Notodontidae,Furcula,Furcula-scolopendrina-COI,Insecta/Lepidoptera/Notodontidae/Furcula-scolopendrina,36,74,5,116,96,710,1358
710,Peromyia cornuta,Arthropoda,Insecta,Diptera,Cecidomyiidae,Peromyia,Peromyia-cornuta-COI,Insecta/Diptera/Cecidomyiidae/Peromyia-cornuta,28,70,4,78,58,711,1361
711,Euclysia angustitincta,Arthropoda,Insecta,Lepidoptera,Geometridae,Euclysia,Euclysia-angustitincta-COI,Insecta/Lepidoptera/Geometridae/Euclysia-angustitincta,21,38,3,44,32,712,1362
712,Elaphria agrotina,Arthropoda,Insecta,Lepidoptera,Noctuidae,Elaphria,Elaphria-agrotina-COI,Insecta/Lepidoptera/Noctuidae/Elaphria-agrotina,50,252,8,279,246,713,1363
713,Sphecodes pellucidus,Arthropoda,Insecta,Hymenoptera,Halictidae,Sphecodes,Sphecodes-pellucidus-COI,Insecta/Hymenoptera/Halictidae/Sphecodes-pellucidus,12,18,2,16,9,714,1364
714,Aedes detritus,Arthropoda,Insecta,Diptera,Culicidae,Aedes,Aedes-detritus-COI,Insecta/Diptera/Culicidae/Aedes-detritus,15,57,2,21,12,715,1367
715,Dolichopus nigrilineatus,Arthropoda,Insecta,Diptera,Dolichopodidae,Dolichopus,Dolichopus-nigrilineatus-COI,Insecta/Diptera/Dolichopodidae/Dolichopus-nigrilineatus,28,79,4,71,58,716,1368
716,Agonopterix argillacea,Arthropoda,Insecta,Lepidoptera,Elachistidae,Agonopterix,Agonopterix-argillacea-COI,Insecta/Lepidoptera/Elachistidae/Agonopterix-argillacea,41,74,6,159,134,717,1370
717,Helobdella modesta,Annelida,Clitellata,Rhynchobdellida,Glossiphoniidae,Helobdella,Helobdella-modesta-COI,Clitellata/Rhynchobdellida/Glossiphoniidae/Helobdella-modesta,27,47,4,70,52,718,1371
718,Leptocerus americanus,Arthropoda,Insecta,Trichoptera,Leptoceridae,Leptocerus,Leptocerus-americanus-COI,Insecta/Trichoptera/Leptoceridae/Leptocerus-americanus,20,36,3,43,31,719,1372
719,Megalops cyprinoides,Chordata,Actinopterygii,Elopiformes,Megalopidae,Megalops,Megalops-cyprinoides-COI,Actinopterygii/Elopiformes/Megalopidae/Megalops-cyprinoides,16,34,2,21,14,720,1373
720,Ophiodon elongatus,Chordata,Actinopterygii,Scorpaeniformes,Hexagrammidae,Ophiodon,Ophiodon-elongatus-COI,Actinopterygii/Scorpaeniformes/Hexagrammidae/Ophiodon-elongatus,14,17,2,16,11,721,1374
721,Merrifieldia tridactyla,Arthropoda,Insecta,Lepidoptera,Pterophoridae,Merrifieldia,Merrifieldia-tridactyla-COI,Insecta/Lepidoptera/Pterophoridae/Merrifieldia-tridactyla,14,19,2,18,12,722,1376
722,Falcaria lacertinaria,Arthropoda,Insecta,Lepidoptera,Drepanidae,Falcaria,Falcaria-lacertinaria-COI,Insecta/Lepidoptera/Drepanidae/Falcaria-lacertinaria,22,25,3,44,32,723,1377
723,Teleiopsis albifemorella,Arthropoda,Insecta,Lepidoptera,Gelechiidae,Teleiopsis,Teleiopsis-albifemorella-COI,Insecta/Lepidoptera/Gelechiidae/Teleiopsis-albifemorella,20,30,3,40,30,724,1378
724,Pyramidula pusilla,Mollusca,Gastropoda,Stylommatophora,Pyramidulidae,Pyramidula,Pyramidula-pusilla-COI,Gastropoda/Stylommatophora/Pyramidulidae/Pyramidula-pusilla,34,91,5,120,100,725,1379
725,Neoantistea magna,Arthropoda,Arachnida,Araneae,Hahniidae,Neoantistea,Neoantistea-magna-COI,Arachnida/Araneae/Hahniidae/Neoantistea-magna,40,90,6,147,123,726,1381
726,Antachara rotundata,Arthropoda,Insecta,Lepidoptera,Noctuidae,Antachara,Antachara-rotundata-COI,Insecta/Lepidoptera/Noctuidae/Antachara-rotundata,33,68,5,106,89,727,1382
727,Nematus leucopyga,Arthropoda,Insecta,Hymenoptera,Tenthredinidae,Nematus,Nematus-leucopyga-COI,Insecta/Hymenoptera/Tenthredinidae/Nematus-leucopyga,14,20,2,19,11,728,1383
728,Chaetodon vagabundus,Chordata,Actinopterygii,Perciformes,Chaetodontidae,Chaetodon,Chaetodon-vagabundus-COI,Actinopterygii/Perciformes/Chaetodontidae/Chaetodon-vagabundus,18,26,3,33,24,729,1385
729,Manduca scutata,Arthropoda,Insecta,Lepidoptera,Sphingidae,Manduca,Manduca-scutata-COI,Insecta/Lepidoptera/Sphingidae/Manduca-scutata,12,14,2,16,10,730,1386
730,Cinara pinea,Arthropoda,Insecta,Hemiptera,Aphididae,Cinara,Cinara-pinea-COI,Insecta/Hemiptera/Aphididae/Cinara-pinea,13,37,2,19,12,731,1387
731,Oligopleura malachitaria,Arthropoda,Insecta,Lepidoptera,Geometridae,Oligopleura,Oligopleura-malachitaria-COI,Insecta/Lepidoptera/Geometridae/Oligopleura-malachitaria,16,22,2,23,15,732,1388
732,Salmo trutta,Chordata,Actinopterygii,Salmoniformes,Salmonidae,Salmo,Salmo-trutta-COI,Actinopterygii/Salmoniformes/Salmonidae/Salmo-trutta,32,67,5,101,86,733,1389
733,Formica neorufibarbis,Arthropoda,Insecta,Hymenoptera,Formicidae,Formica,Formica-neorufibarbis-COI,Insecta/Hymenoptera/Formicidae/Formica-neorufibarbis,108,1315,16,1148,1076,734,1391
734,Hydriomena polyphonta,Arthropoda,Insecta,Lepidoptera,Geometridae,Hydriomena,Hydriomena-polyphonta-COI,Insecta/Lepidoptera/Geometridae/Hydriomena-polyphonta,13,27,2,17,11,735,1395
735,Paradirphia winifredae,Arthropoda,Insecta,Lepidoptera,Saturniidae,Paradirphia,Paradirphia-winifredae-COI,Insecta/Lepidoptera/Saturniidae/Paradirphia-winifredae,39,110,6,146,126,736,1396
736,Crambus hamella,Arthropoda,Insecta,Lepidoptera,Crambidae,Crambus,Crambus-hamella-COI,Insecta/Lepidoptera/Crambidae/Crambus-hamella,12,18,2,14,9,737,1397
737,Leptogenys angusta,Arthropoda,Insecta,Hymenoptera,Formicidae,Leptogenys,Leptogenys-angusta-COI,Insecta/Hymenoptera/Formicidae/Leptogenys-angusta,21,49,3,41,31,738,1398
738,Tenthredo balteata,Arthropoda,Insecta,Hymenoptera,Tenthredinidae,Tenthredo,Tenthredo-balteata-COI,Insecta/Hymenoptera/Tenthredinidae/Tenthredo-balteata,21,22,3,41,30,739,1399
739,Hyphantria cunea,Arthropoda,Insecta,Lepidoptera,Erebidae,Hyphantria,Hyphantria-cunea-COI,Insecta/Lepidoptera/Erebidae/Hyphantria-cunea,85,291,13,766,711,740,1400
740,Melanargia russiae,Arthropoda,Insecta,Lepidoptera,Nymphalidae,Melanargia,Melanargia-russiae-COI,Insecta/Lepidoptera/Nymphalidae/Melanargia-russiae,75,108,11,527,481,741,1405
741,Epicypta aterrima,Arthropoda,Insecta,Diptera,Mycetophilidae,Epicypta,Epicypta-aterrima-COI,Insecta/Diptera/Mycetophilidae/Epicypta-aterrima,28,63,4,72,55,742,1407
742,Neriene digna,Arthropoda,Arachnida,Araneae,Linyphiidae,Neriene,Neriene-digna-COI,Arachnida/Araneae/Linyphiidae/Neriene-digna,35,65,5,121,98,743,1409
743,Belida angelicae,Arthropoda,Insecta,Diptera,Tachinidae,Belida,Belida-angelicae-COI,Insecta/Diptera/Tachinidae/Belida-angelicae,13,31,2,19,12,744,1410
744,Drosophila munda,Arthropoda,Insecta,Diptera,Drosophilidae,Drosophila,Drosophila-munda-COI,Insecta/Diptera/Drosophilidae/Drosophila-munda,23,79,3,47,35,745,1411
745,Acronicta laetifica,Arthropoda,Insecta,Lepidoptera,Noctuidae,Acronicta,Acronicta-laetifica-COI,Insecta/Lepidoptera/Noctuidae/Acronicta-laetifica,14,19,2,19,12,746,1413
746,Leucophenga maculata,Arthropoda,Insecta,Diptera,Drosophilidae,Leucophenga,Leucophenga-maculata-COI,Insecta/Diptera/Drosophilidae/Leucophenga-maculata,22,22,3,43,33,747,1419
747,Oncorhynchus mykiss,Chordata,Actinopterygii,Salmoniformes,Salmonidae,Oncorhynchus,Oncorhynchus-mykiss-COI,Actinopterygii/Salmoniformes/Salmonidae/Oncorhynchus-mykiss,18,33,3,37,26,748,1420
748,Utetheisa pulchelloides,Arthropoda,Insecta,Lepidoptera,Erebidae,Utetheisa,Utetheisa-pulchelloides-COI,Insecta/Lepidoptera/Erebidae/Utetheisa-pulchelloides,45,102,7,204,176,749,1424
749,Crepidula fornicata,Mollusca,Gastropoda,Littorinimorpha,Calyptraeidae,Crepidula,Crepidula-fornicata-COI,Gastropoda/Littorinimorpha/Calyptraeidae/Crepidula-fornicata,17,36,3,34,24,750,1428
750,Cricotopus tricinctus,Arthropoda,Insecta,Diptera,Chironomidae,Cricotopus,Cricotopus-tricinctus-COI,Insecta/Diptera/Chironomidae/Cricotopus-tricinctus,23,357,3,42,33,751,1429
751,Lyonetia pulverulentella,Arthropoda,Insecta,Lepidoptera,Lyonetiidae,Lyonetia,Lyonetia-pulverulentella-COI,Insecta/Lepidoptera/Lyonetiidae/Lyonetia-pulverulentella,19,325,3,36,26,752,1431
752,Etheostoma caeruleum,Chordata,Actinopterygii,Perciformes,Percidae,Etheostoma,Etheostoma-caeruleum-COI,Actinopterygii/Perciformes/Percidae/Etheostoma-caeruleum,16,40,2,21,14,753,1432
753,Melanum puncticollis,Arthropoda,Insecta,Diptera,Chloropidae,Melanum,Melanum-puncticollis-COI,Insecta/Diptera/Chloropidae/Melanum-puncticollis,17,56,3,35,24,754,1433
754,Diachrysia stenochrysis,Arthropoda,Insecta,Lepidoptera,Noctuidae,Diachrysia,Diachrysia-stenochrysis-COI,Insecta/Lepidoptera/Noctuidae/Diachrysia-stenochrysis,23,25,3,43,32,755,1434
755,Eueretagrotis attentus,Arthropoda,Insecta,Lepidoptera,Noctuidae,Eueretagrotis,Eueretagrotis-attentus-COI,Insecta/Lepidoptera/Noctuidae/Eueretagrotis-attentus,12,28,2,16,9,756,1435
756,Botanophila rubrigena,Arthropoda,Insecta,Diptera,Anthomyiidae,Botanophila,Botanophila-rubrigena-COI,Insecta/Diptera/Anthomyiidae/Botanophila-rubrigena,33,85,5,117,96,757,1436
757,Stenalcidia pampinaria,Arthropoda,Insecta,Lepidoptera,Geometridae,Stenalcidia,Stenalcidia-pampinaria-COI,Insecta/Lepidoptera/Geometridae/Stenalcidia-pampinaria,57,185,9,337,301,758,1437
758,Acrodactyla quadrisculpta,Arthropoda,Insecta,Hymenoptera,Ichneumonidae,Acrodactyla,Acrodactyla-quadrisculpta-COI,Insecta/Hymenoptera/Ichneumonidae/Acrodactyla-quadrisculpta,48,83,7,205,182,759,1438
759,Anevrina macateei,Arthropoda,Insecta,Diptera,Phoridae,Anevrina,Anevrina-macateei-COI,Insecta/Diptera/Phoridae/Anevrina-macateei,22,85,3,45,35,760,1439
760,Pseudolycaena damo,Arthropoda,Insecta,Lepidoptera,Lycaenidae,Pseudolycaena,Pseudolycaena-damo-COI,Insecta/Lepidoptera/Lycaenidae/Pseudolycaena-damo,24,38,4,66,52,761,1440
761,Rhinoncus castor,Arthropoda,Insecta,Coleoptera,Curculionidae,Rhinoncus,Rhinoncus-castor-COI,Insecta/Coleoptera/Curculionidae/Rhinoncus-castor,17,27,3,36,25,762,1441
762,Dromius agilis,Arthropoda,Insecta,Coleoptera,Carabidae,Dromius,Dromius-agilis-COI,Insecta/Coleoptera/Carabidae/Dromius-agilis,12,13,2,17,10,763,1442
763,Apis mellifera,Arthropoda,Insecta,Hymenoptera,Apidae,Apis,Apis-mellifera-COI,Insecta/Hymenoptera/Apidae/Apis-mellifera,271,890,41,7064,6923,764,1443
764,Phygadeuon melanopygus,Arthropoda,Insecta,Hymenoptera,Ichneumonidae,Phygadeuon,Phygadeuon-melanopygus-COI,Insecta/Hymenoptera/Ichneumonidae/Phygadeuon-melanopygus,28,43,4,73,58,765,1445
765,Andrena denticulata,Arthropoda,Insecta,Hymenoptera,Andrenidae,Andrena,Andrena-denticulata-COI,Insecta/Hymenoptera/Andrenidae/Andrena-denticulata,12,16,2,16,9,766,1449
766,Schrankia costaestrigalis,Arthropoda,Insecta,Lepidoptera,Erebidae,Schrankia,Schrankia-costaestrigalis-COI,Insecta/Lepidoptera/Erebidae/Schrankia-costaestrigalis,28,34,4,76,61,767,1450
767,Microplitis varicolor,Arthropoda,Insecta,Hymenoptera,Braconidae,Microplitis,Microplitis-varicolor-COI,Insecta/Hymenoptera/Braconidae/Microplitis-varicolor,96,397,14,843,792,768,1452
768,Chalybion californicum,Arthropoda,Insecta,Hymenoptera,Sphecidae,Chalybion,Chalybion-californicum-COI,Insecta/Hymenoptera/Sphecidae/Chalybion-californicum,22,37,3,46,34,769,1453
769,Leptophlebia nebulosa,Arthropoda,Insecta,Ephemeroptera,Leptophlebiidae,Leptophlebia,Leptophlebia-nebulosa-COI,Insecta/Ephemeroptera/Leptophlebiidae/Leptophlebia-nebulosa,26,66,4,67,52,770,1454
770,Thera britannica,Arthropoda,Insecta,Lepidoptera,Geometridae,Thera,Thera-britannica-COI,Insecta/Lepidoptera/Geometridae/Thera-britannica,28,32,4,75,60,771,1457
771,Nemoura cinerea,Arthropoda,Insecta,Plecoptera,Nemouridae,Nemoura,Nemoura-cinerea-COI,Insecta/Plecoptera/Nemouridae/Nemoura-cinerea,30,63,5,104,82,772,1458
772,Aedes taeniorhynchus,Arthropoda,Insecta,Diptera,Culicidae,Aedes,Aedes-taeniorhynchus-COI,Insecta/Diptera/Culicidae/Aedes-taeniorhynchus,30,95,5,98,81,773,1459
773,Aulonothroscus brevicollis,Arthropoda,Insecta,Coleoptera,Throscidae,Aulonothroscus,Aulonothroscus-brevicollis-COI,Insecta/Coleoptera/Throscidae/Aulonothroscus-brevicollis,12,14,2,16,10,774,1461
774,Empria basalis,Arthropoda,Insecta,Hymenoptera,Tenthredinidae,Empria,Empria-basalis-COI,Insecta/Hymenoptera/Tenthredinidae/Empria-basalis,12,15,2,17,9,775,1463
775,Bolitophila acuta,Arthropoda,Insecta,Diptera,Bolitophilidae,Bolitophila,Bolitophila-acuta-COI,Insecta/Diptera/Bolitophilidae/Bolitophila-acuta,12,17,2,17,9,776,1464
776,Sterrhopterix standfussi,Arthropoda,Insecta,Lepidoptera,Psychidae,Sterrhopterix,Sterrhopterix-standfussi-COI,Insecta/Lepidoptera/Psychidae/Sterrhopterix-standfussi,13,16,2,17,10,777,1465
777,Caucasotachea vindobonensis,Mollusca,Gastropoda,Stylommatophora,Helicidae,Caucasotachea,Caucasotachea-vindobonensis-COI,Gastropoda/Stylommatophora/Helicidae/Caucasotachea-vindobonensis,123,154,18,1354,1290,778,1466
778,Melanomya ordinaria,Arthropoda,Insecta,Diptera,Calliphoridae,Melanomya,Melanomya-ordinaria-COI,Insecta/Diptera/Calliphoridae/Melanomya-ordinaria,21,50,3,43,32,779,1469
779,Polyommatus dolus,Arthropoda,Insecta,Lepidoptera,Lycaenidae,Polyommatus,Polyommatus-dolus-COI,Insecta/Lepidoptera/Lycaenidae/Polyommatus-dolus,12,16,2,15,9,780,1472
780,Uleiota planatus,Arthropoda,Insecta,Coleoptera,Silvanidae,Uleiota,Uleiota-planatus-COI,Insecta/Coleoptera/Silvanidae/Uleiota-planatus,16,17,2,20,15,781,1473
781,Eristalis hirta,Arthropoda,Insecta,Diptera,Syrphidae,Eristalis,Eristalis-hirta-COI,Insecta/Diptera/Syrphidae/Eristalis-hirta,12,14,2,16,9,782,1474
782,Cladius brullei,Arthropoda,Insecta,Hymenoptera,Tenthredinidae,Cladius,Cladius-brullei-COI,Insecta/Hymenoptera/Tenthredinidae/Cladius-brullei,53,67,8,276,245,783,1476
783,Apamea vultuosa,Arthropoda,Insecta,Lepidoptera,Noctuidae,Apamea,Apamea-vultuosa-COI,Insecta/Lepidoptera/Noctuidae/Apamea-vultuosa,25,46,4,70,55,784,1477
784,Odontomachus troglodytes,Arthropoda,Insecta,Hymenoptera,Formicidae,Odontomachus,Odontomachus-troglodytes-COI,Insecta/Hymenoptera/Formicidae/Odontomachus-troglodytes,33,107,5,104,88,785,1478
785,Bradysia nomica,Arthropoda,Insecta,Diptera,Sciaridae,Bradysia,Bradysia-nomica-COI,Insecta/Diptera/Sciaridae/Bradysia-nomica,16,79,2,22,15,786,1479
786,Agonopterix heracliana,Arthropoda,Insecta,Lepidoptera,Elachistidae,Agonopterix,Agonopterix-heracliana-COI,Insecta/Lepidoptera/Elachistidae/Agonopterix-heracliana,44,292,7,200,171,787,1482
787,Cubus alanflemingi,Arthropoda,Insecta,Hymenoptera,Ichneumonidae,Cubus,Cubus-alanflemingi-COI,Insecta/Hymenoptera/Ichneumonidae/Cubus-alanflemingi,38,125,6,147,124,788,1484
788,Charmedia chavarriai,Arthropoda,Insecta,Hymenoptera,Ichneumonidae,Charmedia,Charmedia-chavarriai-COI,Insecta/Hymenoptera/Ichneumonidae/Charmedia-chavarriai,25,42,4,70,53,789,1486
789,Ectemnius cephalotes,Arthropoda,Insecta,Hymenoptera,Crabronidae,Ectemnius,Ectemnius-cephalotes-COI,Insecta/Hymenoptera/Crabronidae/Ectemnius-cephalotes,20,60,3,44,32,790,1490
790,Meligramma triangulifera,Arthropoda,Insecta,Diptera,Syrphidae,Meligramma,Meligramma-triangulifera-COI,Insecta/Diptera/Syrphidae/Meligramma-triangulifera,12,15,2,14,9,791,1492
791,Cladotanytarsus vanderwulpi,Arthropoda,Insecta,Diptera,Chironomidae,Cladotanytarsus,Cladotanytarsus-vanderwulpi-COI,Insecta/Diptera/Chironomidae/Cladotanytarsus-vanderwulpi,13,16,2,19,11,792,1496
792,Euura vaga,Arthropoda,Insecta,Hymenoptera,Tenthredinidae,Euura,Euura-vaga-COI,Insecta/Hymenoptera/Tenthredinidae/Euura-vaga,55,96,8,276,242,793,1499
793,Monoctonus washingtonensis,Arthropoda,Insecta,Hymenoptera,Braconidae,Monoctonus,Monoctonus-washingtonensis-COI,Insecta/Hymenoptera/Braconidae/Monoctonus-washingtonensis,25,67,4,70,55,794,1502
794,Nala lividipes,Arthropoda,Insecta,Dermaptera,Labiduridae,Nala,Nala-lividipes-COI,Insecta/Dermaptera/Labiduridae/Nala-lividipes,26,56,4,72,57,795,1503
795,Aspidiotus nerii,Arthropoda,Insecta,Hemiptera,Diaspididae,Aspidiotus,Aspidiotus-nerii-COI,Insecta/Hemiptera/Diaspididae/Aspidiotus-nerii,33,83,5,106,90,796,1505
796,Diplostyla concolor,Arthropoda,Arachnida,Araneae,Linyphiidae,Diplostyla,Diplostyla-concolor-COI,Arachnida/Araneae/Linyphiidae/Diplostyla-concolor,66,158,10,438,401,797,1507
797,Chionodes fumatella,Arthropoda,Insecta,Lepidoptera,Gelechiidae,Chionodes,Chionodes-fumatella-COI,Insecta/Lepidoptera/Gelechiidae/Chionodes-fumatella,45,59,7,201,175,798,1511
798,Prolita sexpunctella,Arthropoda,Insecta,Lepidoptera,Gelechiidae,Prolita,Prolita-sexpunctella-COI,Insecta/Lepidoptera/Gelechiidae/Prolita-sexpunctella,44,72,7,186,159,799,1512
799,Gemmula cosmoi,Mollusca,Gastropoda,Neogastropoda,Turridae,Gemmula,Gemmula-cosmoi-COI,Gastropoda/Neogastropoda/Turridae/Gemmula-cosmoi,30,71,5,98,82,800,1513
800,Cheilinus fasciatus,Chordata,Actinopterygii,Perciformes,Labridae,Cheilinus,Cheilinus-fasciatus-COI,Actinopterygii/Perciformes/Labridae/Cheilinus-fasciatus,24,40,4,60,45,801,1515
801,Simulium tarsatum,Arthropoda,Insecta,Diptera,Simuliidae,Simulium,Simulium-tarsatum-COI,Insecta/Diptera/Simuliidae/Simulium-tarsatum,34,324,5,102,85,802,1516
802,Syssphinx mexicana,Arthropoda,Insecta,Lepidoptera,Saturniidae,Syssphinx,Syssphinx-mexicana-COI,Insecta/Lepidoptera/Saturniidae/Syssphinx-mexicana,17,35,3,33,23,803,1517
803,Eutrichapion ervi,Arthropoda,Insecta,Coleoptera,Brentidae,Eutrichapion,Eutrichapion-ervi-COI,Insecta/Coleoptera/Brentidae/Eutrichapion-ervi,12,16,2,12,9,804,1518
804,Anacrusis nephrodes,Arthropoda,Insecta,Lepidoptera,Tortricidae,Anacrusis,Anacrusis-nephrodes-COI,Insecta/Lepidoptera/Tortricidae/Anacrusis-nephrodes,107,876,16,1149,1086,805,1520
805,Agabus antennatus,Arthropoda,Insecta,Coleoptera,Dytiscidae,Agabus,Agabus-antennatus-COI,Insecta/Coleoptera/Dytiscidae/Agabus-antennatus,20,32,3,39,28,806,1524
806,Speranza bitactata,Arthropoda,Insecta,Lepidoptera,Geometridae,Speranza,Speranza-bitactata-COI,Insecta/Lepidoptera/Geometridae/Speranza-bitactata,19,26,3,40,29,807,1527
807,Idaea subsericeata,Arthropoda,Insecta,Lepidoptera,Geometridae,Idaea,Idaea-subsericeata-COI,Insecta/Lepidoptera/Geometridae/Idaea-subsericeata,32,43,5,104,83,808,1528
808,Homorthodes furfurata,Arthropoda,Insecta,Lepidoptera,Noctuidae,Homorthodes,Homorthodes-furfurata-COI,Insecta/Lepidoptera/Noctuidae/Homorthodes-furfurata,63,168,9,370,339,809,1530
809,Phorocera slossonae,Arthropoda,Insecta,Diptera,Tachinidae,Phorocera,Phorocera-slossonae-COI,Insecta/Diptera/Tachinidae/Phorocera-slossonae,17,27,3,37,26,810,1533
810,Palaemonetes vulgaris,Arthropoda,Malacostraca,Decapoda,Palaemonidae,Palaemonetes,Palaemonetes-vulgaris-COI,Malacostraca/Decapoda/Palaemonidae/Palaemonetes-vulgaris,13,51,2,16,10,811,1536
811,Hiatella K,Mollusca,Bivalvia,Adapedonta,Hiatellidae,Hiatella,Hiatella-K-COI,Bivalvia/Adapedonta/Hiatellidae/Hiatella-K,23,50,3,46,35,812,1537
812,Gonia ornata,Arthropoda,Insecta,Diptera,Tachinidae,Gonia,Gonia-ornata-COI,Insecta/Diptera/Tachinidae/Gonia-ornata,17,26,3,33,24,813,1538
813,Spodoptera mauritia,Arthropoda,Insecta,Lepidoptera,Noctuidae,Spodoptera,Spodoptera-mauritia-COI,Insecta/Lepidoptera/Noctuidae/Spodoptera-mauritia,33,178,5,100,81,814,1539
814,Altica tombacina,Arthropoda,Insecta,Coleoptera,Chrysomelidae,Altica,Altica-tombacina-COI,Insecta/Coleoptera/Chrysomelidae/Altica-tombacina,47,195,7,227,201,815,1540
815,Cynaeda dentalis,Arthropoda,Insecta,Lepidoptera,Crambidae,Cynaeda,Cynaeda-dentalis-COI,Insecta/Lepidoptera/Crambidae/Cynaeda-dentalis,15,16,2,20,12,816,1544
816,Lygus keltoni,Arthropoda,Insecta,Hemiptera,Miridae,Lygus,Lygus-keltoni-COI,Insecta/Hemiptera/Miridae/Lygus-keltoni,35,57,5,117,99,817,1545
817,Lasiocampa quercus,Arthropoda,Insecta,Lepidoptera,Lasiocampidae,Lasiocampa,Lasiocampa-quercus-COI,Insecta/Lepidoptera/Lasiocampidae/Lasiocampa-quercus,23,25,3,49,34,818,1547
818,Nastra insignis,Arthropoda,Insecta,Lepidoptera,Hesperiidae,Nastra,Nastra-insignis-COI,Insecta/Lepidoptera/Hesperiidae/Nastra-insignis,14,20,2,17,11,819,1548
819,Lepetodrilus elevatus,Mollusca,Gastropoda,Lepetellida,Lepetodrilidae,Lepetodrilus,Lepetodrilus-elevatus-COI,Gastropoda/Lepetellida/Lepetodrilidae/Lepetodrilus-elevatus,12,459,2,17,10,820,1550
820,Stomopteryx remissella,Arthropoda,Insecta,Lepidoptera,Gelechiidae,Stomopteryx,Stomopteryx-remissella-COI,Insecta/Lepidoptera/Gelechiidae/Stomopteryx-remissella,34,59,5,118,100,821,1553
821,Thorichthys meeki,Chordata,Actinopterygii,Perciformes,Cichlidae,Thorichthys,Thorichthys-meeki-COI,Actinopterygii/Perciformes/Cichlidae/Thorichthys-meeki,12,45,2,19,12,822,1555
822,Erebia melas,Arthropoda,Insecta,Lepidoptera,Nymphalidae,Erebia,Erebia-melas-COI,Insecta/Lepidoptera/Nymphalidae/Erebia-melas,19,32,3,39,28,823,1556
823,Cerconota scolopacina,Arthropoda,Insecta,Lepidoptera,Oecophoridae,Cerconota,Cerconota-scolopacina-COI,Insecta/Lepidoptera/Oecophoridae/Cerconota-scolopacina,24,79,4,70,54,824,1563
824,Gonodes liquida,Arthropoda,Insecta,Lepidoptera,Noctuidae,Gonodes,Gonodes-liquida-COI,Insecta/Lepidoptera/Noctuidae/Gonodes-liquida,48,133,7,240,209,825,1567
825,Hybauchenidium aquilonare,Arthropoda,Arachnida,Araneae,Linyphiidae,Hybauchenidium,Hybauchenidium-aquilonare-COI,Arachnida/Araneae/Linyphiidae/Hybauchenidium-aquilonare,19,148,3,40,27,826,1570
826,Ptinomorphus imperialis,Arthropoda,Insecta,Coleoptera,Anobiidae,Ptinomorphus,Ptinomorphus-imperialis-COI,Insecta/Coleoptera/Anobiidae/Ptinomorphus-imperialis,22,24,3,46,35,827,1571
827,Stylophora pistillata,Cnidaria,Anthozoa,Scleractinia,Pocilloporidae,Stylophora,Stylophora-pistillata-COI,Anthozoa/Scleractinia/Pocilloporidae/Stylophora-pistillata,25,99,4,63,50,828,1574
828,Caloptilia stigmatella,Arthropoda,Insecta,Lepidoptera,Gracillariidae,Caloptilia,Caloptilia-stigmatella-COI,Insecta/Lepidoptera/Gracillariidae/Caloptilia-stigmatella,96,131,14,871,812,829,1575
829,Magdalis ruficornis,Arthropoda,Insecta,Coleoptera,Curculionidae,Magdalis,Magdalis-ruficornis-COI,Insecta/Coleoptera/Curculionidae/Magdalis-ruficornis,14,17,2,18,11,830,1576
830,Synchlora astraeoides,Arthropoda,Insecta,Lepidoptera,Geometridae,Synchlora,Synchlora-astraeoides-COI,Insecta/Lepidoptera/Geometridae/Synchlora-astraeoides,16,26,2,22,14,831,1577
831,Gongylidium rufipes,Arthropoda,Arachnida,Araneae,Linyphiidae,Gongylidium,Gongylidium-rufipes-COI,Arachnida/Araneae/Linyphiidae/Gongylidium-rufipes,15,17,2,20,12,832,1578
832,Forficula auricularia-A,Arthropoda,Insecta,Dermaptera,Forficulidae,Forficula,Forficula-auricularia-A-COI,Insecta/Dermaptera/Forficulidae/Forficula-auricularia-A,36,85,5,122,102,833,1580
833,Microlinyphia pusilla,Arthropoda,Arachnida,Araneae,Linyphiidae,Microlinyphia,Microlinyphia-pusilla-COI,Arachnida/Araneae/Linyphiidae/Microlinyphia-pusilla,35,51,5,119,97,834,1582
834,Harpalus distinguendus,Arthropoda,Insecta,Coleoptera,Carabidae,Harpalus,Harpalus-distinguendus-COI,Insecta/Coleoptera/Carabidae/Harpalus-distinguendus,13,13,2,19,12,835,1584
835,Coelatura kunenensis,Mollusca,Bivalvia,Unionida,Unionidae,Coelatura,Coelatura-kunenensis-COI,Bivalvia/Unionida/Unionidae/Coelatura-kunenensis,16,25,2,21,13,836,1585
836,Cionus tuberculosus,Arthropoda,Insecta,Coleoptera,Curculionidae,Cionus,Cionus-tuberculosus-COI,Insecta/Coleoptera/Curculionidae/Cionus-tuberculosus,16,20,2,19,12,837,1587
837,Dasyhelea turficola,Arthropoda,Insecta,Diptera,Ceratopogonidae,Dasyhelea,Dasyhelea-turficola-COI,Insecta/Diptera/Ceratopogonidae/Dasyhelea-turficola,35,219,5,121,102,838,1589
838,Synuchus impunctatus,Arthropoda,Insecta,Coleoptera,Carabidae,Synuchus,Synuchus-impunctatus-COI,Insecta/Coleoptera/Carabidae/Synuchus-impunctatus,12,44,2,15,8,839,1592
839,Ephestia elutella,Arthropoda,Insecta,Lepidoptera,Pyralidae,Ephestia,Ephestia-elutella-COI,Insecta/Lepidoptera/Pyralidae/Ephestia-elutella,24,32,4,61,47,840,1593
840,Lichenaula calligrapha,Arthropoda,Insecta,Lepidoptera,Oecophoridae,Lichenaula,Lichenaula-calligrapha-COI,Insecta/Lepidoptera/Oecophoridae/Lichenaula-calligrapha,14,17,2,21,13,841,1594
841,Mythimna convecta,Arthropoda,Insecta,Lepidoptera,Noctuidae,Mythimna,Mythimna-convecta-COI,Insecta/Lepidoptera/Noctuidae/Mythimna-convecta,27,55,4,74,59,842,1597
842,Neoterpes trianguliferata,Arthropoda,Insecta,Lepidoptera,Geometridae,Neoterpes,Neoterpes-trianguliferata-COI,Insecta/Lepidoptera/Geometridae/Neoterpes-trianguliferata,12,16,2,17,10,843,1599
843,Campiglossa guttella,Arthropoda,Insecta,Diptera,Tephritidae,Campiglossa,Campiglossa-guttella-COI,Insecta/Diptera/Tephritidae/Campiglossa-guttella,14,41,2,17,11,844,1601
844,Phronia cinerascens,Arthropoda,Insecta,Diptera,Mycetophilidae,Phronia,Phronia-cinerascens-COI,Insecta/Diptera/Mycetophilidae/Phronia-cinerascens,33,82,5,109,90,845,1602
845,Ectoedemia hannoverella,Arthropoda,Insecta,Lepidoptera,Nepticulidae,Ectoedemia,Ectoedemia-hannoverella-COI,Insecta/Lepidoptera/Nepticulidae/Ectoedemia-hannoverella,13,14,2,19,12,846,1603
846,Psectrocladius platypus,Arthropoda,Insecta,Diptera,Chironomidae,Psectrocladius,Psectrocladius-platypus-COI,Insecta/Diptera/Chironomidae/Psectrocladius-platypus,16,23,2,20,13,847,1604
847,Glaucostola romula,Arthropoda,Insecta,Lepidoptera,Arctiidae,Glaucostola,Glaucostola-romula-COI,Insecta/Lepidoptera/Arctiidae/Glaucostola-romula,50,101,8,269,241,848,1605
848,Adhemarius fulvescens,Arthropoda,Insecta,Lepidoptera,Sphingidae,Adhemarius,Adhemarius-fulvescens-COI,Insecta/Lepidoptera/Sphingidae/Adhemarius-fulvescens,32,105,5,118,99,849,1606
849,Anthocoris musculus,Arthropoda,Insecta,Hemiptera,Anthocoridae,Anthocoris,Anthocoris-musculus-COI,Insecta/Hemiptera/Anthocoridae/Anthocoris-musculus,52,141,8,275,242,850,1612
850,Dipturus oxyrinchus,Chordata,Elasmobranchii,Rajiformes,Rajidae,Dipturus,Dipturus-oxyrinchus-COI,Elasmobranchii/Rajiformes/Rajidae/Dipturus-oxyrinchus,21,43,3,39,29,851,1613
851,Trixoscelis fumipennis,Arthropoda,Insecta,Diptera,Heleomyzidae,Trixoscelis,Trixoscelis-fumipennis-COI,Insecta/Diptera/Heleomyzidae/Trixoscelis-fumipennis,24,172,4,65,49,852,1614
852,Brachycentrus subnubilus,Arthropoda,Insecta,Trichoptera,Brachycentridae,Brachycentrus,Brachycentrus-subnubilus-COI,Insecta/Trichoptera/Brachycentridae/Brachycentrus-subnubilus,18,45,3,37,28,853,1616
853,Ammodytes heian,Chordata,Actinopterygii,Perciformes,Ammodytidae,Ammodytes,Ammodytes-heian-COI,Actinopterygii/Perciformes/Ammodytidae/Ammodytes-heian,12,92,2,17,10,854,1619
854,Ipimorpha retusa,Arthropoda,Insecta,Lepidoptera,Noctuidae,Ipimorpha,Ipimorpha-retusa-COI,Insecta/Lepidoptera/Noctuidae/Ipimorpha-retusa,17,19,3,38,26,855,1620
855,Phyllotreta cruciferae,Arthropoda,Insecta,Coleoptera,Chrysomelidae,Phyllotreta,Phyllotreta-cruciferae-COI,Insecta/Coleoptera/Chrysomelidae/Phyllotreta-cruciferae,61,128,9,331,297,856,1622
856,Tromatobia notator,Arthropoda,Insecta,Hymenoptera,Ichneumonidae,Tromatobia,Tromatobia-notator-COI,Insecta/Hymenoptera/Ichneumonidae/Tromatobia-notator,18,30,3,36,24,857,1624
857,Melitaea celadussa,Arthropoda,Insecta,Lepidoptera,Nymphalidae,Melitaea,Melitaea-celadussa-COI,Insecta/Lepidoptera/Nymphalidae/Melitaea-celadussa,102,119,15,888,843,858,1625
858,Lacanobia subjuncta,Arthropoda,Insecta,Lepidoptera,Noctuidae,Lacanobia,Lacanobia-subjuncta-COI,Insecta/Lepidoptera/Noctuidae/Lacanobia-subjuncta,31,48,5,103,86,859,1626
859,Phymatopus hecta,Arthropoda,Insecta,Lepidoptera,Hepialidae,Phymatopus,Phymatopus-hecta-COI,Insecta/Lepidoptera/Hepialidae/Phymatopus-hecta,17,18,3,33,23,860,1627
860,Philaenarcys killa,Arthropoda,Insecta,Hemiptera,Aphrophoridae,Philaenarcys,Philaenarcys-killa-COI,Insecta/Hemiptera/Aphrophoridae/Philaenarcys-killa,12,20,2,18,11,861,1629
861,Euproctis similis,Arthropoda,Insecta,Lepidoptera,Erebidae,Euproctis,Euproctis-similis-COI,Insecta/Lepidoptera/Erebidae/Euproctis-similis,25,27,4,69,54,862,1634
862,Laurogammarus scutarensis,Arthropoda,Malacostraca,Amphipoda,Gammaridae,Laurogammarus,Laurogammarus-scutarensis-COI,Malacostraca/Amphipoda/Gammaridae/Laurogammarus-scutarensis,14,148,2,18,11,863,1636
863,Anadasmus quadratella,Arthropoda,Insecta,Lepidoptera,Depressariidae,Anadasmus,Anadasmus-quadratella-COI,Insecta/Lepidoptera/Depressariidae/Anadasmus-quadratella,76,299,11,529,486,864,1638
864,Metopomyza scutellata,Arthropoda,Insecta,Diptera,Agromyzidae,Metopomyza,Metopomyza-scutellata-COI,Insecta/Diptera/Agromyzidae/Metopomyza-scutellata,13,27,2,19,12,865,1639
865,Phalonidia lepidana,Arthropoda,Insecta,Lepidoptera,Tortricidae,Phalonidia,Phalonidia-lepidana-COI,Insecta/Lepidoptera/Tortricidae/Phalonidia-lepidana,15,21,2,20,13,866,1640
866,Anaspis rufilabris,Arthropoda,Insecta,Coleoptera,Scraptiidae,Anaspis,Anaspis-rufilabris-COI,Insecta/Coleoptera/Scraptiidae/Anaspis-rufilabris,20,28,3,39,29,867,1642
867,Cosmosoma festiva,Arthropoda,Insecta,Lepidoptera,Arctiidae,Cosmosoma,Cosmosoma-festiva-COI,Insecta/Lepidoptera/Arctiidae/Cosmosoma-festiva,21,27,3,41,30,868,1644
868,Ecliptopera capitata,Arthropoda,Insecta,Lepidoptera,Geometridae,Ecliptopera,Ecliptopera-capitata-COI,Insecta/Lepidoptera/Geometridae/Ecliptopera-capitata,18,20,3,39,27,869,1646
869,Xestia smithii,Arthropoda,Insecta,Lepidoptera,Noctuidae,Xestia,Xestia-smithii-COI,Insecta/Lepidoptera/Noctuidae/Xestia-smithii,97,322,15,982,917,870,1647
870,Pagurus bernhardus,Arthropoda,Malacostraca,Decapoda,Paguridae,Pagurus,Pagurus-bernhardus-COI,Malacostraca/Decapoda/Paguridae/Pagurus-bernhardus,29,158,4,77,61,871,1648
871,Euxoa auripennis,Arthropoda,Insecta,Lepidoptera,Noctuidae,Euxoa,Euxoa-auripennis-COI,Insecta/Lepidoptera/Noctuidae/Euxoa-auripennis,16,38,2,20,14,872,1649
872,Oxydia vesulia,Arthropoda,Insecta,Lepidoptera,Geometridae,Oxydia,Oxydia-vesulia-COI,Insecta/Lepidoptera/Geometridae/Oxydia-vesulia,64,111,10,415,376,873,1651
873,Musca crassirostris,Arthropoda,Insecta,Diptera,Muscidae,Musca,Musca-crassirostris-COI,Insecta/Diptera/Muscidae/Musca-crassirostris,21,1314,3,44,34,874,1652
874,Nyctemera secundiana,Arthropoda,Insecta,Lepidoptera,Arctiidae,Nyctemera,Nyctemera-secundiana-COI,Insecta/Lepidoptera/Arctiidae/Nyctemera-secundiana,33,105,5,111,94,875,1656
875,Stenus cicindeloides,Arthropoda,Insecta,Coleoptera,Staphylinidae,Stenus,Stenus-cicindeloides-COI,Insecta/Coleoptera/Staphylinidae/Stenus-cicindeloides,17,19,3,32,23,876,1658
876,Agabus paludosus,Arthropoda,Insecta,Coleoptera,Dytiscidae,Agabus,Agabus-paludosus-COI,Insecta/Coleoptera/Dytiscidae/Agabus-paludosus,20,44,3,39,28,877,1660
877,Agonopterix capreolella,Arthropoda,Insecta,Lepidoptera,Elachistidae,Agonopterix,Agonopterix-capreolella-COI,Insecta/Lepidoptera/Elachistidae/Agonopterix-capreolella,13,13,2,16,10,878,1661
878,Cheilotrichia cinerascens,Arthropoda,Insecta,Diptera,Limoniidae,Cheilotrichia,Cheilotrichia-cinerascens-COI,Insecta/Diptera/Limoniidae/Cheilotrichia-cinerascens,23,64,3,41,32,879,1663
879,Calledema marmorea,Arthropoda,Insecta,Lepidoptera,Notodontidae,Calledema,Calledema-marmorea-COI,Insecta/Lepidoptera/Notodontidae/Calledema-marmorea,14,18,2,19,12,880,1665
880,Thera otisi,Arthropoda,Insecta,Lepidoptera,Geometridae,Thera,Thera-otisi-COI,Insecta/Lepidoptera/Geometridae/Thera-otisi,18,24,3,39,27,881,1667
881,Syngrapha octoscripta,Arthropoda,Insecta,Lepidoptera,Noctuidae,Syngrapha,Syngrapha-octoscripta-COI,Insecta/Lepidoptera/Noctuidae/Syngrapha-octoscripta,28,102,4,73,57,882,1668
882,Sphecodes puncticeps,Arthropoda,Insecta,Hymenoptera,Halictidae,Sphecodes,Sphecodes-puncticeps-COI,Insecta/Hymenoptera/Halictidae/Sphecodes-puncticeps,12,17,2,16,9,883,1669
883,Oxydia apidania,Arthropoda,Insecta,Lepidoptera,Geometridae,Oxydia,Oxydia-apidania-COI,Insecta/Lepidoptera/Geometridae/Oxydia-apidania,92,177,14,825,776,884,1670
884,Culiseta impatiens,Arthropoda,Insecta,Diptera,Culicidae,Culiseta,Culiseta-impatiens-COI,Insecta/Diptera/Culicidae/Culiseta-impatiens,67,119,10,419,368,885,1671
885,Scatopsciara neglecta,Arthropoda,Insecta,Diptera,Sciaridae,Scatopsciara,Scatopsciara-neglecta-COI,Insecta/Diptera/Sciaridae/Scatopsciara-neglecta,67,148,10,450,410,886,1672
886,Desmia octomaculalis,Arthropoda,Insecta,Lepidoptera,Crambidae,Desmia,Desmia-octomaculalis-COI,Insecta/Lepidoptera/Crambidae/Desmia-octomaculalis,52,208,8,281,247,887,1674
887,Sirex noctilio,Arthropoda,Insecta,Hymenoptera,Siricidae,Sirex,Sirex-noctilio-COI,Insecta/Hymenoptera/Siricidae/Sirex-noctilio,24,27,4,59,46,888,1677
888,Fountainea confusa,Arthropoda,Insecta,Lepidoptera,Nymphalidae,Fountainea,Fountainea-confusa-COI,Insecta/Lepidoptera/Nymphalidae/Fountainea-confusa,18,34,3,36,25,889,1678
889,Orthetrum cancellatum,Arthropoda,Insecta,Odonata,Libellulidae,Orthetrum,Orthetrum-cancellatum-COI,Insecta/Odonata/Libellulidae/Orthetrum-cancellatum,17,25,3,30,23,890,1679
890,Pseudorthocladius curtistylus,Arthropoda,Insecta,Diptera,Chironomidae,Pseudorthocladius,Pseudorthocladius-curtistylus-COI,Insecta/Diptera/Chironomidae/Pseudorthocladius-curtistylus,24,101,4,58,45,891,1680
891,Tenthredo agrorum,Arthropoda,Insecta,Hymenoptera,Tenthredinidae,Tenthredo,Tenthredo-agrorum-COI,Insecta/Hymenoptera/Tenthredinidae/Tenthredo-agrorum,18,22,3,38,26,892,1681
892,Abacena accincta,Arthropoda,Insecta,Lepidoptera,Noctuidae,Abacena,Abacena-accincta-COI,Insecta/Lepidoptera/Noctuidae/Abacena-accincta,31,82,5,101,81,893,1682
893,Ptilodon capucina,Arthropoda,Insecta,Lepidoptera,Notodontidae,Ptilodon,Ptilodon-capucina-COI,Insecta/Lepidoptera/Notodontidae/Ptilodon-capucina,31,41,5,97,80,894,1686
894,Calolydella adelinamoralesae,Arthropoda,Insecta,Diptera,Tachinidae,Calolydella,Calolydella-adelinamoralesae-COI,Insecta/Diptera/Tachinidae/Calolydella-adelinamoralesae,12,60,2,15,9,895,1688
895,Teleiopsis diffinis,Arthropoda,Insecta,Lepidoptera,Gelechiidae,Teleiopsis,Teleiopsis-diffinis-COI,Insecta/Lepidoptera/Gelechiidae/Teleiopsis-diffinis,30,37,5,105,82,896,1689
896,Botanophila profuga,Arthropoda,Insecta,Diptera,Anthomyiidae,Botanophila,Botanophila-profuga-COI,Insecta/Diptera/Anthomyiidae/Botanophila-profuga,95,514,14,829,777,897,1690
897,Arctosa raptor,Arthropoda,Arachnida,Araneae,Lycosidae,Arctosa,Arctosa-raptor-COI,Arachnida/Araneae/Lycosidae/Arctosa-raptor,14,47,2,19,13,898,1691
898,Olethreutes permundana,Arthropoda,Insecta,Lepidoptera,Tortricidae,Olethreutes,Olethreutes-permundana-COI,Insecta/Lepidoptera/Tortricidae/Olethreutes-permundana,18,34,3,33,23,899,1692
899,Synanthedon formicaeformis,Arthropoda,Insecta,Lepidoptera,Sesiidae,Synanthedon,Synanthedon-formicaeformis-COI,Insecta/Lepidoptera/Sesiidae/Synanthedon-formicaeformis,15,19,2,18,12,900,1694
900,Drilus concolor,Arthropoda,Insecta,Coleoptera,Drilidae,Drilus,Drilus-concolor-COI,Insecta/Coleoptera/Drilidae/Drilus-concolor,12,14,2,16,10,901,1698
901,Argentina sphyraena,Chordata,Actinopterygii,Osmeriformes,Argentinidae,Argentina,Argentina-sphyraena-COI,Actinopterygii/Osmeriformes/Argentinidae/Argentina-sphyraena,15,39,2,20,12,902,1704
902,Trachelipus rathkii,Arthropoda,Malacostraca,Isopoda,Trachelipodidae,Trachelipus,Trachelipus-rathkii-COI,Malacostraca/Isopoda/Trachelipodidae/Trachelipus-rathkii,31,127,5,112,91,903,1707
903,Xanthotype urticaria,Arthropoda,Insecta,Lepidoptera,Geometridae,Xanthotype,Xanthotype-urticaria-COI,Insecta/Lepidoptera/Geometridae/Xanthotype-urticaria,28,91,4,70,56,904,1708
904,Collichthys lucidus,Chordata,Actinopterygii,Perciformes,Sciaenidae,Collichthys,Collichthys-lucidus-COI,Actinopterygii/Perciformes/Sciaenidae/Collichthys-lucidus,15,28,2,19,13,905,1709
905,Hemiceras metastigma,Arthropoda,Insecta,Lepidoptera,Notodontidae,Hemiceras,Hemiceras-metastigma-COI,Insecta/Lepidoptera/Notodontidae/Hemiceras-metastigma,35,123,5,103,87,906,1710
906,Platynota rostrana,Arthropoda,Insecta,Lepidoptera,Tortricidae,Platynota,Platynota-rostrana-COI,Insecta/Lepidoptera/Tortricidae/Platynota-rostrana,12,24,2,17,9,907,1713
907,Oligocentria semirufescens,Arthropoda,Insecta,Lepidoptera,Notodontidae,Oligocentria,Oligocentria-semirufescens-COI,Insecta/Lepidoptera/Notodontidae/Oligocentria-semirufescens,19,50,3,35,25,908,1715
908,Euura clitellata_group,Arthropoda,Insecta,Hymenoptera,Tenthredinidae,Euura,Euura-clitellata_group-COI,Insecta/Hymenoptera/Tenthredinidae/Euura-clitellata_group,31,48,5,99,81,909,1716
909,Andrena cineraria,Arthropoda,Insecta,Hymenoptera,Andrenidae,Andrena,Andrena-cineraria-COI,Insecta/Hymenoptera/Andrenidae/Andrena-cineraria,17,19,3,33,23,910,1717
910,Agonopterix alpigena,Arthropoda,Insecta,Lepidoptera,Elachistidae,Agonopterix,Agonopterix-alpigena-COI,Insecta/Lepidoptera/Elachistidae/Agonopterix-alpigena,15,17,2,20,14,911,1719
911,Bombus jonellus,Arthropoda,Insecta,Hymenoptera,Apidae,Bombus,Bombus-jonellus-COI,Insecta/Hymenoptera/Apidae/Bombus-jonellus,51,194,8,257,227,912,1721
912,Epinotia trigonella,Arthropoda,Insecta,Lepidoptera,Tortricidae,Epinotia,Epinotia-trigonella-COI,Insecta/Lepidoptera/Tortricidae/Epinotia-trigonella,41,58,6,151,129,913,1723
913,Euura histrio_group,Arthropoda,Insecta,Hymenoptera,Tenthredinidae,Euura,Euura-histrio_group-COI,Insecta/Hymenoptera/Tenthredinidae/Euura-histrio_group,39,75,6,144,124,914,1727
914,Chionaspis heterophyllae,Arthropoda,Insecta,Hemiptera,Diaspididae,Chionaspis,Chionaspis-heterophyllae-COI,Insecta/Hemiptera/Diaspididae/Chionaspis-heterophyllae,45,57,7,197,174,915,1730
915,Dolerus eversmanni,Arthropoda,Insecta,Hymenoptera,Tenthredinidae,Dolerus,Dolerus-eversmanni-COI,Insecta/Hymenoptera/Tenthredinidae/Dolerus-eversmanni,33,42,5,98,78,916,1731
916,Robertus lividus,Arthropoda,Arachnida,Araneae,Theridiidae,Robertus,Robertus-lividus-COI,Arachnida/Araneae/Theridiidae/Robertus-lividus,17,23,3,31,23,917,1732
917,Bena bicolorana,Arthropoda,Insecta,Lepidoptera,Nolidae,Bena,Bena-bicolorana-COI,Insecta/Lepidoptera/Nolidae/Bena-bicolorana,26,34,4,77,60,918,1734
918,Radix MOTU,Mollusca,Gastropoda,Hygrophila,Lymnaeidae,Radix,Radix-MOTU-COI,Gastropoda/Hygrophila/Lymnaeidae/Radix-MOTU,52,112,8,279,250,919,1735
919,Glena cribrataria,Arthropoda,Insecta,Lepidoptera,Geometridae,Glena,Glena-cribrataria-COI,Insecta/Lepidoptera/Geometridae/Glena-cribrataria,12,14,2,17,9,920,1736
920,Catoptria latiradiellus,Arthropoda,Insecta,Lepidoptera,Crambidae,Catoptria,Catoptria-latiradiellus-COI,Insecta/Lepidoptera/Crambidae/Catoptria-latiradiellus,27,50,4,78,62,921,1737
921,Acartia longiremis,Arthropoda,Hexanauplia,Calanoida,Acartiidae,Acartia,Acartia-longiremis-COI,Hexanauplia/Calanoida/Acartiidae/Acartia-longiremis,21,64,3,42,30,922,1738
922,Euplexia benesimilis,Arthropoda,Insecta,Lepidoptera,Noctuidae,Euplexia,Euplexia-benesimilis-COI,Insecta/Lepidoptera/Noctuidae/Euplexia-benesimilis,95,188,14,859,801,923,1741
923,Criconemoides xenoplax,Nematoda,Secernentea,Tylenchida,Criconematidae,Criconemoides,Criconemoides-xenoplax-COI,Secernentea/Tylenchida/Criconematidae/Criconemoides-xenoplax,31,53,5,91,76,924,1742
924,Denisia haydenella,Arthropoda,Insecta,Lepidoptera,Oecophoridae,Denisia,Denisia-haydenella-COI,Insecta/Lepidoptera/Oecophoridae/Denisia-haydenella,15,89,2,22,15,925,1745
925,Tetramorium impurum,Arthropoda,Insecta,Hymenoptera,Formicidae,Tetramorium,Tetramorium-impurum-COI,Insecta/Hymenoptera/Formicidae/Tetramorium-impurum,97,98,15,957,897,926,1747
926,Ancistronycha abdominalis,Arthropoda,Insecta,Coleoptera,Cantharidae,Ancistronycha,Ancistronycha-abdominalis-COI,Insecta/Coleoptera/Cantharidae/Ancistronycha-abdominalis,17,18,3,30,22,927,1748
927,Schizopyga frigida,Arthropoda,Insecta,Hymenoptera,Ichneumonidae,Schizopyga,Schizopyga-frigida-COI,Insecta/Hymenoptera/Ichneumonidae/Schizopyga-frigida,24,29,4,61,46,928,1749
928,Lonomia parobliqua,Arthropoda,Insecta,Lepidoptera,Saturniidae,Lonomia,Lonomia-parobliqua-COI,Insecta/Lepidoptera/Saturniidae/Lonomia-parobliqua,17,24,3,34,21,929,1751
929,Emblyna manitoba,Arthropoda,Arachnida,Araneae,Dictynidae,Emblyna,Emblyna-manitoba-COI,Arachnida/Araneae/Dictynidae/Emblyna-manitoba,21,47,3,40,29,930,1753
930,Trygodes viridiplena,Arthropoda,Insecta,Lepidoptera,Geometridae,Trygodes,Trygodes-viridiplena-COI,Insecta/Lepidoptera/Geometridae/Trygodes-viridiplena,16,27,2,22,14,931,1755
931,Partamona orizabaensis,Arthropoda,Insecta,Hymenoptera,Apidae,Partamona,Partamona-orizabaensis-COI,Insecta/Hymenoptera/Apidae/Partamona-orizabaensis,13,35,2,19,12,932,1756
932,Crossocerus megacephalus,Arthropoda,Insecta,Hymenoptera,Crabronidae,Crossocerus,Crossocerus-megacephalus-COI,Insecta/Hymenoptera/Crabronidae/Crossocerus-megacephalus,16,17,2,21,14,933,1757
933,Neoleptophlebia mollis,Arthropoda,Insecta,Ephemeroptera,Leptophlebiidae,Leptophlebia,Neoleptophlebia-mollis-COI,Insecta/Ephemeroptera/Leptophlebiidae/Neoleptophlebia-mollis,18,60,3,32,22,934,1760
934,Isocorypha mediostriatella,Arthropoda,Insecta,Lepidoptera,Tineidae,Isocorypha,Isocorypha-mediostriatella-COI,Insecta/Lepidoptera/Tineidae/Isocorypha-mediostriatella,14,45,2,20,10,935,1761
935,Apotomis sororculana,Arthropoda,Insecta,Lepidoptera,Tortricidae,Apotomis,Apotomis-sororculana-COI,Insecta/Lepidoptera/Tortricidae/Apotomis-sororculana,17,17,3,30,22,936,1765
936,Micrositus orbicularis,Arthropoda,Insecta,Coleoptera,Tenebrionidae,Micrositus,Micrositus-orbicularis-COI,Insecta/Coleoptera/Tenebrionidae/Micrositus-orbicularis,23,62,3,47,35,937,1766
937,Acisoma panorpoides,Arthropoda,Insecta,Odonata,Libellulidae,Acisoma,Acisoma-panorpoides-COI,Insecta/Odonata/Libellulidae/Acisoma-panorpoides,28,38,4,77,61,938,1767
938,Euphilotes ancilla,Arthropoda,Insecta,Lepidoptera,Lycaenidae,Euphilotes,Euphilotes-ancilla-COI,Insecta/Lepidoptera/Lycaenidae/Euphilotes-ancilla,15,41,2,22,15,939,1768
939,Banksiola crotchi,Arthropoda,Insecta,Trichoptera,Phryganeidae,Banksiola,Banksiola-crotchi-COI,Insecta/Trichoptera/Phryganeidae/Banksiola-crotchi,53,97,8,273,246,940,1771
940,Cricotopus annulator,Arthropoda,Insecta,Diptera,Chironomidae,Cricotopus,Cricotopus-annulator-COI,Insecta/Diptera/Chironomidae/Cricotopus-annulator,16,27,2,21,14,941,1772
941,Houghia aerata,Arthropoda,Insecta,Diptera,Tachinidae,Houghia,Houghia-aerata-COI,Insecta/Diptera/Tachinidae/Houghia-aerata,23,38,3,46,36,942,1773
942,Tropocyclops prasinus,Arthropoda,Hexanauplia,Cyclopoida,Cyclopidae,Tropocyclops,Tropocyclops-prasinus-COI,Hexanauplia/Cyclopoida/Cyclopidae/Tropocyclops-prasinus,18,34,3,38,27,943,1775
943,Neoponera villosa,Arthropoda,Insecta,Hymenoptera,Formicidae,Neoponera,Neoponera-villosa-COI,Insecta/Hymenoptera/Formicidae/Neoponera-villosa,17,90,3,36,24,944,1776
944,Porotachys bisulcatus,Arthropoda,Insecta,Coleoptera,Carabidae,Porotachys,Porotachys-bisulcatus-COI,Insecta/Coleoptera/Carabidae/Porotachys-bisulcatus,12,18,2,15,8,945,1779
945,Trichiocercus mesomelas,Arthropoda,Insecta,Lepidoptera,Notodontidae,Trichiocercus,Trichiocercus-mesomelas-COI,Insecta/Lepidoptera/Notodontidae/Trichiocercus-mesomelas,15,32,2,22,14,946,1780
946,Apotomis betuletana,Arthropoda,Insecta,Lepidoptera,Tortricidae,Apotomis,Apotomis-betuletana-COI,Insecta/Lepidoptera/Tortricidae/Apotomis-betuletana,24,34,4,60,45,947,1782
947,Enicospilus pacificus,Arthropoda,Insecta,Hymenoptera,Ichneumonidae,Enicospilus,Enicospilus-pacificus-COI,Insecta/Hymenoptera/Ichneumonidae/Enicospilus-pacificus,14,84,2,18,12,948,1783
948,Camptochaeta flagellifera,Arthropoda,Insecta,Diptera,Sciaridae,Camptochaeta,Camptochaeta-flagellifera-COI,Insecta/Diptera/Sciaridae/Camptochaeta-flagellifera,41,304,6,167,143,949,1785
949,Dailognatha hellenica,Arthropoda,Insecta,Coleoptera,Tenebrionidae,Dailognatha,Dailognatha-hellenica-COI,Insecta/Coleoptera/Tenebrionidae/Dailognatha-hellenica,23,30,3,43,33,950,1786
950,Upeneus japonicus,Chordata,Actinopterygii,Perciformes,Mullidae,Upeneus,Upeneus-japonicus-COI,Actinopterygii/Perciformes/Mullidae/Upeneus-japonicus,15,29,2,20,13,951,1787
951,Culicoides actoni,Arthropoda,Insecta,Diptera,Ceratopogonidae,Culicoides,Culicoides-actoni-COI,Insecta/Diptera/Ceratopogonidae/Culicoides-actoni,35,154,5,115,97,952,1790
952,Cosmosoma semifulva,Arthropoda,Insecta,Lepidoptera,Arctiidae,Cosmosoma,Cosmosoma-semifulva-COI,Insecta/Lepidoptera/Arctiidae/Cosmosoma-semifulva,13,16,2,19,12,953,1792
953,Thysania zenobia,Arthropoda,Insecta,Lepidoptera,Noctuidae,Thysania,Thysania-zenobia-COI,Insecta/Lepidoptera/Noctuidae/Thysania-zenobia,16,24,2,22,15,954,1794
954,Hippodamia tredecimpunctata,Arthropoda,Insecta,Coleoptera,Coccinellidae,Hippodamia,Hippodamia-tredecimpunctata-COI,Insecta/Coleoptera/Coccinellidae/Hippodamia-tredecimpunctata,30,40,5,93,74,955,1795
955,Anax imperator,Arthropoda,Insecta,Odonata,Aeshnidae,Anax,Anax-imperator-COI,Insecta/Odonata/Aeshnidae/Anax-imperator,42,73,6,163,142,956,1796
956,Sciophila tenuis,Arthropoda,Insecta,Diptera,Mycetophilidae,Sciophila,Sciophila-tenuis-COI,Insecta/Diptera/Mycetophilidae/Sciophila-tenuis,23,29,3,45,34,957,1797
957,Pyrrhia umbra,Arthropoda,Insecta,Lepidoptera,Noctuidae,Pyrrhia,Pyrrhia-umbra-COI,Insecta/Lepidoptera/Noctuidae/Pyrrhia-umbra,30,34,5,107,88,958,1798
958,Dasychira grisefacta,Arthropoda,Insecta,Lepidoptera,Lymantriidae,Dasychira,Dasychira-grisefacta-COI,Insecta/Lepidoptera/Lymantriidae/Dasychira-grisefacta,26,43,4,71,54,959,1799
959,Crossocerus nigritus,Arthropoda,Insecta,Hymenoptera,Crabronidae,Crossocerus,Crossocerus-nigritus-COI,Insecta/Hymenoptera/Crabronidae/Crossocerus-nigritus,15,15,2,19,12,960,1800
960,Colocasia coryli,Arthropoda,Insecta,Lepidoptera,Noctuidae,Colocasia,Colocasia-coryli-COI,Insecta/Lepidoptera/Noctuidae/Colocasia-coryli,37,40,6,149,127,961,1802
961,Omalus aeneus,Arthropoda,Insecta,Hymenoptera,Chrysididae,Omalus,Omalus-aeneus-COI,Insecta/Hymenoptera/Chrysididae/Omalus-aeneus,22,24,3,46,36,962,1807
962,Xanthorhoe designata,Arthropoda,Insecta,Lepidoptera,Geometridae,Xanthorhoe,Xanthorhoe-designata-COI,Insecta/Lepidoptera/Geometridae/Xanthorhoe-designata,43,56,6,160,139,963,1810
963,Loxophlebia imitata,Arthropoda,Insecta,Lepidoptera,Arctiidae,Loxophlebia,Loxophlebia-imitata-COI,Insecta/Lepidoptera/Arctiidae/Loxophlebia-imitata,17,29,3,37,26,964,1811
964,Sphaerophoria scripta,Arthropoda,Insecta,Diptera,Syrphidae,Sphaerophoria,Sphaerophoria-scripta-COI,Insecta/Diptera/Syrphidae/Sphaerophoria-scripta,24,26,4,67,50,965,1816
965,Polyctor polyctor,Arthropoda,Insecta,Lepidoptera,Hesperiidae,Polyctor,Polyctor-polyctor-COI,Insecta/Lepidoptera/Hesperiidae/Polyctor-polyctor,56,151,8,272,244,966,1817
966,Gelechia sabinellus,Arthropoda,Insecta,Lepidoptera,Gelechiidae,Gelechia,Gelechia-sabinellus-COI,Insecta/Lepidoptera/Gelechiidae/Gelechia-sabinellus,27,36,4,74,59,967,1825
967,Chrysotoxum bicinctum,Arthropoda,Insecta,Diptera,Syrphidae,Chrysotoxum,Chrysotoxum-bicinctum-COI,Insecta/Diptera/Syrphidae/Chrysotoxum-bicinctum,12,13,2,14,8,968,1828
968,Hoplia argentea,Arthropoda,Insecta,Coleoptera,Melolonthidae,Hoplia,Hoplia-argentea-COI,Insecta/Coleoptera/Melolonthidae/Hoplia-argentea,18,20,3,41,27,969,1829
969,Plateumaris notmani,Arthropoda,Insecta,Coleoptera,Chrysomelidae,Plateumaris,Plateumaris-notmani-COI,Insecta/Coleoptera/Chrysomelidae/Plateumaris-notmani,23,51,3,45,33,970,1832
970,Bryotropha desertella,Arthropoda,Insecta,Lepidoptera,Gelechiidae,Bryotropha,Bryotropha-desertella-COI,Insecta/Lepidoptera/Gelechiidae/Bryotropha-desertella,14,15,2,21,12,971,1835
971,Zebrasoma scopas,Chordata,Actinopterygii,Perciformes,Acanthuridae,Zebrasoma,Zebrasoma-scopas-COI,Actinopterygii/Perciformes/Acanthuridae/Zebrasoma-scopas,21,33,3,40,29,972,1837
972,Hoplocampa crataegi,Arthropoda,Insecta,Hymenoptera,Tenthredinidae,Hoplocampa,Hoplocampa-crataegi-COI,Insecta/Hymenoptera/Tenthredinidae/Hoplocampa-crataegi,13,18,2,17,11,973,1839
973,Vehilius illudens,Arthropoda,Insecta,Lepidoptera,Hesperiidae,Vehilius,Vehilius-illudens-COI,Insecta/Lepidoptera/Hesperiidae/Vehilius-illudens,15,102,2,22,15,974,1841
974,Neophilaenus lineatus,Arthropoda,Insecta,Hemiptera,Aphrophoridae,Neophilaenus,Neophilaenus-lineatus-COI,Insecta/Hemiptera/Aphrophoridae/Neophilaenus-lineatus,31,180,5,99,81,975,1843
975,Athrips mouffetella,Arthropoda,Insecta,Lepidoptera,Gelechiidae,Athrips,Athrips-mouffetella-COI,Insecta/Lepidoptera/Gelechiidae/Athrips-mouffetella,29,37,4,78,62,976,1845
976,Ethmia laphamorum,Arthropoda,Insecta,Lepidoptera,Elachistidae,Ethmia,Ethmia-laphamorum-COI,Insecta/Lepidoptera/Elachistidae/Ethmia-laphamorum,16,132,2,23,15,977,1847
977,Ethmia miriamschulmanae,Arthropoda,Insecta,Lepidoptera,Elachistidae,Ethmia,Ethmia-miriamschulmanae-COI,Insecta/Lepidoptera/Elachistidae/Ethmia-miriamschulmanae,17,37,3,34,23,978,1848
978,Parornix betulae,Arthropoda,Insecta,Lepidoptera,Gracillariidae,Parornix,Parornix-betulae-COI,Insecta/Lepidoptera/Gracillariidae/Parornix-betulae,69,102,10,477,438,979,1849
979,Pollenia amentaria,Arthropoda,Insecta,Diptera,Polleniidae,Pollenia,Pollenia-amentaria-COI,Insecta/Diptera/Polleniidae/Pollenia-amentaria,14,38,2,18,11,980,1850
980,Miscophus ater,Arthropoda,Insecta,Hymenoptera,Crabronidae,Miscophus,Miscophus-ater-COI,Insecta/Hymenoptera/Crabronidae/Miscophus-ater,14,24,2,19,12,981,1851
981,Acrosemia vulpecularia,Arthropoda,Insecta,Lepidoptera,Geometridae,Acrosemia,Acrosemia-vulpecularia-COI,Insecta/Lepidoptera/Geometridae/Acrosemia-vulpecularia,12,25,2,16,10,982,1852
982,Amathia verticillata,Bryozoa,Gymnolaemata,Ctenostomatida,Vesiculariidae,Amathia,Amathia-verticillata-COI,Gymnolaemata/Ctenostomatida/Vesiculariidae/Amathia-verticillata,35,188,5,137,118,983,1854
983,Carychium tridentatum,Mollusca,Gastropoda,Ellobiida,Ellobiidae,Carychium,Carychium-tridentatum-COI,Gastropoda/Ellobiida/Ellobiidae/Carychium-tridentatum,74,329,11,565,524,984,1855
984,Monomorium termitobium,Arthropoda,Insecta,Hymenoptera,Formicidae,Monomorium,Monomorium-termitobium-COI,Insecta/Hymenoptera/Formicidae/Monomorium-termitobium,18,37,3,36,26,985,1856
985,Fannia subpellucens,Arthropoda,Insecta,Diptera,Fanniidae,Fannia,Fannia-subpellucens-COI,Insecta/Diptera/Fanniidae/Fannia-subpellucens,29,157,4,75,60,986,1858
986,Pyrausta laticlavia,Arthropoda,Insecta,Lepidoptera,Crambidae,Pyrausta,Pyrausta-laticlavia-COI,Insecta/Lepidoptera/Crambidae/Pyrausta-laticlavia,12,22,2,15,10,987,1859
987,Tor chelynoides,Chordata,Actinopterygii,Cypriniformes,Cyprinidae,Tor,Tor-chelynoides-COI,Actinopterygii/Cypriniformes/Cyprinidae/Tor-chelynoides,14,24,2,21,12,988,1860
988,Gymnomerus laevipes,Arthropoda,Insecta,Hymenoptera,Eumenidae,Gymnomerus,Gymnomerus-laevipes-COI,Insecta/Hymenoptera/Eumenidae/Gymnomerus-laevipes,14,16,2,20,13,989,1861
989,Neoscona polyspinipes,Arthropoda,Arachnida,Araneae,Araneidae,Neoscona,Neoscona-polyspinipes-COI,Arachnida/Araneae/Araneidae/Neoscona-polyspinipes,13,21,2,19,11,990,1862
990,Scopula hypochra,Arthropoda,Insecta,Lepidoptera,Geometridae,Scopula,Scopula-hypochra-COI,Insecta/Lepidoptera/Geometridae/Scopula-hypochra,24,38,4,63,47,991,1865
991,Aedes aegypti,Arthropoda,Insecta,Diptera,Culicidae,Aedes,Aedes-aegypti-COI,Insecta/Diptera/Culicidae/Aedes-aegypti,225,524,34,4911,4771,992,1868
992,Anthophora furcata,Arthropoda,Insecta,Hymenoptera,Apidae,Anthophora,Anthophora-furcata-COI,Insecta/Hymenoptera/Apidae/Anthophora-furcata,33,52,5,110,87,993,1869
993,Chytonix palliatricula,Arthropoda,Insecta,Lepidoptera,Noctuidae,Chytonix,Chytonix-palliatricula-COI,Insecta/Lepidoptera/Noctuidae/Chytonix-palliatricula,62,111,9,379,344,994,1871
994,Bryoptera subbrunnea,Arthropoda,Insecta,Lepidoptera,Geometridae,Bryoptera,Bryoptera-subbrunnea-COI,Insecta/Lepidoptera/Geometridae/Bryoptera-subbrunnea,20,34,3,39,28,995,1872
995,Limnephilus sparsus,Arthropoda,Insecta,Trichoptera,Limnephilidae,Limnephilus,Limnephilus-sparsus-COI,Insecta/Trichoptera/Limnephilidae/Limnephilus-sparsus,27,44,4,69,55,996,1873
996,Agyneta fabra,Arthropoda,Arachnida,Araneae,Linyphiidae,Agyneta,Agyneta-fabra-COI,Arachnida/Araneae/Linyphiidae/Agyneta-fabra,45,59,7,202,177,997,1876
997,Zatypota percontatoria,Arthropoda,Insecta,Hymenoptera,Ichneumonidae,Zatypota,Zatypota-percontatoria-COI,Insecta/Hymenoptera/Ichneumonidae/Zatypota-percontatoria,16,24,2,21,15,998,1877
998,Acrobasis caryae,Arthropoda,Insecta,Lepidoptera,Pyralidae,Acrobasis,Acrobasis-caryae-COI,Insecta/Lepidoptera/Pyralidae/Acrobasis-caryae,17,29,3,35,24,999,1880
999,Epinotia cruciana,Arthropoda,Insecta,Lepidoptera,Tortricidae,Epinotia,Epinotia-cruciana-COI,Insecta/Lepidoptera/Tortricidae/Epinotia-cruciana,48,151,7,211,185,1000,1882
