species,x_km,y_km,z_km,source_key,latitude,longitude
Accipiter cooperii,-1774.585489508781,-5109.032751231788,3367.2516711619974,5151745596,31.906,-109.1543
Accipiter cooperii,-1939.9170178003994,-4852.896626312875,3643.6066511146546,5276788523,34.883118,-111.788771
Accipiter cooperii,316.41101722731247,-5233.148875541613,3619.91575099092,5276894138,34.623802,-86.539947
Accipiter cooperii,1533.4650533894032,-4450.0189849795515,4293.666159942159,5276971961,42.371749,-70.986181
Accipiter cooperii,906.6582245395356,-4568.928799838267,4346.56342592176,5277004469,43.019012,-78.776037
Accipiter cooperii,907.6135620522689,-4569.137808792432,4346.144318349278,5277025651,43.013857,-78.765012
Accipiter cooperii,-357.59312348541994,-4815.86807244883,4155.6341268789965,5277063052,40.713162,-94.246596
Accipiter cooperii,-1255.8039403746723,-4733.87234124403,4074.697810859309,5277152070,39.759666,-104.857242
Accipiter cooperii,-2469.0013234985163,-4661.1007165748,3573.22343328624,5277275062,34.11507,-117.910325
Accipiter cooperii,130.8937699774467,-4748.033125693804,4246.033606552454,5277295495,41.794564,-88.42087
Accipiter cooperii,-78.65228853624991,-4590.959069015821,4416.634666101198,5277297615,43.88709,-90.981495
Accipiter cooperii,1275.77563180135,-4999.309400810684,3737.5199239529443,5277319947,35.919281,-75.684207
Accipiter cooperii,-1578.460899227682,-4686.851301653839,4016.4211924887163,5277329152,39.08123,-108.61275
Accipiter cooperii,-807.1630990505209,-5481.492448373252,3145.0725587235042,5277359321,29.581018,-98.376744
Accipiter cooperii,593.6353823130454,-4839.885374788589,4100.348731687465,5277366757,40.060407,-83.007322
Accipiter cooperii,749.0266868088727,-5578.834104597657,2984.1786450384675,5277367960,27.930468,-82.353071
Accipiter cooperii,1338.1070496861869,-4609.265614611038,4189.736644136704,5277424920,41.119016,-73.81156
Accipiter cooperii,875.5503521637804,-4776.814412863752,4123.737234058499,5277435053,40.335784,-79.613451
Accipiter cooperii,714.7908726222634,-5599.704760730086,2953.3258761522015,5277497770,27.616875,-82.72565
Accipiter cooperii,1313.9437743766043,-4737.252336291819,4052.3752528303817,5277563697,39.499013,-74.497895
Accipiter cooperii,1491.652075266478,-4503.901998352111,4252.0105838615345,5277635211,41.866703,-71.675591
Accipiter cooperii,1093.4997116744241,-4945.431999323067,3864.804503505556,5277653067,37.345768,-77.531765
Accipiter cooperii,150.2626936309885,-4765.527592431834,4225.745025241234,5277716517,41.550294,-88.193995
Accipiter cooperii,-254.18376162023722,-4542.243411428528,4460.175841414792,5277725063,44.432919,-93.202929
Accipiter cooperii,1220.6590893847942,-4717.257568739567,4104.537190396621,5277730476,40.10964,-75.492107
Accipiter cooperii,-2428.693925402746,-4678.952929418687,3577.5128833693284,5277745151,34.161677,-117.432374
Accipiter cooperii,212.77483855190474,-5024.801235586789,3910.9912478299066,5277784287,37.870087,-87.575263
Accipiter cooperii,-524.5932222667155,-5505.549224926803,3162.828293274415,5277860322,29.764799,-95.442964
Accipiter cooperii,467.64490443336604,-5276.821442680977,3539.239584302988,5277946920,33.74672,-84.935538
Accipiter cooperii,-2468.2526867393235,-3774.89078771719,4499.742364279253,5278007580,44.93338,-123.179095
Accipiter cooperii,-2464.023542662867,-4678.396629069034,3554.004233536599,5278017231,33.906558,-117.774933
Accipiter cooperii,294.67169625751507,-5217.15085115025,3644.757703530425,5278038554,34.895738,-86.767292
Accipiter cooperii,1549.3713402270273,-4348.160259850927,4391.2075713194945,5278128746,43.570642,-70.387592
Accipiter cooperii,312.90729304387526,-4670.662025962603,4321.661531733866,5278174872,42.713466,-86.167242
Accipiter cooperii,-720.8495046581361,-5440.16709831026,3236.4658292300987,5278213810,30.530633,-97.548009
Accipiter cooperii,-890.9022445644423,-5537.159752088628,3022.566492264029,5278214494,28.321925,-99.140279
Accipiter cooperii,1207.8436899390297,-4953.992341669584,3819.5322526496643,5278224154,36.83536,-76.29792
Accipiter cooperii,-2528.943305407024,-4617.4405305974915,3587.9578919087094,5278249834,34.275275,-118.709245
Accipiter cooperii,1314.1252719159381,-4622.834552814152,4182.371169169098,5278291637,41.031148,-74.13123
Accipiter cooperii,907.6228324954498,-4569.07139071118,4346.212207220786,5278304716,43.014692,-78.764741
Accipiter cooperii,-1499.060438037602,-4986.635778896255,3670.971879682503,5278305037,35.183675,-106.731597
Accipiter cooperii,-2444.29004214582,-4769.159932450572,3445.332038897306,5278551067,32.736944,-117.136049
Accipiter cooperii,-1795.7377229410997,-4513.116708181193,4122.724431540327,5278575681,40.323836,-111.697265
Accipiter cooperii,1292.2610545108816,-4639.816139960022,4170.362176602692,5278616922,40.888135,-74.436652
Accipiter cooperii,-1285.9404464825063,-4726.088747673751,4074.3337426982303,5278640556,39.755407,-105.221342
Accipiter cooperii,-6.943243588415948,-5518.203737012902,3184.200439335244,5278656455,29.98646,-90.072092
Accipiter cooperii,-591.9362081875761,-5278.683152802918,3517.7931757607057,5278667713,33.515076,-96.398253
Accipiter cooperii,1494.6721886090681,-4478.95193501725,4277.230148364855,5278689319,42.171992,-71.545617
Accipiter cooperii,158.49228626565989,-4745.699843254298,4247.701298656469,5278964640,41.814684,-88.087202
Accipiter cooperii,1297.3207061092296,-4606.108203380758,4206.005151438379,5279021955,41.313513,-74.270007
Accipiter cooperii,-2267.0942394500653,-3606.9340887650524,4737.0943961920775,5279090819,48.033775,-122.150912
Accipiter cooperii,300.8493268341826,-5311.287284824261,3505.6340639440646,5279264300,33.38402,-86.758037
Accipiter cooperii,991.8866956415982,-5056.943578653876,3746.096041881196,5279274552,36.014575,-78.902686
Accipiter cooperii,161.22404013505187,-4744.705698166599,4248.708954064207,5279289688,41.826844,-88.053851
Accipiter cooperii,-2446.8330679248857,-4671.492440967227,3574.901319109773,5279344847,34.133298,-117.644636
Accipiter cooperii,-2152.6790429990056,-4568.343750262096,3884.065067291172,5279388183,37.563968,-115.230588
Accipiter cooperii,304.81105279713324,-5148.951099863561,3739.671900445809,5279395249,35.943182,-86.61212
Accipiter cooperii,533.9993967732237,-5269.202866710639,3541.200209444765,5279417213,33.767928,-84.213203
Accipiter cooperii,-1970.4163635059408,-4942.74743265304,3503.778003970463,5279512777,33.364032,-111.734599
Accipiter cooperii,715.0120903638542,-4745.366848713192,4190.465882386442,5279524600,41.127722,-81.431368
Accipiter cooperii,1283.3716963244303,-4662.97818443654,4147.209262892301,5279575463,40.613279,-74.611724
Accipiter cooperii,-1968.2966554453865,-4943.445729632601,3503.9842642365184,5279581783,33.366253,-111.710612
Accipiter cooperii,906.6166415757441,-4568.9915763568615,4346.5061106681305,5279592815,43.018307,-78.776689
Accipiter cooperii,318.11129460095293,-4881.171078138982,4082.0003968476376,5279643663,39.84515,-86.271244
Accipiter cooperii,-1813.115209334696,-4487.790810248006,4142.716501380487,5279714884,40.560075,-111.999232
Accipiter cooperii,1046.1363226170217,-4848.73319318716,3998.141861598187,5279824180,38.869773,-77.824803
Accipiter cooperii,-252.96987682526685,-4503.115003009555,4499.74606403147,5279848479,44.933427,-93.215305
Accipiter cooperii,-2053.862246917552,-5163.824331026107,3115.4969553294386,5279850248,29.275635,-111.689721
Accipiter cooperii,-1612.7583468318305,-4244.217142125415,4469.383010538531,5279869323,44.548992,-110.80627
Accipiter cooperii,1125.0586583371742,-4807.164259557534,4026.8061694860194,5279883400,39.201647,-76.827699
Accipiter cooperii,355.9398834353155,-5370.562330899674,3408.8297374581425,5279924155,32.347531,-86.208205
Accipiter cooperii,921.9997143635131,-5287.284543700124,3432.82563063445,5279977233,32.603333,-80.108194
Accipiter cooperii,-1256.345641818026,-4733.555837372579,4074.8985131458517,5279995924,39.762014,-104.864317
Accipiter cooperii,132.48978413457147,-4752.959167345915,4240.4691651183875,5280006779,41.727477,-88.403281
Accipiter cooperii,1092.3705317833335,-4827.558448268568,4011.3787130511137,5280043619,39.022835,-77.249937
Accipiter cooperii,1222.2333007371758,-4269.137140667323,4568.409675414561,5280064367,45.812461,-74.023839
Accipiter cooperii,565.2520823486435,-4729.675286278699,4230.888192737131,5280141871,41.612129,-83.184802
Accipiter cooperii,466.3483446842344,-4931.94983774676,4006.0133735470004,5280220748,38.960754,-84.598367
Accipiter cooperii,292.970879231299,-4927.971708756445,4027.2839521563355,5280237184,39.207192,-86.597736
Accipiter cooperii,-531.7059650145026,-5124.9988241228375,3747.1894733499894,5280358144,36.026733,-95.923105
Accipiter cooperii,-523.013669926979,-5475.128709461263,3215.4588234931566,5280369241,30.311551,-95.456643
Accipiter cooperii,-2583.648474784742,-4239.633272637452,3992.495886280331,5280438509,38.804587,-121.358287
Accipiter cooperii,940.6914237216517,-5271.2300329001355,3452.3885521860957,5280474904,32.81242,-79.881645
Accipiter cooperii,854.3198259257956,-4759.3795790846,4148.276363370702,5280483791,40.625922,-79.823647
Accipiter cooperii,-36.499718514675024,-4980.393633959551,3972.920858894744,5280523953,38.579042,-90.419895
Accipiter cooperii,711.9711088318928,-4706.441204383325,4234.650098833309,5280549463,41.657395,-81.397753
Accipiter cooperii,1134.620977791098,-4804.6022046606095,4027.1809024929853,5280725673,39.205996,-76.712863
Accipiter cooperii,-2477.709525114927,-4657.566816074499,3571.803465006698,5280764963,34.099647,-118.011865
Accipiter cooperii,-2418.7478210503564,-4764.090586095109,3470.281400019536,5280849887,33.004089,-116.917087
Accipiter cooperii,981.9266504929266,-5107.125055513456,3680.0607128247025,5280929720,35.283745,-79.116775
Accipiter cooperii,1260.3337506924483,-4717.862702625298,4091.8313119824547,5280944292,39.960399,-75.043222
Accipiter cooperii,-678.9162461936195,-5387.638663858368,3331.992720284698,5280948266,31.533228,-97.182196
Accipiter cooperii,1119.7952464059108,-4691.8130671320505,4162.055006711601,5280989309,40.789387,-76.576339
Accipiter cooperii,422.7989291532782,-5493.732086602533,3198.421791418081,5281028035,30.134231,-85.599178
Accipiter cooperii,684.095881023336,-4723.27557953082,4220.477906002131,5281133005,41.48703,-81.758869
Accipiter cooperii,1178.824018582222,-4711.738516888818,4123.062843488741,5281167469,40.327828,-75.953578
Accipiter cooperii,131.1929815933275,-4754.792658382982,4238.453527767573,5281243553,41.703193,-88.419511
Accipiter cooperii,195.61768145994046,-4733.279003246138,4259.994921335814,5281259305,41.963197,-87.633418
Accipiter cooperii,883.1177823036858,-4645.807120051008,4269.230881029956,5995359443,42.075,-79.2371
Accipiter cooperii,-1098.2248784184333,-5648.613960706074,2734.3766326197083,5995373716,25.4162,-101.0024
Agelaius phoeniceus,820.7886463565599,-5473.55987716725,3155.3448937880685,5938030628,29.687301,-81.471746
Agelaius phoeniceus,-612.1033909624161,-5315.338486710825,3458.6499302676493,5938031779,32.879445,-96.569127
Agelaius phoeniceus,515.5517106573557,-5298.610979922156,3499.8116016100184,5938051495,33.321333,-84.442648
Agelaius phoeniceus,1350.79047082381,-4408.761569570195,4396.3552695716,5938067749,43.634572,-72.965578
Agelaius phoeniceus,-2365.5796171342135,-4320.353233890777,4040.833347106274,5938079259,39.364625,-118.702605
Agelaius phoeniceus,1521.5279292058744,-4460.4643414499,4287.069366009586,5938183334,42.291498,-71.16476
Agelaius phoeniceus,-727.0751773992206,-5049.233957977646,3816.588955296696,5938195857,36.802295,-98.194102
Agelaius phoeniceus,540.0077053237244,-5464.718409765748,3230.3246756070425,5938201495,30.466536,-84.356518
Agelaius phoeniceus,452.3807406063041,-5516.342852878844,3155.1650233701616,5938202159,29.685439,-85.311815
Agelaius phoeniceus,-2698.33975649041,-4268.019749619674,3884.9354055218378,5938234078,37.573843,-122.302011
Agelaius phoeniceus,530.5676988556844,-5265.625317846166,3547.0327118122113,5938341601,33.831049,-84.246261
Agelaius phoeniceus,1516.6950331820162,-4447.743144450298,4301.972829643838,5938434324,42.472947,-71.170455
Agelaius phoeniceus,-2408.146519048343,-4746.561897533964,3501.5330393060053,5938514139,33.339862,-116.900751
Agelaius phoeniceus,-575.7468859877961,-5296.924622285224,3492.972687952388,5938519372,33.24776,-96.203386
Agelaius phoeniceus,-695.5377659920368,-5307.64785469244,3454.6858896772337,5938574468,32.837006,-97.465752
Agelaius phoeniceus,820.5639521677333,-5473.41045984057,3155.6625086007143,5938705161,29.690589,-81.473817
Agelaius phoeniceus,900.9885792543607,-5540.606116755657,3013.246848285159,6129851924,28.226757,-80.763665
Agelaius phoeniceus,-1638.771138977091,-5158.531165045163,3360.6157922307866,6129855239,31.835728,-107.624102
Agelaius phoeniceus,1096.319810728295,-4824.108352912206,4014.450722283784,6129891691,39.058405,-77.196507
Agelaius phoeniceus,-1956.6202527665675,-5073.807744055445,3319.3169918680733,6129895735,31.399579,-111.088212
Agelaius phoeniceus,-2499.495603485256,-3833.618542476575,4432.340660262374,6129900756,44.083398,-123.104102
Agelaius phoeniceus,1116.5453704237789,-4820.470793626958,4013.245680649535,6129925207,39.04445,-76.958796
Agelaius phoeniceus,-614.6000149609295,-5307.189725388034,3470.69980983996,6129933813,33.008576,-96.605723
Agelaius phoeniceus,292.97734300453004,-5140.552489050378,3752.1510515278296,6129933841,36.081925,-86.73805
Agelaius phoeniceus,1150.2664705405366,-4735.997441864312,4103.287512115418,6129978020,40.094947,-76.348488
Agelaius phoeniceus,-2403.381307508399,-3735.3573996572404,4567.342391065351,6129986399,45.798692,-122.757797
Agelaius phoeniceus,-471.6046610475518,-5538.526030363823,3113.209209856929,6130049383,29.252051,-94.866987
Agelaius phoeniceus,-1495.7866751111312,-4990.9802499033585,3666.400346022245,6130069231,35.133388,-106.683367
Agelaius phoeniceus,-609.6246161970431,-5299.95598223591,3482.6107366982374,6130084283,33.136404,-96.56158
Agelaius phoeniceus,-202.5685975576666,-5472.811175488791,3255.3121095228244,6130104236,30.727602,-92.119757
Agelaius phoeniceus,-630.7487993424942,-5302.016779139463,3475.7052745491856,6130105474,33.062272,-96.784247
Agelaius phoeniceus,-755.0480034846017,-5446.337626265802,3218.238975407628,6130106967,30.340517,-97.892839
Agelaius phoeniceus,-443.93920143409315,-5140.445049181892,3737.445091429288,6130110402,35.91845,-94.935932
Agelaius phoeniceus,-1248.9815508868578,-4723.470966583874,4088.8409412767455,6130129726,39.925322,-104.811187
Agelaius phoeniceus,-2496.287040269687,-4647.945193653978,3571.4016322793946,6130144224,34.095283,-118.239056
Agelaius phoeniceus,-2697.6160423522397,-4231.8108174850995,3924.8436940516967,6130155969,38.028069,-122.515938
Agelaius phoeniceus,-2687.6189506650735,-4226.738515504061,3937.148590954871,6130184361,38.168688,-122.450697
Agelaius phoeniceus,-1959.6367772957415,-4934.948834638159,3520.7750326101327,6130227914,33.547246,-111.657712
Agelaius phoeniceus,1130.1691875033302,-4817.225295185224,4013.3291906748855,6130292355,39.045417,-76.796627
Agelaius phoeniceus,-1796.7997714768953,-4462.9328437271815,4176.540930396735,6130310027,40.961678,-111.92997
Agelaius phoeniceus,-2279.2405494790437,-3481.538940346279,4824.282563671039,6130355309,49.220104,-123.211352
Agelaius phoeniceus,-2441.853580629654,-4741.807566992954,3484.5896771430553,6130375853,33.15766,-117.246774
Agelaius phoeniceus,1007.3289365291208,-5215.788905209388,3517.184618356449,6130376617,33.508512,-79.069007
Agelaius phoeniceus,-1576.8801166590586,-5093.702705476414,3486.7456138331927,6130392343,33.180823,-107.201188
Agelaius phoeniceus,-347.33668088190194,-5365.882446012643,3417.0771041000435,6130392459,32.435368,-93.703622
Agelaius phoeniceus,-2448.611944915498,-4740.8590840925035,3481.1359952854705,6130395763,33.120567,-117.315955
Agelaius phoeniceus,-2696.264896777748,-4216.296667347357,3942.42959975154,6130409485,38.229122,-122.598367
Agelaius phoeniceus,-630.3215248864971,-5320.18986225351,3447.901932265066,6130453482,32.764424,-96.75675
Agelaius phoeniceus,-2328.5779888900347,-3449.6388303030008,4823.636555525304,6130459432,49.21121,-124.020169
Agelaius phoeniceus,1211.2524960982225,-4685.844169950252,4143.125020478684,6130480376,40.564911,-75.506753
Agelaius phoeniceus,237.54340711270942,-5115.111758751289,3790.6408369692595,6130508935,36.511408,-87.341121
Agelaius phoeniceus,1212.1383865735938,-4742.390230662458,4078.0152723585375,6130575448,39.798487,-75.662362
Agelaius phoeniceus,-505.8407509996117,-5110.053859881309,3771.1043227969344,6130592673,36.293117,-95.653253
Agelaius phoeniceus,-2594.619589617946,-4166.78937650371,4061.4736988812397,6130625074,39.605134,-121.910124
Agelaius phoeniceus,-2020.8894635227764,-3571.9717099264244,4873.066489325316,6130625302,49.896447,-119.499576
Agelaius phoeniceus,-624.2572273327278,-5004.549002879746,3892.883933740593,6130628571,37.664089,-97.110233
Agelaius phoeniceus,-471.5725473266716,-5538.586840734249,3113.1058880048854,6130638427,29.250986,-94.866604
Agelaius phoeniceus,-658.5409298465482,-5376.210095691698,3354.465975438854,6130642397,31.770651,-96.983467
Agelaius phoeniceus,-627.2373221430295,-5306.142154434455,3470.0406205579147,6130660723,33.001507,-96.74163
Agelaius phoeniceus,-510.29493153253435,-5365.071324086239,3397.8466563394486,6130817945,32.23069,-95.433302
Agelaius phoeniceus,-2289.2294270135494,-3617.0263229785205,4718.718294097788,6130840864,47.787225,-122.329872
Agelaius phoeniceus,-2579.1126049102318,-4187.831571014469,4049.69110348988,6130853402,39.467737,-121.627201
Agelaius phoeniceus,1516.6905311747423,-4447.743410382518,4301.974141916848,6130898234,42.472963,-71.170508
Agelaius phoeniceus,293.284118013837,-5230.302545087092,3625.9719859168467,6130978879,34.690015,-86.790556
Agelaius phoeniceus,-721.8330959229083,-5595.91895066649,2958.783738105819,6131055807,27.672284,-97.350154
Agelaius phoeniceus,868.2092164422278,-4515.8703001135445,4409.408273080937,6131083867,43.796985,-79.117255
Agelaius phoeniceus,-3.557088951727199,-5498.614753986178,3217.914893846815,6131087416,30.33714,-90.037065
Agelaius phoeniceus,-471.57057250992693,-5538.586518101078,3113.1067611518038,6131144333,29.250995,-94.866584
Agelaius phoeniceus,-2687.5098190518984,-4336.743549445649,3815.7174277609483,6131171300,36.792507,-121.78678
Agelaius phoeniceus,299.3550054242646,-5140.959445312409,3751.089933880284,6131189466,36.070118,-86.667464
Agelaius phoeniceus,-2609.0560559216638,-4267.488998630278,3946.0255033774765,6131242639,38.270301,-121.440768
Agelaius phoeniceus,-614.8354174332969,-5339.918786629414,3420.0874098989493,6131253154,32.46745,-96.568083
Agelaius phoeniceus,-341.5759059186062,-5396.1443947385205,3369.6742722858785,6131316890,31.931668,-93.62199
Agelaius phoeniceus,-728.3844556940097,-5430.524328801213,3250.9405913795017,6131320009,30.681878,-97.639365
Agelaius phoeniceus,-1932.223857673146,-5027.924774283434,3402.3868912372423,6131375171,32.278972,-111.021692
Agelaius phoeniceus,1098.3113276472902,-5119.0982926689885,3630.1925606271247,6131378536,34.73619,-77.890672
Agelaius phoeniceus,-437.961993938833,-5357.674426196269,3419.541952429454,6131417724,32.461636,-94.673241
Agelaius phoeniceus,-723.8636148872293,-5339.28000246201,3399.6858166644024,6131420671,32.250245,-97.720703
Agelaius phoeniceus,-537.542930642417,-5114.522752172041,3760.645921235915,6131426649,36.176511,-95.999833
Agelaius phoeniceus,-2501.1740978149005,-3802.431443545085,4458.183080497804,6131435401,44.407827,-123.336232
Agelaius phoeniceus,-2020.8929556678972,-3571.970027356206,4873.06627443935,6131440016,49.896444,-119.49963
Agelaius phoeniceus,1291.368809761778,-4670.119259091012,4136.6781156767665,6131528498,40.488634,-74.542957
Agelaius phoeniceus,696.0697404245822,-5186.672692895579,3633.6849647312597,6131531746,34.774418,-82.356375
Agelaius phoeniceus,1243.232958690021,-4736.185774816262,4075.8642330838716,6131542042,39.773313,-75.291875
Agelaius phoeniceus,604.5950832606477,-5258.151784090308,3546.2737810894396,6131551160,33.822833,-83.440797
Agelaius phoeniceus,-659.2631487946709,-5305.048472711742,3465.7734969985545,6131615494,32.955761,-97.083881
Agelaius phoeniceus,-1295.0678055028225,-5307.220075159228,3278.104266592876,6131622037,30.96635,-103.713318
Agelaius phoeniceus,-2402.942589982694,-3765.77910833589,4542.524380357869,6131647989,45.479468,-122.541936
Agelaius phoeniceus,237.54557734777487,-5115.11225404026,3790.640032623398,6131700594,36.511399,-87.341097
Agelaius phoeniceus,-734.7619723125922,-5405.673265273859,3290.6799484033995,6133023180,31.098336,-97.740448
Agelaius phoeniceus,-934.6350955656546,-5568.487810396109,2950.958128012724,6133054000,27.592846,-99.527921
Agelaius phoeniceus,-738.6412042057543,-5402.644852519912,3294.7823750085518,6133067412,31.141432,-97.785123
Agelaius phoeniceus,863.5389764540937,-4880.028235416389,4003.670564289832,6133101854,38.933663,-79.965179
Agelaius phoeniceus,-662.4020864168617,-5432.811671432201,3261.2166362169305,6133135802,30.789395,-96.951545
Agelaius phoeniceus,-528.3244892173325,-5494.679933356916,3181.0562386942356,6133135807,29.953819,-95.49222
Agelaius phoeniceus,720.311081128335,-5568.429644983868,3010.5641273598567,6133161117,28.199378,-82.629363
Agelaius phoeniceus,1138.2706692246538,-4807.47748041076,4022.7171524485416,6133171541,39.154209,-76.679333
Agelaius phoeniceus,739.6086979806415,-5488.993220067114,3148.6005674912267,6133182842,29.617508,-82.32596
Agelaius phoeniceus,-655.9751760224545,-5334.546990607803,3420.827108042289,6133183999,32.475335,-97.010318
Agelaius phoeniceus,-2620.6373094010364,-4166.939934003237,4044.579682570469,6133212688,39.408217,-122.166268
Alces alces,854.6817399411057,-4437.553556433344,4490.811807109541,6130292627,44.820042,-79.098212
Alces alces,-1644.325789567626,-3655.6774804328174,4951.966072833759,6131189579,51.010895,-114.218242
Alces alces,-1305.3432675246404,-4700.282343916281,4097.9480195671595,6131210447,40.032204,-105.520821
Alces alces,-1274.1892254319228,-4616.7140441832025,4201.445748990723,6131297427,41.258945,-105.42923
Alces alces,-1274.327321405987,-3256.6158183893353,5325.438612829185,6131556876,56.708233,-111.370613
Alces alces,-1754.2548055657821,-3192.682655753875,5226.769620566338,6133517444,55.124761,-118.787081
Alces alces,-1585.4039764681943,-4221.246276249709,4500.814063736053,6147296594,44.946996,-110.585035
Alces alces,-1975.2363052804335,-3810.016213025677,4708.712257556307,6147297934,47.653466,-117.403692
Alces alces,426.64069439869854,-4348.751095767742,4636.388115183984,6147418030,46.69661,-84.396843
Alces alces,-123.38960372147933,-4287.98525533941,4710.383273722289,6159416029,47.67578,-91.648269
Alces alces,-1400.6703789340538,-4634.821921078201,4140.809266211998,6159426607,40.537502,-106.815125
Alces alces,-1651.1626122614446,-3665.280400940948,4942.5838121397155,6159501249,50.876981,-114.250964
Alces alces,-1067.6412931062014,-3904.4547711485875,4919.870744134137,6162774549,50.554376,-105.293219
Alces alces,-1576.0837554773236,-3568.5195774748518,5037.00120613214,6162916057,52.242817,-113.829283
Alces alces,-1024.2516893259694,-3950.629195296986,4892.156024480149,6163087449,50.163695,-104.534652
Alces alces,-1366.1821019507784,-4742.61761424075,4028.756353898825,6163161664,39.224283,-106.069839
Alces alces,-1943.9315544041956,-3852.4795922489297,4687.140304361993,6163274715,47.366254,-116.77516
Alces alces,-1571.8052113958788,-3565.432415947787,5040.523107219619,6163309402,52.294574,-113.790073
Alces alces,706.8960020374419,-4345.556621249989,4605.0177875325635,6171263372,46.286825,-80.760569
Alces alces,-1274.3407199156863,-3256.7524027499535,5325.351880056811,6178326848,56.706812,-111.370002
Alces alces,956.3071980894372,-4449.2222562222505,4458.660223351444,6178592212,44.413834,-77.869512
Alces alces,-727.0497369692569,-4046.3674478824514,4867.038348561436,6185105239,49.812362,-100.186192
Alces alces,1423.0813652493923,-4480.639373734097,4299.821317229484,6185220872,42.44672,-72.3798
Alces alces,-1367.2775774805082,-3561.149565724207,5102.795207172121,6185468714,53.219951,-111.003931
Alces alces,417.8665670347524,-4348.070106378988,4637.825677173027,6188130102,46.715463,-84.51051
Alces alces,1366.5174816203476,-4404.40297528717,4395.863684577234,6188215306,43.628464,-72.762886
Alces alces,-1305.5838858449072,-4672.58786127514,4129.422057063645,6188226069,40.402887,-105.611078
Alces alces,-2048.3152366013246,-3373.724313564202,5001.214060330756,6188271433,51.720274,-121.263516
Alces alces,1130.1628692171334,-4319.483865862535,4544.727071153293,6188430789,45.507727,-75.337641
Alces alces,-1350.7797391184001,-4655.875643959875,4133.759694762854,6195268771,40.454133,-106.178695
Alces alces,-1493.822695942614,-3478.9731263653766,5123.962613914322,6195303746,53.539078,-113.238013
Alces alces,786.9899391837571,-4277.968986706518,4655.038272031519,6195333973,46.941713,-79.576217
Alces alces,426.8569112885466,-4348.542294309781,4636.564053430262,6195490507,46.698917,-84.393754
Alces alces,-2048.194476571362,-3373.8223400348556,5001.197389995893,6195670967,51.720032,-121.261279
Alces alces,-1359.9515970925231,-4725.962669758954,4050.3779610411366,6195867730,39.475739,-106.053798
Alces alces,-1880.9252714811587,-4317.615770438003,4290.695434500801,6195973328,42.335597,-113.539858
Alces alces,-1977.229154676913,-3773.434754562208,4737.2468958916525,6234265290,48.035826,-117.653935
Alces alces,-1964.8452446311458,-3819.9764561731913,4704.988434482099,6234299943,47.603774,-117.219503
Alces alces,-1064.1580609059747,-3898.690592725703,4925.193642211277,6234312012,50.629781,-105.267139
Alces alces,-2047.979707296585,-3373.820990922137,5001.286251494909,6234413891,51.721322,-121.258624
Alces alces,-2048.142327406079,-3373.825509017378,5001.216609093099,6234535473,51.720311,-121.260608
Alces alces,-2029.1530319207407,-3522.921066652502,4905.233762101487,6234589895,50.347645,-119.941338
Alces alces,-2048.1801413636526,-3373.7015616629387,5001.284736048734,6234654252,51.7213,-121.262011
Alces alces,-1266.748144554765,-4622.012537467551,4197.868789211649,6234695129,41.216167,-105.326622
Alces alces,-1482.8755356250372,-3512.444637901851,5104.269383682324,6234785520,53.242099,-112.888383
Alces alces,-2047.9700596585371,-3373.75730845056,5001.333161077762,6235010355,51.722003,-121.258984
Alces alces,-1566.8704656209097,-3496.550084602766,5090.069506353203,6235100726,53.029234,-114.138057
Alces alces,-1692.3011159205512,-3783.996938857672,4838.102647675766,6235120615,49.410759,-114.095426
Alces alces,-1570.0174159987098,-3563.934529567397,5042.139338821904,6235134761,52.318346,-113.774895
Alces alces,-1790.4602387094633,-3412.120131443615,5073.6024156288695,6235305226,52.78369,-117.687587
Alces alces,-2217.6917780690383,-2930.734691634632,5204.074410921858,6235458979,54.769387,-127.114853
Alces alces,-1515.9001188424947,-3473.78001540795,5121.0011095412865,6235705237,53.494285,-113.57566
Alces alces,873.2703986924954,-4433.327441469059,4491.4095490349455,6235720751,44.827621,-78.856622
Alces alces,-2048.1319567721166,-3373.6233880340524,5001.357201104106,6235736159,51.722352,-121.262002
Alces alces,-2047.9813832359957,-3373.819769367031,5001.286389262707,6235885676,51.721324,-121.258654
Alces alces,-1328.8830867316935,-4723.69150223675,4063.319020600301,6236178666,39.626677,-105.712514
Alces alces,-1331.1137322478626,-4681.280083993281,4111.387373710541,6236345755,40.190237,-105.873008
Alces alces,-1642.270816701371,-4320.524416482173,4384.719883968623,6251454996,43.490167,-110.812255
Alces alces,425.4375991315729,-4340.079242367406,4644.617115424496,6251672067,46.804619,-84.40145
Alces alces,1366.5724020006928,-4404.468353480136,4395.781104986857,6252122567,43.627438,-72.762475
Alces alces,-1516.6537003834658,-3461.7387061208847,5128.925795265035,6252363852,53.614253,-113.659142
Alces alces,-2048.162010201995,-3373.999708841793,5001.091028403527,6252418762,51.718488,-121.25954
Alces alces,-1967.3063260547083,-3406.7910530598933,5011.3105740847495,6252557240,51.867082,-120.004977
Alces alces,-2048.1294044186016,-3373.8733820992215,5001.189605883354,6252585314,51.719919,-121.260087
Alces alces,-2048.1540559986474,-3374.001474099142,5001.093095049376,6252812812,51.718518,-121.259428
Alces alces,-976.9886350886892,-3947.216365891455,4904.562090281213,6253029130,50.33818,-103.90207
Alces alces,-2048.1251988065105,-3373.623406109298,5001.3599563961325,6253151641,51.722392,-121.261918
Alces alces,-1801.5360175599144,-3043.1831107053463,5299.363892188338,6253170066,56.28342,-120.625137
Alces alces,-1593.6271756846888,-4152.37425011073,4561.5670160169775,6253213842,45.724243,-110.996152
Alces alces,-1571.7098438033188,-3565.104490028389,5040.784787287451,6253245301,52.298422,-113.790735
Alces alces,-1504.777974550547,-3478.2569118440006,5121.242547682586,6273238602,53.497935,-113.394475
Alces alces,-1468.1623896739304,-3459.141945412007,5144.763291806106,6273309336,53.855037,-112.997807
Alces alces,-2217.031041912508,-2930.7842411701763,5204.328027765191,6273325690,54.773341,-127.106172
Alces alces,-1388.2264717874652,-4711.604383905728,4057.507180802799,6273346393,39.55885,-106.417075
Alces alces,429.1391730602365,-4358.045603497128,4627.421659808188,6273656811,46.579167,-84.376183
Alces alces,-1305.51641439139,-4687.82592217143,4112.136688492938,6273738800,40.199059,-105.562031
Alces alces,-1676.8481390502923,-3647.991855320805,4946.725065308772,6273827772,50.936042,-114.686508
Alces alces,655.0479577694248,-4166.563230515534,4774.97813071594,6274088648,48.545822,-81.065353
Alces alces,-1534.6400214386872,-4233.626393730716,4506.777195799983,6274100697,45.022817,-109.924988
Alces alces,-1586.9432701186636,-4391.4447000545615,4334.348582366815,6320130485,42.868947,-109.868415
Alces alces,385.7272457228392,-4266.184250039935,4715.998257664617,6320168911,47.75083,-84.833647
Alces alces,39.552542470974515,-4242.072930748878,4753.210070706862,6320229545,48.250972,-89.465797
Alces alces,-1735.71808224304,-3179.600462577811,5240.913733980646,6320324013,55.347845,-118.629768
Alces alces,1391.6448491691528,-4342.895718760865,4448.857664550188,6320352922,44.290548,-72.232375
Alces alces,-1941.1842130445207,-4304.682372413241,4276.82904186488,6320420682,42.167125,-114.272858
Alces alces,-1305.6555919700154,-4672.558470905768,4129.4326415140395,6320530737,40.403012,-105.611987
Alces alces,-1521.4117218600506,-3462.165310648838,5127.228380324414,6320601518,53.588528,-113.722577
Alces alces,-1545.5156750679746,-4231.83252450726,4504.745044097294,6320985679,44.996967,-110.062796
Alces alces,385.9051998945414,-4266.1141886000305,4716.047077394085,6320986902,47.751483,-84.831192
Alces alces,-1325.9972142603863,-4669.281324382843,4126.6568104484695,6321161379,40.370238,-105.853653
Alces alces,759.3095128123081,-4150.38764944026,4773.62383863705,6333881691,48.527428,-79.632445
Alces alces,-1603.208443101047,-4299.004632368788,4420.184949582839,6333921435,43.931408,-110.451768
Alces alces,889.875429988834,-4349.802117810404,4569.14613299594,6333955028,45.821964,-78.438059
Alces alces,854.7203588609035,-4437.490084100635,4490.867175873125,6334223662,44.820744,-79.097579
Alces alces,-1112.4845687722209,-4300.385426335176,4567.145322724596,6334267003,45.79615,-104.504112
Alces alces,-1326.0734902737165,-4672.901233391021,4122.532751967338,6334283652,40.321575,-105.842854
Alces alces,-1461.11865279154,-3475.471679194639,5135.755253052667,6334523425,53.717915,-112.80231
Alces alces,-2028.4166424311315,-3149.8750886864555,5153.015231886894,6412999911,53.981045,-122.780212
Alces alces,-2033.2309384378118,-3160.9494470477844,5144.329273468509,6431552679,53.84842,-122.750512
Alces alces,-1742.5198996406496,-4052.8398102492642,4596.505955776896,6441028353,46.176165,-113.265304
Ardea herodias,438.0098980675026,-5193.2905779299235,3664.3735388271507,5938030942,35.111103,-85.178998
Ardea herodias,958.5265022912016,-5613.915139916142,2855.6850099237413,5938043765,26.630257,-80.310686
Ardea herodias,-2544.7316560831155,-4628.087193594485,3562.990718019434,5938044653,34.00399,-118.803985
Ardea herodias,920.707462170459,-5663.62139361083,2768.6537538332227,5938046543,25.75798,-80.766477
Ardea herodias,-2502.271459381925,-4668.312675937804,3540.51513665999,5938048130,33.760517,-118.191841
Ardea herodias,-2664.455172729374,-4460.265092937261,3687.33875076843,5938049830,35.363967,-120.85308
Ardea herodias,-1085.6537481242117,-5196.580952499522,3522.3082592215633,5938058512,33.563792,-101.800332
Ardea herodias,1320.4432566937276,-4738.421379743494,4048.8943630970743,5938069266,39.458456,-74.428583
Ardea herodias,584.2545004492257,-5316.644550742708,3461.4578618611163,5938078961,32.909519,-83.728839
Ardea herodias,-105.83995781797945,-5497.31977565375,3218.3887765794743,5938100587,30.342078,-91.10298
Ardea herodias,-690.5581401271238,-5581.8589257672065,2992.613158698358,5938151188,28.016356,-97.052497
Ardea herodias,-2502.515941696773,-4668.683857429738,3539.8528402471666,5938160267,33.753353,-118.192275
Ardea herodias,-2713.615607714184,-4297.834304731392,3841.179994783042,5938190576,37.078992,-122.267962
Ardea herodias,294.3120496207798,-5229.565665298572,3626.9514057202036,5938191949,34.700728,-86.778878
Ardea herodias,-2344.8078789665637,-3650.6435399674265,4665.236423216712,5938198405,47.076214,-122.712628
Ardea herodias,690.1047274776721,-5182.422738754924,3640.8794475547143,5938212822,34.853225,-82.41497
Ardea herodias,-648.7911074887553,-5311.523101081139,3457.8238207292097,5938212860,32.870599,-96.964058
Ardea herodias,936.8616868805481,-5662.589905821216,2765.3424503710994,5938223992,25.72492,-80.605653
Ardea herodias,-2325.6681044643433,-3531.6554298901774,4765.33639128256,5938239930,48.415013,-123.36573
Ardea herodias,1236.3617649095136,-4774.281171739281,4033.2867501732476,5938255980,39.276896,-75.481456
Ardea herodias,-2291.500439604447,-3613.0361864787856,4720.672449997447,5938256947,47.813388,-122.384147
Ardea herodias,805.4849270488692,-5626.389394923529,2878.3136623145438,5938258459,26.858139,-81.852783
Ardea herodias,-1430.881599774267,-4695.124690359514,4061.789644858697,5938276217,39.608822,-106.949073
Ardea herodias,1335.1280260593696,-4645.308223200474,4150.698470760592,5938279490,40.654628,-73.964592
Ardea herodias,-694.2924216785921,-5591.3164444287895,2974.0362440860245,5938293242,27.827279,-97.078376
Ardea herodias,-1497.781454384024,-4998.32173790904,3655.5688543544998,5938337112,35.014365,-106.681206
Ardea herodias,-2421.012615400134,-4715.588020137367,3534.3571791894205,5938343140,33.69393,-117.17625
Ardea herodias,-630.03372973846,-5314.568459095357,3456.612897426913,5938346907,32.857634,-96.760771
Ardea herodias,974.2706388537013,-5618.373797158855,2841.5534004033457,5938346939,26.488175,-80.162286
Ardea herodias,-2700.634775144593,-3990.3558439704384,4168.1392946311325,5938349809,40.861697,-124.089767
Ardea herodias,929.9160974836633,-5285.443493731383,3433.525339340134,5938350807,32.610803,-80.021556
Ardea herodias,715.2583172400596,-5580.334918502381,2989.6522986192526,5938382547,27.986198,-82.69595
Ardea herodias,-2325.3961159998767,-3637.5836307664285,4685.111670232658,5938401684,47.339325,-122.589539
Ardea herodias,410.0014956958432,-5495.028425023807,3197.8609274615087,5938418864,30.128399,-85.732887
Ardea herodias,-1055.7002899658407,-5453.123872701385,3120.6874333098035,5938430183,29.329163,-100.956665
Ardea herodias,507.5222993360668,-5509.38551007241,3158.9310766077547,5938430184,29.724432,-84.736791
Ardea herodias,608.9118318038339,-5251.1895970215965,3555.8384843660856,5938440514,33.926436,-83.385697
Ardea herodias,1332.3899757814975,-4646.161452711979,4150.623307100722,5938446112,40.653737,-73.99858
Ardea herodias,-652.2913489682511,-5325.577819825433,3435.4752234184434,5938447943,32.631623,-96.982963
Ardea herodias,-686.342518611169,-5315.659183175422,3444.1914181918964,5938461051,32.72475,-97.357161
Ardea herodias,-2687.60511838409,-4285.947434525569,3872.6201008873522,5938461336,37.434233,-122.090745
Ardea herodias,966.1627357625352,-5612.52318190909,2855.847725323316,5938482762,26.631894,-80.2326
Ardea herodias,-692.6533010719376,-5316.508928021026,3441.6155149092856,5938490048,32.697218,-97.422884
Ardea herodias,-2718.8975690906705,-4281.1104574214205,3856.0915951034194,5938506413,37.247269,-122.41929
Ardea herodias,510.78363830299133,-5263.702293659792,3552.7864231107446,5938527340,33.893363,-84.457437
Ardea herodias,-2582.879268323497,-4165.178946754223,4070.5985010140093,5938581515,39.711726,-121.803566
Ardea herodias,-691.3165345977295,-5316.169134916631,3442.4090848748606,5938587541,32.705699,-97.409186
Ardea herodias,670.9792631432,-5134.330646558439,3711.898270416371,5938605685,35.635265,-82.554504
Ardea herodias,348.4807658617926,-5357.339222552703,3430.3397411918572,5938616962,32.576799,-86.278304
Ardea herodias,-2496.4590059122843,-4647.737214728235,3571.5520917812623,5938618692,34.096917,-118.24177
Ardea herodias,-817.698192657339,-5492.451873302506,3123.1546895499987,5938625821,29.354617,-98.467812
Ardea herodias,1276.4865275705379,-4821.174521728094,3964.418179966415,5938637315,38.481294,-75.170263
Ardea herodias,965.9936711796292,-5612.524212349425,2855.9028909803274,5938647755,26.632449,-80.234278
Ardea herodias,834.0445023955042,-4783.87339473643,4124.157882626976,5938649752,40.340747,-80.110171
Ardea herodias,920.679559531478,-5286.308279710331,3434.6829621093643,5938666523,32.623163,-80.12029
Ardea herodias,696.1981664178362,-5186.507638190757,3633.895948117229,5938667691,34.776728,-82.354741
Ardea herodias,-2534.0996145776403,-4631.91048889042,3565.599177695357,5938678918,34.032292,-118.682892
Ardea herodias,980.8271985623388,-5657.50823522571,2760.4948296620755,5938679730,25.676538,-80.164544
Ardea herodias,-2496.7684652536354,-4646.82412373925,3572.5237471047526,5938679733,34.10747,-118.249424
Ardea herodias,976.1043587233911,-5618.640258265611,2840.3969896399312,5938679762,26.476556,-80.144591
Ardea herodias,748.2370673387574,-5575.764236421784,2990.108292449879,5938695485,27.990842,-82.356881
Ardea herodias,818.9236441964921,-5655.657017992533,2816.4979832205054,5938720457,26.236693,-81.76099
Ardea herodias,-374.2060434163037,-5117.601594953859,3776.225216015838,6129818298,36.350276,-94.182103
Ardea herodias,-6.920277113608736,-5562.448684127398,3106.263008164551,6129826575,29.180477,-90.071282
Ardea herodias,-661.9019406556883,-5290.857320960396,3486.8994479155067,6129833053,33.182476,-97.130825
Ardea herodias,-2701.7448669806986,-4236.754312733025,3916.661932942259,6129847961,37.934718,-122.525337
Ardea herodias,1392.8309684643777,-4629.165799597514,4149.770960282113,6129848335,40.643634,-73.254424
Ardea herodias,-2713.9673593613793,-3990.269476274584,4159.553318411703,6129848438,40.759678,-124.221437
Ardea herodias,-2258.374953476026,-3488.0225643196572,4829.409310670044,6129848458,49.290744,-122.921672
Ardea herodias,1121.3530150378135,-4805.214712195921,4030.1652714298107,6129852845,39.240641,-76.864437
Ardea herodias,717.5725358001068,-5587.147653287262,2976.34404696592,6129857930,27.85075,-82.681412
Ardea herodias,-42.03337046609967,-5512.129690086229,3194.4346299642125,6129868269,30.092779,-90.436907
Ardea herodias,810.4110038629208,-5639.946003082663,2850.2624820895394,6129869955,26.575717,-81.823067
Ardea herodias,808.6253389873068,-5530.065607186129,3058.472260956804,6129871449,28.68938,-81.680969
Ardea herodias,813.8880266476023,-5633.465783736971,2862.0626606036953,6129879889,26.694437,-81.779145
Ardea herodias,812.4751855642832,-5651.047402968857,2827.5962321234374,6129890966,26.348019,-81.818408
Ardea herodias,-2328.5779888900347,-3449.6388303030008,4823.636555525304,6129892410,49.21121,-124.020169
Ardea herodias,-2706.575987719783,-4246.215551733377,3903.0568841093936,6129895255,37.779751,-122.513803
Ardea herodias,-2714.293123216998,-4189.356859296482,3958.7441286852413,6129895352,38.416138,-122.939287
Ardea herodias,-2516.3272285397893,-4646.29195107128,3559.4692742032394,6129896146,33.965797,-118.438979
Ardea herodias,993.7018507869598,-5069.87952496499,3728.0868235276876,6129900718,35.814597,-78.910545
Ardea herodias,-2281.1043618727654,-3497.6659992383343,4811.7199188746,6129918422,49.047432,-123.111547
Ardea herodias,-2278.5678129010917,-3501.591832873796,4810.066162501313,6129933870,49.024746,-123.052996
Ardea herodias,-461.99716252227967,-5502.468509875221,3177.916306218647,6129936984,29.921233,-94.7994
Ardea herodias,-2687.1208590559427,-4335.633045016502,3817.2530329367514,6129938344,36.809754,-121.789637
Ardea herodias,-2499.05392250104,-4642.113014111708,3577.0475795443813,6129944464,34.15662,-118.295537
Ardea herodias,38.51935062588851,-5146.876751728695,3754.7209073138133,6129984000,36.110527,-89.571205
Ardea herodias,1108.8497457727913,-4796.655275610814,4043.7981574173555,6129986884,39.399121,-76.983505
Ardea herodias,-2496.2805638897466,-4647.300906073594,3572.2444995312503,6129991999,34.104437,-118.242305
Ardea herodias,-2451.8794541287957,-4763.509651062981,3447.755222797632,6129992110,32.762855,-117.235841
Ardea herodias,-1576.8022315144922,-5093.682732306901,3486.8100141772643,6130014643,33.181515,-107.200452
Ardea herodias,696.2064183996243,-5186.513505651148,3633.8859927569056,6130039649,34.776619,-82.35466
Ardea herodias,-2249.919506846879,-3494.6549012130317,4828.561117332479,6130042781,49.27905,-122.774138
Ardea herodias,-2177.3085812207046,-4664.5306655653785,3753.829263807868,6130050501,36.100602,-115.022215
Ardea herodias,-509.09519621061804,-5113.982170077136,3765.3368474820213,6130064412,36.228791,-95.685045
Ardea herodias,-494.226166862322,-5519.030013356699,3144.1694193115545,6130089513,29.571679,-95.117157
Ardea herodias,1187.0825414529556,-4936.981434931587,3847.9608210837964,6130101628,37.155467,-76.480051
Ardea herodias,-2694.130478689785,-4310.823577953928,3840.340372054107,6130108399,37.069528,-122.0041
Ardea herodias,-2688.605471028539,-4249.98495651465,3911.3656975833924,6130110228,37.874353,-122.318071
Ardea herodias,-2701.351795838755,-4258.660129451799,3893.1048671482954,6130113621,37.666599,-122.387759
Bombycilla cedrorum,-860.3144370607424,-5465.876571108248,3158.1332315898644,5938047502,29.71617,-98.944819
Bombycilla cedrorum,-827.796526750352,-5056.591609071409,3786.2101551612413,5938068830,36.461848,-99.297218
Bombycilla cedrorum,1184.0647773495564,-4810.009947611006,4006.4383230745907,5938127763,38.965669,-76.170649
Bombycilla cedrorum,-1914.6572612660884,-5036.240264964805,3400.0183374660946,5938155755,32.253781,-110.815598
Bombycilla cedrorum,-839.3065913717966,-5056.427827389622,3783.894184799194,5938410278,36.435955,-99.424487
Bombycilla cedrorum,1268.5726485744433,-4803.550691931798,3988.2799945600373,5938437090,38.755951,-75.206469
Bombycilla cedrorum,-617.7099612951185,-5301.831952651693,3478.327971775483,5938444946,33.09042,-96.6455
Bombycilla cedrorum,-665.6847985074025,-5279.747296475366,3502.9823528066277,5938445986,33.355465,-97.186088
Bombycilla cedrorum,-634.9802922526709,-5305.930523800998,3468.955813314003,5938519658,32.989875,-96.824342
Bombycilla cedrorum,-2679.3685693568973,-4305.538808024709,3856.5622997448086,5938523474,37.252587,-121.894309
Bombycilla cedrorum,-2042.246045644628,-3591.5143766901265,4849.743158225438,5938527347,49.571922,-119.623898
Bombycilla cedrorum,-661.4382077671587,-5292.715054749862,3484.1670419495345,5938577397,33.15312,-97.123405
Bombycilla cedrorum,-650.272280957242,-5306.334216711886,3465.503754268455,5938582742,32.95287,-96.986558
Bombycilla cedrorum,-2689.759525888099,-4282.324352727724,3875.1316055853836,6129815082,37.462683,-122.133233
Bombycilla cedrorum,813.3997268165551,-5536.632261247322,3045.297558171869,6129904450,28.554403,-81.642328
Bombycilla cedrorum,-2652.809417338678,-4474.385587710885,3678.617802577725,6129912365,35.26785,-120.663192
Bombycilla cedrorum,813.0278780322577,-4566.194838903547,4367.906076415839,6129945904,43.282101,-79.904078
Bombycilla cedrorum,-1919.8340963971061,-5080.224774336439,3330.96178516158,6129964773,31.522351,-110.701748
Bombycilla cedrorum,813.0129868434393,-4565.982374904341,4368.1309464076585,6129980862,43.284879,-79.903799
Bombycilla cedrorum,1176.6219402086479,-4827.265806424075,3987.833844786665,6130009273,38.750806,-76.301553
Bombycilla cedrorum,-2409.6672646517513,-3756.3615409979234,4546.757611381421,6130014121,45.53379,-122.679754
Bombycilla cedrorum,-2476.4659913584373,-4688.974586029576,3531.343463172518,6130053922,33.661361,-117.840622
Bombycilla cedrorum,912.7379847399961,-5547.697252980173,2996.6177083783055,6130097574,28.057158,-80.65708
Bombycilla cedrorum,-2513.0058273352256,-4643.15596123745,3565.9020683526574,6130156322,34.035579,-118.423491
Bombycilla cedrorum,-1638.962801008276,-3674.9030107189537,4939.498145398711,6130174324,50.833023,-114.0363
Bombycilla cedrorum,-1277.6426051671929,-4726.947567665093,4075.9476438840684,6130218868,39.774289,-105.125015
Bombycilla cedrorum,-2694.631800723992,-4273.425856183911,3881.5646381199454,6130230455,37.535605,-122.233703
Bombycilla cedrorum,-525.5298223395113,-5505.477368627818,3162.797887794311,6130247809,29.764484,-95.452694
Bombycilla cedrorum,815.0621301526785,-5320.424367267125,3408.5937578213443,6130333426,32.345019,-81.29029
Bombycilla cedrorum,-662.7114286541412,-5288.746434985865,3489.946681316627,6130450224,33.215226,-97.142276
Bombycilla cedrorum,-2652.8208859760634,-4296.061541952235,3885.376391595233,6130466450,37.578847,-121.695358
Bombycilla cedrorum,548.8023262796036,-5279.030271826427,3524.2599968628488,6130510549,33.584859,-84.064912
Bombycilla cedrorum,-2452.2395801992493,-4764.395468352518,3446.274799275826,6130539572,32.747024,-117.23493
Bombycilla cedrorum,519.081117126513,-5269.686353993475,3542.6986400278374,6130543089,33.78414,-84.374329
Bombycilla cedrorum,570.1807846591043,-5181.869371034097,3662.3594613338632,6130568408,35.088964,-83.720788
Bombycilla cedrorum,1088.5199247704245,-4840.054102578366,3997.3433411666742,6130584515,38.86055,-77.325163
Bombycilla cedrorum,-2677.599048415987,-4297.663639795624,3866.5622592656987,6130599844,37.365655,-121.924391
Bombycilla cedrorum,-2490.599334887956,-3794.4796571520055,4470.860343848005,6130609822,44.567638,-123.27987
Bombycilla cedrorum,970.4770647773838,-5081.119531962657,3718.891192052559,6130633377,35.712681,-79.186926
Bombycilla cedrorum,-2455.07068230105,-4673.887442959906,3566.112343312393,6130644237,34.037861,-117.71177
Bombycilla cedrorum,1033.400019970039,-5072.913942751085,3713.136364025026,6130648637,35.648966,-78.485858
Bombycilla cedrorum,-1552.3029584163346,-5157.720755648056,3402.6497412643835,6130681782,32.281768,-106.750053
Bombycilla cedrorum,-2188.194105805219,-4654.17089692437,3760.3527689857688,6130784578,36.173245,-115.180923
Bombycilla cedrorum,-2679.585113780491,-4306.110272804021,3855.7737311900323,6130840242,37.243678,-121.892975
Bombycilla cedrorum,837.2998541995694,-5503.790613795186,3097.8978297120816,6130843672,29.094348,-81.349834
Bombycilla cedrorum,-2615.0153565705696,-4557.173272119932,3603.2790042478305,6130849901,34.442183,-119.848238
Bombycilla cedrorum,-2516.379457718447,-4378.6918225396985,3883.8956574133167,6130867747,37.562046,-119.885444
Bombycilla cedrorum,-658.6646556018044,-5305.110074382567,3465.79299725517,6130952759,32.95597,-97.077434
Bombycilla cedrorum,1281.429279266118,-4651.033149537963,4161.199679637584,6130962374,40.779228,-74.596321
Bombycilla cedrorum,-2428.771613704454,-4753.887551583143,3477.2654090597866,6130977295,33.079015,-117.062589
Bombycilla cedrorum,344.0538938652206,-5211.888498417979,3647.9581039058,6130980618,34.930837,-86.223197
Bombycilla cedrorum,-1278.3384556751555,-4726.767169769197,4075.9386704428707,6131004369,39.774184,-105.133426
Bombycilla cedrorum,-2665.0758685806154,-4282.427746504459,3892.034987041543,6131040890,37.654445,-121.895172
Bombycilla cedrorum,-2409.6768022224114,-3756.3376036786076,4546.772332732162,6131127337,45.533979,-122.680023
Bombycilla cedrorum,812.9069997515438,-5148.155892565358,3664.0723580842346,6131175750,35.107792,-81.026936
Bombycilla cedrorum,150.63333890590562,-5491.0518201111,3227.2918423566957,6131191154,30.434897,-88.428627
Bombycilla cedrorum,784.6809176592943,-4554.440215354206,4385.328187479602,6131218151,43.497708,-80.224525
Bombycilla cedrorum,905.7347120658641,-4465.895781957858,4452.546757275818,6131267709,44.336915,-78.535264
Bombycilla cedrorum,-652.9103917441654,-5326.795910670121,3433.468577997764,6131366528,32.610197,-96.987942
Bombycilla cedrorum,-2665.7824574964793,-4319.040408162453,3850.876130394404,6131545776,37.18837,-121.683564
Bombycilla cedrorum,-615.2299978859171,-5300.942360237531,3480.122881856053,6131575937,33.109689,-96.620158
Bombycilla cedrorum,1238.0599120626287,-4775.455286755308,4031.3753965640176,6131594396,39.254694,-75.465782
Bombycilla cedrorum,981.1543382610337,-5065.300460539381,3737.6223108613494,6131617724,35.920418,-79.037503
Bombycilla cedrorum,-2435.879281318309,-4780.9966421047475,3434.867736129698,6131647360,32.625136,-116.998476
Bombycilla cedrorum,-2293.29176328029,-3627.756698263055,4708.497356519992,6133053609,47.650597,-122.299088
Bombycilla cedrorum,1059.6443477051907,-5001.49910556491,3801.567266679268,6133082802,36.633763,-78.037897
Bombycilla cedrorum,843.6658716039877,-4730.397110121729,4183.458402723768,6133107260,41.044111,-79.887629
Bombycilla cedrorum,-2672.4762368186966,-4315.244658573338,3850.491842605447,6133180676,37.184032,-121.770367
Bombycilla cedrorum,747.8000890039555,-5621.247479744514,2903.812137179171,6133195667,27.115473,-82.422378
Bombycilla cedrorum,-1924.12837041528,-5077.49981937181,3332.638403445491,6133237406,31.540041,-110.7543
Bombycilla cedrorum,-2689.079380995491,-4243.850439618904,3917.6955801247204,6133272934,37.946505,-122.36004
Bombycilla cedrorum,-2160.683787536709,-3876.36932886544,4571.1004721166155,6133282051,45.84719,-119.135245
Bombycilla cedrorum,298.7650366783617,-5195.115797908371,3675.7671891536984,6133284982,35.236457,-86.708612
Bombycilla cedrorum,732.5198068089292,-5487.184074800582,3153.4074889815497,6133342406,29.667247,-82.396172
Bombycilla cedrorum,1526.1411150500066,-4507.181823281505,4236.267040510095,6133371925,41.676861,-71.293793
Bombycilla cedrorum,-2074.6786207390805,-4143.281846311828,4372.490971099708,6133399640,43.338767,-116.598647
Bombycilla cedrorum,-630.8775386706943,-5300.758908787717,3477.5999844412668,6133414522,33.082606,-96.787214
Bombycilla cedrorum,-2690.9880569344073,-4280.280516172711,3876.5364837682223,6133430746,37.478602,-122.157342
Bombycilla cedrorum,1001.8967483447155,-4953.7188048319595,3878.998071408124,6133432498,37.506503,-78.566085
Bombycilla cedrorum,-1983.634523473586,-3890.5349564856747,4638.823661158523,6133433014,46.728555,-117.01529
Bombycilla cedrorum,-1278.1583117757034,-4726.894589103961,4075.8473969489837,6133457556,39.773116,-105.131002
Bombycilla cedrorum,-2705.207505523736,-4248.771738182696,3901.2234233065237,6133459759,37.758892,-122.485047
Bombycilla cedrorum,11.217905888282841,-5514.269817932903,3190.996029972327,6133482477,30.057044,-89.883441
Bombycilla cedrorum,769.3082653608951,-5507.086994292223,3109.6480122068965,6133514558,29.21535,-82.047573
Bombycilla cedrorum,-545.2102339993995,-5468.5166463222895,3223.0148338653025,6133560232,30.390296,-95.693565
Bombycilla cedrorum,-2458.174590039274,-4665.189737480931,3575.351105537089,6133578327,34.138185,-117.785574
Bombycilla cedrorum,-2476.5624966592773,-4688.277108663244,3532.20173294256,6133579613,33.670635,-117.845064
Bombycilla cedrorum,-2677.9305873612157,-4306.875036792034,3856.0690238130164,6147317489,37.247014,-121.87254
Bombycilla cedrorum,-1679.691185599055,-4278.452123075044,4411.7160018810055,6147456094,43.825745,-111.434634
Bombycilla cedrorum,1107.944770010184,-4828.525436248094,4005.939793330608,6147470891,38.959903,-77.076722
Bombycilla cedrorum,-1679.699947386371,-4278.463903767415,4411.701241084548,6147631756,43.825561,-111.434682
Bombycilla cedrorum,-1552.2994970409281,-5157.725890644285,3402.643536743385,6159309824,32.281702,-106.750002
Bombycilla cedrorum,842.8632741425012,-5139.080483602768,3670.0390207506452,6163050225,35.173411,-80.685814
Bombycilla cedrorum,1185.1299276376544,-4874.2322590537315,3927.732178890887,6170842589,38.061054,-76.334177
Bombycilla cedrorum,980.2688852051923,-5066.125292152151,3736.7366199121234,6179335510,35.910583,-79.048897
Bombycilla cedrorum,814.2002767134239,-5211.7215431574605,3572.7845716843376,6185400086,34.110303,-81.120749
Bombycilla cedrorum,-2476.899180880771,-4688.6352879923115,3531.490154824568,6273605073,33.662946,-117.846473
Bombycilla cedrorum,-622.1363594668358,-5301.162892855051,3478.5588198740375,6320294990,33.092898,-96.693527
Bombycilla cedrorum,538.3976527166723,-5256.879590018638,3558.8057088399883,6399057204,33.958602,-84.152286
Bombycilla cedrorum,-2449.062641372218,-4762.542544068713,3451.0916858651963,6498587956,32.798544,-117.213781
Branta canadensis,-2476.7224817893234,-4689.020265044824,3531.1029200344383,5938039562,33.658762,-117.842842
Branta canadensis,148.1478469221564,-4868.115905817828,4107.219603655645,5938052527,40.141189,-88.256897
Branta canadensis,1525.9535668503152,-4453.612754663842,4292.616017417558,5938063966,42.358967,-71.086861
Branta canadensis,1334.5626359413832,-4645.447019794671,4150.724959173691,5938124389,40.654942,-73.971488
Branta canadensis,-2676.0084533343065,-4295.603430664155,3869.9512986376353,5938128944,37.404013,-121.921441
Branta canadensis,-2656.9200815037166,-4288.260276664622,3891.1890997174596,5938131753,37.644837,-121.781525
Branta canadensis,-1254.7545537510464,-4729.69208620791,4079.872168240166,5938142883,39.820226,-104.857916
Branta canadensis,1121.2585781934224,-4803.005476610721,4032.824162067138,5938164592,39.271522,-76.859673
Branta canadensis,864.9346286570618,-4879.4676608424625,4004.0525177150075,5938189589,38.938079,-79.94816
Branta canadensis,56.40388836146706,-4658.535451828744,4345.643700892872,5938198400,43.0077,-89.306317
Branta canadensis,403.92737939173674,-4784.800489250546,4187.156562623721,5938204852,41.088223,-85.174597
Branta canadensis,-1311.7870774021421,-4814.7720133111725,3960.673964500696,5938239907,38.438292,-105.240358
Branta canadensis,816.4810287176667,-4566.145416988751,4367.313578200472,5938250126,43.274782,-79.861978
Branta canadensis,1360.1062917618028,-4637.59401611419,4151.214972329095,5938279074,40.660751,-73.654725
Branta canadensis,617.8618325643758,-4788.3958570483355,4156.833530674516,5938309741,40.727394,-82.64757
Branta canadensis,1513.7739289249587,-4510.532607796986,4237.137856594312,5938313769,41.687347,-71.4478
Branta canadensis,1113.7023851284798,-4834.11994536606,3997.58733248576,5938315109,38.863368,-77.026358
Branta canadensis,1307.009244257117,-4644.784930080268,4160.222700577832,5938321005,40.767626,-74.283778
Branta canadensis,1490.559149393218,-4538.71862980511,4215.21289513325,5938341522,41.423853,-71.819319
Branta canadensis,1127.9235635466034,-4943.366626522304,3857.5468837409176,5938345571,37.263712,-77.146907
Branta canadensis,-1244.405344143604,-4723.348027051643,4090.377963525086,5938381844,39.943349,-104.75966
Branta canadensis,1108.532184602091,-4843.2884879494,3987.915012619447,5938392791,38.751742,-77.108194
Branta canadensis,-15.133384915332558,-4960.306145549485,3998.110435288455,5938411326,38.86941,-90.174803
Branta canadensis,-2676.6039864535223,-4325.8020912687225,3835.7503172852244,5938419329,37.017811,-121.747284
Branta canadensis,-2621.6747675451,-4164.491486715224,4046.428697008165,5938430605,39.429742,-122.19167
Branta canadensis,-1269.8578732523242,-4796.876679122556,3995.896424672026,5938436676,38.843841,-104.827556
Branta canadensis,583.4618433182652,-5140.415301692481,3718.259799045098,5938444085,35.705688,-83.524368
Branta canadensis,1109.5804304916485,-4821.038773467099,4014.4949299599625,5938457966,39.058917,-77.038866
Branta canadensis,1395.568323230274,-4605.5622033912405,4175.037601695067,5938479752,40.943777,-73.142246
Branta canadensis,-2403.8948260314783,-4650.493229895754,3630.971703793667,5938514153,34.744717,-117.334976
Branta canadensis,-1803.5941338940386,-4483.651658356677,4151.3454609771825,5938530060,40.662298,-111.912955
Branta canadensis,-2054.347747756544,-3636.895850099487,4810.654533064516,5938637580,49.032816,-119.460496
Branta canadensis,1188.8884610037271,-4791.568285086384,4027.0548452093312,5938641014,39.204533,-76.06513
Branta canadensis,286.12316709236745,-5136.466664619041,3758.270462085961,5938646496,36.15005,-86.811675
Branta canadensis,-2430.27341785155,-4767.980327612767,3456.860980667176,5938670679,32.86029,-117.008262
Branta canadensis,827.5389059758202,-4554.558897293263,4377.3194697052395,5938690187,43.398501,-79.702006
Branta canadensis,1096.3710505022336,-4833.889410083258,4002.6537222676407,6129817934,38.921908,-77.220985
Branta canadensis,-2679.1016578336944,-4291.011887828502,3872.9038737341075,6129842125,37.437447,-121.978675
Branta canadensis,1512.83787184633,-4494.016431694116,4254.9842555346995,6129843392,41.902624,-71.395027
Branta canadensis,-2468.9286235981062,-4700.527026617262,3521.2483941488827,6129851948,33.552354,-117.710479
Branta canadensis,-2430.327091198309,-4768.260055960074,3456.437385256766,6129857257,32.855755,-117.007414
Branta canadensis,1372.9984392392812,-4638.738403558945,4145.688656769988,6129891496,40.595267,-73.51202
Branta canadensis,-2699.305646087462,-4344.147562184781,3798.9319705203734,6129892734,36.604235,-121.855413
Branta canadensis,-2497.8485616752814,-4645.857986144709,3573.0252259380413,6129897309,34.112917,-118.264726
Branta canadensis,868.2261407435267,-4516.087568396157,4409.182415458077,6129907143,43.794171,-79.117559
Branta canadensis,-2666.8710973994084,-4251.585600821261,3924.483604045559,6129913616,38.023958,-122.098612
Branta canadensis,-2295.0689949977764,-3636.4909199055132,4700.887706308467,6129928857,47.549107,-122.25692
Branta canadensis,1121.287582547813,-4803.006656116461,4032.814693015597,6129960639,39.271412,-76.859348
Branta canadensis,1210.808001382038,-4683.735604638078,4145.63841878573,6129961984,40.594672,-75.5056
Branta canadensis,1310.3553240384451,-4679.567546672363,4119.996314388199,6129969327,40.291663,-74.356886
Branta canadensis,-2680.9815130243214,-4291.7497763152205,3870.7848188703933,6129974251,37.41345,-121.992305
Branta canadensis,531.8822423355954,-5270.276949439858,3539.9202372607756,6129975677,33.754082,-84.237158
Branta canadensis,892.9896428039993,-5073.380127003646,3748.751354043996,6129980525,36.044103,-80.017352
Branta canadensis,-631.8568877876652,-5302.698130025949,3474.464353659717,6130006622,33.048957,-96.795189
Branta canadensis,-2664.057833328509,-4461.996417315103,3685.53075719436,6130008012,35.344031,-120.83953
Branta canadensis,1089.670505796723,-4818.030127907691,4023.550298560706,6130012987,39.163872,-77.256091
Branta canadensis,1388.7376856495625,-4610.337098541095,4172.04417617429,6130042204,40.908147,-73.236512
Branta canadensis,1238.1907088924231,-4775.327825077576,4031.4862099639863,6130045812,39.255981,-75.46394
Branta canadensis,286.1009976891699,-5136.493257989355,3758.235804127864,6130056576,36.149664,-86.811938
Branta canadensis,-2293.5656903355466,-3626.8456994998464,4709.065706253475,6130098490,47.658185,-122.308679
Branta canadensis,1198.3366862808675,-4834.187199778708,3972.9556294384297,6130119447,38.579442,-76.077707
Branta canadensis,1215.1990246317619,-4682.148085938616,4146.146857210053,6130127024,40.600694,-75.450539
Branta canadensis,273.8087005150702,-4844.310866355669,4128.853854922461,6130129916,40.396177,-86.764987
Branta canadensis,-1622.6817964941044,-3658.6477818693343,4956.909654737184,6130141809,51.081611,-113.918222
Branta canadensis,-16.08597841972801,-4977.374528161261,3976.837584989759,6130155904,38.624114,-90.185169
Branta canadensis,1512.1840853538008,-4457.666399270443,4293.281110583769,6130156642,42.367062,-71.261408
Branta canadensis,-2430.235529729943,-4767.998962080638,3456.8619147014842,6130180135,32.8603,-117.00781
Branta canadensis,1331.5782985067917,-4634.926007648889,4163.425665031516,6130193412,40.80567,-73.971052
Branta canadensis,-2589.577944132605,-4253.642129566928,3973.7095810480055,6130193798,38.588116,-121.332668
Branta canadensis,-2479.6800894597814,-4653.391544434542,3575.875685450946,6130194057,34.143885,-118.052077
Branta canadensis,1336.3601416803065,-4627.165977413728,4170.519118631454,6130203154,40.890002,-73.890887
Branta canadensis,1208.7379341168225,-4685.147494271109,4144.646992595337,6130207903,40.582931,-75.533517
Branta canadensis,1330.7258553890101,-4606.201110580159,4195.453867743839,6130213825,41.187302,-73.886059
Branta canadensis,-2687.7161632802786,-4285.989729703038,3872.4962223609004,6130219469,37.43283,-122.091556
Branta canadensis,145.18431896436977,-4653.035097351196,4349.475718523124,6130241235,43.054845,-88.212833
Branta canadensis,837.163490961487,-5338.195213539484,3375.2899551331525,6130250945,31.991195,-81.087173
Branta canadensis,-2293.5404872953527,-3627.1110594405163,4708.873594109182,6130261800,47.65562,-122.306501
Branta canadensis,-1538.1110978636673,-5065.470504847274,3544.71098184723,6130265589,33.805917,-106.890716
Branta canadensis,-1897.3049299178674,-3792.1001665488407,4754.993528854382,6130269341,48.275065,-116.580217
Branta canadensis,1519.1578723346495,-4461.086027948225,4287.262989349524,6130271450,42.293852,-71.194472
Branta canadensis,1058.406976247436,-4863.738302540975,3976.6289148855753,6130273421,38.621712,-77.723162
Branta canadensis,-2495.7149574016416,-4649.064249799278,3570.3447427828924,6130285230,34.083806,-118.227834
Branta canadensis,805.0084625406637,-5415.0531226488565,3258.6675472969337,6130297637,30.762713,-81.544267
Branta canadensis,1215.5240523844436,-4682.202623067268,4145.989990857954,6130303010,40.598836,-75.446975
Branta canadensis,-2175.1071492823635,-3720.9059576410637,4691.856868363466,6130303379,47.428917,-120.309013
Branta canadensis,1119.8655168825742,-4827.360956211986,4004.028040887683,6130305522,38.937796,-76.939375
Branta canadensis,-1975.6300619847327,-3809.044442989672,4709.333224479782,6130321750,47.661757,-117.414332
Branta canadensis,-1286.2711804310266,-4706.8215346954275,4096.472948842382,6130333914,40.014881,-105.284489
Branta canadensis,1203.501701952539,-4681.102472190181,4150.736853611627,6130351988,40.655083,-75.581642
Branta canadensis,-424.61696406753094,-4930.794367625678,4012.071842289766,6130359888,39.030859,-94.921902
Branta canadensis,-8.676880267209668,-5518.166882195369,3184.2600555966687,6130367717,29.987079,-90.090093
Branta canadensis,-2325.807688805715,-3452.101470017806,4823.21129177134,6130394684,49.205356,-123.969598
Branta canadensis,1108.6390073143878,-4843.256539856119,3987.9241179189135,6130409815,38.751847,-77.106911
Branta canadensis,1142.1500688507244,-4797.085191362622,4034.007934636614,6130412253,39.285275,-76.60765
Branta canadensis,523.003476819027,-5261.401030653137,3554.4169265232163,6130414705,33.91103,-84.323228
Branta canadensis,-1271.3547175511399,-4730.431401319633,4073.8715086815228,6130418549,39.75,-105.04338
Branta canadensis,1237.1159472007762,-4707.907803474041,4110.340785974709,6130436566,40.177917,-75.277008
Branta canadensis,-1542.0973238033764,-4723.257057234898,3987.797856571549,6130442816,38.750391,-108.081355
Branta canadensis,-1278.5942863632724,-4732.630481102251,4069.0488458481923,6130445451,39.693612,-105.118422
Branta canadensis,-1542.1176476163919,-4723.325174246883,3987.709315999998,6130446187,38.74937,-108.081334
Buteo jamaicensis,833.000260815257,-4533.8329246466865,4397.752006030901,5938029370,43.65193,-79.589166
Buteo jamaicensis,667.3487713451104,-4724.2705275757,4222.0453253537235,5938032001,41.50585,-81.959617
Buteo jamaicensis,234.52067811343434,-4943.595605639731,4011.9341556304475,5938046051,39.029265,-87.283965
Buteo jamaicensis,-2460.985864776757,-4642.786476666162,3602.476292098566,5938048231,34.43343,-117.926567
Buteo jamaicensis,1384.9698783586202,-4563.508237591495,4224.453116221237,5938098150,41.534771,-73.117587
Buteo jamaicensis,-2477.294893933475,-3807.6945662691346,4467.015248258403,5938118412,44.51912,-123.048121
Buteo jamaicensis,-1796.5983919675996,-4462.957180405431,4176.601555514299,5938125255,40.9624,-111.927637
Buteo jamaicensis,-2600.3322603451543,-4186.119992967081,4037.8737808365163,5938135261,39.330207,-121.847706
Buteo jamaicensis,-2512.061226606937,-4666.61366070983,3535.819348486555,5938154536,33.709736,-118.2938
Buteo jamaicensis,1421.074276066393,-4537.271177937265,4240.6923125168605,5938156531,41.730166,-72.609433
Buteo jamaicensis,-2417.9575055696464,-4764.401209303018,3470.405703621523,5938157227,33.005422,-116.908022
Buteo jamaicensis,-2416.8939556960854,-4765.627074178001,3469.46326201313,5938184987,32.995316,-116.891904
Buteo jamaicensis,-2681.0885120090315,-3973.0915574140117,4197.1491511329605,5938189876,41.207564,-124.011936
Buteo jamaicensis,-389.84550591911926,-4923.709211334823,4024.2839379706697,5938195977,39.172382,-94.527075
Buteo jamaicensis,-691.1572352404876,-5127.630979611737,3717.4528030330307,5938208073,35.696751,-97.676673
Buteo jamaicensis,1328.7617674598982,-4609.843648866556,4192.074287034877,5938212624,41.146928,-73.920668
Buteo jamaicensis,-1809.4587962511237,-4504.7688445817075,4125.853808756783,5938216438,40.36076,-111.884158
Buteo jamaicensis,-693.1975909204624,-5317.147945303274,3440.5185593710544,5938226572,32.685496,-97.427769
Buteo jamaicensis,-1994.8777337965096,-4936.383347026547,3498.904886972397,5938266410,33.311575,-112.004484
Buteo jamaicensis,-249.98348147518786,-4507.0514431725705,4495.970270949645,5938272876,44.885481,-93.174656
Buteo jamaicensis,-649.2448482350587,-5299.650203113159,3475.9087993444723,5938279065,33.064456,-96.984339
Buteo jamaicensis,-2499.7517353506587,-4669.531960897549,3540.6871730562557,5938279523,33.762378,-118.161586
Buteo jamaicensis,-2556.432504516451,-4247.416449075374,4001.7320609522476,5938279972,38.911255,-121.042869
Buteo jamaicensis,1309.9378485120303,-4746.607424576805,4042.713682622782,5938308062,39.386501,-74.571906
Buteo jamaicensis,1556.0295530654842,-4339.89682253921,4397.0240765065555,5938312425,43.642883,-70.275178
Buteo jamaicensis,-1369.025908121637,-5593.864135919133,2724.739477720184,5938352407,25.320282,-103.752088
Buteo jamaicensis,-785.0333020329348,-5219.095799104029,3568.5452055636606,5938361746,34.064268,-98.554051
Buteo jamaicensis,774.582711087442,-5519.581260696068,3086.097448223998,5938379840,28.972972,-82.011644
Buteo jamaicensis,147.24066777209455,-4652.860805928915,4349.593042582487,5938400246,43.056289,-88.187469
Buteo jamaicensis,592.5621218937756,-4844.8178485157105,4094.6749902865035,5938400977,39.993772,-83.026876
Buteo jamaicensis,1351.0715603872472,-4408.575199925898,4396.455785628752,5938442757,43.635821,-72.96156
Buteo jamaicensis,849.971014349362,-4774.1173097311585,4132.203566787179,5938472537,40.435744,-79.904988
Buteo jamaicensis,-1276.8872498797405,-4702.95197596155,4103.846341247603,5938472542,40.101517,-105.190055
Buteo jamaicensis,-2640.45388237811,-4251.545877531863,3942.3488019141105,5938478771,38.228197,-121.842653
Buteo jamaicensis,-773.3696972771991,-5597.189839873468,2943.3175733223275,5938497151,27.515342,-97.866809
Buteo jamaicensis,-408.47509298489246,-4937.106293117014,4005.9808634781066,5938507295,38.960378,-94.729636
Buteo jamaicensis,-427.4604587578864,-4941.243439020664,3998.892842051556,5938509715,38.878448,-94.944273
Buteo jamaicensis,307.39848063612413,-4589.797078590407,4407.8364399263955,5938510292,43.777404,-86.168377
Buteo jamaicensis,-2475.967252654228,-4654.48626343139,3577.0234716856144,5938528503,34.156358,-118.010872
Buteo jamaicensis,-2370.2002778734945,-4761.1428027395505,3507.6235522597376,5938528564,33.40545,-116.465119
Buteo jamaicensis,-2459.059995693998,-4698.011966844969,3531.495522669728,5938566703,33.663004,-117.628714
Buteo jamaicensis,-2479.763572682795,-4305.005160931614,3988.4152639394333,5938580687,38.757511,-119.942748
Buteo jamaicensis,833.1752413870532,-5120.267232430375,3698.4369151462956,5938587533,35.48645,-80.757775
Buteo jamaicensis,-261.1508104689805,-5421.468499597804,3336.0504630082496,5938589475,31.576052,-92.757792
Buteo jamaicensis,-2584.653603707081,-4176.776652070084,4057.5677045791426,5938641264,39.559556,-121.749859
Buteo jamaicensis,1580.7998705748678,-4499.01739330112,4224.886672283876,5938667697,41.53998,-70.64028
Buteo jamaicensis,-652.9525227555968,-5316.816703274717,3448.893485813024,5938679752,32.775029,-97.001375
Buteo jamaicensis,-2015.4397309370363,-4923.014018389373,3505.9504838744665,5938683910,33.387428,-112.263772
Buteo jamaicensis,814.7893109476868,-5425.833895593689,3238.2399611315786,5938687260,30.549158,-81.459793
Buteo jamaicensis,-1285.4407459771423,-4707.703879517881,4095.719643851547,5938695789,40.006036,-105.272353
Buteo jamaicensis,-2710.3864036754894,-4255.808244266361,3889.942783702989,6129824795,37.630683,-122.49174
Buteo jamaicensis,848.7316617340621,-4529.956946344824,4398.738200928745,6129830970,43.664189,-79.388107
Buteo jamaicensis,-2619.7675429824285,-4382.457472786581,3810.5954455478864,6129843879,36.735008,-120.870351
Buteo jamaicensis,1483.9438592883942,-4433.552230259599,4327.9646918289245,6129850093,42.790663,-71.494212
Buteo jamaicensis,331.4219068993107,-4895.213888834513,4064.0858297858754,6129850571,39.635631,-86.1268
Buteo jamaicensis,-2472.1841348496973,-3675.1274922204198,4579.4646683865285,6129858774,45.955282,-123.927926
Buteo jamaicensis,-1944.7750313559627,-4945.86026019345,3513.697410667434,6129887024,33.470908,-111.465382
Buteo jamaicensis,-1668.2062902334824,-4691.09426000784,3974.9812007888017,6129890956,38.602748,-109.575963
Buteo jamaicensis,-1920.7987460746187,-5026.73453115125,3410.6048232076428,6129892076,32.366429,-110.912687
Buteo jamaicensis,-1135.7287653921753,-5638.3076360652985,2740.3212042068963,6129894638,25.475404,-101.388736
Buteo jamaicensis,-1039.5850370547857,-5602.221429168885,2850.2861503663394,6129908396,26.575955,-100.512603
Buteo jamaicensis,-2701.0994340687726,-3990.3931459866735,4167.80248061414,6129917534,40.857692,-124.094094
Buteo jamaicensis,-2697.094029105259,-4222.030121568401,3935.720846352203,6129933963,38.152358,-122.57103
Buteo jamaicensis,-2325.37919763151,-3692.610485819528,4641.873815272851,6129935532,46.768588,-122.200203
Buteo jamaicensis,-2664.0800548446327,-4277.717515865837,3897.8921798211727,6129946073,37.721008,-121.913855
Buteo jamaicensis,154.61791693463408,-4738.094549600582,4256.325465526044,6129959275,41.918832,-88.130934
Buteo jamaicensis,-2611.8237913543744,-4560.448268108534,3601.4498756054586,6129960274,34.422239,-119.800288
Buteo jamaicensis,-307.9718848914963,-5520.763985205744,3164.8177621229647,6129961298,29.785412,-93.192895
Buteo jamaicensis,-2735.3058503060784,-4210.008414215495,3922.203996121761,6129961971,37.997938,-123.012389
Buteo jamaicensis,-658.5966591613185,-5297.664235923662,3477.17661524898,6129965334,33.078062,-97.086556
Buteo jamaicensis,-2509.1605160178106,-4647.165692633421,3563.3857017933947,6129972128,34.008275,-118.366097
Buteo jamaicensis,-2473.215685109413,-4049.7727449640406,4251.152551809054,6129977235,41.856342,-121.412613
Buteo jamaicensis,-2448.135995736173,-4748.42266715412,3471.1475696252446,6129984576,33.013378,-117.274195
Buteo jamaicensis,-2724.297187881088,-4205.219417436705,3934.9825429084085,6129992284,38.143915,-122.936664
Buteo jamaicensis,947.9675509505198,-4915.860459420958,3940.2317946440494,6129999685,38.203965,-79.085143
Buteo jamaicensis,163.84130082652788,-4633.493508972275,4369.6277942329025,6130000652,43.303374,-87.974853
Buteo jamaicensis,-1892.8263172483112,-4584.671044439601,3998.468841530057,6130001883,38.87355,-112.433762
Buteo jamaicensis,1407.187536686703,-4484.96156512696,4300.546026448847,6130007209,42.455553,-72.580392
Buteo jamaicensis,1293.438370526373,-4661.6115054475795,4145.617985729784,6130009261,40.59443,-74.492478
Buteo jamaicensis,1030.1114927609729,-4460.194744977974,4431.172111194741,6130027218,44.06877,-76.99519
Buteo jamaicensis,-2573.300444576386,-4291.512951822283,3943.4495731481093,6130032765,38.2408,-120.947975
Buteo jamaicensis,-2430.338185453501,-4768.069138532016,3456.6929461817363,6130041128,32.858491,-117.008448
Buteo jamaicensis,782.1911008823466,-4551.2116939103735,4389.123184485868,6130047858,43.544775,-80.248167
Buteo jamaicensis,-2616.5934573393683,-4232.2061098754675,3978.897240721229,6130052833,38.647827,-121.726743
Buteo jamaicensis,-2693.6632391362764,-4316.97842012881,3833.7486620728614,6130055221,36.995269,-121.962909
Buteo jamaicensis,819.291308058786,-4568.5691766205955,4364.251431877977,6130057735,43.23697,-79.833095
Buteo jamaicensis,-2328.817317847198,-3687.3984740066135,4644.292790475867,6130060609,46.800358,-122.274912
Buteo jamaicensis,-1814.1542888870895,-4300.984532683165,4335.911599123095,6130062058,42.888129,-112.870006
Buteo jamaicensis,-614.0779184770236,-5090.729146920294,3781.155668894438,6130072583,36.405349,-96.878169
Buteo jamaicensis,-2665.5625849521302,-4280.585319259345,3893.7281055464223,6130083394,37.67368,-121.910928
Buteo jamaicensis,-772.4324255606805,-5239.522853389398,3541.257057378086,6130084820,33.768543,-98.386376
Buteo jamaicensis,-2704.9270868687745,-4195.340165926713,3958.8184445062734,6130097939,38.416991,-122.811721
Buteo jamaicensis,-2477.4633453081374,-4690.061549442975,3529.199790996341,6130102679,33.638202,-117.844665
Buteo jamaicensis,-768.0487865784569,-5601.016195007673,2937.4260457711216,6130125382,27.455617,-97.808083
Buteo jamaicensis,1526.5028110840542,-4459.041509021459,4286.780973907291,6130126408,42.287992,-71.101936
Buteo jamaicensis,-703.7951119010733,-5431.52305151486,3254.686299938029,6130129285,30.721055,-97.383022
Buteo jamaicensis,-2514.3386963059747,-4660.477900336147,3542.287367000901,6130138553,33.77969,-118.346965
Buteo jamaicensis,-2700.786111321799,-3990.5324879487544,4167.872115743744,6130140441,40.85852,-124.09008
Buteo jamaicensis,-2673.3828898509246,-4314.730777791841,3850.438334671205,6130142164,37.183428,-121.782122
Buteo jamaicensis,-2008.858775396778,-4948.834844186712,3473.222312946909,6130153281,33.035632,-112.093493
Canis latrans,-1465.9405599752022,-4952.461780599067,3730.133203520021,5938067475,35.837295,-106.48888
Canis latrans,-670.3107222579335,-5322.061256147818,3437.4555489655118,5938071160,32.652773,-97.178573
Canis latrans,843.1745216694129,-4532.691161038469,4396.98995840663,5938084248,43.642459,-79.462244
Canis latrans,-88.68199870207835,-4311.292092120943,4689.845320391608,5938160210,47.402183,-91.178391
Canis latrans,-678.3560859446035,-5306.643646273325,3459.641507700805,5938192405,32.890064,-97.284696
Canis latrans,191.5690986258361,-4725.535321789485,4268.766839808549,5938208745,42.069378,-87.67855
Canis latrans,49.835728870024305,-4654.996601888053,4349.5144747679715,5938212509,43.055322,-89.386623
Canis latrans,815.4255097902989,-4558.9566490047655,4375.014130280712,5938242438,43.369974,-79.859178
Canis latrans,1200.6245107494005,-4334.944331577993,4511.819096105807,5938281389,45.087003,-74.519172
Canis latrans,49.71422568774231,-4655.0852814052505,4349.420955516482,5938288224,43.054171,-89.38813
Canis latrans,138.4961684395319,-4702.974131182481,4295.649690376694,5938293788,42.395899,-88.313205
Canis latrans,-2687.9176243517763,-4353.2013308625865,3796.6419566970953,5938298752,36.578585,-121.693575
Canis latrans,-1571.2226285852926,-3563.505974654414,5042.066813292071,5938353612,52.317279,-113.793663
Canis latrans,868.4780159475604,-4503.747950040848,4421.736476543586,5938442700,43.950786,-79.085368
Canis latrans,-371.1082625723432,-5136.676700158368,3750.5445291554815,5938454540,36.06405,-94.132255
Canis latrans,-734.487009679028,-5425.0329316002,3258.7266920291936,5938478830,30.763332,-97.710307
Canis latrans,-2656.9813000761283,-4288.213478043129,3891.1988727707635,5938617139,37.644948,-121.782396
Canis latrans,-2701.9214383625135,-4253.709427411226,3898.1187485436285,5938618758,37.723584,-122.423379
Canis latrans,187.37668489444394,-4855.922727841724,4120.031258238897,5938657989,40.292075,-87.79021
Canis latrans,-2502.602170581391,-4632.153513247092,3587.4627991369307,5938679994,34.269887,-118.380913
Canis latrans,-2510.0119647036363,-4639.202971036262,3573.148312098218,5938705456,34.114254,-118.415329
Canis latrans,-2713.343820626864,-4280.805074747037,3860.340186144669,6129858379,37.295283,-122.368142
Canis latrans,-1537.525475430548,-5065.7186322552125,3544.610455452317,6129861537,33.804829,-106.883871
Canis latrans,59.96199552471609,-5208.089805515958,3669.0541378468215,6129920256,35.162576,-89.340369
Canis latrans,1021.9838616756131,-5058.921682296843,3735.319735784197,6129924306,35.894852,-78.579037
Canis latrans,-2315.817306823456,-4570.674658047655,3786.2483412179067,6129973647,36.462275,-116.869901
Canis latrans,-2440.4771951288303,-3741.595173320957,4542.498183677663,6129974346,45.479132,-123.114634
Canis latrans,-2279.1656881372655,-3640.9871464,4705.142877261561,6129980739,47.605834,-122.045523
Canis latrans,-2647.2448640618363,-4360.798103454641,3816.449614534702,6129998125,36.80073,-121.260059
Canis latrans,-2688.469171737962,-4284.599736465138,3873.5115516253345,6130006727,37.44433,-122.107147
Canis latrans,-495.18862899338376,-4778.032960516507,4185.085707558563,6130007439,41.063518,-95.91693
Canis latrans,-2361.1288084859084,-4773.099765350183,3497.476591691412,6130044644,33.296206,-116.32041
Canis latrans,1521.7711194401782,-4426.0771591333805,4322.476925457556,6130045189,42.723447,-71.026037
Canis latrans,-1462.5204281449455,-3477.3354478096066,5134.094400217328,6130064393,53.692682,-112.810966
Canis latrans,-480.59441719148936,-5540.521691467112,3108.2795115986946,6130084645,29.20125,-94.957526
Canis latrans,462.53462725372685,-4689.83638692467,4287.335945799681,6130097839,42.294739,-84.367425
Canis latrans,1511.9389351614427,-4457.937312510762,4293.08615144684,6130149145,42.364689,-71.265293
Canis latrans,-494.6074679157824,-4796.289845585003,4164.219050373979,6130164514,40.815097,-95.887697
Canis latrans,493.84187773244474,-5002.506847092259,3914.1791699244177,6130167074,37.906414,-84.362092
Canis latrans,-2481.6651452087954,-4651.164957031915,3577.3951108609103,6130179634,34.160397,-118.082497
Canis latrans,-250.104955193211,-4498.875272608602,4504.144971309884,6130188964,44.989336,-93.181956
Canis latrans,-2714.7400233515987,-4215.399623100565,3930.6927828124676,6130204617,38.094878,-122.781753
Canis latrans,49.456195768596075,-4655.043011459614,4349.469137244056,6130222614,43.054764,-89.3913
Canis latrans,-1598.0895345352487,-3793.5588736243726,4862.589232253958,6130247927,49.750396,-112.843937
Canis latrans,44.76512701479228,-4657.788330413058,4346.579929340852,6130250243,43.019215,-89.449358
Canis latrans,-1908.963362883113,-5036.893360062523,3402.251796708395,6130305754,32.277535,-110.756517
Canis latrans,1555.5970321022419,-4420.295413465734,4316.34793095806,6130371729,42.648463,-70.611933
Canis latrans,-2690.4614110517164,-4346.858717259534,3802.1033412446645,6130378149,36.639771,-121.755181
Canis latrans,-2440.4782399792152,-3741.594491811014,4542.498183677663,6130379515,45.479132,-123.11465
Canis latrans,-2690.517838242911,-4345.974871836464,3803.0736654895545,6130417339,36.650647,-121.760933
Canis latrans,-2635.0857184708198,-4542.040533022817,3607.7616581983843,6130549324,34.49108,-120.120361
Canis latrans,-2501.7229569916517,-4481.401425601248,3774.67569981283,6130610831,36.332976,-119.17225
Canis latrans,-1900.0408451355656,-3653.2761292568207,4861.396038166018,6130647476,49.733791,-117.478595
Canis latrans,-1867.351850837769,-3722.6197058208604,4821.291602950852,6130657938,49.178939,-116.639398
Canis latrans,-2694.5450767313228,-4281.938779713615,3872.2319462972646,6130681329,37.429837,-122.18145
Canis latrans,-1201.4350963827528,-5123.056143899209,3591.7408850463808,6130723655,34.316456,-103.198231
Canis latrans,-1914.750167597297,-5035.438725995095,3401.1530048076997,6130740543,32.265848,-110.819551
Canis latrans,1336.1395396762168,-4626.70839452878,4171.097420606258,6130741444,40.896882,-73.891898
Canis latrans,-2544.208142011448,-4556.655439636197,3654.2645312338773,6130769517,35.000044,-119.176803
Canis latrans,-2672.9214722324764,-4254.311905894671,3917.406557956277,6130770222,37.943209,-122.140541
Canis latrans,-349.3759955844731,-5355.047737203801,3433.8248755076656,6130788662,32.614001,-93.732822
Canis latrans,1088.5335076779231,-4840.054122690907,3997.3396180162854,6130792543,38.860507,-77.32501
Canis latrans,1502.8212269318863,-4385.798431049184,4369.903158168026,6130795626,43.306777,-71.085656
Canis latrans,-2515.8664018938284,-4610.357663715824,3606.212915250015,6130880831,34.474183,-118.621242
Canis latrans,-1986.2672109877553,-4929.903857503208,3512.910994034341,6130887723,33.46243,-111.944595
Canis latrans,-741.0949367853574,-5425.443482294422,3256.5463983762784,6130891587,30.740516,-97.778247
Canis latrans,-813.6748190042964,-5659.0512009756085,2811.1965287635576,6130992903,26.183552,-98.182077
Canis latrans,-2528.3593870599934,-4624.181293824514,3579.6786589562053,6131027581,34.185219,-118.668475
Canis latrans,687.5003375447161,-4721.907092599469,4221.455889194173,6131083849,41.498772,-81.716057
Canis latrans,-1944.9701673321188,-5020.672795836222,3405.8315952224657,6131150239,32.315621,-111.175986
Canis latrans,-2703.9953728637647,-4257.027504922367,3893.055223798299,6131204415,37.666035,-122.423056
Canis latrans,-1944.9605837217703,-5020.694102670926,3405.8056587027227,6131219473,32.315345,-111.175809
Canis latrans,-608.3516059527353,-5315.548202148071,3458.9895582167587,6131230406,32.883082,-96.528956
Canis latrans,1171.953570688352,-4774.235815827958,4052.5239459741397,6131258393,39.500746,-76.20805
Canis latrans,-2570.69213806082,-4588.542086067672,3595.354862232024,6131259586,34.355816,-119.259363
Canis latrans,-1971.3415997679372,-3812.5863505817542,4708.264090517813,6131332742,47.647483,-117.341744
Canis latrans,-2393.11423133445,-4766.056710250909,3485.3207657451326,6131382321,33.165514,-116.661968
Canis latrans,-2705.098486900604,-4250.553473001882,3899.357700826783,6131463544,37.737672,-122.473119
Canis latrans,48.74765553803364,-4656.114242840832,4348.33036387206,6131477259,43.04075,-89.400158
Canis latrans,-267.3682879165351,-4474.180494419753,4527.689944292545,6131515600,45.28952,-93.419817
Canis latrans,-1449.360016235852,-4952.774097629411,3736.192903326249,6131561624,35.904546,-106.311376
Canis latrans,-2383.0069240657513,-3876.8615740323903,4458.808749579109,6131564768,44.415704,-121.577971
Canis latrans,926.2816870025584,-5548.737781437315,2990.5291168706644,6131571770,27.995128,-80.522688
Canis latrans,-2283.7226788680696,-3614.7280780151664,4723.145644346559,6131620779,47.846519,-122.283989
Canis latrans,-2525.929848144808,-4421.331321433479,3829.0025957212238,6131633135,36.941847,-119.739555
Canis latrans,-1567.8417102488868,-4230.904945301851,4497.896046497921,6131649419,44.90993,-110.333138
Canis latrans,-2708.3158205451873,-4230.147283417889,3919.264281271975,6131683641,37.964397,-122.629058
Canis latrans,160.8858403049324,-4657.973181299944,4343.633814947721,6131686626,42.982987,-88.021797
Canis latrans,-2493.819811372336,-3844.1384621538373,4426.422411143543,6131689129,44.00935,-122.972809
Canis latrans,-14.839908201629482,-4960.483362742099,3997.891658707228,6133033550,38.866883,-90.171407
Canis latrans,-2357.8752981276475,-4770.348721149052,3503.419798823501,6133053164,33.360175,-116.302144
Canis latrans,-2673.4565697633075,-4312.593905728771,3852.7804120580126,6133060574,37.20987,-121.795538
Canis latrans,-736.9062412781389,-5427.612569215334,3253.8813930041274,6133090581,30.712635,-97.731764
Canis latrans,-2569.6826235350604,-4262.68778518807,3976.930624236213,6133119416,38.625185,-121.082898
Canis latrans,1290.1570420460253,-4785.111983692355,4003.4923804174146,6133127715,38.931603,-74.910774
Canis latrans,-2703.3797201777516,-4254.270276605573,3896.4953011391453,6133159374,37.705128,-122.433953
Canis latrans,-2584.4893854096663,-4134.036709260276,4101.208143080605,6133166619,40.070506,-122.012523
Canis latrans,717.6062230044137,-5594.314566302773,2962.8430555187,6133217192,27.713513,-82.690347
Canis latrans,-2397.9433807762066,-4765.639658314026,3482.570791724639,6133230541,33.135975,-116.710327
Canis latrans,-1270.809110048437,-4916.586636165704,3847.3332562402425,6133232567,37.148386,-104.492281
Cardinalis cardinalis,-907.5616246694532,-5285.423790824083,3439.5319999231824,5938027349,32.674955,-99.743258
Cardinalis cardinalis,879.9090379461479,-4509.868900284339,4413.229624307605,5938028370,43.844616,-78.95986
Cardinalis cardinalis,1269.3530871924413,-4269.153480258808,4555.526800679209,5938048311,45.646486,-73.441137
Cardinalis cardinalis,881.6814281959369,-4987.987637668128,3864.242528015255,5938069046,37.339411,-79.975887
Cardinalis cardinalis,-660.7248074539274,-5324.988353748297,3434.7772694801347,5938070887,32.62417,-97.073112
Cardinalis cardinalis,-844.5341672197912,-5477.616853636976,3142.0103078806032,5938120641,29.549356,-98.764798
Cardinalis cardinalis,307.41898549757093,-5240.856698067743,3609.5245902128927,5938120705,34.510318,-86.642982
Cardinalis cardinalis,1004.3136724274927,-4534.941730620615,4360.666311119017,5938131077,43.19273,-77.51275
Cardinalis cardinalis,1247.6737326747932,-4282.468419060988,4549.013918006415,5938133329,45.562765,-73.756807
Cardinalis cardinalis,-542.8821737758187,-5506.053280810694,3158.862033066288,5938133852,29.723717,-95.631011
Cardinalis cardinalis,195.89918894977438,-4764.170232520758,4225.406327562991,5938138259,41.546224,-87.645366
Cardinalis cardinalis,879.188426114841,-4509.196510834948,4414.060224751932,5938145355,43.854974,-78.967075
Cardinalis cardinalis,1133.4733621948699,-4778.209524388427,4058.7812219822617,5938162803,39.573713,-76.655122
Cardinalis cardinalis,1129.5341791885096,-4759.477938016944,4081.8225617060275,5938168686,39.843067,-76.649375
Cardinalis cardinalis,1770.3659123314624,-3913.732548487809,4705.130731981774,5938172732,47.605672,-65.660516
Cardinalis cardinalis,864.1973523698091,-4530.870190932423,4394.78456568174,5938172882,43.615058,-79.201371
Cardinalis cardinalis,1517.5641396088986,-4447.401778008892,4302.019251097546,5938173460,42.473513,-71.159082
Cardinalis cardinalis,743.927210561665,-5568.358788548193,3004.9468942165145,5938180551,28.142073,-82.390401
Cardinalis cardinalis,-831.9117050896397,-5656.5833648272455,2810.825622725814,5938186065,26.179835,-98.366493
Cardinalis cardinalis,-907.3238871582826,-5281.964372077935,3444.9047687227535,5938192978,32.732376,-99.747012
Cardinalis cardinalis,-715.4101566979633,-5462.11478616686,3200.5067567665255,5938195878,30.155914,-97.46194
Cardinalis cardinalis,-1120.1758305865621,-5376.06950149201,3229.990085646487,5938198273,30.463045,-101.769937
Cardinalis cardinalis,728.0573801697394,-5493.236608066484,3143.8888575546107,5938208960,29.568778,-82.450188
Cardinalis cardinalis,696.2372859014853,-5186.323329968014,3634.1514949747843,5938210793,34.779526,-82.354048
Cardinalis cardinalis,-253.4548858284993,-4502.664836219147,4500.16923272922,5938221715,44.938803,-93.221778
Cardinalis cardinalis,-220.0675244810092,-4477.424747251566,4527.028942589774,5938227742,45.281071,-92.81385
Cardinalis cardinalis,-744.6594894634632,-5442.48781396081,3227.160016069476,5938230910,30.433522,-97.791024
Cardinalis cardinalis,1088.5221579856798,-4840.055745613486,3997.3407436201287,5938231835,38.86052,-77.325142
Cardinalis cardinalis,-223.87927201870068,-4469.070318925719,4535.090041634784,5938244306,45.384195,-92.86785
Cardinalis cardinalis,1125.803494986933,-4816.803724255171,4015.0618304521986,5938256328,39.065483,-76.844742
Cardinalis cardinalis,-833.6864288428557,-5656.664039880883,2810.137364606784,5938271692,26.172938,-98.38397
Cardinalis cardinalis,1028.876938576792,-5052.395556546106,3742.2539351486357,5938312480,35.971869,-78.489596
Cardinalis cardinalis,-537.1767161438713,-5504.815455164087,3161.9932178764907,5938320081,29.756148,-95.573451
Cardinalis cardinalis,1269.3911624220218,-4269.204619477894,4555.468266102937,5938322287,45.645733,-73.440855
Cardinalis cardinalis,376.7503192796739,-4984.580839139695,3949.9071108928006,5938327269,38.314778,-85.677623
Cardinalis cardinalis,1252.561286040776,-4273.870773700053,4555.7515257201885,5938363114,45.649377,-73.6655
Cardinalis cardinalis,864.9443624153612,-4995.8465520654345,3857.867494849873,5938374966,37.267335,-80.177597
Cardinalis cardinalis,803.2025015831989,-4865.955157183975,4033.24922108746,5938377260,39.27646,-80.626948
Cardinalis cardinalis,1242.541647852951,-4710.706671708707,4105.494615286613,5938387707,40.120899,-75.223659
Cardinalis cardinalis,6.190862990042503,-5499.467759781517,3216.4528850919824,5938436738,30.321907,-89.935501
Cardinalis cardinalis,1516.7352236947936,-4447.619090501421,4302.0869141253115,5938450585,42.474338,-71.169503
Cardinalis cardinalis,-755.3534605254534,-5446.364734970625,3218.1214167613384,5938456074,30.339292,-97.895953
Cardinalis cardinalis,1422.8453537322107,-4596.000420796003,4176.367364239293,5938459352,40.959611,-72.798344
Cardinalis cardinalis,-257.3249528514074,-4525.128332517359,4477.3597769853295,5938467634,44.649741,-93.254664
Cardinalis cardinalis,1516.908775711928,-4447.7537064177595,4301.886546957353,5938477603,42.471895,-71.16803
Cardinalis cardinalis,182.133534843836,-4730.413838914435,4263.773612396598,5938485268,42.008915,-87.795049
Cardinalis cardinalis,847.7522424533308,-4478.265211904636,4451.540178066182,5938487744,44.32426,-79.280542
Cardinalis cardinalis,848.2960744591626,-4520.994677971654,4408.032897051315,5938494199,43.779851,-79.372882
Cardinalis cardinalis,-763.9848906056415,-5573.170925246625,2990.960724347512,5938509322,27.999524,-97.805605
Cardinalis cardinalis,-2.888774351155348,-4983.727070853666,3968.9052984293444,5938511304,38.532862,-90.033211
Cardinalis cardinalis,1521.2917755764247,-4454.156056355526,4293.706823814635,5938525312,42.372244,-71.142689
Cardinalis cardinalis,702.1281692530227,-4742.760307259123,4195.592190800505,5938545314,41.188955,-81.578977
Cardinalis cardinalis,1537.1790314687653,-4458.844143779902,4283.16969735847,5938589382,42.244106,-70.978453
Cardinalis cardinalis,-693.5836535604255,-5243.077621340776,3552.2995230958163,5938619400,33.888088,-97.535653
Cardinalis cardinalis,-471.10826154377037,-4881.427267532461,4066.8757009986443,5938623924,39.668218,-95.512563
Cardinalis cardinalis,-686.3218045124001,-5315.651432484388,3444.207508071335,5938625303,32.724922,-97.356952
Cardinalis cardinalis,809.3977783400154,-5442.9132367137945,3210.8135828324644,5938647002,30.263172,-81.541717
Cardinalis cardinalis,919.983761148053,-4752.198268349804,4142.462386937803,5938673447,40.557067,-79.043573
Cardinalis cardinalis,209.9351068779896,-5226.784479572781,3636.812393384439,5938673553,34.808666,-87.699937
Cardinalis cardinalis,1117.4062251677938,-4820.120750722226,4013.4265168420243,5938682957,39.046544,-76.94817
Cardinalis cardinalis,1101.0212921807022,-4735.658182893206,4117.164900588607,5938684662,40.258288,-76.911488
Cardinalis cardinalis,617.7751400839522,-4788.38114664712,4156.863360805368,5938713274,40.727748,-82.648568
Cardinalis cardinalis,1516.6822964816754,-4447.750264199519,4301.969959045462,5938715465,42.472912,-71.17063
Cardinalis cardinalis,1529.0350731286123,-4457.781869966029,4287.18855132617,6129830924,42.292947,-71.067849
Cardinalis cardinalis,1050.989910161547,-5024.4125735818325,3773.6522930509695,6129848805,36.321552,-78.185409
Cardinalis cardinalis,-737.5733262684702,-5453.880839986244,3209.505024343418,6129851646,30.249548,-97.701854
Cardinalis cardinalis,-15.979757868458313,-5384.660599578205,3405.132597178264,6129851952,32.308183,-90.170033
Cardinalis cardinalis,810.4546616214421,-4572.316867091479,4361.976024469216,6129860471,43.208888,-79.948578
Cardinalis cardinalis,1211.2524960982225,-4685.844169950252,4143.125020478684,6129885116,40.564911,-75.506753
Cardinalis cardinalis,-789.7165184267674,-5596.2165124607845,2940.8267027933816,6129889663,27.490087,-98.032322
Cardinalis cardinalis,-777.1073268248819,-5441.800309355051,3220.662466849918,6129892323,30.365774,-98.127082
Cardinalis cardinalis,-1543.1446862505654,-5188.858272658149,3359.19743885964,6129892825,31.820715,-106.562257
Cardinalis cardinalis,1417.4819805768143,-4487.80324823217,4294.196079544372,6129895665,42.3782,-72.47117
Cardinalis cardinalis,980.6548084957936,-5066.560397348669,3736.0453712809235,6129895893,35.902908,-79.045608
Cardinalis cardinalis,-842.7004890590794,-5482.192562992455,3134.513314326043,6129896059,29.471883,-98.738875
Cardinalis cardinalis,145.88093987739651,-4687.944551428565,4311.803307641612,6129919782,42.592921,-88.217627
Cardinalis cardinalis,1119.1906489366138,-4823.632641117048,4008.70721861306,6129928745,38.991917,-76.937233
Cardinalis cardinalis,-672.2470554814656,-5454.729361579971,3222.384927036387,6129928967,30.383729,-97.02577
Cardinalis cardinalis,1105.6389372466817,-4835.7826727128295,3997.8146045573235,6129936941,38.865993,-77.121427
Cardinalis cardinalis,1002.7971893485624,-5072.3966029235,3722.22294192089,6129952707,35.749592,-78.817005
Cardinalis cardinalis,1080.983168560192,-4805.800149402771,4040.4843079719176,6129966990,39.360565,-77.323269
Cardinalis cardinalis,1242.6756522288813,-4278.3597458209415,4554.2450788658625,6129969787,45.63,-73.803739
Cardinalis cardinalis,135.08680955791112,-4689.1276106436535,4310.868466406769,6129983327,42.581502,-88.34985
Cardinalis cardinalis,298.6428412955312,-5195.120189112542,3675.770912842044,6130000681,35.236498,-86.709958
Cardinalis cardinalis,1098.6114491507249,-4345.347336009933,4527.776777062199,6130002735,45.29063,-75.811531
Cardinalis cardinalis,819.8252191938517,-5548.173552380051,3022.4840731295362,6130002958,28.321083,-81.59452
Cardinalis cardinalis,1537.0779120213106,-4498.453738826692,4241.586799971186,6130014543,41.740946,-71.135201
Cardinalis cardinalis,-635.5159522649707,-5513.147695215143,3129.069365616258,6130014829,29.415663,-96.575622
Cardinalis cardinalis,-400.49909960703854,-4937.449220584553,4006.363537553772,6130031141,38.964804,-94.63737
Cardinalis cardinalis,497.78717951894646,-5266.095199291288,3551.084680148483,6130031443,33.874928,-84.600058
Cardinalis cardinalis,-818.0934985924771,-5468.381126148264,3165.009323275934,6130044722,29.787397,-98.508593
Cardinalis cardinalis,868.5057842489447,-4567.707750615349,4355.628167942257,6130047866,43.130614,-79.234269
Cardinalis cardinalis,-679.4844942288439,-5314.066196032229,3448.0073108924184,6130050246,32.765551,-97.286601
Cardinalis cardinalis,1508.7410676920308,-4448.610791240843,4303.872157533547,6130059645,42.496109,-71.265694
Cardinalis cardinalis,192.98686981393638,-4729.3711471518645,4264.452807834121,6130059763,42.017136,-87.663283
Cardinalis cardinalis,-137.88385409564404,-4959.540904193646,3996.71054644782,6130064155,38.853242,-91.592512
Cardinalis cardinalis,621.1671453680043,-4841.5044878085655,4094.354503669939,6130066240,39.99001,-82.688868
Cardinalis cardinalis,-648.4311981522836,-5299.658138115278,3476.048579932209,6130070545,33.065956,-96.975662
Cardinalis cardinalis,145.85060101493855,-4692.251336800056,4307.117147717147,6130075400,42.535701,-88.219632
Cardinalis cardinalis,809.3690268645715,-5442.9190418704275,3210.8109897149097,6130084432,30.263145,-81.542022
Castor canadensis,892.0046801323,-4808.7242909696815,4082.9219284401756,5938133353,39.855945,-79.491242
Castor canadensis,-2387.3938563997635,-3768.661249798718,4548.328933615912,5938293899,45.553967,-122.353683
Castor canadensis,-148.98626992908214,-5054.888219590267,3875.0046849646,5938331291,37.461245,-91.68823
Castor canadensis,1495.1506309247968,-4449.8333921310805,4307.349591430654,5938394322,42.538538,-71.427575
Castor canadensis,554.4715651039364,-5005.014308683977,3902.8382214789885,5938401140,37.777263,-83.678367
Castor canadensis,1504.3351581581237,-4451.7126308842335,4302.2068190212085,5938417965,42.4758,-71.328717
Castor canadensis,192.0044353556043,-4726.600267082866,4267.568082842194,5938474508,42.054857,-87.673804
Castor canadensis,-2325.830553048382,-3527.23645179151,4768.528953601659,5938658640,48.458289,-123.400528
Castor canadensis,-2230.409062642802,-3521.097228905719,4818.392143397085,5938681216,49.139066,-122.351866
Castor canadensis,-525.6246803597351,-5296.143006361409,3502.0481266315155,6129824518,33.345407,-95.667856
Castor canadensis,-2284.5494631179095,-3621.8870332025535,4717.257805013874,6129829519,47.76768,-122.24218
Castor canadensis,-2593.0653139389433,-4253.09639590973,3972.0191910946037,6129848411,38.56867,-121.370195
Castor canadensis,-2487.162761466361,-3843.066784798432,4431.096051230609,6130176257,44.067818,-122.910208
Castor canadensis,-2256.8614188300257,-3521.349129410349,4805.874527562589,6130188759,48.967292,-122.656142
Castor canadensis,1119.8195860489204,-4829.114039187922,4001.9263887403995,6130263332,38.913501,-76.944471
Castor canadensis,-2276.0846559580955,-3616.8976107427907,4725.171260599201,6130292604,47.87367,-122.181878
Castor canadensis,-2279.119045024286,-3635.417344311505,4709.47027179959,6130302848,47.663587,-122.084458
Castor canadensis,1171.0112265235655,-4853.977192740835,3956.9421589637886,6130360961,38.395458,-76.436687
Castor canadensis,-2307.1099509319715,-3609.842182411507,4715.510176223845,6130508754,47.744302,-122.58332
Castor canadensis,1257.6145547400456,-4850.999771324208,3933.9496666830787,6130573266,38.132105,-75.466121
Castor canadensis,1138.8617289359388,-4888.011783740465,3924.29457279354,6130575722,38.0218,-76.884592
Castor canadensis,1415.5947783075435,-4535.510524322038,4244.406770924517,6130621807,41.774943,-72.666144
Castor canadensis,-685.7058702710198,-5135.559432212536,3707.5045390890828,6130673417,35.586662,-97.605217
Castor canadensis,-2280.8179602118425,-3485.800008819933,4820.45857367984,6130910216,49.16748,-123.197403
Castor canadensis,484.58366805411066,-4685.014302411725,4290.171649774661,6130920330,42.329225,-84.094742
Castor canadensis,201.33527774734688,-4753.454060800817,4237.203290788401,6131063336,41.688135,-87.574654
Castor canadensis,-2277.5682623565904,-3557.292463427295,4769.497486069868,6131148714,48.471425,-122.629538
Castor canadensis,1217.4424491885518,-4740.560451574609,4078.562690159116,6131344889,39.804895,-75.5969
Castor canadensis,-2344.702936835124,-3650.95421687009,4665.046042001374,6131385496,47.0737,-122.709245
Castor canadensis,1141.7776634093311,-4834.158752000441,3989.612269065065,6131424525,38.771317,-76.710878
Castor canadensis,1504.5241335449607,-4454.944319127304,4298.794176828379,6131466197,42.434203,-71.339142
Castor canadensis,-686.6004078219614,-5137.446308341861,3704.7238005768713,6131572192,35.555917,-97.612258
Castor canadensis,328.3905739738694,-4873.007512421345,4090.930278614837,6131592050,39.949828,-86.144683
Castor canadensis,-2593.7224348317495,-4252.755937692246,3971.9546819105626,6131648742,38.567928,-121.378687
Castor canadensis,190.2718729804382,-4742.603255519271,4249.854598073676,6133024531,41.840672,-87.702542
Castor canadensis,391.3893918432173,-5490.070465495979,3208.690349273173,6133105994,30.241067,-85.922259
Castor canadensis,-2575.566936649711,-4241.032234334498,3996.229932304945,6133108575,38.847692,-121.270192
Castor canadensis,842.299491691154,-4534.333049239043,4395.464536832576,6133185670,43.623505,-79.476662
Castor canadensis,-1681.7629184120265,-4281.169045156962,4408.289716286979,6133258370,43.78305,-111.446288
Castor canadensis,300.80129765152617,-5129.748062612428,3766.292145218243,6133317428,36.239442,-86.644098
Castor canadensis,-2278.906058183936,-3501.479684333892,4809.987560051171,6133364564,49.023668,-123.057723
Castor canadensis,-2056.335927070846,-3631.3689041567786,4813.979182198269,6133391808,49.078441,-119.521584
Castor canadensis,-1566.0014561557855,-5143.537631948946,3417.8082447264965,6133476476,32.443159,-106.933395
Castor canadensis,-2325.1020284879623,-3623.9798795400834,4695.787848645555,6133570777,47.4812,-122.683744
Castor canadensis,1099.2159349827136,-4570.482270830987,4300.252233297152,6147178009,42.451972,-76.477005
Castor canadensis,-2251.7968159052743,-3621.8096835986985,4733.0390707606675,6147272412,47.979264,-121.87056
Castor canadensis,-255.6192018854597,-4499.123397432732,4503.587526403613,6147316588,44.982248,-93.251783
Castor canadensis,-2389.4475936407343,-3637.427625103752,4652.8930354193635,6147442413,46.913463,-123.301147
Castor canadensis,-2294.722395445109,-3668.87321074501,4675.828442211893,6147462329,47.21627,-122.024208
Castor canadensis,126.647298551162,-4759.284257786471,4233.54779647437,6147554503,41.644128,-88.475686
Castor canadensis,-732.4390887985381,-5424.880409859862,3259.441462827043,6159135457,30.770813,-97.68928
Castor canadensis,-730.7872830438369,-5432.896721153974,3246.434396979745,6159147487,30.634768,-97.66096
Castor canadensis,660.1967515411194,-4908.557017935379,4007.488163502088,6159155684,38.977813,-82.339737
Castor canadensis,-730.3987200796985,-5423.501813615391,3262.192348267333,6159175376,30.79961,-97.670041
Castor canadensis,-1274.4073941520287,-4708.15796347643,4098.644594785153,6159184294,40.040386,-105.145919
Castor canadensis,1507.3233043470054,-4463.693537571813,4288.725870056221,6159244917,42.31164,-71.340935
Castor canadensis,1077.3697833926212,-4392.008574689213,4487.681824658071,6159256767,44.780372,-76.217361
Castor canadensis,160.42176457136924,-4758.817480592355,4232.92737635999,6159323620,41.636662,-88.069266
Castor canadensis,-2278.600490848747,-3614.9530759299028,4725.4467716403515,6159423928,47.877364,-122.224315
Castor canadensis,-2269.360436722143,-3624.3182943174324,4722.718839756787,6159427408,47.8408,-122.052667
Castor canadensis,806.4688798742471,-5381.991770653273,3312.6312285088798,6159428777,31.329163,-81.477875
Castor canadensis,1060.9011632007337,-4855.792836934617,3985.6640320492675,6159436753,38.725789,-77.675592
Castor canadensis,838.3302130477263,-5120.886134818109,3696.4145841337163,6159456979,35.464117,-80.702692
Castor canadensis,702.0310693367124,-4742.988976512441,4195.349934873713,6159499903,41.18606,-81.580525
Castor canadensis,-658.9828667902807,-5291.945305413475,3485.801141124747,6159519962,33.170675,-97.098254
Castor canadensis,-2443.3349153539198,-4263.865307635029,4054.5431628527926,6159553007,39.524284,-119.814126
Castor canadensis,-740.8486174065055,-5428.545094111885,3251.4296266347333,6159584988,30.686992,-97.771305
Castor canadensis,-166.26904724729064,-5184.179842402854,3699.5117374092542,6159617882,35.498322,-91.836983
Castor canadensis,-633.0370571177053,-5296.000064436083,3484.4512525627597,6162769598,33.156173,-96.816291
Castor canadensis,853.7917283706175,-4531.974969810742,4395.679206590521,6162821167,43.626172,-79.330933
Castor canadensis,-250.24997475961933,-4506.547559734072,4496.460515968658,6162821663,44.891704,-93.178388
Castor canadensis,-6.421866780918644,-4560.838177627039,4448.422979754078,6162828842,44.285087,-90.080675
Castor canadensis,721.8882192541855,-4743.999867138662,4190.83473656118,6162846147,41.132126,-81.347751
Castor canadensis,853.7684143360873,-4531.973819073352,4395.68492132832,6162902830,43.626243,-79.331215
Castor canadensis,-668.7634580826535,-5290.04102483689,3486.828719962228,6162909103,33.181716,-97.205073
Castor canadensis,-379.94823839633136,-4337.648807951668,4650.827376359226,6162927967,46.886275,-95.00594
Castor canadensis,-2580.2027481423524,-3835.5361682997586,4384.172579839951,6162933784,43.483383,-123.929108
Castor canadensis,815.3771194848958,-5158.370752052353,3649.126534811966,6162951488,34.943655,-81.017647
Castor canadensis,1330.9989777690953,-4521.5371658183085,4286.478334131504,6163144710,42.284313,-73.597222
Castor canadensis,-393.9846123133903,-4330.151772891817,4656.64201744772,6163237835,46.962842,-95.198818
Castor canadensis,1220.567751939949,-4954.9613523801845,3814.226722288599,6163259746,36.775768,-76.161701
Castor canadensis,-2403.0491863411735,-3725.5281884601573,4575.537941563947,6163266031,45.90451,-122.822923
Castor canadensis,368.9112486965689,-5411.886537682919,3341.4280964146083,6163308545,31.632836,-86.10036
Castor canadensis,742.5322128870587,-5173.194372487946,3643.6875589108276,6163342550,34.884005,-81.831864
Castor canadensis,823.3256789999986,-4565.763783130938,4366.427490824335,6163347124,43.263838,-79.777938
Castor canadensis,-316.5410269586828,-5142.708821310148,3747.2791312028203,6170929130,36.02773,-93.522193
Castor canadensis,1104.0314479965587,-4830.315941447423,4004.8614953966826,6171022197,38.947433,-77.125458
Castor canadensis,-2397.213249379611,-3762.1114616265813,4548.586496591462,6171045847,45.557275,-122.505242
Castor canadensis,608.6799047476056,-5247.669375504809,3561.071191175887,6171055677,33.983169,-83.383798
Castor canadensis,1150.9110661236691,-4660.919770327098,4188.195762154092,6171056949,41.100624,-76.129541
Castor canadensis,-786.6882415550874,-5232.618443285141,3548.3205840606593,6171190197,33.844993,-98.549992
Castor canadensis,-2423.320719048659,-3745.930958231162,4548.106317850573,6171269964,45.551108,-122.899669
Castor canadensis,-317.36331108007823,-4472.417735117631,4526.202962866668,6171278945,45.270515,-94.058912
Castor canadensis,902.8811805099424,-4864.074531894008,4014.391317714118,6171342544,39.057717,-79.484305
Castor canadensis,-2243.2896708792077,-3524.544211340853,4809.88489306218,6171376683,49.02226,-122.475796
Castor canadensis,1063.5483956003325,-4993.843136682778,3810.531283968117,6178373054,36.734288,-77.977232
Castor canadensis,842.3964735214788,-4534.423646356173,4395.352489441774,6178838726,43.622113,-79.475683
Castor canadensis,-2151.0704530956286,-3840.033518332388,4606.1688650743345,6179470721,46.301807,-119.256228
Castor canadensis,-503.8121458150803,-4068.288626573108,4876.98206909791,6498978898,49.951143,-97.059501
Castor canadensis,-2408.7204836952446,-3734.9090227718775,4564.895765811264,6499493909,45.767141,-122.818811
Cathartes aura,1081.3355268282291,-4774.887933788533,4076.8752529182475,5938036420,39.785144,-77.239856
Cathartes aura,901.2176541760724,-5540.6499543247155,3013.0977337484996,5938054016,28.225235,-80.761429
Cathartes aura,-671.9461218388005,-5313.8316185478925,3449.845658684445,5938054546,32.785214,-97.206931
Cathartes aura,1013.9661074455635,-5071.7414191246735,3720.0893591638855,5938118822,35.725953,-78.694219
Cathartes aura,1179.961751967017,-4810.814071901296,4006.6833365227194,5938146098,38.968503,-76.218956
Cathartes aura,988.2301452379661,-5070.435443303993,3728.7851540424017,5938185534,35.822342,-78.971286
Cathartes aura,-2406.1599900043807,-4799.186128103866,3430.445997242192,5938269976,32.577933,-116.627737
Cathartes aura,-261.7518491353144,-5421.435550398319,3336.0569047947843,5938271932,31.57612,-92.764146
Cathartes aura,-624.2154290716869,-5334.386075901351,3427.0152350137087,5938401048,32.541326,-96.674244
Cathartes aura,696.4709849244504,-5186.49699068143,3633.858866616625,5938417397,34.776322,-82.351765
Cathartes aura,793.816703047572,-5565.75651670616,2996.99225364081,5938437857,28.060975,-81.882926
Cathartes aura,1244.872473698126,-4736.968892112707,4074.4535055713495,5938453355,39.756808,-75.27565
Cathartes aura,-833.6864288428557,-5656.664039880883,2810.137364606784,5938457571,26.172938,-98.38397
Cathartes aura,-732.8760969279858,-5456.115169647218,3206.782345556766,5938485669,30.221207,-97.650291
Cathartes aura,12.818179748829573,-5426.367143106975,3338.282260707504,5938537239,31.599614,-89.864656
Cathartes aura,-2700.258556997651,-4271.521349604893,3879.7502773900273,5938694378,37.515031,-122.299184
Cathartes aura,-2725.471268614055,-4188.830383430549,3951.614798090246,6129831301,38.334354,-123.050125
Cathartes aura,840.5477525057942,-5578.168566106264,2960.957286679239,6129833673,27.694358,-81.43084
Cathartes aura,980.1797627994835,-5065.93301463503,3737.0206653839377,6129846021,35.913737,-79.049463
Cathartes aura,952.3102426042554,-5660.47337916348,2764.3985702662394,6129851445,25.715498,-80.450068
Cathartes aura,1166.0918113438747,-4934.008655992922,3858.178533943331,6129882979,37.27085,-76.702842
Cathartes aura,-2434.945014637874,-4770.64987772885,3449.8834254932876,6129901661,32.785618,-117.039817
Cathartes aura,4.169616591794033,-5502.61164484826,3211.074715722953,6129917240,30.265891,-89.956584
Cathartes aura,973.5316009682186,-5076.575767292226,3724.2942728166686,6129933203,35.772548,-79.144221
Cathartes aura,-2648.4826604599252,-4223.948490967854,3966.554156011353,6129933758,38.505837,-122.088364
Cathartes aura,-1345.2821175719528,-5588.922006604078,2746.619733038268,6129949879,25.538165,-103.533927
Cathartes aura,-2535.2049087301707,-4626.622453108869,3571.6738200480677,6129989291,34.098239,-118.720987
Cathartes aura,584.0160885743082,-5316.567056446721,3461.6171180922447,6130026020,32.911225,-83.731287
Cathartes aura,298.8000282729159,-5194.974465472675,3675.964087945969,6130036675,35.238625,-86.708138
Cathartes aura,-2573.327383526055,-4291.502175270762,3943.4437217384884,6130043913,38.240733,-120.948303
Cathartes aura,978.5475466645977,-5649.490228981607,2777.6713234714202,6130049855,25.848058,-80.173303
Cathartes aura,-495.1605048098649,-5519.089013588463,3143.9188386854084,6130067740,29.569088,-95.126725
Cathartes aura,717.6655122767329,-5594.3427249947235,2962.7755260000076,6130068392,27.712827,-82.689786
Cathartes aura,-430.92509795638466,-5352.872998029702,3427.945063240253,6130079254,32.551246,-94.602586
Cathartes aura,-2704.9270868687745,-4195.340165926713,3958.8184445062734,6130104786,38.416991,-122.811721
Cathartes aura,-2672.747356996499,-4312.831587368852,3853.0064098492153,6130114829,37.212422,-121.787317
Cathartes aura,-2303.708025950266,-4794.063755518545,3507.083570272198,6130124351,33.399633,-115.665842
Cathartes aura,810.3303722234574,-4567.824074463771,4366.703681528988,6130140446,43.267249,-79.940405
Cathartes aura,-511.11028594439625,-5340.871515182851,3435.6383487770822,6130163582,32.633365,-95.46644
Cathartes aura,-2493.841386001559,-4675.047628495618,3537.5751500767824,6130188840,33.72872,-118.077092
Cathartes aura,976.8847153163288,-5637.212821354493,2803.084192352289,6130200689,26.102282,-80.168727
Cathartes aura,975.6431131830839,-5603.47279821056,2870.3599504400454,6130202823,26.777989,-80.123017
Cathartes aura,-2644.780123106853,-4373.6472999434045,3803.4327292321204,6130213043,36.654672,-121.161695
Cathartes aura,653.3511455810619,-5197.855222084417,3625.629117890453,6130239959,34.686265,-82.835706
Cathartes aura,794.660172130673,-5206.397207370591,3584.9262837038086,6130250155,34.242288,-81.321836
Cathartes aura,-2660.3590882095577,-4282.188162132071,3895.523994991457,6130273117,37.694088,-121.851097
Cathartes aura,-2715.391718887353,-4263.080750865606,3878.4717936675206,6130288159,37.500537,-122.495313
Cathartes aura,-192.71685129396587,-5210.257361213188,3661.397489324063,6130300345,35.078392,-92.118289
Cathartes aura,-2713.8108638651443,-4270.55109217397,3871.3533930625185,6130303702,37.419888,-122.43477
Cathartes aura,-2672.963354379032,-4312.736647049901,3852.9628403369015,6130382748,37.21193,-121.789955
Cathartes aura,876.3695931463367,-5525.51175224316,3048.0238420505634,6130385810,28.58232,-80.987715
Cathartes aura,-1043.1274315522303,-5648.182542081539,2756.750308342416,6130386887,25.639179,-100.463696
Cathartes aura,727.989024959426,-5573.92087370811,2998.5315077312553,6130389611,28.076663,-82.558931
Cathartes aura,583.2392450220464,-5315.838476286679,3462.8667902149614,6130390371,32.924613,-83.738708
Cathartes aura,942.4339142117784,-5676.577017269861,2734.601399477538,6130392823,25.418438,-80.573647
Cathartes aura,-2724.741559575532,-4214.528968334657,3924.7015349281464,6130404552,38.026446,-122.883134
Cathartes aura,-2662.327206156575,-4308.591479772733,3864.9458518154897,6130405230,37.347367,-121.712386
Cathartes aura,-2500.99923792898,-4629.663048949358,3591.7928663480902,6130475450,34.317022,-118.378447
Cathartes aura,1270.1705977721717,-4696.7873207057355,4112.980506432089,6130483353,40.208995,-74.867255
Cathartes aura,758.6697152362957,-5589.473885941034,2961.748650922957,6130509008,27.702396,-82.270374
Cathartes aura,908.0726317761641,-5514.361801245593,3058.916662817085,6130521613,28.693936,-80.648793
Cathartes aura,535.4923494167659,-5195.024050749491,3648.934938516704,6130537768,34.941553,-84.114854
Cathartes aura,-625.4264225938816,-5261.424765349004,3537.7965399625555,6130540021,33.731114,-96.778949
Cathartes aura,996.1424527232589,-5655.86018108727,2758.3870206248084,6130542421,25.655507,-80.011184
Cathartes aura,1320.7843480467002,-4656.286987714313,4142.9787983617125,6130573586,40.56318,-74.163687
Cathartes aura,-2648.833160093832,-4504.810053491649,3644.1902257738025,6130581953,34.889516,-120.455574
Cathartes aura,-2710.851957076263,-4253.099801333405,3892.5797199788967,6130616193,37.660633,-122.512729
Cathartes aura,815.0226110145534,-5336.756411613722,3382.975358513905,6130625992,32.072724,-81.316952
Cathartes aura,-2652.867849672804,-4243.269404068304,3942.9316588482293,6130642586,38.23487,-122.013388
Cathartes aura,-2475.05051588995,-4654.924171517464,3577.0880658564706,6130651980,34.15706,-117.999841
Cathartes aura,-745.0219579175837,-5430.031582129666,3247.9920611005946,6130703464,30.65105,-97.81243
Cathartes aura,-2666.5635239818184,-4301.809265363517,3869.57738605648,6130717477,37.39978,-121.793542
Cathartes aura,-663.4949129674159,-5572.777730461236,3015.572250339744,6130761740,28.250495,-96.789674
Cathartes aura,-643.9338716901411,-5290.192941811887,3491.26924441116,6130774066,33.229444,-96.940027
Cathartes aura,-2681.299895759755,-4247.016256394105,3919.5965247204167,6130774339,37.968187,-122.265747
Cathartes aura,980.5809051879866,-5066.276209775997,3736.4501313835162,6130782455,35.907402,-79.045814
Cathartes aura,-2475.09399986478,-4654.881888406497,3577.113001639167,6130803461,34.157331,-118.000474
Cathartes aura,1270.559361765416,-4646.617631890064,4169.457593130798,6130804718,40.877375,-74.707014
Cathartes aura,1157.863141174339,-4838.489025972929,3979.7148166077004,6130865065,38.657242,-76.542053
Cathartes aura,-173.7264010055473,-5064.788596480725,3861.0217223203886,6130877532,37.302988,-91.964522
Cathartes aura,-2677.3382027521707,-4312.999684769367,3849.6294622912164,6130897324,37.174298,-121.830361
Cathartes aura,-683.3597968976169,-5576.831485253473,3003.6183350663937,6130915089,28.128524,-96.985941
Cathartes aura,1123.2964753782453,-4806.46076906521,4028.1376631785215,6130982688,39.217101,-76.845755
Cathartes aura,-2573.343287837827,-4291.487261621015,3943.4495731481093,6130990458,38.2408,-120.948547
Cathartes aura,-2684.5242255062913,-4252.744580457827,3911.169434546892,6131008552,37.872117,-122.261969
Cathartes aura,-2672.5570607162877,-4312.8286264426215,3853.141721482614,6131015878,37.21395,-121.785508
Cathartes aura,838.6417416421659,-5141.223811765033,3668.0036636013674,6131049689,35.151021,-80.73545
Cathartes aura,-2688.2162831659352,-4285.366170416305,3872.839156232861,6131057124,37.436714,-122.100107
Cathartes aura,65.7613780438673,-5145.993561806816,3755.5530661512444,6131078426,36.119791,-89.267849
Cathartes aura,-2637.1405963707575,-4271.352246328576,3923.110066316587,6131090777,38.008279,-121.691257
Cathartes aura,-2533.932806850935,-4627.007118337031,3572.078216794871,6131122474,34.102631,-118.706863
Cathartes aura,898.2205223509758,-5517.9468699366,3055.3584672607326,6131142590,28.657463,-80.754392
Cathartes aura,-2461.982197759541,-4691.6463774422255,3537.916202600873,6131198041,33.732408,-117.688633
Cathartes aura,-2517.2483146943696,-4624.92991340175,3586.5355634605758,6131219374,34.259797,-118.558487
Cathartes aura,717.6801056869434,-5594.35977738561,2962.7397922781956,6131231834,27.712464,-82.689661
Cathartes aura,-2572.483312191495,-4187.9872137434,4053.744668290728,6131264986,39.514975,-121.560447
Cathartes aura,6.190862990042503,-5499.467759781517,3216.4528850919824,6131293155,30.321907,-89.935501
Cathartes aura,799.1023892224489,-4981.232791138925,3890.8236122572725,6131311015,37.640686,-80.886115
Cathartes aura,740.2091644773009,-5488.884718089289,3148.6486107578153,6131320569,29.618005,-82.319654
Cathartes aura,717.9144130152494,-5594.235140729594,2962.9183612594775,6131331747,27.714278,-82.687139
Colaptes auratus,-2369.2406571323336,-3624.3150623809906,4673.413331481269,5938098907,47.184303,-123.172932
Colaptes auratus,307.6566494476052,-4882.490867312308,4081.2232781777584,5938107709,39.836048,-86.394432
Colaptes auratus,-2394.744107847497,-4797.5641219982635,3440.68776306746,5938155293,32.687304,-116.526459
Colaptes auratus,-1816.6562881292257,-4308.7219899574875,4327.173196641748,5938177444,42.780964,-112.861407
Colaptes auratus,-2511.8656379464924,-4423.4674840537045,3835.7814802332905,5938239451,37.018162,-119.590073
Colaptes auratus,-1976.1771468336094,-4948.862801827088,3491.8811524309003,5938249495,33.236023,-111.767787
Colaptes auratus,-2320.401052076679,-3472.71285902572,4811.003791929111,5938270941,49.037607,-123.750097
Colaptes auratus,-1384.6349276898602,-4773.680645926431,3985.537898126945,5938310040,38.724335,-106.175121
Colaptes auratus,-2017.9143033474077,-3571.57708360126,4874.588406205975,5938374990,49.917699,-119.466123
Colaptes auratus,570.1894358736766,-5181.862310020309,3662.368105049856,5938375952,35.089059,-83.720685
Colaptes auratus,-347.33259192703383,-5365.877391683794,3417.0854565959303,5938391897,32.435457,-93.703582
Colaptes auratus,-1809.4808893059574,-4504.759970262689,4125.853808756783,5938411043,40.36076,-111.884439
Colaptes auratus,-803.0241583672598,-5484.141234103485,3141.512415248728,5938478790,29.544209,-98.330426
Colaptes auratus,-2495.3988177500923,-4667.7197724387825,3546.1429745616456,5938564681,33.821417,-118.129302
Colaptes auratus,-1480.0018064862331,-4999.110579630447,3661.7265319930507,5938622736,35.082008,-106.491547
Colaptes auratus,-625.6720517039948,-5318.595461537313,3451.207025072336,5938647362,32.799778,-96.709358
Colaptes auratus,844.3355020354031,-5121.3110362822845,3694.4585475186127,5938701782,35.442522,-80.63803
Colaptes auratus,-2582.4882200620405,-4161.96007031282,4074.137466512382,6129829083,39.753111,-121.819522
Colaptes auratus,-2294.1960509597866,-3628.5036085366537,4707.481191919352,6129851858,47.637033,-122.303963
Colaptes auratus,-2264.1775487365885,-3488.7993261213205,4826.130170180869,6129878982,49.24555,-122.982956
Colaptes auratus,-2013.716880194922,-3575.254684252201,4873.628155576516,6129882043,49.904289,-119.389835
Colaptes auratus,1110.8690226657604,-4823.937717565902,4010.6543158447503,6129933227,39.01445,-77.031857
Colaptes auratus,93.71120578060194,-4577.126035761366,4430.6758618007725,6129935670,44.062559,-88.827101
Colaptes auratus,-1518.4926873707714,-3470.395024251293,5122.527839234336,6130000695,53.517371,-113.632078
Colaptes auratus,-2394.179313133721,-3766.5171156741294,4546.537953605338,6130001986,45.53097,-122.442001
Colaptes auratus,-701.6247358883397,-5321.146571203563,3432.6192663089823,6130060587,32.60113,-97.511457
Colaptes auratus,-2493.329716565638,-3796.936042025718,4467.251587602184,6130105598,44.522101,-123.29166
Colaptes auratus,-2363.786686966982,-4736.494825855525,3545.1209278159945,6130125114,33.810354,-116.521867
Colaptes auratus,-1436.9493371959272,-4978.095469258215,3707.2220369112556,6130128687,35.583538,-106.101019
Colaptes auratus,-2587.9727469572044,-4254.204831020471,3974.1529218698033,6130135566,38.593217,-121.313525
Colaptes auratus,986.3819367531881,-5057.6537259734005,3746.590795999991,6130148699,36.020076,-78.964269
Colaptes auratus,-423.61166773069203,-4941.52234501681,3998.9577640104458,6130221867,38.879198,-94.899698
Colaptes auratus,-1270.1578873590204,-4697.924318663415,4111.68568435964,6130247687,40.193749,-105.129106
Colaptes auratus,1004.310192973219,-4534.9428909433045,4360.665905782088,6130280445,43.192725,-77.512795
Colaptes auratus,-2326.290304029779,-3475.5267880113975,4806.125268536979,6130284669,48.970727,-123.795764
Colaptes auratus,-2704.561182379502,-4305.828272400129,3838.6123572253487,6130310519,37.050054,-122.133602
Colaptes auratus,-2649.9849240973717,-4243.70948697729,3944.3963824485263,6130349489,38.251642,-121.982722
Colaptes auratus,-1123.5256874534034,-3744.2496512153307,5030.709463751973,6130380274,52.150505,-106.702765
Colaptes auratus,-2015.0358899407636,-3573.696524748314,4874.225747842408,6130467093,49.912634,-119.416564
Colaptes auratus,-1796.275503289556,-4477.676129136792,4160.957092847491,6130541338,40.776347,-111.858803
Colaptes auratus,-1485.796909096376,-4992.5050944852965,3668.385688028924,6130565289,35.155223,-106.573294
Colaptes auratus,1084.8959799266065,-4833.507310592132,4006.2402475224753,6130574314,38.963378,-77.349442
Colaptes auratus,-1781.8303854480353,-4317.097120495998,4333.3019810967135,6130611996,42.856106,-112.427804
Colaptes auratus,-1876.8122324818762,-3677.551186828636,4852.107402143848,6130626009,49.60472,-117.037172
Colaptes auratus,1124.1471720783484,-4806.1858478879185,4028.228377431893,6130628651,39.218154,-76.835413
Colaptes auratus,-1572.5313965951564,-3568.859358548342,5037.870682669598,6130642305,52.255589,-113.779526
Colaptes auratus,69.30579249880583,-4711.318871297366,4288.172609604336,6130656203,42.304912,-89.157212
Colaptes auratus,1018.1170913082971,-5060.145879367831,3734.7174454809992,6130677457,35.888166,-78.623801
Colaptes auratus,-2040.5453332767474,-4135.073531879708,4396.259177808765,6130717024,43.633378,-116.265075
Colaptes auratus,-2266.601027379956,-3536.137184089863,4790.407783023755,6130725327,48.755862,-122.659149
Colaptes auratus,-2278.705675763559,-3501.5912629489508,4810.001268207728,6130725420,49.023856,-123.054585
Colaptes auratus,-1636.2609699207505,-3652.8835052318905,4956.697011639528,6130730339,51.078567,-114.129364
Colaptes auratus,-2220.893611430329,-3774.991740244993,4626.750701893011,6130740102,46.570389,-120.469043
Colaptes auratus,-1271.1413246288994,-4730.909265983519,4073.3831613941506,6130741782,39.744288,-105.039519
Colaptes auratus,-285.86086024084005,-5066.864840271772,3851.612310277024,6130763893,37.196681,-93.229073
Colaptes auratus,-1798.5630128508276,-4476.87494719061,4160.831037869653,6130807502,40.77485,-111.887558
Colaptes auratus,-1795.4639979875424,-4457.687660236515,4182.712383774808,6130829252,41.035216,-111.938552
Colaptes auratus,-2432.1210288682582,-4291.960168946758,4031.5776488601514,6130883724,39.257043,-119.538886
Colaptes auratus,-1932.6192971599792,-5027.688238586483,3402.511830618881,6130923910,32.280301,-111.026521
Colaptes auratus,-2676.659967303654,-4309.2583541614185,3854.2881296293176,6130924227,37.226897,-121.846139
Colaptes auratus,553.9928685601362,-5459.193221393912,3237.291213769424,6130937301,30.539251,-84.205524
Colaptes auratus,1110.4144538523178,-4823.06656488926,4011.8277357085776,6130998034,39.028033,-77.034722
Colaptes auratus,-2188.7849597724494,-4653.8770281449215,3760.372606066631,6130999171,36.173466,-115.188273
Colaptes auratus,-386.3803420967253,-5074.1144599811705,3833.2526407645823,6131008159,36.989684,-94.354518
Colaptes auratus,-2488.8990472942673,-4670.311097778712,3547.2988191044924,6131009135,33.83393,-118.054016
Colaptes auratus,136.151756712812,-4654.149010576307,4348.575952673821,6131020068,43.043772,-88.324356
Colaptes auratus,1071.3001474193297,-4831.710492522167,4012.0621680462473,6131025003,39.030747,-77.498466
Colaptes auratus,-604.6317518632841,-5297.864892109461,3486.660459418177,6131038344,33.179908,-96.51085
Colaptes auratus,-661.9177057435701,-5291.023822248791,3486.6438006909184,6131067300,33.179729,-97.130771
Colaptes auratus,-2301.728340522839,-3630.0831693930586,4702.5839662254475,6131085093,47.571713,-122.377575
Colaptes auratus,1230.1223733204597,-4716.108041226219,4103.03266131471,6131090476,40.091951,-75.381022
Colaptes auratus,-2409.064320002851,-3742.902541104893,4558.162217336848,6131095305,45.680399,-122.766764
Colaptes auratus,-690.0796879095864,-5331.381478078283,3419.0517236824403,6131127892,32.456411,-97.375206
Colaptes auratus,-1919.8228022026592,-5031.532754474159,3404.07280745783,6131154516,32.296907,-110.884766
Colaptes auratus,-2701.7565739098013,-4248.1581252234355,3904.2818914764225,6131261179,37.793691,-122.455669
Colaptes auratus,1120.338344235854,-4823.695447512937,4008.3110350564452,6131269404,38.987333,-76.924462
Colaptes auratus,-1496.3812807902634,-4991.208954024391,3665.846337402138,6131280664,35.127296,-106.688908
Colaptes auratus,-2544.917841892507,-3762.625697376602,4467.190858821219,6131287080,44.521335,-124.073144
Colaptes auratus,-2571.8758658821307,-4188.135355127454,4053.9770481962414,6131320558,39.517684,-121.553509
Colaptes auratus,-452.273138384494,-4934.495194055514,4004.492392028772,6131337772,38.943165,-95.236836
Colaptes auratus,-1338.8648232525131,-5585.136705358761,2757.433969687892,6131374433,25.645999,-103.480523
Colaptes auratus,-2177.2020254196013,-4664.4691271652255,3753.967532079719,6131390020,36.102141,-115.02143
Colaptes auratus,-1378.172616616311,-4939.3645165398,3780.6178782355055,6131404801,36.39934,-105.59007
Colaptes auratus,179.96081413584645,-4723.753346024736,4271.243561420152,6131409219,42.09939,-87.818258
Colaptes auratus,-2571.042562259033,-4222.091734235409,4019.1335708621314,6131463549,39.112661,-121.339323
Colaptes auratus,1086.7382326775673,-4831.069979815511,4008.680081203741,6131531376,38.991603,-77.322467
Colaptes auratus,1158.4040122343133,-4816.570993293292,4006.057555837477,6131535649,38.961265,-76.476972
Colaptes auratus,337.91742743638605,-5294.3984092387245,3527.7344608349804,6131554433,33.622375,-86.348024
Colaptes auratus,-1495.66092592301,-4991.018068558514,3666.4001641483437,6131560499,35.133386,-106.681923
Colaptes auratus,-2403.7376615565618,-3735.3090535567235,4567.194396838086,6131570089,45.796783,-122.762
Colaptes auratus,1086.483364601624,-4936.387344363401,3878.322706342294,6131622659,37.498847,-77.587288
Colaptes auratus,-2307.1017179969317,-3814.4308213111094,4551.609858272664,6131688830,45.59612,-121.167022
Colaptes auratus,-2668.3240899937255,-4331.876500081343,3834.6636969204496,6133022429,37.005573,-121.631997
Colaptes auratus,1066.8532100519947,-4935.532543384496,3884.854678243674,6133023713,37.572927,-77.802736
Colaptes auratus,-693.6775264421348,-5590.972701313471,2974.8258557693953,6133031816,27.835309,-97.072601
Colaptes auratus,301.4372641863608,-4940.092335219013,4011.7797079285933,6133037502,39.027477,-86.508224
Colaptes auratus,1004.3074070787189,-4534.941559107837,4360.667932466406,6133039460,43.19275,-77.512825
Colaptes auratus,1004.3125071022781,-4534.944717013912,4360.663473759811,6133048999,43.192695,-77.512772
Colaptes auratus,-1508.0075759099127,-3474.6383768675464,5122.748718283477,6133058364,53.520712,-113.461045
Colaptes auratus,1100.3865697835995,-4823.714753368144,4013.8109702445918,6133060831,39.050996,-77.149573
Corvus brachyrhynchos,-465.9317264014333,-4920.766971169161,4019.790189980157,5938092652,39.120272,-95.409028
Corvus brachyrhynchos,-2684.5335951384636,-4271.102887354729,3891.106864618406,5938101422,37.643903,-122.15076
Corvus brachyrhynchos,757.6874733939716,-4559.402352010904,4384.918815077051,5938107899,43.492633,-80.564737
Corvus brachyrhynchos,197.61060643111153,-4738.395754288872,4254.210720408728,5938229873,41.893278,-87.611914
Corvus brachyrhynchos,27.19426327399173,-5215.265838279281,3659.2370567919656,5938241784,35.054654,-89.701242
Corvus brachyrhynchos,-2444.0799879275914,-4768.190552622333,3446.822449180176,5938248744,32.75288,-117.138778
Corvus brachyrhynchos,-2541.125666986078,-4464.509140629843,3768.367233629782,5938354417,36.262583,-119.647825
Corvus brachyrhynchos,-2681.214021041432,-4220.947858446717,3947.713728137128,5938355267,38.289642,-122.42437
Corvus brachyrhynchos,-2445.8702063106425,-4768.511723253045,3445.107837028857,5938472554,32.734547,-117.154244
Corvus brachyrhynchos,-732.6618366364088,-5452.768729190058,3212.5181631830555,5938476502,30.280922,-97.652719
Corvus brachyrhynchos,-2409.4238056578283,-3756.962476662772,4546.390106816034,5938479728,45.529072,-122.672958
Corvus brachyrhynchos,934.5653019436775,-5661.215463383101,2768.931256501761,5938486175,25.760751,-80.626036
Corvus brachyrhynchos,806.6187401842858,-5034.374416977892,3820.234752909756,5938521980,36.843254,-80.897308
Corvus brachyrhynchos,-2692.0534529962897,-4200.694122308426,3961.914969644305,5938597423,38.452542,-122.654153
Corvus brachyrhynchos,-2251.412635615829,-3495.1402179521338,4827.513762872182,5938627839,49.264614,-122.787819
Corvus brachyrhynchos,-2661.547546417441,-4280.130443812941,3896.9733347538286,5938663623,37.710562,-121.874917
Corvus brachyrhynchos,-2348.0161158071837,-3651.6648325193705,4662.822900403623,6129815759,47.044352,-122.740969
Corvus brachyrhynchos,-2702.2650508925203,-4314.976028841377,3829.947596890403,6129852906,36.952481,-122.056964
Corvus brachyrhynchos,1287.0255721504482,-4682.321873580849,4124.2187355297465,6129872925,40.341465,-74.630722
Corvus brachyrhynchos,-2263.974794000264,-3515.1331612870667,4807.079167252073,6129877523,48.983797,-122.784174
Corvus brachyrhynchos,1109.7286933082635,-4356.957463434126,4513.887129598106,6129891396,45.113351,-75.710445
Corvus brachyrhynchos,432.55833114481703,-4363.238269280488,4622.207072959936,6129900378,46.510983,-84.338368
Corvus brachyrhynchos,-1799.1951622641238,-4464.368100709039,4173.975007008831,6129906392,40.931127,-111.95004
Corvus brachyrhynchos,-2669.8380373946934,-4463.802119935592,3679.1559654105995,6129912451,35.273778,-120.884003
Corvus brachyrhynchos,-2275.859378162405,-3478.6426057583762,4827.966739934135,6129933126,49.270857,-123.194227
Corvus brachyrhynchos,-626.1206119383461,-5307.038038757319,3468.8720593539124,6129934210,32.988977,-96.728612
Corvus brachyrhynchos,-2260.3293789034383,-3502.7143890309694,4817.847666481251,6129972486,49.131582,-122.834474
Corvus brachyrhynchos,-2687.9700465621577,-4251.038059581467,3910.6579464908345,6130007215,37.86629,-122.30554
Corvus brachyrhynchos,63.377757324972826,-4631.437169463414,4374.417233742869,6130015092,43.36259,-89.215999
Corvus brachyrhynchos,-2608.082332857124,-4560.630412549208,3603.929787724397,6130015538,34.44928,-119.763893
Corvus brachyrhynchos,-2687.9565440278,-4200.036086566484,3965.392744563248,6130046591,38.492491,-122.618599
Corvus brachyrhynchos,394.9214182666544,-5278.816336510703,3545.1217593277956,6130056457,33.810363,-85.72153
Corvus brachyrhynchos,430.5927326540064,-5174.118922429306,3692.2671090837925,6130064247,35.418335,-85.242779
Corvus brachyrhynchos,358.6358829402237,-5003.1024479952475,3928.1165115114745,6130064546,38.065444,-85.899897
Corvus brachyrhynchos,-2693.322438861545,-4344.043025899981,3803.2956181622353,6130075488,36.653135,-121.799063
Corvus brachyrhynchos,-2262.515333563555,-3494.63188618644,4822.6886147787145,6130122951,49.198162,-122.920067
Corvus brachyrhynchos,1366.8673843944177,-4620.900291787203,4167.578094831235,6130158622,40.855024,-73.521725
Corvus brachyrhynchos,766.6425469669258,-5510.520164707521,3104.219684431063,6130181569,29.159432,-82.079653
Corvus brachyrhynchos,1407.1643021646657,-4494.583721266542,4290.496349947948,6130216833,42.333175,-72.615705
Corvus brachyrhynchos,-601.584995941607,-5312.128987556477,3465.4197785979063,6130219866,32.95197,-96.461073
Corvus brachyrhynchos,-2295.461735152777,-3624.2174214147517,4710.165244918765,6130240308,47.672868,-122.348843
Corvus brachyrhynchos,-220.06699297543307,-4477.425089803028,4527.028629629211,6130292218,45.281067,-92.813843
Corvus brachyrhynchos,171.184114540207,-4699.604348794713,4298.1586863907605,6130314890,42.42646,-87.913911
Corvus brachyrhynchos,-2268.890071406171,-3488.2955060412487,4824.28082060781,6130324738,49.22008,-123.041161
Corvus brachyrhynchos,1329.8832066529264,-4636.368073984965,4162.361693662975,6130324881,40.79303,-73.995135
Corvus brachyrhynchos,738.2473470084062,-5487.349532917584,3151.7834773190975,6130325233,29.65044,-82.33765
Corvus brachyrhynchos,-2468.927969486396,-4700.384292958639,3521.439380377425,6130335338,33.554415,-117.711189
Corvus brachyrhynchos,-2324.025595834275,-3532.969757245979,4765.163465608485,6130367067,48.41267,-123.33735
Corvus brachyrhynchos,1135.8932410835866,-4814.142167040651,4015.412166896347,6130380092,39.069541,-76.723918
Corvus brachyrhynchos,-1286.0554067838577,-4726.336395275326,4074.010174147246,6130380814,39.751622,-105.221879
Corvus brachyrhynchos,-2329.316922928625,-3491.577180135071,4793.007886222991,6130386864,48.791343,-123.708227
Corvus brachyrhynchos,677.6574536792635,-4725.849235024483,4218.635148121828,6130397538,41.464911,-81.839767
Corvus brachyrhynchos,750.6405641169479,-5515.395078756485,3099.469147839412,6130404830,29.110521,-82.249712
Corvus brachyrhynchos,559.4570320545012,-5193.095874787248,3648.0839072353947,6130432351,34.932217,-83.851187
Corvus brachyrhynchos,1638.2544302083913,-4212.666112963495,4489.913114111348,6130476457,44.808649,-68.749549
Corvus brachyrhynchos,-2613.609634970092,-4558.029931495778,3603.215362597347,6130477143,34.441489,-119.830293
Corvus brachyrhynchos,1310.424468170076,-4678.643318684868,4121.023846014975,6130517998,40.303779,-74.353162
Corvus brachyrhynchos,-2302.4111121640085,-3641.5460892289257,4693.378130971619,6130529660,47.449144,-122.303611
Corvus brachyrhynchos,-2534.0261521039206,-3748.441709203263,4485.270264191016,6130530698,44.749826,-124.059528
Corvus brachyrhynchos,-2406.766664494328,-3756.803319962053,4547.928777749095,6130585366,45.548828,-122.645338
Corvus brachyrhynchos,-630.7062688312732,-5300.913941417834,3477.3947313781346,6130591566,33.080403,-96.785192
Corvus brachyrhynchos,-2260.430696790431,-3502.878776651741,4817.680611120642,6130593570,49.129286,-122.834419
Corvus brachyrhynchos,-6.3988036807421125,-4529.076343156072,4480.756594912617,6130593689,44.692697,-90.080949
Corvus brachyrhynchos,1516.8670199821836,-4447.740023332166,4301.915417371311,6130600622,42.472247,-71.168458
Corvus brachyrhynchos,-2672.2400815995247,-4234.415846104392,3939.36651229997,6130603049,38.194063,-122.255058
Corvus brachyrhynchos,-2570.8341057711223,-4594.174521638749,3588.0531761676557,6130611974,34.276312,-119.23075
Corvus brachyrhynchos,-2259.172011295998,-3503.912696402151,4817.51915087486,6130695881,49.127067,-122.81218
Corvus brachyrhynchos,-2365.444085216557,-3376.5993796882276,4857.263019281591,6130708559,49.676318,-125.012793
Corvus brachyrhynchos,-2604.5041430733027,-4563.263566498636,3603.184275201253,6130725304,34.44115,-119.715767
Corvus brachyrhynchos,-2278.592419423106,-3484.660088491323,4822.334889190156,6130732855,49.193294,-123.180364
Corvus brachyrhynchos,-2291.402112083675,-3613.1252792384407,4720.651989603135,6130740123,47.813114,-122.382396
Corvus brachyrhynchos,-2699.4522406471647,-4250.785260055583,3903.0161930277236,6130746226,37.779288,-122.417503
Corvus brachyrhynchos,-295.5500182063941,-4503.038063266433,4497.227092018961,6130774344,44.901436,-93.755135
Corvus brachyrhynchos,744.870223567328,-5116.968671952266,3721.767468552981,6130794392,35.744545,-81.717705
Corvus brachyrhynchos,-2319.0786832630793,-3531.428902909223,4768.714406861622,6130809767,48.460804,-123.292785
Corvus brachyrhynchos,-616.6466981163468,-5307.846991609214,3469.331389914296,6130828039,32.993902,-96.626712
Corvus brachyrhynchos,-537.1767161438713,-5504.815455164087,3161.9932178764907,6130843811,29.756148,-95.573451
Corvus brachyrhynchos,-2451.550956291184,-4764.436291424712,3446.7082649015056,6130863315,32.751659,-117.228183
Corvus brachyrhynchos,-2425.0902535632954,-3545.5008512279624,4705.115737757313,6130867122,47.605472,-124.371772
Corvus brachyrhynchos,-1198.405247730348,-4221.570142432354,4618.649534703134,6130882444,46.464515,-105.848007
Corvus brachyrhynchos,-704.871277681841,-5296.848743242714,3469.337545236077,6130903447,32.993968,-97.580027
Corvus brachyrhynchos,-2272.832966244652,-3480.364487190602,4828.151455115246,6130912875,49.273403,-123.146325
Corvus brachyrhynchos,974.119439863922,-5056.002222026276,3752.024250644176,6130928050,36.080514,-79.09468
Corvus brachyrhynchos,-692.7853019343446,-5316.505176511402,3441.594741283267,6131003067,32.696996,-97.424288
Corvus brachyrhynchos,-2604.5453598526665,-4563.296375936276,3603.1129296088175,6131017009,34.440372,-119.71598
Corvus brachyrhynchos,-2688.140059400255,-4283.7754735144645,3874.6514479680554,6131022766,37.457243,-122.108952
Corvus brachyrhynchos,-1495.8487565848882,-4994.101074952359,3662.1228925666283,6131026056,35.086364,-106.674174
Corvus brachyrhynchos,757.1247860839136,-4559.71746235585,4384.688341428835,6131068526,43.489776,-80.572258
Corvus brachyrhynchos,-2676.2684347966747,-4231.230752282106,3940.0541513449534,6131097720,38.201932,-122.313498
Corvus brachyrhynchos,-191.79656923314138,-4326.850619303235,4672.400980646143,6131102328,47.170909,-92.538092
Corvus brachyrhynchos,-2258.4546646872013,-3487.8490464082206,4829.497353420884,6131109606,49.291958,-122.923895
Corvus brachyrhynchos,-2690.510291768683,-4284.354158186019,3872.365807461686,6131113800,37.431353,-122.128206
Corvus brachyrhynchos,-491.8199754236437,-5519.509332185794,3143.7052936567798,6131192320,29.56688,-95.091935
Corvus brachyrhynchos,1266.2168341079346,-4697.7127616877,4113.142699612505,6131196437,40.210905,-74.915046
Corvus brachyrhynchos,-2577.400992353319,-4590.030844833493,3588.6451618641113,6131197209,34.282755,-119.315147
Corvus brachyrhynchos,-2293.7395521509525,-3626.777172881578,4709.033800562584,6131218569,47.657759,-122.31113
Corvus brachyrhynchos,-2699.6110365200448,-4248.6484992058295,3905.232299284211,6131240107,37.804508,-122.432067
Corvus brachyrhynchos,-2306.9912483465414,-3597.839914864507,4724.731998403471,6131250547,47.867781,-122.668628
Corvus brachyrhynchos,-2255.645429709513,-3490.5420850954524,4828.8645432736585,6131271048,49.283233,-122.871206
Corvus brachyrhynchos,-2306.4179971097683,-3636.781413258988,4695.104908781012,6131300727,47.472113,-122.382547
Cyanocitta cristata,785.1477310264873,-4729.881423813072,4195.416294816216,5938041281,41.186853,-80.574995
Cyanocitta cristata,914.5928284742545,-4789.258064557014,4100.765816144162,5938056169,40.065308,-79.188538
Cyanocitta cristata,834.0445976910187,-4784.088112192285,4123.908785790529,5938064997,40.337808,-80.110605
Cyanocitta cristata,958.2512840299803,-5664.5928530270885,2753.887328081299,5938086200,25.610623,-80.398455
Cyanocitta cristata,1343.0654168251938,-4635.775785048365,4158.787237472581,5938107615,40.750583,-73.842772
Cyanocitta cristata,1510.4414220071985,-4451.4730346489005,4300.314832911192,5938110653,42.452735,-71.257272
Cyanocitta cristata,149.67366188442824,-4698.365870300763,4300.314996998301,5938120718,42.452737,-88.175372
Cyanocitta cristata,1320.037462795802,-4607.965977933248,4196.892156429892,5938126428,41.204492,-74.014656
Cyanocitta cristata,310.19497130430676,-4728.267891624268,4258.757442551755,5938149514,41.948232,-86.246526
Cyanocitta cristata,-739.0674360870183,-5445.179534783435,3223.9032691085595,5938189411,30.399559,-97.729451
Cyanocitta cristata,1517.0482521785104,-4447.869947225489,4301.7171760597985,5938279801,42.46983,-71.166878
Cyanocitta cristata,1125.9217297903629,-4816.896483651647,4014.917390662941,5938292776,39.06381,-76.843653
Cyanocitta cristata,1266.879936498392,-4706.612346082559,4102.751342681943,5938392796,40.088644,-74.934746
Cyanocitta cristata,-519.7193292813105,-4072.6761704676005,4871.6479510484105,5938401455,49.876647,-97.272281
Cyanocitta cristata,1337.2605136912898,-4353.746907704136,4454.927082664341,5938402150,44.366852,-72.925574
Cyanocitta cristata,1516.7685147815084,-4447.627014953749,4302.066984380711,5938425537,42.474095,-71.16915
Cyanocitta cristata,-471.10814907216024,-4881.426993146444,4066.876043369959,5938437160,39.668222,-95.512562
Cyanocitta cristata,859.0705939117297,-4508.854554349068,4418.368641487404,5938476787,43.908731,-79.212745
Cyanocitta cristata,1311.828383836828,-4565.69154164145,4245.388105653145,5938481809,41.786778,-73.969422
Cyanocitta cristata,-220.06641435397106,-4477.426067525535,4527.02769074739,5938495486,45.281055,-92.813835
Cyanocitta cristata,-686.3841390385813,-5315.577558465724,3444.3090981050586,5938513678,32.726008,-97.357714
Cyanocitta cristata,1308.3661135885015,-4646.5301500458745,4157.846655085469,5938666674,40.739418,-74.273886
Cyanocitta cristata,1345.572195998102,-4248.50748552034,4552.952090733212,6129813438,45.613374,-72.426149
Cyanocitta cristata,1275.7663183228058,-4624.103949486682,4192.83151283857,6129858017,41.155972,-74.576095
Cyanocitta cristata,1470.168424220843,-4434.195737569006,4332.004858610651,6129873367,42.840195,-71.656934
Cyanocitta cristata,662.7951842419532,-4820.332047790564,4112.767270642278,6129882632,40.206484,-82.170929
Cyanocitta cristata,-94.72687597991568,-4319.586918081438,4682.088081805407,6129899698,47.299214,-91.256273
Cyanocitta cristata,138.25648881014922,-4702.008914949969,4296.713911433985,6129899863,42.40886,-88.315777
Cyanocitta cristata,-287.092204742707,-5071.405847157094,3845.539484789389,6129910002,37.12815,-93.240055
Cyanocitta cristata,1287.5388539403625,-4687.876255812741,4117.743683069466,6129917247,40.265109,-74.642239
Cyanocitta cristata,479.28718870986467,-4358.868732022204,4621.720491052566,6129920121,46.504625,-83.725148
Cyanocitta cristata,-285.86086024084005,-5066.864840271772,3851.612310277024,6129924730,37.196681,-93.229073
Cyanocitta cristata,1315.5574545912712,-4641.707296980572,4160.963239744384,6129980787,40.77642,-74.176155
Cyanocitta cristata,1554.1713783135474,-4501.236900629791,4232.395399879023,6130021326,41.630261,-70.951409
Cyanocitta cristata,1251.5503501153082,-4692.882562869048,4123.133286946145,6130050517,40.328659,-75.067272
Cyanocitta cristata,722.6753607431223,-4696.201604486484,4244.19414526136,6130069306,41.772379,-81.251659
Cyanocitta cristata,-600.8248386993431,-5452.85687695122,3239.6164159303075,6130076303,30.563533,-96.28779
Cyanocitta cristata,1113.094666347907,-4840.675035567934,3989.816862144759,6130084402,38.773677,-77.050165
Cyanocitta cristata,-1644.2894707710682,-3655.8194776945074,4951.873303356851,6130107142,51.009569,-114.216936
Cyanocitta cristata,132.8527733004093,-4702.169798036293,4296.708328562593,6130107218,42.408792,-88.381624
Cyanocitta cristata,1222.507177639656,-4948.228058142983,3822.3380822349386,6130121826,36.866894,-76.122429
Cyanocitta cristata,984.023786400545,-5605.014237657266,2864.4834984923064,6130122387,26.718808,-80.042551
Cyanocitta cristata,-547.776038498255,-5504.941105615208,3159.9553738989107,6130137353,29.73504,-95.682582
Cyanocitta cristata,480.7324679900865,-4866.085511802732,4084.0985805586465,6130150983,39.869731,-84.357918
Cyanocitta cristata,-1633.5754387905645,-3667.4536779577147,4946.813917613243,6130163376,50.93731,-114.009385
Cyanocitta cristata,1516.7952930307342,-4447.744414441338,4301.936167881053,6130193267,42.4725,-71.169303
Cyanocitta cristata,1544.023373209101,-4500.52950208421,4236.859586242041,6130209076,41.683996,-71.064139
Cyanocitta cristata,-637.1682378761033,-5302.137301291285,3474.35027085279,6130250720,33.047733,-96.852486
Cyanocitta cristata,39.154810084650414,-5257.670532365305,3597.932823667251,6130270489,34.383904,-89.573316
Cyanocitta cristata,-670.8488951230566,-5315.955170939067,3446.786258263747,6130283927,32.752493,-97.192442
Cyanocitta cristata,1088.5176501989968,-4840.05661638784,3997.3409167899326,6130348602,38.860522,-77.325195
Cyanocitta cristata,1420.0040137043156,-4569.41551919586,4206.397929781858,6130365290,41.318216,-72.736703
Cyanocitta cristata,516.0343714386998,-4685.167487432105,4286.334946300911,6130402798,42.28257,-83.714655
Cyanocitta cristata,1148.469484110074,-4586.669803046102,4270.038769328728,6130420072,42.084789,-75.942572
Cyanocitta cristata,485.31707890905926,-4592.109988123307,4389.390199056672,6130434673,43.548088,-83.967091
Cyanocitta cristata,-532.5061996821865,-5513.09985466104,3148.320229823181,6130442840,29.614608,-95.517042
Cyanocitta cristata,-456.89218330571475,-5129.493592998781,3750.9063093999066,6130462078,36.068075,-95.089994
Cyanocitta cristata,-544.6526683865911,-5514.753347046444,3143.3425078627442,6130489889,29.563129,-95.640402
Cyanocitta cristata,134.92814814996672,-4691.964327583731,4307.785773828128,6130509673,42.543862,-88.352783
Cyanocitta cristata,-414.60484336047097,-4944.9820932906005,3995.6236122256046,6130510977,38.840691,-94.792672
Cyanocitta cristata,1438.092337610376,-4425.951583273271,4351.160321190726,6130520536,43.075582,-71.999842
Cyanocitta cristata,-678.802391262588,-5144.329085143083,3696.600966705029,6130533360,35.466175,-97.516844
Cyanocitta cristata,-346.3537598384294,-4959.318776065254,3984.3380228200836,6130542556,38.710505,-93.994992
Cyanocitta cristata,816.903009901733,-5651.1118315437425,2826.1913717010116,6130547396,26.333921,-81.774521
Cyanocitta cristata,-690.643753603995,-5312.679166743125,3447.927552391262,6130550332,32.764698,-97.406864
Cyanocitta cristata,-399.0080685347282,-4928.859597298959,4017.074652161143,6130563242,39.088801,-94.628197
Cyanocitta cristata,1373.1663098123781,-4565.344497683246,4226.321927249154,6130574379,41.557227,-73.259741
Cyanocitta cristata,947.9763748919863,-4580.705605360796,4325.301154756772,6130580192,42.75803,-78.307702
Cyanocitta cristata,1253.2253497844797,-4274.1876526644055,4555.271590382526,6130592614,45.643203,-73.658449
Cyanocitta cristata,-401.8751117564287,-4928.67962946569,4017.0096632094564,6130596914,39.088048,-94.661476
Cyanocitta cristata,-6.40809651736482,-4529.051773882724,4480.7814157205,6130639755,44.693011,-90.081067
Cyanocitta cristata,-295.55047068460254,-4503.036539022753,4497.2285884955345,6130649677,44.901455,-93.755142
Cyanocitta cristata,298.15949017109375,-5469.429950489358,3253.6425840568795,6130652730,30.710137,-86.879677
Cyanocitta cristata,1432.9236193857157,-4512.217241754175,4263.376431175215,6130663607,42.004108,-72.381958
Cyanocitta cristata,1535.1705995995867,-4507.221143322177,4232.961365875196,6130745033,41.637071,-71.191031
Cyanocitta cristata,-683.7533138026834,-5389.5756315793105,3327.86854413268,6130757914,31.489723,-97.230255
Cyanocitta cristata,972.1978120887067,-5609.687039025029,2859.3698375764493,6130758924,26.667334,-80.167903
Cyanocitta cristata,966.0102875007021,-5632.268282120759,2816.758997915285,6130764900,26.23931,-80.267692
Cyanocitta cristata,716.7229980223817,-4604.474955848148,4344.522028342179,6130775832,42.993907,-81.152459
Cyanocitta cristata,934.4949815290512,-4546.51171624336,4364.138342586805,6130783440,43.235574,-78.385125
Cyanocitta cristata,1088.5373924049597,-4840.054822216394,3997.3377131477746,6130795899,38.860485,-77.324968
Cyanocitta cristata,483.85678893826014,-4866.58454647633,4083.134897290753,6130803038,39.85844,-84.322067
Cyanocitta cristata,-36.875078345563644,-4766.215564970502,4227.479455480224,6130814537,41.57114,-90.443275
Cyanocitta cristata,959.5119565686089,-5613.625687645286,2855.9230686221763,6130817375,26.632652,-80.300423
Cyanocitta cristata,-491.82083286158115,-4063.8440366806026,4881.909159701385,6130818041,50.020057,-96.900579
Cyanocitta cristata,919.7833402203227,-4752.036827154326,4142.6920872905375,6130831872,40.559786,-79.045539
Cyanocitta cristata,1546.1811735388476,-4491.166219800626,4245.9984567111205,6130854026,41.79414,-71.002867
Cyanocitta cristata,1236.247425835353,-4686.641444622021,4134.832209575634,6130858382,40.46681,-75.223048
Cyanocitta cristata,-743.3730811376304,-5452.187335933193,3211.0438872440054,6130866638,30.26557,-97.764062
Cyanocitta cristata,-306.91263215595467,-4999.67405009545,3936.8537131448884,6130886560,38.165315,-93.512781
Cyanocitta cristata,-547.5461332357805,-5504.965086252039,3159.953442821912,6130896438,29.73502,-95.680188
Cyanocitta cristata,492.70861530564895,-4374.959465959007,4605.075571724824,6130931695,46.287577,-83.574415
Cyanocitta cristata,1836.0710395631145,-4072.068910936533,4542.780101649124,6130970813,45.482748,-65.729677
Cyanocitta cristata,1088.5235112655819,-4840.053081452028,3997.3436009212683,6131001692,38.860553,-77.32512
Cyanocitta cristata,587.6610220680125,-4838.982560051259,4102.274422358794,6131005197,40.083038,-83.075731
Cyanocitta cristata,1468.7912577560733,-4111.035882900074,4640.235914296251,6131007576,46.747087,-70.339203
Cyanocitta cristata,1088.5254525068688,-4840.055004678834,3997.3407436201287,6131012611,38.86052,-77.325103
Cyanocitta cristata,1332.3378290752757,-4636.49337719578,4161.437035701981,6131080220,40.782047,-73.967522
Cyanocitta cristata,1071.2980088724073,-4831.710823237667,4012.0623408007305,6131080252,39.030749,-77.498491
Cyanocitta cristata,-1609.663252746477,-3605.281472930172,5000.068283871882,6131106017,51.703644,-114.059504
Didelphis virginiana,875.3924375504791,-4749.727273156944,4154.940678347401,5938037078,40.704935,-79.55736
Didelphis virginiana,-571.5930723598688,-5491.550586536377,3178.978868256223,5938159500,29.932259,-95.942286
Didelphis virginiana,902.0182612280852,-4902.590244155931,3967.4582649343124,5938181595,38.516228,-79.574851
Didelphis virginiana,-2573.33855516748,-4291.492105800563,3943.4473897869407,5938288721,38.240775,-120.948472
Didelphis virginiana,719.7801379994274,-5565.432179056919,3016.228496473155,5938418451,28.257195,-82.630813
Didelphis virginiana,-2573.3346429813464,-4291.492204647925,3943.449835151399,5938421339,38.240803,-120.948433
Didelphis virginiana,1002.7885928889481,-5066.1927121399885,3730.664762627286,5938510808,35.843192,-78.80375
Didelphis virginiana,1109.2476715283851,-4819.300881655107,4016.6729696310344,5938529316,39.084147,-77.038107
Didelphis virginiana,-746.334342536265,-5455.449071443285,3204.8110096723326,6129814332,30.200692,-97.790008
Didelphis virginiana,-1017.7294337169228,-5652.3496695554895,2757.702511602659,6129852313,25.648678,-100.206983
Didelphis virginiana,823.3087813674333,-4541.146999100389,4392.02683424888,6129906001,43.580812,-79.72391
Didelphis virginiana,986.6860856255205,-5066.432602030472,3734.630421767751,6129918606,35.8872,-78.979609
Didelphis virginiana,988.6611621809419,-5229.861705918872,3501.5494817345943,6129949006,33.340039,-79.295044
Didelphis virginiana,1355.3940039593222,-4586.0902031217765,4209.564926751815,6129972013,41.356149,-73.535242
Didelphis virginiana,868.9829825601713,-4891.017168267424,3989.0566259971265,6130038881,38.764908,-79.925434
Didelphis virginiana,-2573.3350348352633,-4291.494216720955,3943.4473897869407,6130102026,38.240775,-120.948425
Didelphis virginiana,1263.3972583560524,-4707.150314374737,4103.2080638370835,6130111820,40.094013,-74.975925
Didelphis virginiana,1420.0073718679437,-4569.417320117519,4206.394839780041,6130141539,41.318179,-72.736671
Didelphis virginiana,1356.4476934590107,-4637.269714050547,4152.774058835458,6130147212,40.679237,-73.695275
Didelphis virginiana,668.5444909639095,-4664.170341358049,4288.160027339836,6130191055,42.304759,-81.843
Didelphis virginiana,875.3883714939296,-4749.728464976866,4154.9401725800035,6130299584,40.704929,-79.55741
Didelphis virginiana,1099.6616526842042,-4814.751775874144,4024.7562306318687,6130326486,39.177861,-77.134646
Didelphis virginiana,904.9052590603419,-5536.313296695107,3019.9560729651903,6130353617,28.29526,-80.717143
Didelphis virginiana,356.0843268676398,-5142.628481805212,3743.8388560356707,6130434890,35.989483,-86.039065
Didelphis virginiana,-818.3740521587971,-5486.424670542984,3133.554112328034,6130450220,29.461975,-98.483884
Didelphis virginiana,479.3453437711091,-4689.372133438654,4285.996986141194,6130470733,42.278462,-84.163525
Didelphis virginiana,1008.2734750938122,-5072.20493055277,3721.0045514048834,6130696742,35.736092,-78.757072
Didelphis virginiana,1249.2931270838424,-4720.382408035327,4092.311050520123,6130703356,39.966028,-75.176014
Didelphis virginiana,-104.40302121278303,-5495.743485109432,3221.1266173058625,6130707570,30.370612,-91.088321
Didelphis virginiana,-742.9167972036228,-5442.9551066091935,3226.773538621365,6130843026,30.429491,-97.772355
Didelphis virginiana,-525.77766247897,-5509.070905647007,3156.4931072107934,6130852018,29.699188,-95.451713
Didelphis virginiana,-2573.336505675617,-4291.492933493959,3943.4478264592344,6130910934,38.24078,-120.948447
Didelphis virginiana,707.4344523031604,-5585.306616825888,2982.220585639651,6130990811,27.910539,-82.78136
Didelphis virginiana,328.8393897031101,-4890.613643025199,4069.8299694351986,6131006285,39.702742,-86.153286
Didelphis virginiana,-507.1496551299681,-5522.0421489242535,3136.8141262247273,6131058519,29.495653,-95.247379
Didelphis virginiana,827.6175682563918,-4540.930990273049,4391.440314061963,6131059616,43.573531,-79.670804
Didelphis virginiana,-712.7304280104591,-5598.0960246748755,2956.871550335729,6131062771,27.652868,-97.255667
Didelphis virginiana,-686.0201609644188,-5329.264778500507,3423.1661351827097,6131091944,32.500273,-97.335174
Didelphis virginiana,1283.916658004046,-4660.237220910736,4150.120503047513,6131153737,40.647777,-74.596875
Didelphis virginiana,-2676.3911551897295,-4220.276936547385,3951.7016705396472,6131290391,38.33535,-122.38182
Didelphis virginiana,-2390.6443854800746,-4790.448026203504,3453.430216479404,6131301341,32.823567,-116.521215
Didelphis virginiana,-723.3975319762222,-5420.190010171729,3269.2490565943003,6131372925,30.873521,-97.601971
Didelphis virginiana,-2592.16222016855,-4254.91614239,3970.659488704274,6131386706,38.553032,-121.350434
Didelphis virginiana,986.6342894637168,-5064.573841287869,3737.16439492224,6131436583,35.915333,-78.976228
Didelphis virginiana,-731.9657033197976,-5422.209979344442,3263.9880941477923,6131485393,30.818413,-97.688109
Didelphis virginiana,-731.2942973243772,-5445.536908705304,3225.0720234293303,6131558813,30.411746,-97.648628
Didelphis virginiana,-37.29433743422898,-4971.077718981408,3984.5637871565527,6131574401,38.713107,-90.42984
Didelphis virginiana,1356.3959418725435,-4637.384154319884,4152.663167632547,6131611233,40.677922,-73.696245
Didelphis virginiana,-1867.0810098101758,-5092.122826662013,3342.760348973783,6133049293,31.646909,-110.135999
Didelphis virginiana,-2664.06405110254,-4512.04266139267,3624.084282004642,6133165107,34.669371,-120.559053
Didelphis virginiana,1008.2748046064313,-5072.211618778363,3720.9950742245114,6133165827,35.735987,-78.757072
Didelphis virginiana,-818.234911531613,-5486.436189028551,3133.5702805180804,6133182009,29.462142,-98.482445
Didelphis virginiana,831.7862702837177,-5135.830713421098,3677.1085941708984,6133235581,35.251228,-80.8004
Didelphis virginiana,994.7134660818726,-4888.74356619739,3962.383701010851,6147184141,38.457925,-78.499017
Didelphis virginiana,-731.294842753039,-5445.535926763392,3225.073557761032,6147188943,30.411762,-97.648635
Didelphis virginiana,1008.2752082872258,-5072.207168384877,3721.001031310775,6147191058,35.736053,-78.757058
Didelphis virginiana,837.9004362653246,-5646.9716821482625,2828.3187248963714,6147216352,26.35527,-81.560005
Didelphis virginiana,156.4490292940041,-4694.864845521228,4303.896015611825,6147222731,42.4964,-88.091414
Didelphis virginiana,734.0360587254794,-5610.485032651726,2928.037208192402,6147318395,27.360505,-82.546164
Didelphis virginiana,-633.0021506060899,-5032.943062090334,3854.678396541308,6147332909,37.231305,-97.168551
Didelphis virginiana,-450.94687210548994,-5413.316587684242,3329.024417110564,6147356368,31.501914,-94.76193
Didelphis virginiana,-818.2283015246112,-5486.440437286423,3133.564568406075,6147361464,29.462083,-98.482371
Didelphis virginiana,-818.2334106477437,-5486.435970498825,3133.571055041486,6147361906,29.46215,-98.48243
Didelphis virginiana,218.02778669762793,-5016.745369493931,3921.0308480763533,6147381628,37.984551,-87.511491
Didelphis virginiana,-2686.5522647890202,-4247.3744890029875,3915.609787555577,6147409858,37.922722,-122.3142
Didelphis virginiana,-818.8849935037634,-5491.85813972691,3123.8877492968704,6147409933,29.362181,-98.480827
Didelphis virginiana,-828.4399644578791,-5478.944218576905,3143.9800579343973,6147672380,29.569721,-98.598237
Didelphis virginiana,70.21991422541595,-5029.087003950929,3910.640126630867,6147716710,37.866087,-89.200045
Didelphis virginiana,742.1274019255999,-5572.855260909573,2997.0459272325284,6159175809,28.061522,-82.41465
Didelphis virginiana,-818.2243032898737,-5486.430693208164,3133.582672885243,6159196116,29.46227,-98.482345
Didelphis virginiana,1462.447895173268,-4522.126686305274,4242.802083126951,6159197909,41.755595,-72.078883
Didelphis virginiana,977.5619043503236,-5078.537875413561,3720.561637821677,6159229942,35.731185,-79.104464
Didelphis virginiana,959.4850499070417,-5657.26279750142,2768.4868084729455,6159260977,25.756313,-80.3741
Didelphis virginiana,190.2734429937586,-4771.326251406334,4217.581647011651,6159266480,41.452269,-87.716339
Didelphis virginiana,469.3281209840169,-4690.12718475765,4286.279416385302,6159288628,42.281895,-84.285592
Didelphis virginiana,-818.0875085576893,-5486.637817246212,3133.2557221495704,6159335154,29.458893,-98.480632
Didelphis virginiana,406.28237626871453,-4787.934097813671,4183.344933830352,6159355269,41.042758,-85.149759
Didelphis virginiana,521.6254551415791,-4636.05433745576,4338.739470673874,6159365353,42.922849,-83.580367
Didelphis virginiana,849.8961583381766,-5556.227448832281,2999.2942814205758,6159387587,28.084438,-81.303286
Didelphis virginiana,616.9644691219062,-4698.008327203636,4258.852630820166,6159392029,41.949383,-82.518463
Didelphis virginiana,338.3085504315797,-4874.32900165895,4088.547081539943,6159395371,39.921876,-86.029686
Didelphis virginiana,742.132955986586,-5572.867977601259,2997.0209057566667,6159398194,28.061267,-82.414611
Didelphis virginiana,48.33956412924721,-4647.392478994856,4357.6552826490615,6159412909,43.155599,-89.404063
Didelphis virginiana,1678.507949671702,-4226.190298108035,4462.250525995135,6159477540,44.459054,-68.338603
Didelphis virginiana,1472.8430986376256,-4524.143990826804,4237.051744637853,6162881928,41.68631,-71.967249
Didelphis virginiana,-2398.430824757194,-4762.13049672111,3487.0325264801763,6163236560,33.183906,-116.731955
Didelphis virginiana,-2392.666695220142,-4769.096673696166,3481.467525656662,6163343595,33.124127,-116.643025
Didelphis virginiana,-819.5452009869558,-5488.31462574187,3129.936319174012,6170846313,29.424614,-98.492965
Didelphis virginiana,1017.3839994593408,-4869.337524027985,3980.4817553173843,6178661108,38.666075,-78.198575
Didelphis virginiana,-2294.569549457465,-3642.8523283445907,4696.203852714913,6179090854,47.486736,-122.206115
Didelphis virginiana,338.19762385340186,-4894.6184738492675,4064.244762849651,6184822277,39.637487,-86.047384
Didelphis virginiana,1022.3638063310315,-5073.726792751746,3715.0803234512773,6185746803,35.670483,-78.607368
Didelphis virginiana,472.2440084626944,-4912.002271688104,4029.7608377023357,6186048085,39.235945,-84.508414
Didelphis virginiana,-2500.1669435004133,-4668.6033230706935,3541.618471280964,6188659701,33.772453,-118.170288
Didelphis virginiana,-818.4023403770615,-5486.4404126296195,3133.5191618382223,6251437838,29.461614,-98.484149
Didelphis virginiana,1494.3785585411545,-4481.387978028229,4274.780420540213,6273528378,42.142273,-71.558348
Didelphis virginiana,-2698.4482070059544,-4260.346035996924,3893.2739509761036,6335005538,37.66852,-122.349642
Didelphis virginiana,708.414431096815,-4605.939169719921,4344.3326861937,6399756321,42.991579,-81.256166
Didelphis virginiana,1294.6519244850583,-5007.726999953506,3719.7177067677094,6413669589,35.721836,-75.504658
Didelphis virginiana,1006.027501044898,-5117.541799224327,3659.020050506778,6430894355,35.05227,-78.878378
Dryobates pubescens,-1078.461034225641,-4492.078268266256,4387.243754238466,5938032949,43.521461,-103.500102
Dryobates pubescens,780.6341151900571,-5487.329377194779,3141.5887404391474,5938036138,29.544998,-81.903362
Dryobates pubescens,1332.2309045391157,-4636.858178711163,4161.06478887168,5938036912,40.777626,-73.969939
Dryobates pubescens,149.67366188442824,-4698.365870300763,4300.314996998301,5938048450,42.452737,-88.175372
Dryobates pubescens,1355.371715352506,-4583.474707901075,4212.419761245429,5938050098,41.390362,-73.526612
Dryobates pubescens,-2417.5299807578567,-3752.807881285002,4545.51811436051,5938107675,45.517879,-122.789323
Dryobates pubescens,-546.1756556071883,-5510.6168431624055,3150.3249500256793,5938110921,29.635348,-95.66029
Dryobates pubescens,1021.5484959436507,-4811.126663663666,4049.5989957398538,5938173120,39.466664,-78.012398
Dryobates pubescens,848.6809102063528,-4521.263263221666,4407.683331067571,5938180077,43.775497,-79.368788
Dryobates pubescens,-617.5114982820947,-5307.3415203348695,3469.950816034197,5938195583,33.000544,-96.636549
Dryobates pubescens,981.8553580579578,-5611.080461566633,2853.3295006633043,5938195808,26.606562,-80.074584
Dryobates pubescens,1004.3122649884378,-4534.940249417126,4360.668175668468,5938208300,43.192753,-77.512763
Dryobates pubescens,-1571.0610388108805,-3563.5274967297496,5042.101954746544,5938217104,52.317796,-113.79136
Dryobates pubescens,1106.1746149864252,-4835.940092492139,3997.4759877532965,5938233720,38.862082,-77.115801
Dryobates pubescens,1204.6094199022207,-4967.220950097693,3803.3387054101345,5938241261,36.653618,-76.36827
Dryobates pubescens,517.5125645366799,-4666.347957990507,4306.637970642752,5938248971,42.529853,-83.67158
Dryobates pubescens,667.2100360839294,-5143.908138747785,3699.296278692829,5938256617,35.495942,-82.609497
Dryobates pubescens,-403.9308476774597,-4934.861691743803,4009.2060415163864,5938261763,38.997689,-94.679372
Dryobates pubescens,1031.775063871448,-4834.25241805607,4019.3527968778194,5938264844,39.115202,-77.952121
Dryobates pubescens,1088.526842095491,-4840.055264236054,3997.3400509408652,5938275888,38.860512,-77.325088
Dryobates pubescens,1520.5550873020954,-4452.321521918717,4295.869926058813,5938288844,42.398581,-71.143958
Dryobates pubescens,480.27033089584523,-4996.428380259387,3923.620391918309,5938293124,38.014104,-84.509442
Dryobates pubescens,-620.4580808705338,-5303.7474020290965,3474.917034265639,5938312431,33.053814,-96.67241
Dryobates pubescens,176.29160868684224,-5474.998256350026,3253.162844271433,5938350777,30.705119,-88.155748
Dryobates pubescens,964.8154266526841,-4530.5423310287815,4374.136544385272,5938351404,43.359118,-77.977993
Dryobates pubescens,859.0933831645694,-4532.380613241961,4394.227766671718,5938354726,43.608142,-79.267156
Dryobates pubescens,-1635.2445482653782,-3670.4335573935073,4944.051567065764,5938411022,50.897905,-114.013837
Dryobates pubescens,1288.171046712922,-4750.369458233157,4045.2884315427473,5938420997,39.416467,-74.827812
Dryobates pubescens,-1597.2100113774316,-4155.192812918384,4557.745714353154,5938435184,45.675038,-111.026206
Dryobates pubescens,319.25037347335586,-5228.987760263331,3625.67501739067,5938436678,34.686767,-86.506203
Dryobates pubescens,881.6725650211038,-4987.988793387668,3864.243058453437,5938459398,37.339417,-79.975988
Dryobates pubescens,1251.9491934607927,-4273.5459205773695,4556.224490890108,5938466266,45.655462,-73.671882
Dryobates pubescens,1016.03246683223,-5068.241117925847,3724.293641294416,5938590375,35.772541,-78.664153
Dryobates pubescens,195.90144041564795,-4764.1743470849215,4225.401583979738,5938623753,41.546167,-87.645341
Dryobates pubescens,1098.5339821947273,-4344.939131678976,4528.187293127966,5938676987,45.295878,-75.811212
Dryobates pubescens,984.0762041693979,-4437.716397815414,4464.081129037101,5938703220,44.482124,-77.496823
Dryobates pubescens,1415.5104285067898,-4526.293820146312,4254.262287420848,6129814154,41.893901,-72.633941
Dryobates pubescens,-373.4580311946493,-5115.591570631139,3779.0217134995783,6129851339,36.381508,-94.175407
Dryobates pubescens,-2323.6728046990743,-3451.477762479551,4824.686423125188,6129858750,49.225665,-123.950016
Dryobates pubescens,755.3867356337014,-5148.667102003206,3675.6456687303266,6129881972,35.235119,-81.653397
Dryobates pubescens,-2406.8723097025468,-3759.7243462365627,4545.458354751544,6129892688,45.517112,-122.626256
Dryobates pubescens,1532.5320875320606,-4448.8242690941015,4295.23703107074,6129892772,42.390874,-70.992182
Dryobates pubescens,484.1043698415849,-5249.563173232325,3577.356926422169,6129895790,34.159982,-84.731198
Dryobates pubescens,1262.2881439643052,-4278.356018218607,4548.851674066457,6129916831,45.560681,-73.561808
Dryobates pubescens,1088.5248707974524,-4840.05241814715,3997.3440338455675,6129934214,38.860558,-77.325103
Dryobates pubescens,306.8018773057793,-5288.31014110727,3539.689476383639,6129957400,33.751586,-86.679701
Dryobates pubescens,-1274.4966103236052,-4795.569069482328,3995.989091548608,6129997250,38.844911,-104.883199
Dryobates pubescens,493.9531876237417,-5013.07582338531,3900.6197157763895,6130014973,37.752025,-84.372642
Dryobates pubescens,1500.4770732973475,-4469.649332209061,4284.921998037951,6130024622,42.265397,-71.442916
Dryobates pubescens,1301.0457954670408,-4504.824074275317,4313.188267118015,6130045532,42.609842,-73.890665
Dryobates pubescens,1517.4786670925855,-4447.507103039664,4301.9405148151545,6130053629,42.472553,-71.160483
Dryobates pubescens,855.8672064029504,-5527.494416001122,3050.2540772463317,6130078003,28.605163,-81.198321
Dryobates pubescens,517.4111431576047,-5256.23474631696,3562.8689465407033,6130103431,34.002669,-84.378053
Dryobates pubescens,784.5959384100072,-4551.481976841515,4388.413626539186,6130106303,43.535972,-80.219333
Dryobates pubescens,-294.8734806438635,-4711.0015354734205,4278.932961949449,6130110920,42.192658,-93.581615
Dryobates pubescens,1173.0296829179676,-4257.550110622706,4592.060708244981,6130110923,46.118462,-74.596185
Dryobates pubescens,712.5823836443778,-5578.213694398223,2994.2463919699826,6130127111,28.032995,-82.720245
Dryobates pubescens,-667.3205153663215,-5314.781174955785,3449.280725279441,6130134655,32.779171,-97.15657
Dryobates pubescens,1110.375121497698,-4832.738662825203,4000.1821503615147,6130150335,38.893344,-77.060239
Dryobates pubescens,981.8359256823278,-5063.316379021559,3740.130825338729,6130152413,35.94828,-79.025878
Dryobates pubescens,-607.7723608228312,-5335.796849471634,3427.774477451202,6130154509,32.549426,-96.498252
Dryobates pubescens,832.9690492561583,-5646.614266821883,2830.48812298909,6130165480,26.377045,-81.608445
Dryobates pubescens,1115.2592773569288,-4331.940272022128,4536.545310429467,6130180214,45.402832,-75.562706
Dryobates pubescens,-137.88019917693194,-4959.540307978214,3996.711412385404,6130185972,38.853252,-91.59247
Dryobates pubescens,-741.1962878725165,-5452.977265804595,3210.205621317688,6130188623,30.256842,-97.740495
Dryobates pubescens,511.68297985571337,-4872.93207091427,4072.1574981892054,6130188805,39.729954,-84.005615
Dryobates pubescens,-213.32329976443125,-4314.901165405223,4682.507259176401,6130198729,47.304773,-92.830327
Dryobates pubescens,-1261.77516411631,-4735.625271060874,4070.814397265775,6130202562,39.71425,-104.919463
Dryobates pubescens,1307.3501506552434,-4501.071110453567,4315.199598152957,6130226079,42.634424,-73.803896
Dryobates pubescens,1356.8399290457553,-4638.166010684242,4151.64480585201,6130261331,40.665847,-73.693795
Dryobates pubescens,832.5698543279457,-4534.537414455322,4397.107117668005,6130265600,43.643915,-79.596009
Dryobates pubescens,722.4012298347558,-4742.854946644774,4192.042049872337,6130282030,41.146543,-81.339637
Dryobates pubescens,672.5968482856385,-4738.23202046841,4205.534915984114,6130282601,41.307883,-81.920783
Dryobates pubescens,1004.3133589603672,-4534.942189801417,4360.665905782088,6130283617,43.192725,-77.512755
Dryobates pubescens,1345.9491963913413,-4621.860071788977,4173.318028525233,6130299585,40.923307,-73.763714
Dryobates pubescens,-2468.9575308097424,-3789.765605706157,4486.83390538829,6130339894,44.76963,-123.08345
Dryobates pubescens,-819.4467581397424,-5489.195391215191,3128.417187223213,6130340308,29.40893,-98.490617
Dryobates pubescens,1424.0293800679988,-4528.885238691193,4248.657664385965,6130361768,41.826225,-72.54515
Dryobates pubescens,1088.5207757709552,-4840.055913452804,3997.3409167899326,6130433655,38.860522,-77.325158
Dryobates pubescens,-2716.3109311025737,-3992.8382793104893,4155.556584926135,6130441786,40.712242,-124.227288
Dryobates pubescens,1509.0193242997832,-4467.681366558951,4283.974441505133,6130443446,42.253883,-71.336913
Dryobates pubescens,661.1877605875351,-4760.969422449716,4181.597067320749,6130467209,41.02192,-82.093522
Dryobates pubescens,674.5874613131787,-4730.440858145733,4213.978425941683,6130467328,41.409049,-81.884021
Dryobates pubescens,522.498835829523,-4665.923038264027,4306.496290168055,6130482585,42.528124,-83.61053
Dryobates pubescens,522.7330126364858,-5270.474638567466,3540.9886206248334,6130486177,33.765639,-84.335849
Dryobates pubescens,-1284.964616334119,-4609.959696524703,4205.578516787508,6130489872,41.308405,-105.575101
Dryobates pubescens,-45.71942973764956,-4975.916231766667,3978.431916957096,6130508745,38.642469,-90.526427
Dryobates pubescens,1117.104036971718,-4797.853044519419,4040.1036946413483,6130510476,39.356138,-76.893105
Dryobates pubescens,984.0774902272888,-4437.715234766677,4464.082001713805,6130515613,44.482135,-77.496804
Dryobates pubescens,-684.9779888351661,-5305.933229501541,3459.426375652489,6130517966,32.88776,-97.356006
Dryobates pubescens,1004.3140344648658,-4534.943365387159,4360.664527636278,6130545356,43.192708,-77.51275
Dryobates pubescens,-2019.6848300949932,-3575.744753077903,4870.798269031211,6130560271,49.864791,-119.459027
Dryobates pubescens,-1640.111633874051,-3660.5293230471752,4949.7789883206115,6130575560,50.979644,-114.134915
Dryobates pubescens,1381.7310727386975,-4102.606085829711,4674.312321274523,6130581202,47.1962,-71.386809
Dryobates pubescens,508.9430884964955,-4670.4902737940765,4303.167515301259,6130593415,42.487515,-83.78102
Dryobates pubescens,339.2150508519326,-5478.807773326569,3233.782871791074,6130595491,30.502625,-86.45711
Dryobates pubescens,341.8542932063323,-4892.483127762664,4066.5092667362137,6130597424,39.663937,-86.003047
Dryobates pubescens,-611.5177018493235,-5506.5732357179295,3145.385577266693,6130610611,29.584255,-96.336864
Dryobates pubescens,1109.0324401149664,-4843.172819785318,3987.916400094517,6130622081,38.751758,-77.102273
Dryobates pubescens,1332.8764549051368,-4632.035782093467,4166.225869902244,6130622984,40.838948,-73.946734
Erethizon dorsatus,799.8429938271466,-4484.058904551753,4454.572937489428,5938439529,44.362397,-79.886248
Erethizon dorsatus,1075.0625015672465,-4433.4908324598355,4447.263516579156,6130125115,44.270523,-76.369626
Erethizon dorsatus,-1020.3464494261473,-5213.930856284403,3516.1870369345097,6130360825,33.497753,-101.072632
Erethizon dorsatus,1396.1975177918503,-4415.742906536138,4375.11145050787,6130570434,43.371178,-72.453758
Erethizon dorsatus,1641.8466410431872,-4217.158223460347,4484.380587692509,6130885931,44.738561,-68.727775
Erethizon dorsatus,-1186.2598374120676,-4874.395495084886,3927.1884708168386,6131005346,38.054844,-103.677922
Erethizon dorsatus,-1633.7116174144965,-3651.3488918059707,4958.668243703107,6131037635,51.106793,-114.105025
Erethizon dorsatus,-1171.7626158853034,-5388.056127928338,3191.485024872427,6131088069,30.062125,-102.269303
Erethizon dorsatus,-820.4363397588646,-5061.1556182805,3781.711404857361,6131337064,36.411559,-99.20781
Erethizon dorsatus,-2001.8990192946317,-4846.925462737561,3617.9368436846585,6131358464,34.602178,-112.441825
Erethizon dorsatus,-1016.0350503831845,-5165.599960658976,3588.036085731337,6131568020,34.276126,-101.127603
Erethizon dorsatus,-1601.2342666777693,-3797.2562135165085,4858.667224847222,6133379705,49.695837,-112.864273
Erethizon dorsatus,-1495.9269698489945,-4991.12557822192,3666.1452634851707,6133566160,35.130583,-106.684386
Erethizon dorsatus,785.5355334221177,-4551.192980823275,4388.545260871034,6147209139,43.537605,-80.207237
Erethizon dorsatus,1377.5882489394346,-4427.373633578485,4369.252390827916,6147365997,43.298735,-72.716341
Erethizon dorsatus,-1787.7675474079076,-4308.17903047135,4339.7273840092175,6147381288,42.934983,-112.537012
Erethizon dorsatus,439.85122788167604,-4375.3903275272605,4610.015564918333,6147388975,46.351904,-84.25943
Erethizon dorsatus,-1784.2367572502264,-4497.790799278957,4144.409517612396,6159439814,40.580119,-111.637822
Erethizon dorsatus,439.7913128341597,-4375.012224370066,4610.380110950237,6159528151,46.356654,-84.259714
Erethizon dorsatus,-815.4542422898326,-5464.026698178218,3173.2002379308806,6159550849,29.87231,-98.488204
Erethizon dorsatus,974.5480878695946,-4713.3342246739985,4174.265161752893,6159591073,40.934581,-78.317911
Erethizon dorsatus,-1787.3365015455515,-3999.418203981014,4625.995610631903,6159696993,46.560512,-114.079826
Erethizon dorsatus,57.92327822261867,-4536.2612381540675,4473.1121160483235,6163052751,44.59607,-89.268433
Erethizon dorsatus,1665.9864173572846,-4102.441566022542,4580.853150258037,6163217700,45.973246,-67.89811
Erethizon dorsatus,-1309.2621953024577,-5337.893831972559,3222.184828997016,6163270350,30.381643,-103.781268
Erethizon dorsatus,1918.4593799079348,-4207.132553536869,4382.84181944672,6170956238,43.466891,-65.486936
Erethizon dorsatus,-1630.340407032828,-3660.536201103525,4953.000909275511,6171005377,51.025689,-114.007376
Erethizon dorsatus,-1495.925430450264,-4990.4148050904005,3667.1133483087433,6171249091,35.141229,-106.686614
Erethizon dorsatus,-1495.851420588001,-4994.28502257316,3661.8709385372526,6171273123,35.083595,-106.673622
Erethizon dorsatus,1526.0225464960279,-4395.2537591725895,4352.32727511873,6171355555,43.089951,-70.85311
Erethizon dorsatus,-198.19253773566842,-4315.873940086037,4682.275619925589,6171426329,47.301701,-92.629276
Erethizon dorsatus,-1494.7507606816253,-4995.825697622735,3660.218421363873,6171431763,35.065436,-106.65718
Erethizon dorsatus,-1633.3348183411838,-3650.262704101218,4959.591988452222,6178348515,51.120026,-114.106453
Erethizon dorsatus,1692.0662812579087,-4231.0142495923865,4452.547950247547,6178797982,44.33693,-68.202553
Erethizon dorsatus,1163.794246230595,-4354.981716435755,4502.16285041182,6179204154,44.964137,-75.0383
Erethizon dorsatus,-2379.6746017063992,-3898.8584410213416,4441.374199113104,6179454093,44.196603,-121.397872
Erethizon dorsatus,-1133.204232517515,-3755.9542171722615,5019.801710783777,6184957779,51.990919,-106.789022
Erethizon dorsatus,-2356.511912486084,-3887.461310492666,4463.658734201267,6185126325,44.4768,-121.22352
Erethizon dorsatus,-2151.0274981580806,-3837.394614105189,4608.387614717507,6185296242,46.330697,-119.272537
Erethizon dorsatus,-230.3391444771197,-4369.483175375739,4630.800555876633,6185643971,46.623394,-93.017578
Erethizon dorsatus,358.5634266633968,-4558.558880188493,4436.296466039152,6185668400,44.132944,-85.502535
Erethizon dorsatus,328.9726589027016,-4584.221909286614,4412.078830414129,6185728847,43.830268,-85.89538
Erethizon dorsatus,-2137.4846050885785,-3856.8215084266026,4598.460671227352,6185768274,46.201558,-118.995608
Erethizon dorsatus,1407.5238532749818,-4473.687056058803,4312.163477489148,6185841841,42.597321,-72.535237
Erethizon dorsatus,1081.9886348827602,-4317.443766115468,4558.3695604999675,6185924508,45.683068,-75.930941
Erethizon dorsatus,-2189.3804583728597,-3902.162698417475,4535.360251760794,6186153622,45.387655,-119.295409
Erethizon dorsatus,1484.947826058522,-4428.60493739284,4332.682932325105,6187921384,42.848512,-71.463272
Erethizon dorsatus,1352.9493551362225,-4487.067510594831,4315.727786535918,6187932280,42.640881,-73.220788
Erethizon dorsatus,-822.4251749721559,-5058.905316564425,3784.289492003174,6188099477,36.440374,-99.233782
Erethizon dorsatus,1654.559060222986,-4216.3136530530655,4480.500711414938,6188158608,44.68946,-68.574044
Erethizon dorsatus,-1497.2714490536002,-3523.260005329612,5092.599559397062,6188261137,53.067084,-113.023921
Erethizon dorsatus,1066.8704727920501,-4604.52505944937,4271.988939693627,6188619702,42.108425,-76.954737
Erethizon dorsatus,1080.8419292534863,-4338.637554321679,4538.475297484238,6195250066,45.427558,-76.011214
Erethizon dorsatus,-1964.429837803685,-4249.634397693104,4321.0387672372935,6195262379,42.705844,-114.809144
Erethizon dorsatus,804.8045809016774,-4549.714996458802,4386.585935238816,6195554767,43.513303,-79.96865
Erethizon dorsatus,-1055.4562650794664,-5115.066566035639,3648.5420687181763,6195720640,34.937243,-101.658931
Erethizon dorsatus,-842.9785227798659,-5471.625244792194,3152.8491115754437,6195788912,29.661468,-98.758335
Erethizon dorsatus,1250.9251746844539,-4511.842956186493,4320.672687872622,6195833980,42.701364,-74.503769
Erethizon dorsatus,-1911.654948784275,-4840.239225378504,3675.243220192825,6234222354,35.230688,-111.551567
Erethizon dorsatus,-10.99483206779831,-4579.568353525755,4429.129252881501,6234322311,44.043206,-90.137558
Erethizon dorsatus,1160.4508241680319,-4384.327459256052,4474.458597906404,6234577561,44.613078,-75.17482
Erethizon dorsatus,1044.4983286831011,-4420.589667350814,4467.344106285844,6234709366,44.523268,-76.705951
Erethizon dorsatus,1399.3509973992736,-4432.875128016086,4356.740526491274,6234712215,43.144323,-72.480359
Erethizon dorsatus,785.7400612731814,-4550.621318582039,4389.101422917282,6234935479,43.544505,-80.20353
Erethizon dorsatus,455.748819641166,-4462.632584075813,4524.042060217605,6234939963,45.242908,-84.168853
Erethizon dorsatus,1219.8064950305643,-4515.903530909498,4325.325484154668,6234956806,42.758328,-74.884364
Erethizon dorsatus,-2377.0022158074175,-3899.470353740964,4442.2679518484,6235159783,44.207815,-121.365254
Erethizon dorsatus,785.0142355967915,-4551.296372541027,4388.531315700357,6235236904,43.537432,-80.213828
Erethizon dorsatus,-776.7351134721024,-5441.9777389209,3220.452449930953,6235353658,30.363585,-98.12298
Erethizon dorsatus,784.6037403552839,-4551.425215787952,4388.471101122523,6235741683,43.536685,-80.219118
Erethizon dorsatus,1119.1032094642494,-4332.563086455985,4535.003664620705,6235895005,45.383089,-75.51703
Erethizon dorsatus,-2376.9129888289285,-3899.264409714913,4442.496464415517,6235908649,44.210682,-121.365643
Erethizon dorsatus,-807.853606025231,-5460.519385614656,3181.17175270937,6235926702,29.955018,-98.415549
Erethizon dorsatus,-1600.881992150453,-3798.8617797408765,4857.528091046907,6235939882,49.680002,-112.851091
Erethizon dorsatus,-937.6194076617763,-5449.760695145619,3163.973979301878,6236352635,29.776669,-99.762042
Erethizon dorsatus,1044.9093009478036,-4419.719569312304,4468.108840561974,6251578880,44.532915,-76.698381
Erethizon dorsatus,1755.8589860332402,-4068.7127531460196,4577.367025182784,6251761098,45.928154,-66.657316
Erethizon dorsatus,1100.4062810273435,-4437.66111819778,4436.893389116832,6251783675,44.140424,-76.073284
Erethizon dorsatus,-1604.0129568635246,-3801.517896035736,4854.416262539854,6251860236,49.636771,-112.876833
Erethizon dorsatus,-156.25107348148947,-4334.350297200842,4666.770428558522,6252068747,47.096475,-92.064589
Erethizon dorsatus,1654.9013441876054,-4216.084640711276,4480.589801916927,6252072610,44.690587,-68.568955
Erethizon dorsatus,1102.2578942395703,-4437.842084681953,4436.252731268781,6252420624,44.132396,-76.051311
Erethizon dorsatus,-152.65644064170627,-4331.465778898596,4669.566719411814,6252746455,47.133428,-92.018474
Erethizon dorsatus,1415.5821668569133,-4464.55611116339,4318.983559684818,6253154412,42.680697,-72.407678
Erethizon dorsatus,-1937.6776511794603,-4271.245841766504,4311.79978767445,6253171173,42.592878,-114.40172
Erethizon dorsatus,-1498.1463627588048,-3662.9939787461767,4992.773349261837,6253238659,51.597907,-112.244318
Erethizon dorsatus,1573.3932694334292,-4276.498869140215,4452.610938721402,6253254420,44.337722,-69.800613
Erethizon dorsatus,785.6083964731823,-4551.264892786056,4388.4576393946645,6273167558,43.536518,-80.206498
Erethizon dorsatus,1577.402817542229,-4254.572133671154,4472.154898958237,6273543716,44.583982,-69.657499
Erethizon dorsatus,1289.5489287322132,-4625.453507443907,4187.122704263382,6273698680,41.087819,-74.421846
Erethizon dorsatus,1261.341321417679,-4561.674147131066,4264.961919637478,6274098734,42.023299,-74.54343
Erethizon dorsatus,-215.5131604760951,-4310.028264318935,4686.892741263762,6274187800,47.362967,-92.862561
Erethizon dorsatus,-2359.564135323456,-3894.564222546245,4455.847813540704,6320927857,44.378436,-121.210033
Erethizon dorsatus,1018.2116314176076,-4708.612008081028,4169.169121141343,6334018707,40.873944,-77.797981
Erethizon dorsatus,-1497.9813703140949,-5000.530801642295,3652.4644619347105,6334607474,34.980284,-106.676348
Erethizon dorsatus,846.4695181707425,-4422.693626230448,4506.997179163284,6413524833,45.025616,-79.165059
Erethizon dorsatus,-1073.217832250085,-5378.289327811211,3242.215372329527,6413574074,30.590681,-101.284936
Erethizon dorsatus,925.2054015824532,-4438.249190629761,4476.124687319865,6422907797,44.63413,-78.224657
Erethizon dorsatus,1366.2249385814464,-4379.217155974862,4421.045085462372,6441286856,43.94215,-72.673161
Erethizon dorsatus,-2379.3713189116675,-3908.162193662102,4433.352402465679,6499233077,44.096066,-121.333934
Falco sparverius,-2008.4749859845142,-4910.688114121446,3527.169347533273,5938044651,33.616272,-112.244597
Falco sparverius,815.3014053473712,-5431.76613382508,3228.1501538105344,5938112217,30.44385,-81.4637
Falco sparverius,-1254.474253338093,-4675.432375514413,4142.026023503585,5938194987,40.551902,-105.019389
Falco sparverius,926.5747044031052,-5557.216159182791,2974.6530901863835,5938196935,27.833552,-80.533946
Falco sparverius,-1803.361478818849,-4481.979517529055,4153.251751440038,5938253748,40.684902,-111.917796
Falco sparverius,908.9095894886909,-5560.564736974323,2973.8453715233095,5938259978,27.825338,-80.716737
Falco sparverius,-2632.857587864391,-4285.224615111109,3910.8393024705297,5938319985,37.868356,-121.566717
Falco sparverius,-2685.0442431749284,-4335.737179608955,3818.595769550268,5938345660,36.824838,-121.76919
Falco sparverius,-2713.1502129499704,-4270.747660606536,3871.599601078445,5938375780,37.422676,-122.427262
Falco sparverius,-2597.4406062720154,-4188.88222244806,4036.8702175107524,5938376704,39.31854,-121.802209
Falco sparverius,-652.4980046721423,-5326.518529695312,3433.9772620663634,5938415819,32.615628,-96.983932
Falco sparverius,-2695.9974242501667,-4201.876397573078,3957.977483214399,5938442612,38.407339,-122.684941
Falco sparverius,183.9130059502743,-4892.94762693395,4076.1492435877763,5938566509,39.776648,-87.847416
Falco sparverius,1117.9699227042026,-4618.472287781735,4243.773098151966,5938629634,41.767302,-76.392454
Falco sparverius,1340.2426902502334,-4649.18143884451,4144.709231009088,5938646714,40.583668,-73.919052
Falco sparverius,-850.5612848799617,-5045.164542235736,3796.394786123811,5938658691,36.575817,-99.569476
Falco sparverius,-705.3365803469806,-5413.483452641803,3284.273183837673,5938690727,31.031072,-97.423395
Falco sparverius,-2584.8031721283214,-4176.734228733166,4057.5160965252585,5938708026,39.558954,-121.751603
Falco sparverius,910.0201713765442,-5292.843360986707,3427.4517609186255,5938715328,32.545983,-80.244287
Falco sparverius,-2683.451562395872,-4278.773678284291,3883.4181659942456,6129812819,37.556629,-122.09406
Falco sparverius,203.3005995676148,-4756.764288877444,4233.392905927011,6129833402,41.642264,-87.55271
Falco sparverius,711.6963338118962,-5502.38283385837,3131.6169318383872,6129845365,29.441968,-82.630092
Falco sparverius,-2619.381442160243,-4556.064964918228,3601.5088540205807,6129849248,34.422882,-119.895538
Falco sparverius,-2473.603446444369,-4043.340369772812,4257.045662614089,6129861961,41.927537,-121.457138
Falco sparverius,-1903.977866300878,-5084.503220459149,3333.533922949387,6129868691,31.549491,-110.529259
Falco sparverius,-1773.22124768218,-4490.97318417786,4156.512888881887,6129907113,40.723589,-111.546149
Falco sparverius,-2439.8036161065324,-4273.831672716928,4046.1678509167846,6129910996,39.426705,-119.720763
Falco sparverius,-705.3597368561266,-5586.979057148302,2979.578122198838,6129913371,27.88365,-97.19556
Falco sparverius,-2088.919102739831,-4095.762364853835,4410.317535340621,6129925046,43.808315,-117.022473
Falco sparverius,-2513.2295104629093,-4665.560540991245,3536.37885353949,6129926914,33.715785,-118.310319
Falco sparverius,-360.471686968074,-5361.475356303963,3422.629880123925,6129959051,32.494555,-93.846417
Falco sparverius,-2344.8164871738895,-3650.179862304228,4665.5948971147955,6129960442,47.080948,-122.716033
Falco sparverius,-2079.2740694555055,-4126.898232581169,4385.781965817019,6129972852,43.503334,-116.740546
Falco sparverius,561.8221673391964,-5481.7521366902965,3197.577597784781,6129974317,30.125453,-84.148215
Falco sparverius,-2737.273340447232,-4161.839696945874,3971.9237311760853,6129975226,38.567572,-123.333221
Falco sparverius,-30.2095622245939,-5548.243435786351,3131.427037195869,6129993158,29.440007,-90.311966
Falco sparverius,-727.6831053572552,-5437.723078896735,3239.042782225771,6129996857,30.557542,-97.622111
Falco sparverius,-1443.3364907027249,-4090.6487461694805,4666.168207399454,6130004464,47.08852,-109.43478
Falco sparverius,-2411.4249941570406,-4708.129871355157,3550.816207815525,6130007025,33.87202,-117.120762
Falco sparverius,-1801.5771839210574,-4490.339883796757,4144.987395401418,6130007665,40.586962,-111.861237
Falco sparverius,855.5506165617536,-5521.702867376958,3060.8142244473647,6130013385,28.713392,-81.192442
Falco sparverius,-1966.419740046728,-4945.9629238249,3501.4850123599635,6130032205,33.339345,-111.681817
Falco sparverius,-2315.892897517488,-4738.038057722243,3574.547325254084,6130057083,34.129452,-116.048798
Falco sparverius,731.4383824294722,-5549.150177752232,3043.3013861822433,6130063658,28.533967,-82.49108
Falco sparverius,-622.9698218748946,-5261.253679088164,3538.4843443191676,6130098329,33.738552,-96.752786
Falco sparverius,917.5583040078088,-5548.755204702429,2993.1848534147457,6130106347,28.02218,-80.610374
Falco sparverius,-2618.5076811307877,-4557.247934243823,3600.6474305834095,6130107288,34.413491,-119.880853
Falco sparverius,-1295.0917424286854,-5307.816142395664,3277.129583476136,6130165915,30.956128,-103.71208
Falco sparverius,-2361.139883799277,-4721.143048363935,3567.293076787309,6130166530,34.050676,-116.570569
Falco sparverius,-2071.450585216591,-4147.245811320371,4370.262896344899,6130170173,43.311223,-116.541037
Falco sparverius,-685.1620183005523,-5305.75653363693,3459.66092906874,6130193601,32.890272,-97.358203
Falco sparverius,-2444.513503815798,-4769.151955330969,3445.184535885189,6130220405,32.735367,-117.138214
Falco sparverius,-1799.771299733209,-4456.24613237186,4182.397255887456,6130236423,41.031459,-111.992605
Falco sparverius,-2510.453456923593,-3830.3180315273466,4428.999926355191,6130266578,44.041588,-123.241493
Falco sparverius,-2329.2955199107,-4738.525920629498,3565.179884679559,6130268556,34.027742,-116.177136
Falco sparverius,-625.6386590409505,-5297.921928021978,3482.8655791710903,6130272266,33.139141,-96.734943
Falco sparverius,-2637.3521758014294,-4249.674811695186,3946.440247275561,6130357097,38.275052,-121.823777
Falco sparverius,-1096.507219194571,-5666.579551041091,2697.6473527232165,6130376804,25.051041,-100.951625
Falco sparverius,-2426.1153889128377,-3760.0411605742556,4534.953993167423,6130439987,45.382453,-122.83158
Falco sparverius,-1995.6051469416677,-4666.155137871931,3851.5333902860993,6130443056,37.19579,-113.15526
Falco sparverius,-2499.0764008008578,-3865.2071250063373,4405.058927351359,6130463016,43.742819,-122.884968
Falco sparverius,1149.557249243145,-4801.663837319677,4026.4495096507094,6130482162,39.197508,-76.536337
Falco sparverius,-2446.0706930039246,-4749.36273870875,3471.317454608504,6130496476,33.0152,-117.249887
Falco sparverius,-2639.893975486617,-4269.530645379752,3923.2411340663307,6130505965,38.009775,-121.728921
Falco sparverius,1098.994258727993,-4760.586677337447,4088.8603835931535,6130522440,39.92555,-77.000843
Falco sparverius,-2135.357444250491,-4639.644213350898,3808.372787488243,6130574344,36.71007,-114.713856
Falco sparverius,814.7092889836848,-4571.582952734267,4361.952683190245,6130596033,43.2086,-79.895307
Falco sparverius,745.1415015795557,-4716.213581135377,4218.038256039817,6130619177,41.457748,-81.021729
Falco sparverius,-1946.7310682089094,-5084.46587059084,3308.806142484714,6130624261,31.2889,-110.950753
Falco sparverius,-728.8798954638954,-5430.188480941948,3251.390516242451,6130633524,30.686583,-97.644967
Falco sparverius,-2499.3103701246728,-4641.898723548176,3577.146494594054,6130670276,34.157695,-118.299095
Falco sparverius,-2697.57618966208,-4254.693466714268,3900.053760519792,6130672467,37.745588,-122.375663
Falco sparverius,558.2470217986717,-4728.440605653458,4233.19770754189,6130695172,41.639915,-83.26674
Falco sparverius,4.169616591794033,-5502.61164484826,3211.074715722953,6130698931,30.265891,-89.956584
Falco sparverius,-543.436591355644,-5525.265929264625,3125.0385936434,6130719311,29.374057,-95.61725
Falco sparverius,-885.189722347466,-5635.361362633194,2837.057383569955,6130755959,26.443008,-98.926948
Falco sparverius,-2674.290162997881,-4233.912915887405,3938.515795887077,6130765889,38.184329,-122.277965
Falco sparverius,968.3201391585602,-5605.986766936252,2867.929846895321,6130830077,26.753512,-80.200019
Falco sparverius,-1912.2469594653962,-5037.697624253306,3399.215695169312,6130834711,32.245246,-110.786135
Falco sparverius,-2326.528436428283,-3526.997013272978,4768.365614393625,6130841310,48.456074,-123.410216
Falco sparverius,-2618.5039817616666,-4557.262670990674,3600.63146889135,6130856976,34.413317,-119.880738
Falco sparverius,-1227.387822336291,-4637.090590327585,4192.930135400945,6130864577,41.15715,-104.825587
Falco sparverius,-880.9107926482305,-5466.69051085168,3151.0385849172812,6130866769,29.642732,-99.154037
Falco sparverius,-2459.4567684403187,-3810.7300722231525,4474.277802115629,6130891866,44.610794,-122.838321
Falco sparverius,-2624.0006005093715,-4395.613912893211,3792.486296215655,6130904317,36.53206,-120.835463
Falco sparverius,-756.2233266143303,-5429.623474860832,3246.085077628431,6130949614,30.631117,-97.928995
Falco sparverius,-2561.824562767038,-4191.193598894833,4057.1793472637974,6130951302,39.555026,-121.434936
Falco sparverius,766.4835936291835,-5511.6006265370925,3102.3401754047954,6131017261,29.140078,-82.082807
Falco sparverius,894.1073001690128,-5514.915072214706,3062.031517101185,6131049516,28.725875,-80.791031
Falco sparverius,-2611.5416164942058,-4560.363068870592,3601.7623734884924,6131059627,34.425646,-119.79808
Falco sparverius,-1986.274467383286,-4930.124675800316,3512.5969810047245,6131077063,33.459045,-111.943778
Falco sparverius,-2589.725707209399,-4214.6686486421795,4014.9274057259013,6131077064,39.063926,-121.568868
Falco sparverius,676.5930603601274,-4927.160287349623,3981.8420941964446,6131114168,38.681745,-82.181098
Falco sparverius,-2699.310357241143,-4287.89115721526,3862.3135746393395,6131117403,37.317595,-122.191208
Falco sparverius,-847.116717511205,-5458.383399157579,3174.6176249103482,6131124512,29.887011,-98.821673
Falco sparverius,-2513.394028256984,-4658.860580897035,3545.0841564289144,6131133995,33.809956,-118.346278
Falco sparverius,-1994.180275980793,-4933.297169739957,3503.651979235714,6131150978,33.362675,-112.009972
Falco sparverius,-1255.1568830760114,-4729.869989464026,4079.5421570700705,6131180362,39.816362,-104.861935
Falco sparverius,-1796.8074528954226,-4493.579137232193,4143.547108979031,6131180443,40.569908,-111.794548
Falco sparverius,-635.6433154945324,-5538.325551026659,3084.2601699580737,6131204398,28.954087,-96.547289
Lontra canadensis,-2329.315535607964,-3491.5822286306257,4793.0048827393875,5938279238,48.791302,-123.708173
Lontra canadensis,725.7726453637159,-5457.266282971512,3206.4391330043177,5938409758,30.217635,-82.424574
Lontra canadensis,965.9865725012422,-5612.5245743036,2855.9045807349617,5938430718,26.632466,-80.234349
Lontra canadensis,290.1362176500036,-5130.163022061316,3766.5636158121492,5938562501,36.242469,-86.763087
Lontra canadensis,1074.2607216984406,-4419.390280473576,4461.469105614099,5938682108,44.449209,-76.337581
Lontra canadensis,178.4648825645699,-4756.528346814367,4234.777621235858,5938700391,41.65893,-87.851271
Lontra canadensis,1073.176478968078,-4828.637387858546,4015.2591885508095,6129948567,39.067769,-77.469542
Lontra canadensis,-2723.2031129570487,-3994.733578757637,4149.219392850259,6129993477,40.637097,-124.282188
Lontra canadensis,-2296.75894150176,-3602.7651742679654,4725.963879822936,6130013541,47.884298,-122.517467
Lontra canadensis,-2298.920687568829,-3545.222878627006,4768.239878907639,6130079139,48.454369,-122.96163
Lontra canadensis,-2700.9391693098337,-3990.273853734953,4168.020550041057,6130121129,40.860285,-124.093311
Lontra canadensis,768.7923275213066,-5507.235706540923,3109.5122381850333,6130209195,29.213951,-82.05305
Lontra canadensis,976.3949669950656,-5078.021852573988,3721.572256840538,6130269017,35.742382,-79.11608
Lontra canadensis,-2667.0163280023667,-4267.074205592504,3907.538196846359,6130310042,37.830759,-122.0063
Lontra canadensis,-2743.0984179225925,-4096.183539729162,4035.6467397580627,6130404176,39.304319,-123.809103
Lontra canadensis,878.2001780580765,-4575.823406377483,4345.153360997073,6130610946,43.00167,-79.135797
Lontra canadensis,-2279.4477460036715,-3481.602956752139,4824.138467586827,6130703634,49.21812,-123.213256
Lontra canadensis,-1913.9223877878787,-3659.848091826435,4850.996409806564,6130739886,49.589305,-117.607377
Lontra canadensis,-2691.161488765253,-4203.0933348219605,3959.9759329873996,6130811443,38.430278,-122.63067
Lontra canadensis,-2301.424666122269,-3805.591843256409,4561.871146621934,6130845950,45.728161,-121.163374
Lontra canadensis,-210.35366359458263,-4688.153931182809,4308.911368713094,6130944947,42.557603,-92.569092
Lontra canadensis,1107.7674514895082,-4343.499599405892,4527.318812835996,6130952722,45.284776,-75.69228
Lontra canadensis,1142.141689998459,-4797.082699056661,4034.013270684189,6131037707,39.285337,-76.607738
Lontra canadensis,171.93277972296409,-5092.640495159913,3824.2914423447864,6131060486,36.888855,-88.06637
Lontra canadensis,1142.1408778089528,-4797.081517308331,4034.014905923629,6131101297,39.285356,-76.607744
Lontra canadensis,969.3994122930395,-5618.773384818597,2842.4291651996377,6131109402,26.496975,-80.211202
Lontra canadensis,1592.5116390661713,-4143.043472967815,4570.432210438635,6131161306,45.838563,-68.974135
Lontra canadensis,1142.139499032045,-4797.082786455943,4034.0137870756394,6131174134,39.285343,-76.607763
Lontra canadensis,1142.1465774620563,-4797.084647513099,4034.0095698775026,6131185025,39.285294,-76.607688
Lontra canadensis,-1326.6960351757202,-4677.783563805881,4116.791431456542,6131324509,40.253887,-105.834205
Lontra canadensis,-2585.185237988937,-4258.892556183132,3970.9450524842855,6131367299,38.556316,-121.258119
Lontra canadensis,1138.119034266609,-4829.449623460148,3996.35515538573,6131426273,38.849138,-76.739495
Lontra canadensis,859.6755513635164,-5527.3873573053515,3049.3769983992197,6131501786,28.596179,-81.159605
Lontra canadensis,820.1390026772958,-4733.883170101913,4184.193503865566,6131601664,41.052877,-80.171145
Lontra canadensis,-2326.585344481363,-3531.6670291193436,4764.880036260443,6133121373,48.40883,-123.376022
Lontra canadensis,-2721.476704146565,-4214.4720255691755,3927.0272757086677,6133136690,38.053003,-122.852174
Lontra canadensis,1199.5767897781845,-4765.811187969348,4054.3572086989443,6133149639,39.522116,-75.87187
Lontra canadensis,-388.8313281735043,-5519.417958611222,3158.2572292434,6133238459,29.717454,-94.029709
Lontra canadensis,971.9187459179008,-5612.698910242866,2853.548321646113,6133286101,26.608763,-80.175842
Lontra canadensis,1579.5525651907021,-4490.900534270136,4233.979123090843,6133367797,41.649319,-70.622059
Lontra canadensis,1375.8794106841067,-4609.336300565122,4177.406832620642,6133380058,40.971991,-73.379721
Lontra canadensis,-2460.025985107734,-3780.5066416301693,4499.532732947093,6133505616,44.930717,-123.052589
Lontra canadensis,-2609.1353302943076,-4246.9412751733935,3968.079606448948,6133600631,38.52337,-121.56475
Lontra canadensis,335.2201410756193,-5478.160077532634,3235.2963931643626,6147284241,30.518424,-86.498317
Lontra canadensis,849.8038925215011,-5646.638644041513,2825.430674702489,6147318195,26.326288,-81.44137
Lontra canadensis,-2326.4397394169096,-3530.362057890842,4765.918065676744,6147350374,48.422895,-123.384103
Lontra canadensis,-2235.9521048494817,-3497.3578781303445,4833.090024691887,6147376808,49.341522,-122.591842
Lontra canadensis,-2634.1822845921,-4267.642039487425,3929.1307237120773,6147477924,38.07703,-121.684767
Lontra canadensis,-250.09812536972302,-4507.190708263921,4495.824282231609,6147506108,44.883628,-93.176011
Lontra canadensis,113.54657470126568,-5326.016207742314,3494.3399462441002,6147509714,33.262464,-88.778683
Lontra canadensis,-2565.0688607766224,-3785.2305107237853,4436.463101372231,6147529511,44.135032,-124.123607
Lontra canadensis,-2743.6285630484813,-4141.727771489036,3988.5268589516136,6147581664,38.758798,-123.521915
Lontra canadensis,-2325.277391421993,-3533.083655984265,4764.468287483508,6147647765,48.403252,-123.350669
Lontra canadensis,-2325.824423726312,-3532.3648411701374,4764.73425371664,6147709413,48.406855,-123.362213
Lontra canadensis,-735.7871514072564,-5426.245873383713,3256.413075622879,6159217230,30.739121,-97.722085
Lontra canadensis,773.9884065146971,-5570.7319394438755,2992.9317959349078,6159359624,28.019602,-82.090056
Lontra canadensis,-2325.4796336405548,-3530.4737205173783,4766.303904697707,6159369994,48.428124,-123.372405
Lontra canadensis,1071.090995088714,-4369.533638143986,4511.063399581687,6159379455,45.077378,-76.226831
Lontra canadensis,-2327.760356159901,-3529.9023478471663,4765.61373472828,6159389041,48.418771,-123.402473
Lontra canadensis,-2304.466228798267,-3631.719778325334,4699.978721412079,6159584870,47.536997,-122.396702
Lontra canadensis,-357.14661609327953,-5488.662500109479,3215.086839291051,6162863845,30.307676,-93.722981
Lontra canadensis,1203.873810156425,-5032.450330041376,3716.8379914334882,6163014067,35.689943,-76.546412
Lontra canadensis,878.1170621555569,-4575.836886273244,4345.155963259536,6163104586,43.001702,-79.136832
Lontra canadensis,878.1746515189311,-4575.8379580425235,4345.14319589634,6163148521,43.001545,-79.136139
Lontra canadensis,-285.4569985123883,-4976.028409371938,3968.300480155341,6163298976,38.525909,-93.283256
Lontra canadensis,-308.9541010491217,-5496.142232386103,3207.291856770172,6163299850,30.22651,-93.217376
Lontra canadensis,1477.6942832553955,-4478.5748254305945,4283.519612180044,6163330786,42.248357,-71.739826
Lontra canadensis,-537.2491458749964,-5532.5501120945655,3113.198635181576,6163378944,29.251942,-95.546429
Lontra canadensis,-2326.8593491275196,-3530.866698288239,4765.339343422922,6163389625,48.415053,-123.385088
Lontra canadensis,1613.914617707684,-4116.244558711756,4587.108399558785,6170855927,46.054248,-68.590637
Lontra canadensis,-115.25565036407157,-5493.8163817541945,3224.0426219741335,6171025753,30.401012,-91.201841
Lontra canadensis,542.6013662376648,-5472.394827244662,3216.8667584748237,6171265929,30.326219,-84.337491
Lontra canadensis,-2266.698492726198,-3536.0314086393887,4790.439744936361,6171386524,48.756298,-122.661047
Lontra canadensis,-2744.172619158573,-4013.2951009494636,4117.369572753075,6171419729,40.2607,-124.363167
Lontra canadensis,-68.33584583849391,-5552.328591665382,3123.576564137031,6178340443,29.35897,-90.705138
Lontra canadensis,906.2013510840333,-4453.728038913013,4464.623029592863,6178399779,44.488955,-78.49901
Lontra canadensis,-2321.292885670553,-3533.4428133303413,4766.144600569403,6178600133,48.425965,-123.302886
Lontra canadensis,-2724.048020632444,-4212.737120252741,3927.1059912625915,6178604355,38.053902,-122.887593
Lontra canadensis,-441.479200441235,-4972.691057907535,3958.180502182997,6178640162,38.409669,-95.07346
Lontra canadensis,889.4940561918398,-4475.322432793204,4446.351602855395,6178693494,44.259071,-78.758657
Lontra canadensis,1160.7397850510426,-4491.353658553146,4366.941560735428,6178799150,43.270187,-75.509605
Lontra canadensis,855.1627841344052,-4529.355555434839,4398.111867012991,6178933584,43.656403,-79.308157
Lontra canadensis,1010.213506074824,-4358.718204938348,4535.504096763718,6178984777,45.389497,-76.951037
Lontra canadensis,714.7181999374246,-5531.132932311794,3079.8538130001525,6179310327,28.908809,-82.637191
Lontra canadensis,-2425.269475365566,-3763.073576647208,4532.890728693673,6179360455,45.356041,-122.801442
Lontra canadensis,-592.7105519428176,-5507.034126533088,3148.1776411906976,6179413166,29.613133,-96.142978
Lontra canadensis,924.5182064412074,-4459.073236060786,4455.52298738123,6179550220,44.374349,-78.286589
Lontra canadensis,863.7033128747911,-4490.432309129601,4436.190639967082,6184800628,44.131618,-79.112521
Lontra canadensis,1443.3570884496405,-4438.512410971804,4336.59786267402,6184929755,42.896553,-71.986025
Lontra canadensis,944.4640477261943,-5567.139645075717,2950.3723433587675,6185045022,27.586902,-80.371458
Lontra canadensis,-2306.390715441245,-3593.1429883530645,4728.597938359008,6185052561,47.919633,-122.695866
Lontra canadensis,1295.1683989141509,-5008.149900267051,3718.9684758796648,6185088941,35.713537,-75.500292
Lontra canadensis,851.9374142849948,-4533.3718526626535,4394.598436410864,6185119477,43.612746,-79.35678
Lontra canadensis,826.3889320174661,-4448.4507455158655,4485.322778511688,6185163616,44.750491,-79.476127
Lontra canadensis,1151.12278245764,-4812.773134856339,4012.7153178103094,6235328587,39.038309,-76.548657
Lontra canadensis,979.5305868745761,-5609.810109672356,2856.6244927313105,6236111298,26.639709,-80.095421
Lontra canadensis,1075.4507896759962,-4274.314484475003,4600.368943516368,6253351738,46.226359,-75.877089
Lontra canadensis,-1319.6720651404742,-4778.0139787019525,4002.3494586922375,6480473590,38.918391,-105.439981
Lontra canadensis,-2604.738064541958,-4255.91229704495,3961.3511917861088,6498743861,38.446068,-121.467805
Lontra canadensis,-278.894409506457,-5510.342720936393,3185.607341755541,6499205174,30.001069,-92.897433
Lynx rufus,1346.7660469976772,-4595.892809086571,4201.63582806959,6129908496,41.261219,-73.66747
Lynx rufus,-548.4934057540769,-5545.0293465696905,3088.9411873978183,6129908633,29.002209,-95.649106
Lynx rufus,1533.5845614608943,-4268.937106410591,4473.706238013064,6129931821,44.603574,-70.239544
Lynx rufus,-1111.1545433758395,-4618.042386361638,4246.03029053962,6129973989,41.794524,-103.528862
Lynx rufus,-1020.8561235460274,-5286.266601046015,3406.3163868556617,6130020494,32.32078,-100.930113
Lynx rufus,934.5965120620496,-5559.292044436275,2968.2578146088363,6130037745,27.768533,-80.456995
Lynx rufus,-2464.68553320827,-4685.370798102306,3544.344627199994,6130166699,33.801952,-117.746099
Lynx rufus,1105.9978305062443,-4578.418600345481,4290.058863069766,6130180209,42.327853,-76.419369
Lynx rufus,304.6499000144351,-4998.84186893205,3938.0860246458005,6130191041,38.179412,-86.512474
Lynx rufus,-2661.065663852753,-4445.7775264251195,3707.228728831644,6130212269,35.583612,-120.903062
Lynx rufus,-680.4442567489284,-5386.455391184359,3333.593715784183,6130449769,31.550122,-97.199756
Lynx rufus,-393.40410038435056,-5521.733219100496,3153.6405312844845,6130474834,29.669659,-94.075237
Lynx rufus,-2704.1610694431124,-4310.99984371818,3833.0857527124986,6130608721,36.987805,-122.098817
Lynx rufus,-274.9986538278494,-4993.787792941191,3946.671046482322,6130626124,38.277696,-93.151989
Lynx rufus,546.201974713422,-5461.6309214670455,3234.502158010043,6130696370,30.510133,-84.289003
Lynx rufus,-2724.6874254990553,-4208.467712084546,3931.237855859987,6130784307,38.101107,-122.920223
Lynx rufus,-1911.0704411686443,-5039.499546182181,3397.2057963271095,6130911475,32.223877,-110.767644
Lynx rufus,-2508.5887564229092,-4638.698760346519,3574.802007326514,6130936522,34.132219,-118.404336
Lynx rufus,-2545.552202895735,-4557.361983518141,3652.446969251396,6130961530,34.980092,-119.185903
Lynx rufus,-2700.9455815603746,-4313.164967919196,3832.9171729430204,6131023138,36.985907,-122.055196
Lynx rufus,-2456.446329429368,-4695.9228541892035,3536.0900876270034,6131050334,33.712663,-117.614153
Lynx rufus,-2591.626142668794,-4262.501323462625,3962.866328024765,6131091637,38.463468,-121.29985
Lynx rufus,-633.2905967355111,-5298.892609207571,3480.0047795727523,6131117302,33.108421,-96.815308
Lynx rufus,-2690.2599251515053,-4293.58162427365,3862.3065000723195,6131235296,37.317515,-122.070316
Lynx rufus,-1935.706441295528,-5014.231848161757,3420.5661337978495,6131295173,32.472553,-111.108706
Lynx rufus,-732.261291354476,-5448.250927157732,3220.2652632331756,6131349122,30.361634,-97.654852
Lynx rufus,654.808569352277,-4872.072069057445,4052.6402037549005,6131364577,39.502101,-82.345293
Lynx rufus,-2463.1965291788106,-4687.824988136367,3542.1339428264378,6131374658,33.77803,-117.719479
Lynx rufus,-679.5250957809551,-5384.496983268625,3336.9433634768798,6131603131,31.585478,-97.19272
Lynx rufus,-2281.925084863717,-3624.558181584172,4716.476335683069,6133067159,47.757225,-122.193423
Lynx rufus,-633.7335610240538,-5308.465483355804,3465.303610844111,6133151826,32.950725,-96.807847
Lynx rufus,-1646.3480729750574,-4935.6946572438,3676.711764980191,6133259596,35.246858,-108.446613
Lynx rufus,-1120.895225739271,-4630.330182726842,4230.057850848041,6133267058,41.602142,-103.608188
Lynx rufus,-2706.38645462815,-4232.729270946986,3917.8091335274744,6133284746,37.9478,-122.59465
Lynx rufus,896.4888877580468,-5510.767998413786,3068.794041877411,6133288441,28.79525,-80.760095
Lynx rufus,-2661.8763701129333,-4261.671703074941,3916.9275733822483,6133369989,37.937747,-121.98925
Lynx rufus,-2524.7340567262263,-4369.500405348024,3888.822094175513,6133383942,37.617958,-120.019683
Lynx rufus,-2363.5043746263427,-4736.664471525025,3545.0824933973154,6133448873,33.809938,-116.518313
Lynx rufus,-2681.233350041549,-4247.335344554652,3919.296279078583,6133474596,37.964762,-122.263162
Lynx rufus,-819.5769185978523,-5476.393332514324,3150.740051443745,6133497628,29.639643,-98.511507
Lynx rufus,-1424.8080868699792,-4987.31135520235,3699.5135479596565,6133524085,35.498342,-105.94393
Lynx rufus,-2375.828126520983,-4773.890176816905,3486.4260242546784,6147176407,33.177389,-116.458212
Lynx rufus,1882.3379274619344,-4112.415686425235,4487.158820295912,6147239006,44.773746,-65.405448
Lynx rufus,-2417.9645900741657,-4764.400127057268,3470.402253359341,6147439641,33.005385,-116.908095
Lynx rufus,-2704.5120501790298,-4231.951347724815,3919.9433019629223,6147459423,37.972143,-122.581415
Lynx rufus,-2417.964562662588,-4764.400073045012,3470.4023466096896,6147561161,33.005386,-116.908095
Lynx rufus,-2591.5519614684363,-4253.368898145161,3972.71501330991,6147602514,38.576674,-121.353699
Lynx rufus,59.96199552471609,-5208.089805515958,3669.0541378468215,6159225206,35.162576,-89.340369
Lynx rufus,-2690.9716241634464,-4296.108706612382,3858.999200387824,6159246089,37.280125,-122.061967
Lynx rufus,-721.0320602945417,-5443.478963084889,3230.851695166014,6159250550,30.472035,-97.545358
Lynx rufus,-1130.456981391273,-4624.483475713512,4233.907500849993,6159353208,41.648457,-103.736592
Lynx rufus,-1559.550470147534,-4834.446640962854,3845.2153563127026,6159401388,37.124494,-107.87925
Lynx rufus,-1890.3589282513708,-3671.9628461052607,4851.080818630042,6159571896,49.590476,-117.23981
Lynx rufus,-2401.0560570206294,-4767.6409964616205,3477.683463108802,6162771315,33.083502,-116.730516
Lynx rufus,-2417.9649775151975,-4764.400066275987,3470.402066858642,6162801313,33.005383,-116.908099
Lynx rufus,831.9326518983424,-5526.104147878637,3059.3813327503576,6162865250,28.6987,-81.438644
Lynx rufus,-2533.203070588027,-3951.125226433895,4308.276311691084,6162893999,42.54985,-122.665337
Lynx rufus,-495.5251530731924,-4770.7815648926435,4193.310292886722,6162921940,41.161691,-95.929858
Lynx rufus,-1639.9933531594672,-3648.317052366978,4958.826233765258,6162928089,51.109056,-114.204895
Lynx rufus,810.7531055442482,-5447.5233346546365,3202.642978841228,6162995821,30.178135,-81.534825
Lynx rufus,-2481.490374753568,-3789.371734366836,4480.247817751213,6163029395,44.686261,-123.218999
Lynx rufus,-1958.5244907162344,-4942.063201822472,3511.4023207451414,6163033653,33.446168,-111.618271
Lynx rufus,-1958.5279079501165,-4942.062506807781,3511.401392928864,6163038967,33.446158,-111.618308
Lynx rufus,-2693.348614117471,-4290.31108759482,3863.787926914453,6163050951,37.334269,-122.119561
Lynx rufus,-1958.5238747485914,-4942.0626548573455,3511.403434124533,6163063829,33.44618,-111.618267
Lynx rufus,-9.934051188911857,-4696.578577196052,4304.858198887336,6163075592,42.508137,-90.12119
Lynx rufus,-1932.6036037947315,-5027.734924590519,3402.4517584133096,6163085109,32.279662,-111.026187
Lynx rufus,-2459.1166369754196,-3687.4547798592503,4576.589968734506,6163418973,45.918108,-123.698817
Lynx rufus,-1103.795914683221,-4631.928824219872,4232.803217226992,6170840284,41.635168,-103.403685
Lynx rufus,1491.4003130109595,-4412.518677774226,4346.856008004159,6170897966,43.022611,-71.325108
Lynx rufus,-1932.4279887656094,-5027.848994208336,3402.3829427845058,6170912019,32.27893,-111.024008
Lynx rufus,-2380.8309218603436,-4729.624689710714,3542.8868942812574,6170947853,33.786177,-116.720083
Lynx rufus,-1958.5095783185343,-3826.0763046704005,4702.673013526635,6171009638,47.5729,-117.107208
Lynx rufus,-198.14350361057978,-4318.97941490959,4679.4133281044515,6171044293,47.263756,-92.626739
Lynx rufus,-678.0434377485008,-5307.049298482389,3459.080509280062,6171046127,32.884056,-97.280824
Lynx rufus,1251.0414094317355,-4632.572341828955,4190.93331124296,6171079347,41.133303,-74.887579
Lynx rufus,-1919.889200012203,-5023.414974000577,3416.0035989941125,6171213633,32.42393,-110.916259
Lynx rufus,-1111.7473216369829,-4630.313347235409,4232.489731697415,6171222264,41.631396,-103.501257
Lynx rufus,323.05514494800855,-5151.593925857759,3734.4970914522755,6178480339,35.88572,-86.411695
Lynx rufus,-2700.5640741305765,-4283.054893374126,3866.800691985126,6178497342,37.368353,-122.232369
Lynx rufus,-2511.797877185113,-3740.275852533352,4504.548934222128,6178636256,44.994473,-123.8835
Lynx rufus,-1126.3318046721884,-4620.222122137775,4239.655332402628,6178708420,41.717671,-103.700504
Lynx rufus,-683.7928690660892,-5132.145753355122,3712.5813672175295,6179509412,35.642824,-97.589233
Lynx rufus,848.8121656695853,-4775.99146077056,4130.275608689502,6184952236,40.412968,-79.922344
Lynx rufus,985.145330021125,-4954.157585843431,3882.726416198417,6185198488,37.548782,-78.753314
Lynx rufus,-2402.8388479905025,-4766.079637730246,3478.5921702720825,6185364369,33.093256,-116.755147
Lynx rufus,-2461.7544755385275,-4275.664992284617,4030.9064620250433,6185862342,39.249248,-119.931592
Lynx rufus,1028.1578072498203,-4572.758373396405,4315.3824293568405,6185965057,42.636659,-77.328118
Lynx rufus,688.6560258419013,-4983.041587389879,3909.5783079626417,6186002992,37.853992,-82.131568
Lynx rufus,-1118.9092750794537,-4622.354632888697,4239.296263724796,6188209184,41.713345,-103.607541
Lynx rufus,-1921.96706241641,-4839.223187573197,3671.200713869753,6188466394,35.186193,-111.661213
Lynx rufus,-2408.816317893825,-4478.4253513461845,3838.1067531721524,6188530153,37.044357,-118.274531
Lynx rufus,-2390.922611316894,-4769.590491353525,3481.9891931424886,6195401763,33.129729,-116.623906
Lynx rufus,-2724.30872466548,-4199.966622701059,3940.580600696557,6195805602,38.207957,-122.969462
Lynx rufus,-1947.2284811895865,-5023.471279910366,3400.4103681228294,6234605841,32.25795,-111.18763
Lynx rufus,-1958.6876557420878,-4941.999459834713,3511.4010218023236,6235038640,33.446154,-111.620159
Lynx rufus,-1958.6829809254643,-4942.005795412877,3511.3947126485095,6235632123,33.446086,-111.620087
Lynx rufus,-1925.826177536424,-5028.124073124445,3405.7179814041156,6320504902,32.314412,-110.957383
Lynx rufus,448.06180427217174,-5506.220671561995,3173.40947015874,6320768011,29.87448,-85.347878
Lynx rufus,-2317.7087625440786,-3919.0784799142557,4456.321699560837,6334628065,44.384399,-120.599699
Marmota monax,1179.184607279225,-4812.764959363448,4004.568670600684,6159532274,38.944047,-76.233057
Marmota monax,891.8213976643485,-5055.223778774492,3773.4758871441586,6171218347,36.319583,-79.995064
Marmota monax,1511.8249928704638,-4457.4123417630035,4293.671335361908,6171277860,42.371812,-71.264554
Marmota monax,1049.9305070878895,-4546.306740304195,4338.0288245962865,6171332320,42.914122,-76.996017
Marmota monax,220.48081211480618,-5338.255569753623,3470.4709785792847,6171405444,33.006122,-87.634912
Marmota monax,1245.4285250681373,-4717.54817688878,4096.754827586999,6178382961,40.018191,-75.21137
Marmota monax,1002.1296046353884,-4918.929575289345,3922.9607719851765,6178438421,38.006575,-78.484766
Marmota monax,845.940665761917,-4774.056052074983,4133.101297008574,6178694273,40.446352,-79.951752
Marmota monax,543.4923876693656,-5129.409898009479,3739.45494055287,6179100354,35.940772,-83.951728
Marmota monax,730.8182410610885,-4620.179773431798,4325.45913047176,6179108134,42.759965,-81.011449
Marmota monax,945.195620604512,-4542.520682306273,4365.989489140719,6179148158,43.258429,-78.245769
Marmota monax,803.9005858915883,-4776.685539532068,4138.450462927619,6179160137,40.509595,-80.44683
Marmota monax,852.0510331380884,-5123.629095919069,3689.4697524247695,6179218930,35.387471,-80.558212
Marmota monax,1335.385495109261,-4634.3826145558005,4162.811128436188,6179287203,40.798369,-73.925799
Marmota monax,870.7328211031743,-5073.501506740438,3753.8193809816753,6179431700,36.100492,-80.261564
Marmota monax,543.1409776275572,-5141.308384470559,3723.130282957064,6179441752,35.759647,-83.969495
Marmota monax,679.1767988235041,-4732.13429456904,4211.3391010201085,6179485864,41.377409,-81.832434
Marmota monax,226.44598999049626,-4999.994118127026,3941.894742632001,6179510454,38.222999,-87.406889
Marmota monax,503.29776016573084,-4862.333853058065,4085.848014267676,6184791826,39.890233,-84.090388
Marmota monax,786.0207904105549,-4812.138953038781,4100.639357876601,6184837352,40.063822,-80.72316
Marmota monax,997.3282932968167,-4542.023189013369,4354.895493066616,6184909118,43.121586,-77.615647
Marmota monax,1333.0393657133175,-4691.129087228545,4099.52034585686,6184914684,40.050674,-74.136879
Marmota monax,1388.997486760881,-4253.651673187368,4535.07293818299,6184939019,45.383976,-71.915946
Marmota monax,711.5012591327028,-4963.902808018708,3929.7821823192694,6185140915,38.084473,-81.843065
Marmota monax,1219.5539600138545,-4637.081290028602,4195.225664723966,6185147957,41.184575,-75.26488
Marmota monax,783.849474539324,-4552.200752554664,4387.801435728673,6185166362,43.528378,-80.229972
Marmota monax,1260.4770587938049,-4283.335616733715,4544.665742202869,6185206776,45.50694,-73.602181
Marmota monax,918.2939903145198,-5063.743891074589,3755.6606719237107,6185210950,36.120989,-79.721297
Marmota monax,798.7244445214134,-4756.334671893411,4162.820303633823,6185238394,40.798478,-80.467345
Marmota monax,995.8949329448841,-4541.661826612986,4355.60033346708,6185276865,43.130271,-77.631944
Marmota monax,713.1508836873159,-4600.091867935887,4349.749849511297,6185291642,43.058219,-81.187605
Marmota monax,1093.4841003855186,-4857.058445338428,3975.30236717261,6185392073,38.606444,-77.312364
Marmota monax,1362.7095639257009,-4622.4178173040555,4167.25680710139,6185409705,40.851204,-73.574246
Marmota monax,185.6097234137524,-4732.306633718818,4261.522742484495,6185423906,41.981678,-87.753906
Marmota monax,723.287967954758,-4743.212678600079,4191.484358870587,6185461407,41.139883,-81.329812
Marmota monax,806.2753960498783,-4731.3187440175,4189.784726917448,6185496645,41.11959,-80.328991
Marmota monax,220.1707627967847,-5059.859419681804,3865.1132736239742,6185526042,37.349261,-87.508448
Marmota monax,-556.4929787332126,-4789.369349964078,4164.3738933869445,6185557279,40.816937,-96.62767
Marmota monax,1284.8043868764626,-4683.186508430279,4123.929551337781,6185597719,40.338053,-74.658695
Marmota monax,540.4179415249079,-4726.239439986342,4237.966768873135,6185723790,41.69733,-83.476892
Marmota monax,1332.4120510683786,-4646.084808572583,4150.702013803961,6185768043,40.65467,-73.998078
Marmota monax,549.7186592035769,-5219.761538649431,3611.3227500511484,6185874311,34.529945,-83.988062
Marmota monax,129.2387727279916,-4560.6914752154125,4446.700320147363,6185878046,44.26345,-88.376813
Marmota monax,784.1618844223622,-4552.232970789747,4387.712188413383,6185881707,43.527271,-80.226221
Marmota monax,855.9989681471878,-5105.908296311151,3713.0471806683718,6185963552,35.647979,-80.48294
Marmota monax,-566.4578456477282,-4900.892084971673,4031.14566968791,6186002037,39.252026,-96.593139
Marmota monax,542.8838643355053,-4984.463642067917,3930.6681926136453,6186051293,38.094597,-83.78412
Marmota monax,826.3477981497493,-4551.418081343308,4380.809958785214,6186108346,43.441719,-79.709567
Marmota monax,1110.2968297566224,-4799.256666906622,4040.3130478543576,6186109673,39.358573,-76.973921
Marmota monax,503.1880706802242,-5249.612426514524,3574.6502299647213,6186127717,34.13057,-84.524788
Marmota monax,1115.598455818726,-4521.3590893052,4347.701139753003,6186154312,43.033008,-76.139708
Marmota monax,148.94388319652566,-4874.835995493948,4099.212469044794,6187896817,40.047057,-88.249951
Marmota monax,1094.5677944852762,-4936.944738764443,3875.3388392938186,6187919925,37.465031,-77.499187
Marmota monax,996.2331191657086,-4541.648049311818,4355.537360434067,6187984328,43.129495,-77.627837
Marmota monax,924.9661210229403,-4460.714266497446,4453.787044449179,6188008528,44.352512,-78.285263
Marmota monax,1123.6364390800913,-4808.500548065506,4025.6076263966124,6188049103,39.187739,-76.8473
Marmota monax,1038.9191370976123,-4805.914968963525,4051.367851398106,6188078273,39.487273,-77.801782
Marmota monax,706.8007912142388,-4604.828909052791,4345.77225468248,6188114373,43.009281,-81.273705
Marmota monax,1.1996792583455518,-5232.287209260342,3634.958356055505,6188130730,34.788361,-89.986863
Marmota monax,688.3049299735906,-4725.839985667684,4216.921374998111,6188154827,41.444347,-81.713303
Marmota monax,447.5957857097953,-4662.915058297655,4318.174880825606,6188173488,42.670805,-84.516946
Marmota monax,1115.5944582078776,-4521.382584943567,4347.677731279347,6188241914,43.03272,-76.139825
Marmota monax,895.5169690598018,-5077.504566055037,3742.5592673321325,6188285862,35.975262,-79.997637
Marmota monax,-25.45289603730311,-4976.592809033143,3977.7668726108573,6188291691,38.634812,-90.293038
Marmota monax,301.65444002728657,-5133.720696375817,3760.8070330837045,6188298951,36.178306,-86.6372
Marmota monax,-204.3089288561996,-4952.118358489124,4003.0656695565267,6188299760,38.92667,-92.362505
Marmota monax,136.79743102004107,-4712.117746730187,4285.672168224511,6188344379,42.274514,-88.337114
Marmota monax,677.6370012529545,-4880.539680578666,4038.6747393801634,6188402015,39.33952,-82.095322
Marmota monax,1362.217670680171,-4603.971469479343,4187.787346031833,6188427820,41.09575,-73.51763
Marmota monax,1175.2833372586056,-4867.425441133081,3939.115609099349,6188465304,38.191192,-76.425255
Marmota monax,526.0503955272442,-5219.851634687448,3614.716174597094,6188498705,34.566997,-84.24523
Marmota monax,226.4016811990988,-5325.334940290118,3489.8858408482224,6188564627,33.214572,-87.565589
Marmota monax,723.2606553765696,-4743.210775319083,4191.49122568074,6188564659,41.139965,-81.330131
Marmota monax,-16.207256707121264,-4959.723661897421,3998.828785047229,6188656648,38.877708,-90.187229
Marmota monax,1104.3236519857144,-4331.97529340985,4539.186321206591,6195267700,45.43667,-75.698547
Marmota monax,367.15864112385214,-4648.024460604295,4341.752673235737,6195273035,42.959866,-85.483447
Marmota monax,634.3704918416876,-4912.6626567847,4006.6286113628084,6195274926,38.96787,-82.642131
Marmota monax,1119.0002094998765,-4751.491324927224,4094.0104848373317,6195383713,39.985972,-76.748029
Marmota monax,1104.3433377609833,-4331.8813218891555,4539.271211889441,6195388601,45.437758,-75.698005
Marmota monax,1665.9864173572846,-4102.441566022542,4580.853150258037,6195435104,45.973246,-67.89811
Marmota monax,1335.6487850720682,-4626.813037864593,4171.138521466192,6195457577,40.897371,-73.897853
Marmota monax,1258.527222113808,-4287.865212887059,4540.933194508476,6195609268,45.459063,-73.642559
Marmota monax,856.6878417689273,-4773.181533222249,4131.897520794633,6195637482,40.432128,-79.82492
Marmota monax,545.6520983194438,-5127.01276290371,3742.4266253728333,6195692402,35.973788,-83.925055
Marmota monax,722.5559485614776,-4742.6613013454,4192.234465246025,6195696510,41.148841,-81.337462
Marmota monax,1372.831615173218,-3999.1431141837525,4765.70465286457,6195742307,48.420003,-71.053605
Marmota monax,859.1970309198495,-4581.926008939194,4342.520885423869,6195781547,42.969307,-79.379307
Marmota monax,1105.5208474217723,-4335.70735955249,4535.330029657782,6195816106,45.387268,-75.695497
Marmota monax,610.3455189202934,-5249.117287513704,3558.651314632572,6195848102,33.956928,-83.367668
Marmota monax,1270.013327902303,-4271.215762145269,4553.40918321973,6195921682,45.619251,-73.440557
Marmota monax,1105.4130707787658,-4335.671856721948,4535.390239379424,6195925478,45.388039,-75.696722
Marmota monax,1335.6647539655933,-4626.8077460466275,4171.139277920888,6234232229,40.89738,-73.897653
Marmota monax,1333.0566716832927,-4635.185927585557,4162.663144727294,6234260135,40.796611,-73.955025
Marmota monax,-708.3987360952821,-4044.8186134559246,4871.0744959009335,6234320874,49.868645,-99.93388
Marmota monax,309.10104765405487,-4746.32151358463,4238.707557935591,6234357320,41.706253,-86.273912
Marmota monax,151.88930143593123,-4868.957353600749,4106.085369132494,6234700380,40.127847,-88.213212
Marmota monax,427.2053015217444,-5347.023672939353,3437.5262327806754,6235353962,32.653528,-85.432005
Marmota monax,1270.0225848904295,-4271.212512174956,4553.409649854246,6235458797,45.619257,-73.440431
Marmota monax,489.1978010082869,-5073.386250719376,3822.4587103299987,6251761120,36.86825,-84.492321
Marmota monax,1170.0994852029826,-4936.119716172412,3854.2628960696406,6252086090,37.226612,-76.664275
Megaceryle alcyon,787.8094743749547,-5217.003972373679,3570.991306906213,5938028301,34.090827,-81.412758
Megaceryle alcyon,-1788.071918450752,-4307.883035560508,4339.895816267398,5938125091,42.937052,-112.541859
Megaceryle alcyon,-1906.575792651243,-5037.551997098181,3402.6154283265455,5938132158,32.281403,-110.730285
Megaceryle alcyon,-2428.0576556408655,-4835.6599619825465,3363.135721709753,5938181797,31.862407,-116.661916
Megaceryle alcyon,-2578.218537799263,-4256.150775500399,3978.4070778683554,5938223312,38.642183,-121.205929
Megaceryle alcyon,-2449.7472325063327,-4762.42262599537,3450.7712700079605,5938276256,32.795116,-117.220881
Megaceryle alcyon,858.2690135317071,-5524.52681332702,3054.9518685111134,5938302606,28.653296,-81.169343
Megaceryle alcyon,-1490.6197886110774,-5406.439217197016,3022.949018133225,5938370932,28.325833,-105.414167
Megaceryle alcyon,-1906.749085897525,-5037.4688812173945,3402.641374560764,5938405333,32.281679,-110.732322
Megaceryle alcyon,1135.9996669504135,-4814.055272161334,4015.4862374240115,5938444134,39.070399,-76.722487
Megaceryle alcyon,1395.5776163222579,-4605.6235729421205,4174.966796377856,5938464124,40.942934,-73.142352
Megaceryle alcyon,-29.479475388510878,-4961.576063806865,3996.4543101688305,5938474536,38.850283,-90.340422
Megaceryle alcyon,584.1042341181973,-5316.529961051236,3461.6592187283786,5938494571,32.911676,-83.730305
Megaceryle alcyon,430.4972812353842,-5361.544953750628,3414.419559667141,5938581541,32.407055,-85.409369
Megaceryle alcyon,1284.4341501353429,-4646.104814914543,4165.776289297282,5938612057,40.833604,-74.546328
Megaceryle alcyon,-2326.4118495112457,-3530.396176145399,4765.906406507481,5938622782,48.422737,-123.383533
Megaceryle alcyon,875.1660020813342,-5525.89527040874,3047.6743689168507,5938663436,28.578741,-81.000504
Megaceryle alcyon,-2320.6975864653346,-3646.3951802789607,4680.589496109413,6129844298,47.279345,-122.474148
Megaceryle alcyon,-2698.7831848730316,-4266.536229702051,3886.2566888155775,6129886210,37.588837,-122.315262
Megaceryle alcyon,-666.3341401344287,-5561.910474556647,3034.9470862579788,6129889590,28.448482,-96.831652
Megaceryle alcyon,-2020.1986968527992,-3569.4049077075315,4875.233221061847,6129898796,49.926706,-119.508834
Megaceryle alcyon,-406.7094361306513,-5123.415878859786,3764.9635186130463,6129904370,36.224629,-94.538763
Megaceryle alcyon,-1265.648180372183,-4701.680499343434,4108.7818505357145,6129907887,40.15957,-105.066342
Megaceryle alcyon,-2497.0466362509565,-4646.637487463381,3572.5720827108894,6129932783,34.107995,-118.253045
Megaceryle alcyon,540.5997271523652,-5464.100325048266,3231.2710660802895,6129937385,30.476411,-84.349736
Megaceryle alcyon,-764.9755198234537,-5471.632746003584,3172.664601972537,6129951852,29.866755,-97.958795
Megaceryle alcyon,-2678.0664686670802,-4158.264176464504,4015.787862650423,6129973500,39.073893,-122.782941
Megaceryle alcyon,-822.9429062299396,-5486.422861775129,3132.3604972216167,6130006451,29.449647,-98.530556
Megaceryle alcyon,-2478.928780642455,-4688.379839141226,3530.405035419313,6130025428,33.651222,-117.86715
Megaceryle alcyon,-360.4447265271454,-5361.523149330723,3422.5578516640117,6130042360,32.493787,-93.846096
Megaceryle alcyon,-2492.226520772166,-4677.518531494443,3535.446292388468,6130047918,33.705703,-118.049117
Megaceryle alcyon,-2448.6435657027496,-4778.829594831642,3428.802345044288,6130166617,32.560393,-117.130329
Megaceryle alcyon,1130.9762622493436,-4802.920260468799,4030.2112594111322,6130176386,39.241175,-76.749563
Megaceryle alcyon,-1266.3273701793692,-4735.060480026163,4070.0577848117146,6130197256,39.705405,-104.972582
Megaceryle alcyon,790.4011220274729,-5488.67486147942,3136.792543497104,6130203753,29.49543,-81.80541
Megaceryle alcyon,1519.7491790673612,-4503.135819385544,4242.862636778193,6130230429,41.756325,-71.351137
Megaceryle alcyon,-2574.65967492711,-4241.628443343204,3996.181782227076,6130240498,38.847136,-121.257664
Megaceryle alcyon,-1248.7139532459496,-4732.810407973488,4078.108904237861,6130250248,39.799583,-104.780212
Megaceryle alcyon,-517.4466355026319,-5505.2627784690285,3164.5037287208092,6130261445,29.782158,-95.369528
Megaceryle alcyon,-1085.7175246118377,-5196.518326988724,3522.380993546622,6130266483,33.564577,-101.801144
Megaceryle alcyon,815.4084388095405,-5139.904911091237,3675.083633406974,6130275086,35.228931,-80.985565
Megaceryle alcyon,1016.2001225355788,-4713.503864262987,4164.129172133592,6130299552,40.814029,-77.833629
Megaceryle alcyon,-1279.0053261054134,-4705.59123321635,4100.159710468466,6130386079,40.058186,-105.205947
Megaceryle alcyon,-1796.1145996595196,-4463.311411594568,4176.431098162288,6130456013,40.96037,-111.920717
Megaceryle alcyon,-2188.832613744666,-4653.96021354776,3760.241913680503,6130462951,36.17201,-115.188359
Megaceryle alcyon,-2703.4393990933563,-4339.723940640084,3801.0478376550964,6130549318,36.627942,-121.920922
Megaceryle alcyon,-2320.3862561788046,-3646.825199581317,4680.408819271307,6130631309,47.27695,-122.467606
Megaceryle alcyon,-1266.239640408258,-4735.222840341431,4069.8961847994387,6130672842,39.703516,-104.971101
Megaceryle alcyon,964.3427479539196,-5667.3087249921255,2746.162415039258,6130708481,25.533607,-80.343109
Megaceryle alcyon,-249.55754612906836,-4540.525951588681,4462.185366364465,6130710048,44.458233,-93.14594
Megaceryle alcyon,1130.0586387551043,-4818.7476027584125,4011.5323934330204,6130719559,39.024614,-76.801898
Megaceryle alcyon,-2685.4941822181195,-4302.625497531813,3855.552872797776,6130732891,37.241183,-121.970449
Megaceryle alcyon,1228.5053883778724,-4943.697592106587,3826.275180668988,6130740519,36.911164,-76.044711
Megaceryle alcyon,1362.2879576117107,-4569.654281795367,4225.184539767798,6130794884,41.543559,-73.399829
Megaceryle alcyon,-2448.268653634614,-4751.20628415155,3467.2427914333334,6130834883,32.97151,-117.261785
Megaceryle alcyon,-2678.965706612474,-4330.2944328721815,3829.026768920264,6130836429,36.942119,-121.743285
Megaceryle alcyon,1288.7198929875212,-4284.420091451047,4535.713686628188,6130956769,45.392181,-73.259126
Megaceryle alcyon,-851.623355774075,-5046.958055495656,3793.7718929378257,6130982803,36.54645,-99.577862
Megaceryle alcyon,-2451.948369378833,-4763.279052302539,3448.0247959482185,6131074264,32.765738,-117.237625
Megaceryle alcyon,-52.02326062248759,-5536.666316966208,3151.566722219837,6131149223,29.648197,-90.538343
Megaceryle alcyon,515.5215854033536,-4685.202187556661,4286.358721149566,6131162081,42.282859,-83.720897
Megaceryle alcyon,974.3740320172891,-5618.280966892447,2841.7014889783686,6131210529,26.489663,-80.161103
Megaceryle alcyon,875.761222831666,-5525.956713030323,3047.3919695334444,6131238956,28.575849,-80.994582
Megaceryle alcyon,-2190.953961247342,-4641.950784129432,3773.826544383323,6131244665,36.323497,-115.266838
Megaceryle alcyon,62.995992094225116,-5048.526950085666,3885.6351178303184,6131258240,37.581783,-89.285095
Megaceryle alcyon,-2700.9094612252625,-4259.8736910406005,3892.0839338741694,6131273786,37.655001,-122.376132
Megaceryle alcyon,-737.2288092466334,-5451.677248256339,3213.3256905172893,6131309152,30.289332,-97.701374
Megaceryle alcyon,-743.6935046205281,-5449.572655112624,3215.40525867447,6131309216,30.310993,-97.771049
Megaceryle alcyon,-2696.6154487714057,-4271.989826288219,3881.7677899656464,6131318378,37.537909,-122.26142
Megaceryle alcyon,796.7551157720062,-5646.005530012379,2842.1041448613755,6131320834,26.493709,-81.967553
Megaceryle alcyon,515.3400020556353,-4685.236764802358,4286.342761574611,6131361501,42.282665,-83.723137
Megaceryle alcyon,834.5345595791077,-5458.226213259167,3178.218337911359,6131372556,29.924367,-81.307092
Megaceryle alcyon,-2574.467929438029,-4594.878800203556,3584.544158106082,6131376061,34.238131,-119.261505
Megaceryle alcyon,559.2036840367529,-5484.747868889046,3192.8960496944196,6131380624,30.076788,-84.17846
Megaceryle alcyon,-353.6747162502591,-5425.742054576268,3320.5406912075678,6131395015,31.412473,-93.729525
Megaceryle alcyon,-2617.8805102413253,-4557.189310993047,3601.177633434202,6131404989,34.419271,-119.875243
Megaceryle alcyon,897.239531580381,-5519.159057904836,3053.456671740055,6131410290,28.637974,-80.766309
Megaceryle alcyon,-2451.6700966749213,-4764.411112440061,3446.658326322045,6131444149,32.751125,-117.229439
Megaceryle alcyon,-805.2011429730937,-5415.0223475404855,3258.671082614719,6131550238,30.76275,-98.457775
Megaceryle alcyon,-32.92738939125011,-5498.4156540513795,3218.08859604394,6131573394,30.33895,-90.343113
Megaceryle alcyon,154.48675561082592,-4750.146047837043,4242.876323466947,6131579928,41.75649,-88.137253
Megaceryle alcyon,-2497.0182309973006,-4646.61594299713,3572.6199576822364,6131581075,34.108515,-118.252884
Megaceryle alcyon,-1817.8349291615652,-4308.614528820798,4326.785197121752,6131606384,42.77621,-112.875225
Megaceryle alcyon,-2425.3759836856793,-4722.318493430772,3522.358941680969,6131613583,33.564339,-117.184967
Megaceryle alcyon,-2278.6742463849478,-3501.5479129396285,4810.047715140418,6131668567,49.024493,-123.054548
Megaceryle alcyon,-583.76042211128,-5542.455177198325,3087.096938549448,6131694894,28.983247,-96.012524
Megaceryle alcyon,-2279.2086511353746,-3481.334287792021,4824.445318470375,6133073638,49.222345,-123.212528
Megaceryle alcyon,-2450.807872648232,-4762.270743327701,3450.2277125267988,6133092985,32.789301,-117.231714
Megaceryle alcyon,-2394.391701824905,-3766.4960650583394,4546.443544113301,6133198753,45.529758,-122.444447
Megaceryle alcyon,-2682.904635357367,-4337.4941069372135,3818.104335863589,6133303218,36.819317,-121.738363
Megaceryle alcyon,-2451.013527788068,-4764.2698463929955,3447.3205025102884,6133310177,32.758206,-117.223887
Megaceryle alcyon,874.3959794629918,-4746.660745895397,4158.653215183029,6133412765,40.748992,-79.562395
Megaceryle alcyon,-544.0871191226643,-5506.373066512601,3158.0972101673574,6133424411,29.715797,-95.643103
Megaceryle alcyon,-1278.08745486169,-4734.96293310369,4066.4937734535765,6133464791,39.663756,-105.105599
Megaceryle alcyon,-1945.4168347739983,-5078.790422434166,3318.2818315577624,6133508544,31.388673,-110.959202
Megaceryle alcyon,-1869.1706278608185,-5098.148657963661,3332.3917169089154,6133518671,31.537438,-110.134812
Megaceryle alcyon,-781.8401864532811,-5478.1940856194915,3157.1931541810623,6133572211,29.706436,-98.122323
Megaceryle alcyon,-2327.8549092461562,-3522.554413302808,4771.001473118293,6147615344,48.49183,-123.458437
Megaceryle alcyon,1240.7282468506282,-5004.317793667359,3742.612719361791,6147635688,35.975856,-76.075353
Megaceryle alcyon,-1095.4341475617257,-5648.488011191257,2735.755900196836,6159569831,25.429934,-100.97536
Melanerpes carolinus,679.5622460142924,-4611.558248548695,4342.980405632973,5938045310,42.974955,-81.617187
Melanerpes carolinus,1001.4459092487159,-4545.316267633313,4350.512527014997,5938061476,43.067607,-77.574832
Melanerpes carolinus,-728.9848006249648,-5430.193007054674,3251.3594381842395,5938083545,30.686258,-97.646048
Melanerpes carolinus,1516.8945697899821,-4447.758551329697,4301.886546957353,5938146272,42.471895,-71.168213
Melanerpes carolinus,-346.35401401309184,-4959.317433838862,3984.339671398058,5938186080,38.710524,-93.994996
Melanerpes carolinus,1507.6836638123593,-4510.874483717034,4238.9449738940175,5938210469,41.709113,-71.518665
Melanerpes carolinus,-542.8512580119617,-5506.0280747915385,3158.9112809573567,5938223195,29.724227,-95.630718
Melanerpes carolinus,1320.03793099669,-4607.972472847255,4196.884878083907,5938240384,41.204405,-74.014672
Melanerpes carolinus,-670.900227980773,-5317.017126755672,3445.1378619091056,5938256484,32.734868,-97.191565
Melanerpes carolinus,1415.4636438729276,-4526.335290676222,4254.233731111915,5938257399,41.893556,-72.63463
Melanerpes carolinus,-542.8584991165988,-5506.028690487338,3158.9089634151533,5938307035,29.724203,-95.630792
Melanerpes carolinus,1345.7194832223424,-4583.910700871461,4215.0391325098435,5938320088,41.421769,-73.639104
Melanerpes carolinus,957.6802320199123,-5585.5972837573645,2910.9628452726893,5938343255,27.187745,-80.270934
Melanerpes carolinus,957.7112589892122,-5585.600314569008,2910.9468219068053,5938350903,27.187583,-80.27063
Melanerpes carolinus,1091.4035853632886,-4806.3756027644,4036.997016184771,5938381759,39.320014,-77.206554
Melanerpes carolinus,784.9404126762008,-5651.093747558141,2835.270910254333,5938394470,26.425066,-82.092178
Melanerpes carolinus,1213.5388209053453,-4809.949714565849,3997.6818786868234,5938422714,38.86446,-75.839924
Melanerpes carolinus,817.5638881670732,-4563.745594968546,4369.61881207592,5938436509,43.303263,-79.843585
Melanerpes carolinus,879.2493440143162,-4509.371515254133,4413.869306871521,5938466633,43.852593,-78.966747
Melanerpes carolinus,1100.7995355904668,-4567.990045964346,4302.494677752885,5938471354,42.47931,-76.451124
Melanerpes carolinus,1086.9577676716879,-4826.145752497484,4014.5476851852327,5938484629,39.059528,-77.30747
Melanerpes carolinus,1550.2503271761234,-4471.878801167154,4264.830247552601,5938494413,42.021705,-70.880285
Melanerpes carolinus,1353.5711952629513,-4441.76055259009,4362.150999505455,5938498503,43.211047,-73.052053
Melanerpes carolinus,1157.8079901460846,-4735.284150173931,4101.989493494939,5938521371,40.079689,-76.260374
Melanerpes carolinus,528.1697586005353,-4635.392285472589,4338.655113691166,5938599574,42.921813,-83.499591
Melanerpes carolinus,-544.6547239886582,-5504.116424705348,3161.9308570244043,5938599786,29.755502,-95.651253
Melanerpes carolinus,1128.315487147208,-4735.7462770641905,4109.667199471735,5938607094,40.169989,-76.598837
Melanerpes carolinus,465.2000234344951,-5279.054580589913,3536.2303096696965,5938623977,33.714179,-84.963999
Melanerpes carolinus,517.5050799355196,-4666.30946242073,4306.680580544734,5938658558,42.530373,-83.671619
Melanerpes carolinus,1016.2780616205761,-5067.668094706567,3725.006323892521,5938666705,35.780441,-78.660235
Melanerpes carolinus,825.338535635042,-4547.236368037621,4385.340447954899,5938672500,43.49786,-79.712617
Melanerpes carolinus,829.4771501617655,-5658.85300862288,2806.974067182796,5938680635,26.141244,-81.660945
Melanerpes carolinus,481.20794007910155,-4918.083448000073,4021.274331177863,5938691484,39.137478,-84.411705
Melanerpes carolinus,-492.25044195911676,-4770.508877422413,4194.006161476451,5938698576,41.170004,-95.891281
Melanerpes carolinus,984.0809718100203,-4437.713345434385,4464.0831123930075,5938707461,44.482149,-77.496756
Melanerpes carolinus,1006.3833928198201,-5082.613589415206,3707.28805153117,6129815381,35.584268,-78.800013
Melanerpes carolinus,-473.8856099704715,-5319.041032451583,3474.6205625127964,6129857440,33.050633,-95.091171
Melanerpes carolinus,833.0418035913655,-5542.804308329451,3028.7150547238934,6129870317,28.384758,-81.452846
Melanerpes carolinus,1004.3139686398999,-4534.943068156928,4360.6648519059145,6129878769,43.192712,-77.51275
Melanerpes carolinus,976.6939480890512,-5070.132634167655,3732.234871145144,6129879832,35.860613,-79.096292
Melanerpes carolinus,1190.217855418992,-4741.953650450894,4084.973704113001,6129883693,39.879986,-75.909986
Melanerpes carolinus,-689.6536088798074,-5316.133434397168,3442.7977485064484,6129905849,32.709853,-97.39161
Melanerpes carolinus,193.50387057142004,-4734.151016238236,4259.122390493351,6129916907,41.952645,-87.659393
Melanerpes carolinus,1213.6164735620885,-4725.6102289998535,4097.010635615694,6129930972,40.021195,-75.596747
Melanerpes carolinus,1152.205457875569,-5038.939515086345,3724.41462189974,6129933492,35.773882,-77.120159
Melanerpes carolinus,-459.3264390614289,-5091.550490755434,3801.9581733818004,6130030837,36.638144,-95.154897
Melanerpes carolinus,808.7602851625109,-4568.937296611416,4365.830036826269,6130067732,43.25646,-79.961896
Melanerpes carolinus,1362.407409733908,-4603.3552650842985,4188.402975240115,6130095838,41.103097,-73.513372
Melanerpes carolinus,1405.9871857493856,-4572.6881803533915,4207.54987711879,6130113709,41.332011,-72.908647
Melanerpes carolinus,-622.6126242930004,-5296.259368716475,3485.935075274836,6130127047,33.172114,-96.70475
Melanerpes carolinus,-295.6752763834962,-5072.299928924456,3843.7094962608617,6130155593,37.107511,-93.336119
Melanerpes carolinus,-656.1692681376956,-5300.064362121227,3473.976508067029,6130215891,33.043723,-97.057536
Melanerpes carolinus,1311.8558391367994,-4360.014505696267,4456.350625469034,6130215900,44.384763,-73.254333
Melanerpes carolinus,290.3380999146326,-5146.065509777619,3744.7919416828236,6130216956,36.000077,-86.770828
Melanerpes carolinus,814.1587403024631,-5393.840234106172,3291.4109746739346,6130219571,31.106014,-81.416439
Melanerpes carolinus,-683.7567411367248,-5389.573264687515,3327.8716731858945,6130228084,31.489756,-97.230294
Melanerpes carolinus,1168.8821448727801,-4861.203456311121,3948.692013493056,6130232346,38.300852,-76.479826
Melanerpes carolinus,174.61593040469376,-4728.746950834826,4265.936553852703,6130240413,42.035099,-87.88523
Melanerpes carolinus,298.63550266458793,-5195.051080488993,3675.8691812054262,6130250770,35.23758,-86.709995
Melanerpes carolinus,147.19338724738822,-4652.856605433409,4349.5991362081595,6130275387,43.056364,-88.188049
Melanerpes carolinus,1201.1902013989534,-4741.491070203118,4082.2980857508023,6130357094,39.848637,-75.784005
Melanerpes carolinus,957.312189656899,-5658.655363590316,2766.3922312864997,6130362176,25.7354,-80.397812
Melanerpes carolinus,-475.7868359220964,-5114.343278991164,3769.2005572904427,6130371230,36.271878,-95.314923
Melanerpes carolinus,555.3093104219641,-4648.7224267009915,4320.968004848378,6130403093,42.704978,-83.188058
Melanerpes carolinus,1395.8542392520644,-4608.535273090793,4171.659946486224,6130403614,40.903575,-73.149249
Melanerpes carolinus,311.7940972684,-4882.879640061426,4080.444092407053,6130423838,39.826923,-86.346364
Melanerpes carolinus,-302.1089004261047,-4722.939242187376,4265.246564568957,6130434172,42.026745,-93.660012
Melanerpes carolinus,1394.7310732170686,-4611.843535459555,4168.378289877264,6130441305,40.864539,-73.173436
Melanerpes carolinus,1405.8073179623532,-4572.743558152433,4207.549793622929,6130497541,41.33201,-72.910901
Melanerpes carolinus,434.2500749814082,-5194.568750681233,3663.0090767703664,6130498383,35.096104,-85.221359
Melanerpes carolinus,-471.53250911420906,-5139.330625575212,3735.597802701811,6130498713,35.897939,-95.242199
Melanerpes carolinus,553.8764795127552,-5177.507552878856,3671.020228084067,6130518998,35.184207,-83.893867
Melanerpes carolinus,-1.403111121360493,-4984.644302987598,3967.754066679272,6130525329,38.519628,-90.016128
Melanerpes carolinus,130.20691331346345,-4741.201761636833,4253.681363813539,6130532147,41.886883,-88.42689
Melanerpes carolinus,1213.146686897791,-4300.80438814012,4541.04722070813,6130532941,45.460525,-74.247601
Melanerpes carolinus,817.3480629221804,-5551.745568044199,3016.5901977922676,6130569455,28.260888,-81.624872
Melanerpes carolinus,1261.2568718373996,-4687.59071793338,4126.194068880571,6130597137,40.364776,-74.940479
Melanerpes carolinus,1105.970786349662,-4828.152990699982,4006.9340458526854,6130623794,38.971403,-77.098014
Melanerpes carolinus,541.7986075564683,-4667.626329959172,4302.263571935032,6130637959,42.476492,-83.378975
Melanerpes carolinus,-542.0691581615877,-5324.529059392603,3456.1979765533033,6130665025,32.853192,-95.813028
Melanerpes carolinus,848.2310989984959,-4521.003190123774,4408.0366703624295,6130710906,43.779898,-79.373697
Melanerpes carolinus,1303.9155636711794,-4469.333623664913,4349.093502429186,6130730082,43.050141,-73.735543
Melanerpes carolinus,875.629254797298,-5526.19457588583,3046.998530894065,6130733092,28.57182,-80.996298
Melanerpes carolinus,833.8241497748722,-5459.542349962894,3176.143533578306,6130778741,29.90284,-81.316441
Melanerpes carolinus,517.3996503723674,-5256.238439482797,3562.8651670776762,6130778943,34.002628,-84.378181
Melanerpes carolinus,-664.2031048809839,-5318.288863137824,3444.4725188870493,6130784727,32.727755,-97.118832
Melanerpes carolinus,-73.19439035049997,-4964.631733148768,3992.095623242373,6130791715,38.799968,-90.84466
Melanerpes carolinus,1348.8702609203353,-4632.558152360526,4160.493614209759,6130796648,40.770843,-73.76593
Melanerpes carolinus,824.8003925506971,-5547.750853073179,3021.9063377860452,6130809509,28.315181,-81.543611
Melanerpes carolinus,1105.6512842569134,-4836.189021109962,3997.3196168675263,6130819659,38.860276,-77.122334
Melanerpes carolinus,1078.6098857069903,-4826.933308041108,4015.8521740542096,6130834880,39.074638,-77.403816
Melanerpes carolinus,842.7646759054816,-4532.007425744662,4397.773246055169,6130840456,43.652194,-79.465698
Melanerpes carolinus,1242.7287596036172,-4694.377156541141,4124.100080244926,6130849398,40.340065,-75.172385
Melanerpes carolinus,-663.8735562403643,-5291.768006330565,3485.1422349996633,6130856274,33.163596,-97.150628
Melanerpes carolinus,1213.6186971637196,-4725.611355956385,4097.008677075035,6130886590,40.021172,-75.596725
Melanerpes carolinus,516.9725909668398,-4666.565561448081,4306.467035816392,6130914811,42.527767,-83.678422
Melanerpes carolinus,755.3861066053444,-5148.667194291067,3675.6456687303266,6130929352,35.235119,-81.653404
Melanerpes carolinus,306.8018773057793,-5288.31014110727,3539.689476383639,6130963472,33.751586,-86.679701
Melanerpes carolinus,577.3871643878014,-5318.68885160275,3459.469047688426,6130967540,32.888217,-83.804337
Melanerpes carolinus,-667.463705490554,-5322.746274260573,3436.9488549257535,6131012787,32.647361,-97.147489
Melospiza melodia,846.1442824089163,-4771.981266906768,4135.454965456041,5938073991,40.474172,-79.945102
Melospiza melodia,847.8918669750431,-4774.713267270521,4131.942125314182,5938075300,40.432655,-79.930407
Melospiza melodia,-2282.9120479474127,-3491.327041862535,4815.464795611467,5938124392,49.098842,-123.179906
Melospiza melodia,-2283.3374280818553,-3491.0967599907026,4815.430067146692,5938130566,49.098365,-123.186527
Melospiza melodia,1225.9173374845293,-4944.247391161903,3826.394849766683,5938145883,36.91251,-76.074453
Melospiza melodia,32.34461904566789,-5405.386296662701,3372.018081082501,5938171241,31.956508,-89.657159
Melospiza melodia,998.188872195935,-5049.099561972737,3754.992106301737,5938194140,36.113546,-78.817033
Melospiza melodia,696.1964702642983,-5186.510105598618,3633.89275144333,5938246951,34.776693,-82.354763
Melospiza melodia,1311.5331668452968,-4671.668856220571,4128.576507679247,5938298625,40.392902,-74.318344
Melospiza melodia,1523.2283577049427,-4525.870529125755,4217.348035620477,5938315105,41.449466,-71.39881
Melospiza melodia,27.19426327399173,-5215.265838279281,3659.2370567919656,5938363224,35.054654,-89.701242
Melospiza melodia,-2501.064727684592,-4643.679339899043,3573.6074974462736,5938364351,34.119242,-118.306705
Melospiza melodia,-650.3204696128712,-5296.941152010724,3479.8348881254756,5938400968,33.106597,-96.999338
Melospiza melodia,329.46798228894994,-4750.4079439064835,4232.5912092705175,5938401446,41.632617,-86.032563
Melospiza melodia,1120.9515030987452,-4802.920306785712,4033.0109575903152,5938431174,39.273692,-76.862922
Melospiza melodia,-2413.559038317701,-3762.599542790941,4539.5297750782265,5938468042,45.441072,-122.678569
Melospiza melodia,-1500.3452854307347,-3471.7161274640976,5126.978085038875,5938484159,53.584736,-113.372187
Melospiza melodia,1121.322965655149,-4790.918200388201,4047.1583529139134,5938489364,39.438238,-76.826945
Melospiza melodia,-2409.3936532801217,-3757.1233973638527,4546.273103344321,5938521574,45.52757,-122.671517
Melospiza melodia,460.12531940666275,-4917.435172640839,4024.5334068675743,5938523586,39.175276,-84.654388
Melospiza melodia,-2282.9854660772007,-3490.8864753649123,4815.749381713301,5938592357,49.102751,-123.184062
Melospiza melodia,-799.15243224084,-5311.333467133268,3426.491692771352,5938592404,32.535741,-98.556637
Melospiza melodia,875.3930229125599,-4749.728123876012,4154.939582517982,5938618646,40.704922,-79.557355
Melospiza melodia,830.7961462868261,-4549.027391485084,4382.451446908546,5938620954,43.462054,-79.650046
Melospiza melodia,-2323.3414116837675,-3534.0167989792094,4764.720671662239,5938624481,48.406671,-123.321811
Melospiza melodia,1422.603357254397,-4596.191539815387,4176.239474328,5938627858,40.958088,-72.80177
Melospiza melodia,1332.049707156798,-4636.9599544261955,4161.00938335745,5938639693,40.776968,-73.972341
Melospiza melodia,-2250.4792061421854,-3491.489758655747,4830.589584885173,5938689969,49.307021,-122.804262
Melospiza melodia,501.7908626768459,-4920.289409550351,4016.0566711736187,6129824523,39.077007,-84.176879
Melospiza melodia,-2025.572010228749,-3573.875436758449,4869.725405358079,6129830340,49.849825,-119.543344
Melospiza melodia,-2264.5404311954344,-3515.225075666354,4806.745513605345,6129849270,48.979225,-122.790008
Melospiza melodia,1022.8079177945765,-5057.568224061049,3736.9266452450106,6129864848,35.912693,-78.567092
Melospiza melodia,856.3136452352841,-5133.36907936531,3674.915232447877,6129891411,35.227077,-80.52951
Melospiza melodia,665.4065069444562,-4747.579983786152,4196.125785501013,6129894625,41.195332,-82.021568
Melospiza melodia,158.58258750819812,-4753.302797054409,4239.188272786593,6129903073,41.712044,-88.089172
Melospiza melodia,-2437.6133918124106,-3740.910904923268,4544.598957351507,6129909309,45.506083,-123.088651
Melospiza melodia,1517.0801405060172,-4447.705809505829,4301.875638491631,6129924731,42.471762,-71.165864
Melospiza melodia,1264.898064492889,-4698.205928869048,4112.985176980254,6129949138,40.20905,-74.931552
Melospiza melodia,1039.7771178169685,-4851.7646152946,3996.1227199270184,6129956991,38.846454,-77.903964
Melospiza melodia,548.6313288978868,-5279.076801723271,3524.216922400828,6129966972,33.584394,-84.0668
Melospiza melodia,-2501.1740978149005,-3802.431443545085,4458.183080497804,6129983938,44.407827,-123.336232
Melospiza melodia,-2292.3060503244715,-3627.766025932791,4708.970138194874,6129985279,47.656909,-122.287897
Melospiza melodia,-2732.974455726717,-4211.779122363719,3921.9281454972875,6129999173,37.99479,-122.97907
Melospiza melodia,1504.7312533233744,-4450.640032177678,4303.177929034167,6130008040,42.487642,-71.319953
Melospiza melodia,-2019.860399768431,-3575.8017004287967,4870.683657797464,6130012299,49.863192,-119.460769
Melospiza melodia,-1796.2513388192397,-4463.276026420495,4176.410105514975,6130013210,40.96012,-111.922385
Melospiza melodia,-2261.4311899902273,-3490.824816884757,4825.9531908668905,6130014500,49.243112,-122.936032
Melospiza melodia,-2715.329921989691,-4260.876611601506,3880.9363619018754,6130017767,37.52848,-122.50815
Melospiza melodia,852.9956329893049,-4532.322222416405,4395.475725330426,6130021728,43.623644,-79.341451
Melospiza melodia,-2409.640335379027,-3756.4535789303695,4546.695843481628,6130027252,45.532997,-122.678825
Melospiza melodia,-2336.1850729192565,-3527.3530382369368,4763.378315690172,6130028271,48.388489,-123.516725
Melospiza melodia,-2344.832515857788,-3650.695069098973,4665.183717144472,6130036102,47.075518,-122.712534
Melospiza melodia,665.4260684882713,-4747.562821373853,4196.1421012833225,6130039817,41.195527,-82.021308
Melospiza melodia,517.9550954638472,-4685.539861165069,4285.696192941549,6130047383,42.274806,-83.691946
Melospiza melodia,803.2034625977897,-4865.985819893971,4033.212036074864,6130060592,39.276028,-80.626995
Melospiza melodia,1527.1176900099463,-4457.532481964616,4288.13116202927,6130077986,42.304408,-71.088919
Melospiza melodia,-2020.921162760622,-3571.9881727821553,4873.041275947506,6130092554,49.896095,-119.499848
Melospiza melodia,1579.2179912616919,-4469.21977831736,4256.982292522456,6130097730,41.926771,-70.53892
Melospiza melodia,1026.0880287539608,-4472.691527678578,4419.493973879535,6130124865,43.92278,-77.07925
Melospiza melodia,-2279.2320162423416,-3481.8364679204965,4824.071864770697,6130176027,49.217203,-123.20901
Melospiza melodia,-2706.089634587938,-4247.324777398572,3902.187111678441,6130187194,37.769855,-122.502354
Melospiza melodia,1397.9544179345862,-4607.321858649594,4172.29695322184,6130207006,40.911155,-73.121144
Melospiza melodia,-1925.7508112544047,-5077.474792604332,3331.7392864835683,6130215384,31.530554,-110.770401
Melospiza melodia,1264.8995150375997,-4698.207396870498,4112.983054004286,6130229505,40.209025,-74.93154
Melospiza melodia,1526.9474843117482,-4458.7980705040245,4286.8758176906695,6130241173,42.289145,-71.095863
Melospiza melodia,-2492.374221534886,-4608.861941803353,3624.3917380579087,6130246080,34.672733,-118.403577
Melospiza melodia,-285.0235105087546,-5192.2178069444435,3680.9494662904212,6130261626,35.293537,-93.142062
Melospiza melodia,-2015.1095560159079,-3570.72061615156,4876.37579441136,6130284971,49.94267,-119.437886
Melospiza melodia,522.8869818228787,-5261.2944686157725,3554.591797721739,6130288085,33.912925,-84.32437
Melospiza melodia,828.5822744890037,-4786.105917051433,4122.668394965246,6130377019,40.323175,-80.178168
Melospiza melodia,-2323.743583266829,-3527.809417507516,4769.122519148461,6130377631,48.466339,-123.372619
Melospiza melodia,-2318.8164104876914,-3620.9565873230563,4701.225050649265,6130379208,47.553602,-122.635003
Melospiza melodia,158.43470508548637,-4753.278931150436,4239.220562389185,6130386246,41.712433,-88.090943
Melospiza melodia,-2448.268653634614,-4751.20628415155,3467.2427914333334,6130450000,32.97151,-117.261785
Melospiza melodia,-2697.694002340283,-4231.925782267685,3924.6661479408353,6130466875,38.026042,-122.515983
Melospiza melodia,-2294.5480652156502,-3627.838872038822,4707.821940623566,6130471228,47.641581,-122.312676
Melospiza melodia,1394.7314124965912,-4611.843204835049,4168.378542153949,6130477726,40.864542,-73.173431
Melospiza melodia,235.6979286227091,-5113.986724472639,3792.273644930967,6130482200,36.52968,-87.361169
Melospiza melodia,1266.0622984951274,-4698.593935414779,4112.1836554427055,6130485575,40.199612,-74.919503
Melospiza melodia,1041.7819908558156,-5156.50012111414,3593.737596730706,6130490169,34.3382,-78.578122
Melospiza melodia,901.9004370826449,-4909.33233557711,3959.1393951368473,6130492473,38.420675,-79.590185
Melospiza melodia,-20.657216079995553,-4991.3738100667315,3959.2314781130412,6130530436,38.421732,-90.237122
Melospiza melodia,-2478.669605171631,-3692.130536053992,4562.249688784406,6130537734,45.733038,-123.874985
Melospiza melodia,1207.0650652266959,-4713.525700430383,4112.836312007685,6130569426,40.207297,-75.636072
Melospiza melodia,-2732.9607325239176,-4211.7146692622055,3922.0069236146583,6130573291,37.995689,-122.979339
Melospiza melodia,674.7074311609159,-5146.659839701184,3694.105508295704,6130581499,35.438625,-82.531334
Melospiza melodia,-2255.132426605446,-3500.1799060625317,4822.123131292497,6130599070,49.19038,-122.793296
Melospiza melodia,-2252.82021540586,-3496.366093432415,4825.969161467186,6130606024,49.243332,-122.794975
Melospiza melodia,-1770.0247006506627,-3979.217826545335,4650.009804039965,6130625262,46.875518,-113.980323
Melospiza melodia,-2042.5874007254163,-3599.0868827204204,4843.982189346389,6130629242,49.492095,-119.576182
Melospiza melodia,-2281.4740783216116,-3480.20366711173,4824.190252782954,6130631505,49.218833,-123.247151
Melospiza melodia,1516.6988911382455,-4447.739211012468,4301.975536206552,6130663169,42.47298,-71.170395
Melospiza melodia,-2742.7564803996656,-4095.857240006826,4036.210287929352,6130669764,39.310869,-123.807911
Melospiza melodia,1264.8940471040291,-4698.208645976463,4112.983308761443,6130673410,40.209028,-74.931606
Melospiza melodia,-2702.9414005196786,-4314.588752381305,3829.906632394435,6130710431,36.95202,-122.065728
Melospiza melodia,1118.2206803911668,-4823.642842673709,4008.965622943859,6130721404,38.994907,-76.948193
Melospiza melodia,-12.581171138620332,-4965.362252091566,3991.838241877342,6130742230,38.796998,-90.145175
Melospiza melodia,1014.2425076996344,-5071.721840850104,3720.0407033118086,6130746630,35.725414,-78.691174
Melospiza melodia,-2432.5226778633323,-4767.480583952792,3455.9680891164467,6130765543,32.850731,-117.032144
Melospiza melodia,-2274.318586421399,-3489.669231542359,4820.729898216885,6130770059,49.171212,-123.093453
Mephitis mephitis,1334.4144470148465,-4650.797790022657,4144.776366656694,5938442615,40.584463,-73.99067
Mephitis mephitis,-399.5081522980664,-5180.540877557256,3686.7523081817044,6129975183,35.3575,-94.409755
Mephitis mephitis,-2713.8442612879703,-4285.071771269977,3855.2512719947276,6130592703,37.237776,-122.347114
Mephitis mephitis,-2271.6369587510612,-3480.1544034259896,4828.865703830285,6130932254,49.283249,-123.134103
Mephitis mephitis,-2709.75085869599,-4130.261745944816,4023.424079494811,6131379269,39.162408,-123.267776
Mephitis mephitis,-399.5080569330899,-5180.540820374505,3686.7523988676585,6131448711,35.357501,-94.409754
Mephitis mephitis,293.12772813667874,-5143.938644366857,3747.495762194284,6131465355,36.030139,-86.738523
Mephitis mephitis,1281.0716959912932,-4602.811586636395,4214.585855968909,6131601577,41.416333,-74.446853
Mephitis mephitis,-2616.4754004540814,-4558.426562391804,3600.632844900593,6131616462,34.413332,-119.855243
Mephitis mephitis,-2448.1293818506488,-3731.2072935215665,4546.922892701004,6133151609,45.535912,-123.269785
Mephitis mephitis,-2390.30295279373,-4770.885893547779,3480.639699005029,6133157431,33.115238,-116.611725
Mephitis mephitis,-2393.563064380346,-4764.152068004284,3487.615813050816,6133232704,33.190174,-116.675463
Mephitis mephitis,-2654.4676960613588,-4502.861296129323,3642.498390948813,6133294083,34.870969,-120.519642
Mephitis mephitis,-527.1549812932923,-5395.489306265066,3346.723158756102,6133395549,31.688782,-95.580253
Mephitis mephitis,-743.1048432594266,-5445.355590702069,3222.677584309596,6133410946,30.38678,-97.770913
Mephitis mephitis,-2671.334496808069,-4233.291893940091,3941.1882569273107,6133438333,38.214912,-122.253158
Mephitis mephitis,-2502.565880930058,-4632.505871055349,3587.0331049378274,6133531493,34.265211,-118.378743
Mephitis mephitis,675.1153700893196,-4793.961971651573,4141.48535927693,6147218946,40.545503,-81.983968
Mephitis mephitis,901.7845229409207,-4902.751243156242,3967.312446933261,6147254122,38.514552,-79.577828
Mephitis mephitis,-2504.8729149208834,-4646.127302793627,3567.75362041843,6147279320,34.055675,-118.330499
Mephitis mephitis,-2484.076930361589,-4649.2417755276,3578.221044934445,6147318159,34.169374,-118.115466
Mephitis mephitis,-2380.372450721617,-4732.360049427959,3539.5407171130555,6147348236,33.749977,-116.702351
Mephitis mephitis,-818.163487849047,-5486.438380231662,3133.5850932676294,6147377323,29.462295,-98.481712
Mephitis mephitis,-818.2325002140683,-5486.360293837336,3133.7037880878233,6147525189,29.463521,-98.482536
Mephitis mephitis,-2628.4831087923285,-4233.055006740885,3970.147980412919,6147596651,38.54715,-121.837897
Mephitis mephitis,-399.5083875553866,-5180.541569321987,3686.75131063613,6147700730,35.357489,-94.409757
Mephitis mephitis,-1890.581559079146,-3672.087249622663,4850.899888608913,6159217414,49.587966,-117.241766
Mephitis mephitis,-2425.8858997216926,-4693.224768087525,3560.6842049553775,6159261693,33.978972,-117.334038
Mephitis mephitis,-612.706955971627,-5312.809853052465,3462.4261408859043,6159265298,32.919892,-96.57865
Mephitis mephitis,-1316.4183402209023,-5325.472129664016,3239.775066170379,6159422738,30.56519,-103.884764
Mephitis mephitis,179.10320342113695,-4739.113110036316,4254.23108240298,6159508382,41.893524,-87.835676
Mephitis mephitis,-521.5548305493828,-5107.864325978365,3771.929972282841,6159550671,36.30233,-95.830163
Mephitis mephitis,-816.6336161309549,-5486.775229417113,3133.394365306912,6159558857,29.460325,-98.46557
Mephitis mephitis,-770.6306316637625,-5568.886706532379,2997.2291218767205,6159584030,28.063389,-97.878637
Mephitis mephitis,-818.1744689701306,-5486.46278696842,3133.539493163219,6159625487,29.461824,-98.481787
Mephitis mephitis,-1485.654154626809,-4993.012262753663,3667.75318233235,6159626688,35.148266,-106.570198
Mephitis mephitis,972.353657894727,-4588.3174503745195,4311.800606271682,6162773126,42.592888,-78.034931
Mephitis mephitis,-2480.575381523698,-4682.268375406863,3537.3523668021508,6162776359,33.726311,-117.913779
Mephitis mephitis,-2398.173218419483,-4762.146772225698,3487.1874718622944,6162881119,33.185571,-116.729404
Mephitis mephitis,-830.7258046558456,-5477.809772499875,3145.3533765637853,6163003665,29.583922,-98.623364
Mephitis mephitis,-2397.046406833415,-4769.396722675742,3478.0420576661145,6163050132,33.087351,-116.6836
Mephitis mephitis,-2690.590001393957,-4344.712310767866,3804.4649440806324,6163125359,36.666244,-121.769072
Mephitis mephitis,855.4392741118468,-5085.629351393526,3740.90241495673,6163237661,35.956852,-80.451821
Mephitis mephitis,1000.7615501661961,-4847.660250151956,4011.0372160431352,6163250881,39.018882,-78.335598
Mephitis mephitis,-687.6163293714442,-5142.996955313358,3696.8255613291667,6163295815,35.468655,-97.615258
Mephitis mephitis,-818.2170124962043,-5486.428407452243,3133.5885786172166,6163345303,29.462331,-98.482274
Mephitis mephitis,674.5350245217921,-4772.770379667887,4165.983501327828,6163383828,40.836067,-81.955672
Mephitis mephitis,706.9361932773566,-4603.998470769138,4346.630008347547,6163416815,43.019831,-81.270509
Mephitis mephitis,1160.969754484818,-4641.823569766121,4206.58725168189,6170821254,41.320483,-75.957787
Mephitis mephitis,247.79639598368516,-4956.700182007617,3994.9309607927635,6170821520,38.832694,-87.13804
Mephitis mephitis,1331.7978798760573,-4400.269574071056,4410.634332195268,6170838795,43.812263,-73.160889
Mephitis mephitis,-724.9376116507271,-5427.960175180469,3255.989392726332,6170861492,30.734688,-97.607188
Mephitis mephitis,140.86698694999987,-4694.445469925535,4304.891560952574,6170983037,42.508544,-88.281232
Mephitis mephitis,-1961.045956887597,-4936.0277361171175,3518.477237802566,6170994973,33.522455,-111.667545
Mephitis mephitis,146.67350153994363,-4687.968685382203,4311.750180437093,6171013284,42.592272,-88.207959
Mephitis mephitis,611.7668411033234,-4625.866358306014,4337.839888342646,6171030535,42.911802,-82.4664
Mephitis mephitis,-717.9573066964497,-5494.370664790866,3144.2298633090086,6171089285,29.572304,-97.44474
Mephitis mephitis,-667.2205446656068,-5441.028569712312,3246.502422304341,6171114418,30.635479,-96.991143
Mephitis mephitis,707.4394752296847,-4606.0001832735425,4344.426870169214,6171403345,42.992737,-81.268128
Mephitis mephitis,716.9520391572358,-4604.480046638178,4344.478841395893,6178337185,42.993376,-81.149686
Mephitis mephitis,508.93710072877616,-4873.998577397395,4071.2251257707903,6178787480,39.719052,-84.038846
Mephitis mephitis,-740.2618556429578,-5442.4286073138155,3228.271421217503,6178816674,30.445115,-97.745657
Mephitis mephitis,667.309713952294,-4733.064082812115,4212.1912662337945,6178818843,41.387623,-81.974824
Mephitis mephitis,1423.5389796579009,-4491.930528682484,4287.872436134531,6178914659,42.301262,-72.416056
Mephitis mephitis,783.9749782253398,-4552.095369001435,4387.88834346428,6178946367,43.529456,-80.228216
Mephitis mephitis,228.304010747883,-4909.252109607297,4054.2414990562866,6178967748,39.520767,-87.337387
Mephitis mephitis,266.4651433407506,-4863.823876422254,4106.33251895248,6178999491,40.130754,-86.864179
Mephitis mephitis,-830.2899552066234,-5479.071269597549,3143.270548748726,6179017574,29.562385,-98.616953
Mephitis mephitis,-830.7546611236969,-5477.7517587824095,3145.4467873189196,6179033889,29.584888,-98.623749
Mephitis mephitis,1208.2828591386926,-4787.672596352929,4025.91564393993,6179069345,39.191313,-75.835823
Mephitis mephitis,707.1532978423448,-4708.660467359913,4232.989953466705,6179188686,41.637415,-81.459069
Mephitis mephitis,1386.967016232215,-4617.186007695612,4165.053300487426,6179309504,40.825011,-73.280138
Mephitis mephitis,711.2597645804378,-4607.746967200472,4341.950087601338,6179317212,42.962292,-81.224983
Mephitis mephitis,149.7783372443873,-5111.51742371663,3799.9617374930294,6179361546,36.615772,-88.321592
Mephitis mephitis,-2441.201853111803,-4769.20662647329,3447.4562790620257,6179404862,32.759658,-117.106431
Mephitis mephitis,1377.1408484074052,-4598.192952636628,4189.255039222131,6179434064,41.113267,-73.327247
Mephitis mephitis,1508.8203678348414,-4480.247959622855,4270.900659998943,6179445627,42.095234,-71.387935
Mephitis mephitis,-818.2316737112993,-5486.432856481433,3133.5769607804473,6179448442,29.462211,-98.482417
Mephitis mephitis,1327.2239896236495,-4644.279249726335,4154.383210731325,6179573220,40.698322,-74.05133
Mephitis mephitis,-2393.793977825602,-4765.268055345835,3485.932283063434,6184724789,33.172084,-116.672297
Mephitis mephitis,-818.2493916262184,-5486.528030223579,3133.405692908555,6184728119,29.460442,-98.482453
Mephitis mephitis,948.0912293753186,-4680.041646319597,4217.592481401349,6184746982,41.452399,-78.547902
Mephitis mephitis,-2499.539244874932,-4643.274117953963,3575.2009955450535,6184751987,34.136554,-118.2942
Mephitis mephitis,17.55118681817045,-4712.341635000958,4287.572903235023,6184769278,42.29762,-89.786602
Mephitis mephitis,771.7336799169113,-4721.759941733048,4207.037355384957,6184799663,41.325873,-80.71754
Mephitis mephitis,-2427.814421533397,-4692.646873292452,3560.131400222535,6184885836,33.972977,-117.355494
Mephitis mephitis,-515.0722311122134,-4716.964766226531,4251.43471319883,6184954762,41.859749,-96.231762
Mephitis mephitis,1024.485771143565,-5037.874846956129,3762.9774196517014,6184958154,36.202491,-78.505258
Mephitis mephitis,180.70252600819973,-4684.778558947848,4313.925078208269,6185012292,42.618846,-87.791067
Mephitis mephitis,414.31123390662253,-4478.406381950992,4512.42458211069,6185451699,45.094716,-84.714435
Mephitis mephitis,-1269.7015574761572,-4741.694349618347,4061.2739109074514,6185502030,39.602802,-104.990624
Mephitis mephitis,-2162.944424926302,-3755.9248875855333,4669.523828311969,6185548331,47.132861,-119.936578
Mephitis mephitis,-818.2490067954789,-5486.496570274439,3133.460878473267,6185586635,29.461012,-98.482497
Mephitis mephitis,983.0073372238206,-4953.890952550811,3883.608391029764,6185724080,37.558787,-78.776513
Mephitis mephitis,22.22331112070297,-4827.980454782741,4156.905577753253,6185967850,40.728249,-89.736268
Mephitis mephitis,797.349502003889,-4581.150761096567,4355.117059900448,6187999223,43.124316,-80.126574
Mephitis mephitis,-2418.682383017487,-3749.5247875118066,4547.613937835184,6188512222,45.544785,-122.824594
Mephitis mephitis,-2423.9213097969546,-3758.850398896723,4537.113872529937,6195972058,45.410115,-122.816233
Mephitis mephitis,-830.8374136509865,-5477.897561901848,3145.1710006079097,6195985719,29.582036,-98.624369
Mephitis mephitis,-2618.6389940203785,-4557.293809310524,3600.493866720696,6499162153,34.411817,-119.881845
Mimus polyglottos,-2670.7190601466423,-4307.07236271806,3860.8471212620084,5938045302,37.301014,-121.802124
Mimus polyglottos,582.8668797150829,-5113.077558814334,3755.856388063564,5938056771,36.123168,-83.496623
Mimus polyglottos,1518.3383003909378,-4523.102480639531,4222.078384501632,5938075984,41.506247,-71.443863
Mimus polyglottos,-853.2483724907926,-5238.187781745583,3524.6431177766826,5938127558,33.588995,-99.251655
Mimus polyglottos,-178.46836186458268,-5495.563772477461,3218.1797644202707,5938151518,30.3399,-91.860026
Mimus polyglottos,1042.5043362679926,-4793.024034842322,4065.692860997212,5938183623,39.6544,-77.729033
Mimus polyglottos,-663.9560525720805,-5315.295294369313,3449.137779733621,5938210980,32.777642,-97.120178
Mimus polyglottos,1004.6051841412464,-5066.27784605359,3730.0603668386607,5938231828,35.836487,-78.784165
Mimus polyglottos,966.8916874280261,-5637.791701790552,2805.383810048387,5938240078,26.125314,-80.268343
Mimus polyglottos,-1989.7307942255404,-4921.584497640039,3522.6028059912283,5938245355,33.566971,-112.012825
Mimus polyglottos,-1014.1183265300842,-5653.509427607452,2756.655274318301,5938258603,25.638231,-100.169481
Mimus polyglottos,-935.2986020572403,-5412.429106378721,3228.0924433931013,5938327471,30.443248,-99.804212
Mimus polyglottos,-22.212777980539727,-4976.0714106960295,3978.438517537433,5938363353,38.642545,-90.255762
Mimus polyglottos,820.5127153378028,-5115.506581671925,3707.84363566179,5938429978,35.590412,-80.887537
Mimus polyglottos,-2463.668413394711,-4662.160725861497,3575.5207235804446,5938439634,34.140028,-117.853728
Mimus polyglottos,295.3450417869033,-5131.204803532689,3764.739260582648,5938501516,36.222129,-86.705769
Mimus polyglottos,1405.3656348432035,-4601.817261147504,4175.880560682272,5938528516,40.953814,-73.017663
Mimus polyglottos,1399.9380471959546,-4559.972041857149,4223.337728760483,5938531612,41.521372,-72.933208
Mimus polyglottos,318.72634370141685,-5300.719933177877,3520.019153004552,5938566602,33.53909,-86.559012
Mimus polyglottos,1098.274663549636,-4857.095840633123,3973.935818302403,5938570096,38.590719,-77.258685
Mimus polyglottos,-742.7980773189472,-5440.909578311905,3230.248768538189,5938581704,30.465744,-97.774014
Mimus polyglottos,583.819848733661,-5307.967575865824,3474.8219706136215,5938623310,33.052794,-83.723305
Mimus polyglottos,-2449.556441000692,-4739.9208873756315,3481.7490365403523,5938650666,33.12715,-117.32959
Mimus polyglottos,1343.049837978248,-4639.623311440708,4154.499463271118,5938689926,40.699701,-73.85565
Mimus polyglottos,554.1473448407426,-5459.17021695673,3237.3035681220895,5938694426,30.53938,-84.203895
Mimus polyglottos,-2672.716356190193,-4294.834007918649,3873.0790404349204,5938708033,37.439431,-121.8944
Mimus polyglottos,-776.8649038378461,-5441.958871659797,3220.453025589052,6129830215,30.363591,-98.124347
Mimus polyglottos,-816.6412439679339,-5464.602323381331,3171.9034751428503,6129831699,29.858862,-98.499497
Mimus polyglottos,980.9362478289256,-5632.168252519387,2811.796219978512,6129831997,26.189562,-80.120086
Mimus polyglottos,-1965.3063755492583,-4943.588560455566,3505.460900485945,6129852867,33.382155,-111.680122
Mimus polyglottos,979.5704698031341,-5630.730077843806,2815.1507268407827,6129881731,26.223186,-80.131101
Mimus polyglottos,278.99028202429076,-5240.08324909442,3612.955174752865,6129891415,34.547767,-86.95236
Mimus polyglottos,834.8847882184702,-5328.474646345477,3391.176560330099,6129908399,32.159805,-81.095089
Mimus polyglottos,-678.0917441670706,-5307.152555782184,3458.9126132101865,6129923875,32.882258,-97.281197
Mimus polyglottos,943.3327497314926,-5677.277181792592,2732.8373998572647,6129932053,25.400875,-80.565961
Mimus polyglottos,1532.5320875320606,-4448.8242690941015,4295.23703107074,6129961606,42.390874,-70.992182
Mimus polyglottos,1286.7468586500163,-4826.2092033007975,3954.9640172075433,6129972067,38.372763,-75.071268
Mimus polyglottos,980.5292032546382,-5065.948896854449,3736.9074628228964,6129974055,35.91248,-79.045687
Mimus polyglottos,1315.070919472927,-4741.91123165198,4046.556496277652,6129982584,39.43123,-74.499747
Mimus polyglottos,420.30328647336864,-5346.547556475808,3439.117256419106,6129993599,32.670524,-85.505103
Mimus polyglottos,-2417.8191494125344,-4731.695025159435,3514.963140531197,6129999227,33.484555,-117.066293
Mimus polyglottos,1106.8409293576578,-5147.744598300671,3586.834514922925,6130001791,34.26305,-77.865313
Mimus polyglottos,1524.3918114010048,-4452.217288801793,4294.618021233717,6130013770,42.383337,-71.099342
Mimus polyglottos,429.23147800377893,-5197.288744257188,3659.740861971743,6130014258,35.060189,-85.278795
Mimus polyglottos,-2525.0925785733248,-4430.314114489752,3819.1592590862515,6130027749,36.831169,-119.68132
Mimus polyglottos,880.6588568245353,-5072.105203118718,3753.3907225427465,6130030277,36.095721,-80.150053
Mimus polyglottos,1109.2451899141338,-4842.697212737303,3988.4347737021044,6130056378,38.757736,-77.098657
Mimus polyglottos,746.3594576280334,-5597.905774255891,2948.9238091614343,6130058129,27.572205,-82.405638
Mimus polyglottos,432.4002482523364,-5430.451599923403,3303.4797677416027,6130078806,31.232863,-85.447423
Mimus polyglottos,1284.4341501353429,-4646.104814914543,4165.776289297282,6130083943,40.833604,-74.546328
Mimus polyglottos,-811.372585945777,-5468.774191027985,3166.060091659555,6130099823,29.798286,-98.439105
Mimus polyglottos,-2431.2782737108846,-4688.544064796333,3563.171850742248,6130106507,34.005955,-117.409322
Mimus polyglottos,-2613.295920565573,-4273.973847760157,3936.1891608375495,6130147077,38.157714,-121.443453
Mimus polyglottos,295.38628250429855,-5129.971990602051,3766.41572976539,6130163807,36.24082,-86.70452
Mimus polyglottos,737.4943418903532,-5262.742939121137,3514.1701697680714,6130166859,33.476005,-82.022805
Mimus polyglottos,977.712638291814,-5652.734770915241,2771.357201135882,6130174411,25.784978,-80.18705
Mimus polyglottos,-740.1782535741187,-5444.994123784254,3223.961580814565,6130189626,30.400167,-97.741188
Mimus polyglottos,-623.6761253555013,-5295.206674059268,3487.3439032216424,6130213028,33.187252,-96.717421
Mimus polyglottos,829.176745283808,-5536.9951372164915,3040.37890816242,6130263746,28.504055,-81.483125
Mimus polyglottos,253.67165516877805,-5029.916090316994,3901.967189176706,6130269035,37.767353,-87.112872
Mimus polyglottos,-2587.5155418837735,-4108.886660982757,4124.508074593299,6130270616,40.344879,-122.200115
Mimus polyglottos,1123.090614267472,-4750.496932526871,4094.0443934909317,6130284959,39.98637,-76.698621
Mimus polyglottos,-744.0628121540647,-5451.907376317749,3211.3594662228224,6130291075,30.268856,-97.771572
Mimus polyglottos,853.8515242165353,-4829.266357104717,4066.8018339239343,6130324804,39.667355,-79.973289
Mimus polyglottos,1318.0838907900788,-4397.850334610183,4417.162032446425,6130324891,43.893671,-73.315951
Mimus polyglottos,393.4699870640274,-5488.634605874723,3210.891568108723,6130354488,30.263984,-85.899587
Mimus polyglottos,801.2234205755556,-5442.573404337884,3213.4387964286116,6130356751,30.29051,-81.625407
Mimus polyglottos,-729.5255842631669,-5326.620788077758,3418.2826874910147,6130399738,32.448215,-97.79862
Mimus polyglottos,222.71551959554705,-5223.643559961236,3640.562990182181,6130415174,34.849757,-87.558613
Mimus polyglottos,-694.6180696014958,-5591.4722369485835,2973.667279722755,6130420553,27.823527,-97.081467
Mimus polyglottos,749.1789008533913,-5621.012241517407,2903.9121000651853,6130422287,27.116483,-82.408255
Mimus polyglottos,-623.5617271740798,-5295.096958182993,3487.530946890985,6130434606,33.189262,-96.716338
Mimus polyglottos,680.3905854298505,-5089.664441119151,3771.224954539724,6130450486,36.294463,-82.385795
Mimus polyglottos,-2700.0508536729276,-4265.873859143854,3886.1032841563347,6130456831,37.587096,-122.331439
Mimus polyglottos,563.9334399445889,-5311.133076185669,3473.2690152126497,6130457759,33.036133,-83.939072
Mimus polyglottos,818.196119510238,-5441.040510054426,3211.757526284089,6130461983,30.273001,-81.448226
Mimus polyglottos,-2421.878774293495,-4839.714015424506,3361.7591497916205,6130466383,31.847832,-116.584196
Mimus polyglottos,439.892425806103,-5188.7764671809955,3670.5376386879025,6130498308,35.178897,-85.154184
Mimus polyglottos,-699.1593975728622,-5312.3029062472815,3446.790840584858,6130564425,32.752542,-97.497683
Mimus polyglottos,-1984.7363605484636,-4929.281388187743,3514.649300408248,6130569728,33.481171,-111.931793
Mimus polyglottos,-531.7051058909129,-5125.001872085149,3747.185426579619,6130592666,36.026688,-95.923092
Mimus polyglottos,-846.27785890021,-5458.538527076626,3174.5746271954044,6130600308,29.886565,-98.812828
Mimus polyglottos,-2459.835202124085,-4696.764044284181,3532.615379628513,6130607865,33.675105,-117.64239
Mimus polyglottos,149.11485251735897,-5110.896936034718,3800.8223320312,6130612358,36.625415,-88.32882
Mimus polyglottos,1105.504323001334,-4836.162358023282,3997.3925211744586,6130624466,38.861118,-77.12392
Mimus polyglottos,1013.3160300568355,-5067.043456011214,3726.6626313366774,6130633403,35.798804,-78.691075
Mimus polyglottos,-2619.479427160582,-4185.389569208769,4026.238295769184,6130651962,39.195057,-122.040916
Mimus polyglottos,428.63811404284206,-5197.698395651241,3659.2285914809618,6130655711,35.054561,-85.285662
Mimus polyglottos,-2601.0122858950044,-4287.524520543339,3929.5828918652787,6130655734,38.082196,-121.242953
Mimus polyglottos,377.45320200217265,-5291.886350513368,3527.4950125019395,6130659805,33.619789,-85.920186
Mimus polyglottos,-2512.9629939012852,-4643.084950715482,3566.024714075821,6130710080,34.03691,-118.423449
Mimus polyglottos,-2676.98396075451,-4299.6739267133835,3864.7527899571583,6130711663,37.345183,-121.90646
Mimus polyglottos,1019.5739351220457,-4964.0693789208735,3861.1186619627883,6130716767,37.304084,-78.39339
Mimus polyglottos,428.64162724220984,-5197.6966961143735,3659.2305940285214,6130722809,35.054583,-85.285622
Mimus polyglottos,-910.4182913774774,-5299.573698924524,3416.9299486630075,6130723908,32.4338,-99.747742
Mimus polyglottos,690.2146995009759,-4729.620140321199,4212.368707335375,6130730198,41.38975,-81.69718
Mimus polyglottos,1200.6873318327848,-4942.367088297558,3836.809954293648,6130739063,37.029747,-76.345222
Mimus polyglottos,-1091.8569534795158,-5421.554246276025,3162.9655511090014,6130740062,29.766221,-101.386593
Mimus polyglottos,1259.006424366942,-4706.61658819493,4105.169453848224,6130754835,40.117075,-75.024169
Mimus polyglottos,-818.2992701934405,-5486.418130012442,3133.5850932676294,6130770033,29.462295,-98.48313
Odocoileus virginianus,497.2332963514419,-4623.260765947387,4355.223538319071,5938036798,43.125628,-83.861415
Odocoileus virginianus,1411.6796210847112,-4570.205485289976,4208.341193310848,5938058321,41.341489,-72.834732
Odocoileus virginianus,1265.897862432138,-4698.057448541188,4112.847181913504,5938061489,40.207425,-74.919729
Odocoileus virginianus,840.0669024847635,-4780.823582220282,4126.471447218983,5938066704,40.36805,-80.033958
Odocoileus virginianus,812.0647341639988,-4652.193389119862,4276.377049259577,5938092445,42.161641,-80.098482
Odocoileus virginianus,846.0242319754738,-4771.939364478098,4135.527878074589,5938094905,40.475034,-79.946413
Odocoileus virginianus,-648.013051742401,-5300.042792098666,3475.5400467225104,5938107890,33.060499,-96.970707
Odocoileus virginianus,1122.4219918930642,-4810.281058587342,4023.8188501954305,5938120822,39.166987,-76.865717
Odocoileus virginianus,993.320263972173,-4962.177114604116,3870.383219548015,5938133764,37.408903,-78.680244
Odocoileus virginianus,745.2269105080802,-5614.72742609251,2917.0577492083685,5938148959,27.249383,-82.439483
Odocoileus virginianus,1265.9297522808492,-4698.043279928507,4112.853550989407,5938156948,40.2075,-74.919323
Odocoileus virginianus,1095.703059673767,-4333.548392195257,4539.773812339209,5938224113,45.4442,-75.810603
Odocoileus virginianus,1265.8849245070642,-4698.093645370262,4112.809816526257,5938238590,40.206985,-74.919987
Odocoileus virginianus,-313.1505541441687,-4956.305363696979,3990.8303649623076,5938243421,38.785369,-93.615271
Odocoileus virginianus,-1256.75016873719,-4743.300023005372,4063.4267601143897,5938288109,39.627935,-104.839695
Odocoileus virginianus,1161.4753756507887,-4640.898769373513,4207.467967063055,5938304437,41.33103,-75.949225
Odocoileus virginianus,793.9762009481342,-4942.64722554201,3940.7605009499466,5938306549,38.210016,-80.874093
Odocoileus virginianus,-54.99559877732075,-4695.1900410068,4306.032871753666,5938327316,42.522469,-90.671085
Odocoileus virginianus,1335.793512672021,-4659.11284130557,4134.982025736304,5938354903,40.468581,-74.002109
Odocoileus virginianus,940.1104451972473,-4438.074403930662,4473.191373693279,5938364356,44.597071,-78.03992
Odocoileus virginianus,141.4710634543239,-4723.114085297899,4273.398226838114,5938375538,42.125511,-88.284337
Odocoileus virginianus,1336.4523806947836,-4660.325268515789,4133.402539729941,5938385686,40.449912,-73.998573
Odocoileus virginianus,1265.3061077908742,-4281.118992871294,4545.412385267285,5938428904,45.516522,-73.534692
Odocoileus virginianus,1013.3987286601102,-4717.372688459373,4160.429192355651,5938438209,40.770078,-77.87583
Odocoileus virginianus,1097.5612207685394,-4574.168146617722,4296.754387070582,5938464290,42.409353,-76.507099
Odocoileus virginianus,670.8472493187157,-5139.733526012272,3704.437390393365,5938478304,35.552751,-82.56369
Odocoileus virginianus,-1120.1079592933927,-5376.123894114635,3229.923089538622,5938496951,30.462346,-101.769128
Odocoileus virginianus,-732.4533542717,-5420.236599013125,3267.154790366107,5938514792,30.85158,-97.695937
Odocoileus virginianus,-722.521998180958,-5414.638882195122,3278.627893989007,5938525346,30.971842,-97.600571
Odocoileus virginianus,1160.9444982343857,-4641.821713077278,4206.596270822892,5938527470,41.320591,-75.958075
Odocoileus virginianus,-833.3519627296909,-5480.110123640441,3140.648128757114,5938539526,29.535275,-98.646637
Odocoileus virginianus,413.8375068049421,-4651.14125814177,4334.2100369560185,5938618765,42.867247,-84.91547
Odocoileus virginianus,391.05851786174327,-4781.222114147531,4192.4624578488265,5938682071,41.151564,-85.324158
Odocoileus virginianus,42.46246337984159,-4831.497935754067,4152.659119851441,5938709376,40.677874,-89.496459
Odocoileus virginianus,971.490912091288,-5063.4322181419275,3742.674539641912,5938720939,35.976543,-79.138984
Odocoileus virginianus,-546.1879284625999,-5510.537828892665,3150.4610317891725,6129813441,29.636756,-95.660497
Odocoileus virginianus,1307.4282389379416,-4501.140815100237,4315.103230786472,6129826700,42.633246,-73.803217
Odocoileus virginianus,202.32744001982775,-4759.443588814969,4230.4271015561235,6129833668,41.606583,-87.56578
Odocoileus virginianus,1160.963777645291,-4641.821356296395,4206.591343701419,6129848330,41.320532,-75.95785
Odocoileus virginianus,-783.1774872934158,-5477.6802386412255,3157.7532133264635,6129860508,29.712235,-98.136783
Odocoileus virginianus,976.1141105491217,-4477.968240775053,4425.466620309582,6129866918,43.9974,-77.702942
Odocoileus virginianus,1530.2669574930637,-4458.712982082435,4285.780525399303,6129868173,42.275831,-71.057358
Odocoileus virginianus,-24.721367331155736,-4704.578888418181,4296.053941272697,6129886219,42.400822,-90.301072
Odocoileus virginianus,722.4109936752224,-4742.88846545629,4192.002443956383,6129891527,41.14607,-81.339582
Odocoileus virginianus,-0.8199205079428464,-5496.429658704756,3221.6476319297426,6129895391,30.376043,-90.008547
Odocoileus virginianus,687.0330618536009,-4985.660258461987,3906.524092948905,6129897325,37.819213,-82.153952
Odocoileus virginianus,-468.2910126366048,-5412.214599291785,3328.4215160303966,6129905863,31.495555,-94.945192
Odocoileus virginianus,-727.1157510974467,-5417.284315303804,3273.2379170092154,6129911211,30.915325,-97.644634
Odocoileus virginianus,1266.0463610883728,-4698.116011002638,4112.7345754878215,6129921658,40.206099,-74.91822
Odocoileus virginianus,1521.8250037765154,-4426.025604756249,4322.510744185621,6129947418,42.723861,-71.025208
Odocoileus virginianus,1510.1263095444865,-4451.548320719431,4300.347568185505,6129947864,42.453134,-71.261204
Odocoileus virginianus,1091.8719247205256,-4345.168586548874,4529.578212610241,6129963154,45.313663,-75.89453
Odocoileus virginianus,1269.4557494552482,-4269.241819460211,4555.4154055173185,6129972024,45.645053,-73.440195
Odocoileus virginianus,855.6704281353062,-4775.211274067653,4129.7625278106925,6129972460,40.406908,-79.840982
Odocoileus virginianus,-815.7002434248268,-5476.8101365057155,3151.021575810352,6129982672,29.642556,-98.471197
Odocoileus virginianus,-256.01008433379474,-4518.152089485693,4484.474736540825,6129994862,44.739753,-93.243058
Odocoileus virginianus,360.6393220935113,-4700.089934090422,4285.889291675562,6130002594,42.277153,-85.612275
Odocoileus virginianus,-815.6823778243715,-5476.790556272046,3151.060232828553,6130043251,29.642956,-98.471044
Odocoileus virginianus,513.7277510477986,-4685.553572958864,4286.189991404165,6130086639,42.280808,-83.743038
Odocoileus virginianus,-1680.1881873673021,-4279.185191769415,4410.815670513807,6130096657,43.814523,-111.437061
Odocoileus virginianus,1006.6345023350694,-4871.039371248752,3981.13244594181,6130124722,38.67357,-78.323792
Odocoileus virginianus,-199.98480063393973,-4948.759836354741,4007.4350015034597,6130135549,38.977198,-92.314126
Odocoileus virginianus,722.4231684907462,-4742.863298411489,4192.028820020983,6130153053,41.146385,-81.339393
Odocoileus virginianus,296.9801526038611,-4523.446960977968,4476.604015306247,6130159536,44.640188,-86.243722
Odocoileus virginianus,-548.2195309761066,-5527.553402323979,3120.15414042165,6130166495,29.323662,-95.664039
Odocoileus virginianus,93.63470599472328,-4577.101767701575,4430.702549214269,6130167098,44.062893,-88.828052
Odocoileus virginianus,1102.3132646415022,-4817.005331634671,4021.332892372376,6130168449,39.138157,-77.110491
Odocoileus virginianus,1055.4141925307144,-4418.939569247525,4466.4109859282635,6130200194,44.511499,-76.567192
Odocoileus virginianus,1266.0552213849503,-4698.121800875023,4112.725233981013,6130206479,40.205989,-74.918137
Odocoileus virginianus,1395.8729491622496,-4608.147989550279,4172.08148840339,6130208037,40.908591,-73.1477
Odocoileus virginianus,1214.6667771492018,-4731.868341229225,4089.4693728453317,6130242517,39.932692,-75.603073
Odocoileus virginianus,-734.0113787734318,-5421.686395278001,3264.398421878983,6130243917,30.82271,-97.710073
Odocoileus virginianus,1023.5831596800537,-5056.325497634167,3738.395793234236,6130246294,35.929008,-78.555917
Odocoileus virginianus,866.6281940753635,-4568.537250888631,4355.132155302988,6130258743,43.124502,-79.258906
Odocoileus virginianus,1092.1497249782806,-4515.751807151682,4359.466449476772,6130285659,43.177931,-76.403903
Odocoileus virginianus,-988.3128887034425,-5347.609626135662,3319.0453522302614,6130287765,31.396717,-100.470911
Odocoileus virginianus,1542.3622155271232,-4421.822340691731,4319.532279443134,6130308567,42.68741,-70.770875
Odocoileus virginianus,-731.6345149840187,-5414.989659478242,3276.026717520058,6130329530,30.944563,-97.694796
Odocoileus virginianus,-544.8101512937532,-5514.777318190894,3143.273160177455,6130361449,29.562412,-95.641998
Odocoileus virginianus,-738.0734129482641,-5454.469124232881,3208.390147654509,6130388410,30.237942,-97.706192
Odocoileus virginianus,-907.6552168519951,-5298.831746206345,3418.8151840066757,6130389961,32.45389,-99.720058
Odocoileus virginianus,-739.0113510831738,-5419.719707234033,3266.53541962531,6130404776,30.845092,-97.764737
Odocoileus virginianus,-789.7356300458584,-5596.177581907328,2940.8956520202078,6130406654,27.490786,-98.032569
Odocoileus virginianus,1381.9874050457286,-4400.347467803535,4395.088861964842,6130409616,43.618838,-72.564413
Odocoileus virginianus,-934.6484345318396,-5412.362510824316,3228.3923994657343,6130414715,30.446377,-99.797647
Odocoileus virginianus,-318.1432363772169,-4558.951825381176,4438.974686194833,6130417343,44.166512,-93.991874
Odocoileus virginianus,-724.229082782257,-5420.469742062618,3268.601098438508,6130443520,30.866732,-97.610219
Odocoileus virginianus,-220.06722353409398,-4477.42499936405,4527.028707869354,6130444816,45.281068,-92.813846
Odocoileus virginianus,1266.0281262353753,-4698.084571776715,4112.77610254825,6130450041,40.206588,-74.918331
Odocoileus virginianus,584.2280906778657,-4839.189730704478,4102.520373865882,6130450929,40.085929,-83.116083
Odocoileus virginianus,866.6290131115244,-5532.216928896391,3038.6317866669788,6130467185,28.486177,-81.096897
Odocoileus virginianus,1107.519807869368,-4836.701356850681,3996.182301834241,6130467632,38.847142,-77.102619
Odocoileus virginianus,1279.0973466174626,-4282.173854616993,4540.556153863559,6130510668,45.454229,-73.368967
Odocoileus virginianus,1114.4144000117064,-4825.156022004356,4008.2044655979175,6130545880,38.9861,-76.995047
Odocoileus virginianus,1339.7938871221793,-4590.269539976155,4210.003684092756,6130569272,41.361406,-73.728692
Odocoileus virginianus,143.6714011674691,-4717.481162264385,4279.542398650197,6130572506,42.200056,-88.25559
Odocoileus virginianus,722.4113432913133,-4742.881307422533,4192.0104823894935,6130581052,41.146166,-81.339565
Odocoileus virginianus,184.76724208098236,-4723.655818674424,4271.146204783265,6130591446,42.09821,-87.76
Odocoileus virginianus,513.4697986897964,-4736.1076927841,4230.293821693968,6130605271,41.60498,-83.812389
Odocoileus virginianus,-814.8000344822129,-5480.386095420918,3145.0313636913525,6130611269,29.580592,-98.456542
Ondatra zibethicus,-1578.4979651096673,-4686.6271127969,4016.668222472334,5938692644,39.084092,-108.613986
Ondatra zibethicus,-2436.1887092938373,-3673.82671001441,4599.753798538718,6129972892,46.218363,-123.549162
Ondatra zibethicus,-2489.3113184894705,-4013.7557912445054,4275.844564243285,6130124604,42.155181,-121.806983
Ondatra zibethicus,-2293.0996955413734,-3627.559120371084,4708.743117244565,6130216945,47.653878,-122.29833
Ondatra zibethicus,1517.1144478507113,-4459.136662266176,4290.013649049818,6130382711,42.327303,-71.210358
Ondatra zibethicus,-1897.5321873200637,-3677.1492045741165,4844.347061788793,6130457277,49.497147,-117.29525
Ondatra zibethicus,844.3803992091127,-4532.932604493342,4396.50962403474,6130504094,43.63649,-79.448061
Ondatra zibethicus,-249.83157617922248,-4540.286867058521,4462.4133020191175,6130579049,44.461105,-93.149553
Ondatra zibethicus,-1570.1279049517561,-3563.463966106021,5042.437511167907,6130628159,52.322733,-113.779174
Ondatra zibethicus,135.1364836824091,-4647.43013306203,4355.787462533317,6131125532,43.132577,-88.334441
Ondatra zibethicus,-286.7561575251548,-5070.142807247068,3847.229646111558,6133468756,37.147217,-93.237075
Ondatra zibethicus,26.80971927990272,-4650.519976735809,4354.50322248253,6147195596,43.116753,-89.6697
Ondatra zibethicus,-1796.235125582891,-4463.4046526948905,4176.279613436012,6147215699,40.958566,-111.921634
Ondatra zibethicus,-1266.4140815638757,-4735.764228177326,4069.2119235559817,6147217328,39.695518,-104.971436
Ondatra zibethicus,-1958.2565788268057,-4935.339003363535,3520.9960555271296,6147280438,33.549631,-111.642316
Ondatra zibethicus,325.30788376287336,-5154.488959581543,3730.3044749713317,6147448373,35.839195,-86.388763
Ondatra zibethicus,-2441.8196414448125,-4271.308091002191,4047.616231817313,6147536201,39.44357,-119.755722
Ondatra zibethicus,-255.61094388382557,-4499.1347312204725,4503.576672531505,6147544561,44.98211,-93.25167
Ondatra zibethicus,-249.68461521738956,-4519.9070338482,4483.0626950747355,6147634645,44.721878,-93.161868
Ondatra zibethicus,-286.8404020461415,-5070.1929880196785,3847.157233291554,6159297598,37.1464,-93.237992
Ondatra zibethicus,200.9579282114057,-4746.95523943237,4244.500559028351,6159336527,41.776074,-87.575884
Ondatra zibethicus,-2421.9951518746434,-3750.670791197983,4544.904974807225,6159370153,45.51001,-122.852347
Ondatra zibethicus,-2045.078874357219,-3597.551752015312,4844.071316455488,6162850320,49.493329,-119.616674
Ondatra zibethicus,-98.2603134812411,-4595.430157127526,4411.589250081526,6163081509,43.824165,-91.224922
Ondatra zibethicus,-2096.484044760111,-3964.8622763720455,4524.86186630549,6163363884,45.25338,-117.86836
Ondatra zibethicus,1205.16458538976,-4711.404456113803,4115.8230650394535,6163399312,40.242477,-75.651563
Ondatra zibethicus,921.7586729716162,-4750.598848687224,4143.902105181861,6170849420,40.574111,-79.019342
Ondatra zibethicus,857.0589097320533,-5148.910844707481,3652.933104804963,6170928526,34.985428,-80.549511
Ondatra zibethicus,648.1038074473172,-4753.587362191257,4192.030745887403,6171186488,41.146408,-82.236167
Ondatra zibethicus,702.5724679935036,-4742.228857758279,4196.118506136302,6171366969,41.195245,-81.572794
Ondatra zibethicus,1109.3703679904188,-4847.518161816535,3982.5391632928204,6178318999,38.689776,-77.109653
Ondatra zibethicus,-1634.6738818993663,-3672.7596798299105,4942.512596213507,6178424014,50.875966,-113.992916
Ondatra zibethicus,842.4321632656272,-4534.281716399925,4395.492065320375,6178487289,43.623847,-79.474925
Ondatra zibethicus,36.260039192456816,-4543.026047591013,4466.469821922542,6178605785,44.512241,-89.542705
Ondatra zibethicus,325.28422494223105,-4882.402265598756,4079.9621835940234,6178757504,39.82128,-86.18837
Ondatra zibethicus,1188.966719998616,-4695.209939224471,4138.975102005435,6178757855,40.515801,-75.789725
Ondatra zibethicus,-1667.6309330329182,-4241.482790391689,4451.806817425968,6178790237,44.327612,-111.463347
Ondatra zibethicus,149.68743218291988,-4733.127038005252,4262.024782239957,6178872806,41.987752,-88.188597
Ondatra zibethicus,834.1377435442538,-4783.815562780213,4124.206107334376,6178916410,40.341316,-80.10897
Ondatra zibethicus,-1988.2099549453023,-3544.8528327180916,4906.199414934575,6178918319,50.361256,-119.286862
Ondatra zibethicus,1533.0024763819965,-4464.481790236073,4278.791754892333,6178932857,42.190944,-71.048683
Ondatra zibethicus,-315.0908925628324,-4750.808666325908,4233.236099612687,6178968661,41.640377,-93.794507
Ondatra zibethicus,1263.188083650957,-4288.972642206758,4538.592586849104,6178993187,45.429061,-73.589246
Ondatra zibethicus,-270.983390152232,-4507.936103925714,4493.866176786097,6179000414,44.85878,-93.440054
Ondatra zibethicus,345.9150446689492,-4512.585604026611,4484.045838066433,6179072264,44.734323,-85.616529
Ondatra zibethicus,1275.9275719233692,-4275.345309781518,4547.876915991938,6179163108,45.548162,-73.382872
Ondatra zibethicus,89.32125445228998,-4574.900194513064,4433.064747262872,6179175991,44.092464,-88.881488
Ondatra zibethicus,156.0239178294132,-4755.72239538076,4236.568678165914,6179201694,41.680493,-88.120936
Ondatra zibethicus,50.9965641462231,-4651.975428964775,4352.7321406710425,6179207892,43.094937,-89.371929
Ondatra zibethicus,-2292.869899887004,-3627.392956943094,4708.983020545862,6179235622,47.657081,-122.296922
Ondatra zibethicus,1874.4380644855846,-4118.219508069271,4485.142489982081,6179298927,44.748208,-65.526994
Ondatra zibethicus,-2285.5785298714127,-3628.013446006836,4712.04863610955,6179346425,47.698028,-122.210137
Ondatra zibethicus,-444.35939102775603,-4852.606813528208,4104.205766598757,6179421789,40.105743,-95.232056
Ondatra zibethicus,482.25445576651316,-4608.611964178168,4372.399745357762,6179466429,43.337639,-84.026195
Ondatra zibethicus,-765.9196940630708,-4769.387276663692,4154.042026402989,6179515590,40.694275,-99.123279
Ondatra zibethicus,52.74073432506492,-4652.629439019997,4352.0122756932515,6179536820,43.086072,-89.350541
Ondatra zibethicus,869.7097095608987,-4583.024826578453,4339.267402423879,6184753284,42.929333,-79.254884
Ondatra zibethicus,-222.41849364943087,-4494.346687145883,4510.114300004045,6184788830,45.065292,-92.833171
Ondatra zibethicus,200.88880405984867,-4746.930063486919,4244.531987209533,6184889381,41.776453,-87.576704
Ondatra zibethicus,184.46611984693513,-4601.914930298429,4402.0568322776635,6184953868,43.70546,-87.704548
Ondatra zibethicus,1104.5743059035603,-4830.809990631121,4004.1158283488317,6184954074,38.938811,-77.120612
Ondatra zibethicus,-255.84204294257896,-4511.0212944215955,4491.657250950402,6185108570,44.830762,-93.246046
Ondatra zibethicus,1342.7827626173937,-4643.697090550023,4150.031917143805,6185127509,40.646727,-73.872117
Ondatra zibethicus,1177.3768186835207,-4500.593533466019,4352.952423703705,6185203880,43.09765,-75.339692
Ondatra zibethicus,778.238583611424,-4625.153344416354,4311.850458595491,6185261680,42.593497,-80.448753
Ondatra zibethicus,-1611.797430597163,-4539.4165690412165,4169.599427416486,6185306875,40.879062,-109.548276
Ondatra zibethicus,1150.720576214873,-4585.157969601005,4271.056272042964,6185311736,42.09712,-75.911655
Ondatra zibethicus,758.6470774614387,-4560.703884036316,4383.39911754254,6185390145,43.473797,-80.55565
Ondatra zibethicus,133.0476209481751,-4865.599179505682,4110.717222654838,6185416898,40.182348,-88.433663
Ondatra zibethicus,359.0260512868503,-4647.073133509145,4343.450784340984,6185418857,42.980737,-85.582188
Ondatra zibethicus,748.8157045319571,-4589.054094479209,4355.4116554313605,6185565500,43.127946,-80.732477
Ondatra zibethicus,179.29874394637002,-4716.649275572391,4279.114943693277,6185658403,42.194867,-87.823006
Ondatra zibethicus,345.9811853362184,-4700.07003205631,4287.119294215754,6185690486,42.292105,-85.789941
Ondatra zibethicus,-2682.9774871190325,-4289.797668481638,3871.565690619156,6185758512,37.422292,-122.023186
Ondatra zibethicus,1496.51237761157,-4489.206963415024,4265.820515792812,6185762733,42.033694,-71.563787
Ondatra zibethicus,185.31888095207296,-4732.129335757033,4261.732275930505,6185820224,41.984213,-87.757338
Ondatra zibethicus,-2161.6262362046873,-3754.874308609118,4670.978920009829,6185943654,47.1521,-119.928405
Ondatra zibethicus,46.81426068817917,-4653.247472556506,4351.41925282087,6185971074,43.07877,-89.423592
Ondatra zibethicus,917.0321077363153,-4446.153750084181,4469.957726161456,6186037210,44.556245,-78.346
Ondatra zibethicus,483.3145903618819,-4707.103308842509,4266.068280783216,6187920039,42.036694,-84.137545
Ondatra zibethicus,-247.0650854328197,-4496.692672107571,4506.491649371114,6187935925,45.019184,-93.144882
Ondatra zibethicus,168.5049969239099,-4708.471428447802,4288.5494054726505,6187969344,42.309494,-87.950395
Ondatra zibethicus,-2042.220739610379,-4132.61175495025,4397.795773251607,6187986636,43.652474,-116.29729
Ondatra zibethicus,-2163.0537911932406,-3754.165499890544,4670.887798429069,6188039629,47.150895,-119.949442
Ondatra zibethicus,837.0246548383049,-4566.8755022821615,4362.658708118859,6188155512,43.217312,-79.614005
Ondatra zibethicus,1519.7461669324366,-4488.366158950431,4258.484934922296,6188277717,41.944937,-71.294067
Ondatra zibethicus,514.323046895964,-4682.629763661597,4289.312698974,6188287036,42.318777,-83.731965
Ondatra zibethicus,325.35525143751465,-5154.498168956562,3730.2876184368038,6188291900,35.839008,-86.388245
Ondatra zibethicus,563.9026787616268,-4806.227485417887,4143.904470059192,6188375652,40.574139,-83.308223
Ondatra zibethicus,1256.1737992708006,-4735.97560803414,4072.1389411227915,6188616354,39.729737,-75.144884
Ondatra zibethicus,966.6002915896156,-4963.490965004708,3875.460546347096,6195395082,37.46641,-78.980031
Ondatra zibethicus,481.82546820352667,-4609.720079508282,4371.278775878524,6195592844,43.32378,-84.032895
Ondatra zibethicus,155.310345414961,-4741.474330233674,4252.534891334773,6195986295,41.873035,-88.123907
Ondatra zibethicus,665.8312211300881,-4782.047832271431,4156.734348561856,6235237898,40.726217,-82.07335
Ondatra zibethicus,-1633.609954847668,-3663.5061512935113,4949.726691902761,6252063829,50.978897,-114.032778
Ondatra zibethicus,-473.6600915858624,-4466.32441433116,4518.555684426798,6273693898,45.172876,-96.053672
Ondatra zibethicus,1338.5372033838098,-4625.975743653636,4171.141295132913,6274146113,40.897404,-73.862073
Ondatra zibethicus,49.06137845288954,-4653.33984220937,4351.295717798162,6334671719,43.077249,-89.395938
Ondatra zibethicus,-247.19836318050028,-4484.684980324061,4518.434101121106,6431605379,45.171325,-93.154983
Ondatra zibethicus,362.1628187099526,-4942.113526755381,4004.260869509251,6479591115,38.940488,-85.808802
Passer domesticus,-1494.890801767354,-4645.7095870064595,4095.416590978879,5938032792,40.002478,-107.837074
Passer domesticus,-164.74332492070948,-4548.875908447052,4457.616037314285,5938126918,44.400689,-92.074133
Passer domesticus,-2447.35806287769,-4768.505129660145,3444.060172260334,5938150166,32.723347,-117.168428
Passer domesticus,-2015.8484928892549,-3571.301686921485,4875.6448029348185,5938166513,49.932456,-119.442887
Passer domesticus,-679.4950506239544,-5314.070609777646,3447.9984280959916,5938263340,32.765456,-97.286707
Passer domesticus,780.1692863616782,-4757.814528614307,4164.647635227014,5938280414,40.82019,-80.687718
Passer domesticus,1343.0519482701836,-4635.71900440711,4158.854879182953,5938283041,40.751386,-73.842738
Passer domesticus,520.6352975712094,-4795.331683535622,4162.149211823117,5938312418,40.790506,-83.803595
Passer domesticus,-825.3086288524925,-5477.360181232264,3147.561634324309,5938325271,29.606761,-98.568661
Passer domesticus,383.89031542756703,-5287.043159936639,3534.056589864621,5938360299,33.690681,-85.847062
Passer domesticus,-737.4854136349678,-5474.323290846046,3174.531918512336,5938360703,29.886122,-97.672533
Passer domesticus,786.1724856438661,-4753.39985896526,4168.557992073881,5938387553,40.866676,-80.608773
Passer domesticus,-2699.946486062041,-4248.215339384687,3905.471614580667,5938450446,37.807232,-122.437934
Passer domesticus,793.8804392738359,-5431.481474043431,3233.9628901610504,5938463691,30.504504,-81.684373
Passer domesticus,831.0980237761097,-5538.362817875967,3037.361766751181,5938464222,28.473183,-81.465758
Passer domesticus,984.3463711038343,-5601.78774798953,2870.6775119902522,5938469416,26.781188,-80.03373
Passer domesticus,-1634.208197095991,-3673.3085925826813,4942.258661976318,5938470761,50.872347,-113.983672
Passer domesticus,850.6025257121781,-4520.530767092773,4408.064207415441,5938497016,43.780241,-79.34358
Passer domesticus,755.3711868530147,-5148.67061515677,3675.6439430895525,5938505330,35.2351,-81.653572
Passer domesticus,-96.75396299819133,-4820.950805173957,4163.991490675041,5938514203,40.812393,-91.149742
Passer domesticus,1350.1588002549238,-4641.832887829062,4149.724302316978,5938538448,40.643081,-73.781998
Passer domesticus,1335.146054554128,-4644.574303499056,4151.513902417072,5938623751,40.664295,-73.961983
Passer domesticus,-1639.97419151399,-3652.986156501499,4955.394022805237,5938647500,51.059919,-114.177253
Passer domesticus,1346.8070664562451,-4583.69110518799,4214.930569729645,5938648005,41.420467,-73.625847
Passer domesticus,-2502.722447377015,-4650.043931348367,3564.1583743715532,5938648115,34.016658,-118.289795
Passer domesticus,1517.5470801831925,-4447.3827670833025,4302.044922145208,5938675639,42.473826,-71.159204
Passer domesticus,612.9576849962791,-5400.337589734774,3324.2126771581643,5938677810,31.451175,-83.524437
Passer domesticus,-1479.7763719942798,-4996.424254986418,3665.482189664587,5938677888,35.123292,-106.497555
Passer domesticus,-1992.430722996516,-4929.095565132193,3510.554066458907,5938701655,33.437026,-112.009461
Passer domesticus,-2296.203627923407,-3629.498086789081,4705.735401271859,6129812948,47.613738,-122.31951
Passer domesticus,-1089.2953797435314,-3913.9025414402126,4907.601817736915,6129824780,50.38103,-105.55265
Passer domesticus,496.07496523176087,-4855.230467390015,4095.1678679970464,6129827928,39.999558,-84.166145
Passer domesticus,1331.1009460473565,-4638.650449675831,4159.4284952180005,6129831295,40.758196,-73.988709
Passer domesticus,830.3956081586414,-5538.625339178188,3037.0751745456637,6129832702,28.470251,-81.473263
Passer domesticus,196.28649106722898,-4739.8133847699755,4252.692537752681,6129846234,41.874939,-87.628606
Passer domesticus,324.3340349244988,-4656.5534580199665,4336.020117119999,6129850082,42.889461,-86.015721
Passer domesticus,-2408.1179940103407,-3756.5464181757607,4547.425630474006,6129857406,45.542367,-122.661728
Passer domesticus,1330.0167239272612,-4643.235789118417,4154.656429886965,6129868144,40.701563,-74.016075
Passer domesticus,489.95729560798117,-4862.192995981145,4087.636755876167,6129874697,39.911202,-84.245798
Passer domesticus,-408.04074422600524,-4928.608168785387,4016.4757436477666,6129877774,39.081862,-94.732739
Passer domesticus,-2442.36298642486,-4690.303095650107,3553.2623099279194,6129893482,33.898519,-117.507167
Passer domesticus,857.6024069800937,-4520.749004374283,4406.483822807966,6129913850,43.760559,-79.258424
Passer domesticus,782.4451544705489,-4625.226058372804,4311.011090089211,6129917455,42.583244,-80.398233
Passer domesticus,1335.3022777566925,-4613.347395143923,4186.137452164467,6129917458,41.076064,-73.85727
Passer domesticus,237.55657305206415,-5115.115915904244,3790.6344021997543,6129933421,36.511336,-87.340976
Passer domesticus,-2278.6650620395035,-3501.6243031118115,4809.996455775686,6129934066,49.02379,-123.053871
Passer domesticus,-790.4583173149571,-5651.128346760294,2833.668503319911,6129953703,26.408975,-97.962653
Passer domesticus,-754.1977656197927,-5465.895033670728,3185.110726631842,6129959023,29.995912,-97.856206
Passer domesticus,-2450.049083454931,-4762.3440817860655,3450.6653655514506,6129959756,32.793983,-117.224137
Passer domesticus,-2281.6649618760466,-3489.7470751953047,4817.2007932605875,6129976012,49.122692,-123.177445
Passer domesticus,1264.8991197425564,-4698.206908565786,4112.983733356681,6129977669,40.209033,-74.931543
Passer domesticus,60.49775643602129,-4723.513744643532,4274.869712085654,6129979367,42.143356,-89.266208
Passer domesticus,1352.648956905437,-4630.660854706267,4161.378855349643,6129994028,40.781356,-73.716541
Passer domesticus,-408.1298180425538,-4934.233648429336,4009.5537761713213,6130013996,39.001713,-94.728395
Passer domesticus,-531.4104848712752,-5122.480872329052,3750.672704845001,6130027569,36.065476,-95.922726
Passer domesticus,-2213.386024914676,-3536.064246084178,4815.280374179159,6130035551,49.096309,-122.044352
Passer domesticus,1331.4104130290682,-4640.224043434503,4157.573844021,6130062038,40.73618,-73.99033
Passer domesticus,1264.8985457482904,-4698.207063102332,4112.983733356681,6130101467,40.209033,-74.93155
Passer domesticus,-1986.2315106035526,-4932.392940444448,3509.4354812443457,6130117650,33.424972,-111.934215
Passer domesticus,-1107.5411886354789,-5663.477225879099,2699.6539328406748,6130141571,25.070962,-101.065034
Passer domesticus,716.2245728385354,-5587.067737977613,2976.8187015989747,6130179803,27.855578,-82.694908
Passer domesticus,-2442.359322650753,-4690.308849089069,3553.2572337075694,6130185354,33.898464,-117.507103
Passer domesticus,-2055.0894085684654,-3636.723215749446,4810.468262497546,6130195839,49.030261,-119.470518
Passer domesticus,1334.2574495253891,-4640.8830640697615,4155.925236778677,6130213199,40.716616,-73.960016
Passer domesticus,1332.0476448870077,-4637.119295775235,4160.832469371652,6130274522,40.774867,-73.972887
Passer domesticus,-1100.1579520719406,-5649.892711035963,2730.9555038398203,6130286368,25.382141,-101.018859
Passer domesticus,1108.5851183544034,-4828.7013259302885,4005.5506075943745,6130361118,38.955402,-77.069959
Passer domesticus,492.22212125531155,-4859.04729936265,4091.103745394498,6130362028,39.951863,-84.215662
Passer domesticus,1264.8951877422157,-4698.208636248381,4112.98296908523,6130376739,40.209024,-74.931593
Passer domesticus,139.5889359303119,-4865.27350500097,4110.885765887792,6130388442,40.184332,-88.356585
Passer domesticus,485.7777327107597,-4857.280829204977,4093.97069729592,6130393654,39.985505,-84.288827
Passer domesticus,1610.9745148286086,-4472.947720759373,4241.138164408665,6130397983,41.735539,-70.193035
Passer domesticus,-212.02811372861464,-4384.355149970902,4617.599714959034,6130401644,46.45081,-92.768676
Passer domesticus,478.2485837202679,-4858.439381738085,4093.482404484407,6130432040,39.979774,-84.378106
Passer domesticus,-1897.8514549845188,-3677.708833457403,4843.7971386919135,6130438647,49.489533,-117.295625
Passer domesticus,-2408.353410181575,-4696.645203303044,3568.06821902759,6130473142,34.05909,-117.147918
Passer domesticus,1517.4378754951058,-4447.49142953366,4301.971107285006,6130522365,42.472926,-71.160892
Passer domesticus,-2055.089173815556,-3636.7235412798827,4810.468116685136,6130533894,49.030259,-119.470513
Passer domesticus,-43.071736865561576,-5492.3364127209,3228.333731921304,6130534049,30.445765,-90.449313
Passer domesticus,-2268.581737705347,-3484.186185272149,4827.394396088425,6130543260,49.262969,-123.068476
Passer domesticus,-1537.05032847968,-4783.841840874638,3916.8975808533855,6130567229,37.937405,-107.812233
Passer domesticus,839.190364448659,-4533.0331357914765,4397.399601094999,6130581574,43.64755,-79.511703
Passer domesticus,1264.9007863112154,-4698.207872358771,4112.982119894612,6130601199,40.209014,-74.931527
Passer domesticus,-382.92135598471134,-5116.543157934619,3776.785733636567,6130610004,36.356535,-94.280029
Passer domesticus,1092.7366632137853,-4840.259373737436,3995.944057352745,6130625552,38.844391,-77.27818
Passer domesticus,1532.5320875320606,-4448.8242690941015,4295.23703107074,6130630164,42.390874,-70.992182
Passer domesticus,-402.6735111371747,-4931.204542767791,4013.8297087061615,6130630816,39.051213,-94.668315
Passer domesticus,-2584.5107892938668,-4369.667423486623,3849.164028437968,6130639997,37.169045,-120.602882
Passer domesticus,1529.6678571712534,-4444.556642876548,4300.672694437057,6130640405,42.457097,-71.008249
Passer domesticus,983.4161173480044,-5605.446972475814,2863.8453360087983,6130656623,26.712383,-80.04933
Passer domesticus,978.5581309019137,-5623.650218856893,2829.6175236370755,6130665324,26.368306,-80.128932
Passer domesticus,-708.9130553720747,-5411.489525839576,3286.7881771311377,6130669938,31.057471,-97.463331
Passer domesticus,-683.5631037393155,-5576.361485462293,3004.4445736835414,6130681321,28.13695,-96.988582
Passer domesticus,-263.6373801192487,-4492.814411992079,4509.419820872477,6130718064,45.05645,-93.358253
Passer domesticus,1264.8962090569769,-4698.208509962928,4112.982799247116,6130752014,40.209022,-74.931581
Passer domesticus,-2280.53565222674,-3606.85384516615,4730.699272645678,6130752941,47.947839,-122.304282
Passer domesticus,-533.3058780504963,-5493.588172466979,3182.1104571408505,6130766642,29.964762,-95.544778
Passer domesticus,739.8407314877359,-5486.953080073144,3152.100048980833,6130802355,29.653716,-82.320761
Passer domesticus,822.9493917074531,-5545.781477955495,3026.02300505656,6130812429,28.357243,-81.559362
Passer domesticus,-2525.836230560079,-4685.054067143721,3501.452963272186,6130812835,33.339,-118.330278
Poecile atricapillus,-2275.8096633055366,-3556.7630613219258,4770.731603401983,5938031370,48.488168,-122.613315
Poecile atricapillus,-2257.274301785155,-3499.7534800578114,4821.430434528846,5938036040,49.180849,-122.821245
Poecile atricapillus,-1635.2239024859225,-3670.4392601465875,4944.054161919215,5938046604,50.897942,-114.013535
Poecile atricapillus,1610.990248709557,-4472.938513579784,4241.141898354125,5938047356,41.735584,-70.192819
Poecile atricapillus,-500.9545484514085,-4761.8837576505375,4202.768224478633,5938055079,41.274768,-96.005479
Poecile atricapillus,1249.4564373369665,-4288.991764460942,4542.373981219606,5938084318,45.477539,-73.758258
Poecile atricapillus,-206.1537398055272,-4328.195049366296,4670.54401326898,5938100636,47.146349,-92.726961
Poecile atricapillus,893.0488123406604,-4505.066650452151,4415.494471000752,5938105969,43.872864,-78.787498
Poecile atricapillus,800.2753849934271,-4485.032158935243,4453.515349829584,5938107785,44.349095,-79.883044
Poecile atricapillus,-2275.3098092437176,-3479.4827357414015,4827.620355135052,5938138353,49.266083,-123.18155
Poecile atricapillus,1517.0904280070104,-4447.7141205754615,4301.863417701752,5938151251,42.471613,-71.165778
Poecile atricapillus,850.0607678918627,-4527.767497841006,4400.735314247282,5938155663,43.689022,-79.366845
Poecile atricapillus,-501.8221481873789,-4073.4609011851535,4872.868143894505,5938199767,49.893678,-97.023057
Poecile atricapillus,-417.653544058786,-4060.6286919838276,4891.48374960505,5938208871,50.154258,-95.872473
Poecile atricapillus,757.1016087271461,-4559.933472944362,4384.467699283662,5938231831,43.487041,-80.57298
Poecile atricapillus,1516.9563042412824,-4447.769069270467,4301.853903509625,5938259418,42.471497,-71.167542
Poecile atricapillus,984.0772416941555,-4437.717045602593,4464.080256360234,5938271146,44.482113,-77.496812
Poecile atricapillus,1452.3217907107469,-4439.428856052065,4332.664997199346,5938318660,42.848292,-71.884927
Poecile atricapillus,752.3115984984813,-4609.554620943323,4333.103574227386,5938322213,42.853672,-80.730652
Poecile atricapillus,1179.3410309150638,-4345.610348116375,4507.169684493974,5938331020,45.027811,-74.816395
Poecile atricapillus,-1753.8850027441501,-3191.9025755865864,5227.370129882741,5938342187,55.134207,-118.787892
Poecile atricapillus,984.0765446191801,-4437.71720018103,4464.080256360234,5938409797,44.482113,-77.496821
Poecile atricapillus,984.0808268862942,-4437.713058349244,4464.0834297298725,5938457806,44.482153,-77.496757
Poecile atricapillus,1517.0548994205956,-4447.8327763975985,4301.753265242514,5938463527,42.47027,-71.166655
Poecile atricapillus,-2104.7769227592917,-3890.459788698223,4585.1924569879875,5938485833,46.029425,-118.413823
Poecile atricapillus,1004.3198845308431,-4534.935287991128,4360.671580496084,5938489550,43.192795,-77.512658
Poecile atricapillus,66.29335961706765,-4593.077116844082,4414.634856799753,5938496589,43.862141,-89.173089
Poecile atricapillus,1415.4807327818098,-4526.305907488501,4254.259307639298,5938539503,41.893865,-72.634327
Poecile atricapillus,1379.1135731937982,-4427.266533335589,4368.879710488348,5938601593,43.29413,-72.697952
Poecile atricapillus,-2036.3273562794025,-3375.9692289858826,5004.593469272608,5938604460,51.769359,-121.097667
Poecile atricapillus,41.46090499003446,-4658.3639689399,4345.995772652954,5938616927,43.01203,-89.490063
Poecile atricapillus,148.06336865886536,-4705.284795947842,4292.799244963698,5938630881,42.361197,-88.197642
Poecile atricapillus,984.0756420356902,-4437.717160914718,4464.080494363032,5938646772,44.482116,-77.496832
Poecile atricapillus,-2023.5727541330461,-3568.723628298353,4874.332580285517,5938673701,49.914126,-119.55453
Poecile atricapillus,-2260.0082496919113,-3493.0735041384246,4824.992573640715,5938690142,49.229881,-122.902748
Poecile atricapillus,1347.3514316555643,-4363.942780195987,4441.8915633397055,5938708748,44.203093,-72.842118
Poecile atricapillus,1104.8871397540754,-4335.972878473024,4535.230615440614,6129817252,45.385995,-75.7042
Poecile atricapillus,-346.3529753360701,-4959.317506378968,3984.339671398058,6129829490,38.710524,-93.994984
Poecile atricapillus,1473.1878704998016,-4378.511707635854,4387.266330414129,6129830198,43.521741,-71.404045
Poecile atricapillus,-1490.8930646859103,-4671.556362179961,4067.3765690337573,6129838050,39.67407,-107.700103
Poecile atricapillus,137.09813123334519,-4701.141619322437,4297.699932192124,6129874404,42.420871,-88.329572
Poecile atricapillus,1516.8991882855144,-4447.741348448153,4301.90270456699,6129890666,42.472092,-71.168092
Poecile atricapillus,-1280.0898602012742,-4746.912125528303,4051.9067550968757,6129893553,39.493553,-105.091839
Poecile atricapillus,857.7243720214088,-4520.0735880460825,4407.15291202451,6129895150,43.768891,-79.255364
Poecile atricapillus,-1573.3176298588107,-3566.493987032093,5039.30009085754,6129932502,52.276594,-113.80412
Poecile atricapillus,1516.6281862594199,-4447.850026335575,4301.885890809694,6129935695,42.471887,-71.171647
Poecile atricapillus,1517.0473466124938,-4447.914043797107,4301.671900180892,6129935698,42.469278,-71.167062
Poecile atricapillus,812.522630644121,-4651.670555710334,4276.8587941976875,6129939554,42.167486,-80.091918
Poecile atricapillus,-398.7952659783845,-4924.663108697826,4022.23926828593,6129973136,39.148667,-94.629664
Poecile atricapillus,-491.831532668758,-4063.842655910522,4881.909231146381,6129981194,50.020058,-96.90073
Poecile atricapillus,1004.3132939337166,-4534.9400215457845,4360.668175668468,6130010626,43.192753,-77.51275
Poecile atricapillus,1337.0289137879067,-4439.369891592576,4369.679825684472,6130010824,43.304017,-73.238992
Poecile atricapillus,854.9357652263309,-4769.679599216253,4136.302030538217,6130022098,40.484187,-79.837996
Poecile atricapillus,-2458.425144494915,-3780.938954088936,4500.044395786052,6130025295,44.937217,-123.032547
Poecile atricapillus,-2402.0652595793526,-3735.3955650126554,4568.003457888708,6130027106,45.80722,-122.743252
Poecile atricapillus,1115.1395133601898,-4338.964488197079,4529.856969660841,6130027298,45.317228,-75.586587
Poecile atricapillus,1517.4262184819868,-4447.488504751085,4301.978242767837,6130031299,42.473013,-71.161015
Poecile atricapillus,-2279.019125284731,-3481.6792597138906,4824.285904539862,6130069024,49.22015,-123.207743
Poecile atricapillus,1526.9009516026888,-4464.321355628586,4281.140204122119,6130078001,42.219456,-71.118128
Poecile atricapillus,1517.0077287339968,-4447.712262267553,4301.894502741042,6130096904,42.471992,-71.166725
Poecile atricapillus,1288.716449176236,-4284.353340052119,4535.7777173142285,6130097498,45.393001,-73.258922
Poecile atricapillus,431.47941056289727,-4363.405246276212,4622.150290147104,6130098400,46.510241,-84.352613
Poecile atricapillus,814.3676812290823,-4565.407088410418,4368.479887390911,6130115195,43.28919,-79.886075
Poecile atricapillus,1517.4422992648,-4447.494997531242,4301.965858187855,6130115988,42.472862,-71.160855
Poecile atricapillus,-2344.1911271395966,-3548.87342779466,4743.418438490367,6130121827,48.118897,-123.446563
Poecile atricapillus,-407.41972895824523,-4933.756382745026,4010.2132424418223,6130128680,39.009345,-94.72066
Poecile atricapillus,1517.0529283944702,-4447.784821041556,4301.803543612787,6130150839,42.470883,-71.166489
Poecile atricapillus,-1664.3440464617402,-3665.4420263174848,4938.040783184194,6130157092,50.812276,-114.421073
Poecile atricapillus,-1521.7648957989177,-3493.242264808064,5106.000706125114,6130166299,53.268125,-113.539438
Poecile atricapillus,-408.0677333051244,-4922.063827404544,4024.490220346967,6130168593,39.174775,-94.739315
Poecile atricapillus,1096.7316113843656,-4344.798631299452,4528.758964189427,6130171616,45.303187,-75.833114
Poecile atricapillus,1516.9538148604972,-4447.771425533761,4301.852345148887,6130177563,42.471478,-71.16758
Poecile atricapillus,-2417.5255620126436,-3752.8089347635123,4545.519594705543,6130217611,45.517898,-122.789268
Poecile atricapillus,1517.338776686611,-4447.5931481631815,4301.900900166405,6130226278,42.47207,-71.162436
Poecile atricapillus,-2408.3518834368506,-3756.5116811863027,4547.330461307432,6130272894,45.541145,-122.664497
Poecile atricapillus,901.8994360434017,-4909.329779478617,3959.142792735122,6130273430,38.420714,-79.590191
Poecile atricapillus,843.2154371448847,-4413.012364819999,4517.085644991005,6130283887,45.154126,-79.182609
Poecile atricapillus,1836.0703673339256,-4072.0691270670027,4542.780179610661,6130294039,45.482749,-65.729686
Poecile atricapillus,1115.4402228070228,-4338.442522844541,4530.282851544256,6130355882,45.322675,-75.5812
Poecile atricapillus,716.7254464564859,-4604.47587929778,4344.520645715029,6130362664,42.99389,-81.152431
Poecile atricapillus,1351.30612816264,-4407.490663946538,4397.470969192592,6130378712,43.648437,-72.954823
Poecile atricapillus,1532.0112379929194,-4429.783190016137,4315.056846183059,6130385571,42.632679,-70.922394
Poecile atricapillus,1517.0483884878026,-4447.868314213304,4301.718816482698,6130396459,42.46985,-71.16687
Poecile atricapillus,-2038.526555734026,-4137.543769200784,4394.871348423339,6130397847,43.616136,-116.229008
Poecile atricapillus,-1317.295103701881,-4483.445787602446,4330.496577653695,6130404779,42.821699,-106.373479
Poecile atricapillus,-1823.5544211726815,-4490.548543478934,4135.139197337645,6130409879,40.470439,-112.101443
Poecile atricapillus,1516.6915555205567,-4447.741077851343,4301.976192342752,6130420914,42.472988,-71.170487
Poecile atricapillus,-1797.4527692164502,-4493.648637062059,4143.191837067632,6130422605,40.565702,-111.801336
Poecile atricapillus,-1793.8026916189162,-4479.679572118263,4159.867301292735,6130433768,40.763406,-111.822696
Poecile atricapillus,-139.22321194036195,-4268.342811998665,4727.749958087227,6130448419,47.908255,-91.86819
Poecile atricapillus,1517.0466655013513,-4447.870885027914,4301.716765953992,6130489182,42.469825,-71.1669
Poecile atricapillus,-403.92721185973346,-4926.718425752457,4019.2090628067476,6130508560,39.113536,-94.68703
Poecile atricapillus,984.078813809663,-4437.71534028589,4464.0816050425965,6130536810,44.48213,-77.496788
Poecile atricapillus,1092.170603364397,-4515.444582339479,4359.779435550052,6130545423,43.181791,-76.402762
Poecile atricapillus,145.18686279261308,-4694.1677191909075,4305.050908950544,6130550570,42.510488,-88.228452
Poecile atricapillus,1517.1455828078408,-4447.692134015154,4301.86669845357,6130572927,42.471653,-71.165055
Poecile atricapillus,-212.02811372861464,-4384.355149970902,4617.599714959034,6130663432,46.45081,-92.768676
Poecile atricapillus,783.3537584184758,-4743.10853915852,4180.793154966006,6130672473,41.012338,-80.621903
Poecile atricapillus,-1400.318347735206,-4987.555555321518,3708.5241319499382,6130678308,35.597938,-105.682748
Poecile atricapillus,565.7656235097104,-4646.269039929255,4322.250154436573,6130682641,42.720671,-83.057402
Procyon lotor,-737.1043769689452,-5422.812109392569,3261.83063529607,5938078551,30.795823,-97.740581
Procyon lotor,-2459.6332593152338,-3791.944886217571,4490.1126198834,5938094156,44.811178,-122.969333
Procyon lotor,-739.8061648741777,-5427.39269236263,3253.5900987955315,5938129710,30.709588,-97.762131
Procyon lotor,311.62185475817245,-5300.9674314088825,3520.2825512246645,5938157159,33.541932,-86.635691
Procyon lotor,23.26657181150894,-4827.867870332586,4157.030625689914,5938189400,40.729733,-89.723881
Procyon lotor,-654.9412410610736,-5317.354153223825,3447.687617756016,5938200792,32.762132,-97.021784
Procyon lotor,1293.9011107224446,-4652.074163270384,4156.1736037827895,5938247181,40.719563,-74.45693
Procyon lotor,-731.9447492262162,-5417.944965596874,3271.067465449328,5938250322,30.892576,-97.693871
Procyon lotor,-1905.7790401238374,-3658.4823930852363,4855.230783329195,5938276966,49.648083,-117.515938
Procyon lotor,-738.9313763732491,-5421.1390677466825,3264.1974141952874,5938322634,30.820605,-97.761899
Procyon lotor,-2241.1258266817313,-3537.605784815723,4801.297061200848,5938367852,48.904625,-122.354866
Procyon lotor,876.386270843011,-5525.659916728716,3047.7504357497687,5938403478,28.57952,-80.987784
Procyon lotor,843.0500558876441,-4532.479194987551,4397.232320443199,5938593819,43.645471,-79.463283
Procyon lotor,841.4770370902693,-4533.375461587499,4396.6096540406625,5938639795,43.637733,-79.484537
Procyon lotor,1519.175444033874,-4451.460683459514,4297.2499210001815,5938694020,42.415389,-71.156473
Procyon lotor,1220.7833678589873,-4856.918604059567,3938.2461543149343,6129830921,38.181244,-75.891015
Procyon lotor,-735.146877326108,-5426.279543844094,3256.5015753864195,6129893906,30.740047,-97.715399
Procyon lotor,-2424.850961843327,-4694.02396534896,3560.335652049475,6129939531,33.975192,-117.320088
Procyon lotor,1143.1166666853658,-5123.40022000237,3610.2365021842043,6129948953,34.518088,-77.422358
Procyon lotor,-1576.6499875512166,-4687.565154247845,4016.2994000838075,6129966868,39.079819,-108.590228
Procyon lotor,-525.1470288031154,-5544.787485208025,3093.4294030569313,6130011907,29.04837,-95.410347
Procyon lotor,-739.3440166059237,-5446.702281921417,3221.2664911333386,6130021919,30.37207,-97.730173
Procyon lotor,1105.5749652801908,-4835.123417535713,3998.6295981274507,6130023924,38.875407,-77.12045
Procyon lotor,747.5919294846321,-5485.07532279222,3153.538986589939,6130057144,29.668608,-82.238658
Procyon lotor,979.7223984563375,-4579.834065994455,4319.145410795646,6130136066,42.682677,-77.925227
Procyon lotor,-2639.6753936220853,-4269.535130072231,3923.38332553201,6130145502,38.011398,-121.726772
Procyon lotor,556.3277897892104,-5142.59256019958,3719.407786162418,6130148789,35.718403,-83.82573
Procyon lotor,1214.5862666358812,-4267.6382554443035,4571.848318923677,6130153255,45.856846,-74.113443
Procyon lotor,979.7668835180946,-5644.754714884785,2786.853816120369,6130185904,25.939854,-80.153205
Procyon lotor,1442.3775201102787,-4531.05265425062,4240.148825638832,6130188009,41.723617,-72.34208
Procyon lotor,679.5626797806325,-4611.552821373005,4342.986100554948,6130219726,42.975025,-81.617172
Procyon lotor,963.4579027839166,-5668.155233284681,2744.7255328407837,6130230274,25.519287,-80.353217
Procyon lotor,-2268.419475014996,-3641.134676688358,4710.2191542716655,6130270678,47.673588,-121.922822
Procyon lotor,981.0724887293475,-5623.022108615784,2829.9951002703065,6130287830,26.372096,-80.102986
Procyon lotor,-741.0381731359963,-5410.514724485888,3281.3024809904514,6130307976,30.999899,-97.798855
Procyon lotor,1409.036390946679,-4463.545196311411,4322.1677268646945,6130333774,42.719662,-72.480317
Procyon lotor,980.7065329776611,-5066.517177064775,3736.0904058065785,6130354311,35.903408,-79.044953
Procyon lotor,-2616.369067325671,-4558.862537665753,3600.1581070678844,6130389563,34.408157,-119.851872
Procyon lotor,991.6615779014287,-5230.0948921098,3500.3525342625794,6130404718,33.327155,-79.263778
Procyon lotor,-742.9112341496162,-5429.7336364571365,3248.973478651018,6130409966,30.66131,-97.790991
Procyon lotor,-724.9759669904221,-5421.509000311945,3266.711364124526,6130413981,30.846935,-97.616532
Procyon lotor,1220.7823999023074,-4856.919414341405,3938.2454550674897,6130434975,38.181236,-75.891028
Procyon lotor,-2674.8521221088777,-4254.311845333025,3916.0886069120274,6130462015,37.928181,-122.15918
Procyon lotor,-2399.809568135237,-4262.353533711713,4082.034972904969,6130462246,39.845555,-119.380578
Procyon lotor,-399.50763453047216,-5180.541240171014,3686.751854751914,6130508363,35.357495,-94.409749
Procyon lotor,-2260.4353369832947,-3514.6473487498997,4809.099627884616,6130509365,49.011492,-122.746981
Procyon lotor,-2679.1057192563067,-4298.257445395739,3864.858161411061,6130511029,37.346375,-121.935305
Procyon lotor,-727.2883551930403,-5412.754895658689,3280.6842605775,6130520638,30.993413,-97.65275
Procyon lotor,-362.1661257011986,-5110.449093379981,3787.069961202691,6130622962,36.471463,-94.053647
Procyon lotor,-2213.630486799026,-3536.042689703238,4815.183827663034,6130649412,49.094983,-122.047355
Procyon lotor,541.8303415534953,-4652.902837712272,4318.178805174531,6130672793,42.670853,-83.357825
Procyon lotor,-728.5549224609318,-5430.381752542618,3251.140550066628,6130683551,30.683969,-97.64133
Procyon lotor,-907.4030273445888,-5304.046434798038,3410.786462555159,6130698939,32.368363,-99.708037
Procyon lotor,1151.9903687135559,-4791.58003401789,4037.7508711744154,6130723218,39.328778,-76.48153
Procyon lotor,1329.9410975171586,-4644.431747134526,4153.343659393144,6130752894,40.685992,-74.020843
Procyon lotor,980.7102578571149,-5066.461063339352,3736.165522762281,6130753561,35.904242,-79.044794
Procyon lotor,-731.3278329809233,-5418.205929986012,3270.7731854485532,6130767397,30.889492,-97.687098
Procyon lotor,784.8399094638629,-4551.031616446598,4388.837052374314,6130882487,43.541225,-80.215401
Procyon lotor,-2499.8488558235053,-3833.4617144827225,4432.277079708639,6130884562,44.082602,-123.108879
Procyon lotor,-2690.4313203086695,-4343.581941160308,3805.867622606655,6130910947,36.681972,-121.774233
Procyon lotor,752.0760446492671,-5569.696592193948,3000.435738962804,6130923321,28.096074,-82.309865
Procyon lotor,-833.1497945849155,-5656.120298785226,2811.390708373753,6130950605,26.185498,-98.379444
Procyon lotor,1260.4989819013635,-4706.272413181217,4105.106018025905,6131035561,40.116329,-75.006167
Procyon lotor,830.4289141459953,-5650.255093539868,2823.9614597502064,6131054561,26.311547,-81.638987
Procyon lotor,-2513.030047041938,-4663.763091395902,3538.8906368627972,6131055678,33.742946,-118.317639
Procyon lotor,-794.6515297391528,-5486.421816314844,3139.65885558052,6131058696,29.52505,-98.24139
Procyon lotor,-372.98722573138093,-5112.032334800029,3783.8814816372897,6131220405,36.435813,-94.173055
Procyon lotor,824.7524529681252,-5219.205271576273,3559.4146785884523,6131293135,33.965205,-81.020225
Procyon lotor,1220.6860386702324,-4856.917906639254,3938.2771833429865,6131330946,38.181599,-75.892093
Procyon lotor,1556.1992562937921,-4419.190890974601,4317.2617332651025,6131332500,42.659637,-70.600502
Procyon lotor,1088.531984891907,-4840.057611578378,3997.3358082786744,6131353884,38.860463,-77.325036
Procyon lotor,-2337.90880270119,-3527.945573726419,4762.093614026701,6131381081,48.371094,-123.531751
Procyon lotor,669.7344616635586,-5085.012268776198,3779.3993050395206,6131443478,36.385726,-82.4969
Procyon lotor,1098.6210041633062,-4842.670399383954,3991.4068223897075,6131451148,38.79202,-77.218078
Procyon lotor,-2592.977122938978,-4159.458298661955,4070.0281855639187,6131556254,39.705059,-121.939124
Procyon lotor,-535.0079245244082,-5479.779406786756,3205.547894405777,6131562008,30.20836,-95.576292
Procyon lotor,1564.1085074771006,-4500.487851139673,4229.5303295117055,6131605545,41.595798,-70.835514
Procyon lotor,-41.714932046862515,-5512.132053420829,3194.434726171821,6131628489,30.09278,-90.433597
Procyon lotor,1220.6905116911644,-4856.917774665581,3938.275959665871,6131636245,38.181585,-75.892043
Procyon lotor,-2703.089149652306,-4247.828927996017,3903.7176610494785,6133028501,37.78727,-122.470475
Procyon lotor,981.6868250031067,-5623.005738654513,2829.8145823271134,6133030844,26.370284,-80.096883
Procyon lotor,65.58515896314572,-4589.281313717573,4418.5912619480805,6133065559,43.91151,-89.181245
Procyon lotor,880.5626141875393,-5533.314875266959,3032.6208307868037,6133193036,28.424691,-80.957866
Procyon lotor,981.3153893020344,-5623.153595587752,2829.649603188526,6133251904,26.368628,-80.100811
Procyon lotor,-624.63229524107,-5321.0963856440885,3447.5383797870513,6133265539,32.760536,-96.69519
Procyon lotor,742.9105459858265,-5601.519315544075,2942.9268437946453,6133299195,27.51138,-82.445145
Procyon lotor,-448.51305826341826,-5420.7086995166555,3317.304080308147,6133322655,31.378373,-94.729917
Procyon lotor,-813.1908483238232,-5540.175248589823,3038.9030897336133,6133389159,28.488953,-98.350288
Procyon lotor,-205.20510775101582,-4948.535689568658,4007.4478814446957,6133402500,38.977347,-92.374572
Procyon lotor,-2317.329518956506,-3639.2360165713008,4687.82446833715,6133406094,47.375339,-122.487461
Procyon lotor,-15.257699339387816,-5384.29448737278,3405.7147862872184,6133408826,32.314378,-90.162361
Procyon lotor,-2705.81493769543,-4259.792417373244,3888.7642270406586,6133432310,37.617301,-122.423663
Procyon lotor,-627.2556955515923,-5318.1778878525565,3451.563033646009,6133439516,32.803587,-96.726708
Procyon lotor,960.3839115452702,-5660.19503308321,2762.1745164964877,6133467768,25.6933,-80.370149
Procyon lotor,1008.2732091908822,-5072.203592905607,3721.006446839458,6133479627,35.736113,-78.757072
Procyon lotor,55.01441605340749,-4745.380104338634,4250.658091290194,6133559990,41.850372,-89.335785
Procyon lotor,1508.584809862349,-4467.9883036024785,4283.807362615815,6133589480,42.251853,-71.343108
Procyon lotor,-724.8407691698928,-5429.0049850569,3254.268560099791,6147165733,30.716685,-97.604737
Procyon lotor,-647.244530599732,-5466.661356770866,3207.2482376134017,6147289956,30.226056,-96.7523
Procyon lotor,-727.8120493322511,-5429.662282824663,3252.508300526764,6147401044,30.698273,-97.63463
Quiscalus quiscula,1353.0102642517509,-4616.343972964807,4177.138335963791,5938147631,40.968793,-73.664598
Quiscalus quiscula,1078.3784285515117,-5081.7131015932355,3688.230612042563,5938258266,35.373803,-78.019128
Quiscalus quiscula,737.5629915026707,-5172.076791725287,3646.282438832697,5938320252,34.912458,-81.884067
Quiscalus quiscula,-346.35407280046536,-4959.31952100941,3984.337068380004,6129921727,38.710494,-93.994995
Quiscalus quiscula,1202.2659461436942,-4740.619226295379,4082.993886316662,6130021795,39.856788,-75.76928
Quiscalus quiscula,734.9179158618618,-5584.414331819411,2977.241232616642,6130044103,27.859876,-82.502866
Quiscalus quiscula,1264.896551183583,-4698.206187614511,4112.985346818299,6130276448,40.209052,-74.93157
Quiscalus quiscula,-191.69862942696687,-5270.254075352469,3574.5526638145843,6130413110,34.12951,-92.083141
Quiscalus quiscula,-485.4031567431168,-4047.9589207193385,4895.729310457225,6130554715,50.213886,-96.837863
Quiscalus quiscula,1264.8965698457437,-4698.2062569313875,4112.985261899278,6130623656,40.209051,-74.93157
Quiscalus quiscula,-434.11656814932985,-5355.048151473407,3424.1429920984497,6130651574,32.51069,-94.63465
Quiscalus quiscula,-384.62264753072213,-5347.669835761923,3441.5470178926703,6130672476,32.696486,-94.113824
Quiscalus quiscula,-347.3292551179208,-5365.878145551754,3417.0846119618905,6131017163,32.435448,-93.703546
Quiscalus quiscula,506.291811692034,-4882.2580043000935,4061.647265647118,6131050466,39.60716,-84.07957
Quiscalus quiscula,-635.537697585633,-5513.147717340604,3129.0649100661167,6131193988,29.415617,-96.575845
Quiscalus quiscula,-177.0727520700793,-5214.245451696052,3656.50690408466,6131319790,35.024666,-91.944984
Quiscalus quiscula,-227.29719243940406,-5224.828233838128,3638.5792615902355,6131364939,34.828021,-92.490984
Quiscalus quiscula,-177.07861759294016,-5214.246465745337,3656.5051739784335,6131410296,35.024647,-91.945048
Quiscalus quiscula,-368.0243811866631,-5111.213986333391,3785.4725953887887,6131456274,36.453601,-94.118379
Quiscalus quiscula,745.2786062495579,-5586.557599041218,2970.6374940976857,6131549643,27.792722,-82.401283
Quiscalus quiscula,972.1978120887067,-5609.687039025029,2859.3698375764493,6131599797,26.667334,-80.167903
Quiscalus quiscula,1259.8730612180548,-4720.7649689242835,4088.62459850153,6133071718,39.922785,-75.057225
Quiscalus quiscula,1275.7862539626103,-4725.143162158294,4078.620436003601,6133097693,39.805571,-74.890452
Quiscalus quiscula,846.2726828554136,-5527.131478076913,3053.5869563484607,6133107361,28.639309,-81.294908
Quiscalus quiscula,1166.8104433110789,-4852.906523025292,3959.495523148903,6133153913,38.424763,-76.480682
Quiscalus quiscula,-35.02589980008756,-5141.633311935189,3761.9321101820806,6133166307,36.190842,-90.390305
Quiscalus quiscula,-654.1317587719096,-5293.651522749372,3484.1237531891234,6133259693,33.152655,-97.044279
Quiscalus quiscula,317.402809727657,-5078.6348499112655,3833.5983941097957,6133350013,36.993577,-86.423799
Quiscalus quiscula,823.5428424826756,-5120.542346286513,3700.213020375935,6147385846,35.506069,-80.863295
Quiscalus quiscula,349.41107152662454,-5243.999636512181,3601.1293846558983,6147438266,34.418745,-86.18798
Quiscalus quiscula,66.99711917938608,-5056.557268857954,3875.1120116015863,6147565682,37.462461,-89.240901
Quiscalus quiscula,-149.73779814415843,-4953.064619272848,4004.3080049856176,6147576042,38.941033,-91.731601
Quiscalus quiscula,-734.7259402495845,-5430.704456200742,3249.212217107895,6147608375,30.663806,-97.704827
Quiscalus quiscula,1264.8965251708917,-4698.206417641748,4112.985092061232,6147646036,40.209049,-74.931571
Quiscalus quiscula,-149.7839687750466,-4953.052035988625,4004.321842854838,6147700883,38.941193,-91.732139
Quiscalus quiscula,-802.4634017179995,-5649.903252132017,2832.7369909909867,6159133645,26.399622,-98.083729
Quiscalus quiscula,735.9420010994774,-5488.050046849965,3151.1028520131213,6159234647,29.643397,-82.362258
Quiscalus quiscula,35.4001918325515,-5021.671230487076,3920.6272468820684,6159279657,37.979946,-89.596101
Quiscalus quiscula,1273.5231772741508,-4687.351755491956,4122.696370933647,6159292086,40.323505,-74.800024
Quiscalus quiscula,1478.8201039678218,-4450.076306660394,4312.732903238713,6159305801,42.604278,-71.61766
Quiscalus quiscula,945.5177380738679,-4814.120837169086,4064.4790443302236,6159370718,39.640223,-78.888256
Quiscalus quiscula,979.8624745239717,-5635.836660487489,2804.811543937028,6159434138,26.119582,-80.136986
Quiscalus quiscula,754.8246409728157,-5583.922779509436,2973.1799951454873,6159447731,27.818572,-82.301525
Quiscalus quiscula,305.6135453582299,-5300.756929515455,3521.1261642782524,6162786250,33.551035,-86.700282
Quiscalus quiscula,-537.5435622825157,-5114.523609746087,3760.644664638752,6162891997,36.176497,-95.999839
Quiscalus quiscula,698.2225309067356,-4721.1367806939725,4220.557537220667,6162909745,41.487986,-81.587343
Quiscalus quiscula,1147.5225480345164,-4836.8530010779605,3984.6954936849233,6163087863,38.714625,-76.653575
Quiscalus quiscula,-427.42737326738546,-4941.281818516298,3998.848954419189,6163118020,38.877941,-94.943854
Quiscalus quiscula,1328.6799805372818,-4667.938831025829,4127.312649751421,6163207412,40.37798,-74.111551
Quiscalus quiscula,374.63924666447514,-4989.382593884766,3944.041061700021,6163208322,38.247573,-85.705873
Quiscalus quiscula,798.2371929293946,-5646.531623671916,2840.6427329698886,6163241791,26.479025,-81.953547
Quiscalus quiscula,1508.1896900424176,-4427.564813383035,4325.712289533326,6163261971,42.763066,-71.189289
Quiscalus quiscula,1420.7081493156143,-4568.024376543217,4207.670944768921,6163299431,41.333461,-72.723705
Quiscalus quiscula,518.8802198672973,-5140.314620048787,3727.959502733444,6163320712,35.813185,-84.235901
Quiscalus quiscula,1328.677534805653,-4667.937355178156,4127.315106254012,6163341493,40.378009,-74.111574
Quiscalus quiscula,863.5296547829821,-4880.018246991665,4003.6847495795946,6163393809,38.933827,-79.965265
Quiscalus quiscula,1270.7101681683757,-4754.5615659825025,4045.8859491430235,6170812479,39.423423,-75.036781
Quiscalus quiscula,821.7883396328854,-5545.133892169273,3027.5249251552837,6170843889,28.372593,-81.570129
Quiscalus quiscula,486.51137694907834,-4864.452756134382,4085.359126577878,6170869226,39.884503,-84.288636
Quiscalus quiscula,1008.3621275486371,-4903.807484401065,3940.257746053564,6170878964,38.204262,-78.380325
Quiscalus quiscula,696.3364034489006,-4744.151626274405,4194.98439685146,6170890948,41.181692,-81.649872
Quiscalus quiscula,1171.4810612395618,-4808.617791078289,4011.8051039600396,6170904512,39.027771,-76.308251
Quiscalus quiscula,1113.66745697432,-4832.342970122304,3999.7449098740453,6170934211,38.888292,-77.022142
Quiscalus quiscula,1313.934953528054,-4682.990612586945,4114.963789633783,6170995115,40.232354,-74.327153
Quiscalus quiscula,822.6748085237136,-5545.9063605694655,3025.8687891071977,6171045393,28.355667,-81.562325
Quiscalus quiscula,846.1219635440253,-5522.951880420919,3061.1816801753002,6171145008,28.71716,-81.289949
Quiscalus quiscula,487.5838790358162,-4857.8100079046835,4093.128023612616,6171155424,39.975615,-84.268354
Quiscalus quiscula,1109.621052487721,-4821.02086809718,4014.5052047450363,6171168911,39.059036,-77.038361
Quiscalus quiscula,1137.4933937012274,-4831.7573517840965,3993.74295648128,6171184216,38.81898,-76.752634
Quiscalus quiscula,1110.0406672664828,-4820.931962294364,4014.4959660735276,6171211306,39.058929,-77.033394
Quiscalus quiscula,745.3786525595573,-5610.787678848084,2924.58978608496,6171268718,27.325602,-82.432713
Quiscalus quiscula,-184.1696485318733,-5501.613262637569,3207.5046654069693,6171271614,30.228725,-91.917293
Quiscalus quiscula,840.5912159723904,-5530.898381349313,3048.331122515243,6171300625,28.585467,-81.358264
Quiscalus quiscula,615.1343400432012,-4641.802087612981,4320.305111078247,6178297074,42.696866,-82.451115
Quiscalus quiscula,1249.5387869552187,-4720.993803176851,4091.5306988873613,6178299273,39.956872,-75.175063
Quiscalus quiscula,1094.9492743885048,-4932.152638430398,3881.3283251249927,6178303523,37.532925,-77.4832
Quiscalus quiscula,-485.5359114396242,-5357.3346281111035,3413.6452204090556,6178304572,32.398807,-95.178576
Quiscalus quiscula,-741.5868857020772,-5518.537986177775,3096.0524084299805,6178317208,29.075357,-97.653616
Quiscalus quiscula,1353.4557917363193,-4420.752915039087,4383.475129810395,6178329927,43.474739,-72.97753
Quiscalus quiscula,1117.4178921517118,-4820.109129804468,4013.4372252163453,6178343688,39.046668,-76.948008
Quiscalus quiscula,-419.91718194589896,-4656.233520229478,4328.153427857595,6178368009,42.792976,-95.153215
Quiscalus quiscula,1014.0527183671262,-4359.349355855695,4534.040516763191,6178383519,45.370758,-76.904983
Quiscalus quiscula,1332.0191661845395,-4637.70158648785,4160.192551467126,6178427766,40.767268,-73.975121
Quiscalus quiscula,960.3122573663175,-5607.3227893168505,2868.0105708377955,6178457389,26.754325,-80.281783
Quiscalus quiscula,485.08889510548846,-4858.447880502663,4092.6673558893053,6178459837,39.970209,-84.298233
Quiscalus quiscula,1309.1102366281505,-4487.021047580971,4329.275417041308,6178464027,42.806728,-73.735138
Quiscalus quiscula,855.4785984816365,-4519.535605778788,4408.141037366557,6178475241,43.781198,-79.281598
Quiscalus quiscula,-413.8580511037144,-4932.509890830797,4011.0872366567173,6178484597,39.019461,-94.79612
Quiscalus quiscula,483.53904197836556,-4866.359807865174,4083.4403809722153,6178566448,39.862019,-84.325511
Quiscalus quiscula,-1805.516271017144,-4486.389514475472,4147.550270843539,6178575357,40.617319,-111.921977
Quiscalus quiscula,511.6981413826357,-4872.951989246125,4072.1317577265622,6178580415,39.729653,-84.005463
Quiscalus quiscula,979.4411877268799,-5066.372792281388,3736.618099176378,6178610915,35.909267,-79.058442
Quiscalus quiscula,-399.55141913200976,-4937.2161199798475,4006.7454096508523,6178666438,38.969221,-94.626662
Quiscalus quiscula,822.6421232948512,-5545.355279753395,3026.887491792441,6178695822,28.366078,-81.561829
Quiscalus quiscula,165.23976898271883,-4720.08292026958,4275.893611188586,6178711375,42.155776,-87.995019
Quiscalus quiscula,1207.7957306360338,-4749.453568925194,4071.0776705141034,6185625808,39.717328,-75.732003
Quiscalus quiscula,316.591381186516,-4879.685221137468,4083.8946080486007,6195293413,39.867341,-86.287883
Quiscalus quiscula,970.5093768033233,-4723.517547377531,4163.6818633069,6352368474,40.808714,-78.389403
Quiscalus quiscula,830.3331174943896,-5538.362132948882,3037.5722095099864,6352608720,28.475336,-81.473496
Quiscalus quiscula,955.4132681564537,-5582.075998225262,2918.452700789493,6469899416,27.263495,-80.287519
Sciurus carolinensis,830.4328282065359,-5538.453002391389,3037.3792630845637,5938084388,28.473362,-81.472625
Sciurus carolinensis,1109.548317826584,-4815.637444388185,4020.981430483366,5938087037,39.134082,-77.025183
Sciurus carolinensis,544.8705046253868,-5458.002055764247,3240.846004076707,5938093241,30.576376,-84.29907
Sciurus carolinensis,-125.10390908109012,-4757.973967264444,4235.066217716543,5938100879,41.662404,-91.506161
Sciurus carolinensis,1104.3702401791493,-4824.761486055659,4011.4581021067734,5938100888,39.023754,-77.107308
Sciurus carolinensis,454.58028072310907,-5289.197400399978,3522.4282473397884,5938106412,33.565087,-85.087783
Sciurus carolinensis,911.7005575663276,-5277.557206302311,3450.4992620224148,5938109628,32.792206,-80.19886
Sciurus carolinensis,1243.182094334239,-4736.220896106324,4075.8389361320424,5938129011,39.773017,-75.292555
Sciurus carolinensis,145.45533169014251,-4869.641814062626,4105.50660441476,5938157041,40.12104,-88.289094
Sciurus carolinensis,1521.1357222422805,-4451.812894054035,4296.191476241502,5938215735,42.402497,-71.135264
Sciurus carolinensis,717.861352467064,-4942.49226099439,3955.527582803861,5938253361,38.379228,-81.735989
Sciurus carolinensis,-2408.610222186949,-3753.229106285903,4549.903427874298,5938253879,45.574192,-122.690053
Sciurus carolinensis,-2279.67813438345,-3477.2132709641432,4827.194692730164,5938256360,49.260217,-123.249046
Sciurus carolinensis,-2323.196408072452,-3533.667250007369,4765.050613101822,5938257947,48.411141,-123.322771
Sciurus carolinensis,1303.7098772350926,-4631.480560613775,4176.060524266119,5938261012,40.955957,-74.278684
Sciurus carolinensis,-223.85066104059376,-4469.065808243414,4535.0958989660585,5938285163,45.38427,-92.867487
Sciurus carolinensis,1331.3903832049189,-4640.225110049991,4157.57906782883,5938289222,40.736242,-73.990562
Sciurus carolinensis,1273.135140386672,-4704.537662798643,4103.19453880743,5938400243,40.093854,-74.857398
Sciurus carolinensis,-2410.2343865535217,-3758.1178527680568,4545.00533951924,5938402470,45.511298,-122.67371
Sciurus carolinensis,-2278.83138656169,-3478.346385656146,4826.778124452333,5938406556,49.254477,-123.230729
Sciurus carolinensis,1520.8571161858429,-4454.3616607635595,4293.647511958105,5938415542,42.371522,-71.148505
Sciurus carolinensis,952.3682713925303,-5693.491370673067,2695.7195361152762,5938464424,25.031905,-80.503871
Sciurus carolinensis,1110.981970451826,-4830.125811838132,4003.1683492982706,5938485867,38.927857,-77.046638
Sciurus carolinensis,832.1513584785348,-5633.624499436427,2856.4929976475387,5938499433,26.638386,-81.597511
Sciurus carolinensis,1337.590043247324,-4628.702369058934,4168.419410826035,5938536558,40.865028,-73.881905
Sciurus carolinensis,839.5611589704719,-5536.302183809884,3038.7906014675473,5938618637,28.487802,-81.376992
Sciurus carolinensis,-2279.6875659260404,-3477.145331895316,4827.239177036731,5938622606,49.26083,-123.249668
Sciurus carolinensis,607.2053306486563,-4765.885704723814,4184.183106129378,5938622711,41.052753,-82.739257
Sciurus carolinensis,824.1159571502395,-5442.884033458219,3207.116994618902,5938670373,30.22469,-81.39015
Sciurus carolinensis,855.8715885967534,-5527.851943737035,3049.6048664758173,5938678762,28.598513,-81.198837
Sciurus carolinensis,1736.610839275446,-4136.066482723906,4524.034700693216,6129815934,45.242814,-67.223919
Sciurus carolinensis,967.7374866658128,-5637.553229763721,2805.5713978011345,6129816990,26.127193,-80.259589
Sciurus carolinensis,566.9722371142877,-4657.325090973401,4310.17616913841,6129820782,42.573047,-83.059095
Sciurus carolinensis,1337.4805697305287,-4300.022388209865,4506.740098581751,6129824839,45.022345,-72.722197
Sciurus carolinensis,1103.3804552038434,-4815.0396560695835,4023.3938175660733,6129838320,39.162057,-77.093339
Sciurus carolinensis,-2317.760410924104,-3618.6297326666336,4703.536825102082,6129838578,47.584416,-122.639877
Sciurus carolinensis,123.55814853115376,-4597.030051777177,4409.28579439647,6129849140,43.795459,-88.460385
Sciurus carolinensis,975.4064181449344,-5613.775089212895,2850.239410444649,6129853585,26.575485,-80.143132
Sciurus carolinensis,831.8307658816658,-5555.900310892001,3004.9596406674627,6129858684,28.142203,-81.484911
Sciurus carolinensis,1422.3642313695455,-4595.869072339522,4176.675782594456,6129862428,40.963284,-72.803355
Sciurus carolinensis,1026.3418909182776,-5051.432404229202,3744.24974035212,6129869422,35.99405,-78.515071
Sciurus carolinensis,433.25810309675165,-5429.004139050413,3305.745695596067,6129887685,31.256698,-85.437218
Sciurus carolinensis,845.7309784551614,-4975.651961614225,3888.107482907749,6129888211,37.609845,-80.353408
Sciurus carolinensis,1546.734798565023,-4504.530013372169,4231.615997608334,6129888782,41.620884,-71.048903
Sciurus carolinensis,969.9099583371313,-5080.527882634961,3719.8473404381284,6129891523,35.723272,-79.191867
Sciurus carolinensis,980.2614023023206,-5065.873770332054,3737.0795624251055,6129903218,35.914391,-79.048448
Sciurus carolinensis,722.404175796499,-4742.878180663049,4192.015255203585,6129904331,41.146223,-81.339644
Sciurus carolinensis,598.4654189142801,-4846.353155163774,4091.9987008154494,6129904477,39.962363,-82.96031
Sciurus carolinensis,1415.5104285067898,-4526.293820146312,4254.262287420848,6129907185,41.893901,-72.633941
Sciurus carolinensis,939.4255570913623,-4600.092727842407,4306.550783122431,6129916320,42.528789,-78.457833
Sciurus carolinensis,-27.26715301671479,-4987.524533879393,3964.0394367355816,6129917443,38.476943,-90.313237
Sciurus carolinensis,919.7460513328455,-4465.84663217748,4449.72293391444,6129918772,44.30142,-78.362587
Sciurus carolinensis,816.3990779817475,-5137.357501510919,3678.424061580921,6129925407,35.265716,-80.970392
Sciurus carolinensis,980.1128531065787,-5065.9086246843935,3737.071277243851,6129925734,35.914299,-79.050141
Sciurus carolinensis,1264.8965664562431,-4698.207224280496,4112.984157951888,6129932025,40.209038,-74.931573
Sciurus carolinensis,-2249.6861511029374,-3494.172659317527,4829.018821467873,6129933130,49.28536,-122.775032
Sciurus carolinensis,1248.561857082337,-4720.24030349208,4092.6981193346696,6129942314,39.97057,-75.183883
Sciurus carolinensis,523.638076279262,-4672.316776669398,4299.419987998576,6129954488,42.441829,-83.605404
Sciurus carolinensis,916.0959438398068,-5528.481900668486,3030.9089767491623,6129980494,28.407187,-80.591308
Sciurus carolinensis,980.6189130649877,-5066.447460685628,3736.207944578142,6129982020,35.904713,-79.045761
Sciurus carolinensis,1088.5334283402153,-4840.057716001623,3997.335288768817,6129984588,38.860457,-77.32502
Sciurus carolinensis,980.2863583372949,-5066.207535597603,3736.6205308526182,6129997054,35.909294,-79.04888
Sciurus carolinensis,578.9889024963235,-5319.37943729059,3458.1392948511466,6130005638,32.873977,-83.788084
Sciurus carolinensis,1328.6044068386595,-4667.9378727073545,4127.338061796086,6130005741,40.37828,-74.112406
Sciurus carolinensis,980.2613982978778,-5065.871379473542,3737.082804449931,6130009823,35.914427,-79.048443
Sciurus carolinensis,717.74682844115,-5594.386302752079,2962.6735418402127,6130012954,27.711791,-82.689023
Sciurus carolinensis,1539.3341058934839,-4495.5395151632565,4243.857691737113,6130021602,41.768322,-71.098096
Sciurus carolinensis,176.2365744886377,-4742.510276769969,4250.563500786828,6130026764,41.84923,-87.871809
Sciurus carolinensis,1406.3264119072105,-4384.026721421129,4403.669930718598,6130033661,43.725531,-72.214581
Sciurus carolinensis,384.849457409259,-5488.708145618643,3211.810535668128,6130037705,30.273553,-85.98918
Sciurus carolinensis,1234.2575182229298,-4308.660770452583,4527.891769195744,6130041639,45.2921,-74.015128
Sciurus carolinensis,1248.1561808762342,-4721.774029595302,4091.0523452110983,6130041780,39.95126,-75.193085
Sciurus carolinensis,722.4284754026862,-4742.721871034951,4192.187911056888,6130049364,41.148285,-81.339076
Sciurus carolinensis,-394.59976037069305,-4930.758611582682,4015.1791582812416,6130057999,39.066842,-94.575527
Sciurus carolinensis,540.5092969341939,-5461.304800382605,3236.008761873654,6130068823,30.525861,-84.347802
Sciurus carolinensis,1135.5023203697428,-4799.064628322543,4033.5302531772054,6130068920,39.279725,-76.688111
Sciurus carolinensis,1398.459823687702,-4382.412433695529,4407.7799981622975,6130069928,43.776701,-72.301737
Sciurus carolinensis,1108.5185640996856,-4335.541804898601,4534.756551425929,6130077459,45.379925,-75.657782
Sciurus carolinensis,1004.3118817661394,-4534.941893326267,4360.666554321159,6130098699,43.192733,-77.512772
Sciurus carolinensis,778.9954345483125,-4707.428269412484,4221.7340431351795,6130105359,41.502112,-80.603723
Sciurus carolinensis,855.7337605055949,-5527.672534884439,3049.968722444975,6130106442,28.60224,-81.199951
Sciurus carolinensis,1543.12358701573,-4507.3588093719245,4229.921900987115,6130140707,41.600507,-71.101027
Sciurus carolinensis,980.0486856631787,-5066.186693563401,3736.7111327166363,6130141187,35.9103,-79.051427
Sciurus carolinensis,-2713.289069221823,-4264.002076861495,3878.9305027339265,6130152228,37.505737,-122.469597
Sciurus carolinensis,1539.722155403769,-4500.016536116233,4238.969212971081,6130160115,41.709405,-71.111145
Sciurus carolinensis,-2015.667711300355,-3572.144432459785,4875.10214877034,6130170623,49.924875,-119.434901
Sciurus carolinensis,-274.4336304165784,-4603.527359060923,4395.676872399901,6130174158,43.626143,-93.41158
Sciurus carolinensis,-227.38133732736213,-5213.098111556153,3655.3603018583995,6130181473,35.012075,-92.497505
Sciurus carolinensis,1538.0577236658496,-4506.834748479497,4232.32467070368,6130194001,41.62941,-71.15665
Sciurus carolinensis,-2248.647580464612,-3495.764150745647,4828.3506698364035,6130202636,49.276149,-122.751119
Sciurus carolinensis,-2691.1825901689485,-4283.048999729338,3873.342311488425,6130226269,37.442413,-122.142517
Sciurus carolinensis,1004.3144701873636,-4534.94233346769,4360.665500445125,6130260470,43.19272,-77.512742
Sciurus carolinensis,980.5075843549206,-5066.194084804318,3736.5807233075593,6130286854,35.908852,-79.04644
Sciurus carolinensis,979.9384654063462,-5066.080671268273,3736.8837774135404,6130310016,35.912217,-79.052405
Sciurus carolinensis,195.7247940573286,-4736.5961113620515,4256.301471054247,6130310620,41.918542,-87.63378
Sciurus carolinensis,1089.8255787489636,-4817.98533339725,4023.561937481628,6130320505,39.164007,-77.254222
Sciurus carolinensis,149.76922127256657,-5111.459235600643,3800.040367263186,6130320909,36.616653,-88.321675
Sciurus carolinensis,1105.641472814358,-4336.920560493693,4534.140504576076,6130360781,45.372038,-75.697838
Sciurus carolinensis,653.2285836820208,-5198.397176886178,3624.8741134665675,6130375981,34.678008,-82.837775
Sciurus carolinensis,1104.8541959767033,-4335.931200461711,4535.278487609418,6130380527,45.386608,-75.704477
Spinus tristis,-2015.6612899234,-3572.1400446355333,4875.108018853841,5938092793,49.924957,-119.434853
Spinus tristis,808.993647851577,-5216.795198232488,3566.557200874772,5938127461,34.042689,-81.18508
Spinus tristis,488.27399812860267,-4910.45614435255,4029.7347414959245,5938143236,39.235642,-84.321428
Spinus tristis,1002.5135622882483,-4417.038011834639,4480.456995565682,5938199153,44.688907,-77.212494
Spinus tristis,522.7311733860903,-5270.473889409344,3540.990007201682,5938201692,33.765654,-84.335868
Spinus tristis,-825.11933026601,-5442.0054574451915,3208.3497037629104,5938214719,30.237521,-98.621546
Spinus tristis,1379.398111867402,-4426.55232197876,4369.513533499871,5938233595,43.301962,-72.69197
Spinus tristis,-741.5987318897377,-5518.523254399675,3096.075829366422,5938233612,29.075598,-97.653757
Spinus tristis,-427.47827563677544,-4941.288693767329,3998.8350176499157,5938240033,38.87778,-94.944433
Spinus tristis,286.50040713071934,-4791.479387618604,4189.199914591975,5938246813,41.112609,-86.578146
Spinus tristis,-622.9698218748946,-5261.253679088164,3538.4843443191676,5938256681,33.738552,-96.752786
Spinus tristis,375.1227404001272,-4675.392571642283,4311.58211801008,5938484600,42.590219,-85.41279
Spinus tristis,1241.6475364497985,-4708.113611355884,4108.738340107708,5938497189,40.159058,-75.22605
Spinus tristis,917.2511912222099,-4471.159675031677,4444.899834894988,5938511389,44.240844,-78.406715
Spinus tristis,-817.8059094116383,-5486.8862377948435,3132.8941951024112,5938521364,29.455159,-98.477377
Spinus tristis,872.4726568512343,-4879.4690766841395,4002.4150362509395,5938524672,38.919149,-79.862369
Spinus tristis,1115.7468247135087,-4447.295861598316,4423.39481306266,5938679708,43.971505,-75.9162
Spinus tristis,-544.7403253842771,-5504.1001896092175,3161.9443717942668,5938694734,29.755642,-95.652152
Spinus tristis,881.6724095044694,-4987.989437279927,3864.242262796149,5938706797,37.339408,-79.975991
Spinus tristis,-1273.3101408683076,-4719.817730538096,4085.554430592937,6129846404,39.886792,-105.0978
Spinus tristis,544.191413931156,-5249.65481551047,3568.575787715427,6129851785,34.0646,-84.081725
Spinus tristis,736.2547850248588,-5167.6403895164485,3652.8310699844474,6129872744,34.984308,-81.891408
Spinus tristis,141.65427626013079,-4725.154983809205,4271.135396434733,6129900448,42.098079,-88.282858
Spinus tristis,1127.7453842688333,-4348.204658195565,4517.860082869342,6129924490,45.164003,-75.460198
Spinus tristis,-2019.7336241691685,-3575.7127987165486,4870.801494433188,6129926814,49.864836,-119.459839
Spinus tristis,1088.5204696094575,-4840.054552120251,3997.342648487703,6129963279,38.860542,-77.325158
Spinus tristis,803.2025288556082,-4865.983334242599,4033.21522091131,6129979639,39.276065,-80.627001
Spinus tristis,-2052.157483182188,-4133.726875582774,4392.118499310038,6130006681,43.58195,-116.401753
Spinus tristis,-783.6810970106425,-5452.620222141992,3200.7077000178965,6130014573,30.158004,-98.17886
Spinus tristis,-346.35296629611884,-4959.3186223577695,3984.3382831218983,6130042655,38.710508,-93.994983
Spinus tristis,1028.8844227422862,-5069.7000394521,3718.7755356158673,6130043054,35.7114,-78.52776
Spinus tristis,889.7888469675459,-4781.122529596078,4115.689042490747,6130048247,40.240898,-79.4576
Spinus tristis,232.9054478364752,-4767.688475290863,4219.556230769323,6130052841,41.475966,-87.203278
Spinus tristis,-118.34421765393179,-5175.087766479712,3714.056324971035,6130104869,35.659148,-91.310015
Spinus tristis,775.624146745359,-5235.733427442527,3546.160711166923,6130120097,33.821609,-81.57346
Spinus tristis,-366.6053749085612,-5110.850132275808,3786.101498135244,6130129257,36.460633,-94.102845
Spinus tristis,-756.0052226524484,-5433.315713853958,3239.952096341444,6130142665,30.567039,-97.921419
Spinus tristis,-2485.2091130048593,-4652.659530542639,3572.988677167307,6130152665,34.11252,-118.108818
Spinus tristis,984.076162162658,-4437.712177432571,4464.085333750612,6130159540,44.482177,-77.496812
Spinus tristis,-2471.068502090114,-4673.722408479461,3555.262639543316,6130159651,33.920195,-117.866093
Spinus tristis,993.5441470801965,-5069.636512455695,3728.459305002024,6130177066,35.818728,-78.911743
Spinus tristis,174.61328387928071,-4728.746899550159,4265.936719029608,6130181508,42.035101,-87.885262
Spinus tristis,981.1659770222641,-5064.519209629098,3738.6777917479367,6130222125,35.93214,-79.035726
Spinus tristis,-508.2011813048,-5502.829615531421,3170.2288421229396,6130236204,29.841498,-95.276453
Spinus tristis,784.7103198243433,-4918.521871026753,3972.672330795747,6130244088,38.576183,-80.935317
Spinus tristis,703.8021691349496,-5183.671637490066,3636.4768651923846,6130268483,34.804991,-82.268065
Spinus tristis,206.5321339183917,-5483.559219518644,3236.923831876281,6130303209,30.535415,-87.843038
Spinus tristis,1113.2637907510639,-4838.2743067643405,3992.6806276465495,6130303455,38.806719,-77.042054
Spinus tristis,-672.2564923558674,-5454.722021876268,3222.395382665029,6130325427,30.383838,-97.025877
Spinus tristis,-530.238760603206,-5508.520726973434,3156.7070480067487,6130357073,29.701403,-95.498233
Spinus tristis,1307.5051229753058,-4501.03715366843,4315.188063615207,6130362698,42.634283,-73.801961
Spinus tristis,147.35850651147075,-4695.646307404596,4303.364306678407,6130374359,42.489915,-88.202537
Spinus tristis,-488.937303846342,-5367.726350147377,3396.793675294163,6130389960,32.219496,-95.204615
Spinus tristis,-696.5920513917097,-5306.468111389918,3456.2854087035744,6130415725,32.854128,-97.478584
Spinus tristis,1337.0246634040002,-4439.365038716504,4369.68605647459,6130420679,43.304094,-73.239025
Spinus tristis,1288.1666080090572,-4750.372783336006,4045.285940329607,6130427626,39.416438,-74.827872
Spinus tristis,-546.1369659528326,-5514.755121234605,3143.0818469957103,6130443024,29.560434,-95.655672
Spinus tristis,1212.141327251628,-4742.387936312456,4078.0170664140423,6130488844,39.798508,-75.662322
Spinus tristis,815.419924368706,-5238.960305621182,3532.4408548120914,6130518325,33.673219,-81.153161
Spinus tristis,984.0777563208947,-4437.715335370772,4464.0818430453255,6130536362,44.482133,-77.496801
Spinus tristis,1179.8632424288394,-4929.788032675897,3859.386714457136,6130538644,37.284505,-76.540382
Spinus tristis,1008.8040489279593,-5071.300219776431,3722.09371207114,6130577641,35.74816,-78.749351
Spinus tristis,-741.550804070318,-5518.550413283342,3096.038900064138,6130594171,29.075218,-97.653231
Spinus tristis,-2512.998035155707,-4643.0544497005385,3566.0397336677306,6130601726,34.037073,-118.423941
Spinus tristis,984.0792840237323,-4437.711963983254,4464.084857745502,6130642193,44.482171,-77.496773
Spinus tristis,168.54349990033313,-4741.885792691772,4251.572103044556,6130648585,41.861408,-87.964361
Spinus tristis,746.4819240306434,-4769.861918151698,4157.034417531222,6130660190,40.729778,-81.105376
Spinus tristis,156.54954599203845,-4914.781724449315,4050.94630553728,6130660220,39.482361,-88.175586
Spinus tristis,-947.7966361470568,-5185.747307340551,3577.633230306872,6130704713,34.162985,-100.357602
Spinus tristis,-2524.884634021476,-4540.779925762996,3687.2792653049037,6130711816,35.363311,-119.076093
Spinus tristis,1109.9243355765725,-4832.617060402553,4000.454155027717,6130712398,38.896487,-77.065001
Spinus tristis,-734.1496352864715,-5443.214745543159,3228.3417843511706,6130729375,30.445849,-97.681373
Spinus tristis,841.2594857326479,-4962.916164786426,3905.316728338928,6130742121,37.805469,-80.379293
Spinus tristis,-2512.991854586679,-4643.057936395721,3566.0395493784345,6130775237,34.037071,-118.423864
Spinus tristis,1337.025977562371,-4439.366315558287,4369.684357168978,6130804453,43.304073,-73.239014
Spinus tristis,984.0781773200047,-4437.715401624037,4464.081684376841,6130877381,44.482131,-77.496796
Spinus tristis,1123.4482562817552,-4806.525722071874,4028.017828684024,6130897746,39.21571,-76.844211
Spinus tristis,351.22135567610167,-5160.698340643121,3719.3533478116615,6130897956,35.7178,-86.106628
Spinus tristis,984.0755976260808,-4437.7154948454045,4464.082160382279,6131004094,44.482137,-77.496828
Spinus tristis,-2457.821915518367,-4695.001209226462,3536.358042766189,6131015640,33.71556,-117.63195
Spinus tristis,314.92851148482606,-4931.111124287491,4021.780232963947,6131075289,39.143344,-86.345732
Spinus tristis,1108.80894082845,-4843.330453331454,3987.787103425714,6131120644,38.750267,-77.105191
Spinus tristis,301.44545888160206,-5141.382875125725,3750.342103910126,6131121193,36.061798,-86.644521
Spinus tristis,-491.8308608034989,-5343.146778046341,3434.914561134197,6131123978,32.625636,-95.259194
Spinus tristis,864.7381891588337,-4837.365969512081,4054.8577621038908,6131149059,39.527952,-79.864736
Spinus tristis,-249.6579120255937,-5087.726907762824,3826.5466113281022,6131160490,36.914217,-92.809286
Spinus tristis,-261.31651942702445,-5421.301661244778,3336.308604451421,6131189096,31.578777,-92.759624
Spinus tristis,294.7254274720171,-5305.340440210777,3515.146208273988,6131196931,33.486529,-86.820339
Spinus tristis,332.6897713545229,-4493.927577011135,4503.741286785059,6131278550,44.984203,-85.766062
Spinus tristis,1098.9421403849856,-4838.125817761847,3996.825974854266,6131296360,38.854575,-77.20285
Spinus tristis,835.525630557509,-4528.210087769455,4403.062962459412,6131299478,43.717978,-79.545617
Spinus tristis,1337.0241640105858,-4439.36590596401,4369.685328200828,6131300720,43.304085,-73.239034
Spinus tristis,686.033977342665,-5176.315254434691,3650.3247661428104,6131335190,34.956802,-82.450401
Spinus tristis,400.1482437386414,-4696.679018721697,4286.121872720108,6131346110,42.27998,-85.130267
Spinus tristis,-571.4346262728021,-4905.002461257913,4025.4399079638138,6131361466,39.185793,-96.645025
Spinus tristis,-1277.299451595231,-4726.99432209514,4076.0009714807798,6131375309,39.774913,-105.120996
Spinus tristis,-480.06634051875153,-5367.864123805784,3397.8411067525108,6131431516,32.230631,-95.11056
Spinus tristis,1108.532184602091,-4843.2884879494,3987.915012619447,6131440138,38.751742,-77.108194
Spinus tristis,1104.3326393994648,-4331.9694867204,4539.189676292218,6131458706,45.436713,-75.698417
Spinus tristis,1284.4359452983263,-4281.675857188372,4539.518618319927,6131523413,45.440929,-73.301576
Sturnus vulgaris,1406.522588184329,-4532.270963573188,4250.878409382708,5938030215,41.853032,-72.759051
Sturnus vulgaris,1331.0208766970713,-4639.151391907356,4158.895396428966,5938077848,40.751867,-73.991263
Sturnus vulgaris,716.4238012708834,-5550.064520488354,3045.205064534471,5938101592,28.553456,-82.644712
Sturnus vulgaris,-531.0070623392904,-5502.837012868406,3166.475870621588,5938198896,29.802595,-95.511803
Sturnus vulgaris,-1970.4164108480434,-4942.7239772718085,3503.811065403001,5938255793,33.364388,-111.734693
Sturnus vulgaris,772.9595110494489,-4750.473259837536,4174.361092613357,5938258539,40.935723,-80.758274
Sturnus vulgaris,-509.40818713443986,-5492.6585179201065,3187.625893055447,5938279173,30.022033,-95.298652
Sturnus vulgaris,-2254.0144429343463,-3517.0098559584694,4810.38602336775,5938346056,49.029133,-122.655381
Sturnus vulgaris,-2262.869128448704,-3494.7030300794245,4822.47106458348,5938592379,49.195168,-122.923622
Sturnus vulgaris,1078.9385525970042,-4829.837913589845,4012.2699881547614,5938648088,39.033153,-77.407436
Sturnus vulgaris,-1243.0668226120763,-4731.56306059546,4081.280314779551,5938680767,39.836716,-104.719989
Sturnus vulgaris,1401.3162676868599,-4526.4630504028955,4258.778944830421,5938689950,41.948492,-72.798361
Sturnus vulgaris,-639.8422772602065,-5296.150223781902,3482.979729634212,6129820253,33.140367,-96.888673
Sturnus vulgaris,-1591.7904625747976,-5108.975544991376,3457.5027308179265,6129824068,32.867161,-107.305334
Sturnus vulgaris,-641.8939198915643,-4561.8040192398175,4400.871438173482,6129824141,43.690715,-98.009535
Sturnus vulgaris,-2430.3121318220824,-4768.468499633371,3456.1603318712096,6129887097,32.852789,-117.006258
Sturnus vulgaris,-2274.5802031651324,-3480.134876455485,4827.494098466084,6129901224,49.264343,-123.168216
Sturnus vulgaris,-720.941047036864,-5440.371596598465,3236.101671347717,6129903135,30.526831,-97.548676
Sturnus vulgaris,1356.9698373295394,-4638.185911587451,4151.58011362023,6129958918,40.66508,-73.692383
Sturnus vulgaris,-2712.4975165687656,-4257.150056534182,3887.001897148588,6129964412,37.597295,-122.50377
Sturnus vulgaris,-560.0270290983311,-4784.612057195177,4169.36569738123,6129995000,40.876282,-96.675953
Sturnus vulgaris,1422.5742377312365,-4596.724317418799,4175.662967418649,6130006454,40.951223,-72.803977
Sturnus vulgaris,-2639.762985188817,-4269.673139493444,3923.174198731514,6130030153,38.009011,-121.726794
Sturnus vulgaris,1519.1180432759795,-4454.264107966072,4294.364301821167,6130031150,42.380248,-71.168158
Sturnus vulgaris,1203.136932374889,-4754.774590803493,4066.243136149442,6130031309,39.660828,-75.800068
Sturnus vulgaris,-2536.070343859914,-4389.4422605409845,3858.872501398374,6130059739,37.278693,-120.01786
Sturnus vulgaris,1334.7419299620685,-4644.344398073847,4151.901037134513,6130071477,40.668885,-73.965835
Sturnus vulgaris,-1765.8923113340074,-4410.7364913101055,4244.617895485328,6130078807,41.777489,-111.819299
Sturnus vulgaris,1335.2063228608745,-4644.644130461427,4151.4163976214195,6130100366,40.663139,-73.961525
Sturnus vulgaris,-2019.6843750717383,-3575.7462793419336,4870.797337247859,6130121467,49.864778,-119.459011
Sturnus vulgaris,-2297.752181533941,-3626.710441699352,4707.128574194924,6130142158,47.632327,-122.356864
Sturnus vulgaris,1334.526671957253,-4645.41318216114,4150.774392630326,6130152024,40.655528,-73.971787
Sturnus vulgaris,700.6962557434088,-4745.310923260182,4192.946711854587,6130170724,41.157348,-81.600358
Sturnus vulgaris,-2513.0188430250087,-4632.92345074851,3579.177241180324,6130182795,34.179768,-118.476562
Sturnus vulgaris,1545.2739982828382,-4467.903003325857,4270.799006366396,6130230064,42.094002,-70.921486
Sturnus vulgaris,-2279.5093931090382,-3476.2307310519996,4827.98197603251,6130299610,49.271067,-123.254526
Sturnus vulgaris,-2488.534338025324,-3793.554019468995,4472.795309369403,6130315415,44.592069,-123.264483
Sturnus vulgaris,-560.9550831604132,-5515.236733281583,3139.6251846702044,6130326494,29.524702,-95.807586
Sturnus vulgaris,-1981.1020998192043,-3890.522042318747,4639.916576620893,6130344539,46.742896,-116.985759
Sturnus vulgaris,-604.6313916566982,-5297.8683018968,3486.6553408184514,6130376692,33.179853,-96.510842
Sturnus vulgaris,-2052.169044462735,-4133.729694398457,4392.110444453188,6130377292,43.58185,-116.401866
Sturnus vulgaris,-2684.6461683885022,-4264.653851025489,3898.09640865485,6130380580,37.72333,-122.190863
Sturnus vulgaris,1331.4637981043675,-4639.819016582171,4158.008751479172,6130382870,40.741342,-73.988395
Sturnus vulgaris,-2655.3177907268114,-4291.171354011076,3889.073021999184,6130409464,37.620807,-121.748652
Sturnus vulgaris,1163.8502866249225,-4850.160401006574,3963.7292698301517,6130421139,38.47338,-76.506369
Sturnus vulgaris,854.9357652263309,-4769.679599216253,4136.302030538217,6130441455,40.484187,-79.837996
Sturnus vulgaris,816.8582201411454,-5651.099416891642,2826.2291411476576,6130441993,26.3343,-81.774948
Sturnus vulgaris,1556.5675412388132,-4456.688397594989,4278.408482833471,6130445942,42.186292,-70.747453
Sturnus vulgaris,-2458.69336954491,-3780.6357135181006,4500.1526247345,6130446041,44.938592,-123.037504
Sturnus vulgaris,974.1217031226804,-5055.999718597014,3752.027036513692,6130450170,36.080545,-79.09465
Sturnus vulgaris,722.4172471432831,-4742.822755304076,4192.075710489638,6130482360,41.146945,-81.33939
Sturnus vulgaris,-2348.0161158071837,-3651.6648325193705,4662.822900403623,6130517499,47.044352,-122.740969
Sturnus vulgaris,1399.1384162763854,-4602.381029965158,4177.350078314468,6130535802,40.971315,-73.090562
Sturnus vulgaris,-749.7094518854927,-5687.6104298317105,2771.060530897969,6130587143,25.782015,-97.509123
Sturnus vulgaris,816.8869465727903,-5651.11146226317,2826.1967531072964,6130653078,26.333975,-81.77468
Sturnus vulgaris,-538.5248279748993,-5484.170893868332,3197.4386227384343,6130689668,30.124008,-95.608249
Sturnus vulgaris,816.8819955770272,-5651.089750159984,2826.241598062045,6130713614,26.334425,-81.774698
Sturnus vulgaris,-1796.5344104024468,-4462.9680059617185,4176.617509382377,6130721547,40.96259,-111.926882
Sturnus vulgaris,-2677.569618067186,-4309.344869959747,3853.559505422564,6130723711,37.218668,-121.85435
Sturnus vulgaris,1071.2960105926256,-4831.710190436464,4012.0636364591974,6130753995,39.030764,-77.498512
Sturnus vulgaris,492.6642034764632,-4859.142658662744,4090.9372685308063,6130851539,39.94991,-84.210615
Sturnus vulgaris,-346.3523555562757,-4959.318595301877,3984.338369889168,6130863400,38.710509,-93.994976
Sturnus vulgaris,-2320.318551734624,-3646.9347930190306,4680.35699104468,6130868601,47.276263,-122.466069
Sturnus vulgaris,497.1966075191462,-4858.931896332308,4090.639251993924,6130923209,39.946414,-84.157469
Sturnus vulgaris,1221.4062361802473,-4716.633683798239,4105.031866960023,6130925925,40.115457,-75.481763
Sturnus vulgaris,-2442.797842396704,-3743.6938202237293,4539.52072484289,6130987231,45.440956,-123.124852
Sturnus vulgaris,-2295.9219354168076,-3626.488259885907,4708.192699652283,6130990117,47.64653,-122.337813
Sturnus vulgaris,-2267.5690770892106,-3487.603617191897,4825.402016377104,6130992530,49.23552,-123.031105
Sturnus vulgaris,478.3001731563832,-4869.907247518829,4079.8266476162426,6131027564,39.819693,-84.390659
Sturnus vulgaris,189.83311972658308,-5501.427590086172,3207.4929442433636,6131035312,30.228603,-88.023727
Sturnus vulgaris,-491.3140927855905,-4782.428546720792,4180.5192006995685,6131041289,41.009073,-95.8656
Sturnus vulgaris,1147.9509434504262,-4345.07602424804,4515.78078571287,6131059617,45.137488,-75.200834
Sturnus vulgaris,857.6044296333561,-4520.749325182668,4406.48310002559,6131076900,43.76055,-79.2584
Sturnus vulgaris,-2273.6927810389557,-3480.502572756642,4827.647057124534,6131088015,49.266451,-123.155206
Sturnus vulgaris,-662.8297464271582,-5137.44157006225,3709.057019125625,6131113536,35.603832,-97.351656
Sturnus vulgaris,-2015.706657836291,-3572.3681609767223,4874.922104164504,6131116615,49.92236,-119.433839
Sturnus vulgaris,1212.1422698669282,-4742.38989927093,4078.014503477439,6131117524,39.798478,-75.662317
Sturnus vulgaris,479.1276132827659,-4370.302988048416,4610.926333452148,6131120070,46.363772,-83.743502
Sturnus vulgaris,1532.3704932294288,-4448.832992857906,4295.285648570559,6131120258,42.391466,-70.994077
Sturnus vulgaris,479.3362404769762,-4869.502634674399,4080.1879845347707,6131127142,39.823924,-84.378122
Sturnus vulgaris,1180.1315759049578,-4940.854301818046,3845.126962979977,6131129733,37.123497,-76.566491
Sturnus vulgaris,367.64526839505544,-4989.729985080434,3944.2597229763373,6131147576,38.250077,-85.786039
Sturnus vulgaris,365.7261289062185,-4651.837485641396,4337.788092506854,6131150809,42.911166,-85.504669
Sturnus vulgaris,237.55346682080466,-5115.116457545234,3790.6338659686917,6131230879,36.51133,-87.341011
Sturnus vulgaris,-196.49977625173668,-4690.8904153939175,4306.586592462288,6131263011,42.529226,-92.398698
Sturnus vulgaris,-2645.872663097332,-4356.591385517282,3822.201261052101,6131270872,36.865356,-121.271412
Sturnus vulgaris,-632.4250395013456,-5302.694095301364,3474.367141040969,6131290031,33.047914,-96.801247
Sturnus vulgaris,-743.8159369598745,-5452.217095225047,3210.890799784023,6131291343,30.263976,-97.768589
Sturnus vulgaris,-303.6919243707624,-5037.622203279553,3888.4298735832026,6131320381,37.613505,-93.449888
Sturnus vulgaris,-1970.4849192080019,-4942.788238582466,3503.6818835879085,6131332237,33.362997,-111.735122
Sturnus vulgaris,-1803.1198967035202,-4473.789718478462,4162.176993188266,6131344182,40.790836,-111.951447
Sturnus vulgaris,-834.8604823798402,-5058.0881099658345,3782.6585593283708,6131375174,36.422144,-99.372428
Sturnus vulgaris,1335.513256255693,-4643.199021815917,4152.933940703905,6131382485,40.681133,-73.953292
Sturnus vulgaris,816.8846552311544,-5651.104666470716,2826.2110038562587,6131389315,26.334118,-81.774693
Sturnus vulgaris,1516.6159892598687,-4447.69354506496,4302.051975509621,6131400718,42.473912,-71.171172
Sturnus vulgaris,-2268.2776786323893,-3604.840701654065,4738.12125404086,6131410486,48.047587,-122.179377
Sturnus vulgaris,-640.3773782714499,-5300.519578950713,3476.2281478976283,6131439973,33.067883,-96.88875
Sturnus vulgaris,-2394.149140837184,-3734.2959107003967,4573.055550989109,6131451772,45.872437,-122.664933
Sturnus vulgaris,510.1759571435227,-4862.567770083695,4084.716428807931,6131465773,39.876971,-84.010495
Sturnus vulgaris,494.497315401751,-4587.403648841918,4393.285023456792,6131472886,43.596434,-83.847581
Sylvilagus floridanus,1069.9175711651599,-4800.119189583423,4050.1710193993617,5938067795,39.473328,-77.434521
Sylvilagus floridanus,1523.3461649977978,-4460.602993001524,4286.27933411832,5938454863,42.281894,-71.144386
Sylvilagus floridanus,1109.1458351112706,-4832.785049895756,4000.4671361775786,5938625338,38.896637,-77.074203
Sylvilagus floridanus,1513.7935438013733,-4464.946082603054,4285.14162144851,6130048977,42.268066,-71.271306
Sylvilagus floridanus,903.8327754582194,-4558.430379634544,4358.159235010786,6130054468,43.161812,-78.785012
Sylvilagus floridanus,984.0769143227299,-4437.715202864101,4464.082160382279,6130092106,44.482137,-77.496811
Sylvilagus floridanus,1079.8723355177654,-4369.005108189135,4509.48148164266,6130129924,45.057235,-76.116648
Sylvilagus floridanus,51.237724387954344,-4649.432400553496,4355.445577430664,6130209106,43.128364,-89.368614
Sylvilagus floridanus,741.9916904194179,-4581.737197309339,4364.273790198999,6130415681,43.237246,-80.80107
Sylvilagus floridanus,-670.3428960688523,-5316.284623585498,3446.3765511615043,6130519370,32.748112,-97.186633
Sylvilagus floridanus,855.2139963982354,-5527.3932227908,3050.620643522942,6130549548,28.608918,-81.204775
Sylvilagus floridanus,-2319.8015697772466,-3530.0382924387936,4769.392357570539,6130598513,48.469999,-123.311335
Sylvilagus floridanus,-204.0808819382102,-4568.26588019364,4436.107637463657,6130631400,44.130578,-92.557908
Sylvilagus floridanus,1106.143487469072,-4834.2001171243355,3999.5885966436917,6130650023,38.886486,-77.111669
Sylvilagus floridanus,-675.639481429099,-5302.4853615922775,3466.5419961268713,6130650195,32.963998,-97.261464
Sylvilagus floridanus,740.6857339437133,-5616.36850713318,2915.054470381696,6130707581,27.22912,-82.487197
Sylvilagus floridanus,915.9036690777773,-4556.33373532854,4357.831627191943,6130793231,43.157773,-78.634012
Sylvilagus floridanus,-159.89511215194995,-4360.022490882773,4642.670628181987,6130812761,46.779051,-92.100267
Sylvilagus floridanus,1249.5179476719898,-4289.2109948124335,4542.150049272167,6130818630,45.474667,-73.758287
Sylvilagus floridanus,1249.5182857230893,-4289.056320996521,4542.296011780921,6131073926,45.476539,-73.757728
Sylvilagus floridanus,1110.7311621291933,-4348.166994337892,4522.109375557291,6131098678,45.218228,-75.670342
Sylvilagus floridanus,171.10983508931778,-4653.462356005538,4348.075741664642,6131123431,43.037617,-87.894158
Sylvilagus floridanus,1512.5449096724944,-4457.339665180937,4293.493232218487,6131199531,42.369644,-71.255971
Sylvilagus floridanus,1521.1792257995514,-4445.7466770558385,4302.4531811654015,6131207068,42.478804,-71.110845
Sylvilagus floridanus,1247.2945329639376,-4276.623809290726,4554.6128563823495,6131252314,45.63473,-73.740463
Sylvilagus floridanus,-684.572645402636,-5284.1344412108365,3492.71193058536,6131315269,33.244956,-97.381695
Sylvilagus floridanus,705.9538112011375,-5585.824966403204,2981.600541795409,6131339660,27.904229,-82.796971
Sylvilagus floridanus,820.5659464159528,-5128.916401181137,3689.2602519956567,6131423638,35.38516,-80.910384
Sylvilagus floridanus,1512.5355167141383,-4457.390727379046,4293.443529829061,6131458594,42.369039,-71.256279
Sylvilagus floridanus,-250.67515565487588,-4499.381967591346,4503.607110498057,6131595085,44.982497,-93.188837
Sylvilagus floridanus,1161.0370359702174,-4641.819985511157,4206.572637301313,6131604897,41.320308,-75.956995
Sylvilagus floridanus,-504.5261996211726,-4080.6856057761483,4866.53998549119,6131665490,49.805417,-97.048145
Sylvilagus floridanus,814.0593785363599,-5633.524906036158,2861.897550745785,6131697652,26.692775,-81.777523
Sylvilagus floridanus,83.12047897865315,-4588.3985474581905,4419.212926001118,6133023081,43.919271,-88.96218
Sylvilagus floridanus,752.9540763606605,-4608.8242975252215,4333.768785146533,6133035277,42.861833,-80.721429
Sylvilagus floridanus,-893.7975176083501,-5198.846966106903,3572.5158292435376,6133082519,34.107384,-99.755055
Sylvilagus floridanus,1512.6587423542317,-4457.496410564701,4293.2903941685045,6133089166,42.367175,-71.255272
Sylvilagus floridanus,-2322.3821321038427,-3530.970262959373,4767.446209896748,6133164188,48.443608,-123.333633
Sylvilagus floridanus,19.11389230377167,-4555.789625875869,4453.556856441853,6133171677,44.349617,-89.759616
Sylvilagus floridanus,170.4529754177699,-4649.363533978309,4352.484077140479,6133210819,43.091882,-87.900387
Sylvilagus floridanus,1524.5869194597783,-4458.175405474497,4288.363313516229,6133217618,42.307231,-71.120567
Sylvilagus floridanus,960.3130255353103,-5607.324333663951,2868.0072942314473,6133257875,26.754292,-80.281778
Sylvilagus floridanus,-501.1142612555775,-4075.4622668224833,4871.267282602122,6133277209,49.871335,-97.009839
Sylvilagus floridanus,784.8556826470353,-4551.323717141134,4388.531315700357,6133287783,43.537432,-80.215824
Sylvilagus floridanus,181.792817481104,-4738.820101349338,4254.443388768637,6133464747,41.896089,-87.80307
Sylvilagus floridanus,-651.4716976805128,-5027.116522505568,3859.2016306420464,6133484756,37.282413,-97.383896
Sylvilagus floridanus,739.3791799570982,-5600.873945773776,2945.043735070143,6133581875,27.532847,-82.479788
Sylvilagus floridanus,-261.85011357096244,-4502.113608471008,4500.240071831777,6147414749,44.939703,-93.328664
Sylvilagus floridanus,162.90030424810413,-4634.950642424441,4368.1173476501945,6147434382,43.284711,-87.987107
Sylvilagus floridanus,1512.5283674351085,-4457.576496330584,4293.253177573235,6147501706,42.366722,-71.257088
Sylvilagus floridanus,-730.389583100589,-5430.999752154287,3249.696274834872,6147570060,30.668867,-97.659483
Sylvilagus floridanus,-738.5385017404909,-5440.433984398319,3232.026001214745,6147588691,30.484289,-97.730642
Sylvilagus floridanus,-2318.910571132766,-3529.6964675641802,4770.07858841247,6147596798,48.479308,-123.30378
Sylvilagus floridanus,1112.3156069255087,-4809.120704979351,4028.0100751123114,6147603658,39.21562,-76.976898
Sylvilagus floridanus,-504.5268683411246,-4080.6951084826355,4866.531947948685,6147616629,49.805305,-97.048138
Sylvilagus floridanus,710.5870060723198,-4736.9444134892465,4200.735276114365,6147712594,41.250446,-81.468698
Sylvilagus floridanus,-630.3834860958469,-5301.20022400407,3477.0168212354506,6147713584,33.076347,-96.781389
Sylvilagus floridanus,1439.730785824959,-4594.604397839112,4172.114430523541,6159172317,40.908983,-72.601487
Sylvilagus floridanus,41.46475828642844,-4658.35839722833,4346.001708061099,6159180636,43.012103,-89.490015
Sylvilagus floridanus,996.1748941278545,-4541.635994417187,4355.563247640998,6159188370,43.129814,-77.628506
Sylvilagus floridanus,829.6600513131627,-4731.463317178724,4185.053429422924,6159299834,41.063133,-80.054322
Sylvilagus floridanus,195.63405869584278,-4733.248783739172,4260.02774591754,6159325969,41.963594,-87.633205
Sylvilagus floridanus,831.1853660964098,-4731.014567458349,4185.258077987724,6159333802,41.065574,-80.035477
Sylvilagus floridanus,1512.6440796567294,-4457.450901711882,4293.342809138913,6159386996,42.367813,-71.255263
Sylvilagus floridanus,1237.7491049795406,-4720.150184056532,4096.085023867407,6159394294,40.010326,-75.30635
Sylvilagus floridanus,845.6238962242193,-4774.359778281817,4132.815270894261,6159408968,40.442972,-79.956064
Sylvilagus floridanus,157.5496109930914,-4741.615879257762,4252.294686792533,6159411047,41.870134,-88.096934
Sylvilagus floridanus,784.3960045572005,-4751.318375666481,4171.264763925465,6159420388,40.898873,-80.625585
Sylvilagus floridanus,154.99559721451536,-4724.574693691993,4271.314020093438,6159425967,42.100244,-88.121014
Sylvilagus floridanus,980.6541878354977,-5066.550554989469,3736.0588816684945,6159508149,35.903058,-79.045594
Sylvilagus floridanus,1008.8680287734777,-4546.005330697333,4348.07704203451,6159521545,43.037633,-77.487472
Sylvilagus floridanus,193.56844396696474,-4730.821944799552,4262.816922386021,6159564704,41.997337,-87.656967
Sylvilagus floridanus,1512.319932506882,-4457.826195690665,4293.06733704864,6159591196,42.36446,-71.260467
Sylvilagus floridanus,-2282.7867385798895,-3504.128292462869,4806.217093078764,6159603461,48.971985,-123.082489
Sylvilagus floridanus,-2282.7971028486654,-3504.1241435475345,4806.215195297692,6159604296,48.971959,-123.082639
Sylvilagus floridanus,-515.3396169022669,-5509.0297625883695,3158.285814147287,6159613475,29.71775,-95.344155
Sylvilagus floridanus,-325.47312239685056,-4444.930774938838,4552.626800241405,6159621156,45.609192,-94.18792
Sylvilagus floridanus,-623.3218557967398,-5306.642379662166,3469.9812172599736,6162763823,33.00087,-96.699304
Sylvilagus floridanus,1519.9839180555966,-4456.799662621859,4291.426194842861,6162782127,42.344488,-71.168145
Sylvilagus floridanus,1154.079653375505,-4918.668566326559,3881.3081323148176,6162804050,37.532696,-76.795403
Sylvilagus floridanus,980.5824809607491,-5065.935063613786,3736.9122359186713,6162834019,35.912533,-79.045077
Sylvilagus floridanus,193.51220408610584,-4730.79163092802,4262.853117489339,6162863036,41.997775,-87.657632
Sylvilagus floridanus,973.5069128934884,-5616.862552776734,2844.8009567350146,6162896835,26.520811,-80.167254
Sylvilagus floridanus,1098.4150532515778,-4823.251556023485,4014.907461920487,6162917469,39.063695,-77.170643
Sylvilagus floridanus,-22.24702384099775,-4976.193951483288,3978.285052234039,6162925097,38.640778,-90.25615
Sylvilagus floridanus,996.118570522033,-4541.811779301101,4355.392827810179,6162933326,43.127714,-77.629648
Sylvilagus floridanus,1271.1647296526423,-4701.712808413842,4107.041517560028,6162976806,40.139094,-74.871092
Sylvilagus floridanus,-516.8630605671275,-4072.2735336505775,4872.28837133309,6163017022,49.885585,-97.233446
Sylvilagus floridanus,702.579141422375,-4746.651766053255,4191.113538373679,6163021888,41.135455,-81.580455
Sylvilagus floridanus,44.66041865490654,-4781.1024204651185,4210.560321584953,6163084207,41.368076,-89.464814
Sylvilagus floridanus,-660.9355620378412,-5286.944950647069,3493.01165204736,6163276591,33.248179,-97.125736
Sylvilagus floridanus,974.1749737440764,-5619.425992887789,2839.5048442757156,6170844642,26.467593,-80.165039
Sylvilagus floridanus,1439.7277900823533,-4594.6049550195985,4172.114850702384,6179225558,40.908988,-72.601523
Sylvilagus floridanus,-236.51027907370872,-4501.320870453945,4502.43561184229,6179294460,44.967604,-93.007693
Sylvilagus floridanus,83.88841728162296,-4842.4838679319355,4139.210776457559,6187920007,40.518589,-89.00754
Sylvilagus floridanus,1515.8677911114753,-4502.011891031158,4245.443074940743,6195246359,41.787441,-71.391159
Sylvilagus floridanus,842.914460196898,-4531.862381888588,4397.894006691327,6195894487,43.653695,-79.463538
Sylvilagus floridanus,861.8194715908475,-4758.217765418105,4148.057861810011,6320641420,40.623333,-79.733752
Sylvilagus floridanus,-2294.3292728836113,-3626.7180695070165,4708.792027853651,6400901689,47.654531,-122.318206
Sylvilagus floridanus,72.11760011780511,-4440.837604579501,4567.6595266266595,6469889024,45.802783,-89.069619
Tamiasciurus hudsonicus,896.5205272531335,-4157.99066135934,4743.112663003032,5938147628,48.114778,-77.832505
Tamiasciurus hudsonicus,1248.4999521415155,-4289.809600764255,4541.864659847417,5938155546,45.471007,-73.772968
Tamiasciurus hudsonicus,848.3017922141848,-4521.025150752093,4408.000542793824,5938190494,43.779448,-79.372882
Tamiasciurus hudsonicus,650.2611250113899,-4754.211118280063,4190.989172235903,5938263606,41.13397,-82.21165
Tamiasciurus hudsonicus,-1782.5628348785096,-4493.617773175335,4149.6532599712555,5938353176,40.642239,-111.637618
Tamiasciurus hudsonicus,-2322.5801062954465,-3523.630031946169,4772.777616596557,5938417822,48.515938,-123.39064
Tamiasciurus hudsonicus,848.5199589978196,-4521.126045884279,4407.85506636579,5938464104,43.777636,-79.370443
Tamiasciurus hudsonicus,1140.226301865413,-4706.667275338126,4139.676348396446,5938472442,40.524097,-76.382019
Tamiasciurus hudsonicus,-220.0652421665604,-4477.426125138634,4527.02769074739,5938500428,45.281055,-92.81382
Tamiasciurus hudsonicus,1116.7261404956223,-4325.305681030204,4542.511048138357,5938621790,45.479297,-75.52327
Tamiasciurus hudsonicus,170.50908091518627,-4649.4089105844105,4352.433407322987,5938678558,43.091258,-87.899717
Tamiasciurus hudsonicus,-509.1227214780078,-4073.1933789620157,4872.334438616899,5938679734,49.886228,-97.12465
Tamiasciurus hudsonicus,-508.3667789051701,-4072.364496251075,4873.106171371269,5938703569,49.897001,-97.115613
Tamiasciurus hudsonicus,659.2886655239031,-4591.964860431046,4366.8009235315085,6129856952,43.26845,-81.829627
Tamiasciurus hudsonicus,1099.541385820581,-4329.830225150927,4542.3927716474145,6129881881,45.47778,-75.751186
Tamiasciurus hudsonicus,-1974.1014518391307,-3888.047367193308,4644.971932959903,6130089470,46.809281,-116.918543
Tamiasciurus hudsonicus,-1449.2709248549609,-4954.122563393157,3734.4392541486454,6130119906,35.885078,-106.306223
Tamiasciurus hudsonicus,1770.7982636424435,-4070.1826663591714,4570.299738707265,6130160915,45.836853,-66.487778
Tamiasciurus hudsonicus,-235.1557631058131,-4501.305827213272,4502.521598687939,6130200678,44.968697,-92.990509
Tamiasciurus hudsonicus,661.1829729134937,-4760.972150468874,4181.594718342092,6130223118,41.021892,-82.093583
Tamiasciurus hudsonicus,-1917.829350194193,-3663.2225734769654,4846.90458853689,6130229789,49.532573,-117.633682
Tamiasciurus hudsonicus,701.9841649328824,-4742.832108190569,4195.5351214568,6130231900,41.188273,-81.580805
Tamiasciurus hudsonicus,1105.946132483617,-4348.657675071391,4522.810266500756,6130234016,45.227177,-75.731092
Tamiasciurus hudsonicus,1319.5859325863894,-4191.58178270695,4612.9262139207,6130286932,46.389841,-72.525053
Tamiasciurus hudsonicus,898.5508837269261,-4367.091655228938,4550.919677808077,6130361003,45.58725,-78.373367
Tamiasciurus hudsonicus,1392.8312509073385,-4382.495627994336,4409.479142345936,6130376835,43.797868,-72.368863
Tamiasciurus hudsonicus,1115.2486958650736,-4338.523355255099,4530.252594718613,6130446475,45.322288,-75.58383
Tamiasciurus hudsonicus,170.01624799682938,-4648.7309047873405,4353.176837663454,6130454113,43.100414,-87.905477
Tamiasciurus hudsonicus,-1924.2490959803588,-3823.8239081862453,4718.621542938094,6130455007,47.78593,-116.712747
Tamiasciurus hudsonicus,984.0774127745461,-4437.715251942069,4464.082001713805,6130483520,44.482135,-77.496805
Tamiasciurus hudsonicus,1641.9160145962337,-4217.18009592467,4484.334618338226,6130533270,44.737979,-68.727057
Tamiasciurus hudsonicus,1394.2316723048311,-4389.308453542753,4402.254249049869,6130562635,43.707916,-72.377931
Tamiasciurus hudsonicus,1262.4899458965413,-4278.502666042072,4548.657736394163,6130571771,45.55819,-73.559855
Tamiasciurus hudsonicus,864.7438682715551,-4515.13696621706,4410.839982164892,6130666591,43.814826,-79.157942
Tamiasciurus hudsonicus,1115.2531451947048,-4338.524334118257,4530.250561952892,6130827796,45.322262,-75.583778
Tamiasciurus hudsonicus,-220.06699297543307,-4477.425089803028,4527.028629629211,6130923628,45.281067,-92.813843
Tamiasciurus hudsonicus,1770.799881121376,-4070.1790050195973,4570.302372687788,6130936233,45.836887,-66.48774
Tamiasciurus hudsonicus,-2049.700435328954,-3986.8747488809795,4526.953831421849,6130986172,45.280111,-117.208243
Tamiasciurus hudsonicus,-206.1105389093633,-4327.655195546914,4671.046144482382,6131143532,47.152989,-92.72673
Tamiasciurus hudsonicus,1338.1266230461151,-4438.661478047237,4370.063449616281,6131210518,43.308758,-73.223477
Tamiasciurus hudsonicus,-1861.4760925146252,-3732.5883522708705,4815.853411303727,6131218719,49.10418,-116.505854
Tamiasciurus hudsonicus,1115.246129076238,-4338.518708569022,4530.257676628835,6131312730,45.322353,-75.583847
Tamiasciurus hudsonicus,-501.82697735701043,-4073.4620200725485,4872.866711238942,6131472758,49.893658,-97.023122
Tamiasciurus hudsonicus,-197.53930713549823,-4691.228832824023,4306.17038560882,6131484414,42.524147,-92.411199
Tamiasciurus hudsonicus,-272.8685444758238,-4292.680702405843,4699.807259271976,6131584753,47.534713,-93.63717
Tamiasciurus hudsonicus,-271.52820285549035,-4600.2839298767985,4399.251451014,6131680404,43.67057,-93.37792
Tamiasciurus hudsonicus,-1867.8855311983789,-3677.190910142587,4855.823697621436,6133104013,49.656319,-116.928991
Tamiasciurus hudsonicus,-1766.7825942826605,-3968.346658243941,4660.5211290392635,6133232548,47.013983,-113.999528
Tamiasciurus hudsonicus,-58.73270928418401,-4563.436874224611,4445.37371809218,6133301324,44.246793,-90.737372
Tamiasciurus hudsonicus,1115.2515580609138,-4338.525068657055,4530.250249219621,6133388943,45.322258,-75.5838
Tamiasciurus hudsonicus,421.50760202233784,-4355.007076315127,4630.982383507842,6133433568,46.625775,-84.471739
Tamiasciurus hudsonicus,515.1252141612688,-4731.423985064644,4235.330709279708,6133563353,41.665588,-83.786499
Tamiasciurus hudsonicus,842.6564565403384,-4532.8286369802845,4396.947551847733,6133593652,43.641932,-79.468886
Tamiasciurus hudsonicus,-1640.923015086533,-3658.558416650973,4950.967087366778,6147178370,50.996618,-114.157011
Tamiasciurus hudsonicus,889.9244123426059,-4468.790605336845,4452.830357833908,6147180585,44.340481,-78.737338
Tamiasciurus hudsonicus,-253.34727789488431,-4508.894395221897,4493.933646505837,6147189470,44.859636,-93.215973
Tamiasciurus hudsonicus,1104.6981951279768,-4331.672940483185,4539.383720731723,6147259975,45.4392,-75.692938
Tamiasciurus hudsonicus,726.273103964135,-5089.923464343923,3762.3077539266887,6147348785,36.195028,-81.879372
Tamiasciurus hudsonicus,1335.8698995952884,-4360.93523585379,4448.308511077167,6147362591,44.283649,-72.968787
Tamiasciurus hudsonicus,-1033.8177551598794,-3608.9998513664036,5147.435677269887,6147440644,53.895803,-105.98465
Tamiasciurus hudsonicus,-1463.1416044473751,-3476.8528538773157,5134.24424891315,6147450429,53.694958,-112.822505
Tamiasciurus hudsonicus,1100.7988276928957,-4567.9622547346835,4302.524364828932,6147469684,42.479672,-76.451053
Tamiasciurus hudsonicus,-1991.9070128629323,-4066.35239325553,4481.834199928632,6147475520,44.706331,-116.097972
Tamiasciurus hudsonicus,1104.8825510465836,-4331.336630173826,4539.6597531295965,6147484316,45.442738,-75.689583
Tamiasciurus hudsonicus,45.039187197416844,-4232.201547398726,4761.9528203763075,6147488341,48.369188,-89.39028
Tamiasciurus hudsonicus,789.1247165189865,-4742.146718344772,4180.798944358385,6147526797,41.012407,-80.552174
Tamiasciurus hudsonicus,898.5383620954691,-4367.080608060596,4550.932751010646,6147576362,45.587418,-78.373496
Tamiasciurus hudsonicus,-1764.5979562263815,-3978.9401893804616,4652.309335361536,6147660270,46.905779,-113.91654
Tamiasciurus hudsonicus,1104.8813368263588,-4331.331870214018,4539.664590173878,6147674654,45.4428,-75.689583
Tamiasciurus hudsonicus,-1778.6522496275381,-3639.803913988866,4917.110612166831,6147683523,50.515323,-116.043236
Tamiasciurus hudsonicus,1417.483555267626,-4487.806051956178,4294.192629616048,6147710928,42.378158,-72.471162
Tamiasciurus hudsonicus,1288.8542768144782,-4492.239468740552,4329.941378160224,6159175363,42.814892,-73.991452
Tamiasciurus hudsonicus,-220.24914454633299,-4477.361865488587,4527.0823020431835,6159176005,45.281753,-92.816208
Tamiasciurus hudsonicus,841.4318943427644,-4577.316859520051,4350.852314709576,6159224725,43.07179,-79.58381
Tamiasciurus hudsonicus,1439.4437233838066,-4348.490834316259,4428.135314187664,6159262649,44.030772,-71.684349
Tamiasciurus hudsonicus,-317.90908677300916,-4558.968469955256,4438.974367145909,6159270246,44.166508,-93.988931
Tamiasciurus hudsonicus,-246.59678233953096,-4518.469241628667,4484.682694357861,6159356529,44.742386,-93.123835
Tamiasciurus hudsonicus,-1287.2151988292992,-4707.925405833834,4094.9076344509417,6159358012,39.996503,-105.291763
Tamiasciurus hudsonicus,-2328.138717756104,-3473.084975216684,4806.995318854234,6159363785,48.982648,-123.835425
Tamiasciurus hudsonicus,901.0191941055042,-4364.841632495568,4552.589929343992,6159370944,45.608718,-78.336457
Tamiasciurus hudsonicus,-318.1468533296461,-4558.955533791778,4438.970618319433,6159413174,44.166461,-93.991916
Tamiasciurus hudsonicus,170.16381324523812,-4648.955788354802,4352.930907361344,6159436099,43.097385,-87.903762
Tamiasciurus hudsonicus,1115.2140768742845,-4338.909080116627,4529.891686000931,6159584762,45.317672,-75.585487
Tamiasciurus hudsonicus,-1571.071726141339,-3563.460078995309,5042.1462718175335,6159634333,52.318448,-113.791904
Tamiasciurus hudsonicus,1190.469878028536,-4341.817316009258,4507.899399230901,6159652476,45.037097,-74.667064
Tamiasciurus hudsonicus,1104.868281441584,-4331.333401572617,4539.666306543152,6162764048,45.442822,-75.68975
Tamiasciurus hudsonicus,-507.54119114751603,-4074.246099922047,4871.6192160549635,6162770985,49.876246,-97.100928
Tamiasciurus hudsonicus,898.827158468283,-4366.849417762272,4551.097563386943,6162778869,45.589536,-78.369262
Tamiasciurus hudsonicus,1428.4581011031262,-4342.6986395785325,4437.367362397781,6162797839,44.146364,-71.792244
Tamiasciurus hudsonicus,679.6923694645216,-4733.2509956305985,4210.000763055879,6162837927,41.361371,-81.82822
Tamiasciurus hudsonicus,1096.9185091231266,-4569.104725357801,4302.302281654969,6162845982,42.476964,-76.500314
Tamiasciurus hudsonicus,855.1797855298837,-4512.903818787882,4414.988084521661,6162894049,43.866547,-79.269875
Tamiasciurus hudsonicus,-206.12419093832153,-4328.064248763112,4670.666526970862,6162913117,47.147969,-92.726653
Tamiasciurus hudsonicus,1251.3323943252194,-4276.22905421832,4553.87587055783,6163172657,45.625252,-73.689194
Tamiasciurus hudsonicus,1104.8839035536964,-4331.335303930869,4539.6606893321305,6163179962,45.44275,-75.689562
Tamiasciurus hudsonicus,-89.75300913374166,-4312.942769441836,4688.306964624677,6163194250,47.381747,-91.192162
Tamiasciurus hudsonicus,703.1199303759755,-4746.3852643087885,4191.324661242303,6179222319,41.137976,-81.573601
Tamiasciurus hudsonicus,881.8963445933763,-4423.6551593007025,4499.25404913554,6188315728,44.927177,-78.725375
Tamiasciurus hudsonicus,-1636.1123911773827,-3658.9435468844044,4952.274375862694,6251458717,51.015302,-114.092012
Tamiasciurus hudsonicus,-1670.7164546833903,-3650.194147859175,4947.175187989832,6451538697,50.942466,-114.593863
Turdus migratorius,-2280.477207438499,-3485.908634287642,4820.541238225206,5938030314,49.168617,-123.192663
Turdus migratorius,-1806.0930792316665,-4481.848371746702,4152.206171603278,5938032989,40.672503,-111.948425
Turdus migratorius,37.739509693299816,-4821.352364152639,4164.479588107655,5938049979,40.818193,-89.551522
Turdus migratorius,-2518.0415447200735,-4637.158607627276,3570.151251200632,5938063545,34.081705,-118.502575
Turdus migratorius,-1085.938233870572,-5196.361920429721,3522.54369366846,5938064126,33.566333,-101.803821
Turdus migratorius,-860.065160004696,-5465.949335123884,3158.075191644793,5938076572,29.715569,-98.942152
Turdus migratorius,703.5262422991447,-5184.021511744116,3636.031479765836,5938111191,34.800113,-82.271575
Turdus migratorius,-1809.5144172837652,-4504.744329672425,4125.856181158496,5938129983,40.360788,-111.884875
Turdus migratorius,1482.3350200894295,-4442.064855776705,4319.779604906642,5938155095,42.690436,-71.545937
Turdus migratorius,-2686.284411033423,-4251.379326277204,3911.445131510736,5938194144,37.875258,-122.28723
Turdus migratorius,836.8785567464682,-5504.119205138639,3097.4278339550347,5938213473,29.089511,-81.354629
Turdus migratorius,-1254.0633270703051,-4739.263464383704,4068.963027176897,5938215241,39.692609,-104.821423
Turdus migratorius,-1263.6605551389305,-4790.696433270839,4005.264387691463,5938227851,38.952092,-104.776565
Turdus migratorius,-2321.232755889583,-3531.498534533591,4767.614678563042,5938254050,48.445892,-123.316678
Turdus migratorius,1530.7820032988477,-4404.999464025328,4340.787867425725,5938264662,42.948011,-70.837142
Turdus migratorius,1078.3784285515117,-5081.7131015932355,3688.230612042563,5938285304,35.373803,-78.019128
Turdus migratorius,1213.8191546560254,-4809.762688584105,3997.8217905469196,5938406549,38.866076,-75.836256
Turdus migratorius,-2518.0412556438273,-4637.158268265545,3570.1518958735605,5938424020,34.081712,-118.502574
Turdus migratorius,-665.6859720069065,-5279.74992153333,3502.9781732719157,5938467870,33.35542,-97.186097
Turdus migratorius,1217.566932845629,-4743.240811071449,4075.4080166168133,5938509629,39.767975,-75.60329
Turdus migratorius,602.4162259324024,-4835.885655137724,4103.785782767417,5938521541,40.100805,-82.899127
Turdus migratorius,-2518.041468710204,-4637.158081662654,3570.1519879696893,5938528530,34.081713,-118.502577
Turdus migratorius,1268.8863480802636,-4689.36286181093,4121.838972546281,5938621294,40.313392,-74.859017
Turdus migratorius,706.0511237643736,-4604.782615039126,4345.943166740902,5938625377,43.011383,-81.282732
Turdus migratorius,-671.9234282109967,-5570.618144137229,3017.695400219796,6129816436,28.272173,-96.877744
Turdus migratorius,1250.7690796206189,-4722.456331012995,4089.4664738591155,6129827935,39.932658,-75.165503
Turdus migratorius,-636.8495734405566,-5302.018863017912,3474.589432823434,6129836931,33.050299,-96.849243
Turdus migratorius,-2699.768269739907,-4270.465226285283,3881.2538142295207,6129843775,37.53208,-122.300884
Turdus migratorius,-696.9220449121757,-5306.287823327111,3456.4956717755763,6129851296,32.856379,-97.482338
Turdus migratorius,1151.8344766161647,-4742.729503023304,4095.063775975672,6129853429,39.998336,-76.349253
Turdus migratorius,-2669.0681929184357,-4300.608592190486,3869.1851658981013,6129853781,37.39534,-121.824801
Turdus migratorius,1015.2001914224294,-5067.556101183619,3725.452571483091,6129858047,35.785388,-78.671707
Turdus migratorius,-2280.742973357082,-3486.0115441192197,4820.341080611129,6129861055,49.165864,-123.194947
Turdus migratorius,-2304.664331401544,-3644.815341355223,4689.733102924357,6129869395,47.400692,-122.305702
Turdus migratorius,-2188.794793835808,-4653.969225201863,3760.252774884778,6129869455,36.172131,-115.187935
Turdus migratorius,-2161.272378632893,-3875.442013211666,4571.608473750772,6129880379,45.853749,-119.147713
Turdus migratorius,1527.813864703201,-4452.996307419819,4292.593832475134,6129892608,42.358697,-71.063011
Turdus migratorius,-408.7785992222589,-4939.611159847132,4002.8608239619066,6129898702,38.924302,-94.730745
Turdus migratorius,541.2815837977797,-4667.780652405414,4302.161219404555,6129899137,42.475244,-83.385454
Turdus migratorius,200.29314536011796,-4747.022855600386,4244.456360242941,6129921839,41.775541,-87.583928
Turdus migratorius,-2692.461901023101,-4294.202449673851,3860.081263708264,6129934180,37.292356,-122.087683
Turdus migratorius,1158.2943675736344,-4879.910834750969,3928.686489477714,6129945513,38.071955,-76.647389
Turdus migratorius,-684.7889003267101,-5305.786316275037,3459.689127319872,6129953611,32.890574,-97.354199
Turdus migratorius,-1806.0182026239297,-4489.974955559244,4143.449804199301,6129963419,40.568756,-111.911642
Turdus migratorius,-1806.237597456989,-4489.462319141881,4143.909622109951,6129967156,40.5742,-111.916317
Turdus migratorius,-728.7867798217789,-5430.355908045459,3251.131752357973,6129987145,30.683877,-97.643769
Turdus migratorius,-2699.657578712902,-4249.625525224947,3904.1369062485533,6130000054,37.792041,-122.426551
Turdus migratorius,-2321.5727354214923,-3531.06950129811,4767.766913433093,6130002996,48.447956,-123.323725
Turdus migratorius,961.0005043101653,-4896.631944670106,3960.9628575422544,6130004327,38.441609,-78.8964
Turdus migratorius,370.2620759144696,-5192.199575811828,3673.3802811247865,6130021925,35.21018,-85.921073
Turdus migratorius,-1806.0162844970407,-4489.9747137728455,4143.450902266057,6130030984,40.568769,-111.911622
Turdus migratorius,405.5856600240677,-5127.586392035288,3759.403036956109,6130036356,36.162665,-85.477392
Turdus migratorius,-2160.5864859855824,-3876.431965952741,4571.093346191224,6130049381,45.847098,-119.133754
Turdus migratorius,-1936.13350204144,-4922.50177041475,3551.0725861651754,6130073251,33.874797,-111.470859
Turdus migratorius,-991.9607085928943,-5435.3185024332,3172.235782439987,6130077304,29.862308,-100.342811
Turdus migratorius,-2381.3505641026077,-4696.216830168089,3586.707418311622,6130084323,34.261667,-116.888586
Turdus migratorius,580.2357723278553,-4837.458787973564,4105.127531861327,6130094576,40.116582,-83.160254
Turdus migratorius,-544.4566932261613,-5525.236968315368,3124.9122360219776,6130106506,29.372753,-95.627756
Turdus migratorius,-371.43746901713547,-5134.467922482065,3753.535198887881,6130120404,36.097329,-94.137681
Turdus migratorius,-908.6627223267332,-5297.200157127611,3421.075223092647,6130141298,32.47798,-99.733581
Turdus migratorius,-1910.5280689491105,-3674.2341654524594,4841.45008492878,6130150892,49.45705,-117.473527
Turdus migratorius,-1803.1200664846435,-4473.788788508067,4162.177919231393,6130152061,40.790847,-111.951453
Turdus migratorius,-2702.612114503169,-4137.382415862734,4020.908806865433,6130161555,39.13324,-123.153287
Turdus migratorius,-2000.6613981968596,-4643.141830467223,3876.64043233415,6130169480,37.47978,-113.310498
Turdus migratorius,-818.2475374269917,-5486.501157640162,3133.4532299661437,6130173619,29.460933,-98.482475
Turdus migratorius,-2704.3495786283356,-4135.360228254161,4021.820765377776,6130178872,39.143814,-123.182978
Turdus migratorius,-2280.8575982730467,-3485.879842823242,4820.382087291021,6130209157,49.166428,-123.197258
Turdus migratorius,-1803.1203821988804,-4473.788896228226,4162.177666674193,6130216615,40.790844,-111.951456
Turdus migratorius,-2052.1781088649095,-4133.7247664924735,4392.110847196348,6130234894,43.581855,-116.401994
Turdus migratorius,-2742.651078109698,-4102.9235239531945,4029.098751583615,6130250590,39.228258,-123.761248
Turdus migratorius,344.06455117690354,-5211.881095090289,3647.9676759726526,6130255319,34.930942,-86.223075
Turdus migratorius,-2325.1411955572803,-3525.882351234825,4769.866370837938,6130258889,48.476429,-123.402833
Turdus migratorius,-2161.2735916946326,-3875.439418173815,4571.610100127243,6130292324,45.85377,-119.147743
Turdus migratorius,-2699.1536648400624,-4256.344513701769,3897.159735491829,6130308156,37.712681,-122.380758
Turdus migratorius,-684.9311550637143,-5305.911027169857,3459.469701306522,6130338691,32.888224,-97.355539
Turdus migratorius,-2515.9869375988833,-4379.885854242911,3882.8034669954754,6130345637,37.549656,-119.874835
Turdus migratorius,-2258.574827486869,-3487.8942492233377,4829.408512908683,6130358054,49.290733,-122.924947
Turdus migratorius,1088.8253243083984,-4876.011186951548,3953.3185360587263,6130376115,38.35389,-77.412225
Turdus migratorius,1158.3122756151597,-4879.917296047761,3928.6731838587148,6130389092,38.071803,-76.647207
Turdus migratorius,319.13027821984844,-4744.128291141114,4240.419289692383,6130409613,41.726876,-86.151598
Turdus migratorius,-944.0470161979803,-5480.464374928261,3108.5428412726283,6130421217,29.203963,-99.773669
Turdus migratorius,1504.7884947606644,-4454.377071250081,4299.289432317266,6130441954,42.440238,-71.333878
Turdus migratorius,-2422.9056778636054,-3756.571603082965,4539.543038320534,6130470046,45.441242,-122.821122
Turdus migratorius,-687.759369855763,-5132.499315424027,3711.3597179504072,6130485571,35.629306,-97.632219
Turdus migratorius,-1796.6119167296195,-4462.969416413185,4176.582662716388,6130508679,40.962175,-111.927732
Turdus migratorius,-2675.639051023828,-4301.336739733517,3863.833724389855,6130529737,37.334787,-121.883606
Turdus migratorius,-698.6273605360574,-5465.1959781086025,3198.9538698851866,6130534227,30.139764,-97.28473
Turdus migratorius,-2523.1399093189725,-4378.326457911179,3879.919529530765,6130534400,37.51695,-119.953967
Turdus migratorius,-696.4322340301823,-5307.111099741822,3455.3302371956165,6130549701,32.843903,-97.475992
Turdus migratorius,869.7017925180664,-4514.212271641149,4410.811658678339,6130554394,43.814473,-79.095086
Turdus migratorius,699.3084436722561,-4721.193713170254,4220.314058575236,6130562026,41.485063,-81.574547
Turdus migratorius,370.1305936147025,-4991.956437683892,3941.2088751567344,6130587665,38.215148,-85.759541
Turdus migratorius,569.3009352388849,-4662.059818033237,4304.7471270556025,6130592283,42.506782,-83.037875
Turdus migratorius,132.36396853039176,-4648.015573122964,4355.247885197664,6130595488,43.125928,-88.368799
Turdus migratorius,-2052.1740577630285,-4133.722584059916,4392.114794077549,6130609763,43.581904,-116.401961
Turdus migratorius,-1249.0576105081627,-4723.500089609627,4088.78406360215,6130617647,39.924655,-104.811962
Turdus migratorius,970.4770647773838,-5081.119531962657,3718.891192052559,6130625793,35.712681,-79.186926
Turdus migratorius,690.9106474726723,-5120.965514772415,3726.6751674110287,6130636609,35.798943,-82.316164
Turdus migratorius,-2696.6927251231054,-4194.5433193076515,3965.2752512779116,6130639967,38.491141,-122.737165
Turdus migratorius,-2013.525540502016,-4851.943889797545,3604.7341812788045,6130648678,34.458053,-112.538136
Ursus americanus,1399.938375473068,-4531.290426271834,4254.0959964876765,6129946255,41.891892,-72.83151
Ursus americanus,-1253.6233086947245,-3190.8613638280212,5369.970715600254,6130337702,57.445081,-111.448835
Ursus americanus,-2635.083634041367,-4542.046619696298,3607.7555177409413,6130790914,34.491013,-120.120308
Ursus americanus,-2512.173361988841,-3975.28561438186,4298.353453716871,6130932179,42.428833,-122.290753
Ursus americanus,-1587.5916018506684,-4255.155109196312,4467.99295345138,6131137166,44.531453,-110.460465
Ursus americanus,-2527.7504876788994,-4245.870918726718,4021.543328527901,6131294844,39.140597,-120.767167
Ursus americanus,936.2644364898321,-5679.021437422677,2731.6437446957616,6131339469,25.388992,-80.638218
Ursus americanus,861.6935389175702,-5658.636876348329,2797.6894174114427,6131619900,26.048268,-81.341554
Ursus americanus,-2397.1108058136438,-4706.106283933623,3563.1694541025367,6159425123,34.005929,-116.992556
Ursus americanus,692.9507393117435,-5133.481868701314,3709.0344169715663,6163156570,35.603582,-82.312312
Ursus americanus,1023.3018349401684,-5191.871639602551,3547.826850647624,6170839101,33.839647,-78.850094
Ursus americanus,687.9655144231535,-5122.25818793127,3725.4432805792367,6170924168,35.785285,-82.350437
Ursus americanus,1601.1158971495652,-4123.926734839228,4584.692934019753,6171144285,46.022955,-68.781282
Ursus americanus,1099.4521778017527,-5129.053557053964,3615.766536611082,6178532612,34.578469,-77.901299
Ursus americanus,-2029.2074577148096,-3577.958300729611,4865.2116728331675,6179004668,49.786911,-119.559357
Ursus americanus,-1463.530436205136,-5146.392151680969,3458.6817738981367,6179081591,32.879786,-105.874686
Ursus americanus,1400.140748479846,-4545.94856294576,4238.361791680261,6184928680,41.702088,-72.881299
Ursus americanus,1403.6628393810656,-4566.417296147908,4215.129516451345,6185041542,41.422853,-72.913189
Ursus americanus,858.939466214505,-5525.497736519984,3053.0068599282754,6185099134,28.633365,-81.164082
Ursus americanus,726.9879037085283,-5091.867900240964,3759.5376050831815,6185391288,36.164164,-81.874549
Ursus americanus,1344.8677053612846,-4543.124308515843,4259.237666781011,6185426990,41.954039,-73.510053
Ursus americanus,-2408.747988863426,-4686.699786952007,3580.856233194491,6185825218,34.198022,-117.201078
Ursus americanus,-2484.128949494583,-4382.180961173423,3900.685390478133,6186091644,37.752772,-119.54762
Ursus americanus,-2414.222257529924,-3429.2842693868747,4795.966369842503,6188078314,48.831745,-125.145614
Ursus americanus,1434.964798549949,-4439.91706267496,4337.944862854725,6188160791,42.913091,-72.089359
Ursus americanus,1414.0734893357635,-4438.116698898348,4346.638869677909,6188174872,43.01994,-72.327072
Ursus americanus,1261.663693065048,-5009.036413707609,3729.277686285926,6188365324,35.827805,-75.862555
Ursus americanus,762.2012897102943,-5066.754616413536,3786.396701442352,6188408748,36.463934,-81.445037
Ursus americanus,-271.182616044557,-5155.863529381833,3732.731491123219,6188410224,35.866124,-93.010808
Ursus americanus,673.2600938069842,-5125.123054476768,3724.18952958025,6188453059,35.771387,-82.516211
Ursus americanus,1265.8384810767382,-5008.41212197709,3728.701394042665,6188466445,35.821413,-75.815963
Ursus americanus,588.1986681990516,-5144.919336827178,3711.2774719694685,6188595231,35.628396,-83.477913
Ursus americanus,1331.3221616878304,-4418.106492101423,4392.911273395757,6195251241,43.591793,-73.230702
Ursus americanus,837.3801429010255,-5003.299770374593,3854.288395245228,6195361285,37.2269,-80.49872
Ursus americanus,-1297.873785609115,-4856.613412196997,3913.896131832619,6195842775,37.903188,-104.961998
Ursus americanus,-149.65523142981198,-5440.252840510738,3312.2508166951943,6195931547,31.325158,-91.575745
Ursus americanus,581.587672352946,-5140.54147263138,3718.378985149486,6196051670,35.707008,-83.54515
Ursus americanus,1400.634785347329,-4502.191736331193,4284.652249257061,6234231883,42.262119,-72.719048
Ursus americanus,-2357.261035522619,-3381.4712123384784,4857.851992415002,6234235371,49.684504,-124.88078
Ursus americanus,549.6330987860443,-5140.529581131193,3723.252907325991,6234326252,35.761006,-83.897036
Ursus americanus,677.3988498965887,-5141.520382819996,3700.763715894699,6234352416,35.512153,-82.49447
Ursus americanus,-179.1813177401723,-5152.308207281046,3743.1761008847434,6234494621,35.982117,-91.991767
Ursus americanus,1067.98289715975,-4358.472949435447,4522.48595465936,6234545812,45.223036,-76.231752
Ursus americanus,581.2614491745435,-5145.159760373218,3712.0370819291606,6234635814,35.636801,-83.554482
Ursus americanus,-2239.29016971256,-3494.333129296536,4833.732372298534,6235115595,49.350389,-122.653161
Ursus americanus,-2256.742370939294,-3490.6353304664185,4828.284580530059,6235136154,49.275238,-122.883208
Ursus americanus,925.5498533693951,-4868.042562212249,4004.4065991224375,6235212221,38.942173,-79.23497
Ursus americanus,-2407.5280667872576,-3412.8079145254273,4811.060577030978,6235263333,49.038386,-125.200638
Ursus americanus,1322.8006257043598,-4386.810301991747,4426.719666824709,6235273401,44.013067,-73.219818
Ursus americanus,-2567.3073044291314,-3838.1587306520946,4389.444599561699,6235546908,43.548763,-123.778182
Ursus americanus,1261.028865976343,-5009.398894094525,3729.0055039777553,6235551598,35.824786,-75.870365
Ursus americanus,1318.3527814217296,-4610.1338208079615,4195.040551369868,6235595304,41.182363,-74.041142
Ursus americanus,553.270086658718,-5147.930595923484,3712.473019489969,6235599668,35.641625,-83.865724
Ursus americanus,-1799.225304213884,-3445.037973437089,5048.193220938593,6235623174,52.407502,-117.576523
Ursus americanus,564.2056466254344,-5140.137157758799,3721.61458474957,6235693719,35.742851,-83.736022
Ursus americanus,842.929291588626,-4954.979872544087,3915.0220691258314,6235704425,37.916022,-80.345406
Ursus americanus,1304.4610916344125,-4614.749255297604,4194.308488990719,6235729707,41.173616,-74.21588
Ursus americanus,-2045.1396008704544,-3989.7481280675856,4526.485062077424,6235772438,45.27412,-117.139617
Ursus americanus,-2487.0528048440433,-4214.5310406411345,4079.4668258324114,6236017426,39.81548,-120.54544
Ursus americanus,682.4803959164705,-4981.316052608174,3912.8588043648156,6236183367,37.891366,-82.198589
Ursus americanus,583.334043072327,-5139.811291415159,3719.1147350561214,6236322839,35.715157,-83.52502
Ursus americanus,-117.54773334850739,-4471.237677094647,4536.955950303168,6236426574,45.408092,-91.505945
Ursus americanus,1383.3357426526304,-4323.251883391827,4470.528884318516,6236525467,44.563454,-72.256589
Ursus americanus,-1703.3107354819278,-3850.41699031301,4781.503390020585,6251496088,48.634542,-113.863183
Ursus americanus,-2487.0360436193732,-4381.250091509485,3899.878521577776,6251836638,37.743595,-119.581603
Ursus americanus,774.761969515915,-4954.406099641409,3929.8037126687705,6252094971,38.084719,-81.112161
Ursus americanus,848.3758478843862,-4997.177993870813,3859.8217119417777,6252334253,37.289422,-80.364708
Ursus americanus,-1462.328154765565,-4688.53809065059,4058.1966524524028,6252339693,39.566893,-107.322401
Ursus americanus,560.1545664565475,-5160.240293243472,3694.3064446986305,6252478064,35.440843,-83.804685
Ursus americanus,583.8064606119291,-5140.305896481767,3718.356953927363,6252740434,35.706764,-83.520439
Ursus americanus,-2485.055175123253,-4376.239614914398,3906.760901197366,6252926302,37.821909,-119.590151
Ursus americanus,1057.0085496260579,-4843.669764746123,4001.4184067376764,6252987495,38.90763,-77.689637
Ursus americanus,-286.6185316933762,-5151.560543814165,3737.5161418225975,6253182900,35.919239,-93.184495
Ursus americanus,1398.5088990297018,-4529.433888011178,4256.5425691690325,6253237381,41.921456,-72.841394
Ursus americanus,672.003061078264,-5138.814896523391,3705.5021892920477,6253271943,35.564522,-82.549705
Ursus americanus,-1986.5358319021684,-3548.6712618255856,4904.116719016729,6253375050,50.331905,-119.239975
Ursus americanus,1091.1129863232115,-4860.602328800231,3971.6206493087993,6273147648,38.564086,-77.347922
Ursus americanus,672.2918431144888,-5135.30126013192,3710.317745833458,6273195613,35.617778,-82.541497
Ursus americanus,-2386.5868412403083,-4706.219205156838,3570.0780344285176,6273297658,34.08091,-116.890177
Ursus americanus,776.0949359486564,-5505.4662990887055,3110.8311766585475,6273313468,29.227542,-81.975997
Ursus americanus,-1291.9840303378369,-4689.4695311702335,4114.535929027168,6273641456,40.227314,-105.403281
Ursus americanus,-2535.514480970208,-3755.4465671559283,4478.564561073622,6273650734,44.664973,-124.025513
Ursus americanus,-2413.9815309008172,-3429.295677388207,4796.079383746034,6273677607,48.833289,-125.142835
Ursus americanus,-65.6597134945855,-4362.981108859317,4642.1802825222085,6273696974,46.772612,-90.862195
Ursus americanus,-1738.859354498295,-5057.549462343284,3462.2701672316634,6273723691,32.918221,-108.973718
Ursus americanus,1460.4171771871822,-4474.201808676911,4294.001976418538,6273770152,42.375837,-71.922881
Ursus americanus,1058.5648590494443,-4846.431962195092,3997.660666524474,6273899570,38.864215,-77.678877
Ursus americanus,1395.8609787247817,-4434.95614489807,4355.742101018124,6273906596,43.132018,-72.529092
Ursus americanus,-1881.8480560704077,-3357.570731416241,5076.920307339723,6273913708,52.833052,-119.269717
Ursus americanus,1403.6669722235106,-4566.437268063152,4215.10650370904,6273954107,41.422577,-72.913212
Ursus americanus,694.4629498193227,-4459.045005760411,4497.153764061089,6273987071,44.900505,-81.147726
Ursus americanus,-2485.562144397836,-3873.434753017084,4405.478086443439,6274158670,43.748037,-122.68807
Ursus americanus,1278.93665208925,-4629.850044037153,4185.518216344225,6320133864,41.068677,-74.557869
Ursus americanus,-386.79092701349697,-4327.932937188408,4659.307072908717,6320920932,46.997972,-95.107003
Ursus americanus,683.6270360234271,-4975.233967090222,3920.389544166109,6353378583,37.977234,-82.176209
Ursus americanus,-2511.78669339308,-4398.596956314152,3864.327309180056,6398574359,37.34037,-119.728212
Ursus americanus,-2049.5658491657086,-3157.289491361393,5140.09299792815,6431701345,53.783889,-122.989763
Ursus americanus,-1277.8451753431941,-5408.2212729714565,3115.767561951398,6441351947,29.278425,-103.293938
Ursus americanus,1019.9316441641599,-4877.023801847744,3970.406957368553,6479921884,38.550128,-78.187975
Ursus americanus,-2376.67232701909,-4128.989402605877,4229.967883191012,6480092932,41.60106,-119.925002
Zenaida macroura,1254.693298603969,-4694.050924000833,4120.8474588369145,5938032668,40.301699,-75.035012
Zenaida macroura,-1921.045922951132,-5033.321938195617,3400.736090623467,5938035929,32.261414,-110.890136
Zenaida macroura,-1925.1490690005587,-5034.68223887189,3396.3994089905927,5938065131,32.215305,-110.925728
Zenaida macroura,383.8874399340419,-5287.041884484669,3534.058810326043,5938117035,33.690705,-85.847092
Zenaida macroura,879.2324445244593,-4509.363194202576,4413.881174311801,5938125030,43.852741,-78.966934
Zenaida macroura,-1803.3478499462742,-4483.554930248297,4151.556918701436,5938125211,40.664805,-111.910674
Zenaida macroura,879.9090379461479,-4509.868900284339,4413.229624307605,5938150735,43.844616,-78.95986
Zenaida macroura,963.8174668376488,-5666.413497370522,2748.1934242540633,5938150802,25.553851,-80.346774
Zenaida macroura,1332.976476790995,-4646.080943846648,4150.525111985753,5938155081,40.652573,-73.991634
Zenaida macroura,-677.3105410098686,-5303.211770978733,3465.1043956664507,5938174518,32.94859,-97.278245
Zenaida macroura,1251.9477774896661,-4273.541363595932,4556.229154218512,5938193722,45.655522,-73.671883
Zenaida macroura,914.600000607603,-4789.257059233085,4100.765390649905,5938195925,40.065303,-79.188453
Zenaida macroura,919.5706677383718,-4752.392288585714,4142.331523683695,5938203738,40.555518,-79.04881
Zenaida macroura,1096.328854738773,-4836.339541586118,3999.7044903886567,5938206676,38.887825,-77.227722
Zenaida macroura,149.8473396534717,-4761.7077022439325,4230.063671254491,5938247014,41.602212,-88.19754
Zenaida macroura,-656.1866224622636,-5314.757518034924,3451.4525595276914,5938256134,32.802405,-97.038405
Zenaida macroura,1121.1298919291908,-4823.824669718811,4007.9341874477536,5938263541,38.982973,-76.91588
Zenaida macroura,1406.5193935159054,-4532.272964859667,4250.877332662429,5938306474,41.853019,-72.759095
Zenaida macroura,707.8313235164015,-4607.358492869032,4342.922479772585,5938309886,42.974243,-81.265902
Zenaida macroura,60.496624240362706,-4723.51547532736,4274.867815789852,5938336091,42.143333,-89.266222
Zenaida macroura,803.1904327701553,-4865.943878933486,4033.265231230604,5938402789,39.276646,-80.627065
Zenaida macroura,-2420.591944787013,-4785.622076177644,3439.2308893865847,5938436699,32.671738,-116.830518
Zenaida macroura,-2316.0926150682335,-3562.434850983482,4747.0544615163335,5938466259,48.167902,-123.029633
Zenaida macroura,919.3577793102604,-4752.517275464322,4142.2353807711515,5938482767,40.55438,-79.051565
Zenaida macroura,685.3227296379497,-4453.812723059129,4503.736017334459,5938490462,44.984136,-81.25232
Zenaida macroura,60.502772906117826,-4723.5127103741315,4274.8707839047165,5938507005,42.143369,-89.266147
Zenaida macroura,-2499.6085834881246,-4644.323069735736,3573.789764794561,5938523489,34.121222,-118.289462
Zenaida macroura,-2.888775154195574,-4983.728456262433,3968.9035587798826,5938599455,38.532842,-90.033211
Zenaida macroura,1332.5319813874644,-4635.520030319181,4162.459092503696,5938619214,40.794187,-73.962112
Zenaida macroura,-2663.2147549995193,-4282.920558366835,3892.7665983396705,5938627982,37.662756,-121.874263
Zenaida macroura,1517.0407766168307,-4447.70828860502,4301.886957049596,5938630037,42.4719,-71.166328
Zenaida macroura,734.8950529837942,-5611.995187145765,2924.926052096044,5938631060,27.329006,-82.539525
Zenaida macroura,1299.943017443893,-4631.876258874963,4176.795853707335,5938638160,40.964714,-74.323145
Zenaida macroura,1403.6993783469666,-4601.578067551986,4176.7044991392795,5938639716,40.963626,-73.03581
Zenaida macroura,850.759005230193,-5547.617798488138,3014.9459375907218,5938673785,28.244101,-81.281289
Zenaida macroura,784.5862455119791,-4551.4931297786,4388.403792110414,6129852175,43.53585,-80.219475
Zenaida macroura,-673.2955524427344,-5163.543085466028,3670.7286787876665,6129870382,35.180999,-97.429116
Zenaida macroura,225.34127505921023,-5498.8133490276505,3209.6769606905054,6129916923,30.251338,-87.653333
Zenaida macroura,1123.4488499083218,-4806.520312935955,4028.024117684892,6129925463,39.215783,-76.84419
Zenaida macroura,1104.5600039845351,-4815.124444509576,4022.9686689261525,6129935395,39.157126,-77.080224
Zenaida macroura,1096.0173648385326,-4341.193522588118,4532.387656091302,6129953287,45.349603,-75.830685
Zenaida macroura,-2453.1307568682114,-4669.315912382528,3573.4285398977763,6129960095,34.117298,-117.716207
Zenaida macroura,-34.08411018526879,-4769.672938740449,4223.60171661076,6129997240,41.524543,-90.409429
Zenaida macroura,966.0323306669563,-4449.893553520397,4455.892955191048,6130001358,44.379004,-77.751651
Zenaida macroura,752.9567894951996,-4608.825233816795,4333.767318046053,6130014961,42.861815,-80.721398
Zenaida macroura,1105.0095126968713,-4824.126732155706,4012.0454108381628,6130016168,39.030553,-77.098454
Zenaida macroura,742.2751204572558,-5174.657762554871,3641.661408705952,6130039612,34.861795,-81.836932
Zenaida macroura,-2439.8776145658153,-4264.295777511301,4056.172071980841,6130040824,39.543278,-119.776647
Zenaida macroura,-1793.751396003572,-4479.690805427968,4159.877323524913,6130063211,40.763525,-111.822081
Zenaida macroura,1012.1322162664663,-5063.661719973691,3731.577614380552,6130084615,35.85332,-78.696597
Zenaida macroura,919.5668400923743,-4752.368949409173,4142.359149684092,6130092864,40.555845,-79.048802
Zenaida macroura,-2673.0982156988075,-4322.081505232669,3842.383442738503,6130111807,37.092559,-121.735744
Zenaida macroura,-2488.207856118583,-4645.156398741655,3580.655921148618,6130128114,34.195844,-118.176014
Zenaida macroura,984.0762933145581,-4437.71166951524,4464.085809755675,6130138396,44.482183,-77.496809
Zenaida macroura,719.2247652773852,-5475.8547499059,3176.07991470966,6130140975,29.90218,-82.517333
Zenaida macroura,712.5918916359769,-5578.21221638199,2994.246882716721,6130141006,28.033,-82.720147
Zenaida macroura,783.1616861817051,-5110.269553737242,3723.1110634952374,6130141926,35.759434,-81.287067
Zenaida macroura,837.2225122344865,-5144.963513198641,3663.080949493187,6130144607,35.096894,-80.757464
Zenaida macroura,298.5635101821712,-4524.999512880812,4474.929314357217,6130146302,44.619025,-86.225045
Zenaida macroura,785.1398786202674,-4550.90758494574,4388.912012556292,6130148716,43.542155,-80.211472
Zenaida macroura,-2070.792084174295,-4122.602785311373,4393.827437251197,6130187250,43.60317,-116.670475
Zenaida macroura,1106.2599524295185,-4838.231061546492,3994.6792414929605,6130206345,38.829788,-77.120738
Zenaida macroura,1127.7453842688333,-4348.204658195565,4517.860082869342,6130215781,45.164003,-75.460198
Zenaida macroura,414.49563641857605,-4488.056065770453,4502.810150069448,6130217529,44.972365,-84.723401
Zenaida macroura,-1963.5580779853237,-3814.221053642871,4710.192199688191,6130243639,47.673228,-117.239375
Zenaida macroura,1537.3589233491498,-4423.9736101780945,4319.1131227283195,6130247638,42.682282,-70.837336
Zenaida macroura,-2689.2516099543163,-4289.547618514756,3867.487574192054,6130254219,37.376126,-122.084886
Zenaida macroura,-2650.4120553380067,-4244.117323256231,3943.670525415727,6130274995,38.24333,-121.984397
Zenaida macroura,1098.2433501393946,-4345.237176403518,4527.971792574774,6130277127,45.293123,-75.815748
Zenaida macroura,-819.0853411456336,-5486.407827477643,3133.397753907064,6130354446,29.46036,-98.491176
Zenaida macroura,746.856539544682,-5624.411894840701,2897.9215441745837,6130356658,27.055972,-82.436037
Zenaida macroura,742.46967014522,-5572.461189322502,2997.6938155999733,6130393113,28.068125,-82.410662
Zenaida macroura,-630.3840644074676,-5301.184571380845,3477.0405808923547,6130404546,33.076602,-96.781415
Zenaida macroura,-816.0028103544395,-5477.469691751464,3149.7965520197044,6130414542,29.629881,-98.473288
Zenaida macroura,170.07268988044052,-4703.883496052616,4293.519356588263,6130414986,42.369962,-87.929327
Zenaida macroura,1345.6834084506215,-4636.636000549861,4156.981584311283,6130419316,40.729151,-73.815771
Zenaida macroura,699.3490419497983,-4721.199464525358,4220.300897254461,6130421695,41.484905,-81.574075
Zenaida macroura,661.185129368949,-4760.963893213665,4181.603778682837,6130423568,41.022,-82.093544
Zenaida macroura,529.0935715153989,-5261.270699105564,3553.7084507584136,6130435094,33.903353,-84.257423
Zenaida macroura,784.6798400507662,-4551.503187195328,4388.376626412792,6130466198,43.535513,-80.218352
Zenaida macroura,532.6138909785058,-4680.970722002108,4288.891310417325,6130469479,42.313652,-83.508644
Zenaida macroura,511.14213549009565,-4670.491126305536,4302.90593507519,6130470737,42.484325,-83.754362
Zenaida macroura,-860.1190171183838,-5400.2983847044125,3269.0557906263475,6130482285,30.871496,-99.04963
Zenaida macroura,1106.2558704414366,-4827.7347381185755,4007.359277274058,6130498128,38.976322,-77.093719
Zenaida macroura,-648.319084954598,-5291.461354436727,3488.5343954537284,6130510811,33.200046,-96.985165
Zenaida macroura,-1975.62135592859,-4942.726187616801,3500.875779276292,6130518366,33.332787,-111.786727
Zenaida macroura,-2409.732031863729,-4763.323366365703,3477.599052754911,6130536319,33.082596,-116.83453
Zenaida macroura,1639.4146760731355,-4211.352292807387,4490.722048336928,6130537730,44.818904,-68.729802
Zenaida macroura,761.1378094497886,-5582.194715797469,2974.815039565691,6130542671,27.835199,-82.235545
Zenaida macroura,-663.0106238612739,-5315.621742697735,3448.8165406242792,6130573430,32.774206,-97.109711
Zenaida macroura,1106.0269698369034,-4827.819473005266,4007.3203774769463,6130578741,38.975872,-77.096519
Zenaida macroura,-2031.866829386146,-4657.75639697851,3842.730235616793,6130586510,37.096469,-113.568416
Zenaida macroura,-2508.954343449618,-4647.491432489907,3563.106035062055,6130586654,34.005241,-118.36245
Zenaida macroura,-2688.8694591016415,-4250.3431434873355,3910.7949734290687,6130611003,37.867851,-122.318431
Zenaida macroura,821.6987853818032,-4555.020672294589,4377.939116838933,6130647320,43.406171,-79.774157
Zenaida macroura,529.1901546427983,-5122.329197995194,3751.193742966694,6130649146,36.071273,-84.101672
Zenaida macroura,1515.6632229521763,-4509.1849626202975,4237.896777547401,6130655752,41.696487,-71.421063
Zenaida macroura,-1915.791802615359,-5034.101873619373,3402.5451098745402,6130659413,32.280655,-110.834962
Zenaida macroura,-2695.8832383524873,-4272.640985113695,3881.55970032334,6130747289,37.535549,-122.250456
Zenaida macroura,-2414.7080314265245,-4777.45813689614,3454.6826196984484,6130777751,32.836971,-116.81376
