species,x_km,y_km,z_km,source_photo_id,latitude,longitude
Abutilon fruticosum,-689.9175542687109,-5381.873097557295,3339.043105408847,11253094,31.6076479107,-97.3050664087
Abutilon fruticosum,-823.9758412847806,-5480.420371006954,3142.5800705325664,142483807,29.555246283,-98.5503220361
Abutilon fruticosum,-741.6495938839358,-5443.863034080711,3225.5331769707136,147818945,30.4165550239,-97.7579808934
Abutilon fruticosum,-925.6360662789376,-5570.965103738672,2949.1183115309314,153204026,27.5741783297,-99.4337193669
Abutilon fruticosum,-817.8302372359202,-5654.671214721091,2818.794119148253,16697718,26.2597166667,-98.229575
Abutilon fruticosum,-762.4534916101017,-5666.081365718129,2811.3946289823452,194428990,26.1855372913,-97.6639415116
Abutilon fruticosum,-834.3425546176951,-5480.884461671855,3139.0334737042026,194463303,29.5185866667,-98.655555
Abutilon fruticosum,3624.9747087000296,5052.644962395647,1385.6732569189817,347496534,12.5620433333,54.3427916667
Abutilon fruticosum,-878.7632284762059,-5505.642921237272,3083.0868203450614,361770940,28.942028186,-99.0685647434
Abutilon fruticosum,-708.9402307021865,-5408.5013183504725,3291.6971866152207,405286337,31.1090202653,-97.4676910043
Abutilon fruticosum,-786.2368926404866,-5517.958010896964,3086.053153836869,494514501,28.9725166667,-98.1093138333
Abutilon fruticosum,-823.5807489318752,-5486.056392059223,3132.8346816920284,496733516,29.4545443342,-98.5376323083
Abutilon fruticosum,-751.965600097011,-5453.8026918646765,3206.296471656636,502790575,30.2161502838,-97.8503952026
Abutilon fruticosum,-754.1532036511612,-5274.751619457486,3492.5637328659786,534496134,33.2433624268,-98.1366729736
Abutilon fruticosum,-820.4533842456104,-5483.543918180062,3138.049628566734,541102147,29.5084194444,-98.5095277778
Abutilon fruticosum,-842.2590956206377,-5482.8828488301015,3133.42439058715,563217739,29.460635124,-98.7332856283
Abutilon fruticosum,-814.9963217821712,-5497.391190965603,3115.1603840978655,645292006,29.272165,-98.4327616667
Abutilon fruticosum,-830.4187224462519,-5478.070569362454,3144.980240347002,667402770,29.5800633333,-98.61982
Abutilon fruticosum,-684.7312541392075,-5327.978830388415,3425.425203126654,94041554,32.5243650654,-97.3232901482
Abutilon fruticosum,-854.4943876037229,-5438.0372813391905,3207.3888130372084,96695276,30.2275191546,-98.9300314875
Adenium multiflorum,4964.456827124838,3045.5176348992086,-2582.391116157455,102331739,-23.9121045897,31.5276346469
Adenium multiflorum,4924.731407241524,3016.242987825711,-2690.5486307811975,1070785,-24.980592,31.486158
Adenium multiflorum,4946.0173289075365,3029.5896731284743,-2635.953740925114,112177124,-24.4401173864,31.4887671305
Adenium multiflorum,5026.0349465409945,3558.5096397279044,-1632.7078703153497,112468059,-14.8489395261,35.299077679
Adenium multiflorum,4998.716367622456,2971.4300556961443,-2602.535538632739,115032525,-24.110429532,30.7288847777
Adenium multiflorum,4945.332671396781,3066.469979805999,-2594.2628551944404,134604563,-24.0289466701,31.80195667
Adenium multiflorum,4790.8795440350295,2991.3489885284607,-2947.7207386477266,15526049,-27.56,31.98
Adenium multiflorum,4785.532088941423,2994.2850835253807,-2953.4204905442725,158126593,-27.6178353,32.0340229
Adenium multiflorum,4910.0361444487835,3012.5880610834333,-2721.325295531851,167239901,-25.2863190922,31.5314970553
Adenium multiflorum,5023.1917980332455,3562.7585251326127,-1632.1914659266697,173582992,-14.844135,35.3466253
Adenium multiflorum,5024.0613806084875,3151.89268226707,-2326.8289350588416,223227371,-21.4212104256,32.1024953574
Adenium multiflorum,4958.923795989742,3008.152617692582,-2636.25600879607,22785615,-24.4431033333,31.2415866667
Adenium multiflorum,4944.529416932366,3040.2190299914537,-2626.4900960113555,250118599,-24.3466666667,31.5859111111
Adenium multiflorum,5017.602236107397,3859.0105347606022,-722.1209195793782,256929890,-6.5081666667,37.5636883333
Adenium multiflorum,4919.634670613212,3070.5489852382616,-2637.9303945764286,272711366,-24.459645,31.970005
Adenium multiflorum,5043.415968513078,3037.3419636333665,-2434.802311107934,284602142,-22.4681028028,31.057992205
Adenium multiflorum,4999.834253818369,3056.039274286496,-2500.4068704993633,293577277,-23.1080531459,31.4344464177
Adenium multiflorum,4916.496070905306,3029.438806147922,-2690.7842786546785,299331952,-24.9829299639,31.6404796108
Adenium multiflorum,4971.674331371221,3046.6327318311614,-2567.145587962815,345989846,-23.7622122597,31.4998892666
Adenium multiflorum,4982.280333223835,3013.3285065142863,-2585.8242636878485,567776248,-23.9458828678,31.165930708
Adenostyles alliariae,4344.449278865193,641.802081741567,4615.582702207527,141454336,46.4244883333,8.40348
Adenostyles alliariae,4157.700905843401,1058.0522196204145,4709.968344668859,143708345,47.6702383333,14.27758
Adenostyles alliariae,4224.154676499198,1042.9306356844702,4653.876458162397,147854329,46.92641156,13.86878489
Adenostyles alliariae,4325.120165925581,886.6448895498287,4593.141574109868,151843828,46.1324869716,11.5850659087
Adenostyles alliariae,4259.99376806195,889.2642170454969,4653.108141665445,211143507,46.916295,11.791045
Adenostyles alliariae,4685.181456060418,158.40545000393274,4314.36386584095,215485996,42.6242087038,1.9364261389
Adenostyles alliariae,4254.484250668043,1051.654636886231,4624.190676779093,300470355,46.536909776,13.8844693486
Adenostyles alliariae,4631.324824684451,-389.467331892834,4357.625350500804,340494291,43.15523,-4.80693
Adenostyles alliariae,4686.083325658316,129.27310331345498,4314.355648231174,406807595,42.6241082669,1.5801949427
Adenostyles alliariae,4130.7596134631,1153.2783267665134,4711.319055898279,409826306,47.6882801842,15.599350445
Adenostyles alliariae,4474.680490115505,517.7785063742897,4505.429286915278,412049821,45.0056696129,6.6005093163
Adenostyles alliariae,4356.182659936154,531.9688407656739,4618.488379914302,44600757,46.462410961,6.9623798907
Adenostyles alliariae,4647.237708061182,-439.5478742074359,4335.865828266761,524517364,42.887567196,-5.4031108131
Adenostyles alliariae,4697.608385175967,172.58161672891245,4300.284196976883,535403383,42.4523615905,2.1039968356
Adenostyles alliariae,4190.978518392072,1026.0037717970176,4687.51196780466,537958582,47.3711891174,13.7561635971
Adenostyles alliariae,3915.402759542224,1429.1583513341664,4818.389852124709,60852797,49.1390345034,20.0525514592
Adenostyles alliariae,4701.435397670363,177.12308270955944,4295.915006698923,688002045,42.39913,2.1575555
Adenostyles alliariae,4350.486226244815,763.5532765291755,4591.297106356017,85422697,46.1085558963,9.9545884319
Adenostyles alliariae,4131.115036209154,1154.0429835696266,4710.820149332575,86442154,47.6816154144,15.6079117209
Adenostyles alliariae,4237.211076561495,954.437802455436,4660.991729620001,89039133,47.0201905823,12.6940938092
Aechmea distichantha,3997.86897095997,-4247.881517081329,-2561.698545409225,22143956,-23.708699443,-46.7366856472
Aechmea distichantha,4185.43368590731,-4146.8149468326865,-2424.0098570911,245109171,-22.3631111111,-44.7344444444
Aechmea distichantha,3702.368783525613,-4415.705922990017,-2717.307439750495,255832794,-25.2463632595,-50.0216956963
Aechmea distichantha,2378.914669301392,-5169.365372015718,-2864.992107574622,328683413,-26.7239289201,-65.2883620933
Aechmea distichantha,2843.8524610843874,-4782.807032011556,-3102.7428517043627,329708842,-29.1442242,-59.2643242
Aechmea distichantha,3329.335444342181,-4682.7300127942835,-2752.6929098611668,340531836,-25.5987116248,-54.5878687144
Aechmea distichantha,3775.0351645477604,-4345.018224805154,-2731.2413408954485,375745843,-25.3849862789,-49.0152622877
Aechmea distichantha,2920.870888807443,-4848.931487145644,-2923.3764406183113,395597612,-27.3133202476,-58.9363278821
Aechmea distichantha,3606.8359793719083,-4645.03958872203,-2450.3254001847986,414564379,-22.6192550621,-52.1709475882
Aechmea distichantha,3669.4428218643675,-4313.493057052145,-2918.6846615399277,433659964,-27.2658418,-49.6125396
Aechmea distichantha,2957.1370088123663,-4886.143506367058,-2823.242015126708,438409699,-26.3043293167,-58.8173051588
Aechmea distichantha,2316.1829897807575,-5163.056659824714,-2927.0967553135943,455352937,-27.3509824101,-65.838665255
Aechmea distichantha,4125.092917276394,-4135.042371353474,-2544.5601074891138,476321697,-23.5404708298,-45.0690135732
Aechmea distichantha,4121.294579793148,-4191.040837111481,-2457.612829130934,517980866,-22.69027188,-45.4807400331
Aechmea distichantha,3553.7990951362876,-4603.352067444296,-2601.809920851689,571087953,-24.1032803937,-52.3317713022
Aechmea distichantha,2909.8419469320083,-4851.17130339492,-2930.6500914762933,579574628,-27.3869661454,-59.043719843
Aechmea distichantha,3338.7639324758693,-4670.561943004432,-2761.9304244376576,59471854,-25.690864,-54.4408161
Aechmea distichantha,732.6067248144042,-5518.234367549264,3098.730382145616,627322761,29.1029168397,-82.4375743343
Aechmea distichantha,4022.4051905323386,-4243.842841362557,-2529.7840917105395,715639187,-23.3956040386,-46.5344820544
Aechmea distichantha,3200.8932212664135,-4670.976090025828,-2919.9346023730027,728129522,-27.2784885904,-55.5782165285
Aegiceras corniculatum,-5035.747895247806,2565.6415818826013,-2940.82973640088,100365252,-27.4901177543,153.0018077369
Aegiceras corniculatum,-4643.998946365948,2556.6085684268464,-3533.6637564538914,115369134,-33.6864351403,151.1663912237
Aegiceras corniculatum,-2389.618287986909,5378.9893499339405,2438.4321070501833,119100317,22.5034322327,113.9532053102
Aegiceras corniculatum,-5040.708096930148,3290.5785189848652,-2086.410319571789,164696513,-19.1162009095,146.863463601
Aegiceras corniculatum,-4805.791384601345,2490.3650601430845,-3360.3875021472522,233079931,-31.8333114281,152.6067719619
Aegiceras corniculatum,-2390.1990314546374,5381.678433522673,2431.920837089007,258037780,22.4400633333,113.9477466667
Aegiceras corniculatum,-2391.5948667961193,5388.481260445486,2415.428911936701,261534056,22.27969,113.9333083333
Aegiceras corniculatum,-2419.8481222636424,5368.726125019221,2431.2276712374455,262136780,22.4333190193,114.2625377616
Aegiceras corniculatum,-2387.4803462965833,5390.819529197887,2414.2815762341484,275374626,22.268539757,113.8875432018
Aegiceras corniculatum,-4204.958723734616,4785.1598386616915,-101.59025457594338,332094188,-0.9136605685,131.3073861312
Aegiceras corniculatum,-4783.105298899325,2488.772938761471,-3393.7687146603294,338959606,-32.187346,152.510878
Aegiceras corniculatum,1701.3471245022577,5897.525886893211,1707.1495262717292,392810667,15.5426683333,73.9079483333
Aegiceras corniculatum,-5130.0917936584565,2610.0553189399584,-2731.2126519897406,451883604,-25.3847007008,153.0342091176
Aegiceras corniculatum,-5011.3213778387235,2492.886335729144,-3043.3417315229262,461561528,-28.53438,153.55191
Aegiceras corniculatum,1588.8516619639313,6023.56958825953,1334.8831189833818,462880832,12.0944945,75.2235116667
Aegiceras corniculatum,1737.022884652866,5832.582787250516,1885.0683429888368,479307639,17.210447766,73.4157491103
Aegiceras corniculatum,-5031.867442678047,2524.6623233147675,-2982.6403273323135,570837733,-27.9148107941,153.3554928405
Aegiceras corniculatum,-4646.613394925524,2563.028204687217,-3525.567118883706,58850617,-33.5989709137,151.1192848431
Aegiceras corniculatum,-4961.395775892038,2490.1105701916113,-3126.284445289343,614415704,-29.3869149785,153.3480543082
Aegiceras corniculatum,-4644.782833665941,2558.1276350188737,-3531.5334573967107,709592535,-33.6634138889,151.1560972222
Aethusa cynapium,3813.8759504154386,-404.32908480890865,5087.300006457037,197303606,52.9878398804,-6.0516231548
Aethusa cynapium,3905.694676297679,1668.072168345394,4748.9827822817915,305815915,48.1939102171,23.1267073219
Aethusa cynapium,3863.2023480437506,-168.3222617254824,5063.308045532516,309272056,52.6308902762,-2.4948367806
Aethusa cynapium,3766.5013143730016,-24.34476602499361,5138.348792255259,309606256,53.7573484212,-0.3703258824
Aethusa cynapium,2902.3235368117307,1186.2204388332536,5546.093425812473,310054031,60.5191751789,22.2305248681
Aethusa cynapium,3967.279284352979,-20.203183598745913,4984.981448410177,310617293,51.4852379077,-0.2917735465
Aethusa cynapium,1368.3599326797232,-4601.2673552945225,4188.756730751396,312559587,41.1073191367,-73.4381740653
Aethusa cynapium,3754.9085217907,683.6827856381013,5101.273661673439,314368226,53.1971033333,10.319205
Aethusa cynapium,4086.3726264656466,1204.4133747828052,4737.161630131906,316102773,48.0346792331,16.4223011672
Aethusa cynapium,3885.8641648614603,-195.15386713210978,5044.9705440236585,411252144,52.36001899,-2.87506357
Aethusa cynapium,3772.031785302082,-603.704484831988,5098.73221843842,423516581,53.1589679199,-9.09293389
Aethusa cynapium,3725.515348803273,653.7556156959312,5126.684319368094,426896198,53.580285853,9.952960643
Aethusa cynapium,3140.8473746209024,594.7355114293459,5510.999961028788,43699683,59.8840916,10.722301
Aethusa cynapium,4093.4979559074895,1126.1257000785045,4750.2493115921125,539213387,48.21099971,15.38163527
Aethusa cynapium,3913.07555442642,15.472752474212985,5027.658841743209,556555851,52.1058153335,0.2265529458
Aethusa cynapium,4040.1746696544674,306.8649916698644,4916.561363925737,57448484,50.5075555622,4.3434695389
Aethusa cynapium,3964.0565802344636,-179.16872557378747,4984.366271267948,605095721,51.4763544484,-2.5879120652
Aethusa cynapium,3075.106459221232,1002.5085181364152,5488.938883354161,687246464,59.4909983966,18.0563694891
Aethusa cynapium,3904.0263854740906,-151.66143282457705,5032.42783564684,708950597,52.1756978118,-2.2246757335
Aethusa cynapium,4700.046730750947,196.4030803326064,4296.5962910739745,719284807,42.4074273864,2.3928537471
Alliaria petiolata,3550.34015973421,-284.06052936830025,5282.43764710109,153168062,56.0101650858,-4.5744555071
Alliaria petiolata,1073.3828087102784,-4777.930822742909,4075.411577831856,164963188,39.7680166667,-77.3384694444
Alliaria petiolata,-1991.3050231437383,-3557.4254488589177,4895.833086441048,171193578,50.2153444444,-119.2383638889
Alliaria petiolata,3928.92643429162,82.97387320522478,5014.619181948645,186224068,51.915295,1.2098333333
Alliaria petiolata,675.2939278261998,-5151.48991995002,3687.259530514748,187342389,35.3630933678,-82.5318447222
Alliaria petiolata,-1508.8806296080447,-3474.8685676710206,5122.335484198884,397533837,53.5144616667,-113.4717716667
Alliaria petiolata,3343.4946186744996,999.1393912983785,5330.339327034256,404588524,56.7886120223,16.6377690062
Alliaria petiolata,617.5944567233272,-4699.270182253202,4257.368902372451,409977185,41.9314443752,-82.5128983763
Alliaria petiolata,148.12898258962062,-4650.699673470478,4351.873559902217,429739435,43.0843638889,-88.1756944444
Alliaria petiolata,4249.5162695588315,1369.1358117084483,4544.97873851239,482372265,45.5109566212,17.8582280874
Alliaria petiolata,4613.768206905731,108.7865389498086,4392.1590990726445,482765589,43.5824540433,1.3507082642
Alliaria petiolata,4135.865956123617,1518.4672135965136,4602.023820438955,484411528,46.247875804,20.1605156608
Alliaria petiolata,4399.4259366419465,-35.813988883734126,4607.984582860472,484587745,46.3254480499,-0.4664120078
Alliaria petiolata,4110.500257195434,429.3782221501588,4848.626105157715,485220267,49.5564333333,5.963425
Alliaria petiolata,344.0853950109342,-5210.974574438595,3649.26052169095,485709637,34.945125,-86.2221916667
Alliaria petiolata,3721.461049945894,1080.5480403122028,5056.965168556187,67680971,52.5370078795,16.1909650223
Alliaria petiolata,-390.3357505215733,-4942.323141126349,4001.3539083951537,67823377,38.9068845954,-94.5157436281
Alliaria petiolata,-578.6668747103168,-4825.251279693915,4119.690263308961,68083664,40.28805466,-96.83852098
Alliaria petiolata,3984.1272017724514,1186.4984822496197,4827.90895951794,68114530,49.2700606174,16.5838670109
Alliaria petiolata,4293.7713026889905,845.7637766997169,4630.1149838750825,68368838,46.6144175,11.1431589
Allium vineale,-5177.880688295974,526.3382188597399,-3674.543888269209,107555460,-35.2229888588,174.1957474197
Allium vineale,4189.496726916954,1189.9914092405213,4649.92373601582,123201701,46.8743857073,15.8567527224
Allium vineale,3895.060316658639,-555.6662857133526,5010.937361231935,209015229,51.8616467899,-8.11898898
Allium vineale,1233.4023597576881,-4856.071002410079,3935.3584548518033,210975845,38.1482136856,-75.7486983583
Allium vineale,4054.4587311350906,575.644458968309,4880.5482257692065,212083842,50.0010120799,8.0807397031
Allium vineale,4515.842761065118,1021.167538553037,4376.54362999145,252628389,43.3888990149,12.7419932306
Allium vineale,1117.2620122393128,-4679.554323724744,4176.511709189075,296911777,40.96133,-76.5717916667
Allium vineale,3370.64891969944,627.3446161456015,5369.815427219036,306057562,57.4424858126,10.543244169
Allium vineale,4631.594235326366,-397.0319480237923,4356.656240882156,337930660,43.1432841343,-4.8995610302
Allium vineale,3894.8429266111516,968.9159689713325,4947.843323285091,340363892,50.9520030399,13.969839125
Allium vineale,329.7435881674122,-4862.55293965762,4103.242766979179,397970107,40.0944209712,-86.1205491051
Allium vineale,783.1394541237772,-5106.340778982556,3728.502323181787,399928196,35.8192051063,-81.2807100546
Allium vineale,555.6426575198075,-5303.310482873417,3486.532989814765,514904869,33.1785383333,-84.0187833333
Allium vineale,3713.2977991586913,1265.7419539954064,5019.867517209647,524396009,51.9918800751,18.8225670532
Allium vineale,1297.674462587189,-4499.756729199085,4319.4888004084505,527056227,42.686878054,-73.913089737
Allium vineale,4442.25092883301,1324.5948316122704,4370.538679273501,544389195,43.3146316183,16.6035809
Allium vineale,3907.972694452763,382.2322509889776,5017.1108274975295,684666138,51.9516374325,5.5862357441
Allium vineale,1295.1754678429868,-4575.648739579641,4239.777382028257,689895657,41.7191415,-74.195393
Allium vineale,961.1182912434311,-4854.336380203868,4012.6578558037986,80105345,39.0376436872,-78.8007518306
Allium vineale,4108.771468711389,586.410752924479,4833.618993718396,8810173,49.3488238,8.1224958
Amorpha fruticosa,297.4305882881076,-5326.900203969356,3482.1577206926254,125873658,33.1315388333,-86.804175
Amorpha fruticosa,3674.1697265926027,572.4359953779201,5173.253036635997,157102444,54.2917054873,8.855494151
Amorpha fruticosa,-1053.3833858211594,-5422.504310003457,3174.3634921267776,168079750,29.884375,-100.993436
Amorpha fruticosa,-3275.0874917214255,4055.672348102313,3662.659806218094,199009209,35.0922650484,128.9220040664
Amorpha fruticosa,-403.0182236852081,-5218.115179605978,3632.988220930633,206771196,34.76679,-94.41644
Amorpha fruticosa,-12.812024575577277,-5219.510484369247,3653.2587213696247,38901243,34.9890022799,-90.1406402886
Amorpha fruticosa,1319.3573248908112,-4423.3823577036555,4391.2114383721555,4015383,43.57069,-73.391795
Amorpha fruticosa,4576.791071915421,1173.6572178550218,4273.788173118731,502764146,42.130239468,14.3828164414
Amorpha fruticosa,-598.9982073505388,-5035.473943769331,3856.8065078362984,505911301,37.2553462,-96.78378019
Amorpha fruticosa,-103.71334171187038,-4594.840864959212,4412.078206257146,515381647,43.830260219,-91.2930432353
Amorpha fruticosa,174.02067456792085,-4856.192420771474,4120.299152603128,520791931,40.29523365,-87.94769549
Amorpha fruticosa,1590.4581956265101,-4486.816550937649,4234.226386941761,522629553,41.652295,-70.481925
Amorpha fruticosa,-2652.5704360450613,4303.790644499404,3876.9845627519007,547887677,37.48368,121.64692
Amorpha fruticosa,3580.2545392758616,1570.5175765343256,5030.408045623016,608161511,52.1460874202,23.685181263
Amorpha fruticosa,848.1782592621418,-5225.203549433682,3545.0803428382437,649267740,33.8099147232,-80.7799138874
Amorpha fruticosa,186.07471566077197,-5425.456643627102,3334.5988571328558,654872670,31.56073,-88.0357195
Amorpha fruticosa,4600.020086572601,348.8128311763078,4394.075322705882,669486421,43.6062486323,4.3363570087
Amorpha fruticosa,3299.993805144385,2428.4637806876126,4878.765999878918,673215178,49.976083,36.349333
Amorpha fruticosa,1272.253011023956,-4999.617307201109,3738.3087335255022,7731654,35.9280411015,-75.7229602431
Amorpha fruticosa,-189.30072174080087,-5375.406638263873,3414.5163405282656,856697,32.40808593,-92.01689896
Amsonia tomentosa,-2331.6729271716226,-4736.243640884372,3566.658192840281,120568678,34.0437850952,-116.2112197876
Amsonia tomentosa,-2330.757836309372,-4736.828503460787,3566.4796041701006,15032290,34.04184683,-116.19950584
Amsonia tomentosa,-2324.900120962837,-4742.489904104681,3562.777296813484,16256124,34.00167478,-116.11537536
Amsonia tomentosa,-2418.9301886358307,-4567.763904129253,3724.7903012542242,182759048,35.7780463324,-117.9041507813
Amsonia tomentosa,-2317.0098177120726,-4744.3763019358785,3565.404905467617,188079027,34.0301838052,-116.0294833035
Amsonia tomentosa,-2221.0458440673347,-4700.998080934938,3682.0273669915446,250282791,35.3054145533,-115.2889832771
Amsonia tomentosa,-2326.025378026818,-4739.973764101177,3565.3902712164836,27109011,34.030025,-116.1383583333
Amsonia tomentosa,-1669.8000541253818,-4693.808013609411,3971.1065511134784,271417850,38.55817331,-109.5827757475
Amsonia tomentosa,-1670.5827633445251,-4691.089640377457,3973.9884683321498,277191878,38.5913247848,-109.6017438267
Amsonia tomentosa,-1758.0694262464885,-4704.329832268445,3920.232882292062,382787538,37.9754466667,-110.4913716667
Amsonia tomentosa,-2332.6929601643874,-4734.698620930048,3568.042271644221,456163334,34.0588083333,-116.2285616667
Amsonia tomentosa,-1664.9027094755515,-4694.248412738669,3972.641934174145,488015757,38.5758333333,-109.528
Amsonia tomentosa,-2419.584064450178,-4567.522648581511,3724.6614529955777,624115574,35.77661805,-117.91180775
Amsonia tomentosa,-2231.979401772411,-4674.902832714485,3708.5448068506853,627925178,35.5981666667,-115.5216138889
Amsonia tomentosa,-1725.6119353516497,-4772.391172762908,3851.791670428717,630992195,37.198706,-109.879091
Amsonia tomentosa,-2326.473235458693,-4740.04839457887,3564.9988262862116,632378031,34.0257773022,-116.1423643115
Amsonia tomentosa,-2214.193539919438,-4648.706954344793,3751.8826940727786,635350335,36.0789388333,-115.468605
Amsonia tomentosa,-2365.1074289350922,-4525.706871411744,3809.7240442491357,644617072,36.72523,-117.5913
Amsonia tomentosa,-2213.974740433792,-4645.537460055232,3755.9353942289986,651757007,36.12404763,-115.48158025
Amsonia tomentosa,-2223.6563119765015,-4676.308491003191,3711.7710911175477,89780818,35.6338577406,-115.4318034215
Andropogon gerardi,606.9636800441607,-4743.329435383533,4209.77126316963,147845802,41.3586211805,-82.7079724799
Andropogon gerardi,216.63030459325358,-4757.6574846229305,4231.727744056873,152899352,41.6222283394,-87.3929533333
Andropogon gerardi,686.9763608301803,-4333.162352477218,4619.6883700539875,324628390,46.47808,-80.9913466667
Andropogon gerardi,-651.6413651155508,-5325.196020319802,3436.190333220486,32550558,32.6392598403,-96.9765685706
Andropogon gerardi,342.27307354258176,-4913.127891564487,4041.5067232328397,402221089,39.3724583333,-86.0149277778
Andropogon gerardi,34.481125602814906,-4540.80955519119,4468.737267409999,425310925,44.5408437,-89.5649267
Andropogon gerardi,-541.0123176689979,-4548.384770319661,4428.233822070829,427126192,44.0320042,-96.7832353
Andropogon gerardi,1551.4542934534336,-4347.746013559512,4390.882292498822,430643335,43.566604596,-70.3615130661
Andropogon gerardi,-593.4687803838553,-5453.45590854319,3239.9639797322598,432165701,30.5671631179,-96.2107353938
Andropogon gerardi,-700.3000885611324,-5272.372549310993,3507.338109864888,467755285,33.402375,-97.565995
Andropogon gerardi,1247.218430351989,-4719.009217017701,4094.5269966590445,48367129,39.9920347659,-75.1954330132
Andropogon gerardi,-446.58979023265255,-4131.0799939288145,4829.543329622222,532676833,49.2925919665,-96.1699906737
Andropogon gerardi,-321.59437938733475,-5149.538394701386,3737.456957119396,550033154,35.9185817655,-93.5735439718
Andropogon gerardi,735.3587253414026,-5488.684437879569,3150.1339362192757,562460871,29.6333716667,-82.3691116667
Andropogon gerardi,1019.8491095657206,-4467.380532765128,4426.304564630252,565998837,44.0078764661,-77.1404354963
Andropogon gerardi,-666.3045788419812,-5133.885334086669,3713.3559907907356,571626249,35.6513966806,-97.3948338255
Andropogon gerardi,-247.19839042833559,-4466.53501425849,4536.376423077123,598746845,45.4006688172,-93.1677777064
Andropogon gerardi,209.53256920277408,-4513.312179456497,4491.75493575622,703416308,44.8320007455,-87.3419259684
Andropogon gerardi,657.238792913811,-5098.585218719244,3763.2723879921673,84675911,36.2057784609,-82.6547300743
Andropogon gerardi,-392.5501391066785,-5129.005353677206,3758.8511010567204,86096192,36.1565170987,-94.3766193649
Anemone palmata,4901.31309288358,-798.7740625798151,3991.0954751991558,115086759,38.7884276886,-9.2562009906
Anemone palmata,5032.210976219889,-701.782656570027,3843.7100467422124,181568734,37.1075172076,-7.9391572401
Anemone palmata,4848.146570311499,-427.660756897375,4111.24485277443,249343666,40.1885591706,-5.0410804207
Anemone palmata,4894.372414799911,-798.379151624447,3999.682803070083,254053073,38.8875744296,-9.2645963531
Anemone palmata,5083.358724361055,451.8990332708978,3813.791351512116,260888206,36.7708799497,5.0801102445
Anemone palmata,4858.524261605811,-726.3873738919226,4056.705130042797,261708662,39.5494948869,-8.5031843542
Anemone palmata,5041.278646692354,-550.542467406341,3856.444700454459,265961083,37.2512583333,-6.2323972222
Anemone palmata,4915.414776437156,-796.3191223620095,3974.2076645063853,456835689,38.5938468841,-9.2022222383
Anemone palmata,4943.785244297448,-28.228008780120145,4018.450418689343,485256608,39.1047433226,-0.3271436989
Anemone palmata,4823.708295771386,-329.4549845383808,4148.861388398818,510774701,40.6328543888,-3.9071829309
Anemone palmata,5020.3278398775365,-747.6652941946044,3850.5919178335266,615254594,37.1851616667,-8.4706633333
Anemone palmata,5109.727982851818,-469.7288509558855,3776.2134311394793,616635200,36.35014441,-5.252344
Anemone palmata,4919.639666214819,-791.2137635169428,3969.997413689905,618693617,38.545418676,-9.1365044564
Anemone palmata,4900.727205570907,-817.2957125560625,3988.0639042638327,619521946,38.753459,-9.468099
Anemone palmata,4876.581906892097,-777.8296505264825,4025.3798665233967,622521821,39.1850963655,-9.0625119246
Anemone palmata,4855.5161814652165,-756.8547346621956,4054.7363233416654,624899890,39.5265360888,-8.8596973384
Anemone palmata,4829.321233322293,774.3789960605402,4082.6151821498133,625683980,39.8523515259,9.109798009
Anemone palmata,4926.715006443974,-784.7002524499496,3962.5090395811308,626694799,38.45936448,-9.04974391
Anemone palmata,4950.599586211629,-27.013696805615673,4010.0607385504263,631367194,39.00758,-0.31264
Anemone palmata,5088.934615746111,-516.7060033636661,3798.0932732657275,642341201,36.5948399255,-5.7976695241
Anemopsis californica,-2534.1653715435386,-4631.879376078857,3565.592860213064,124871191,34.0322234434,-118.6836800729
Anemopsis californica,-2574.4299144046304,-4594.989929639574,3584.4290050169634,129085005,34.2368783333,-119.2605533333
Anemopsis californica,-2648.6073635205057,-4474.143440254715,3681.938706660949,150003562,35.3044375257,-120.6247214417
Anemopsis californica,-2410.1918185863788,-4511.6384394703155,3798.1373222660823,288045694,36.5953333333,-118.1118695
Anemopsis californica,-1658.1952476517824,-5107.141214576735,3428.8846969115402,292148722,32.5612717246,-107.9876646501
Anemopsis californica,-2656.160792869616,-4290.646833885168,3889.076075235719,311390050,37.6208416667,-121.759925
Anemopsis californica,-2273.920392141762,-4594.7856900325505,3782.4573550208593,31923059,36.4198953046,-116.3304167405
Anemopsis californica,-2366.386271640039,-4926.960593489414,3273.3818068281366,328332123,30.9168333333,-115.6546633333
Anemopsis californica,-2090.9664399606377,-5333.750648430999,2787.241736376246,337226368,25.9437335539,-111.4064474865
Anemopsis californica,-2687.5978411657215,-4285.937260575737,3872.636411057373,383628342,37.4344177246,-122.0907363892
Anemopsis californica,-1437.7879450065786,-4978.877918631959,3705.845871893526,400815242,35.5683216667,-106.1075278333
Anemopsis californica,-2642.5278089044627,-4536.883664098561,3608.8068010465217,42663124,34.5024845881,-120.2188486978
Anemopsis californica,-2404.436058819408,-4752.909034132727,3495.467934624194,43627390,33.2745966667,-116.8342666667
Anemopsis californica,-1906.8477857471398,-5037.417459524843,3402.6621915998276,492553870,32.2819004394,-110.7334975619
Anemopsis californica,-2020.0669898056133,-5487.493526324333,2529.1297485347914,609559424,23.389192408,-110.2097703516
Anemopsis californica,-1716.585201439379,-5185.519067122164,3279.249972232863,639929366,30.978367,-108.31632
Anemopsis californica,-1490.2757837611457,-5403.680584675188,3028.0467890732725,649056761,28.3779271,-105.41827194
Anemopsis californica,-2232.7218918947024,-4633.773432063948,3759.368279835041,657571784,36.1622778333,-115.7264716667
Anemopsis californica,-2135.308482373608,-4639.437837217298,3808.651647155098,660848328,36.7131983333,-114.714325
Anemopsis californica,-2354.005711942824,-4859.507749510139,3381.3598847607,81642439,32.0555805556,-115.8461222222
Antennaria racemosa,-1715.7662641939867,-3630.5684670609567,4946.197717673031,105792305,50.928517,-115.294897
Antennaria racemosa,-1931.9821202442688,-3764.266156108794,4763.1395657389485,137177425,48.38525585,-117.16883103
Antennaria racemosa,-1706.1995380298802,-3766.519879217326,4846.8509638284495,214450966,49.5318299451,-114.3700976529
Antennaria racemosa,-2337.409979864708,-3582.995970407412,4721.060007217716,216984183,47.8185783333,-123.1188971667
Antennaria racemosa,-2223.414962677958,-2930.6454360695066,5201.682070394362,281119970,54.7321083333,-127.186775
Antennaria racemosa,-2137.4224737015593,-3585.4992096320407,4813.042043897077,296513281,49.0655761749,-120.8004241391
Antennaria racemosa,-2027.6513944975516,-3650.432086567349,4811.728227303483,318939413,49.047546,-119.050209
Antennaria racemosa,-2020.3886385177889,-3648.579287285908,4816.186464767941,325591727,49.1087552578,-118.9753456246
Antennaria racemosa,-2220.8989063852264,-3710.0892049132094,4678.952796180018,391128185,47.2576533333,-120.9051883333
Antennaria racemosa,-2056.438538144888,-3598.801977406229,4838.330083399329,391775406,49.4139027778,-119.7446444444
Antennaria racemosa,-2355.1927832661922,-3555.2353648192593,4733.193592498277,400816361,47.98134,-123.5227859667
Antennaria racemosa,-1777.9581796121372,-3477.3906174949193,5033.524841955787,410065957,52.1917883333,-117.0802471667
Antennaria racemosa,-1693.4248825248214,-3816.2955446713736,4812.271149119161,463028878,49.054996,-113.928549
Antennaria racemosa,-2129.1919381995854,-3651.1218954233823,4767.137896552113,506325259,48.4394283333,-120.24907
Antennaria racemosa,-1823.6028910255695,-3813.451568752792,4766.740265453688,517320782,48.4340383333,-115.5572533333
Antennaria racemosa,-2232.2738254009655,-3694.7430467785593,4685.678234406269,522436236,47.3468444444,-121.13935
Antennaria racemosa,-2138.877156329371,-3578.9260734628288,4817.2861447601135,524755922,49.1238648972,-120.8638478816
Antennaria racemosa,-2034.8835612716916,-3583.9818926900953,4858.4025990661985,540904710,49.692158,-119.586685
Antennaria racemosa,-2019.7128178659973,-3584.2637251729275,4864.521231471266,84619134,49.77729459,-119.4010192105
Antennaria racemosa,-2355.3780383034227,-3556.26752847875,4732.32592836155,85304511,47.9696840112,-123.5172036528
Arbutus unedo,4952.711485926173,-753.066312276904,3936.1520799082523,105926894,38.1572899,-8.6456765
Arbutus unedo,4844.7504512337655,-436.59466383131917,4114.308118561573,13170268,40.2246306511,-5.1494176034
Arbutus unedo,5140.673988053453,-528.0143335158202,3726.1810130252506,1324861,35.793464,-5.864459
Arbutus unedo,4694.151174625504,1906.036689619487,3862.864483419504,166400376,37.323825,22.0993666667
Arbutus unedo,4901.586902119439,-673.4035010293719,4013.816973337222,29214912,39.0510655185,-7.8225980064
Arbutus unedo,4778.155560648123,-123.08184270408665,4212.342985551083,331938820,41.3894416667,-1.4755716667
Arbutus unedo,4521.483736668064,2418.9249368010674,3780.8385444032906,347642089,36.4018055556,28.1461027778
Arbutus unedo,4383.500666015861,1077.1380847832943,4496.048107730312,35355258,44.8864689881,13.8055107226
Arbutus unedo,4838.599481236272,-769.5027580191324,4072.538974062552,416148677,39.734415,-9.0363133333
Arbutus unedo,4585.061196855475,-719.9858603503709,4364.468731892029,449347207,43.2396524907,-8.9242027577
Arbutus unedo,4455.764517971646,2217.5790154240576,3977.217494733374,464724778,38.6284873448,26.4589633048
Arbutus unedo,4780.188248457123,-727.730837063241,4148.489034308406,469878473,40.62844201,-8.65618373
Arbutus unedo,5099.316480696439,-513.3100081849224,3784.6053156005996,55492684,36.4439046616,-5.7481739949
Arbutus unedo,4565.161070206009,910.6423085363002,4349.6882783317515,583544172,43.0574611667,11.2810883333
Arbutus unedo,4677.824122386596,-195.43190492408178,4320.824108921034,594075179,42.7032170188,-2.3923335021
Arbutus unedo,4595.588263730179,2027.3483733256717,3919.2065795408926,596088890,37.9637387991,23.8047220747
Arbutus unedo,4935.615460450683,-696.0832186127935,3967.987060085161,604210378,38.5223061824,-8.0276345741
Arbutus unedo,4555.074735963045,1146.7939260140497,4304.173668745942,62938225,42.49978667,14.13121117
Arbutus unedo,4642.904077905734,1843.7501180036948,3953.957556095552,70655125,38.3612187157,21.6585909375
Arbutus unedo,5019.311640159873,-780.229993758407,3845.4525020435235,77478852,37.1271688627,-8.83566425
Arbutus xalapensis,-1595.7811917799054,-5615.973465995104,2550.3093041585926,176223949,23.5968801073,-105.8625210441
Arbutus xalapensis,-260.227355205689,-6096.403445689884,1831.9115373457846,180347819,16.7106583419,-92.4442088977
Arbutus xalapensis,-280.24277488532385,-6094.110094292285,1836.5835879281094,182884787,16.7545327371,-92.6329396674
Arbutus xalapensis,-1068.2496971659193,-5832.906558566072,2329.333980608891,185321537,21.4454125438,-100.3782468244
Arbutus xalapensis,-1056.5915483533886,-5921.230961032575,2100.5692884870214,199810156,19.2510219905,-100.1174404323
Arbutus xalapensis,-1597.0780178900675,-5617.604048172931,2545.9025300275885,206822542,23.5536400827,-105.8703867194
Arbutus xalapensis,-1040.795993361041,-5667.6952062770315,2717.3015803597136,251460126,25.246305,-100.405665
Arbutus xalapensis,-1054.7052500449286,-5658.580513162917,2730.9003169757034,258743174,25.3815916667,-100.5582283333
Arbutus xalapensis,-1283.7135601606387,-5364.410690712709,3188.2488244339293,263909744,30.0285034523,-103.4579064124
Arbutus xalapensis,-842.4878534686945,-5958.23067827374,2092.714631982298,29605235,19.1762166667,-98.0482111111
Arbutus xalapensis,-1089.908053607298,-5656.325117908866,2721.7346903900534,32952325,25.2903910851,-100.9065588006
Arbutus xalapensis,-885.3518583463517,-5466.45033991677,3150.2104529418248,355975445,29.6341633459,-99.1997967313
Arbutus xalapensis,-1384.6679786650561,-5228.657874428105,3366.5389572553645,376395088,31.89845,-104.8327416667
Arbutus xalapensis,-283.18647841532254,-6095.0782164257325,1832.9157328618976,467418834,16.7200877113,-92.6601348593
Arbutus xalapensis,-1273.9813587583503,-5409.924321526769,3114.3929524976115,482098225,29.2642533333,-103.2511366667
Arbutus xalapensis,-1278.5999565070326,-5408.509740199979,3114.9570897621684,485960751,29.2700691223,-103.3008270264
Arbutus xalapensis,-919.3874347166487,-5450.227823589139,3168.5164581452577,630795062,29.8237456875,-99.5749628074
Arbutus xalapensis,-1094.3049020153812,-5653.746917992973,2725.32487942034,65126129,25.3261062964,-100.9543684364
Arbutus xalapensis,-995.9058919723509,-5751.822932875612,2552.3435373903667,6864240,23.6168451612,-99.8231506348
Arbutus xalapensis,-1029.1845837513597,-5898.220712441716,2177.5042249257544,9659485,19.9855578488,-99.8979286978
Arisarum vulgare,4474.201396686901,2540.56653397908,3757.232582365368,108874377,36.1384915279,29.5890237764
Arisarum vulgare,4352.082373561854,2652.1760921504283,3822.9692804985157,109922078,36.8739896687,31.3582938351
Arisarum vulgare,4715.315972886468,1925.2849164003812,3827.3785279483855,151507789,36.923575,22.2104166667
Arisarum vulgare,4738.097123563382,1961.135510999138,3780.7586916987957,173287822,36.4009133333,22.4850466667
Arisarum vulgare,4894.5096164944125,1331.908232719389,3854.808581931853,177018924,37.2327754797,15.2228839695
Arisarum vulgare,5418.23569948127,-1509.2348690213587,2992.437993455208,180934265,28.01457161,-15.56503436
Arisarum vulgare,4564.760296535606,2118.668140449039,3906.912063957392,184821550,37.82363,24.8976966667
Arisarum vulgare,4622.185254612053,1718.6581752538266,4033.77870964156,251318730,39.2826116667,20.3965466667
Arisarum vulgare,4227.504321632673,3077.325687035662,3639.7839161363695,253717716,34.841219889,36.0519830883
Arisarum vulgare,4755.520260524586,225.21505547666382,4233.681419309234,29756786,41.6457361012,2.7114253119
Arisarum vulgare,4565.0884321975345,590.3657325072479,4404.678085601134,450805673,43.7380783967,7.3687000573
Arisarum vulgare,4766.253431392228,2075.7399864987915,3682.9179825064325,465940220,35.3152296981,23.5334953666
Arisarum vulgare,4541.01169343922,2424.361538733678,3753.856291766452,470570851,36.1009028333,28.0969278333
Arisarum vulgare,-5176.070652392769,546.8974148461434,-3674.091581432114,501727123,-35.218009675,173.9685747566
Arisarum vulgare,4970.768983433294,7.998003473430966,3985.1154155125055,549736812,38.7194650766,0.0921892467
Arisarum vulgare,4952.076205880368,-44.923300077439244,4008.076381250872,55914617,38.9846181029,-0.5197506635
Arisarum vulgare,4696.649933727881,773.7453451372222,4234.684246855933,603281562,41.6578060396,9.3551108614
Arisarum vulgare,4738.25278462181,759.2387062487885,4190.73624386393,604858193,41.13095,9.1034611111
Arisarum vulgare,5096.362000760772,271.25144638212686,3813.563968221157,611866449,36.7683271669,3.0466658995
Arisarum vulgare,-4163.645064046185,2836.4524047399354,-3899.788541186087,81570178,-37.74257167,145.73564167
Arnica latifolia,-2186.755930074179,-3449.3339927441616,4889.779814926483,153236064,50.1303475036,-122.3732539639
Arnica latifolia,-1711.9601823083729,-3753.00265931864,4855.2977769664485,211204552,49.6490135193,-114.5204544067
Arnica latifolia,-2259.5005914659705,-3427.535220245184,4872.002927012787,239002423,49.8816010034,-123.3936792808
Arnica latifolia,-2315.4667275487745,-3763.409368351489,4589.675030924985,249898657,46.0875188368,-121.6022291083
Arnica latifolia,-2066.422828097289,-3595.931648369896,4836.209818178652,317741450,49.3846027741,-119.8840768263
Arnica latifolia,-2054.0436016995527,-3555.492200347962,4871.255816035468,407101676,49.871175,-120.0154583333
Arnica latifolia,-2235.9112325088577,-3449.5807394385893,4867.324399720289,433086267,49.8163487514,-122.9500556365
Arnica latifolia,-1694.1968321596955,-3817.8593087297772,4810.758830197464,44050687,49.03424666,-113.92952765
Arnica latifolia,-2071.030273581363,-3592.1495822411066,4837.049525732808,464401855,49.3962046255,-119.965316914
Arnica latifolia,-2215.4232789471384,-3697.663584077013,4691.368333841128,532751593,47.422423,-120.92757
Arnica latifolia,-1739.6217936117696,-3846.268449175085,4771.759440892708,539161646,48.5021166667,-114.3366777778
Arnica latifolia,-1885.831655974039,-3555.826736931263,4938.571484946677,550714358,50.81983,-117.93923
Arnica latifolia,-2072.2774390989684,-3553.02871894023,4865.326943532655,568246939,49.7885166667,-120.252555
Arnica latifolia,-1758.2554535374513,-3504.158176554437,5021.868811853804,594597135,52.021118,-116.645785
Arnica latifolia,-2064.569774303868,-3623.3603714768497,4816.488803591207,66011921,49.1129089445,-119.6742400941
Arnica latifolia,-1513.8818273586994,-4746.600284261842,3970.85641693526,75624077,38.55529667,-107.689575
Arnica latifolia,-2015.7038465054395,-3579.3802139101385,4869.7770397759705,83582638,49.8505451724,-119.3857433959
Arnica latifolia,-1698.6842637764269,-3816.546690224944,4810.217901821996,88982354,49.0268271079,-113.9930861714
Arnica latifolia,-1973.7495973435714,-3551.911251703977,4906.933066252505,93836746,50.3715995187,-119.06034261
Arnica latifolia,-1857.1514726578105,-3658.528823918057,4874.003321894961,99128474,49.9095277929,-116.9133735612
Artemisia californica,-2434.5522627004625,-4841.380837330815,3350.1850691840104,110949641,31.7253777168,-116.696140258
Artemisia californica,-2489.6459255289324,-4646.202938919525,3578.297716170384,111816305,34.1702073809,-118.1844216585
Artemisia californica,-2697.3654099462833,-4245.320463520565,3910.399869184262,149528583,37.8633500936,-122.4308077048
Artemisia californica,-2663.0768017047667,-4322.4295606297155,3848.945020560017,172090998,37.16657335,-121.63749117
Artemisia californica,-2715.6495258256577,-4263.164487496112,3878.199238707615,309247495,37.4974474445,-122.4972678584
Artemisia californica,-2702.943202133067,-4314.739985918801,3829.7349816447486,310896814,36.9500883333,-122.0648416667
Artemisia californica,-2444.122225708704,-4738.907302166697,3486.943827615426,319439276,33.1829528809,-117.2827148438
Artemisia californica,-2702.013847243034,-4247.512132680634,3904.8066510027284,320887619,37.799663318,-122.4620854316
Artemisia californica,-2424.571534755705,-4781.989446590048,3441.479759526592,343221674,32.6957672428,-116.8859889714
Artemisia californica,-2440.0579474110614,-4777.401011289337,3436.9041185760743,345731424,32.6468831867,-117.0556767859
Artemisia californica,-2441.7554751869993,-4741.9487847056125,3484.4662507047915,346217729,33.1563341135,-117.245142546
Artemisia californica,-2438.9846435397653,-4737.596951580472,3492.3175918908155,346721125,33.2407157319,-117.2400763359
Artemisia californica,-2442.2761568193846,-4770.405426251584,3445.0359029621773,349531334,32.733777948,-117.1108151429
Artemisia californica,-2449.8478672664987,-4757.34046702844,3457.703029136662,350729397,32.8693056348,-117.2467304394
Artemisia californica,-2685.630208188836,-4263.45554013733,3898.7293278468733,436233824,37.7305265,-122.2075914
Artemisia californica,-2514.200767852055,-4659.450582498648,3543.7364317712154,524602711,33.79537,-118.35093
Artemisia californica,-2712.916953382442,-4230.257177740336,3915.9620713055856,54400966,37.9267383333,-122.6725616667
Artemisia californica,-2470.1562908790083,-4700.365858402186,3520.602480467709,565276089,33.5453840811,-117.7230153234
Artemisia californica,-2454.3373635515127,-4666.312968034615,3576.521287494935,593147376,34.1509005347,-117.7429923531
Artemisia californica,-2688.4504168074063,-4282.022180884216,3876.3737601605317,74057497,37.4767579675,-122.1224918226
Asclepias purpurascens,374.99952656621736,-5008.684943910122,3919.464710569622,136518479,37.9666833333,-85.7182616667
Asclepias purpurascens,553.9227063636366,-4845.635508946085,4099.114450645778,137415834,40.0459055,-83.4786133333
Asclepias purpurascens,109.58078201040091,-4785.87628180073,4203.942601557334,137896824,41.2888222654,-88.6883448065
Asclepias purpurascens,69.49560484967255,-5026.766821146986,3913.634987629766,385498645,37.9002116667,-89.20793
Asclepias purpurascens,1077.1745714671151,-4773.506284995549,4079.5938301956076,394405152,39.8169670105,-77.2837982178
Asclepias purpurascens,849.5502960255628,-4994.066849829953,3863.5881928111658,498764538,37.3320099158,-80.3457224218
Asclepias purpurascens,-238.0423392434548,-4867.841445260349,4103.316785018013,512972707,40.0952911377,-92.7995910645
Asclepias purpurascens,-486.1832296474939,-4925.59592527099,4011.4690298992437,516104984,39.0238805,-95.6371466667
Asclepias purpurascens,461.4677961811816,-4986.075388904629,3939.01673250123,516170013,38.1900606198,-84.7122641615
Asclepias purpurascens,-325.39791778083884,-4985.6682274361165,3953.0977284549062,518362107,38.3513578009,-93.7342079766
Asclepias purpurascens,-63.54394088639273,-4848.857326178093,4132.10574981124,519009778,40.43458825,-90.75081426
Asclepias purpurascens,-561.6506481370537,-4795.836244162204,4156.231032835499,519939081,40.7202444433,-96.6796047832
Asclepias purpurascens,227.08228250017507,-4850.733427569096,4124.145000035245,525815396,40.340595,-87.3197116667
Asclepias purpurascens,610.2102055140527,-4646.7013412354945,4315.734384797584,557179461,42.6409616667,-82.5186616667
Asclepias purpurascens,-394.8596389175407,-5143.419926787331,3738.859512198653,561421324,35.9341583333,-94.3899783333
Asclepias purpurascens,719.1891169915692,-4944.926215067525,3952.243017732625,677988901,38.3415569,-81.7249341
Asclepias purpurascens,568.905597558404,-4680.8712855679105,4284.337003398538,682070660,42.2582883333,-83.07035
Asclepias purpurascens,1178.8454774493662,-4756.120454216103,4071.780285693448,682917924,39.72554314,-76.07928916
Asclepias purpurascens,537.6889572368044,-5278.206226763518,3527.2060816881467,686448372,33.6166687012,-84.1833648682
Asclepias purpurascens,174.9624677366101,-5166.635447522467,3723.576159683761,84711672,35.7645885962,-88.0604821541
Astragalus agrestis,-1628.9592844276842,-3623.696167823623,4980.468940035132,134069301,51.4201152176,-114.2053359556
Astragalus agrestis,-444.1255997121641,-4291.490066752648,4687.815972104823,19334487,47.3752261691,-95.9084970652
Astragalus agrestis,-491.5176033510561,-4064.0831786683625,4881.740621145119,201162359,50.0176980606,-96.8959635764
Astragalus agrestis,-2140.4570060786023,-2012.5934030532983,5653.111066376885,20721063,62.5381444444,-136.7634583333
Astragalus agrestis,-1464.8988425743312,-3766.002663408842,4925.550573275979,218111273,50.6348416667,-111.2550283333
Astragalus agrestis,-1650.027720633876,-3638.2990321650595,4962.856214254449,218702563,51.1668176922,-114.3950640373
Astragalus agrestis,-1652.0574036890828,-3632.0980146556976,4966.721602478607,286997608,51.2222883333,-114.4583833333
Astragalus agrestis,-41.09287763557013,3753.227709283193,5147.9458298775735,289846114,53.9035896621,90.6272879151
Astragalus agrestis,-1516.2991696031327,-3489.4869770404093,5110.192813877346,395296474,53.3312083333,-113.4865633333
Astragalus agrestis,-1138.2896570473577,-3677.780536112721,5076.217106717056,396166944,52.8225854366,-107.1975320299
Astragalus agrestis,-1545.1601217646923,-3669.541643213963,4973.600049913958,397972034,51.3211638883,-112.8348472217
Astragalus agrestis,-923.2791131373917,3768.495516607795,5053.291041512315,401526703,52.4827179933,103.7662678626
Astragalus agrestis,-497.99501457039474,-4105.009461056688,4846.715529074875,40284809,49.5299533333,-96.9169783333
Astragalus agrestis,-1633.9817532378552,-3146.363806861832,5293.415868287047,48769495,56.18717427,-117.44392825
Astragalus agrestis,-1630.4659740127051,-3650.0814045185284,4960.669267110264,50663388,51.1354632219,-114.0699832353
Astragalus agrestis,-1275.5203520286732,-4658.137559006187,4155.063831352529,517856007,40.706396,-105.31371
Astragalus agrestis,-2072.897919595937,-3723.9164095393216,4735.535230507323,525306054,48.01281014,-119.1022628
Astragalus agrestis,6.163841124242427,3671.859166251158,5206.454206075126,63936988,54.8065042843,89.9038193639
Astragalus agrestis,-1553.4090180050025,-3668.1099854172267,4972.086351557121,77138415,51.29938667,-112.95218667
Astragalus agrestis,-1638.856322089609,-3650.782182618194,4957.387672988859,78147506,51.0884545942,-114.1755756645
Avicennia marina,-4624.73339929808,2559.0011847483715,-3557.1206124547825,112408780,-33.9403333333,151.0429527778
Avicennia marina,-5124.9873876162455,2632.777052579718,-2718.9598007071545,113804309,-25.2627936804,152.8098059833
Avicennia marina,-5034.5418372346185,3290.039112182762,-2102.090449795005,1769408,-19.265513,146.835655
Avicennia marina,-5060.873211496308,2560.4695031368437,-2901.949584390235,181166594,-27.0966558993,153.1635852993
Avicennia marina,-3969.5116089895514,3574.430546352192,-3472.2005968951426,200716468,-33.0246722222,137.9978777778
Avicennia marina,1778.518478558991,5746.246307917226,2099.35192853635,211447209,19.239426,72.802201
Avicennia marina,1780.7333383824339,5748.241402998159,2091.999684538346,232322593,19.1694094163,72.7876723185
Avicennia marina,-5046.817503497661,2559.666028210594,-2927.0285342120724,257369410,-27.3502916667,153.1065971667
Avicennia marina,-5045.09061072803,2569.289365268539,-2921.569101825131,258016487,-27.2950284831,153.0118365535
Avicennia marina,-3922.170987021953,3523.5417164943374,-3576.448189246534,326149830,-34.150106172,138.0645810631
Avicennia marina,-2944.8729263812575,5071.397142384578,2489.660137721143,356976534,23.003015791,120.142996911
Avicennia marina,-5046.619436168779,2560.8544314095448,-2926.330462762372,460880586,-27.3432238922,153.0949594904
Avicennia marina,-5125.391086126334,2612.7502119809387,-2737.4542322617417,464604432,-25.4468472222,152.9890583333
Avicennia marina,-5159.992557386291,587.4148495036877,-3690.416471345487,477755601,-35.3979150857,173.5053935956
Avicennia marina,3366.445788749498,4717.203356635972,2646.656073846868,512217413,24.5458833333,54.4863383333
Avicennia marina,-5045.764017131572,3498.7124484473497,-1699.7146278647044,57328837,-15.4732785164,145.262716717
Avicennia marina,-5038.455493846903,3438.0344743516994,-1839.4668573721638,58748108,-16.7816140532,145.6919828829
Avicennia marina,-5741.590005375361,1617.4800761415063,-2237.7791542367318,589570846,-20.5634277783,164.2667861117
Avicennia marina,-2949.408895063962,5069.1621256475,2488.842229490637,616631633,22.995025,120.1922833333
Avicennia marina,-2934.468996119178,5070.907817535606,2502.9060602725403,79589010,23.13249171,120.0574133
Banksia ericifolia,-4642.956555112392,2558.3564529858195,-3533.7685006918773,125707135,-33.6875672265,151.1444084809
Banksia ericifolia,-4821.744371953278,2478.429275841007,-3346.3297305956794,196248819,-31.684624,152.796341
Banksia ericifolia,-4616.136887400957,2552.460448432124,-3572.9510248033516,197178876,-34.1121110145,151.0599085316
Banksia ericifolia,-4555.647408748688,2575.8615335143245,-3633.286002642791,218398349,-34.7700500488,150.5152435303
Banksia ericifolia,-5034.219240545492,2521.4089000314443,-2981.423640920765,286051848,-27.9024288004,153.3958172053
Banksia ericifolia,-4550.757094810442,2542.8755906458077,-3662.5328290962243,353257029,-35.0908694444,150.8043805556
Banksia ericifolia,-5008.639254598249,2484.2000284153683,-3054.8381570544793,383801761,-28.6521306654,153.6193692684
Banksia ericifolia,-4540.900710395523,2569.510708721999,-3656.171301480532,401027744,-35.0209805,150.4962466667
Banksia ericifolia,-4834.335267221977,2482.154710778783,-3325.336621385862,426981160,-31.4630243438,152.8220944422
Banksia ericifolia,-4604.911049919509,2618.740467852197,-3539.3142999795723,444126000,-33.7475281002,150.3737913513
Banksia ericifolia,-4120.130637342436,2878.4595017780007,-3915.194446963469,516831732,-37.917987047,145.0605769981
Banksia ericifolia,-4607.343089456225,2643.9288034224105,-3517.3545837960014,585875064,-33.510345225,150.1505944537
Banksia ericifolia,-4835.8931942452355,2474.6971212795784,-3328.627990848573,592794309,-31.4977327105,152.8995723277
Banksia ericifolia,-4611.777324020836,2556.078200468974,-3575.9931874112876,603874837,-34.1451618099,151.0025823489
Banksia ericifolia,-4512.380177795607,2584.726689127818,-3680.674694023513,674159676,-35.290509521,150.1955809649
Banksia ericifolia,-4526.868597192984,2596.286130801769,-3654.6562301305225,708835325,-35.00434445,150.1645195
Banksia ericifolia,-4660.807139030153,2546.1175056031525,-3519.0787985073844,710616210,-33.5289445756,151.3529911032
Banksia ericifolia,-4553.010949534657,2590.2777620579623,-3626.3350008628468,723022040,-34.6939855351,150.3637883212
Banksia ericifolia,-4978.034106040175,2488.6009863232703,-3100.9344881259703,85325803,-29.1256055,153.43878
Banksia ericifolia,-4652.0742817585315,2550.4018906051133,-3527.5215382866404,89378431,-33.62007547,151.26717051
Bidens laevis,-23.514552837932325,-5321.075161938643,3503.620886523243,100131824,33.3623402054,-90.2531961725
Bidens laevis,2732.519608946601,-4445.174956330939,-3655.613399144936,114237242,-35.0148541301,-58.4202975204
Bidens laevis,796.5546290420478,-5569.241184085415,2989.783685505694,12594065,27.9875360693,-81.860332489
Bidens laevis,-950.4746365476287,-5938.359449850547,2102.9118239545355,133671443,19.2733381733,-99.0934484207
Bidens laevis,2897.3247522748375,-4357.700357946521,-3633.966152826103,208946895,-34.7774966667,-56.3810716667
Bidens laevis,1270.8064848561248,-4711.273043414176,4096.182407818771,231685698,40.01146945,-74.90445
Bidens laevis,113.73171088154075,-5325.978601239565,3494.391244087535,28613151,33.2630157241,-88.7766836284
Bidens laevis,394.5132154249408,-4789.163493557819,4183.064126272221,332189719,41.0394097779,-85.2908226097
Bidens laevis,-936.1901862090795,-5461.759399438279,3143.6420482572207,332748952,29.5662260683,-99.7264430291
Bidens laevis,-217.2895833115854,-5215.611723242063,3652.3872630160204,332757154,34.9794366667,-92.3856416667
Bidens laevis,773.2382249813816,-5507.229673551468,3108.4203544339452,333564548,29.202701049,-82.0076766088
Bidens laevis,-1512.0785410706853,-5475.911724841983,2884.0531196649413,42067783,26.9160111111,-105.4365722222
Bidens laevis,-284.7188831718946,-5190.472498726922,3683.433659943163,440986210,35.3209133333,-93.1397638333
Bidens laevis,-741.7906459853558,-5452.643532484776,3210.6351824612525,464151795,30.261314481,-97.7470950706
Bidens laevis,876.3197985874375,-5525.872855545738,3047.383455462061,489659695,28.5757618102,-80.9887979024
Bidens laevis,-13.528304591239312,-5296.3995741777,3540.864536423641,53628264,33.7642966667,-90.1463471667
Bidens laevis,-549.8795160944794,-5341.482314828169,3428.6954265193976,573908581,32.559252153,-95.8776159537
Bidens laevis,1775.03725429293,-6088.527088160499,607.3168631657443,594231223,5.4700298926,-73.7465874975
Bidens laevis,-1490.7986747452287,-5402.535087543383,3029.832845045731,649055170,28.39618485,-105.42653866
Bidens laevis,1735.9544226535158,-6107.924850793568,519.1044106973992,88190484,4.6735926503,-74.1341369553
Bouteloua curtipendula,168.38713027168077,-4795.376618806122,4191.152823250886,144539752,41.13592409,-87.98891511
Bouteloua curtipendula,-1699.514920029822,-4715.552771927782,3932.551871423653,155899911,38.116125525,-109.8194820342
Bouteloua curtipendula,-339.47946918703923,-4773.920189091884,4205.257762356408,21386123,41.3045649434,-94.0675279278
Bouteloua curtipendula,-1884.9260140542228,-5096.289050589486,3326.356109026936,226181209,31.4737737361,-110.2975419536
Bouteloua curtipendula,-1477.4731337415662,-4996.311954200723,3666.5642125919812,231024403,35.13519,-106.47362
Bouteloua curtipendula,16.52729852192003,-4569.185101747172,4439.822911339222,307614194,44.1771473802,-89.7927550972
Bouteloua curtipendula,41.62028888962216,-4650.011149353701,4354.930216675861,308699736,43.1220138333,-89.4871833333
Bouteloua curtipendula,-651.6413651155508,-5325.196020319802,3436.190333220486,32550609,32.6392598403,-96.9765685706
Bouteloua curtipendula,292.6084795546807,-5311.93192374083,3505.354852923335,33277257,33.3810128694,-86.8470408395
Bouteloua curtipendula,50.34271009490549,-4634.716948193801,4371.111706573383,411927509,43.3217147252,-89.3776725918
Bouteloua curtipendula,-1288.0125664190716,-4751.518339306896,4043.9893953439387,418784713,39.4013466667,-105.1669083333
Bouteloua curtipendula,-630.7731193807257,-5300.939484817483,3477.343667204479,422789615,33.0798549321,-96.7858720837
Bouteloua curtipendula,-1376.7056753701033,-5225.593715384282,3374.5525532753927,433640545,31.9833762385,-104.7594500745
Bouteloua curtipendula,-1359.8807238968186,-5222.851540110467,3385.6017687284225,436732858,32.1006023889,-104.5941420707
Bouteloua curtipendula,-619.9901414024054,-5303.561262397805,3475.2846344198433,552580158,33.0577583333,-96.667655
Bouteloua curtipendula,-1903.1566643848967,-5041.95887963802,3397.999190188853,599817909,32.2323116667,-110.6797033333
Bouteloua curtipendula,-1280.3461182638196,-4711.341849955872,4093.131432043026,698621403,39.975655,-105.20343
Bouteloua curtipendula,-269.7684461448589,-4506.1709727704065,4495.709207600446,702308694,44.8821674272,-93.4260057323
Bouteloua curtipendula,-744.8319324254425,-5443.056539942908,3226.1608802261485,78664975,30.4231012505,-97.7920017845
Bouteloua curtipendula,-355.088299848891,-4329.144619875655,4660.705127895298,89666763,47.01641,-94.68906
Bromus hordeaceus,-4580.194708363748,591.62589956719,-4388.798053922676,104177416,-43.540741168,172.6398315467
Bromus hordeaceus,4265.841081256688,643.1267149345055,4688.14899802446,128211561,47.3796489707,8.5734592551
Bromus hordeaceus,4436.6480634843,396.12767877333096,4555.105921114031,128575202,45.6410719499,5.1021445915
Bromus hordeaceus,4166.015502298202,839.4504432973107,4746.513553918965,338990735,48.16060888,11.39252452
Bromus hordeaceus,-2701.8530030751062,-4309.661902601648,3836.216595125387,3532124,37.023063032,-122.0848012437
Bromus hordeaceus,4247.570597041313,256.2416912476256,4741.543772706744,382554120,48.0936491909,3.4522783477
Bromus hordeaceus,3993.181926748842,16.667179305774145,4964.269677877888,394772811,51.187094,0.239146
Bromus hordeaceus,4082.844181135823,634.0123995093211,4849.553051520441,413384569,49.5692857,8.8267873
Bromus hordeaceus,-4131.098525646279,2890.767354509747,-3894.5143732153947,446964651,-37.6826142413,145.0173041913
Bromus hordeaceus,4600.80056546329,310.7025500553327,4396.117743179682,480224716,43.6316206298,3.8634485006
Bromus hordeaceus,4072.9242348240723,1194.2680335397292,4751.29089523314,494044438,48.225058248,16.3422595295
Bromus hordeaceus,-4025.545546642208,3101.634002125737,-3842.47351304391,591231642,-37.0935745,142.3861846667
Bromus hordeaceus,5046.861448506028,-574.2004325865098,3845.6776402187616,636084081,37.1297083748,-6.4908457743
Bromus hordeaceus,4765.676240303099,157.37242218913025,4225.318570595866,641800994,41.5451695,1.8913371
Bromus hordeaceus,4619.140605637709,463.8765312167875,4363.268472007265,653420906,43.224837188,5.7346935765
Bromus hordeaceus,4830.022335438652,-295.35467248178037,4144.0804753629445,661410113,40.5762229247,-3.4992655099
Bromus hordeaceus,3820.277412974187,650.5374154172068,5056.879936160141,662052792,52.5357477024,9.6639367193
Bromus hordeaceus,5035.677924541522,-526.6261938892803,3867.087511535304,669723750,37.3715986527,-5.9702337865
Bromus hordeaceus,4446.913305195773,810.1962492868256,4489.799240878349,67484552,44.8072055556,10.3256305556
Bromus hordeaceus,3318.9373315875646,1546.0793356798279,5213.8322572226725,77684485,54.9217959635,24.9777822409
Bunias orientalis,4438.072271301577,397.93332410543786,4553.56088286386,131726326,45.6212015922,5.1236418262
Bunias orientalis,2987.0890948025617,1610.1740666668331,5392.0674462049,137024730,57.8162616555,28.3266448534
Bunias orientalis,2824.283737186148,2210.5324573088456,5265.6168448461385,203881336,55.7405139365,38.0498536304
Bunias orientalis,2970.7985518766322,1086.2509743407657,5530.295463588621,207351795,60.2317578635,20.0845731895
Bunias orientalis,3213.3507760740754,895.6938830239532,5427.878258352433,214061246,58.426071167,15.5753545761
Bunias orientalis,3635.2988899136644,2018.0403917851577,4827.2008543040265,284133959,49.2603019069,29.0356907116
Bunias orientalis,245.26784061776112,3609.7810183841725,5243.956313257145,288831017,55.3959975332,86.1129923165
Bunias orientalis,2785.475126177117,2324.856927784813,5236.976390672099,289692586,55.2856184985,39.8495803401
Bunias orientalis,2776.731760924265,1569.5992047482996,5515.058675481647,296428011,59.9569183538,29.4781115056
Bunias orientalis,1704.8788100759361,3038.6810505461867,5333.812786898601,300440197,56.8456863977,60.7050114859
Bunias orientalis,3639.9224368737855,1395.2904874794956,5039.234290918558,383069949,52.2756268584,20.9733134508
Bunias orientalis,3513.679641045992,942.5505163354444,5230.239672704505,385461334,55.1793757526,15.0161698187
Bunias orientalis,2981.6085607597474,920.3116509125522,5554.528781568805,387007475,60.6736912413,17.1535111964
Bunias orientalis,3886.9981278533974,1014.8652598563837,4944.800014973128,388689501,50.9085783333,14.6328216667
Bunias orientalis,-213.04335150373225,3544.9636458487294,5289.385447258346,392864159,56.1220945,93.439195
Bunias orientalis,3331.7253147712113,702.2640322954828,5384.810561712844,45086921,57.6939414005,11.9026244006
Bunias orientalis,3387.7837670863455,2325.950588526846,4868.534495808292,485064428,49.8332177344,34.4723230152
Bunias orientalis,3825.3598254950407,1186.4959417334378,4954.654651478352,511983822,51.0493406707,17.2321046144
Bunias orientalis,1398.1415631095904,3225.609842933973,5313.2282503531105,78441758,56.5087074761,66.5656650834
Bunias orientalis,2128.777469726116,2431.822153591354,5490.382557469582,85073123,59.5165821054,48.8016259298
Buxus sempervirens,4648.350254211858,231.01774973753342,4350.772786891107,113114157,43.070810937,2.8451944515
Buxus sempervirens,4763.951060003454,167.95558798911645,4226.856319776275,114623497,41.5636498,2.0191564
Buxus sempervirens,4200.277793911014,160.36401504773823,4787.661534228713,114828374,48.7184138889,2.1864555556
Buxus sempervirens,4704.4592775214405,-198.26168097295675,4291.678965355827,172848280,42.3475636958,-2.4132081826
Buxus sempervirens,-2262.6310339642177,-3483.6570109734494,4830.568058077122,184789072,49.3067240786,-123.0036753192
Buxus sempervirens,4107.262033137856,1044.498316686257,4757.013242283576,193015496,48.3023633333,14.26817
Buxus sempervirens,4697.714754182124,-31.39772986400469,4303.515237637298,265891092,42.4917557645,-0.3829373888
Buxus sempervirens,4703.950647415878,178.0845887627551,4293.120929533477,267820200,42.3651123047,2.1680977345
Buxus sempervirens,4663.338906172775,232.7164202904578,4334.61260594069,351548846,42.87218679,2.85688366
Buxus sempervirens,4095.965611613791,1190.856363813401,4732.301761185546,355502897,47.9693593929,16.2112006779
Buxus sempervirens,847.0912585586168,-4520.9490815186955,4408.311346952059,595275948,43.7833194444,-79.3875277778
Buxus sempervirens,4588.147436289178,254.05393285403144,4412.948315100901,627134881,43.8411083422,3.169333376
Buxus sempervirens,4843.050162999892,-183.84198494031915,4135.31381794869,632535493,40.4725033333,-2.1739016667
Buxus sempervirens,4680.285867356498,-23.035750335564238,4322.51624446999,632724051,42.7239283333,-0.282
Buxus sempervirens,4572.2376534555815,244.28434559053593,4429.979811297094,636715635,44.0538484102,3.0582765117
Buxus sempervirens,4861.767352050456,-168.0014794529984,4113.969718789303,637625076,40.2206448818,-1.979104802
Buxus sempervirens,4053.3001227157365,344.3730080473683,4903.255905640499,64229720,50.319779031,4.8562524933
Buxus sempervirens,4454.060573516976,726.2462978212512,4497.072809286056,64856834,44.8994771845,9.2607323977
Buxus sempervirens,4263.509169213995,-29.81912293321947,4734.063108325989,7502713,47.9930235048,-0.4007220268
Buxus sempervirens,4847.030452550524,-160.1321645156797,4131.634859424635,86777509,40.4290247538,-1.8922021371
Caladenia carnea,-4896.298153240654,2488.598220264668,-3228.4510871848624,156030593,-30.4469892143,153.0575373763
Caladenia carnea,-4614.354448062615,2598.8624320756626,-3541.6663050699694,157046030,-33.772970509,150.6112416834
Caladenia carnea,-3919.089970997803,3322.400419117386,-3767.2459946160257,158056285,-36.2500783,139.7104576
Caladenia carnea,-3918.9506874080853,3207.3137976754215,-3865.839733173376,162028830,-37.3574798042,140.7027156652
Caladenia carnea,-4444.9513451154335,2559.137891554612,-3779.282196561055,230335304,-36.38441778,150.06922894
Caladenia carnea,-3771.673971198223,3765.208529630254,-3491.0504598276493,231405846,-33.2270918323,135.0491506168
Caladenia carnea,-4405.1064347887295,2553.3117269375766,-3829.5417027293774,234975117,-36.9479133333,149.9023283333
Caladenia carnea,-4602.822395266915,2624.9141540556025,-3537.4573935448807,236217589,-33.7274466667,150.3045966667
Caladenia carnea,-3906.961852830336,3433.9917853946545,-3678.736553226939,238477147,-35.2691580312,138.6864127027
Caladenia carnea,-3773.2100607715256,3513.5726500373453,-3742.6522948144047,239225617,-35.9762957957,137.0406587792
Caladenia carnea,-3944.2501604130466,3207.839577389483,-3839.5844889118866,320427709,-37.0610089,140.8787089
Caladenia carnea,-3883.5066360379174,3441.861192857022,-3696.176519950275,324025160,-35.4614884183,138.4501785863
Caladenia carnea,-4223.8368384304495,2855.019308851665,-3820.709389377772,574022272,-36.8485879544,145.9440476067
Caladenia carnea,-4760.623309667398,2618.587394715939,-3327.0435658950514,578692884,-31.4810229207,151.1869463912
Caladenia carnea,-3895.980489533894,3194.7631004562945,-3899.3047953207715,594864936,-37.7370703621,140.6477276855
Caladenia carnea,-3972.283617869927,2643.9202037989767,-4221.421791863876,598219238,-41.49836258,146.35258162
Caladenia carnea,-4133.21979190746,2856.836803591478,-3917.235091120664,664199345,-37.9412536673,145.3481912637
Caladenia carnea,-4301.306538319876,2657.3109193223436,-3876.4950498013477,9025324,-37.4781324536,148.2925772667
Caladenia carnea,-4132.2827702060795,2885.7417467349073,-3896.9843222531413,97707443,-37.710686904,145.0718308163
Caladenia carnea,-3943.413139109162,3448.3304183619894,-3626.0534013963556,97727909,-34.6909054785,138.8318222083
Calochortus macrocarpus,-2398.7141555201792,-4096.827494994008,4248.756053958107,300317314,41.82741244,-120.34919861
Calochortus macrocarpus,-2210.9761514743523,-3759.6460496176633,4643.963734664969,300558522,46.7960351905,-120.4589737612
Calochortus macrocarpus,-1750.616158323579,-3870.8597892019166,4747.793244048599,301283591,48.1778647667,-114.3351047825
Calochortus macrocarpus,-2364.2242970717894,-3986.022593164597,4371.706816518488,301641114,43.3290716667,-120.673395
Calochortus macrocarpus,-2010.3310487454357,-4173.410448905114,4373.896138352753,302007634,43.3561444444,-115.7201083333
Calochortus macrocarpus,-2264.1672076198975,-4089.8814889125583,4328.529703290315,304273883,42.7975875931,-118.9690081961
Calochortus macrocarpus,-1800.7214959949067,-3725.4823981816394,4844.371592309789,304472525,49.4974866667,-115.79692
Calochortus macrocarpus,-1753.0819695964876,-3900.3016117674097,4722.722104337464,306219069,47.8408437416,-114.2026510983
Calochortus macrocarpus,-2088.307651243106,-3579.895319363931,4838.7057965775475,316630292,49.4190965928,-120.2568596699
Calochortus macrocarpus,-2242.524581065091,-3943.9084733637715,4472.853964386242,317230250,44.5928097424,-119.6227602662
Calochortus macrocarpus,-2190.0916386361605,-3855.1010412046967,4575.089912357556,400689825,45.89872,-119.601005
Calochortus macrocarpus,-2341.8023608873264,-3929.349247240724,4434.628431495556,402278133,44.112047,-120.793976
Calochortus macrocarpus,-1979.7743948393727,-3803.6504642102072,4711.951784699129,405967815,47.6967338774,-117.4966730307
Calochortus macrocarpus,-2290.959561822529,-3964.724359209043,4429.697300184947,406001148,44.0503133449,-120.0208585708
Calochortus macrocarpus,-2373.9439937118646,-4081.8459620805593,4276.993872598303,408375113,42.169125,-120.1816783333
Calochortus macrocarpus,-2147.933935179606,-3805.052513883329,4636.562121483055,511246556,46.6988916667,-119.44452
Calochortus macrocarpus,-2142.5696001725833,-4046.3470729696132,4430.149433502664,522899859,44.0559709965,-117.9015384311
Calochortus macrocarpus,-2139.0646384006104,-3425.2646199748615,4927.6483118796095,526831532,50.664595,-121.98462
Calochortus macrocarpus,-2513.4465096097415,-4114.689398236018,4164.333191406778,550660632,40.8164533333,-121.418555
Calochortus macrocarpus,-2020.2052721389193,-3653.2978711344877,4812.685160371886,571673032,49.0606778333,-118.9417716667
Calycanthus floridus,480.13727252553224,-5330.803546985253,3455.6844289747614,114564397,32.8476944444,-84.8533444444
Calycanthus floridus,794.906145942094,-5065.703848057567,3781.0741691476615,123059573,36.4044383333,-81.0819166667
Calycanthus floridus,1151.0716771107172,-4810.909592085771,4014.9640123677423,126956773,39.06435,-76.5442116667
Calycanthus floridus,119.34875862875785,-5493.761086370203,3223.9879232676567,14616221,30.4004416667,-88.7554783333
Calycanthus floridus,1301.5552908801328,-4668.184426757372,4135.669366890844,191590217,40.4767067648,-74.4207841883
Calycanthus floridus,880.9233517823866,-4833.173365224459,4056.373059723033,203299469,39.5456219908,-79.6703164472
Calycanthus floridus,551.0064099842932,-5127.543830104395,3740.914238016157,267625186,35.9569833559,-83.8665262426
Calycanthus floridus,753.7374350257938,-5125.228503675725,3708.593506145971,278161129,35.5987052889,-81.6338144784
Calycanthus floridus,1320.4026337159914,-4609.764798851554,4194.801367624265,278252732,41.179505,-74.01638055
Calycanthus floridus,1074.2420478564732,-4753.9429137737725,4103.143176258257,284960107,40.0932501862,-77.2668023688
Calycanthus floridus,773.3084258700115,-5035.856651160733,3825.1660090924274,312920559,36.8986895204,-81.2698294222
Calycanthus floridus,279.04870293747484,-5240.056392317953,3612.9896147642203,34586402,34.54814304,-86.95170743
Calycanthus floridus,458.54800551095275,-5189.364609072563,3667.4216842932756,369006991,35.144620054,-84.9502865521
Calycanthus floridus,867.0504820835666,-5073.587241637686,3754.5557783428094,378327909,36.1086888333,-80.302125
Calycanthus floridus,824.0121714933442,-4776.9724701172,4134.161473703058,38028699,40.4588817,-80.2129778
Calycanthus floridus,657.9482991783696,-5158.856558142941,3680.089153511269,396072762,35.284058332,-82.7318704458
Calycanthus floridus,527.940671503949,-5055.631021270023,3840.7846534037308,54162985,37.0745356719,-84.0384230352
Calycanthus floridus,1071.076526369202,-4803.406323741318,4045.9653845998528,571205667,39.4243478,-77.4296771
Calycanthus floridus,320.6778087693561,-5080.037288982716,3831.4670839230052,637784059,36.9695827435,-86.387991383
Calycanthus floridus,90.3095730057887,-5442.915850620787,3310.02482675915,67934117,31.301726049,-89.0494281426
Calycoseris wrightii,-2370.6947177101288,-4772.714719644266,3491.526011644434,109511722,33.2322046024,-116.4144315276
Calycoseris wrightii,-1939.4445988322923,-5017.8587649087185,3413.121913024267,15751738,32.3932333333,-111.1319361667
Calycoseris wrightii,-2276.2052896030036,-4791.072831136248,3529.059894080694,220917668,33.6366908508,-115.4120667561
Calycoseris wrightii,-2176.9781135085564,-4759.835400485069,3632.421559135353,259999886,34.7605866667,-114.5776583333
Calycoseris wrightii,-2186.8255729934863,-4766.933188876668,3617.166711082759,264450889,34.5937640963,-114.643240571
Calycoseris wrightii,-2156.3283799925966,-4697.085888285869,3725.2362616861874,268303703,35.78299,-114.65881
Calycoseris wrightii,-2344.4962552215798,-4783.592474373308,3494.328759296768,31167524,33.2623436814,-116.1100302079
Calycoseris wrightii,-2350.508505616,-4789.792829538448,3481.7736205569613,312954,33.127414,-116.138702
Calycoseris wrightii,-1550.0140119740845,-5146.487079713322,3420.65497101144,357360701,32.4735,-106.7612
Calycoseris wrightii,-2352.4599965404477,-4774.526410959289,3501.3686817309836,360955351,33.3380927379,-116.2299586085
Calycoseris wrightii,-2363.8397197569657,-4768.545522486302,3501.855009698801,361805797,33.343328023,-116.3683064919
Calycoseris wrightii,-2353.726641340925,-4809.617375797278,3452.1449456748346,385591451,32.8098133333,-116.0761638333
Calycoseris wrightii,-2150.7358652828957,-4858.182110481975,3515.9856297852216,478851028,33.4955809691,-113.8791560009
Calycoseris wrightii,-2164.7639752694913,-4666.714449898017,3758.3675052030126,611597269,36.1511308194,-114.8853239025
Calycoseris wrightii,-2273.605793973989,-4594.692423112909,3782.7597545012254,626239044,36.423275,-116.3277277778
Calycoseris wrightii,-2269.7066046445407,-4806.045745551606,3512.849178398596,628344754,33.4617636289,-115.2795255929
Calycoseris wrightii,-2167.1656080788434,-4677.218945875965,3743.897606662958,65667237,35.990136,-114.860408
Calycoseris wrightii,-2246.6241062653257,-4823.578511208167,3503.6443314120474,65680104,33.362592651,-114.9741636689
Calycoseris wrightii,-2356.3876865352977,-4488.346897814812,3859.006650071806,7671288,37.2802092,-117.6995285
Calycoseris wrightii,-2165.6985115905645,-4779.29058649436,3613.569506238706,8749091,34.5544749537,-114.3772888184
Calystegia macrostegia,-2606.2042064288503,-4557.616161596794,3609.0979049648554,123962843,34.5056613889,-119.7624305773
Calystegia macrostegia,-2552.2866753983635,-4616.5482540582925,3572.543642030527,137806438,34.1076860895,-118.9362776349
Calystegia macrostegia,-2427.9691103275086,-4718.2431191863,3526.0319053043213,183144956,33.6039893842,-117.2299779487
Calystegia macrostegia,-2411.33419816218,-4781.941042149144,3450.8347372571384,26251072,32.795795,-116.7599116667
Calystegia macrostegia,-2439.92987170257,-4707.430339170838,3532.2223815474645,269035566,33.67085813,-117.39836666
Calystegia macrostegia,-2644.9063293795457,-4571.851324448654,3562.639345432335,272082543,34.0001782997,-120.0502297013
Calystegia macrostegia,-2427.1722325254996,-4758.911777038351,3471.50497359579,279889582,33.0172111667,-117.0227971667
Calystegia macrostegia,-2425.547007837834,-4695.814615814017,3557.4991126286773,3134465,33.9444364328,-117.3178826553
Calystegia macrostegia,-2436.3390915195596,-4731.336208260669,3502.6365277049003,313875930,33.3517416667,-117.245605
Calystegia macrostegia,-2418.372803049141,-4774.892501458626,3455.6660305451783,338723012,32.8474974945,-116.8611611007
Calystegia macrostegia,-2464.896873845941,-4658.694937257602,3579.1895748272864,34843039,34.179902077,-117.8831380451
Calystegia macrostegia,-2509.1861978719035,-4647.069803897395,3563.4926675652914,465267513,34.0094354604,-118.3668364149
Calystegia macrostegia,-2457.6166988697296,-4695.926596453647,3535.2717988626205,497214911,33.7038166667,-117.625345
Calystegia macrostegia,-2432.8576012748026,-4778.707118888216,3440.191171066505,499057955,32.6819978467,-116.9808139341
Calystegia macrostegia,-2523.6799259800578,-4636.087891859285,3567.559644888708,585442011,34.0535694444,-118.5619055556
Calystegia macrostegia,-2451.896032322656,-4689.64620759048,3547.5593615879184,629679366,33.8367508469,-117.6019980758
Calystegia macrostegia,-2560.6599439392035,-4586.178492676253,3605.515304987136,6761232,34.4665730931,-119.1764944979
Calystegia macrostegia,-2444.004098644934,-4775.2387202945265,3437.1052151023964,73376434,32.6490310484,-117.1037176215
Calystegia macrostegia,-2430.162524697753,-4821.820546734331,3381.4360630245133,92847966,32.0563888889,-116.7477722222
Calystegia macrostegia,-2476.3475673720072,-4652.345714770466,3579.5439940731376,946860,34.183755,-118.025451
Campanula giesekiana,272.43018092384017,-4205.311713329252,4778.1678831886,152861342,48.5891716718,-86.2934213719
Campanula giesekiana,1734.7792567758718,-2171.1331265634763,5732.929007643152,168384952,64.1378778333,-51.3744383333
Campanula giesekiana,1640.309315325555,-4203.130200726112,4498.092372937412,219603066,44.9124230787,-68.6813378981
Campanula giesekiana,1431.2627948918573,-1774.0542611375165,5949.283269451506,221855525,69.0360195,-51.104275
Campanula giesekiana,107.6993535021374,-4253.023147420872,4742.356807161912,227271379,48.1045975337,-88.5494083375
Campanula giesekiana,1427.9697339867405,-1770.4082609780214,5951.160404320829,440261445,69.0832540946,-51.1111674274
Campanula giesekiana,1748.323620060723,-777.2223201795256,6076.927111150007,51168787,72.5235828515,-23.9676773966
Campanula giesekiana,2204.874555925972,-2231.3366648427495,5545.2157767246645,543615345,60.5031410255,-45.3417666789
Campanula giesekiana,1646.6672641321704,-854.5926159673116,6094.908654905917,546841607,73.07035411,-27.4285534449
Campanula giesekiana,1410.9888426848797,-1685.5300559440727,5979.786956573402,552010771,69.8166661052,-50.0666666776
Campanula giesekiana,1390.5287299916336,-1710.528403978904,5977.480703434071,552516609,69.7566383333,-50.8915283333
Campanula giesekiana,1586.2380138714311,-1901.822739344791,5869.980609945635,553965215,67.1254425049,-50.1697998047
Campanula giesekiana,1557.649664506486,-2093.0398767405386,5812.2856714647305,558619111,65.82547,-53.3432116667
Campanula giesekiana,1852.402198574868,-860.489755606582,6034.725893103062,562298374,71.3011466667,-24.9161133333
Campanula giesekiana,1851.5102303169656,894.49376717504,6030.053390907418,566154145,71.1705149677,25.7859201914
Campanula giesekiana,1492.0278657989165,-2016.4206572434032,5856.419871423073,568717097,66.8137133333,-53.500825
Campanula giesekiana,1850.992715087539,-865.7639872387988,6034.4040150432975,577723511,71.292119545,-25.0668811234
Campanula giesekiana,2165.7706583345953,-2225.549240855285,5562.923796143789,697377587,60.8282083333,-45.7799133333
Campanula giesekiana,2083.2843461832454,-1606.2466345789053,5802.55557591043,701221198,65.6126722222,-37.6328166667
Campanula giesekiana,2074.3668043918174,-1610.5966986850785,5804.544234020397,703038384,65.6560222222,-37.8267694444
Carduus acanthoides,2077.1188469661174,2882.9362464743845,5288.1007010097455,136466488,56.1013726559,54.2277304418
Carduus acanthoides,1010.5338919976721,-4463.409891615749,4432.442500724421,146308765,44.0846730192,-77.2430720272
Carduus acanthoides,3858.954891956629,890.885168318845,4990.445259532555,227067818,51.5642141191,12.9996508768
Carduus acanthoides,-2041.923474739453,-3483.938677713792,4927.72492565436,245480829,50.6656820104,-120.3744085503
Carduus acanthoides,1299.1630822828452,-4341.014595937803,4478.562346687352,2512249,44.664945,-73.338801
Carduus acanthoides,1427.6879950666362,3147.005111158265,5352.365733838056,317390320,57.1520278333,65.5978383333
Carduus acanthoides,2341.4643447604208,2860.0806192244577,5189.146047610313,317803161,54.5373233333,50.6938166667
Carduus acanthoides,3672.2879780960247,2513.0692548967527,4559.444818802122,318790933,45.6969111765,34.3851390481
Carduus acanthoides,2720.932392573762,-4510.604657374153,-3583.3958293209625,340778317,-34.22564,-58.9003566667
Carduus acanthoides,4037.8790518989895,696.5382247843644,4878.536706157595,404161479,49.9728766667,9.78726
Carduus acanthoides,2605.558751558567,2636.764372341159,5181.533592152648,405651570,54.4194933333,45.3410566667
Carduus acanthoides,-1752.394936813088,-3876.2139772843498,4742.766104017225,408674206,48.1101100182,-114.3272176757
Carduus acanthoides,2753.8921029037624,2799.6730577715757,5016.738201743208,422844316,51.9462005469,45.4723085091
Carduus acanthoides,2414.312384090796,2608.9177120124414,5287.19180791193,424472677,56.0867197314,47.2185905278
Carduus acanthoides,3920.5747482311344,1439.4397956631894,4811.118357291881,60549566,49.0391786645,20.1607206507
Carduus acanthoides,3978.373544168157,624.5249328901228,4936.827491511012,82285884,50.7950106139,8.9214816594
Carduus acanthoides,18.9819786821285,-4671.17461693419,4332.380467164958,85543938,42.8448019365,-89.7671717784
Carduus acanthoides,1732.2451071016364,3171.4502946471966,5246.997526889267,86715317,55.4441871389,61.3566474722
Carduus acanthoides,3020.656612884782,2479.33348250754,5031.728553810301,92336192,52.1654440168,39.3789063043
Carduus acanthoides,-389.21594017756144,-4298.907287579415,4685.900149852291,93364246,47.34979,-95.17336
Carpobrotus edulis,4926.602627722352,1914.3887683151438,-3557.169566094015,30752430,-33.940864,21.235227
Carpobrotus edulis,4775.163120943724,-733.4564445351217,4153.265214506092,383035800,40.6850616667,-8.7322833333
Carpobrotus edulis,5035.687401074229,-673.7029731186589,3844.181295458214,39292746,37.1128315135,-7.6201079329
Carpobrotus edulis,4732.112478296573,2145.4503815078624,3686.99163043735,404094310,35.3601390654,24.3886415336
Carpobrotus edulis,4859.736150133378,2134.972409932262,-3523.4373117159726,414056283,-33.5759783333,23.7167766667
Carpobrotus edulis,4917.284211965518,1853.8709104789982,-3601.8372750183853,422613746,-34.4264626326,20.657001616
Carpobrotus edulis,-5075.670904256207,495.3979508347468,-3818.6252593928534,436348045,-36.8251693156,174.4254479093
Carpobrotus edulis,-2677.174217120295,-4439.345468262041,3703.3367595028476,498966551,35.5405857054,-121.092332761
Carpobrotus edulis,4924.2926379732135,-28.107945343842353,4042.314323341122,505423698,39.3818542432,-0.327041723
Carpobrotus edulis,3792.3350979056663,-280.70472000423683,5111.668269267637,536398170,53.353433363,-4.2332545165
Carpobrotus edulis,-4385.182910069377,714.9691720924042,-4566.042384589789,559879199,-45.7819252543,170.7398586819
Carpobrotus edulis,-4452.575569598226,2556.894132075249,-3771.818702437012,568109648,-36.3010883333,150.1333778333
Carpobrotus edulis,-895.436721170877,-5917.400279849601,2184.5640608808094,576749672,20.0531313844,-98.6048661545
Carpobrotus edulis,-4015.035048645237,2611.3585235788164,-4201.196656806253,578711919,-41.25596512,146.96022739
Carpobrotus edulis,-4681.375093451182,514.9102260456249,-4290.6115908115025,578737811,-42.3345769727,173.7231977284
Carpobrotus edulis,1686.1098552713884,-5060.600048131736,-3483.8360808860107,580923774,-33.149564939,-71.5727633983
Carpobrotus edulis,-4389.8480481752695,827.7296265414205,-4542.449879630464,585027037,-45.478512455,169.3219387345
Carpobrotus edulis,2712.653287882042,-4244.991278144472,-3900.1684986545833,586171696,-37.7468929508,-57.4204268327
Carpobrotus edulis,4573.9219097868545,1226.579260781129,4261.982497602592,642291005,41.9872403909,15.0116936203
Carpobrotus edulis,5185.982250623969,-477.5506427443338,3669.780185447769,654539077,35.1705633333,-5.2612383333
Cassia fistula,-1259.5300086057675,5856.908074805846,2167.940287547854,10643975,19.8940623777,102.1366363764
Cassia fistula,1112.2671209695818,6226.038432447995,767.5027159352516,113564353,6.919113201,79.871096313
Cassia fistula,-1841.4005650576114,-5368.619565350722,2894.291113764537,18757063,27.0193166667,-108.931625
Cassia fistula,1370.6427104426286,5709.1940468934845,2473.0942207898006,192611275,22.8412622017,76.5001282096
Cassia fistula,1399.6532762038619,5173.905101317203,3444.0426592382764,200256055,32.72315979,74.8625717163
Cassia fistula,1715.3648177241448,5650.475119992035,2391.528295910931,205720768,22.0475974639,73.1128188079
Cassia fistula,-1082.7356969316904,6112.036451382635,1435.4257059274241,26680970,13.0208653,100.0456221
Cassia fistula,1415.8027617029559,5234.529062468461,3344.3924954772833,281580990,31.6641527778,74.8651277778
Cassia fistula,5098.938973273344,-3670.3697931383704,-1057.8090839697868,289973956,-9.55735257,-35.74747599
Cassia fistula,-930.8455081883999,6233.717125484658,929.5432044839024,348266834,8.3895180253,98.4928995754
Cassia fistula,1756.4085539724317,5561.278146363256,2564.559903763679,385046710,23.7368072498,72.4724131823
Cassia fistula,-1867.4232752681175,-5423.966569686274,2771.8351487038417,391774107,25.7897516667,-108.9981283333
Cassia fistula,815.5788395145521,-6251.275864195663,919.8556168977246,43081974,8.3014631437,-82.5668343902
Cassia fistula,3382.5975329982107,4896.00539251123,-2275.284214319789,463618785,-20.9241,55.3598216667
Cassia fistula,-1180.7720765979832,6104.756711043889,1388.3356697025865,481448606,12.5865753675,100.9468818828
Cassia fistula,-1609.1620168377096,6004.601062129673,1394.6744487210744,525685727,12.6449916667,105.0020833333
Cassia fistula,3953.0976405815745,-4305.353288537216,-2535.0947190563907,602817628,-23.447652113,-47.4424114823
Cassia fistula,1533.0622339113856,5305.247418922117,3177.077767485759,659120772,29.9125325084,73.8822437968
Cassia fistula,1229.2326067133235,5329.152523109666,3267.8546041254785,684553286,30.8589111806,77.0112203738
Cassia fistula,1617.1377817736281,5386.507862281154,2993.351227975263,684828607,28.0238749593,73.2891883619
Ceanothus fendleri,-1867.861439873272,-4909.381145372264,3605.3881262043483,133735657,34.4651858335,-110.8302083111
Ceanothus fendleri,-1791.0283653721087,-5111.223614793732,3355.199499833779,190471173,31.7784107058,-109.3110160903
Ceanothus fendleri,-1772.0743776223883,-5108.652791860729,3369.150068201954,196636358,31.9261133333,-109.1304861667
Ceanothus fendleri,-1242.9802537308549,-4535.598144747009,4298.0347471699315,218327683,42.42495,-105.32563
Ceanothus fendleri,-1470.3333816140328,-4994.0550240465445,3672.5042264624212,293151524,35.2005378204,-106.4053112385
Ceanothus fendleri,-1647.8838969446865,-4707.881630377145,3963.594624356188,305677075,38.4718333333,-109.291405
Ceanothus fendleri,-1479.3196572266709,-4860.054722479,3844.637118887786,309189819,37.1179722222,-106.929375
Ceanothus fendleri,-1976.2623259946406,-4854.700129652023,3621.6055831203266,315123353,34.6422716667,-112.1503666667
Ceanothus fendleri,-1491.2189001856673,-4844.903811682612,3859.1354442348597,397775277,37.28166491,-107.10790643
Ceanothus fendleri,-1307.5893785269868,-4887.862400152414,3871.532552364389,402018908,37.4219167463,-104.9769273286
Ceanothus fendleri,-1306.4698559640092,-4675.530090123937,4125.809983685684,402869888,40.3602427617,-105.6118040253
Ceanothus fendleri,-1575.9250753981498,-4797.570108508983,3884.5249825879455,405720139,37.5691861111,-108.184525
Ceanothus fendleri,-1923.0129768564332,-4772.949617558773,3756.4246523475963,406350874,36.1294950968,-111.9444185394
Ceanothus fendleri,-1909.0654432782587,-5026.770356663411,3417.1336005968838,408511168,32.43597,-110.7957616667
Ceanothus fendleri,-1269.5934725934508,-4764.32554219815,4034.7351427304156,523790020,39.293725,-104.9213866667
Ceanothus fendleri,-1296.052288310481,-4861.590662625662,3908.3164949519614,526208653,37.8396214773,-104.9273252254
Ceanothus fendleri,-1299.0532971965463,-4846.338727851237,3926.221414496318,528983179,38.0438,-105.0053027833
Ceanothus fendleri,-1887.0308516849339,-5099.744547289375,3319.86042580994,562467860,31.4053048915,-110.3057126186
Ceanothus fendleri,-1481.1976131511203,-4928.995146907695,3755.105005486965,592957066,36.1148028333,-106.7258916667
Ceanothus fendleri,-1587.9529649616927,-5064.77381018366,3523.6663806927722,77461563,33.57845098,-107.40771575
Centratherum punctatum,4407.7462924997,-4042.025192219732,-2196.260024699633,114627588,-20.1651439341,-42.5216837972
Centratherum punctatum,4737.082619508744,3001.8735947519785,-3023.004516496204,123222384,-28.3264,32.3623
Centratherum punctatum,1766.3739777068718,-6109.830397094268,373.69589146838115,151406070,3.3626533289,-73.8752278557
Centratherum punctatum,2799.804980966188,-5405.754523238904,1878.473644402947,15954257,17.1483707009,-62.6189844311
Centratherum punctatum,-1283.7978650376767,6230.281613058677,353.846284967232,162479082,3.18385,101.643275
Centratherum punctatum,1387.3150989836467,-6183.338046420259,-656.8413427161215,196213661,-5.9176230605,-77.3543350841
Centratherum punctatum,-2397.605390617916,5386.439636815628,2414.023520908377,30698761,22.266032,113.994744
Centratherum punctatum,5168.019244620749,-3680.747356521681,-577.433212038995,315040398,-5.2001105862,-35.4590878263
Centratherum punctatum,3338.071457976835,-4669.668857574637,-2764.2765476188215,333631886,-25.71428,-54.441255
Centratherum punctatum,-5110.2687263571825,2593.0676018748427,-2784.0450941391437,336828000,-25.9117680463,153.0957173459
Centratherum punctatum,826.2674597893104,-6241.985319272557,971.9333766038856,339796134,8.7750592702,-82.4594511894
Centratherum punctatum,-5525.816191402603,-2077.115049790817,2395.9761306078904,400502215,22.0907602472,-159.3991160856
Centratherum punctatum,1985.067546235904,-5668.146489047535,2126.352591941539,482748229,19.496815,-70.6990016667
Centratherum punctatum,3171.498243726261,-4685.983560081392,-2927.953226123258,496290957,-27.3596546032,-55.9096521512
Centratherum punctatum,4312.101261226143,-4160.272839132392,-2165.1017866573047,513542854,-19.86691743,-43.973346
Centratherum punctatum,4559.470292284879,-4440.362486233204,-290.1116583350945,528192344,-2.6099357223,-44.2417663336
Centratherum punctatum,1750.918552198173,5767.873091631512,2062.929313398508,587359701,18.8928574894,73.1135992706
Centratherum punctatum,4994.7925950899435,-3852.102903342917,-896.1603002639424,58776427,-8.0861684,-37.6402644
Centratherum punctatum,2972.6186823895146,-4814.100770203347,-2928.7753538149354,661405840,-27.3679796941,-58.3054327592
Centratherum punctatum,4889.392614814507,-4003.7053090050435,-808.6635805572189,663186256,-7.29214687,-39.3125154
Cephalanthera austiniae,-2687.5366858231378,-4071.839706335573,4097.196736543323,137014535,40.0233805,-123.4260116667
Cephalanthera austiniae,-2590.646071968307,-4029.7176040716404,4199.962153508974,140333424,41.2411988114,-122.7363663912
Cephalanthera austiniae,-2560.053388803499,-3972.6003752389447,4272.508166733512,21366573,42.1147195,-122.79885
Cephalanthera austiniae,-2641.0524150546576,-3999.571899515758,4197.382504754041,216698157,41.21035353,-123.43813037
Cephalanthera austiniae,-2679.657573555907,-4033.3481850471658,4140.204202251217,217220681,40.5303423806,-123.5990878568
Cephalanthera austiniae,-2275.2329860203854,-3633.79386811416,4712.601204542786,281869793,47.705412,-122.051981
Cephalanthera austiniae,-2634.536380665179,-3979.5559487238693,4220.439033987522,287582420,41.4865633333,-123.5052633333
Cephalanthera austiniae,-2492.3189761295607,-3845.251061163203,4426.301337180423,287639462,44.0078361111,-122.9494944444
Cephalanthera austiniae,-2619.4768224993236,-4044.9775636868394,4167.283385532637,304929141,40.85152,-122.9265883333
Cephalanthera austiniae,-2671.530813700651,-4094.2124030518585,4085.352009291452,332249403,39.8844195855,-123.1250097632
Cephalanthera austiniae,-2526.4544945580246,-4201.988382277699,4068.178271881437,337215638,39.6834379006,-121.0164789855
Cephalanthera austiniae,-2743.0379330886212,-4128.698572097408,4002.417285600686,392239879,38.919175,-123.599395
Cephalanthera austiniae,-2716.9731041574423,-4082.543485888724,4067.019666388405,398935005,39.6699,-123.6441583333
Cephalanthera austiniae,-2377.0685517544844,-3770.7821624862813,4551.977604625549,403483567,45.6008467425,-122.2269776703
Cephalanthera austiniae,-2490.3839122645245,-3916.885465369137,4364.143598736352,418626916,43.2356388824,-122.4484937665
Cephalanthera austiniae,-2546.679185165158,-4229.671488146744,4026.668270404513,510041443,39.2000466667,-121.0520861667
Cephalanthera austiniae,-2445.6949714375414,-3707.9304247104396,4567.229050734068,523264185,45.79723,-123.4082416667
Cephalanthera austiniae,-2498.3652973749977,-4400.480503157598,3870.8778477084015,526448445,37.4145033333,-119.58567
Cephalanthera austiniae,-2542.5316513658704,-4248.894540719058,4009.012486052888,669216134,38.9954492672,-120.8962342143
Cephalanthera austiniae,-2412.094259831111,-3758.305981448334,4543.862955809398,679014309,45.4966393072,-122.6924931513
Cerastium holosteoides,3944.0999970236885,1225.7273471032042,4850.91958433847,123673573,49.588239228,17.2639340535
Cerastium holosteoides,1738.53754588372,3197.431742365337,5229.117572224267,204665701,55.1617069597,61.4657757059
Cerastium holosteoides,1816.687918692939,3150.83875088909,5230.832945301181,220895578,55.1887206944,60.0334205556
Cerastium holosteoides,2132.5302780544494,2540.9086504520415,5439.28772661609,222731934,58.6225863066,49.9939828366
Cerastium holosteoides,3776.550342198119,1882.6535146738352,4773.157905014978,251328151,48.5211012324,26.4967795736
Cerastium holosteoides,4045.864852943572,592.9561602623193,4885.6047438777,277096140,50.0718111667,8.3378283333
Cerastium holosteoides,3852.70198379894,-106.90335617766003,5072.968778353274,278993183,52.7742694164,-1.5894143656
Cerastium holosteoides,4202.0067266483775,1161.381782142652,4645.867513714352,280689337,46.8210499654,15.4501290992
Cerastium holosteoides,475.08150122207377,-5003.365018750782,3915.4040897479545,309442123,37.9203769721,-84.5758905737
Cerastium holosteoides,4184.753932185283,173.4064727628048,4800.783045706316,363995233,48.8975928694,2.3728463799
Cerastium holosteoides,-13.68229795251994,-4578.608392931063,4430.114119137497,368517589,44.05552908,-90.171217
Cerastium holosteoides,4389.090324820258,689.5790394839883,4566.1931626411715,38789607,45.7838696455,8.9288682863
Cerastium holosteoides,3820.904995110852,-464.5658888579484,5076.870756964767,43923062,52.8323144008,-6.9322982803
Cerastium holosteoides,3849.7920503299933,1157.814838757348,4942.501299751647,500464750,50.875805,16.7385216667
Cerastium holosteoides,4008.5554759300658,496.6083744321935,4926.927668285007,548103429,50.6543716067,7.0622251555
Cerastium holosteoides,2596.294077107652,1721.658727492036,5557.418593277248,564740373,60.7267966667,33.5492183333
Cerastium holosteoides,2748.788553797695,2203.8007438514096,5308.217864555691,607264490,56.4271377489,38.7203812666
Cerastium holosteoides,3898.8579918566784,352.7916959877027,5026.350316905385,628108117,52.08666,5.17038
Cerastium holosteoides,1793.2344379509677,3132.0448137550025,5250.177012716285,675201023,55.4946307442,60.2069506422
Cerastium holosteoides,2707.9778757062663,2275.591889293037,5298.895215773431,87596892,56.2758275,40.0413039
Cercis siliquastrum,3778.612188998041,2535.553168079321,4459.014822432841,106481437,44.4182986323,33.8627027048
Cercis siliquastrum,4591.8494794117805,553.3240316946687,4381.609750314645,107095636,43.4516260828,6.8710888348
Cercis siliquastrum,4575.478081148695,2010.8197008865427,3951.121054730144,109373999,38.3286934505,23.7244086992
Cercis siliquastrum,4610.25480655423,47.40474652198824,4396.937176982206,268765500,43.6418030689,0.5891206238
Cercis siliquastrum,4367.423644807148,959.1520382642664,4538.214539215877,274445158,45.4242166667,12.38638
Cercis siliquastrum,4687.367810440798,1928.25263308646,3860.0748596777244,321872304,37.2922836068,22.3609018615
Cercis siliquastrum,4574.891897105298,344.13100664837447,4420.5985013051,369252962,43.9365724913,4.3017828092
Cercis siliquastrum,4623.649022768293,1050.2333618430414,4255.423918906682,450740975,41.9079367071,12.797243502
Cercis siliquastrum,4613.483972049911,1903.4233684545036,3960.1134137467975,490971799,38.4318563266,22.4199812097
Cercis siliquastrum,4364.895490385377,3073.6235402829834,3477.1078240844263,491571946,33.0773236901,35.1520143848
Cercis siliquastrum,4386.812421198823,2834.953335894449,3648.104918199871,545364429,34.9324474821,32.8723424115
Cercis siliquastrum,4494.9610559601515,383.3746488897978,4498.67781838927,626803257,44.9198580817,4.8749517688
Cercis siliquastrum,4623.502171376126,496.37619054049054,4355.0650372207065,629728219,43.123675,6.1277666667
Cercis siliquastrum,4733.683658797138,2128.0701400807548,3695.0385149563804,631764728,35.4489243416,24.206729912
Cercis siliquastrum,4487.464271391882,2201.2857510317453,3950.5390246095994,640734330,38.3220213,26.1298498
Cercis siliquastrum,4647.712629098256,190.90949990203532,4353.397984315832,642324997,43.1031378802,2.3521598386
Cercis siliquastrum,4633.680778430512,1203.5419057626245,4203.598750398795,646826027,41.2847069403,14.5601419079
Cercis siliquastrum,4609.691186048578,1648.463568342932,4077.1397036144817,659574982,39.7882389497,19.677468882
Cercis siliquastrum,2619.9558616581267,4417.581961091002,3769.6888505132683,659822382,36.277325,59.328895
Cercis siliquastrum,4889.82721494974,-637.5348351335014,4033.967311667957,86249691,39.284803,-7.428312
Chamaenerion latifolium,-1567.6362063487895,-2289.3335062214633,5735.086917520392,580816250,64.1824027778,-124.40165
Chamaenerion latifolium,2269.9190829466465,-2213.9486975037858,5525.907314765004,585105645,60.1523694444,-44.2848361111
Chamaenerion latifolium,2591.7003650795987,-969.7398361347606,5738.679900250321,604154133,64.2566972222,-20.5144055556
Chamaenerion latifolium,-1526.973890596362,-1634.7998034722252,5965.361134892138,638923358,69.4439472222,-133.0468
Chamaenerion latifolium,-2056.2362807188865,-3987.8548443810287,4523.124940533874,658415125,45.2311952273,-117.2767477949
Chamaenerion latifolium,-2408.9143146420283,-2500.501305794495,5341.757966635159,681295738,56.9765665865,-133.9312496989
Chamaenerion latifolium,-2176.622732261737,-1553.734226936801,5782.557960204462,699405107,65.1807033333,-144.4796916667
Chamaenerion latifolium,1726.5064651523887,-2171.9224500010905,5735.126975634079,699471956,64.1832299876,-51.5180789858
Chamaenerion latifolium,-1647.6118001717116,-3928.419398882291,4737.367360897576,699869110,48.0374462165,-112.7535825093
Chamaenerion latifolium,1422.0939638650818,-1758.8700806599609,5955.98672991933,701786839,69.20517,-51.043525
Chamaenerion latifolium,774.0387154225989,-3537.7678107722327,5241.6425015226105,702427605,55.3593733013,-77.6585633447
Chamaenerion latifolium,-2051.3648488181016,-1204.311363125399,5910.269835410052,702994168,68.0763083333,-149.5837383333
Chamaenerion latifolium,-3277.3081754264877,-1274.4754471512883,5312.6939105851625,704392515,56.5,-158.75
Chamaenerion latifolium,-932.7381606016534,3846.9166365136057,4992.092251265968,705719188,51.58804734,103.62913741
Chamaenerion latifolium,-2124.5280877992245,-2711.7136023784205,5359.360304411847,718805562,57.2681804518,-128.0773964161
Chamaenerion latifolium,-2031.5908075150912,-1015.8929112528982,5952.340171173328,719886332,69.1129929332,-153.4327489072
Chamaenerion latifolium,-2449.7520747662184,-4441.73464079485,3854.797177883564,721232441,37.2326466667,-118.878075
Chamaenerion latifolium,-2337.0932826066664,-2222.60889637693,5494.3387055967305,725975579,59.58678967,-136.43827251
Chamaenerion latifolium,2004.2612712623693,-819.7014202063554,5991.725917288512,726242488,70.1301945,-22.2435466667
Chamaenerion latifolium,-186.06123034104306,4288.440510335919,4707.909550697764,727129946,47.6427504026,92.4843160606
Chasmanthe floribunda,-2703.4075759190478,-4247.941100306291,3903.375080167099,114097418,37.7833716667,-122.4728466667
Chasmanthe floribunda,5017.725991962091,1684.373823015075,-3546.1336443522623,157100514,-33.821316,18.556114
Chasmanthe floribunda,5027.551671864897,1703.931039704113,-3522.796662928302,302174881,-33.5690633333,18.7224783333
Chasmanthe floribunda,-4124.078409699071,2867.0765711285453,-3919.3880052397467,316257615,-37.9658083333,145.1928116667
Chasmanthe floribunda,5020.723942570635,1680.7060300824194,-3543.629701678776,389169927,-33.794215,18.5081616667
Chasmanthe floribunda,1676.1482925324913,-5054.038941162506,-3498.1381351128534,430238485,-33.3033241219,-71.6521403566
Chasmanthe floribunda,-3908.7296148888486,3448.5204739813275,-3663.235246049578,433010885,-35.09859,138.57929
Chasmanthe floribunda,5051.751672658669,1676.8050461209189,-3501.125962425686,43901790,-33.33548,18.36232
Chasmanthe floribunda,-2711.3547994068713,-4233.381393952115,3913.667110875784,472730290,37.9005777778,-122.6383527778
Chasmanthe floribunda,5414.812392608838,-1508.9406347325387,2998.776090904445,477040979,28.0791559903,-15.571508288
Chasmanthe floribunda,-2346.412319449665,4861.121501800314,-3384.3167850464206,552617501,-32.086961692,115.7661158592
Chasmanthe floribunda,-2705.791250072615,-4247.581264058566,3902.1148427393227,60417142,37.7690328061,-122.4979231066
Chasmanthe floribunda,-2448.3036180224217,-4752.323504854963,3465.6866316588394,611972670,32.95483,-117.2566333333
Chasmanthe floribunda,-2449.8745201267393,-4757.3780338286115,3457.632457123838,615364006,32.86855,-117.2468
Chasmanthe floribunda,-2683.875024703553,-4250.08989569731,3914.4991837962584,63436554,37.9100616114,-122.2718637887
Chasmanthe floribunda,-2442.088466973967,4609.002583591307,-3658.2854226534637,665685366,-35.0442,117.9169616667
Chasmanthe floribunda,4948.104259615378,1844.747280422774,-3564.1162771473046,690084137,-34.0162012509,20.4464109159
Chasmanthe floribunda,-2688.1503589561084,-4251.1629070971785,3910.398280820337,702841,37.863332,-122.306516
Chasmanthe floribunda,-2363.585784743636,4857.387888286499,-3377.7208692493923,706512832,-32.016975,115.9473716667
Chasmanthe floribunda,-5072.866965811613,472.1001210955044,-3825.296766594236,9535176,-36.90016,174.683153
Chrysosplenium alternifolium,3618.3331465188908,802.2843809962965,5182.06118667944,186376072,54.4276488154,12.5017996039
Chrysosplenium alternifolium,3976.7759672958837,1006.149955136836,4874.696739633499,189481095,49.9192121217,14.198252368
Chrysosplenium alternifolium,4354.665349718116,502.23470508036837,4623.245950915296,195134006,46.5245601542,6.5790013013
Chrysosplenium alternifolium,4040.444994273355,1688.2273511707983,4627.574503850548,217749828,46.5811668249,22.6767347292
Chrysosplenium alternifolium,4068.089908231455,624.4481911042484,4863.174075112823,261383636,49.758537,8.726737
Chrysosplenium alternifolium,3790.0546877547167,1053.7343529770953,5011.475082933354,262075801,51.869478,15.537322
Chrysosplenium alternifolium,2999.3990763438564,2177.512776109806,5181.871903123776,270418732,54.4247227101,35.9790122511
Chrysosplenium alternifolium,4527.9313439570005,570.0373802391646,4445.520021237027,271741639,44.2486297712,7.1754201595
Chrysosplenium alternifolium,2934.4964107060136,848.7121918447694,5590.900782579227,487782340,61.3486318627,16.1308751003
Chrysosplenium alternifolium,3301.3705763803514,1383.4499894784326,5270.367309182503,489180445,55.8164783228,22.7362781391
Chrysosplenium alternifolium,3983.988232781765,1201.196632870948,4824.387789130696,489373999,49.2215528566,16.7783778258
Chrysosplenium alternifolium,4352.62084466744,883.8690816759116,4567.627432125054,495639953,45.8023689722,11.478742
Chrysosplenium alternifolium,2088.066021682863,3219.9318826543167,5085.447088490565,499241559,52.9601675184,57.0373403281
Chrysosplenium alternifolium,2046.945412234313,2678.030430142149,5406.285288832157,505256033,58.05712558,52.6076086283
Chrysosplenium alternifolium,1927.5406729381034,3058.708183789866,5245.82160678989,512254226,55.4255471026,57.7816369721
Chrysosplenium alternifolium,4310.628601362343,1246.8132083724324,4522.575705748042,619951140,45.2241819633,16.132069845
Chrysosplenium alternifolium,4142.21974103422,862.0452572504454,4763.260093792471,631708470,48.3868880143,11.7561294396
Chrysosplenium alternifolium,3303.4145700379136,828.5550605860143,5384.301423556817,637020468,57.685375,14.0803333333
Chrysosplenium alternifolium,2850.649625954381,1719.8650345649485,5431.907041049625,652788993,58.4953367522,31.1035843939
Chrysosplenium alternifolium,4306.000175300777,1850.6101482409906,4315.478849353171,718087657,42.637837708,23.2568119607
Circaea canadensis,920.2832360542283,-4968.323051031817,3880.5409359651,2212873,37.523996,-79.506032
Circaea canadensis,451.2076142071813,-5048.179283554415,3860.317440269768,395351309,37.2950258637,-84.8924601451
Circaea canadensis,66.37335319854931,-5039.240901131313,3897.614507365741,395876399,37.7178510922,-89.2453837405
Circaea canadensis,1107.777018598376,-4516.926697824219,4354.303206395429,399928865,43.1142888333,-76.2201783333
Circaea canadensis,1276.4428389545678,-4631.3038243039955,4184.671037912804,404607555,41.0585721667,-74.591155
Circaea canadensis,1629.111697694419,-4271.0317455812055,4437.796303837097,408779176,44.1517401604,-69.1215070885
Circaea canadensis,219.31654885912675,-4390.036935817216,4611.857443941059,415400388,46.3759077368,-87.1400071308
Circaea canadensis,1236.5222260641647,-4773.894221881335,4033.695560204656,417398021,39.28164559,-75.47852416
Circaea canadensis,466.06924309971913,-4974.994651583408,3952.4626256335905,528947608,38.344075,-84.6480166667
Circaea canadensis,599.1649735670477,-4960.13617448075,3953.201689104074,530424288,38.35255,-83.1122666667
Circaea canadensis,28.45334799003788,-4537.4915084093645,4472.148739451596,531876086,44.5839042242,-89.640718802
Circaea canadensis,812.0572576599534,-4652.0385244537465,4276.5469373032065,536289460,42.163702186,-80.0982482657
Circaea canadensis,1385.1502018634283,-4626.008598398283,4155.858093763584,539174058,40.7158193366,-73.3308992578
Circaea canadensis,855.9889246231468,-4831.063590531326,4064.2171047869133,539377943,39.6371640091,-79.9523638934
Circaea canadensis,760.7773638761265,-5070.99697589408,3780.9999474694814,56360657,36.403609,-81.467822
Circaea canadensis,293.0709165946262,-4951.136457681654,3998.763602032431,679905394,38.876955,-86.6124633333
Circaea canadensis,553.8833206936775,-5005.3199065438075,3902.5298243435714,683474149,37.7737541199,-83.6854019165
Circaea canadensis,378.02318504539727,-5035.440906909157,3884.7376326170934,688088581,37.5715989213,-85.7067154466
Circaea canadensis,179.82518239695116,-4694.402442303606,4303.487160797308,707340076,42.4914133333,-87.8062833333
Circaea canadensis,1394.3886771772754,-4337.7341693682465,4453.032182966165,9849661,44.343018886,-72.1797106361
Cirsium occidentale,-2672.4917271399286,-3988.7443666472923,4187.775002980171,104701688,41.0956027048,-123.8224123923
Cirsium occidentale,-2699.854141575203,-4284.680182696138,3865.495631339873,131826706,37.353586694,-122.2157677263
Cirsium occidentale,-2370.0796737618375,-4750.480331414814,3522.131753716691,132494602,33.5618870581,-116.5152367841
Cirsium occidentale,-2656.956521178287,-4122.942258204121,4065.917154807795,137112787,39.65702,-122.7990333333
Cirsium occidentale,-2441.726828874022,-4538.227240451552,3745.9600554274125,139369625,36.0130630809,-118.2818236686
Cirsium occidentale,-2699.7572331344077,-4220.711872173852,3935.3087939711386,141728988,38.1476457814,-122.6048109998
Cirsium occidentale,-2683.146165835117,-4215.240083758806,3952.4967828848144,173949858,38.3444666667,-122.4781638889
Cirsium occidentale,-2676.3986113007322,-4400.523560204441,3749.9381327150686,186574327,36.0573039749,-121.3079687208
Cirsium occidentale,-2483.451169419655,-4647.161395653131,3581.356500201681,188556130,34.2034616667,-118.120125
Cirsium occidentale,-2647.866547195359,-4334.578112459898,3845.775404896228,199262903,37.1308111667,-121.4195333333
Cirsium occidentale,-2703.9074550637497,-4302.052037390886,3843.304030610776,199510646,37.1029388333,-122.1500083333
Cirsium occidentale,-2680.3276455443665,-4173.476220579987,3998.4613388729185,407169230,38.8734633333,-122.709755
Cirsium occidentale,-2681.071152482753,-4379.1314469587405,3771.580355137523,502976719,36.2984286684,-121.4765563881
Cirsium occidentale,-2654.648471589875,-3955.0285130705925,4230.879823720073,526158429,41.6120283333,-123.869845
Cirsium occidentale,-2497.66145921541,-4632.064015217129,3591.0198166757527,526866855,34.3086050185,-118.3340496942
Cirsium occidentale,-2387.4634060440767,-4106.220776264275,4246.024322946521,528821836,41.7944520149,-120.1748313354
Cirsium occidentale,-2653.804571280092,-4034.0524146223893,4156.139499969844,536377970,40.7191583333,-123.33895
Cirsium occidentale,-2420.872658177285,-4534.646108257401,3763.789762384861,546111873,36.211545,-118.0960388333
Cirsium occidentale,-2478.011166811299,-4214.417161940642,4085.082835387322,562458043,39.8812649455,-120.454860158
Cirsium occidentale,-2449.9834711049184,-4270.7073831135185,4043.31455229615,97325716,39.39349302,-119.84166836
Claytonia caroliniana,1380.1950420675646,-4385.060604694555,4410.902205749451,17308255,43.8156015095,-72.5286376476
Claytonia caroliniana,910.4818177316737,-4683.741548738639,4221.76990063135,17409487,41.50254258,-78.99935537
Claytonia caroliniana,901.9265778368517,-4776.484986636782,4118.430860206634,17493993,40.2732083333,-79.306945
Claytonia caroliniana,726.3424356627007,-4220.996028730749,4716.500007555631,277600924,47.7575416667,-80.2362533333
Claytonia caroliniana,1166.172052854089,-4253.255442590222,4597.783597875848,281862230,46.1927610574,-74.6672558274
Claytonia caroliniana,1233.8298070198434,-4377.581099004853,4461.412428662281,30740775,44.448495,-74.2594057
Claytonia caroliniana,1386.611314135026,-4305.569037314875,4486.550730584202,318084,44.766043,-72.148812
Claytonia caroliniana,975.6473488681553,-4663.588558115221,4229.516182844177,34455273,41.59562788,-78.18383872
Claytonia caroliniana,1932.146744852472,-4041.50567145594,4530.209045245364,352974829,45.321730985,-64.4486572979
Claytonia caroliniana,1317.7885463874989,-4348.643885542447,4465.700710238165,35583433,44.5025422258,-73.1413879771
Claytonia caroliniana,963.2297712358549,-4624.35478596232,4275.1940717387015,35770504,42.1472902518,-78.2338185412
Claytonia caroliniana,786.1887020204013,-5067.344902182052,3780.697831991137,361977652,36.4002333333,-81.1809833333
Claytonia caroliniana,530.0181749117739,-5112.830695191971,3764.013303143788,363122766,36.2140366667,-84.0816111667
Claytonia caroliniana,667.5705074402802,-4556.064770641669,4402.996315350631,38585046,43.7171487138,-81.6641392932
Claytonia caroliniana,1433.7895432218836,-4219.127998123411,4553.345979702856,38608946,45.6184383333,-71.2306583333
Claytonia caroliniana,1252.2105819112019,-4277.497925180506,4552.442562878033,39046179,45.6068235457,-73.682940173
Claytonia caroliniana,400.4641668928909,-4398.666999080521,4591.417015683957,41649428,46.1101113459,-84.7980090935
Claytonia caroliniana,1428.6380609078142,-4096.052789141431,4665.950917998355,57246114,47.0856500219,-70.7720407998
Claytonia caroliniana,1087.404187460567,-4489.739419241785,4387.430365268159,8261617,43.5237754739,-76.3852697212
Claytonia caroliniana,308.471166455759,-4393.322742099799,4603.619657714086,8282767,46.2686329681,-85.9836464514
Cleomella lutea,-2412.4842336312245,-4242.754321145526,4094.9613823037653,127629553,39.9971339593,-119.6231125687
Cleomella lutea,-1614.8636564726075,-4837.953352600204,3817.8758307134344,135376736,36.81675,-108.4585283333
Cleomella lutea,-1951.4648060850543,-4697.397453190078,3836.143298555494,142255272,37.0222374145,-112.5597241615
Cleomella lutea,-1978.7090824813936,-4670.341687586151,3855.174706518243,153554015,37.2369111111,-112.9611805556
Cleomella lutea,-1602.558275584829,-4576.574751071451,4132.375061739593,304395493,40.4377703352,-109.2984899398
Cleomella lutea,-1695.980405267388,-4716.384878072545,3933.0798716165327,341536815,38.1221611667,-109.778245
Cleomella lutea,-1688.1527185802158,-4717.925819608,3934.5990251998805,387146093,38.1395296008,-109.6880584025
Cleomella lutea,-2170.6093977501905,-3779.6721804301296,4646.750066504388,414259680,46.8326502491,-119.8681090269
Cleomella lutea,-1664.6322445900373,-4696.000528294716,3970.6840290061264,430935341,38.553314209,-109.5183334351
Cleomella lutea,-2380.1635001330937,-4464.931703309909,3871.5577907464713,438772126,37.4222025426,-118.0611622895
Cleomella lutea,-2222.851444761894,-3798.4294868741927,4606.584202795175,454341263,46.3072138889,-120.3362888889
Cleomella lutea,-1681.276318715788,-4727.251099704961,3926.3418228856685,508959765,38.045175,-109.5782466667
Cleomella lutea,-1729.1102404596002,-4649.208992497096,3998.0978790043796,509527372,38.869264965,-110.4009193182
Cleomella lutea,-1707.9412176270698,-4709.408733210604,3936.262098789624,510021675,38.1585482092,-109.9339736415
Cleomella lutea,-1980.2043105474017,-4654.782472424404,3873.182690317807,532603883,37.440605,-113.045525
Cleomella lutea,-2126.2999442643318,-3762.0227313628416,4681.429978693284,546474447,47.29048762,-119.47518802
Cleomella lutea,-2178.240877180737,-3860.6769562560016,4576.045590910368,559227897,45.9110712167,-119.4322196582
Cleomella lutea,-2188.4046828666537,-4308.736802749065,4151.556965563703,569308762,40.6648055556,-116.9259861111
Cleomella lutea,-1827.6064817557876,-4696.447526306787,3897.8184039496405,593839246,37.7201692158,-111.2633292972
Cleomella lutea,-1695.212826296265,-4714.79117690102,3935.3209222952023,87206917,38.1477844762,-109.7761520372
Clinopodium vulgare,4089.6208143046474,435.30559866965996,4865.723354307196,238867298,49.7940388889,6.075775
Clinopodium vulgare,2342.5014265312343,2709.2338185800327,5269.012460854389,263525648,55.7947979244,49.1521222905
Clinopodium vulgare,1544.9504465123034,-4454.638824305993,4284.749023278328,300095642,42.2632949829,-70.8725160733
Clinopodium vulgare,2088.3434426972112,3219.9142591150353,5085.344330423326,313179819,52.9586333987,57.0337222129
Clinopodium vulgare,3990.882467901896,-287.47635151863,4957.818835373904,414159822,51.0946282406,-4.12008663
Clinopodium vulgare,49.05635442691273,-4430.979524156052,4577.528488199453,415161270,45.9302416667,-89.3656916667
Clinopodium vulgare,-2482.049857659146,-3688.956948746445,4562.979099674572,416831756,45.7424366667,-123.933945
Clinopodium vulgare,562.0375664067608,-4406.148087611541,4567.244895301998,427702784,45.79743438,-82.7307455242
Clinopodium vulgare,799.96512794834,-4509.379281353066,4428.917183764869,42925800,44.0405528333,-79.94037
Clinopodium vulgare,3418.448584840421,1497.5381680604598,5163.462194853573,429385486,54.1411201493,23.6570424898
Clinopodium vulgare,31.293543559660346,-4617.194213156749,4389.794009039689,44937235,43.5530986436,-89.6116774743
Clinopodium vulgare,-5170.808105555963,614.8445534112669,-3670.7578019170214,466714742,-35.1813194444,173.2189777778
Clinopodium vulgare,-4233.217681956901,2805.9900796759157,-3846.5622131463338,467276441,-37.139687,146.461576
Clinopodium vulgare,3656.477493903821,1658.6559386879999,4946.593367491136,473664064,50.9341626207,24.4000543973
Clinopodium vulgare,741.2634509060182,-5078.603534789734,3774.661277843291,50997677,36.332815,-81.695854
Clinopodium vulgare,-2329.734899934529,-3683.054386891817,4647.278645497968,511718739,46.8395990963,-122.3156086389
Clinopodium vulgare,4797.672520290023,-289.6008876873808,4181.892256333499,521978826,41.0254387697,-3.4543415532
Clinopodium vulgare,775.6789995432054,-4231.802631344738,4698.927719032167,524572614,47.52299845,-79.61312648
Clinopodium vulgare,4266.4891265625665,641.2234247029158,4687.819981847969,82888970,47.3752794189,8.5471828204
Clinopodium vulgare,4212.644921815479,-145.7572181055694,4777.251377701389,86582647,48.5767122879,-1.9816394184
Collinsia tinctoria,-2658.769627997112,-4265.736293238626,3914.6125059147707,128457118,37.9113533333,-121.93467
Collinsia tinctoria,-2546.585464372349,-4246.596677410175,4008.874188813333,129620170,38.993849,-120.950138
Collinsia tinctoria,-2659.2898053526787,-4265.935590532961,3914.041951518781,135433698,37.90485,-121.9385
Collinsia tinctoria,-2658.459588591011,-4268.30954917223,3912.0172977571433,18767218,37.8817770853,-121.9161630439
Collinsia tinctoria,-2456.093425056302,-4527.205213385708,3749.9028218029744,201015263,36.0569111667,-118.4806583333
Collinsia tinctoria,-2657.668933292408,-4267.509703917551,3913.4268739379013,204990000,37.8978398231,-121.9133336396
Collinsia tinctoria,-2658.4492222888293,-4268.319971855079,3912.0129703328444,207719376,37.8817277778,-121.916
Collinsia tinctoria,-2658.104645595371,-4268.633970802773,3911.904503697693,23926640,37.880491899,-121.9107759836
Collinsia tinctoria,-2658.011795973245,-4268.71246817917,3911.8819366330845,260183524,37.8802347704,-121.909405165
Collinsia tinctoria,-2658.9942167959725,-4266.414036908559,3913.721266313255,282859006,37.9011949956,-121.9327564538
Collinsia tinctoria,-2518.1697913977073,-4381.105127261765,3880.0118421533366,284270732,37.5179966718,-119.8894100636
Collinsia tinctoria,-2659.9141401203083,-4267.597738648745,3911.8051380335387,285386759,37.8793597357,-121.9345182007
Collinsia tinctoria,-2488.0683940506797,-4435.318232488854,3837.606151333857,292881109,37.0387167847,-119.2909990441
Collinsia tinctoria,-2590.0035393212816,-4114.447427499961,4117.396891522559,39741541,40.26102195,-122.19000484
Collinsia tinctoria,-2513.5656668557253,-4382.921991604312,3880.9451920367105,397538275,37.5285801339,-119.8338766024
Collinsia tinctoria,-2525.2273907543795,-4230.203445005562,4039.5988128184626,40845418,39.3502660378,-120.8351637417
Collinsia tinctoria,-2488.347766269961,-4380.077781237,3900.3585930130434,42978509,37.7490550009,-119.6011597856
Collinsia tinctoria,-2536.9310083743535,-4224.878734605828,4037.8377711717917,693047848,39.3297883333,-120.9837333333
Collinsia tinctoria,-2602.5111522330567,-4100.283126490169,4123.635182069337,76270336,40.33458,-122.40390833
Collinsia tinctoria,-2459.242681765815,-4452.934929918672,3835.7853266011784,82808984,37.0182053232,-118.9107534662
Convolvulus angustissimus,-4121.769544145163,2915.6778322432415,-3885.819312989238,104171272,-37.5838732992,144.7249856167
Convolvulus angustissimus,-4063.7709852842763,2938.3907418437147,-3929.55192828473,164885843,-38.0818422309,144.1304382967
Convolvulus angustissimus,-4063.869821237867,2946.477987582306,-3923.389182123342,168031241,-38.011464849,144.0562952566
Convolvulus angustissimus,-3945.4830837342533,2516.3733210336422,-4323.283668097017,168729295,-42.7333236851,147.4708452103
Convolvulus angustissimus,-4037.1774890093207,3035.4418868099365,-3882.916893742843,171129308,-37.5509426371,143.0615084433
Convolvulus angustissimus,-4069.8681068313213,3092.2357279108624,-3803.157231262763,174084690,-36.6515837292,142.7728771886
Convolvulus angustissimus,-4089.426928802977,2929.2739001139457,-3909.6924356999903,178653729,-37.8552919149,144.3858137729
Convolvulus angustissimus,-4456.781785220741,2670.1864890992447,-3687.404691925461,179673782,-35.364694199,149.0729590047
Convolvulus angustissimus,-4218.539963386285,2885.410771635475,-3803.692730218919,182275144,-36.6575866667,145.628525
Convolvulus angustissimus,-3934.956663392661,2503.713148374104,-4340.194656643612,187262168,-42.9407230875,147.5324370816
Convolvulus angustissimus,-4132.793142433605,2902.7141344956112,-3883.815730043149,187644068,-37.56113922,144.9172785604
Convolvulus angustissimus,-4128.440723962719,2889.0741060138,-3898.587068203579,191444646,-37.7289089,145.0157524
Convolvulus angustissimus,-3968.693336292251,3391.912008067858,-3651.596809845248,317508173,-34.9707611779,139.4805748595
Convolvulus angustissimus,-3907.14853534397,3454.8097115620194,-3658.993483095271,343008803,-35.051978139,138.5159891099
Convolvulus angustissimus,-4119.45037336368,2899.5725145805145,-3900.3026784802873,447496665,-37.7484190469,144.8592956676
Convolvulus angustissimus,-4468.153945582957,2666.0795399038693,-3676.5980654886475,451910274,-35.2456059511,149.1761146858
Convolvulus angustissimus,-4014.390211434336,2587.015709492156,-4216.844089939586,453167918,-41.4434197905,147.2008293495
Convolvulus angustissimus,-4289.5464060040285,2821.591864714396,-3772.0238744463036,596024559,-36.3033778751,146.6637501866
Convolvulus angustissimus,-4595.099352739084,2641.3334233824185,-3535.2754934597683,616309333,-33.7038566061,150.1090517511
Convolvulus angustissimus,-3919.8125311662448,2568.4017381139897,-4316.0323633914695,627438122,-42.6446046973,146.7657455429
Corethrogyne filaginifolia,-2386.668221566684,-4763.25179408382,3493.56555341365,108936168,33.25413559,-116.61355276
Corethrogyne filaginifolia,-2652.887306630719,-4474.774011733693,3678.089125063147,148135526,35.2620269055,-120.6617481261
Corethrogyne filaginifolia,-2703.8399199636547,-4269.849889619136,3879.0958659213143,283794965,37.5076116726,-122.3436283333
Corethrogyne filaginifolia,-2359.441919507459,-4857.593274890549,3380.3216613048085,309249436,32.0445646,-115.9068847
Corethrogyne filaginifolia,-2659.7341106619488,-4490.4268827118485,3653.9887795773916,332164531,34.9970166667,-120.6387716667
Corethrogyne filaginifolia,-2449.0962638444876,-4754.601028678819,3462.000820073087,33698009,32.9153354645,-117.2530078804
Corethrogyne filaginifolia,-2582.2873849187404,-4584.522628003624,3592.171664145481,34283942,34.3211466667,-119.3909083333
Corethrogyne filaginifolia,-2547.2689978964545,-4611.724011987165,3582.3421694882854,343358339,34.2141803954,-118.9139059453
Corethrogyne filaginifolia,-2636.2048933591773,-3842.512391669259,4344.568495233416,418646876,42.9944783333,-124.45257
Corethrogyne filaginifolia,-2685.48252736688,-4352.612603869161,3799.039384571309,423241715,36.6054383333,-121.6738283333
Corethrogyne filaginifolia,-2559.576248426689,-4608.69979563446,3577.458420706841,427185866,34.161085075,-119.0468845198
Corethrogyne filaginifolia,-2530.057800585121,-4629.743506320049,3571.2792835429664,430886910,34.093954308,-118.6556798341
Corethrogyne filaginifolia,-2468.3967217309746,-4548.472933000084,3715.9338976347285,434026841,35.6799327436,-118.4881045484
Corethrogyne filaginifolia,-2553.88629058684,-4620.02343668467,3566.903613628267,48972820,34.0464487775,-118.9332222749
Corethrogyne filaginifolia,-2408.1391517692505,-4684.598121728641,3584.0144242580827,49820256,34.2323685651,-117.205637867
Corethrogyne filaginifolia,-2658.2397610951107,-4311.739445143959,3864.2486280517865,52934071,37.33948,-121.65433667
Corethrogyne filaginifolia,-2435.3141116942747,-4721.164768230482,3517.0444322299063,55660964,33.507,-117.286
Corethrogyne filaginifolia,-2418.93000219738,-4840.64401621611,3362.5431272205246,64295011,31.8561323889,-116.5518685944
Corethrogyne filaginifolia,-2410.129651639808,-4779.895634260247,3454.508057241125,96790264,32.8351026024,-116.7582570579
Corethrogyne filaginifolia,-2378.7346734452594,-4856.876974074836,3367.806488165313,97778658,31.9118777778,-116.0940555556
Corybas macranthus,-4795.573853149045,518.3190839637633,-4162.159280454031,100492115,-40.7906255997,173.8312578
Corybas macranthus,-4894.804289580464,264.9929253223306,-4069.4499439004326,114687138,-39.6983,176.9011694444
Corybas macranthus,-4983.735506626408,429.3903117310274,-3945.599763009445,166071620,-38.2654243558,175.0756523855
Corybas macranthus,-4763.194949842817,412.688907848937,-4210.868659173279,239822969,-41.371771,175.048191
Corybas macranthus,-5065.407073594667,484.3782007514535,-3833.638228509744,328671477,-36.9940255271,174.5377151645
Corybas macranthus,-4575.550248905204,589.8973488608892,-4393.872343073688,334506880,-43.6037276996,172.6537328542
Corybas macranthus,-4761.960669797733,381.71178250286266,-4215.184435356945,336441804,-41.4235116667,175.4170533333
Corybas macranthus,-4409.317068311799,894.885997037949,-4510.748848370643,340446079,-45.0733721667,168.52745
Corybas macranthus,-4658.050566480698,628.0308905175232,-4300.917954383929,341735322,-42.4600866667,172.3212883333
Corybas macranthus,-4733.692298225837,617.5191589769704,-4219.073410559623,368048243,-41.4701708697,172.5676276279
Corybas macranthus,-4754.275493953125,551.3231866690684,-4205.075552367076,431922116,-41.3023836349,173.3853165972
Corybas macranthus,-5055.868943094303,477.79567034543805,-3847.0317983259624,440768352,-37.1449847968,174.601400155
Corybas macranthus,-5011.050590227641,455.6440291450638,-3907.8784052937335,443047643,-37.8346328212,174.8045053965
Corybas macranthus,-4608.797724709817,604.4586654373792,-4356.99051917315,447735450,-43.1474043988,172.5281208989
Corybas macranthus,-4706.469618029683,634.2350824866191,-4246.956878093319,449585789,-41.8057021,172.3251623
Corybas macranthus,-4764.543272935334,659.4283543210312,-4177.802625247098,453807738,-40.9767054748,172.1201366186
Corybas macranthus,-5120.188486724084,495.87009732097584,-3758.661442146454,54819715,-36.1544046381,174.4683802605
Corybas macranthus,-5150.88179157285,591.7211725703761,-3702.436488699387,55611104,-35.5306363665,173.4467225884
Corybas macranthus,-4659.09661835302,555.9337183662864,-4309.6994711130765,591846461,-42.5672257716,173.1955127186
Corybas macranthus,-4724.227747988682,632.0643701630884,-4227.519360899671,599584036,-41.5716196997,172.3795317
Corylus americana,502.80076541327986,-5074.181726901393,3819.636674129786,116619641,36.8365333333,-84.3410333333
Corylus americana,-353.2449215696158,-4328.003290984934,4661.905047111781,129261463,47.03224,-94.66605
Corylus americana,1300.9454972935735,-4692.304198022933,4108.476025969408,13711094,40.1559713542,-74.5039189607
Corylus americana,188.0136727747601,-4859.449630611642,4115.8417457520845,14369195,40.2426970916,-87.7843129632
Corylus americana,-492.16033973095847,-4054.8685904635045,4889.332474249001,24437803,50.1240721667,-96.9204333333
Corylus americana,-63.86897291741705,-5167.901894293922,3725.3810402332274,257654314,35.784595,-90.70807
Corylus americana,160.11674487770964,-4917.568656894273,4047.423163250695,258618206,39.4413216667,-88.1351
Corylus americana,1001.6657570546486,-5070.479148878214,3725.1389291693313,351591563,35.781911,-78.825187
Corylus americana,738.7616914679256,-5102.087943718767,3743.3518279019,351669492,35.98407,-81.7610633333
Corylus americana,679.4799836016259,-5134.1913070689225,3710.5443945572306,352690806,35.6202854175,-82.4610520899
Corylus americana,401.69776738980556,-4788.363125747923,4183.296619811827,354004980,41.0421819134,-85.2046615011
Corylus americana,1073.1791035496942,-4941.027313952858,3876.1177515851496,354812187,37.473856894,-77.7458261964
Corylus americana,289.2275476928505,-4779.495750867657,4202.680207054901,356079826,41.2737147803,-86.5370125129
Corylus americana,1641.5527836888389,-4210.140197076981,4491.077499776357,366735155,44.8234106966,-68.6989638339
Corylus americana,483.27311567032854,-4693.257725435203,4281.300287061224,470272507,42.2214,-84.1208721667
Corylus americana,206.67133780692612,-4875.0759015328285,4096.422224588234,474821482,40.0142853805,-87.5724871829
Corylus americana,-369.9128782968684,-5131.709209838805,3757.4563440981124,475460332,36.1409833333,-94.1229638333
Corylus americana,1087.160772750539,-4827.449215958927,4012.9251988054075,476062350,39.04073912,-77.308493
Corylus americana,313.15337811527763,-4878.743279182121,4085.284825723625,477548191,39.8836322,-86.3273766
Corylus americana,334.5073333815939,-4932.303228395523,4018.736472667806,624597038,39.1080585564,-86.1201585084
Cunila origanoides,964.8641909202652,-4930.458802156937,3917.8267219199975,105419617,37.9480005858,-78.9274559149
Cunila origanoides,1106.8531716448865,-4746.780237904109,4102.768158102539,151809696,40.0888416667,-76.8743216667
Cunila origanoides,-313.01753684155335,-5154.669340028105,3731.106691892006,160093375,35.848095,-93.4750216667
Cunila origanoides,-357.0754993329047,-5161.900920959492,3717.1264573123062,168220556,35.6931372,-93.9571428
Cunila origanoides,991.4430136572987,-4804.062702607805,4065.4366837721336,213495648,39.6514076879,-78.3392375273
Cunila origanoides,325.56650220421255,-4926.512413098201,4026.566158143845,322644439,39.1988616667,-86.21913
Cunila origanoides,1093.6239899959207,-4844.906880861944,3990.064788190716,423802766,38.7765369544,-77.2800017222
Cunila origanoides,565.161941291798,-4980.016538918149,3933.1641692019957,429161212,38.12312483,-83.52543427
Cunila origanoides,-93.17065309917402,-5024.367551885904,3916.2230608884574,478235371,37.9297139772,-91.0623572767
Cunila origanoides,983.2121465928057,-5073.620652074447,3725.7778360113557,53586887,35.7889940031,-79.0326466598
Cunila origanoides,-211.23924152420332,-5093.996443563734,3820.5145393621715,53990092,36.8463981891,-92.3745965887
Cunila origanoides,1005.6365180142143,-4880.860069749285,3969.339151904343,560608590,38.53785,-78.35788
Cunila origanoides,-13.503740332242536,-4988.697687405539,3962.6337406261905,563461917,38.4607966667,-90.1550916667
Cunila origanoides,558.0561837574658,-5004.215573211821,3903.3514986831215,564644953,37.7831033333,-83.636825
Cunila origanoides,1122.3752641589153,-4813.42656611658,4020.0686049724063,569719824,39.1234994106,-76.8745303376
Cunila origanoides,877.3799725771916,-5027.711932392087,3813.4066447574287,570294484,36.7665609803,-80.1010642055
Cunila origanoides,628.2329834719369,-4864.89151652617,4065.452862915409,571662649,39.6515966667,-82.64177
Cunila origanoides,-294.0919000172303,-5196.0794444547155,3674.7818290256178,574423751,35.2256083333,-93.2394166667
Cunila origanoides,960.775788265438,-5068.86190819941,3738.0880099277224,92470629,35.9255897643,-79.2672141858
Cunila origanoides,49.39326336811977,-5048.4450495119245,3885.9382415666137,96389246,37.5852229658,-89.4394441844
Cuscuta campestris,-2396.3667945638263,5377.527005591709,2435.032365230735,118436417,22.4703416917,114.0190040212
Cuscuta campestris,4361.628696087286,1055.259356888785,4522.430313099808,150072915,45.2223255669,13.6008727178
Cuscuta campestris,5018.093071744628,2707.7178786786635,-2841.963923499016,15200823,-26.4923,28.3509
Cuscuta campestris,4724.931467084014,2771.5957377640916,-3253.1573628468486,175918552,-30.7050616667,30.3954433333
Cuscuta campestris,1106.519486430158,-5161.777364922582,3566.71027570234,19101532,34.0443503712,-77.9007396429
Cuscuta campestris,1175.5672199311234,-4867.6955614962435,3938.6970893546277,208113577,38.1864032727,-76.4228230551
Cuscuta campestris,4662.978898446583,-539.8925923540057,4307.539542597444,208757584,42.5408564697,-6.604456231
Cuscuta campestris,2345.5445833248277,2707.420602905502,5268.590648007853,253736517,55.7880505027,49.09633331
Cuscuta campestris,3490.289964298052,2839.490098842104,4510.534898809163,303159130,45.0706476634,39.1297294559
Cuscuta campestris,-2658.0106131696293,-4332.308796825151,3841.3322166803623,308472758,37.0807079305,-121.5304529174
Cuscuta campestris,4431.5254100007405,771.9582362970904,4511.697701709224,314091140,45.0854567395,9.8815956052
Cuscuta campestris,1331.1558495551908,-4650.246450293121,4146.442473423291,330014878,40.60419556,-74.02597081
Cuscuta campestris,-3050.621844694762,4954.415265682731,2595.617241720835,377512606,24.0422833333,121.6221866667
Cuscuta campestris,3592.297230949533,2709.4977287222805,4510.407497359696,435620114,45.0690253536,37.0255011845
Cuscuta campestris,4044.8505826110886,586.2793515989399,4887.250087310542,452275428,50.0948710687,8.2472797942
Cuscuta campestris,-2855.7133565354707,4951.024900171273,2814.6059747087857,454595679,26.217725,119.97602
Cuscuta campestris,3345.8803619133673,3262.063994504101,4330.563038358852,465369675,42.8225138889,44.2732888889
Cuscuta campestris,5071.806626715039,2548.6272038078696,-2893.273240967285,475852108,-27.0090416667,26.6799283333
Cuscuta campestris,4838.841528084485,-284.59304788066817,4134.53414459966,586702428,40.4632866667,-3.3659333333
Cuscuta campestris,-3023.041616533107,4059.429561182272,3869.367409821125,708203010,37.397403,126.674914
Cyclospermum leptophyllum,447.76305222393074,-6187.3106513606,1451.3608380758408,11349664,13.167999,-85.860837
Cyclospermum leptophyllum,-2696.035326739194,-4270.917711446634,3883.3501707550363,136587370,37.555857646,-122.2623469681
Cyclospermum leptophyllum,-4628.533034403721,2605.2622217918947,-3518.3865385734516,151095538,-33.5214765882,150.6261465514
Cyclospermum leptophyllum,5067.789158444844,2592.7793019868245,-2860.902246917054,189597588,-26.6827567599,27.0951666752
Cyclospermum leptophyllum,2444.184553024058,-5537.477399877985,1987.9786332545343,24350689,18.1819204583,-66.1838387242
Cyclospermum leptophyllum,-833.1320861958127,-5656.0832463570205,2811.470499028555,252391070,26.1862976434,-98.3793225381
Cyclospermum leptophyllum,-15.243286852206127,-5377.262949623457,3416.8061025598477,35063498,32.4324803914,-90.1624197424
Cyclospermum leptophyllum,-2602.6849258560865,-4133.1666890924935,4090.5644386288714,355352698,39.9455364005,-122.1989175638
Cyclospermum leptophyllum,613.2794709536405,-5250.627012568958,3555.918642919919,383058985,33.9273047938,-83.3379710861
Cyclospermum leptophyllum,-1153.321911622302,-5832.055425347585,2290.574428723746,431018631,21.0713888333,-101.1862333333
Cyclospermum leptophyllum,641.1230483785312,-6239.594343154357,1116.3228920842719,481543245,10.0914128608,-84.1334033757
Cyclospermum leptophyllum,-601.0893705402318,-5448.153507705117,3247.471024471415,482496453,30.645603387,-96.2959232109
Cyclospermum leptophyllum,-3006.4408754827773,4927.811475636445,2695.8747100875353,502212724,25.033445186,121.3872233982
Cyclospermum leptophyllum,3332.5253097466993,-4683.374053107536,-2747.732823302548,51114897,-25.5492596794,-54.565674495
Cyclospermum leptophyllum,-2437.5394806113995,-4776.062684370958,3440.5493231600994,532413398,32.685824719,-117.0382158458
Cyclospermum leptophyllum,-5040.621691950766,2548.961965687444,-2946.977941178324,551638432,-27.55246509,153.1750042014
Cyclospermum leptophyllum,928.2489637998535,-5560.358303850359,2968.2524359771514,608749723,27.7684783333,-80.5224133333
Cyclospermum leptophyllum,122.35562211649793,-5494.8583933693335,3222.0045729688995,617860709,30.3797638889,-88.7243888889
Cyclospermum leptophyllum,2976.267538453814,-4300.38143454621,-3638.448046438729,62596693,-34.826583459,-55.3131298721
Cyclospermum leptophyllum,-4066.3573750119945,2919.5048384093625,-3940.936732157384,631746698,-38.2120330634,144.3229523407
Cynoglossum creticum,4517.562459747947,2424.944592213739,3781.6697736115007,114440580,36.4110937798,28.2260868368
Cynoglossum creticum,4903.179907910739,-818.6799089594026,3984.763873431411,118809483,38.715413132,-9.4791854417
Cynoglossum creticum,4493.882525193574,1707.8250678571728,4180.682542006258,23388565,41.01101969,20.80845889
Cynoglossum creticum,4665.317917144958,-554.9545530097816,4303.090436620799,291023516,42.486575,-6.783641
Cynoglossum creticum,5035.9597013813245,-687.6754357934888,3841.349438771093,33718427,37.08090207,-7.77581776
Cynoglossum creticum,4891.991025339808,227.4763014238756,4075.098952168244,361003792,39.764359,2.662321
Cynoglossum creticum,4663.094030191793,231.28991661118232,4334.952383791671,390364027,42.8763563986,2.8395491612
Cynoglossum creticum,4677.864782985296,-167.5040515731672,4321.952868147678,390689880,42.7170319809,-2.0507596806
Cynoglossum creticum,5366.837999364145,-1662.391655685531,3003.8736660128743,487376255,28.1311278,-17.2104995056
Cynoglossum creticum,4354.4686338147285,1132.188431169518,4510.710077485255,498283892,45.072878436,14.5745438686
Cynoglossum creticum,5009.5741278833975,-292.8161819137382,3925.325320343295,507292779,38.0335678906,-3.3452072715
Cynoglossum creticum,3574.0011383341325,2786.138060675106,4478.136185928395,535483353,44.6595566249,37.9384511052
Cynoglossum creticum,1505.7356961372761,-4841.484870555585,-3857.789184395227,57889784,-37.2664500527,-72.7239403836
Cynoglossum creticum,4668.113048335342,1911.7258539481954,3891.500733262785,610693984,37.6483765409,22.2705035261
Cynoglossum creticum,4422.1979002008,2599.4500154566936,3778.4624489703824,614729349,36.3752609875,30.4478027884
Cynoglossum creticum,4596.341576143615,285.3904254844493,4402.493560487381,642323778,43.7108933333,3.5529783333
Cynoglossum creticum,4978.061839672626,1978.4147203887715,3448.844537554809,649030108,32.7745054522,21.6741943359
Cynoglossum creticum,4617.747455066129,1740.2931429777066,4029.5832721774714,653004194,39.2338833333,20.64995
Cynoglossum creticum,5182.736113613049,28.28728720722007,3705.1584764637255,679896756,35.5607221793,0.3127163031
Cynoglossum creticum,4929.660760758414,-710.5188554179822,3972.8278177655434,68852566,38.5779716667,-8.2016383333
Cyperus dentatus,1936.7745363795568,-4128.515119791863,4449.047137372133,102543621,44.2929285299,-64.8677242739
Cyperus dentatus,1932.3606215732152,-4127.70072232953,4451.721274378135,22765336,44.3265365929,-64.913612032
Cyperus dentatus,1605.4853784258469,-4479.323836115483,4236.487672653601,259623555,41.6795175976,-70.2812355459
Cyperus dentatus,1304.6485552495196,-4705.695430949376,4091.9525642540066,290831524,39.9618216667,-74.5040283333
Cyperus dentatus,1510.368678371026,-4531.720887711711,4215.6903801098315,306555657,41.42958,-71.5673833333
Cyperus dentatus,1936.9654387557061,-4121.247257493338,4455.697370933868,34616800,44.3765430784,-64.8267120122
Cyperus dentatus,1275.138393897204,-4723.06219011452,4081.232504329707,409600773,39.8361560542,-74.8914243745
Cyperus dentatus,1596.3109340375013,-4261.616847496,4458.718019418587,412713482,44.4145616667,-69.46512
Cyperus dentatus,1578.167387016484,-4308.742591774335,4419.71470867349,462233991,43.9255361111,-69.8836833333
Cyperus dentatus,1623.4257174179559,-4466.092142231114,4243.61438479098,545450182,41.7653883333,-70.0237805
Cyperus dentatus,1429.0721680359854,-4476.599371890952,4302.041832875164,550953576,42.4737883333,-72.2952716667
Cyperus dentatus,1563.0677928627322,-4472.688749173119,4259.298951425324,551836573,41.9547801084,-70.7370423747
Cyperus dentatus,1576.7504117280937,-4473.926377986873,4252.951214526916,552459506,41.8780633333,-70.5859616667
Cyperus dentatus,1303.3501386865835,-4710.683078844639,4086.624092860744,687344908,39.89933,-74.5343166667
Cyperus dentatus,1561.0120022644815,-4286.818628966468,4447.041792114137,708076888,44.2677383333,-69.991295
Cyperus dentatus,1958.6661082938233,-4116.584001947953,4450.518661999378,713379668,44.31142,-64.5549466667
Cyperus dentatus,1319.4496652579394,-4692.325417698392,4102.546512222592,717533009,40.0862362466,-74.2943818419
Cyperus dentatus,1303.8371686798746,-4711.944984947167,4085.013613940293,725390339,39.8804537137,-74.5327592484
Cyperus dentatus,1141.2501328452286,-4309.903351666245,4551.047611622433,727477383,45.5888940626,-75.1686331994
Cyperus dentatus,1419.4102084754825,-4600.415956841652,4172.673101716661,99635828,40.9156313507,-72.852937228
Datura wrightii,-2173.721395259993,-4728.587700614768,3674.9349358949366,3486312,35.2272939217,-114.6881380678
Datura wrightii,-2476.9574217594836,-4485.917544155849,3785.6279330519,421240540,36.45533783,-118.9058526
Datura wrightii,471.5862533330284,-4918.126954328405,4022.360848612809,421909921,39.1500769199,-84.522803983
Datura wrightii,4408.311207963041,706.3746467728523,4545.06108669855,422529297,45.5120134272,9.1035176441
Datura wrightii,-1665.5735405601008,-4678.765900896003,3990.5848638108596,429894535,38.7825366667,-109.595
Datura wrightii,-2367.1444217742705,-4553.452161794321,3775.2422208900725,438033987,36.3393006348,-117.467986237
Datura wrightii,-1448.543447683362,-4961.173210445926,3725.350370878516,444334700,35.784255,-106.2765366667
Datura wrightii,-2485.7683115876916,-4549.955775829286,3702.5142091262305,446146273,35.5314952448,-118.6490161191
Datura wrightii,-2683.6650888382082,-4393.367329287798,3753.134467425201,446385388,36.092869,-121.41845
Datura wrightii,-2042.6112536825992,-4639.383421662792,3859.2245157294337,448186017,37.2826716667,-113.7627633333
Datura wrightii,843.9207527144264,-5118.351273905239,3698.652610036249,450440411,35.4888323274,-80.6372320744
Datura wrightii,-2621.303251921893,-4164.71869599682,4046.4355393797746,454610016,39.4298216667,-122.1866
Datura wrightii,-2525.1415786344483,-4420.111851745355,3830.9299596298033,5624791,36.963537,-119.73866
Datura wrightii,-2247.202134226172,-4702.253612411533,3664.5117904257663,58963688,35.1126229,-115.5430872
Datura wrightii,-2476.4675484335025,-4623.8572491608065,3616.1866310543564,76459574,34.5830576932,-118.172824122
Datura wrightii,-2427.9129069912606,-4835.2032639403305,3363.896764486607,80426800,31.8704658308,-116.6627163067
Datura wrightii,-1190.5731840799144,-5824.435019124588,2290.9049153167425,86089172,21.0745739789,-101.5526852757
Datura wrightii,386.4164289692186,-5286.515166988196,3534.5711001907816,88356222,33.6962422971,-85.8194149603
Datura wrightii,-2515.627698135624,-4452.862225797045,3799.1299546238324,93428859,36.606452982,-119.4641126321
Datura wrightii,-2625.8969570056533,-4236.36067605367,3968.3329652704265,98030897,38.5262824323,-121.792594888
Delphinium nuttallianum,-1707.2780957615614,-4376.81063549977,4303.310736443083,135808030,42.4892616667,-111.3094416667
Delphinium nuttallianum,-1823.7141973944313,-4490.454254156563,4135.171126716117,18291351,40.4708164586,-112.1036124229
Delphinium nuttallianum,-2075.8901814310643,-4364.18316505852,4151.426066562589,20224353,40.6632536324,-115.4388083239
Delphinium nuttallianum,-2027.731071290645,-3650.694561013911,4811.495511208898,326968941,49.044353,-119.049416
Delphinium nuttallianum,-1446.4692917664427,-4740.106032789076,4003.6076875201857,34827377,38.9329360691,-106.969855269
Delphinium nuttallianum,-2139.2505517721465,-3869.751665202934,4586.761630614689,366107280,46.0497544261,-118.9344053182
Delphinium nuttallianum,-2108.061379742835,-3480.347355341836,4902.347665667875,38754829,50.3069883333,-121.20347
Delphinium nuttallianum,-1286.328358050138,-4729.13717169218,4070.6724378501353,40979738,39.7125903704,-105.2163610888
Delphinium nuttallianum,-1496.0749550712449,-4825.6802274552965,3881.2785523372336,42746321,37.5323605445,-107.2246719618
Delphinium nuttallianum,-1711.529141881393,-4502.212686569878,4170.192088028731,522777677,40.8861116667,-110.814445
Delphinium nuttallianum,-1986.4252783981317,-4676.832731151031,3843.3193138032034,605241469,37.1031111667,-113.0127416667
Delphinium nuttallianum,-2089.16320339447,-3525.669003781368,4877.9922422073705,605432084,49.965264,-120.649199
Delphinium nuttallianum,-2035.7304984446587,-3770.527841303151,4714.7295007600915,653123394,47.73386231,-118.36487501
Delphinium nuttallianum,-2252.016566497059,-3746.824529785771,4634.596040314179,653960516,46.6731169308,-121.0078333878
Delphinium nuttallianum,-2024.31523318137,-4026.7854026975538,4502.987928810067,655023126,44.974625,-116.6892466667
Delphinium nuttallianum,-1786.8169731950738,-4511.629802350464,4128.224165488417,656972436,40.3887416667,-111.6058883333
Delphinium nuttallianum,-1863.78982758808,-4473.622282995659,4135.546430321068,674399489,40.4752533333,-112.61747
Delphinium nuttallianum,-2038.6168098541202,-3909.6841118551692,4598.713382867529,675113129,46.204841742,-117.5387750566
Delphinium nuttallianum,-1700.3202996553573,-4343.304857801793,4339.857937819244,79227890,42.9365867,-111.3793874
Delphinium nuttallianum,-2069.161670710876,-3594.772871258637,4835.900238239137,88114014,49.3803261422,-119.924855301
Descurainia sophia,-2385.8638454913194,4323.096070119925,4025.946746911648,126931762,39.1916739052,118.8937687698
Descurainia sophia,33.82063260339706,-4541.444846527916,4468.096686558246,128087894,44.5327616667,-89.57332
Descurainia sophia,-2012.6874210689373,-4653.2591579242235,3858.240749868087,182529534,37.2715531113,-113.3900677327
Descurainia sophia,1488.3999987316686,4422.416625515105,4337.816243666921,191332599,42.9115116667,71.398925
Descurainia sophia,2541.2851050088384,2457.7966291741072,5300.0810252634865,204046922,56.2950403865,44.043205753
Descurainia sophia,-1808.8860432518159,-3401.485547992526,5074.207374458026,253994686,52.7926861111,-118.0037305556
Descurainia sophia,-1071.9868738507278,-5093.475347387016,3673.840790988348,2782637,35.215249,-101.885171
Descurainia sophia,4701.109472341014,161.40255537175148,4296.890977656113,288782239,42.4110167247,1.9663558765
Descurainia sophia,3802.7017712359475,1440.1325715560595,4904.613190156769,352761399,50.338900018,20.7423279489
Descurainia sophia,1334.1139430395126,-4636.996259358171,4160.307537594226,35655271,40.7686333917,-73.9489010163
Descurainia sophia,3146.112874324752,3532.4355477268036,4267.7424960793405,364345444,42.0569695276,48.3106026426
Descurainia sophia,1701.4385802933853,3033.5179297586105,5337.8487105761715,461241744,56.9121124453,60.7128185139
Descurainia sophia,-2042.3743575252804,-4132.66186791961,4397.677341375083,492961602,43.651001975,-116.2987257913
Descurainia sophia,4167.093781853732,740.0032957779143,4762.087532285733,514604954,48.3710116667,10.0697566667
Descurainia sophia,2616.339338315833,2179.443166715495,5384.658678088671,555460999,57.6913857015,39.7947180856
Descurainia sophia,-2601.4303641861616,4444.862963970779,3750.40083477601,638005972,36.0624513798,120.3390182817
Descurainia sophia,3570.360513673994,2700.984158379227,4532.875854053304,666001121,45.3558506334,37.1075710117
Descurainia sophia,3645.7708783684648,1410.1287391548788,5030.869186445553,669010792,52.1528460712,21.1457124806
Descurainia sophia,-1293.0955745918923,-4648.841659764745,4160.039445375977,675341338,40.76545,-105.54414
Descurainia sophia,972.7703745951148,-4480.450441738991,4423.690175307081,680562615,43.9751959685,-77.7503758468
Dichelostemma multiflorum,-2558.9275338990956,-4266.305675613081,3979.98478491591,108012013,38.6603511595,-120.9553041574
Dichelostemma multiflorum,-2618.989281309461,-3939.2841529112866,4267.632673589141,129754225,42.0556393277,-123.6175049731
Dichelostemma multiflorum,-2518.7076886192276,-4217.037982013853,4057.3951455608003,132066413,39.5575431461,-120.8485792397
Dichelostemma multiflorum,-2525.307754175292,-4334.3952568579025,3927.5426966116233,133373566,38.058889755,-120.225956862
Dichelostemma multiflorum,-2666.153333880474,-4011.7896700670985,4169.762963653737,136016375,40.8810071799,-123.6071991501
Dichelostemma multiflorum,-2499.4492190692463,-4224.778083457162,4061.2506542334463,140435862,39.6025305445,-120.6092673271
Dichelostemma multiflorum,-2561.8736177839482,-4208.711529462202,4038.9731316204566,196921123,39.3429898188,-121.3291816658
Dichelostemma multiflorum,-2495.880815650121,-4114.324927577724,4175.244001739261,201092236,40.9462344367,-121.2423369103
Dichelostemma multiflorum,-2564.1764987790452,-4130.121926347994,4117.868973909467,283821309,40.2665856536,-121.8339810293
Dichelostemma multiflorum,-2510.0483736184547,-4183.19785708343,4097.592705512029,390631847,40.0280308451,-120.9650623219
Dichelostemma multiflorum,-2517.8082160618737,-4119.4013773886545,4157.033462552017,42185889,40.7297666667,-121.4335783333
Dichelostemma multiflorum,-2602.395488341507,-4032.4053782844985,4190.107124778489,42467888,41.1234388333,-122.837005
Dichelostemma multiflorum,-2542.4445490465127,-4189.943898613183,4070.6386441411473,59841717,39.7121952983,-121.2492421843
Dichelostemma multiflorum,-2634.405524152568,-3989.1703177978666,4211.434534644025,64789913,41.3785527818,-123.4403469358
Dichelostemma multiflorum,-2589.9435166756093,-4242.079832761881,3985.8128910653018,669226508,38.727505,-121.4055783333
Dichelostemma multiflorum,-2550.121342605679,-4274.968385421312,3976.339971797274,71894337,38.6183861111,-120.8170916667
Dichelostemma multiflorum,-2662.294659548518,-4003.9648043510874,4179.73756603625,75161444,40.99975833,-123.62051333
Dichelostemma multiflorum,-2531.9764168939523,-4253.499538764245,4010.809173683367,78254385,39.0162424178,-120.7640269822
Dichelostemma multiflorum,-2530.4513623128432,-4316.296499836043,3944.1289986700017,79552247,38.24858,-120.38118667
Dichelostemma multiflorum,-2511.6324959351546,-4335.567415048129,3935.0108671530843,81340692,38.1442388889,-120.0840916667
Dillwynia floribunda,-5034.206621066228,2521.7756288552328,-2981.134767802721,107115871,-27.8994892,153.392423
Dillwynia floribunda,-5099.826193211762,2597.372966822795,-2799.1390819190833,141751663,-26.06278,153.009975
Dillwynia floribunda,-4619.537281393406,2553.2940270929566,-3567.957125121502,155575099,-34.0578840486,151.069851285
Dillwynia floribunda,-4905.8510874360445,2486.721523804116,-3215.3684548787483,195746551,-30.3106096062,153.1200552114
Dillwynia floribunda,-5074.208259308141,2575.2952130371013,-2865.312938677845,202828782,-26.72715932,153.0909986213
Dillwynia floribunda,-5110.441409065181,2608.232314015295,-2769.5244953449583,293983817,-25.7666749972,152.9614520444
Dillwynia floribunda,-5075.057599995913,2576.027563684361,-2863.1495730295983,304057758,-26.7053784931,153.0882939407
Dillwynia floribunda,-5132.0335942910415,2603.9849898445464,-2733.3580975441005,312492257,-25.4060589831,153.0968414053
Dillwynia floribunda,-4545.777950861164,2552.791853851789,-3661.817813880132,318334121,-35.0830111667,150.682555
Dillwynia floribunda,-4520.35891425957,2577.2261111717703,-3676.1411817075123,318783979,-35.2405749816,150.3109141201
Dillwynia floribunda,-4556.725362503576,2543.1631732970236,-3654.9046737746658,353256642,-35.0070722222,150.8335888889
Dillwynia floribunda,-5089.621659255306,2586.936679976332,-2827.235948609476,429917945,-26.3444033333,153.056825
Dillwynia floribunda,-5062.288173043447,2566.219016158761,-2894.393121855949,446199799,-27.0203464475,153.1182429097
Dillwynia floribunda,-5109.42124440143,2594.158005311845,-2784.584694422716,454343832,-25.9171632866,153.0821602621
Dillwynia floribunda,-4905.251143880338,2487.056904689246,-3216.024299966594,501294622,-30.3174419236,153.1141128913
Dillwynia floribunda,-4542.01141891482,2551.441911940208,-3667.428195632426,554079915,-35.1446916667,150.6752166667
Dillwynia floribunda,-4552.619454688487,2543.3420827138366,-3659.8934794289,578463177,-35.0618657889,150.8098874243
Dillwynia floribunda,-4770.627958220065,2485.5313520677128,-3413.64847513843,581978446,-32.3988416667,152.4801633333
Dillwynia floribunda,-4551.028413114599,2596.154320013858,-3624.620843533076,673032166,-34.6752383333,150.2972116667
Dillwynia floribunda,-5070.146942696714,2574.882536249607,-2872.863211790181,73649271,-26.8032083944,153.0761867389
Disphyma australe,-4760.667517789934,417.6454714234427,-4213.237493298563,100631555,-41.4001652082,174.986371994
Disphyma australe,-4772.048231922152,442.3117914273669,-4197.817180517801,119097470,-41.21555,174.7044966667
Disphyma australe,-4386.361792439012,723.4014289485749,-4563.581239345238,171035522,-45.7501965999,170.6350435419
Disphyma australe,-4805.115461746025,316.48728104730884,-4171.385181196049,248440651,-40.9003057252,176.2316760421
Disphyma australe,-5103.254322916524,417.09683863695295,-3791.118393364985,260778118,-36.5167516667,175.3275133333
Disphyma australe,-4897.640336523641,249.83737505782474,-4066.9956417186204,30410040,-39.6696193082,177.0797712766
Disphyma australe,-4797.2621963276115,427.9961883531703,-4170.473331903536,363853839,-40.8894573105,174.9017543346
Disphyma australe,-4440.537442104932,704.696078033995,-4513.843572006583,455198133,-45.1127959245,170.9825797321
Disphyma australe,-5067.050385065753,486.4138596084471,-3831.20804473775,461357719,-36.966667,174.516667
Disphyma australe,-4899.905654716179,250.09670341906767,-4064.250157593251,531537102,-39.63755,177.0780945
Disphyma australe,-5075.853384848229,462.71893212357105,-3822.480442730431,578732331,-36.8684943,174.7912669
Disphyma australe,-4396.393029968333,724.3949256162374,-4553.7603634210645,581438973,-45.6237666667,170.6434283333
Disphyma australe,-4804.478536299436,618.2779955517473,-4138.172476363446,590024264,-40.5063069062,172.6670316607
Disphyma australe,-4385.741360091618,716.7570038083564,-4565.2256515478875,594905410,-45.7713940737,170.7182670867
Disphyma australe,-4760.71571807885,557.5122524801785,-4196.965459668318,596605078,-41.2053682195,173.3206962468
Disphyma australe,-4913.068303703357,527.4057083616283,-4021.611143759479,602863606,-39.1413833333,173.8729033333
Disphyma australe,-4902.414022212376,536.729159809868,-4033.362331046233,647859901,-39.2777740808,173.7519921177
Disphyma australe,-4674.5823974057075,514.7948781068231,-4298.024985155056,7015238,-42.4248310671,173.7155466447
Disphyma australe,-5109.295732625514,462.0073733733055,-3777.7505784793216,714241524,-36.3673100845,174.8330890207
Disphyma australe,-4317.124690429348,780.6419951237775,-4619.825279424743,9877715,-46.479868,169.750274
Dracophyllum secundum,-4661.191148299707,2551.0856505662423,-3514.9697313298316,136901050,-33.4846260671,151.3079633395
Dracophyllum secundum,-4607.310311680284,2555.548632083033,-3582.124510764597,150568009,-34.2118133333,150.98407
Dracophyllum secundum,-4604.835171689434,2556.034114266577,-3584.9596619703907,152405764,-34.2426511193,150.9663904167
Dracophyllum secundum,-4614.773541625623,2605.1209298855597,-3536.5185182410305,223889409,-33.7172950292,150.5545069279
Dracophyllum secundum,-4603.585825976394,2623.116227125607,-3537.797610313089,30399222,-33.7311255744,150.325575185
Dracophyllum secundum,-4607.372549906219,2625.558277964848,-3531.050133467148,304079406,-33.6581916667,150.3229055556
Dracophyllum secundum,-4602.896191994173,2625.067549649222,-3537.247536599837,383854047,-33.7251774735,150.3035511425
Dracophyllum secundum,-4512.597907643469,2584.4149889507516,-3680.6266339437243,412570078,-35.28998,150.1997533333
Dracophyllum secundum,-4603.2723788010235,2617.353899854014,-3542.4701973572023,414875278,-33.7816682074,150.378067866
Dracophyllum secundum,-4612.714274392451,2627.305079804282,-3522.7671183500297,418383108,-33.56874445,150.33507039
Dracophyllum secundum,-4662.13403340868,2555.520358668869,-3510.4949908294816,419238069,-33.4363893525,151.2709181225
Dracophyllum secundum,-4645.9548342904845,2561.5491793882234,-3527.5094059386756,564949496,-33.6199444444,151.1298361111
Dracophyllum secundum,-4623.575329321437,2618.1362492214676,-3515.3473347992444,569719042,-33.4886977778,150.478947
Dracophyllum secundum,-4601.356785214895,2626.3929223719865,-3538.2663950229376,592826369,-33.736195,150.2828533333
Dracophyllum secundum,-4674.737203321531,2576.8208161570483,-3478.0137565827363,691901287,-33.0870472222,151.1354527778
Dracophyllum secundum,-4550.816793884248,2596.4803576213403,-3624.653002794211,703815654,-34.67559001,150.2929680799
Dracophyllum secundum,-4512.03934784169,2583.9307335856697,-3681.6512623057056,722107263,-35.30127,150.201325
Dracophyllum secundum,-4607.741067556057,2626.0055113637873,-3530.2365980656054,724522660,-33.6494022886,150.3206788468
Dracophyllum secundum,-4605.638530702323,2555.4744247903095,-3584.3266199427508,94093902,-34.2357645762,150.9759548801
Dracophyllum secundum,-4643.802812341505,2556.9301034575733,-3533.6888679960216,95821153,-33.686706547,151.162324566
Drosera brevifolia,-486.0809621716103,-5476.641380490129,3218.6763766174013,120353563,30.345075,-95.0720138333
Drosera brevifolia,-405.20779848614694,-5486.757350575402,3212.639653871912,123445629,30.2821872197,-94.2237379868
Drosera brevifolia,97.73118097046007,-5427.997306720497,3334.223595408469,126520981,31.5567694444,-88.9685
Drosera brevifolia,62.22695954032344,-5424.15067042779,3341.327646263017,126550853,31.631775,-89.34272
Drosera brevifolia,-419.96927264206346,-5475.777759273052,3229.432902347489,186919875,30.457231813,-94.3857609365
Drosera brevifolia,43.21289819912254,-5440.617768755858,3314.749473098185,187323173,31.3514671326,-89.5449295044
Drosera brevifolia,-525.0042747140948,-5267.584701726545,3544.950641595144,192387491,33.8085109,-95.69170096
Drosera brevifolia,-418.8715058112193,-5468.794198493573,3241.387018826958,213151442,30.5820274167,-94.3799056944
Drosera brevifolia,128.86393609693,-5490.7024004622945,3228.828636705369,264583673,30.4509278,-88.6555446
Drosera brevifolia,871.9848508546888,-5527.491901619751,3045.690205369783,300681667,28.5584232297,-81.0352320046
Drosera brevifolia,129.03318519963514,-5490.6291691572615,3228.946406119821,33424931,30.4521563997,-88.6537615013
Drosera brevifolia,94.82593142495944,-5468.323977523093,3267.750610014913,33830531,30.857821713,-89.0065363384
Drosera brevifolia,802.0903573684994,-5382.368841799621,3313.081622767318,361653564,31.333905,-81.524055
Drosera brevifolia,-460.4836246563364,-5524.379201852956,3139.8952841194073,37240179,29.5274936009,-94.7648641975
Drosera brevifolia,3094.415024761123,-4692.472195383504,-2999.175466651255,57184120,-28.0832268766,-56.597449586
Drosera brevifolia,853.8830935695125,-5504.805738410941,3091.561187256623,623275570,29.0291530172,-81.1827803403
Drosera brevifolia,-91.49659633406915,-5479.301248913359,3249.4059959003625,627770671,30.6658319961,-90.9566697262
Drosera brevifolia,-247.95565726457028,-5441.915759752156,3303.607722697874,65048384,31.2342087813,-92.6088227055
Drosera brevifolia,-414.7051144983372,-5469.002416029367,3241.571435453998,65092502,30.5839539001,-94.3363426073
Drosera brevifolia,-286.5684980473141,-5425.543653196751,3327.327409928394,65500999,31.4840162,-93.0234615
Drosera macrantha,-2816.4006177542738,4468.74039683555,-3562.0218915218397,208661683,-33.9934805556,122.2209694444
Drosera macrantha,-2507.5484385459463,4840.10225173898,-3297.7817014979137,230526690,-31.1729523282,117.3876609386
Drosera macrantha,-2371.210556288431,4854.999150443404,-3375.810551055491,317811339,-31.9967153432,116.0311592609
Drosera macrantha,-2410.145212463064,4860.640846020949,-3339.9287044054645,333704656,-31.617,116.37448
Drosera macrantha,-2330.537626314591,4826.211320595884,-3444.7106977163585,415808151,-32.7303012394,115.7755133137
Drosera macrantha,-2485.7892810599424,4637.7615092617,-3591.9038076005836,425413946,-34.31823,118.19082
Drosera macrantha,-2422.835855158993,4774.559333603136,-3452.9990904337933,428857680,-32.8189532883,116.9053791604
Drosera macrantha,-2363.689111768194,4763.059964580245,-3509.414008976251,431099520,-33.4247406288,116.3931050152
Drosera macrantha,-2348.543775197292,4682.170389662945,-3626.4825530840535,436065341,-34.695599466,116.6380212372
Drosera macrantha,-2363.607447085171,4851.647322558831,-3385.9461341357273,457810168,-32.1042583333,115.974245
Drosera macrantha,-2641.1968063561126,4684.6541204111645,-3415.823229016163,528641966,-32.4220083333,119.4142
Drosera macrantha,-2658.3256311595705,4787.160635098822,-3256.7086179389385,549669808,-30.7422133841,119.0435542329
Drosera macrantha,-2579.8472315331633,4580.2801830899425,-3599.3297759474153,555961656,-34.3991283333,119.3904283333
Drosera macrantha,-2458.727441020688,4646.6961191958835,-3598.975920494497,565750665,-34.3952716667,117.8848633333
Drosera macrantha,-2406.579200527231,4880.173806823555,-3313.915100973534,568787304,-31.3426809501,116.2494693426
Drosera macrantha,-2491.4734469045693,4896.342095308032,-3226.166033973059,572730500,-30.423155,116.9689866667
Drosera macrantha,-2440.627918189628,4757.058783149113,-3464.6039064075812,578878188,-32.9432264566,117.1602717943
Drosera macrantha,-2578.430711270221,4866.999542873094,-3202.149847606928,85950699,-30.173005,117.91367167
Drosera macrantha,-2458.6194234089726,4817.213827293048,-3367.401758425959,85965814,-31.90759,117.03895
Drosera macrantha,-2438.064305733321,4664.473474813335,-3590.0254558358433,91382768,-34.2977796367,117.5955285167
Dyssodia tagetiflora,-1251.690662326472,-5844.396801984382,2205.9124272003346,101320910,20.2576458309,-102.0883824304
Dyssodia tagetiflora,-1335.684217649913,-5789.712001050131,2298.8988114517906,108450357,21.1516379337,-102.9908286678
Dyssodia tagetiflora,-862.3540589852082,-5963.420611733025,2069.7133169081385,165696081,18.9573538773,-98.2283483818
Dyssodia tagetiflora,-1013.1363302166532,-5945.965216186994,2051.5373635317796,193850655,18.7846085837,-99.6697926892
Dyssodia tagetiflora,-1213.1385391696556,-5845.662502177819,2224.0229146955553,214729717,20.4313532,-101.724058
Dyssodia tagetiflora,-1250.2278830736557,-5878.210870276314,2115.022537617028,240293252,19.3887595672,-102.0072328218
Dyssodia tagetiflora,-874.3188168390551,-5967.2265478017825,2053.6618668632404,287068113,18.80479081,-98.33567235
Dyssodia tagetiflora,-1432.6958959466021,-5789.234013899409,2240.9607608624788,31308355,20.5939908372,-103.9000496178
Dyssodia tagetiflora,-1362.7142222689956,-5794.108662871729,2271.7983803449665,330667723,20.8905416667,-103.2348466667
Dyssodia tagetiflora,-1419.918177553333,-5780.060009187617,2272.5518231541187,333514080,20.89779447,-103.80186289
Dyssodia tagetiflora,-1223.465137060015,-5879.616390243159,2126.733949430476,345414421,19.5004532831,-101.7546998709
Dyssodia tagetiflora,-1163.982131224542,-5838.189653959076,2269.458149486925,346398456,20.8680163324,-101.2754303589
Dyssodia tagetiflora,-1129.3472969532431,-5749.099487666775,2502.435392463002,37009474,23.1278889,-101.1136153
Dyssodia tagetiflora,-1487.162062792653,-5807.259477272413,2157.2759425482573,442198389,19.7921019178,-104.3639998245
Dyssodia tagetiflora,-931.0044592893714,-5952.741270845034,2070.713690696761,447682772,18.9668666667,-98.8890083333
Dyssodia tagetiflora,-1162.6450727675197,-5844.238557849271,2254.5255029373056,461961657,20.7243649773,-101.2514499177
Dyssodia tagetiflora,-1510.0577801835827,-5735.795055465772,2325.9694133584094,467626766,21.4129072112,-104.7495232619
Dyssodia tagetiflora,-690.6287711122732,-6052.922381414986,1864.1125703011887,472487960,17.0132590227,-96.5092076926
Dyssodia tagetiflora,-833.1036962677166,-5981.054562302395,2030.4378059187638,576906,18.584299,-97.929733
Dyssodia tagetiflora,-999.2073877004826,-5993.90777173709,1914.264179770368,62294259,17.485525,-99.464394
Echium vulgare,1220.7247456596747,4512.439022672588,4328.680895108026,553047346,42.7994406813,74.8624255308
Echium vulgare,3757.5820882969583,2242.980472741881,4630.26657745382,561903237,46.6164022542,30.833873514
Echium vulgare,932.1999360999453,4565.678560991209,4344.575432250882,570471939,42.9945636278,78.4602134728
Echium vulgare,709.5387255889135,-4602.7977558214025,4347.477515246348,570843557,43.0302567499,-81.23661974
Echium vulgare,3414.649622451144,779.718166401507,5321.838090975257,580999707,56.6492883333,12.8626716667
Echium vulgare,2043.9693353553323,2671.4634044079908,5410.658533368502,583242489,58.1315396224,52.5799550309
Echium vulgare,751.9240063686265,-4212.906454418295,4719.722727517439,583916531,47.8006711,-79.8803462
Echium vulgare,3480.0136519255398,3277.5486139896902,4211.523856637116,588325439,41.3796233333,43.28386
Echium vulgare,-1821.9521052093849,-3704.517445999647,4852.503905025196,589486383,49.610222651,-116.1888365132
Echium vulgare,-1808.9339793443025,-4031.261873123356,4589.819026753996,590241408,46.0893860264,-114.1670370672
Echium vulgare,1403.453812282298,-4126.150998510151,4647.036524922244,60182839,46.836416,-71.2149659
Echium vulgare,-4763.857502679495,406.0789177252412,-4210.761776261015,60521014,-41.3704901322,175.1277930175
Echium vulgare,2609.287517195575,2773.7985170116763,5107.583926800285,66417103,53.291938544,46.7504556174
Echium vulgare,4652.9713319171005,-264.8019939652545,4343.902717376053,673819261,42.9862927739,-3.2572065666
Echium vulgare,1843.7141948318258,3252.4168807044134,5158.706769294223,681399734,54.0681779185,60.4521782515
Echium vulgare,3503.0890960624815,2022.87868529279,4921.999770348805,69132725,50.5845216252,30.004529357
Echium vulgare,4234.019660221724,1578.4364078844,4491.254741472403,73910909,44.8256580397,20.4453824235
Echium vulgare,3657.521856729791,653.7865930518839,5175.408204959963,76516385,54.3249264207,10.1346558033
Echium vulgare,3268.6292705068104,1476.67991040797,5265.4755021613255,77271820,55.738256,24.312189
Echium vulgare,2947.239532026621,1353.8189899882866,5483.67635923967,78928257,59.397903541,24.6717569794
Elephantopus tomentosus,483.45516937773255,-5464.033761088895,3240.4257878495114,209142290,30.5719866667,-84.9436633333
Elephantopus tomentosus,98.33008012591976,-5430.6782449932125,3329.8375522504557,21801614,31.5104910943,-88.9626925439
Elephantopus tomentosus,830.306006932537,-5340.313737503358,3373.6322042513893,225365057,31.9736186006,-81.1624747971
Elephantopus tomentosus,619.6986879325317,-5185.097079775268,3649.7253237960417,246441276,34.9502246521,-83.184602413
Elephantopus tomentosus,564.779071957626,-5290.431500154289,3504.5844649161136,303555132,33.3727162528,-83.9064777978
Elephantopus tomentosus,20.503462265169517,-5294.146488230872,3544.198879699798,306642110,33.8003746483,-89.7781028571
Elephantopus tomentosus,73.73263206967145,-5313.69319087802,3514.1117372477047,318656003,33.475375,-89.2050166667
Elephantopus tomentosus,-392.2979291177368,-5239.901152646464,3602.6783613003304,405523446,34.4356333333,-94.2816
Elephantopus tomentosus,540.1253196923134,-5280.783910320053,3522.97304292973,408508705,33.5709670789,-84.1600229202
Elephantopus tomentosus,984.9950471036487,-5064.892130990707,3737.165448342785,417794041,35.9153446975,-78.9947705996
Elephantopus tomentosus,474.7430790815365,-5350.297794680248,3426.176534678457,426812820,32.5323791504,-84.9293060303
Elephantopus tomentosus,592.25155898241,-5321.834527853555,3452.110728048287,431959864,32.8094472,-83.6498477
Elephantopus tomentosus,970.5559407240338,-5087.029640977677,3710.782091071535,46927679,35.6229151413,-79.1983357631
Elephantopus tomentosus,945.0237949397745,-5073.584084906782,3735.6964129939247,48630871,35.8990337653,-79.4487972558
Elephantopus tomentosus,242.45822236109427,-5261.976167990886,3583.653714797635,49017993,34.228445,-87.361825
Elephantopus tomentosus,-338.65843026377854,-5256.1892481468585,3584.346270235908,555211148,34.2359783333,-93.686495
Elephantopus tomentosus,482.4472505530597,-5330.791405316929,3455.381422232629,556125185,32.8444509,-84.8287057
Elephantopus tomentosus,-479.0826200111633,-5446.686463370127,3270.143657795678,562000766,30.882895,-95.0267166667
Elephantopus tomentosus,1107.4026082392452,-4938.899809333699,3869.1964626141566,719180451,37.3954678771,-77.3621333298
Elephantopus tomentosus,556.3719380721894,-5075.5000558186275,3810.446506590577,723769296,36.7333366667,-83.7442633333
Erigeron annuus,149.72546866158265,-5489.553489466353,3229.882025709187,17781769,30.4619175654,-88.437666893
Erigeron annuus,1365.967116393233,-4358.615653135705,4441.436316649177,21807012,44.1973821866,-72.5992846024
Erigeron annuus,-2995.731250844319,5010.645225509913,2551.231433340942,22878143,23.60593,120.8740783333
Erigeron annuus,3544.145422787349,2961.0178602906585,4388.753761929763,353095992,43.5401916667,39.8776555556
Erigeron annuus,638.6287138019333,-4737.3108124058745,4211.863336131351,390809187,41.38369226,-82.32234074
Erigeron annuus,49.401917203129045,-5048.856500329275,3885.4035336547627,391625466,37.579155,-89.4393916667
Erigeron annuus,3444.8615407657303,1302.7219125234997,5198.61498028674,400728258,54.6843654855,20.7148031518
Erigeron annuus,795.097230707476,-4937.92549994329,3946.4497057999547,402211719,38.2751603535,-80.8528344333
Erigeron annuus,4182.523855409376,1143.9256986502483,4667.727640359543,404008994,47.1091216714,15.2963886357
Erigeron annuus,4306.024502442905,1102.595286889348,4564.229370591291,406096241,45.7585504445,14.3624960335
Erigeron annuus,4080.251110540709,773.8379169553388,4831.405476969509,410684772,49.318276,10.738859
Erigeron annuus,3499.0506827595746,1480.7734337507895,5114.069562203382,674537487,53.3896292378,22.9377367434
Erigeron annuus,471.67456397865794,-4915.685760429177,4025.333494269363,674851414,39.1845583333,-84.519080555
Erigeron annuus,-3867.113848963966,3525.088445276031,3634.4098643122165,674929023,34.782355,137.649095
Erigeron annuus,159.38540192776549,-4916.766704518891,4048.4261876270148,678497848,39.4530029356,-88.1433094948
Erigeron annuus,-206.89969991004926,-4469.027720990218,4535.938367402663,697409374,45.3950583952,-92.6506931169
Erigeron annuus,1528.8815069383259,-4322.2065830110505,4423.890224812926,710002442,43.977696,-70.519934
Erigeron annuus,4243.483860992802,722.9538592899189,4696.8005672488225,728199302,47.4946778346,9.668536691
Erigeron annuus,-193.93717210333807,-4975.901555942652,3973.983544067778,7877431,38.5912681266,-92.2319895029
Erigeron annuus,4323.613577623654,901.3000556697316,4591.707413448243,9847266,46.1138785332,11.7752388601
Erigeron divergens,-2210.08615722043,-4704.478259818949,3684.176517246554,254276622,35.3291015762,-115.1633624692
Erigeron divergens,-2223.6768272007107,-4631.237060527444,3767.8452445721737,294162167,36.2567612299,-115.6478733338
Erigeron divergens,-2085.065104057795,-4980.15063645973,3382.3595727964303,359658853,32.0661888889,-112.7178472222
Erigeron divergens,-1969.0169723860513,-4907.985456416972,3553.083738350756,373262527,33.8965842281,-111.8599848111
Erigeron divergens,-1803.2476474397877,-4483.472651819472,4151.689298594872,375482158,40.6663745172,-111.9099358092
Erigeron divergens,-2376.516177883497,-4742.9177997118195,3527.98167953183,375505928,33.625045,-116.613905
Erigeron divergens,-1285.284844908463,-4787.32845824469,4002.409553007611,395844609,38.9190856198,-105.0281810875
Erigeron divergens,-2385.5735440722606,-4695.494627220531,3584.8461893424505,43227003,34.2414166667,-116.9331133333
Erigeron divergens,-2440.2715505959795,-4374.542547610564,3936.7760144786253,434870518,38.1644262592,-119.154293676
Erigeron divergens,-2107.491843469039,-3566.0767161244125,4840.59171115518,434986781,49.4451755649,-120.5823789183
Erigeron divergens,-2023.8004592703512,-3580.4526572259583,4865.628798017593,435659793,49.7927216101,-119.4766936656
Erigeron divergens,-1936.656401644241,-4920.4018161535005,3553.6968187003736,474461921,33.9032269615,-111.484460227
Erigeron divergens,-2387.8489819725664,-4780.333046449148,3469.343790113085,508301115,32.9940349603,-116.5428249297
Erigeron divergens,-1988.1717435607902,-3555.274751077985,4898.667950793487,570724247,50.2552022529,-119.2146829516
Erigeron divergens,-1967.8025964352223,-4922.629024651084,3533.4444323921307,62798544,33.6840647122,-111.7888759786
Erigeron divergens,-1498.481300146872,-4925.709692379266,3752.557920830607,644193479,36.0864526835,-106.9206170834
Erigeron divergens,-1931.6285634692829,-5064.715104727814,3347.719392423587,654010674,31.6993116667,-110.87632
Erigeron divergens,-1246.8843082758506,-4743.421065728296,4066.323799780082,662663785,39.6617703167,-104.7279226652
Erigeron divergens,-1792.116441229191,-4519.02994281422,4117.819831743731,669942387,40.2660064697,-111.6318435669
Erigeron divergens,-2376.4891709953063,-4706.6909484291855,3576.186889103289,90026390,34.14726667,-116.789995
Eriogonum wrightii,-2485.6794224986234,-4285.929331184245,4005.241653925381,10186193,38.9518291012,-120.1121367105
Eriogonum wrightii,-2382.385231392298,-4732.702726974906,3537.727891882809,154252321,33.7303716667,-116.72013
Eriogonum wrightii,-2389.3420776477255,-4753.467300178648,3505.045818786369,163181306,33.3776846621,-116.6865023879
Eriogonum wrightii,-2652.3277589790214,-4335.721050325267,3841.410361103474,183936602,37.0815888333,-121.4557333333
Eriogonum wrightii,-2485.416952219272,-4306.861758290252,3982.8880850804107,23443941,38.6937963,-119.9885161
Eriogonum wrightii,-2409.8013732623335,-4746.065681469011,3501.06712564648,241135626,33.3348466667,-116.9190533333
Eriogonum wrightii,-2361.3192447416122,-4722.0224754525625,3566.010136751044,242031163,34.0367518,-116.56804092
Eriogonum wrightii,-2395.2587406468388,-4698.287174115612,3574.7148591982964,26134032,34.1312721667,-117.0131833333
Eriogonum wrightii,-2584.972331153083,-4253.178181710959,3977.2033555588146,316640421,38.6283245764,-121.2901583069
Eriogonum wrightii,-2470.6713915192245,-4643.469184176576,3594.95896227042,327795289,34.3515033333,-118.0163027833
Eriogonum wrightii,-2235.2286837452275,-4706.875641096319,3665.9006479027944,345670750,35.12789319,-115.4023820021
Eriogonum wrightii,-1952.1235413460404,-4879.151056141141,3601.7845271971523,436754157,34.4258875355,-111.8060976057
Eriogonum wrightii,-1903.604065220196,-5033.155563899225,3410.7755367577124,445535950,32.3682466667,-110.7172616667
Eriogonum wrightii,-2084.930830444852,-4981.855086499812,3379.9314281585544,454035385,32.040424417,-112.7095496716
Eriogonum wrightii,-2358.9623253259333,-4750.361083165007,3529.7477894208946,455559021,33.6441216667,-116.4083466667
Eriogonum wrightii,-1905.2355892046558,-5046.595071776322,3389.9422798667774,55304690,32.146694,-110.682972
Eriogonum wrightii,-2381.194147816652,-4705.586414884075,3574.510323406494,561167390,34.12905,-116.8410333333
Eriogonum wrightii,-2433.108694387129,-4673.14414610951,3582.1025949374493,571089998,34.211575,-117.5040883333
Eriogonum wrightii,-2258.887389793794,-4649.43384395053,3724.2376160276635,597773441,35.77192,-115.9124
Eriogonum wrightii,-2388.0012379999207,-4692.501784824154,3587.1479222929192,76554020,34.2664604351,-116.971417865
Erodium cicutarium,-2565.4955803216167,-4190.925769590287,4055.1358486260046,113950382,39.5311944493,-121.4730869475
Erodium cicutarium,4304.571084674657,538.6015953541058,4665.868539526407,114406045,47.084562,7.131965
Erodium cicutarium,-2541.0981414440807,-4383.516248541922,3862.299660046567,115937313,37.3174376523,-120.1006129182
Erodium cicutarium,-2291.124708261371,-3532.269045772798,4781.587193510855,116209663,48.6356824396,-122.9685266688
Erodium cicutarium,4222.990069058579,1781.0760273057338,4425.367350996624,173496771,43.996159,22.8679302
Erodium cicutarium,-2443.1393296693277,-4732.082203893395,3496.887381814828,174328426,33.2898666667,-117.306975
Erodium cicutarium,3889.8452204429987,853.6544917755479,4972.939905060751,175931968,51.3116652704,12.3777500734
Erodium cicutarium,610.9235110873783,-5250.792227007203,3556.080227171323,176378636,33.9290561422,-83.363541998
Erodium cicutarium,-2743.9484388790615,-4012.7117794867345,4118.087452837664,178763033,40.2691606811,-124.3648665063
Erodium cicutarium,-2012.0298100192288,-3884.8824530048337,4631.325674103104,484390500,46.6302706139,-117.380211019
Erodium cicutarium,-2055.8415337303086,-3631.2467815071013,4814.282452210418,485128481,49.0826049366,-119.5165032242
Erodium cicutarium,-2327.565649192303,-4321.8179082797815,4061.2905887229517,485756439,39.6029966667,-118.305205
Erodium cicutarium,3983.5444495917077,659.2222933868612,4928.138869360958,486383464,50.6715555556,9.3965111111
Erodium cicutarium,-2644.7675925673157,-4571.466649626562,3563.2359144933444,486795575,34.00665,-120.0510166667
Erodium cicutarium,-2392.484724134657,-4804.027492884444,3433.233144147096,487143580,32.607683486,-116.4740598858
Erodium cicutarium,-2610.4975854330014,4432.124874601022,3759.1654103096835,487393139,36.1600180662,120.4978550971
Erodium cicutarium,4097.523531701506,1255.1791568571246,4714.2952093628255,487744990,47.7280555945,17.0312032197
Erodium cicutarium,4719.394345473193,198.09041504392997,4275.257925442723,487877400,42.1480647806,2.4035046995
Erodium cicutarium,-2429.751411512168,-4667.612462688275,3591.5811429075593,488034366,34.3147166667,-117.49948
Erodium cicutarium,-2467.1606654297543,-4309.339125034626,3991.54953446396,488103276,38.7936666667,-119.7917783333
Erysimum concinnum,-2727.3071164094663,-4206.318110915464,3931.7218838880603,114640744,38.1066388333,-122.9587083333
Erysimum concinnum,-2732.216676627211,-4212.548008726119,3921.6303288065283,119908675,37.9913914755,-122.9670402253
Erysimum concinnum,-2732.4325917740816,-4212.521612380482,3921.508246365875,122721214,37.9899983816,-122.9692712213
Erysimum concinnum,-2724.7833381242785,-4197.530888453841,3942.847109695437,131166495,38.2339019775,-122.9891967773
Erysimum concinnum,-2732.5222269029528,-4212.139438108812,3921.856290468475,13823635,37.9939700145,-122.9725027084
Erysimum concinnum,-2736.0374438267227,-4209.657152936799,3922.0707401044688,14344746,37.996417269,-123.0215739801
Erysimum concinnum,-2727.730819499962,-4206.314992540403,3931.4312774811833,177889711,38.1033175163,-122.9627907649
Erysimum concinnum,-2732.703405125642,-4211.988445379826,3921.8922174479753,185960412,37.99438,-122.975175
Erysimum concinnum,-2726.429346660821,-4205.775013512248,3932.9114766366324,198522186,38.1202361667,-122.9536666667
Erysimum concinnum,-2732.1573098678523,-4212.663725764966,3921.5473855911946,257230101,37.990445,-122.9657533333
Erysimum concinnum,-2726.502721575555,-4205.567019129296,3933.0830256340196,288753492,38.1221972222,-122.9556638889
Erysimum concinnum,-2735.2862344783775,-4210.077739728084,3922.143262375381,33190386,37.9972448965,-123.0117702484
Erysimum concinnum,-2735.901858049594,-4209.726822691213,3922.0905434617844,357055234,37.9966432649,-123.019843338
Erysimum concinnum,-2732.756329712785,-4211.943364520023,3921.9037553422813,357308961,37.9945116667,-122.9759616667
Erysimum concinnum,-2732.1684987141257,-4212.64205688655,3921.562867641204,378072707,37.9906216667,-122.965995
Erysimum concinnum,-2732.102432611576,-4212.713411124079,3921.532244305875,469739907,37.9902722222,-122.9649194444
Erysimum concinnum,-2743.093444361868,-4095.9832865965345,4035.853367145321,590584320,39.3067205148,-123.8103500381
Erysimum concinnum,-2735.2654612334645,-4210.094945788358,3922.1392802535756,6139391,37.9971994521,-123.0114644766
Erysimum concinnum,-2724.7821785942765,-4197.5253769393385,3942.8537785267577,63142849,38.23397833,-122.98922
Erysimum concinnum,-2733.251530908815,-4040.0090132494865,4098.465123839041,701072219,40.0382778333,-124.0801555
Erythranthe bicolor,-2488.777057744621,-4432.378009233769,3840.542548883212,132410371,37.0718067745,-119.3141791598
Erythranthe bicolor,-2529.1663620620625,-4334.777334432077,3924.6370664795404,133237823,38.0257099895,-120.2618239393
Erythranthe bicolor,-2491.167599329478,-4432.605583704089,3838.7295894662548,190798910,37.051375,-119.3364116667
Erythranthe bicolor,-2495.5590059185347,-4431.717704787534,3836.9019485424756,280435747,37.0307833333,-119.3844383333
Erythranthe bicolor,-2498.19811089915,-4390.133695245418,3882.7162484848373,285109610,37.5486666667,-119.6419666667
Erythranthe bicolor,-2507.275047257644,-4335.308264239781,3938.0740497216243,294192597,38.179275,-120.0424416667
Erythranthe bicolor,-2469.225072397133,-4470.211084629768,3809.1854155942533,297096464,36.7191866667,-118.9150866667
Erythranthe bicolor,-2507.423614540768,-4320.993002025883,3953.6817554482172,299378750,38.3580555556,-120.1261111111
Erythranthe bicolor,-2487.025157453826,-4481.988726482828,3783.6802258581574,299386388,36.4335633333,-119.0255971667
Erythranthe bicolor,-2525.86596369848,-4320.349175711504,3942.6307540823445,3415905,38.2314249315,-120.312432563
Erythranthe bicolor,-2492.726720576759,-4426.521165171129,3844.733670944205,382444684,37.1190611667,-119.3853616667
Erythranthe bicolor,-2526.6183057727676,-4280.8255365512,3985.032721599977,385948047,38.7185119093,-120.5498495513
Erythranthe bicolor,-2515.2211569256046,-4336.8667210516505,3931.2851213395816,387215835,38.1016471667,-120.1121361667
Erythranthe bicolor,-2497.1702823272335,-4390.230691923675,3883.2677196441814,395472488,37.5549223119,-119.6312886166
Erythranthe bicolor,-2487.0832277456193,-4429.544448373341,3844.906517436904,40649412,37.121010623,-119.3131683022
Erythranthe bicolor,-2523.6808569589048,-4318.043182192604,3946.5543374716854,522258788,38.2763589876,-120.304155685
Erythranthe bicolor,-2516.5771442221994,-4279.7950403543355,3992.4863205043425,525935851,38.8044766083,-120.45610178
Erythranthe bicolor,-2499.8283390893503,-4406.240733103616,3863.3733972658815,628817494,37.3295805556,-119.5678944444
Erythranthe bicolor,-2484.768902202928,-4428.54302422418,3847.5554986144184,74891816,37.1508935507,-119.2959309135
Erythranthe bicolor,-2496.2278024942007,-4427.4680143015,3841.370441661353,79225447,37.08113883,-119.41451333
Erythranthe nasuta,-2493.3056357931305,-3845.612367978807,4425.431690970734,186829729,43.9969633333,-122.9573883333
Erythranthe nasuta,-2467.2278680764953,-4635.3805886965265,3607.7398152582446,194636120,34.4908416667,-118.0245888333
Erythranthe nasuta,-2483.1707923484632,-4298.824102172231,3992.959714834105,198981746,38.809939915,-120.0124290946
Erythranthe nasuta,-2098.246701121106,-3890.920408246886,4587.793836649563,254574116,46.0631312502,-118.3365399024
Erythranthe nasuta,-2546.9953901773765,-4706.489083759981,3457.098221997858,265628716,32.86283,-118.4207783333
Erythranthe nasuta,-2209.0739807016057,-4646.21202131705,3757.9860471312995,267173920,36.1468824093,-115.4290777725
Erythranthe nasuta,-2496.846582529393,-4584.491414290474,3652.11565332831,284803122,34.9764555556,-118.5739888889
Erythranthe nasuta,-2333.9975591213365,-3786.604315211772,4561.122261430039,335743914,45.7185138889,-121.6489638889
Erythranthe nasuta,-2295.0024793928646,-3809.8411320786954,4561.5597439449775,359922823,45.72414932,-121.06425409
Erythranthe nasuta,-2679.160971621818,-4196.025360528685,3975.578044966037,370182246,38.6096166667,-122.5582194444
Erythranthe nasuta,-2557.900645913989,-4367.543631606282,3869.297099128682,376090304,37.3966070767,-120.3558488004
Erythranthe nasuta,-2032.5713924407773,-4133.224006184208,4401.688991627119,376647945,43.7008840785,-116.1863054272
Erythranthe nasuta,-2660.723280670426,-4224.451548202539,3957.816806051665,383813321,38.405495,-122.2043133333
Erythranthe nasuta,-2663.8924537704524,-4104.531355435361,4079.9819211205127,384684279,39.8215111111,-122.9840777778
Erythranthe nasuta,-2416.8846332750713,-4786.267714609714,3440.9392850210183,385695366,32.6899916667,-116.7920533333
Erythranthe nasuta,-2271.8143191257614,-3477.5321431258494,4830.671073734903,386153843,49.308145,-123.1559221667
Erythranthe nasuta,-1933.2957864103578,-3704.7041478527412,4809.083874170639,435848337,49.011276,-117.557755
Erythranthe nasuta,-2411.8384874939356,-3764.2596038616985,4539.067952196285,482950739,45.4351529606,-122.6485216082
Erythranthe nasuta,-2595.0418103847833,-4089.3108515465515,4139.208606902522,484849348,40.5185633339,-122.3988636117
Erythranthe nasuta,-2418.6661236122923,-4813.296232246761,3401.7622922254372,501713685,32.2723283333,-116.6793833333
Erythronium grandiflorum,-2661.1418950508637,-4104.203627995803,4082.1060157752668,104719225,39.8463871545,-122.9591419701
Erythronium grandiflorum,-1694.2456871775182,-3791.9494124859057,4831.190778090388,112371603,49.3153140405,-114.0751256557
Erythronium grandiflorum,-1761.6599746477973,-3532.1381621023215,5001.030620504317,11254267,51.7176111111,-116.5078055556
Erythronium grandiflorum,-1975.7992165004457,-3884.1701177558243,4647.493204092542,121586008,46.84242,-116.961525
Erythronium grandiflorum,-1783.6346649033235,-4481.825327367738,4161.927708021573,124698956,40.7878749333,-111.7011008667
Erythronium grandiflorum,-1747.8170162852614,-4416.808255694435,4245.785397272289,124721512,41.79157,-111.58967
Erythronium grandiflorum,-1791.3565758347036,-4519.367736310331,4117.779743003313,128536562,40.2655339921,-111.6220510918
Erythronium grandiflorum,-1782.1133133974624,-4447.639067949426,4199.087042338955,130395734,41.2307333333,-111.8353583333
Erythronium grandiflorum,-1898.461277915309,-3676.793910208794,4844.25272336045,359321958,49.4958407463,-117.3089380261
Erythronium grandiflorum,-1927.784333393108,-3679.5149110927755,4830.586994625751,362380137,49.3069852722,-117.6510995118
Erythronium grandiflorum,-1918.8505462938342,-3864.7723119898915,4687.355404398263,363322217,47.3691101405,-116.4042925721
Erythronium grandiflorum,-2107.0621864618247,-3947.3818475315297,4535.219798624838,368986381,45.3858564923,-118.0927321446
Erythronium grandiflorum,-1978.0061147379727,-3646.1444968146884,4835.584271635083,376531681,49.3759616667,-118.4795
Erythronium grandiflorum,-2032.325769599791,-3903.1893307231207,4607.007504272948,38954914,46.312725,-117.5052433333
Erythronium grandiflorum,-2011.2257637136843,-4057.9124247351824,4480.856035428004,41902922,44.693955,-116.364425
Erythronium grandiflorum,-1707.1331568485589,-3659.325165679703,4927.959907130832,46024808,50.669016128,-115.0097967987
Erythronium grandiflorum,-1731.8774001487711,-3741.303021685948,4857.263169775235,50945212,49.6763200915,-114.8397743138
Erythronium grandiflorum,-2246.1959417518874,-3676.746221034862,4693.175273419974,67388715,47.4464463176,-121.4215713518
Erythronium grandiflorum,-1499.2171731715644,-4728.421355039562,3998.0160688209767,76025160,38.86832,-107.592002
Erythronium grandiflorum,-1818.821599389872,-3643.209911661274,4899.863534716386,87830252,50.272022,-116.530022
Ferocactus cylindraceus,-2368.621391597428,-4739.626996651782,3537.7000672123277,14374396,33.7300707835,-116.5535212308
Ferocactus cylindraceus,-2356.840723989355,-4751.330540955238,3529.860198649343,2014724,33.645336,-116.383161
Ferocactus cylindraceus,-1981.6188199979642,-4907.14499080681,3547.2338548659213,30181229,33.8332266583,-111.9899974273
Ferocactus cylindraceus,-2364.2174784774497,-4798.6772174730195,3460.1915852513957,32152113,32.8959554388,-116.2285954972
Ferocactus cylindraceus,-2322.58502509385,-4748.982356814984,3555.6319417998297,32573678,33.9241974413,-116.0618720317
Ferocactus cylindraceus,-2366.1669957705094,-4779.766687563966,3484.9443740549996,33046666,33.1614703799,-116.3371669541
Ferocactus cylindraceus,-2358.328571089239,-4727.173562856659,3561.1612694584182,33167456,33.98414596,-116.51404272
Ferocactus cylindraceus,-2354.282989248237,-4750.962773952572,3532.061360838837,33266109,33.6691181464,-116.3601672057
Ferocactus cylindraceus,-2378.961353805414,-4773.721141382265,3484.5204076167706,33474062,33.156915882,-116.4891537753
Ferocactus cylindraceus,-2371.148439692909,-4778.836898870287,3482.833056667393,33677562,33.1387917046,-116.3895449695
Ferocactus cylindraceus,-2350.631390107695,-4754.988824906933,3529.0744498420527,34677872,33.6368480791,-116.3055152168
Ferocactus cylindraceus,-1991.965366270449,-4916.780869244262,3528.0437912659345,360416127,33.6257158293,-112.0546456799
Ferocactus cylindraceus,-2363.6370465499467,-4782.755609769011,3482.559664826597,36758834,33.1358555,-116.298575
Ferocactus cylindraceus,-2360.6466491382675,-4721.077910470633,3567.705690055718,405943094,34.0551547231,-116.5660967603
Ferocactus cylindraceus,-1964.4502016490671,-4737.391400697408,3779.922122414246,45137597,36.3915666667,-112.5222783333
Ferocactus cylindraceus,-2365.193212424363,-4723.035075739248,3562.099643597285,477671486,33.9943239312,-116.6007121568
Ferocactus cylindraceus,-2321.099998199614,-4736.489195530695,3573.222359251684,491982201,34.1150583333,-116.1070028333
Ferocactus cylindraceus,-2368.069796626029,-4776.700374242764,3487.8549428974297,6603592,33.19274382,-116.37011276
Ferocactus cylindraceus,-2314.9895582619392,-4738.513896606648,3574.5017172301527,6896566,34.1289565,-116.0377106
Ferocactus cylindraceus,-2208.9225674075096,-4645.22547561738,3759.294415385758,8962033,36.1614550484,-115.4322732609
Filipendula rubra,608.3618102770362,-4810.581550231172,4132.548146851932,140688118,40.4398155212,-82.7924499512
Filipendula rubra,291.4318584751779,-4750.022597142319,4235.812310310795,142100762,41.6713860097,-86.4890880894
Filipendula rubra,325.11252134465195,-4875.543680285304,4088.169370240474,142680201,39.917446954,-86.1850327626
Filipendula rubra,1405.1334924036155,-4379.712878667862,4408.340742119866,144861498,43.78368561,-72.21231675
Filipendula rubra,621.1504200518374,-4806.975896572999,4134.840748458528,147921943,40.4669109382,-82.6371223596
Filipendula rubra,372.0671119152637,-4859.217827626308,4103.574210074327,210378386,40.0983175496,-85.6214434841
Filipendula rubra,1552.4912953903552,-4282.879882263882,4453.8145248218325,213581731,44.3528576213,-70.0750420243
Filipendula rubra,1104.941202957443,-4335.869950536979,4535.315847845092,213709497,45.3870864,-75.7032037
Filipendula rubra,848.602194499491,-4532.122448936068,4396.5319915835735,213882533,43.636767943,-79.3946437023
Filipendula rubra,1111.9989862708476,-4369.942210293568,4500.757321041051,214159953,44.946275,-75.7232133333
Filipendula rubra,144.28814459130257,-4628.555617629705,4375.546475072151,215706294,43.3765602112,-88.2144699097
Filipendula rubra,1364.0015956919622,-4338.265863547672,4461.916860924705,217399918,44.45485,-72.5462416667
Filipendula rubra,-322.4671549728475,-4524.303371600908,4473.974414920342,219336071,44.6069615,-94.07683
Filipendula rubra,1367.6148400436223,-4417.825474434729,4382.031590073885,251336088,43.4568521,-72.7991785
Filipendula rubra,227.68608072386814,-4762.932814006783,4225.20806441286,328619776,41.5438416667,-87.26313
Filipendula rubra,740.9329878676266,-4728.499090124446,4205.005088208488,331947344,41.3015400999,-81.0944438268
Filipendula rubra,1301.3305354931776,-4320.426514902626,4497.8002063672,46665663,44.908713,-73.237479
Filipendula rubra,159.82744148039578,-4662.1586173072155,4339.180261949869,692872812,42.9282627032,-88.036563379
Filipendula rubra,159.8296800585364,-4662.15925059135,4339.17949907299,700257343,42.9282533333,-88.0365361667
Filipendula rubra,1350.2484122918936,-4327.8907407285105,4476.15282258069,85818289,44.6344855708,-72.6727236529
Frasera fastigiata,-2031.160975941598,-3920.7080651557594,4592.623050862328,209145144,46.1257583333,-117.386855
Frasera fastigiata,-1943.6085122256825,-3852.495832191186,4687.260921245033,279805271,47.3678555556,-116.7712333333
Frasera fastigiata,-1977.0491756138886,-3894.838858538228,4638.023280763316,284411244,46.718055,-116.9126883333
Frasera fastigiata,-1970.680531717166,-3820.0106910965605,4702.519504637527,285110060,47.5708537442,-117.2884629294
Frasera fastigiata,-1991.7160028274338,-3941.8365816881133,4591.812807271645,288316232,46.1152458191,-116.8063812256
Frasera fastigiata,-1969.2660147087836,-3818.450204061812,4704.379080398467,292374424,47.59564706,-117.28123942
Frasera fastigiata,-1961.5996505426876,-3871.607826263206,4663.96106118884,387194723,47.059375,-116.8696366667
Frasera fastigiata,-1952.639954606615,-3881.9072582156464,4659.157260274008,39668801,46.9959966001,-116.7028742564
Frasera fastigiata,-1918.3513881691083,-3864.6964821706842,4687.622231140712,403871944,47.3726533333,-116.3988033333
Frasera fastigiata,-1977.346608661283,-3885.533258978754,4645.695299119724,40803333,46.8187866667,-116.9715283333
Frasera fastigiata,-1961.098324458837,-3890.6260206649563,4648.319659705747,504893347,46.8532871887,-116.7507206876
Frasera fastigiata,-2034.2048707885542,-3918.287716112504,4593.341381510785,506046210,46.13508,-117.43638
Frasera fastigiata,-1964.1042387686027,-3868.430767395486,4665.542955197884,511649531,47.0802620299,-116.9181054225
Frasera fastigiata,-1989.4857208828064,-3940.2419463510446,4594.147701184256,515368075,46.1455453668,-116.7898771216
Frasera fastigiata,-1950.7052256850004,-3985.156388639769,4571.9832469341245,521275168,45.8585883333,-116.0814138333
Frasera fastigiata,-1972.3293717663994,-3819.3805887803705,4702.340044806703,547708329,47.5684616667,-117.311845
Frasera fastigiata,-1919.3809374478772,-3950.0803187562756,4615.4734775549805,672166543,46.4230633333,-115.91555
Frasera fastigiata,-1962.4951583304594,-3872.783084080068,4662.608397331929,80089665,47.0415211694,-116.8731688487
Frasera fastigiata,-2037.8478599864072,-3907.554293389113,4600.863905120707,87044573,46.2327936347,-117.5427129729
Frasera fastigiata,-1959.4282992652054,-3891.6877654663454,4648.135132054109,96991814,46.8508606163,-116.7248260695
Galeopsis bifida,-2744.29810187995,-1511.6343617705168,5547.390613072977,10234830,60.5428886042,-151.1528260355
Galeopsis bifida,72.32162696770656,-4470.148050948769,4538.975557826799,12339298,45.4339688454,-89.0731039649
Galeopsis bifida,-467.45481185254675,-4020.120320140117,4920.352806471286,164465183,50.5612,-96.6325
Galeopsis bifida,-2326.6499746560467,-3527.886759228608,4767.648061588641,220054554,48.4463445998,-123.4049492329
Galeopsis bifida,4339.744885339734,754.517916664548,4602.941469677541,304497382,46.25981077,9.86298347
Galeopsis bifida,1603.662233231518,2776.458515114541,5505.388150278988,305824857,59.7836592164,59.9895824213
Galeopsis bifida,150.96670806376594,-4114.6405998870405,4861.758418154386,31118280,49.7388334343,-87.8987528057
Galeopsis bifida,-1793.7536964601543,-3401.421065375695,5079.619625732958,319727673,52.8732525819,-117.8051113798
Galeopsis bifida,969.2172925003111,4616.239963674101,4282.604297314186,339540647,42.2372377462,78.1425163817
Galeopsis bifida,1402.006100319313,-4119.0326333624,4653.783642332385,352945476,46.925189336,-71.2028295358
Galeopsis bifida,1343.2140036196267,-4440.140311054726,4366.999346038925,46466072,43.2709007165,-73.1685880268
Galeopsis bifida,2433.65203784271,1162.331524331721,5772.007996869561,536423474,64.955628383,25.5295111296
Galeopsis bifida,3387.8101017287822,2325.9046801314407,4868.5381032959485,536986050,49.8332680323,34.4715875059
Galeopsis bifida,3909.013397221719,1428.6916314517323,4823.713052435679,596453616,49.2122630975,20.0766757814
Galeopsis bifida,2569.80569890211,2597.4850074838882,5219.092204154291,640193532,55.004191598,45.3069098457
Galeopsis bifida,-2902.815257415302,3698.890737500293,4299.025938864395,693062910,42.437027094,128.1241116937
Galeopsis bifida,1933.8144207038438,-4180.590994204442,4401.451335086191,710602742,43.6979278273,-65.1761723477
Galeopsis bifida,-2204.4008303659234,-2195.3470105726915,5559.750139343405,86398138,60.7697070541,-135.117903332
Galeopsis bifida,-1409.2914099942057,-3877.2150936445796,4854.982386065745,89526015,49.644633,-109.97521
Galeopsis bifida,2911.110418210949,1153.3733203606105,5548.415922273803,92440620,60.5616442248,21.613324061
Gardenia jasminoides,-2413.6234255148347,5374.8677794172245,2423.834037896577,125110104,22.3614013542,114.1828107814
Gardenia jasminoides,-2413.766365720927,5379.700999625668,2412.944718806963,16124258,22.2555487908,114.1648387381
Gardenia jasminoides,-2431.9845264673536,5365.9401621982315,2425.2609279021526,187221696,22.3752777778,114.3812777778
Gardenia jasminoides,-2416.7741548577237,5378.957744541707,2411.590636182675,193548039,22.2423916667,114.1944583333
Gardenia jasminoides,-2416.587745728619,5367.749827866026,2436.6203196878987,195628635,22.4857966667,114.2375116667
Gardenia jasminoides,-2411.9879860005162,5370.732058496108,2434.605561668824,210024955,22.4661880641,114.1847793013
Gardenia jasminoides,-3740.0511394299356,3639.0836979670025,3654.9747527605555,238333984,35.0078416667,135.7839194444
Gardenia jasminoides,-2394.7530262301752,5381.418337913614,2428.013127107417,275673711,22.4020466667,113.9892583333
Gardenia jasminoides,-2422.66987938068,5369.60891943691,2426.4632363838996,283292483,22.386971233,114.2840304379
Gardenia jasminoides,-2965.773196367994,4988.497021941127,2628.46722244488,33143109,24.3661845022,120.7324313745
Gardenia jasminoides,-3023.752448780243,4914.527480720498,2700.758023114243,34268040,25.08192461,121.60266378
Gardenia jasminoides,-3732.4424334275054,3646.1538861093018,3655.706286018782,350461019,35.0158740964,135.6700114774
Gardenia jasminoides,-2988.5563893633093,4953.430701905907,2668.6716018815664,36174451,24.7637333333,121.1038666667
Gardenia jasminoides,-2402.468109205125,5377.809508063351,2428.387326789777,37348698,22.4056866667,114.0720971667
Gardenia jasminoides,-2416.1574655635254,5373.369017117026,2424.63226844111,38845056,22.3691639301,114.2112625106
Gardenia jasminoides,-3007.119582402197,4927.908920246837,2694.93944654835,502258221,25.02416248,121.39247006
Gardenia jasminoides,-2990.018019656043,4984.130661928437,2609.2119340203844,510249103,24.1762273767,120.9598649509
Gardenia jasminoides,-3028.2003799532363,4918.564595893886,2688.3969023467725,515007704,24.9592458318,121.6192569457
Gardenia jasminoides,-5016.720214109725,412.14271973900486,-3905.433369241684,609155621,-37.8067966667,175.30348
Gardenia jasminoides,-3018.1402879314664,4925.050061007121,2687.8363470673135,74451746,24.953685465,121.500555901
Gentiana clusii,4155.598096290288,1066.360814190033,4709.9503400509375,129408968,47.6699978824,14.3920392171
Gentiana clusii,4218.393598367901,878.5073606954633,4692.881140209077,153315404,47.44253506,11.7640629187
Gentiana clusii,4259.935463323078,854.821716375001,4659.611873451857,185471636,47.0019912654,11.3465868693
Gentiana clusii,4188.816215620902,953.6383145087613,4704.694018374597,193575060,47.5998472222,12.825525
Gentiana clusii,4230.00401494588,964.9632174317582,4665.368704853125,212524604,47.07796086,12.8506077
Gentiana clusii,4359.340130888522,770.0242755007929,4581.808525903473,21707103,45.985609912,10.0172710419
Gentiana clusii,4287.833655742596,894.3567749573081,4626.484802681889,224302464,46.5669106901,11.7818388498
Gentiana clusii,4264.570555744529,1018.8767372696963,4622.237693910266,284946548,46.5113831384,13.4370258696
Gentiana clusii,4185.622459241749,848.0072768024727,4727.7057244353255,285487505,47.9076615519,11.453102231
Gentiana clusii,4275.656490423447,1024.6153212818929,4610.713409980248,32184348,46.3609972159,13.476190567
Gentiana clusii,4219.924347295947,819.7089958508957,4702.13449349308,377325409,47.5657219417,10.9926575303
Gentiana clusii,4344.8294298058945,847.0251513962178,4582.003791843939,397334118,45.9881372693,11.0314574408
Gentiana clusii,4225.8262793601125,807.478510215135,4698.94922742177,485120825,47.5232848879,10.8177784055
Gentiana clusii,4141.540985786185,1049.7092301571745,4726.045061661332,485910394,47.8853866667,14.2225983333
Gentiana clusii,4255.260954018588,1066.1766036903027,4620.148784684933,510702962,46.4840931262,14.0661643167
Gentiana clusii,4296.818150738013,742.1365152567101,4645.03393979941,531265444,46.8100957585,9.7993156527
Gentiana clusii,3919.827823095047,1399.0530760277634,4823.624514555899,601212024,49.2110442396,19.6423450112
Gentiana clusii,4205.741412600714,853.3537318848737,4708.8512089777205,678940402,47.6553211314,11.4697252214
Gentiana clusii,4332.595057329294,565.8126365838515,4636.618299921317,73398489,46.69962833,7.4404
Gentiana clusii,4200.2446183726715,911.3029046317995,4702.895415753841,90908490,47.5758647379,12.2414071712
Geranium carolinianum,-499.354090216251,-5529.120588908583,3125.5758086421356,118009843,29.3796012,-95.1605805
Geranium carolinianum,719.2092546603706,-5264.3274276220445,3515.5864251180865,120858918,33.4912759956,-82.220447817
Geranium carolinianum,-1009.6059186403529,-5157.983733761533,3600.785028431334,127351104,34.4149909829,-101.0748584217
Geranium carolinianum,459.69969547672144,-5196.548307497752,3657.0910581360017,127528259,35.0310814233,-84.944631371
Geranium carolinianum,240.5378604563794,-5138.242927640015,3759.0363504390148,129988534,36.1585805,-87.319755
Geranium carolinianum,1237.4033422315918,-4898.433093076204,3881.2291005514485,278220614,37.5317997336,-75.8229861036
Geranium carolinianum,-928.3860116550682,-5434.986923088747,3191.9852269230423,278827478,30.06732272,-99.69351297
Geranium carolinianum,-3733.0063156040164,3645.252234822871,3656.029693787624,321049873,35.0194254512,135.6814211469
Geranium carolinianum,-1511.804707931541,-3469.4056544406453,5125.1755150129975,324671561,53.557436914,-113.5453199913
Geranium carolinianum,-658.8248969761155,-5428.7170951562575,3268.751074272872,364533499,30.8683033333,-96.9195333333
Geranium carolinianum,-840.9100987731154,-5484.896191113783,3130.261507951746,365739569,29.4279716667,-98.7163616667
Geranium carolinianum,727.0594794351845,-4943.553050989552,3952.520825383817,368141629,38.3447423531,-81.6333607771
Geranium carolinianum,-1100.4588215362687,-5066.632679301144,3702.428500973132,369744459,35.5305480957,-102.25415802
Geranium carolinianum,420.54539552650317,-5349.609823112241,3434.322267994066,477076770,32.6193116667,-85.5050883333
Geranium carolinianum,890.4466365424389,-5295.393738017367,3428.653245301157,481223649,32.558802073,-80.4547305174
Geranium carolinianum,296.73645827803585,-5278.8474451993025,3554.640664584654,497017592,33.9134545556,-86.7826550777
Geranium carolinianum,169.36528263513847,-5085.86622934385,3833.4101304106666,502457433,36.9914572255,-88.0926884962
Geranium carolinianum,-2610.4799816494824,4432.279157145639,3758.9957260174015,502612760,36.158128,120.496814
Geranium carolinianum,-326.2040859172814,-4957.381001921524,3988.4480222005955,75013504,38.7578887912,-93.7647322287
Geranium carolinianum,1042.3319423870828,-4466.995285374406,4421.453423027301,77505335,43.9472502948,-76.8655757592
Glandularia bipinnatifida,-920.3399397795683,-5450.000172353006,3168.631510017562,118672648,29.8249383333,-99.5850916667
Glandularia bipinnatifida,-1017.6887626438235,-5247.435717179895,3466.768106771873,120052666,32.9664216667,-100.9757
Glandularia bipinnatifida,-1025.1371199634862,-5652.739772827349,2754.1568720111454,182001360,25.6133111999,-100.279003121
Glandularia bipinnatifida,-372.8737453719374,-5433.864469753162,3305.122573225377,189773284,31.2501428572,-93.925503422
Glandularia bipinnatifida,113.73455141285906,-5308.80418985671,3520.4283340599623,229322842,33.543505,-88.7726966667
Glandularia bipinnatifida,-724.8425786016618,-5360.79530514274,3365.446487805605,236269877,31.8868783333,-97.7003633333
Glandularia bipinnatifida,-567.3753231790473,-4910.727396058742,4019.029088464407,243076034,39.11145,-96.5906138889
Glandularia bipinnatifida,-778.3150561914979,-5579.170873328968,2976.0428708573295,258959910,27.8476866667,-97.94172
Glandularia bipinnatifida,-651.4633666870502,-5344.9817945703535,3405.3660929852613,264690193,32.3106675482,-96.9491160661
Glandularia bipinnatifida,-960.3780309252803,-5934.895440624026,2108.18482971813,269895868,19.3235826341,-99.1918598861
Glandularia bipinnatifida,-831.1460828789521,-5475.739739679898,3148.844807525885,273283084,29.62003465,-98.63087354
Glandularia bipinnatifida,-764.6059245136414,-5666.1266330902,2810.7187492991893,273818322,26.178764,-97.6852582
Glandularia bipinnatifida,-954.8345191800936,-5306.918092542642,3393.326469661169,35385554,32.1826466667,-100.1996783333
Glandularia bipinnatifida,-846.1849944077585,-5354.359750949853,3347.3206811306272,35391373,31.6950973543,-98.9805588127
Glandularia bipinnatifida,-841.8255232049817,-5494.256763414243,3113.55512811881,375052502,29.2556166667,-98.7110666667
Glandularia bipinnatifida,-1122.5951322951012,-5375.339862998346,3230.3644772510897,375817716,30.4669512854,-101.7962019203
Glandularia bipinnatifida,-827.9778543564398,-5973.141604208797,2055.6714665633467,472030297,18.82388371,-97.89186837
Glandularia bipinnatifida,-1331.1838836401982,-5790.816996021593,2298.7259767535356,48822119,21.1499713231,-102.9461485125
Glandularia bipinnatifida,-1088.5785284891147,-5193.903570652666,3525.3532611287915,6701778,33.5966619107,-101.8371543491
Glandularia bipinnatifida,-717.1453111832719,-5329.121592738854,3417.0043579325124,6728986,32.4345928571,-97.6643074025
Glebionis segetum,4702.945720457463,1296.7895753165906,4097.608019010418,116382181,40.0282106965,15.4156540124
Glebionis segetum,4898.31354525813,-456.99282347160056,4048.13970871975,117935528,39.4496663889,-5.3300355556
Glebionis segetum,4510.482068595946,792.0642080668932,4429.214256372256,137422757,44.0442695,9.9598883333
Glebionis segetum,3519.0776454118018,714.5666616706451,5262.626733986483,207454760,55.692775,11.478145
Glebionis segetum,4620.951156628496,124.96386302723785,4384.17011196743,217708356,43.4833524117,1.5490657828
Glebionis segetum,-4853.949793717395,391.97999842631947,-4107.952800432595,246473543,-40.1498149876,175.3831065173
Glebionis segetum,4641.675468165199,1186.4863114686443,4199.625246448586,258059079,41.2371695324,14.3386838968
Glebionis segetum,3910.0819114799474,285.43013548297796,5021.906232990907,283141855,52.0216648863,4.1751007116
Glebionis segetum,-4972.325615618798,172.01248072509787,-3979.4651409973885,329115343,-38.6543666667,178.0187016667
Glebionis segetum,4979.7427871814725,-687.1479994834895,3914.0442677615915,357008760,37.9048764,-7.85655294
Glebionis segetum,5418.9268135965685,-1510.0123072053264,2990.793899727968,368902510,27.9978248399,-15.5707735196
Glebionis segetum,4971.172414340705,-611.745192691019,3937.3805728929583,379071958,38.1713416667,-7.0154638833
Glebionis segetum,4841.061120496597,-595.984318924195,4098.619651649824,391074822,40.040093,-7.0183836
Glebionis segetum,4056.8576275931046,-341.36383857596735,4900.523446411594,437942565,50.2813083333,-4.8098166667
Glebionis segetum,4605.736190580701,827.1972401433216,4323.504596777003,463061740,42.7360287167,10.1818577167
Glebionis segetum,4697.595788552566,1393.7489449722025,4071.8313834734745,500400168,39.7261406253,16.5253119821
Glebionis segetum,4630.674244758726,1024.4645695965908,4254.066468009981,56920143,41.8915352661,12.4748633842
Glebionis segetum,3362.7491944524936,618.7634549593332,5375.760669123331,606675644,57.5419748109,10.4260986333
Glebionis segetum,4791.267543555307,96.88360395684111,4198.1093390995975,632155186,41.2190429349,1.1584127106
Glebionis segetum,3903.3043749464864,6.023435562437343,5035.2687916758805,688132629,52.21738,0.0884166667
Globularia repens,4830.941851063255,-49.89472558147669,4153.223384033432,223016338,40.6845655749,-0.5917387627
Globularia repens,4652.692542673427,207.0249864459457,4347.337793180509,384271890,43.0285378133,2.5477374599
Globularia repens,4663.318399603475,227.66911619883825,4334.902698691903,389550270,42.8757466667,2.7950333333
Globularia repens,4687.506637468735,-0.7290270602252211,4314.7461248471545,417310419,42.6288809117,-0.0089109577
Globularia repens,4730.400070975159,61.42965967050133,4267.235017562122,419899268,42.0508230427,0.7440094604
Globularia repens,4671.427242604246,12.155456125428778,4332.132603189647,432838158,42.8417617819,0.1490882178
Globularia repens,4690.4271504554235,45.7404930540307,4311.328575189233,459693154,42.5871219252,0.5587239816
Globularia repens,4701.156360614465,191.4530839651778,4295.605628938931,504446533,42.3953624396,2.3320635594
Globularia repens,4680.261107661938,-22.621062330349005,4322.545243409666,511831740,42.7242833333,-0.276925
Globularia repens,4673.68211064476,-32.55241534167233,4329.594553601065,518306197,42.8106401523,-0.3990613415
Globularia repens,4639.370951192485,-454.2392813154163,4342.77065733603,519401939,42.9723769024,-5.5919875161
Globularia repens,4661.761770729137,-62.97117214289314,4342.092232337392,519751129,42.9640388578,-0.7739054784
Globularia repens,4674.211311447894,-34.61864287690033,4329.007195093969,521237964,42.8034401785,-0.4243423609
Globularia repens,4679.69621519507,3.75982426279131,4323.214351253924,522472467,42.732475,0.0460333333
Globularia repens,4636.882108476483,-388.1867496609406,4351.825879921645,529388107,43.0837767807,-4.785482797
Globularia repens,4697.916344980504,81.77220972805362,4302.632734844871,559703038,42.4809934664,0.9971930279
Globularia repens,4661.831156690939,-61.76414757000603,4342.035074277729,570238232,42.9633364199,-0.7590617985
Globularia repens,4611.421524744675,464.712097415118,4371.337017128167,604512467,43.3244999823,5.7545062866
Globularia repens,4690.058787894571,27.185172769243916,4311.886207004059,636618301,42.5939337091,0.3321020678
Globularia repens,4675.524232943403,-44.78359264134794,4327.495893315969,681996695,42.7849181489,-0.5487796143
Glossodia major,-4517.291086598914,2561.6596887592527,-3690.763336709262,417461353,-35.401742,150.44335
Glossodia major,-4533.901389902238,2774.978001521771,-3511.8354755583605,436450736,-33.4508366667,148.53125
Glossodia major,-4593.928598448306,2668.947224838687,-3516.005385812441,444159471,-33.4957940212,149.8445805162
Glossodia major,-4427.722656072237,2666.905908921334,-3724.599050037805,459199759,-35.7759263227,148.9386036528
Glossodia major,-3952.9581005890973,3447.2471312085763,-3616.6783933657557,51977435,-34.5884295367,138.9093680029
Glossodia major,-3883.254720601634,3442.666187099192,-3695.691468292025,52758829,-35.4561329943,138.4416825468
Glossodia major,-4611.983580841538,2599.048365997165,-3544.616787599607,535692563,-33.8048975326,150.5968961808
Glossodia major,-4473.648950182975,2657.0504766101276,-3676.4522253050013,54976073,-35.244,149.2925
Glossodia major,-4360.610703775872,2854.583667608596,-3664.1751465254742,565252127,-35.1089219792,146.7900654452
Glossodia major,-3992.9923782444666,3211.1212897780338,-3786.0883586220352,568403476,-36.4604860756,141.1941352442
Glossodia major,-4161.607924021665,2940.1199484545014,-3824.456471852886,569236827,-36.8907106631,144.7593090311
Glossodia major,-4132.2558310724335,2874.3800726247455,-3905.4006291727696,571221065,-37.806424,145.177685
Glossodia major,-3922.4690975558333,3371.496913809488,-3719.8115367004903,572614006,-35.7228753862,139.3198093277
Glossodia major,-4343.665884696875,2766.281983582736,-3751.0003731142847,577994262,-36.0691215432,147.5088052824
Glossodia major,-4071.8576189956057,2513.4508721426923,-4206.2207946837525,579251980,-41.316095,148.314055
Glossodia major,-4141.906540403566,2926.629711357879,-3856.060408349031,582271177,-37.2469166667,144.755355
Glossodia major,-4044.659678754867,3058.6683696678606,-3856.8159169352853,585059430,-37.2554525113,142.9025568095
Glossodia major,-3997.673389845151,3082.7928846001264,-3886.4828094898667,587941355,-37.5914033333,142.3625033333
Glossodia major,-4079.8128159149924,2867.7059221620934,-3964.9896923913525,709570299,-38.4878600286,144.8965647493
Glossodia major,-3944.915356719312,3267.9014173924243,-3787.90394337055,94378149,-36.4807903576,140.3622218751
Gomphrena serrata,722.5833086667276,-5589.143604381788,2971.380194675842,109649492,27.8002725154,-82.6334691793
Gomphrena serrata,-1426.7279699636435,-5847.306203669235,2088.8299571607363,11509265,19.1392327811,-103.7121005074
Gomphrena serrata,-797.6476128547093,-5417.77710331845,3255.9488131945445,132333467,30.7342634265,-98.3753647501
Gomphrena serrata,-467.15445285627345,-5537.422298305515,3115.8424442007436,140631417,29.2791970621,-94.8222345669
Gomphrena serrata,-2962.6817911314583,5037.88819561538,2536.129386024055,14445293,23.457795,120.4589383333
Gomphrena serrata,-1372.1539419509822,-5798.596160886946,2254.601794599879,152526242,20.7250985524,-103.3133241316
Gomphrena serrata,826.2276358058492,-5535.649972990683,3043.6294781126644,186988706,28.5373256,-81.5109425
Gomphrena serrata,-1075.944346632249,-5862.511040513415,2250.1247059853927,212833702,20.6820555491,-100.3997373953
Gomphrena serrata,1690.4170107530108,5821.241483494943,1960.9668661841013,215482471,17.926418,73.807352
Gomphrena serrata,-2982.1005227262635,5064.358777349745,2459.491771954886,30616149,22.7085883543,120.4913079087
Gomphrena serrata,181.32680397639558,-5500.106000433269,3210.250411390845,368683742,30.2573083333,-88.1117638333
Gomphrena serrata,202.75233915092667,-5475.924452712729,3250.060923556519,414024072,30.6726797104,-87.879527168
Gomphrena serrata,-2965.5794200833857,5072.437353802357,2462.817720540005,428930975,22.7410166667,120.3125138889
Gomphrena serrata,716.0602148808432,-5569.257941418044,3010.045993052978,434930646,28.1940908938,-82.6734641481
Gomphrena serrata,-850.3860139069723,-5963.269820779047,2075.0927212090255,438722468,19.0085142904,-98.115886825
Gomphrena serrata,1207.2241937121194,5957.746819086731,1907.253448143557,440788244,17.41943361,78.54519385
Gomphrena serrata,132.08991040125645,-5494.09089315704,3222.9288920136764,451996589,30.3894,-88.62275
Gomphrena serrata,959.9966309054029,-5641.687408979572,2799.9147804333393,583448371,26.0705459397,-80.3429749981
Gomphrena serrata,228.08644807713227,-5477.500958767373,3245.7222537647144,592671874,30.627325,-87.6155466667
Gomphrena serrata,-1108.0647920271956,6087.20869965042,1519.1562767692453,60360347,13.7949764047,100.3166868165
Grindelia squarrosa,-1448.202316202114,-4953.776378690676,3735.312941501763,10937768,35.8947765738,-106.2959161661
Grindelia squarrosa,-1593.3890685147087,-4850.9839708055915,3810.3567970732715,132656870,36.73233,-108.183655
Grindelia squarrosa,-1692.729808553572,-3767.5081572860645,4850.804181751165,143992150,49.5866383333,-114.1942366667
Grindelia squarrosa,-2472.049484976271,-4292.1505131611175,4007.0149046237334,146201645,38.9723383333,-119.939645
Grindelia squarrosa,-2077.852794286642,-4360.981056504141,4153.808507835268,28382750,40.6915052324,-115.4761434525
Grindelia squarrosa,-2243.8325082112965,-3728.964334161151,4652.933891570535,420576864,46.9140008837,-121.0366160889
Grindelia squarrosa,-1230.2383145734984,-4636.976630678836,4192.220717659215,422041239,41.1486768111,-104.8588456089
Grindelia squarrosa,-1444.916770120419,-3836.238839262268,4877.011403025207,423787530,49.9515529945,-110.6388490275
Grindelia squarrosa,-2444.2589321294386,-4387.885536068364,3919.4147426299423,428809556,37.9661133333,-119.1198666667
Grindelia squarrosa,2208.6987497511077,3417.6911049399787,4902.121017859461,430284907,50.303797,57.127247
Grindelia squarrosa,-1738.7673591971752,-4651.801840423378,3990.8872243777564,466202564,38.786025,-110.49492
Grindelia squarrosa,3889.791997322697,849.6066660396355,4973.674683798968,54169993,51.3222378957,12.3210179413
Grindelia squarrosa,-951.362039052908,-4502.662775772606,4405.75661243313,54957047,43.7515045475,-101.9304824951
Grindelia squarrosa,-528.461661192737,-4017.0770831601317,4916.662802173496,552571970,50.50899,-97.49444
Grindelia squarrosa,-2041.3034492594825,-3957.7116801837306,4556.24314696396,553439427,45.6557020359,-117.2837204487
Grindelia squarrosa,-1853.7117024315364,-4238.487103645045,4380.494621179261,554208523,43.4378133333,-113.62227
Grindelia squarrosa,-1822.4845427114353,-4668.2081097800265,3933.9720722241173,581123942,38.1323611667,-111.325845
Grindelia squarrosa,-1600.130459456647,-3799.212998549497,4857.501027694079,87677258,49.6796258574,-112.8395699182
Grindelia squarrosa,-1539.3881010739685,-3879.4204467748978,4813.536579386738,90184602,49.0723646324,-111.6436126716
Grindelia squarrosa,-1117.2446061489911,-4609.794463540181,4253.3883697145175,91967693,41.8833437004,-103.6236922816
Gymnadenia rhellicani,4328.37803099755,765.7688806972172,4611.777832009142,119951317,46.37487,10.03285
Gymnadenia rhellicani,4439.429242381073,564.631036926388,4534.579685451418,141699566,45.3776605435,7.2482765839
Gymnadenia rhellicani,4287.254241729098,902.6150053950244,4625.417856636202,157728761,46.5529558809,11.8891080469
Gymnadenia rhellicani,4292.647026335582,894.2743907593087,4622.035044328611,215920338,46.5087350755,11.7679426074
Gymnadenia rhellicani,4319.534281083671,811.9231231779552,4612.174927978053,23952464,46.3800463185,10.6454146592
Gymnadenia rhellicani,4329.507001855713,809.1971257539439,4603.294718159088,294351346,46.26440582,10.5865986
Gymnadenia rhellicani,4448.949229710355,546.4977328176376,4527.465528213578,294989620,45.2866513467,7.0029872533
Gymnadenia rhellicani,4357.463540220937,802.313095974756,4578.05180413569,299756207,45.9370085195,10.4326737671
Gymnadenia rhellicani,4191.564608749353,1117.892434121005,4665.924963615717,301096847,47.0853072244,14.9332277023
Gymnadenia rhellicani,4267.769312960562,819.327128594535,4658.819730079561,340365410,46.991546261,10.8674302079
Gymnadenia rhellicani,4337.911361134423,890.5579195520396,4580.304001323654,342270829,45.9661404853,11.601427066
Gymnadenia rhellicani,4237.07799343861,976.0571294182286,4656.633514386496,398535805,46.962729952,12.9724024795
Gymnadenia rhellicani,4187.181359897711,915.4719207491585,4713.722154658931,407456495,47.7203945276,12.3328972693
Gymnadenia rhellicani,4316.821906774889,802.6067626469137,4616.343156592595,416955313,46.4344106381,10.5324755609
Gymnadenia rhellicani,4338.5487045268155,600.0867275561752,4626.731479947486,421255832,46.5701375443,7.8749057651
Gymnadenia rhellicani,4328.55601981183,831.8668623926173,4600.147110286937,459942382,46.2234753528,10.8785349771
Gymnadenia rhellicani,4248.559347510522,933.164473043777,4654.965162770537,469536791,46.94075,12.387883
Gymnadenia rhellicani,4263.700734129359,770.6684641238569,4670.832827009245,47106017,47.1501680662,10.2456508063
Gymnadenia rhellicani,4507.697764917611,458.05711769198484,4478.905855983794,601037278,44.6692886949,5.8022881456
Gymnadenia rhellicani,4299.148443102196,732.6724048948079,4644.38014604264,84235209,46.8015056493,9.6715812874
Hamamelis virginiana,978.9984536343848,-4578.41332467101,4320.815500103408,101124548,42.7031116667,-77.9302533333
Hamamelis virginiana,1460.2337888890904,-4371.373301274259,4398.700475409827,101145244,43.6637200029,-71.52838
Hamamelis virginiana,1097.301283066682,-4729.853718165729,4124.8232481660925,101428794,40.3485980259,-76.9387337565
Hamamelis virginiana,989.7013773185766,-4920.261998102027,3924.4446974628386,452230374,38.0235138333,-78.62683
Hamamelis virginiana,250.5165993160846,-4842.970492932711,4131.904085010642,452735752,40.4322055556,-87.03885
Hamamelis virginiana,498.3502574582197,-5189.539476460178,3661.977631394024,453192152,35.0847675537,-84.5147197132
Hamamelis virginiana,586.4131395880707,-5176.066611790795,3667.9977085189757,454866793,35.1509555,-83.5363383333
Hamamelis virginiana,1506.4644160713003,-4517.222347545522,4232.613891630527,455994843,41.6328899222,-71.5567909593
Hamamelis virginiana,384.2681549341688,-5013.620193057432,3912.2504616330084,457572294,37.8844338479,-85.6171425828
Hamamelis virginiana,395.6300191350758,-5136.171023124217,3748.7300834890407,458087841,36.04386642,-85.5953069
Hamamelis virginiana,1406.4758656310848,-4501.105301992994,4283.880230520605,465997669,42.2527383333,-72.6473616667
Hamamelis virginiana,1349.6656739522798,-4633.158746885924,4159.56677123794,492873351,40.7598377246,-73.7588561583
Hamamelis virginiana,269.9446939380635,-5137.401832512739,3758.1891122170623,54499830,36.1491439759,-86.9921603725
Hamamelis virginiana,827.4738470283817,-4996.246280162391,3865.5611843721945,55825399,37.3543283344,-80.5960862619
Hamamelis virginiana,130.7210260628284,-5494.704028526649,3221.9392889866076,56732431,30.3790833333,-88.6371694444
Hamamelis virginiana,775.9665896389575,-4571.2463650853515,4369.363300428963,569519816,43.3001055145,-80.3659070928
Hamamelis virginiana,1469.1927799010389,-4306.105065028106,4459.673180189708,578010359,44.4265886874,-71.1609579885
Hamamelis virginiana,1288.9442577450502,-4376.861023870626,4446.511374979904,580710341,44.26107729,-73.59079641
Hamamelis virginiana,294.0432550984856,-4618.388252747608,4378.787690753163,582141230,43.4166762345,-86.3570129871
Hamamelis virginiana,1226.5578699921487,-4730.972887768123,4086.9554018169447,99846767,39.9032138889,-75.4654388889
Hellenia speciosa,2981.060355656815,-5503.785889589471,1188.0122756792293,102954230,10.7469426374,-61.5583350509
Hellenia speciosa,446.38569175809016,-6142.1634661533535,1632.27476207963,13945083,14.844909964,-85.8433002031
Hellenia speciosa,716.4338634066562,-6252.084676750065,993.9380482649217,149745189,8.97535,-83.4629216667
Hellenia speciosa,1149.2278121716245,-6185.759676510041,1002.6992519549723,151632108,9.055126802,-79.4752414307
Hellenia speciosa,-143.05779265803184,5702.751380428439,2836.8846100359415,155556929,26.44127267,91.43700619
Hellenia speciosa,-1820.891589540244,6061.87524947399,-726.4815266981601,159561458,-6.547638406,106.7194379121
Hellenia speciosa,828.1410659715318,-6249.004275694644,924.0568526227263,167922672,8.3396476453,-82.4509406675
Hellenia speciosa,1765.7835543004794,5743.28702406562,2118.116079972691,256960775,19.4182557379,72.9098636231
Hellenia speciosa,-1306.8074068936646,6042.044958875399,1541.3306737665584,298362367,14.0004091868,102.2042673183
Hellenia speciosa,-2421.1465136685542,5370.88971194632,2425.148735879352,323289142,22.3741866667,114.2654033333
Hellenia speciosa,690.414079557689,-6259.960339773525,962.277544624457,330170539,8.6872042957,-83.7062572858
Hellenia speciosa,1836.2545077081872,-6049.329880245179,789.6394826575231,40450380,7.1196971667,-73.1145028333
Hellenia speciosa,-2984.23123178555,5005.912098618703,2573.899987531767,454118671,23.8285993895,120.8009180311
Hellenia speciosa,-2970.591562793319,5043.085188220069,2516.4718717072774,48565919,23.2652241647,120.4998934305
Hellenia speciosa,210.2443693249959,-6134.765352183703,1705.9321523703513,551213275,15.531305,-88.0371861667
Hellenia speciosa,589.7690079216502,-6250.834631043835,1081.1993628908754,56837780,9.770734331,-84.6100738272
Hellenia speciosa,2071.3240674421763,-5675.941469361676,2020.657856662689,56989346,18.4915325879,-69.951432658
Hellenia speciosa,1626.7324590206558,5988.3405406322645,1443.3544976429494,581224807,13.0940631497,74.802349247
Hellenia speciosa,1053.6455090979348,6242.561341588516,714.1513616452542,59042671,6.4360351,80.4196737307
Hellenia speciosa,-961.6635287221793,-5914.230474926041,2164.90976178203,99093500,19.8650812394,-99.2355594411
Herbertia lahue,2931.9787703174184,-4412.9654588291505,-3538.218404687056,102606281,-33.73567602,-56.39989615
Herbertia lahue,-685.1132343448678,-5540.591507705867,3069.563280100374,118288172,28.8031443398,-97.049038908
Herbertia lahue,-762.1942274835741,-5544.345666647494,3044.510505482831,119806352,28.546345,-97.8275216667
Herbertia lahue,-637.2822050386419,-5534.527248031251,3090.7333533674755,123064808,29.0206388333,-96.5684883333
Herbertia lahue,3125.950538821241,-4453.178062037051,-3314.7234434131246,162433256,-31.35119302,-54.93270035
Herbertia lahue,1624.9500895358574,-4901.460965194268,-3731.617711244242,205871038,-35.8537649004,-71.6584217548
Herbertia lahue,3052.768840865043,-4310.841095851804,-3561.8821682133375,241579243,-33.991965,-54.6953683333
Herbertia lahue,3233.5932423140234,-4635.336031611014,-2940.6271009747506,241649559,-27.4880634828,-55.1005151868
Herbertia lahue,-693.6290580072383,-5504.259393220803,3132.3729649749544,267567873,29.4497757628,-97.1823702235
Herbertia lahue,2983.647352906333,-4362.5911669459365,-3557.442889669174,26879730,-33.94382694,-55.63113804
Herbertia lahue,-761.1694940320193,-5609.285113201253,2923.4046332745793,45249117,27.3136056045,-97.7277280156
Herbertia lahue,2672.780045684337,-4713.240130220466,-3351.3232359694034,590479494,-31.7374123885,-60.443333238
Herbertia lahue,-540.6107579095216,-5504.223780805545,3162.4379375609305,637153630,29.760755,-95.6094533333
Herbertia lahue,-694.9702277486315,-5470.639361841855,3190.434842601709,639704217,30.0512131909,-97.2398684454
Herbertia lahue,-576.7774118966058,-5353.7251801833545,3405.100239622029,644105104,32.3078386998,-96.148978416
Herbertia lahue,2620.850610245911,-4655.732749450236,-3470.5976105200702,65680659,-33.00748,-60.623544
Herbertia lahue,-182.57568615875076,-5520.069741805851,3175.728151794575,68077219,29.8985307917,-91.8943608902
Herbertia lahue,-122.433927046922,-5429.797344750686,3330.4750198918646,72615013,31.517215767,-91.29171649
Herbertia lahue,1160.3232004731894,-4937.54557796971,3855.3919211401635,74123268,37.2393648083,-76.7754489216
Herbertia lahue,2792.760588791025,-4554.397381659583,-3470.980540611742,97527721,-33.0115866667,-58.4833366667
Heuchera cylindrica,-1585.536700219708,-4240.7812372585895,4482.365558457871,112137713,44.713055,-110.4996866667
Heuchera cylindrica,-2027.796357518325,-3579.825710154811,4864.4262711061265,207270439,49.7759721392,-119.5294341723
Heuchera cylindrica,-2014.9961265077811,-3481.384615976984,4940.597625335913,210961966,50.8486812951,-120.0618974117
Heuchera cylindrica,-2104.350735914579,-3941.647199409469,4541.462150598713,295896974,45.4658453912,-118.0966872723
Heuchera cylindrica,-2393.7520672634428,-4009.6333353393716,4333.883326335021,321538988,42.8632383333,-120.8372116667
Heuchera cylindrica,-2043.6137610075164,-4357.8167386961195,4174.0662665365135,322513699,40.9322133333,-115.1243971667
Heuchera cylindrica,-2388.1339991592376,-3907.4947792687444,4429.227210442545,397162474,44.0444315733,-121.4319198622
Heuchera cylindrica,-2035.6718347501492,-3505.5876117774933,4914.941383885933,43188689,50.4846533333,-120.1434555
Heuchera cylindrica,-1969.5207698763159,-3817.9692242021,4704.662800855004,44592604,47.5994308755,-117.2871994063
Heuchera cylindrica,-1765.7675646773073,-3710.435323464837,4868.725474659194,49219077,49.8358805556,-115.4494166667
Heuchera cylindrica,-2322.5615760777487,-3795.82366880959,4559.296385442559,508643360,45.695,-121.4613333333
Heuchera cylindrica,-1869.3614324787256,-3726.928472920117,4817.182280356001,76697849,49.1224376,-116.6375335
Heuchera cylindrica,-2057.3348099581617,-3597.702894501006,4838.7664225824055,77502488,49.4199347311,-119.7629413244
Heuchera cylindrica,-1887.735917973306,-3643.748127250584,4873.325950398636,78260228,49.9000694444,-117.3875583333
Heuchera cylindrica,-1651.4357088211752,-4012.181891089498,4665.2877405494755,80090761,47.07689167,-112.37233
Heuchera cylindrica,-1993.551735502657,-3805.4744581408886,4704.664574227273,80856192,47.5994545268,-117.6484323946
Heuchera cylindrica,-1729.82345972384,-4000.376821554234,4646.982807525558,81522415,46.8357098169,-113.3843858287
Heuchera cylindrica,-2119.4068818793003,-3626.897495939728,4789.935506107178,82624410,48.74942,-120.300225
Heuchera cylindrica,-1968.8858897711334,-3891.169083828949,4644.571524241105,85257861,46.80402,-116.838875
Heuchera cylindrica,-1524.2907891892655,-4209.751561065296,4532.58011664201,90248727,45.3520659,-109.9045966
Heuchera rubescens,-2239.042046966613,-5129.989854731027,3042.96696202074,12566934,28.5305436886,-113.5794067383
Heuchera rubescens,-2111.6168483762212,-4765.887666062932,3662.9417371561235,12824913,35.0953638333,-113.896645
Heuchera rubescens,-2433.95729970172,-4435.563044932884,3871.8710551013805,21539983,37.42575,-118.7552033333
Heuchera rubescens,-1534.7412842955316,-5157.260027092385,3411.303465379677,26186158,32.373868,-106.5724
Heuchera rubescens,-1988.8895902491372,-4649.81234302951,3874.702117851961,390306116,37.4578170515,-113.1581128389
Heuchera rubescens,-1793.8200426275191,-4505.028641875945,4132.393945429527,3953293,40.4379934632,-111.711542951
Heuchera rubescens,-1975.6223816487416,-4666.456181068547,3861.4577616456127,4041067,37.3079179881,-112.9461836819
Heuchera rubescens,-2458.528672672864,-4484.7974945604965,3798.9447650771044,47953646,36.6043783333,-118.7311866667
Heuchera rubescens,-2384.92981852326,-4731.5736464941565,3537.523670337491,524845651,33.7281633333,-116.7501966667
Heuchera rubescens,-2009.7661523307127,-4646.111068264361,3868.364652404764,532107513,37.3860524959,-113.3918390961
Heuchera rubescens,-1792.3915801428814,-4430.859040252108,4212.430856230937,663603093,41.390495,-112.0245445
Heuchera rubescens,-1796.102295098582,-4475.717924970827,4163.13808698605,77285542,40.80225333,-111.865555
Heuchera rubescens,-1788.950771121429,-4446.331362830944,4197.56425562342,77551309,41.2125262785,-111.9170487314
Heuchera rubescens,-2339.2244325616684,-4576.499202098379,3764.7625737856138,83074825,36.2223888889,-117.0733194444
Heuchera rubescens,-1785.3394703348056,-5104.558225953367,3368.3529243821667,8705710,31.9176671359,-109.2774868011
Heuchera rubescens,-2422.389054508061,-4502.4211342513945,3801.3140265075926,87375131,36.630925,-118.281105
Heuchera rubescens,-2422.3182017597946,-4508.136476832438,3794.579445123455,89815541,36.5554905,-118.2500897
Heuchera rubescens,-2428.24562757026,-4504.026776581095,3795.6710997798336,90614255,36.5677131923,-118.3303369847
Heuchera rubescens,-2427.563349525738,-4499.466068197104,3801.5121221508302,93463107,36.633145,-118.34786167
Heuchera rubescens,-2346.7660138442643,-4931.332417929768,3280.9149622960194,99758605,30.9958333333,-115.449255
Hibiscus pedunculatus,4720.733702293246,2744.0922939442457,-3282.4356694421213,104306814,-31.0117888833,30.1688
Hibiscus pedunculatus,4842.829875304894,2111.913252642999,-3560.4177201337884,106155533,-33.976082,23.56157
Hibiscus pedunculatus,-4616.486214502613,2604.1055335777246,-3535.0307680379033,109610163,-33.7012111111,150.5731666667
Hibiscus pedunculatus,4783.679029624134,2252.3214018353947,-3554.3236169552683,111031547,-33.9100188637,25.2126770269
Hibiscus pedunculatus,4871.009257193058,2058.1182994911833,-3553.473091401775,113472852,-33.9008028134,22.9052244499
Hibiscus pedunculatus,4727.719303243487,2811.88527083018,-3214.3000082606845,15473926,-30.29948,30.74273
Hibiscus pedunculatus,4875.43254037415,2034.3444198302263,-3561.088801959859,15752711,-33.98336,22.64904
Hibiscus pedunculatus,4880.084126724583,2026.9389008905794,-3558.9395524263523,182834397,-33.9600532091,22.5555146858
Hibiscus pedunculatus,4882.4399263930245,2024.186437801693,-3557.2746253080336,182878686,-33.9420028729,22.5181635842
Hibiscus pedunculatus,4740.686504228912,2840.067084693804,-3170.120431898154,185565784,-29.8403740159,30.925129652
Hibiscus pedunculatus,4726.883263348601,2563.0923355416603,-3417.145800787539,31075735,-32.4361,28.4682
Hibiscus pedunculatus,4730.345733167551,2481.1943922817413,-3472.356082271895,338985571,-33.02634,27.6782266667
Hibiscus pedunculatus,-4641.171841509173,2551.430600847769,-3541.112672073198,344425756,-33.766981,151.200713
Hibiscus pedunculatus,4782.716478122921,2799.8990634954575,-3142.601065010666,358787899,-29.5554633333,30.34557
Hibiscus pedunculatus,4750.826124160219,2828.3773259025957,-3165.388754954802,372715056,-29.7913288731,30.7672131016
Hibiscus pedunculatus,4753.089902626482,2826.62338884708,-3163.5564993927733,455871449,-29.7723434928,30.7396004646
Hibiscus pedunculatus,-4554.525684991274,2566.8987787131036,-3641.027269092251,471749391,-34.854845,150.5946966667
Hibiscus pedunculatus,4737.801805621083,2835.042019537187,-3178.9186727234064,628778885,-29.93163433,30.8957805
Hibiscus pedunculatus,4862.636235768159,2070.748599657964,-3557.6006247591204,63176875,-33.9455369002,23.0666796353
Hibiscus pedunculatus,4861.190866711167,2062.0054475405495,-3564.647250625856,634648759,-34.0219624202,22.9855408468
Hieracium venosum,1330.2083994402274,-4415.2582898650535,4396.1111197868995,134200547,43.6315383333,-73.2337416667
Hieracium venosum,796.950294473044,-4757.501493271514,4161.826870418336,19003700,40.7866771985,-80.4904221465
Hieracium venosum,1006.8654710939683,-5065.372113463481,3730.6809572707593,191146303,35.8433716667,-78.7576133333
Hieracium venosum,586.5684345079111,-5141.49446067697,3716.278422312355,201251158,35.6837472222,-83.4915388889
Hieracium venosum,960.8373195683564,-5068.878872874187,3738.0491900364086,264335752,35.9251586418,-79.2665778793
Hieracium venosum,1171.6301815933423,-4853.814899199158,3956.958019940223,273682777,38.39564,-76.429346
Hieracium venosum,720.8738769056155,-5084.341218001989,3770.884294459134,278264274,36.290662,-81.93021165
Hieracium venosum,1406.1257085161258,-4572.807057527614,4207.374387447961,28228900,41.329909257,-72.9074797019
Hieracium venosum,1328.6167647723894,-4616.190304145418,4185.130547301603,285593774,41.0640528333,-73.9432966667
Hieracium venosum,759.6366975656122,-5113.099272367742,3724.10003199451,375976070,35.770395,-81.5495616667
Hieracium venosum,700.0116624652645,-4735.30922110352,4204.352908905486,3841260,41.2937333,-81.59097661
Hieracium venosum,970.6384257486769,-4940.529171103605,3903.6887280637375,38448965,37.7869407547,-78.8849792702
Hieracium venosum,1323.6748832966402,-4584.32769598552,4221.56102749056,43536282,41.500034453,-73.8945006207
Hieracium venosum,478.81432918575155,-5377.7001723482235,3382.4297219853233,523326305,32.0669333333,-84.9119722222
Hieracium venosum,686.193824453513,-4883.330144748094,4033.853971372025,597317242,39.2834861111,-82.0013055556
Hieracium venosum,975.9484198509108,-4854.007201037657,4009.475265386048,656821709,39.0008044499,-78.6316621765
Hieracium venosum,1523.545178345593,-4447.758070201011,4299.536180587287,679040664,42.443245,-71.0915
Hieracium venosum,526.0400414536156,-4656.538801171815,4316.211463499705,686735944,42.6467944444,-83.5547333333
Hieracium venosum,421.65939044994235,-5201.71696887065,3654.325801551629,69868507,35.00071667,-85.36564667
Hieracium venosum,1292.5864737609286,-4769.988922027165,4020.7187194910616,75560371,39.13103617,-74.83793667
Hippocrepis comosa,4223.462813735967,167.6494178205308,4766.970596025461,116977091,48.4371604585,2.2731498209
Hippocrepis comosa,4462.847369599695,638.8562908334083,4501.622943450184,123364728,44.957275,8.1465416667
Hippocrepis comosa,4245.292630816446,1105.3765652977086,4620.10673657045,178295166,46.4835439401,14.5944471885
Hippocrepis comosa,4256.115586420897,855.931801233663,4662.897596595858,182174549,47.0453378126,11.3708697263
Hippocrepis comosa,4521.823188987277,126.91081526035043,4486.285971957686,185017018,44.7626894808,1.6076581071
Hippocrepis comosa,4318.585962245122,372.69882921156307,4669.118117919179,187147204,47.127498,4.932469
Hippocrepis comosa,4575.269107600396,344.3033195828337,4420.194672957195,276286335,43.9315294217,4.3035751954
Hippocrepis comosa,4634.965937442957,145.53847596116316,4368.7140488290015,357668737,43.2920831246,1.7985032871
Hippocrepis comosa,4530.182388412803,475.6105983291552,4454.323205173698,394093089,44.3592556743,5.9933604776
Hippocrepis comosa,4293.740043693078,891.6548176436421,4621.525857661826,417675049,46.502082,11.731524
Hippocrepis comosa,4581.4562423838925,136.5738536064598,4425.082983550726,435425137,43.9926041679,1.707489565
Hippocrepis comosa,4232.154946171123,780.6338314892728,4697.789742252319,463391256,47.507845678,10.4509135646
Hippocrepis comosa,4147.557624956942,912.9110449725367,4749.117002275909,464331007,48.195721,12.41332635
Hippocrepis comosa,4674.965296455713,-42.925499918577344,4328.118529808181,549395370,42.7925483105,-0.5260746783
Hippocrepis comosa,5091.179184192144,-221.69284832529905,3823.676231733993,628053175,36.8819377035,-2.4933409318
Hippocrepis comosa,4385.971029444682,892.4717318526436,4533.928259952216,652289110,45.3693209722,11.501704
Hippocrepis comosa,4692.8551550065695,246.46616367596366,4301.873784058355,663246084,42.4717393901,3.006380601
Hippocrepis comosa,3940.521743404917,-49.057849507172236,5005.95993260356,77240120,51.78922167,-0.71327167
Hippocrepis comosa,4250.5576461566225,1009.342223901183,4637.212643542144,77819132,46.7074225254,13.3581102805
Hippocrepis comosa,4458.517377089569,-77.03763131048409,4550.32318975585,81917412,45.5795852368,-0.9899012554
Honckenya peploides,3452.276181166892,1284.9301274539655,5198.124360400231,133590007,54.6767336223,20.4151635244
Honckenya peploides,3648.835886186674,658.2791007687385,5180.966939756018,137504000,54.410735907,10.2266138792
Honckenya peploides,407.55679107104584,-1928.0749519240774,6058.562335364081,14885141,71.9817587064,-78.064504636
Honckenya peploides,4601.5183416573245,-751.1711444095821,4341.834173811231,150867489,42.9608675386,-9.2714234416
Honckenya peploides,-2522.951827244839,-3737.198170642264,4500.8684762418325,158561366,44.9476874,-124.0229631
Honckenya peploides,2027.8281418968684,-4058.7651759149876,4472.593364412677,218550016,44.58951875,-63.45250625
Honckenya peploides,-2699.512533336809,-1796.6159922585077,5484.027369406164,286957530,59.404105,-146.354905
Honckenya peploides,-1676.288797771283,-1461.5412704204127,5970.235013046122,417934238,69.569145,-138.9151166667
Honckenya peploides,2267.6083910763637,594.2883755303799,5924.063355595294,471651038,68.4109760743,14.6856365706
Honckenya peploides,-3907.30944151106,164.04861292067503,5029.49044243597,475078309,52.1326417379,177.5958453567
Honckenya peploides,2674.355909992672,-715.0677183739876,5738.140095405838,539841741,64.245522581,-14.9695366714
Honckenya peploides,-2436.830134350807,-3392.729880680269,4810.508910992319,551041340,49.0308185482,-125.6878185346
Honckenya peploides,2678.0718868797003,-777.0926592729378,5728.334059505098,611451487,64.0433055556,-16.181075
Honckenya peploides,-1692.1270517140645,-1494.455440466746,5957.605400409988,62517722,69.246211827,-138.5496508446
Honckenya peploides,1327.3759798726,-1719.9819545376224,5989.114142659132,683023080,70.0612028333,-52.341255
Honckenya peploides,3561.876888127918,-186.58887042465574,5279.012289901518,692166431,55.9551016174,-2.9986976087
Honckenya peploides,1431.0332991653224,-1773.2328374024837,5949.583357741531,694484951,69.0435638333,-51.0957971667
Honckenya peploides,2577.3037159059127,-1035.3079923014411,5733.707007402085,720384494,64.153922353,-21.8854256112
Honckenya peploides,-2719.432657853379,110.96030077384984,5760.392951937404,721184980,64.7099991355,177.6634713587
Honckenya peploides,1035.6690981704355,-2622.951237302325,5712.9037673941675,98881714,63.7280411833,-68.4534753059
Hordeum murinum,2915.264488003062,-4336.789632107172,-3644.6181942027097,103284807,-34.8942083333,-56.0903278333
Hordeum murinum,4934.890325586567,-676.4451946426749,3972.2830340692462,121341924,38.5717048645,-7.8051204681
Hordeum murinum,-1580.9435327288452,-4683.701184217453,4019.118546766231,123062516,39.1124868624,-108.6516734585
Hordeum murinum,4906.448847596699,-791.883974323235,3986.155115748069,123585193,38.731450215,-9.1682796646
Hordeum murinum,-2043.6025700266105,-4138.318897427212,4391.783051182617,130343936,43.5777855957,-116.2812807877
Hordeum murinum,-1110.0490694446291,-5242.824025687487,3445.3360400368197,14665246,32.7369867778,-101.954533998
Hordeum murinum,5369.607420322049,-343.5448793271876,3411.6046367051226,184673241,32.377075,-3.6607666667
Hordeum murinum,-2514.412547119632,-4639.6481864700245,3569.474384044548,273388781,34.0743557472,-118.4550508484
Hordeum murinum,4845.418297819286,-319.672852896068,4124.255559001743,342201484,40.3418994818,-3.7745761887
Hordeum murinum,4073.17398543877,1195.1992949873645,4750.842605189525,367698133,48.219007082,16.3533728988
Hordeum murinum,4544.731635301768,911.0581648071627,4370.9427487789135,376241073,43.3196261767,11.3355302811
Hordeum murinum,4248.695387589957,253.59426166557802,4740.678283072956,505143592,48.0819970463,3.4157927614
Hordeum murinum,-2409.6053551081663,-4452.096477487611,3868.125142424155,505598579,37.3833416667,-118.4235533333
Hordeum murinum,-1781.1162415175197,-4320.173048439603,4330.529170368907,506558053,42.8220986249,-112.405321207
Hordeum murinum,3748.8921640875437,689.8545536505934,5104.866439636593,507737709,53.251072419,10.4266717777
Hordeum murinum,3990.6031366786333,-55.758251586411596,4966.057868429254,510281376,51.2127586,-0.8005067167
Hordeum murinum,4544.8483004791915,199.4700744130703,4460.304781595366,62737810,44.4345429311,2.5130571608
Hordeum murinum,4056.4762296158283,605.2944362086494,4875.2817737782125,658117706,49.9273842695,8.4868744388
Hordeum murinum,4104.855778188462,441.0774221602923,4852.356425244406,667741812,49.60817586,6.13304848
Hordeum murinum,-2404.918782691904,-3761.407969931735,4545.099433683178,705108734,45.5125055556,-122.5934916667
Houstonia micrantha,-372.2487470145132,-5315.473762532656,3492.409294434214,181893459,33.241701778,-94.0059490688
Houstonia micrantha,-227.1090191583121,-5209.2187974127855,3660.9034600458494,185175660,35.0729631878,-92.496373022
Houstonia micrantha,-61.8024435446479,-5164.323150483691,3730.375314231472,186728558,35.8399808687,-90.6856368297
Houstonia micrantha,-522.3150650475374,-5450.304128056866,3257.4721816445503,254864231,30.7502033333,-95.4740683333
Houstonia micrantha,897.3098050318284,-5142.391109730624,3652.451494275403,257774406,34.9801416667,-80.1019583333
Houstonia micrantha,-365.60570421200794,-5340.499454750772,3454.728813167798,259211642,32.83746543,-93.9163061331
Houstonia micrantha,13.622889874455788,-5223.980404072967,3646.8611550771348,260212057,34.918805,-89.8505866667
Houstonia micrantha,113.3701975085445,-5256.189193332554,3598.524071322629,263218556,34.390347226,-88.7643848826
Houstonia micrantha,-223.91374483452387,-5207.703157511064,3663.2558725539366,265017265,35.0988167255,-92.4620096473
Houstonia micrantha,404.3908522769614,-5295.786045865345,3518.6462346604317,33513721,33.5242780717,-85.6333183777
Houstonia micrantha,-314.79602611652615,-5215.517806301966,3645.412268011096,424877334,34.9029154309,-93.4540441805
Houstonia micrantha,-164.81397938855102,-5182.275293667041,3702.244219729937,480540642,35.5285116667,-91.8215866667
Houstonia micrantha,-371.1277426523022,-5131.8291498574445,3757.1727275951353,481309688,36.137825,-94.1363611667
Houstonia micrantha,-274.1437282664477,-5234.052151591202,3622.0569322352053,608379966,34.6472055556,-92.9982388889
Houstonia micrantha,-507.81526389076794,-5364.909317222229,3398.4738935909304,61098644,32.2373586707,-95.4072192126
Houstonia micrantha,-495.28758148101764,-5520.053380661141,3142.205279092953,61578465,29.5513716,-95.12714259
Houstonia micrantha,68.55016654714008,-5440.9305335227245,3313.8088257658915,62036891,31.3415619,-89.2781699
Houstonia micrantha,718.7189625564693,-5319.790557326576,3431.1841408933715,622831073,32.5858111111,-82.3057638889
Houstonia micrantha,-247.89907979990943,-5365.361336972851,3426.5429954443425,62440178,32.536288267,-92.6453906671
Houstonia micrantha,12.584760140038723,-5447.565957185038,3303.576833616605,6282641,31.2338839,-89.8676377
Hydrocotyle verticillata,925.0495025805959,-5548.164283859945,2991.974202220616,121308111,28.00984716,-80.53410626
Hydrocotyle verticillata,-2039.1996150982277,-4876.791551518012,3556.447978320957,132783701,33.9330421871,-112.6919355072
Hydrocotyle verticillata,-2642.4799336455376,-4536.894389614421,3608.828373231859,141343028,34.50272,-120.2183383333
Hydrocotyle verticillata,-888.3491744075689,-5441.341605385281,3192.552334341594,1917059,30.073216,-99.272262
Hydrocotyle verticillata,1192.1816182669374,-4895.129418782535,3899.508185927248,215813271,37.7393833333,-76.3124
Hydrocotyle verticillata,834.4691755953743,-5280.101955658782,3466.1127596353413,243525793,32.9593972222,-81.0192333333
Hydrocotyle verticillata,-5016.815109825184,263.61773753554513,-3918.140499262859,251601807,-37.9515791333,176.992054783
Hydrocotyle verticillata,-3057.3072538151705,4927.811791841513,2638.0478444551222,261812551,24.4608053976,121.8162438048
Hydrocotyle verticillata,-2976.448023040327,4959.2108720685965,2671.4673537539993,299774331,24.7914253871,120.9715841711
Hydrocotyle verticillata,1603.937726878027,-4482.221478021101,4234.008445898653,309670727,41.6496719141,-70.3105368745
Hydrocotyle verticillata,-2692.155023898705,-4341.895127491254,3806.573414350774,318053798,36.6898871412,-121.8006289708
Hydrocotyle verticillata,1158.184519374226,-4791.487501248736,4036.0883630238413,42414486,39.3094518409,-76.4112780244
Hydrocotyle verticillata,-4113.187338614462,2908.8057497505465,-3900.037455891582,467670566,-37.7454025645,144.7324243282
Hydrocotyle verticillata,-994.1042613833148,-5673.96619955814,2721.6938500589517,517993689,25.2899848659,-99.9376124627
Hydrocotyle verticillata,-2490.8947832874433,-4679.717304911391,3533.474530031553,578002139,33.68439,-118.02524
Hydrocotyle verticillata,85.47402845153483,-5468.556823271418,3267.6189482235122,583034647,30.8564424098,-89.1045347974
Hydrocotyle verticillata,815.1270558098171,-5417.2841144040185,3252.438137211854,595092936,30.6975391771,-81.4430206101
Hydrocotyle verticillata,-2162.2010856712636,-4805.105150826981,3581.2852559235575,75206849,34.2026869687,-114.2267910764
Hydrocotyle verticillata,274.26472800725935,-5240.170827826622,3613.189959556984,84436088,34.5503305775,-87.0039362303
Hydrocotyle verticillata,1078.5281727999425,-4829.9794136832115,4012.209986223383,90824618,39.03245833,-77.41243
Ilex glabra,227.23574000862092,-5498.170940179327,3210.6437611027095,128915760,30.2614038017,-87.6333505137
Ilex glabra,1303.9903797071129,-4705.855028610484,4091.978820694233,136394403,39.9621297404,-74.5119704811
Ilex glabra,769.9998914534791,-5614.325918330593,2911.3910385931335,146621943,27.1920742224,-82.190655005
Ilex glabra,147.8925735999955,-5487.775040909469,3232.9871661858606,196354892,30.49432,-88.4562833333
Ilex glabra,1314.7053512827385,-4714.8410791444385,4078.1829982724016,207447365,39.8004503138,-74.4191883388
Ilex glabra,384.0798862409381,-5464.8826859179135,3252.275049840835,268591857,30.6958335032,-85.9797800358
Ilex glabra,110.9963382684967,-5485.057345695704,3239.0706779874417,27989613,30.5578333333,-88.8407133333
Ilex glabra,1298.5909813469846,-4730.7244095846645,4064.930645583211,290323649,39.6454972222,-74.6503055556
Ilex glabra,749.2845387279459,-5618.304759146903,2909.119702426825,326950611,27.1691119345,-82.4035807326
Ilex glabra,941.8163327948849,-5575.481964358701,2935.4277354533983,370863553,27.4353666,-80.41204761
Ilex glabra,564.0997350046804,-5464.64231809254,3226.333670586052,374379793,30.4249033333,-84.1063916667
Ilex glabra,150.24353401777284,-5440.140651972666,3312.4084435524715,38366706,31.326817485,-88.4180311982
Ilex glabra,919.4821047333537,-5548.984774176703,2992.1687393440375,489717070,28.0118288042,-80.5914211927
Ilex glabra,173.5435441861999,-5475.283834020287,3252.829953266054,498965325,30.7016371677,-88.1845717617
Ilex glabra,226.9982357249839,-5493.4618661329605,3218.7111793384256,502349748,30.3454376757,-87.6337969961
Ilex glabra,1602.182900522213,-4449.751583655866,4268.778973746917,526878632,42.069525,-70.1980194444
Ilex glabra,813.7945131590426,-5624.507295679009,2879.6543717750706,63353833,26.8716549928,-81.7671636119
Ilex glabra,905.9849332487096,-5535.776520441679,3020.616285814931,634314897,28.3020033333,-80.705375
Ilex glabra,83.5349718308337,-5479.521416807086,3249.249156483867,67617989,30.6641922053,-89.1265969724
Ilex glabra,1324.6188977709896,-4727.217262207085,4060.610158736832,697320504,39.595055,-74.3465366667
Ipomoea amnicola,-749.307031701838,-5680.952770712311,2784.792221846316,109062335,25.9192383333,-97.5138333333
Ipomoea amnicola,-731.2986249018664,-5589.873819245176,2967.8723247153725,135755936,27.764615073,-97.4534247511
Ipomoea amnicola,-817.7860885758186,-5492.706804363421,3122.68330195508,161200476,29.3497533333,-98.4683216667
Ipomoea amnicola,-726.6654566596278,-5675.367629890504,2802.1264620580787,194361208,26.0926911158,-97.2963656175
Ipomoea amnicola,-718.2856400308024,-5544.488004528287,3054.909431823619,243532507,28.6528611,-97.3815278
Ipomoea amnicola,-819.4993237657635,-5489.782843775203,3127.372430046721,327818208,29.398145,-98.4902583333
Ipomoea amnicola,-719.5806398075343,-5597.463557540273,2956.409740631398,340205831,27.6481793868,-97.3254677095
Ipomoea amnicola,-722.2740146561855,-5595.487845599971,2959.491366294701,353709783,27.67947,-97.355155
Ipomoea amnicola,-905.6678839087175,-5618.883610164069,2863.1566127551146,38782692,26.7054493625,-99.1563474332
Ipomoea amnicola,-704.4162386630296,-5586.313244230581,2981.049350433378,433415106,27.89862,-97.1868833333
Ipomoea amnicola,-791.1912702971682,-5580.479925078376,2970.1874198912487,489540044,27.7881466667,-98.0695195
Ipomoea amnicola,-716.983521105701,-5584.574645692852,2981.310749791921,503994377,27.90128,-97.3159783333
Ipomoea amnicola,-694.6268807004316,-5591.434811395288,2973.735592853334,520457987,27.8242216667,-97.0816028333
Ipomoea amnicola,-749.1053417859541,-5678.948875775995,2788.930616366737,547402584,25.9606253733,-97.5144543126
Ipomoea amnicola,-466.26855838255034,-5535.485146075501,3119.4151629301905,55131577,29.3160398213,-94.8148093075
Ipomoea amnicola,-755.9741875407043,-5654.368621558954,2836.612706905738,552238871,26.4385417395,-97.6151355667
Ipomoea amnicola,-763.5983402484821,-5609.114977465254,2923.097650442448,557840071,27.3104984636,-97.752319643
Ipomoea amnicola,-751.0780882741252,-5675.9928058276955,2794.412371713268,628145929,26.01546945,-97.537895
Ipomoea amnicola,-824.1712821531302,-5658.458993919896,2809.3302834445353,69175726,26.1648508,-98.2870251
Ipomoea amnicola,3107.8205895426086,-5067.591492951264,-2291.445127743724,711530131,-21.0797805556,-58.4803055556
Ipomoea nil,-1045.2658900417844,-5832.974969331778,2339.5673437500222,105717810,21.5443224164,-100.1595387251
Ipomoea nil,-1690.3337211143808,-5574.748600841985,2579.671118253522,10922289,23.8853491633,-106.8679618835
Ipomoea nil,4604.460555055419,-3872.814867834656,-2095.2329527035927,112783382,-19.20019667,-40.06721383
Ipomoea nil,-2403.546658338291,5376.813391191646,2429.525539518049,154530445,22.4167591338,114.0856297873
Ipomoea nil,2659.4624671753168,-5069.722902808899,-2795.5182353363625,157145889,-26.0265365414,-62.319508314
Ipomoea nil,-824.4087139669199,-6061.5264016360525,1779.8879414957346,162198068,16.2227879,-97.7450922
Ipomoea nil,4898.191656333757,-4012.439206103317,-705.551730792846,219125046,-6.3582123,-39.3232184
Ipomoea nil,1505.888141853332,-6142.651715949929,768.0390162227087,26823604,6.9239716667,-76.2254416667
Ipomoea nil,-1369.649978921464,-5799.259128064676,2254.4191337185734,320596460,20.7233422003,-103.2884268557
Ipomoea nil,1668.4908484764082,5824.371900765983,1970.4272074338505,322076126,18.0158605,74.014735
Ipomoea nil,2627.2008704189975,-4899.959195456878,-3110.9433615873963,362829658,-29.2286980927,-61.8012188002
Ipomoea nil,-1731.3647588125068,-5515.182014869131,2678.59973577308,442784801,24.8621,-107.4284833333
Ipomoea nil,-1028.6664937958212,6096.413996497061,1537.9644851341588,449646407,13.9692116667,99.5774783333
Ipomoea nil,-1843.3018374963663,-5368.203735324784,2893.8521250411172,5214376,27.014885144,-108.9511413564
Ipomoea nil,216.62709973148986,-5227.450327548472,3635.462680643653,578466502,34.7938837544,-87.6270035781
Ipomoea nil,-890.3162537766257,-6034.761274361371,1838.1366813724499,582696171,16.7691198,-98.3923829
Ipomoea nil,4446.157372155074,-3904.0716015140674,-2362.1309620679194,589152288,-21.7626484925,-41.2856462335
Ipomoea nil,-3039.763882612802,4041.5018931744944,3875.029176033022,715226349,37.4615224796,126.9481865912
Ipomoea nil,4858.522512788916,-4033.750642778301,-844.6110787139556,726743754,-7.6181865912,-39.7008903426
Ipomoea nil,1754.0081878182384,5742.983651661257,2128.6961228638406,96950972,19.5191743941,73.0164071741
Ipomoea quamoclit,-699.9392420342227,-6094.27870941564,1720.3503129017759,11207058,15.6659288051,-96.5518192202
Ipomoea quamoclit,4112.249208060959,-4548.733316825812,-1728.6366862005123,124044922,-15.7433396097,-47.8850718588
Ipomoea quamoclit,1705.7815794173905,5895.162713780369,1710.8824948112083,151997311,15.5775168923,73.8620543927
Ipomoea quamoclit,565.8414898217025,-5439.082256757796,3268.9387792212187,179786954,30.87027,-84.06074
Ipomoea quamoclit,2971.454518452256,-5483.600215897889,-1300.1307036801113,221509604,-11.7750533986,-61.5476119146
Ipomoea quamoclit,3607.7622452112846,-4252.638066707312,-3080.401627271575,258081241,-28.9144370489,-49.6901044863
Ipomoea quamoclit,4556.462703140121,-4443.70982621811,-286.083458003217,286487529,-2.5736722,-44.2822442
Ipomoea quamoclit,493.0913643431284,-4906.742086221875,4033.6703057372783,314734606,39.2813521721,-84.2614626779
Ipomoea quamoclit,826.5532041877483,-5630.0661525251935,2865.120948322177,326407741,26.7252261871,-81.6480373219
Ipomoea quamoclit,2746.4482820385456,-5400.247818605606,1970.811625044452,345875525,18.0194959229,-63.0431040376
Ipomoea quamoclit,2407.1491475364032,-5542.73151501613,2018.2946919712185,454597768,18.4691246458,-66.5252081831
Ipomoea quamoclit,2512.708576275622,-5561.193889659775,-1830.0741137995374,493640092,-16.6934061891,-65.6851684302
Ipomoea quamoclit,4908.886526945023,4028.006707404062,-517.4438717029578,516948412,-4.6586094259,39.3707289174
Ipomoea quamoclit,-116.47069072084422,-6182.483116883,1533.978558304228,53237037,13.9322759338,-91.0792572508
Ipomoea quamoclit,1345.8717369443057,5194.482890306315,3434.491214093712,572182288,32.6211155783,75.4742895439
Ipomoea quamoclit,1253.4746241369132,6128.6171555610445,1207.727724648695,590328205,10.92746735,78.44082181
Ipomoea quamoclit,-372.2941567857228,-5338.245562376315,3457.4968555691016,616169342,32.8670980933,-93.9894008666
Ipomoea quamoclit,3196.655215403621,-4667.270973173284,-2930.4829340032643,74778620,-27.3852731217,-55.5924111977
Ipomoea quamoclit,-1145.7175629454289,6267.048440578185,-34.47084394612765,84783982,-0.3100048317,100.3601854294
Ipomoea quamoclit,1278.3786138389924,-6169.514519856306,944.7707862962047,98995412,8.5279688656,-78.2934676323
Ipomoea triloba,1484.8781836244746,5759.361674887847,2283.55928482415,101348341,21.0037947341,75.5428458005
Ipomoea triloba,820.7804719720093,-6249.687563141354,926.001031113423,102295091,8.3573193,-82.5180825512
Ipomoea triloba,-1039.2308677956664,-5647.141074902819,2760.3532406638697,151430625,25.675125157,-100.4273483902
Ipomoea triloba,-3411.425069567699,5256.205640736467,1150.7538340985914,169784138,10.4060783386,122.984703064
Ipomoea triloba,1484.8757488086003,6087.280045665856,1153.2210481585123,170530997,10.42863836,76.29149944
Ipomoea triloba,4976.323429491726,-3956.318555248946,-416.53540565243406,178360824,-3.7486615887,-38.4856971926
Ipomoea triloba,-1354.5556264189233,5957.958452923964,1804.8997916355818,238804797,16.457192517,102.8086018733
Ipomoea triloba,-3545.391116209553,5194.3740879934185,-1019.0352284206639,24571675,-9.2039245503,124.3152732763
Ipomoea triloba,3306.8930600676254,-4307.829798029232,-3331.18805385788,263084546,-31.5247381655,-52.4884576723
Ipomoea triloba,385.77329284347934,-4987.082217658018,3945.8767150692033,325762386,38.2685966667,-85.5767216667
Ipomoea triloba,-55.195076799843626,-5993.101393023212,2160.8892442968313,345545736,19.8266409094,-90.5276659504
Ipomoea triloba,3412.795179983526,-4453.682268798048,-3017.829756257388,353783402,-28.273544964,-52.5375529597
Ipomoea triloba,3584.843225766579,-4503.403497069495,-2730.935575756988,404717763,-25.3819426344,-51.4791665599
Ipomoea triloba,3632.0727996703386,-4251.284989780566,-3053.5841634444514,474517323,-28.6392803815,-49.4911765841
Ipomoea triloba,-1500.7285170107705,-5408.640845288524,3013.995894918361,51543573,28.2344027867,-105.5076691104
Ipomoea triloba,303.1717777320701,-5295.828087726848,3528.745509116179,582166592,33.633295,-86.7235483333
Ipomoea triloba,1538.0489046536254,-5788.93176549675,2170.8126844557305,59252293,19.9215362158,-75.1209536951
Ipomoea triloba,-1725.4012454167937,-5519.322661103049,2673.9149265872275,617101448,24.8156737869,-107.3598210073
Ipomoea triloba,1225.0606361975827,5960.332133262591,1887.7024205403818,699434090,17.2352486234,78.3854250982
Ipomoea triloba,917.2236126881471,-5138.156254229623,3653.464695480954,98055980,34.99126333,-79.87861667
Ipomopsis rubra,-672.7629705099556,-5478.277840159152,3182.0771551314115,132173182,29.9644163,-97.00118521
Ipomopsis rubra,-894.9254007748559,-5435.589083118092,3200.505112667813,135056120,30.1558969,-99.3494069
Ipomopsis rubra,-754.1427376802782,-5455.31857559486,3203.2048169998748,137170458,30.1839800775,-97.8706793192
Ipomopsis rubra,-855.9949849961854,-5393.418677361917,3281.4723350993604,171911822,31.0016810853,-99.0182528653
Ipomopsis rubra,-733.6462273386007,-5426.824360962658,3255.932078230675,199332436,30.7340883333,-97.699075
Ipomopsis rubra,-731.8037914220027,-5335.253847775513,3404.3035587817963,202993145,32.2993620392,-97.8101712932
Ipomopsis rubra,-869.2188258711211,-5316.839274559213,3400.79871367497,203956724,32.26208,-99.2848133333
Ipomopsis rubra,-754.9407552048001,-5446.591326276309,3217.8347549773152,204683537,30.3363049536,-97.8913690522
Ipomopsis rubra,843.7178085355058,-5468.597265561019,3157.9007800018057,311046038,29.713763,-81.229325
Ipomopsis rubra,-930.8243592992808,-5410.779102229161,3232.149230572858,385940242,30.485575,-99.7611333333
Ipomopsis rubra,-648.0952626624203,-5291.288689011858,3488.837868076868,393778140,33.2033076632,-96.9830029025
Ipomopsis rubra,837.8991410056425,-5460.532825045823,3173.3672062615956,404686060,29.8740416667,-81.2762133333
Ipomopsis rubra,-734.9187695607146,-5445.627308334233,3224.0953383157353,40713839,30.4015616667,-97.6859583333
Ipomopsis rubra,-829.0252743539139,-5495.773414534801,3114.3128937620168,469101507,29.2634280207,-98.5782656019
Ipomopsis rubra,-707.204908155846,-5395.884695714847,3312.7092685758,504830137,31.3299846319,-97.4668396979
Ipomopsis rubra,391.15139804579826,-5287.757231874862,3532.1915534465793,538231038,33.670525,-85.7693633333
Ipomopsis rubra,-748.3972486430616,-5300.657705964142,3454.371516224606,55126096,32.8336411878,-98.0364430484
Ipomopsis rubra,-762.3932299951913,-5472.71783045191,3171.414391212329,603648938,29.8537904553,-97.9307187065
Ipomopsis rubra,685.6043728708601,-5473.0495121115,3188.3269612061213,80879331,30.0293150968,-82.8597990836
Ipomopsis rubra,-508.44529352537137,-5492.75498655198,3187.613397336272,8622909,30.02190321,-95.28860087
Iris domestica,3171.256968708463,-4685.268033892719,-2929.359284669347,114637001,-27.3738931187,-55.9076141642
Iris domestica,-3090.750528494185,4060.0167141165566,3814.8759588464395,143090872,36.7830577705,127.2807656809
Iris domestica,1311.6171233617924,-4550.672103046649,4261.548669431638,219600504,41.9819916667,-73.9217
Iris domestica,1004.7967185683459,-4539.003933047448,4356.326431732534,247336551,43.1392192279,-77.5177626643
Iris domestica,4001.174520336872,4509.888103166395,-2059.4331463785497,259490969,-18.8596286883,48.42054886
Iris domestica,-108.4706687582374,-4905.483746687782,4063.768750147894,300870291,39.6319283333,-91.266725
Iris domestica,670.474768010645,-5137.357718279854,3707.7988604519674,303253663,35.58991683,-82.56437413
Iris domestica,20.03211070232033,-4556.230728888328,4453.101547163727,308161386,44.3438911438,-89.7480926514
Iris domestica,-3059.8146653648673,4896.206918403166,2693.4077217303156,400450638,25.0089612746,122.002735287
Iris domestica,450.51058767915265,-5148.648457560612,3725.3472858949863,413448057,35.7842208,-84.99931291
Iris domestica,3808.043725994233,-4308.298174882003,-2743.5602685018243,497791957,-25.5076752042,-48.5269898549
Iris domestica,-295.8391822088362,-5407.6337798892955,3355.5519978906077,517214703,31.7821398948,-93.1313985276
Iris domestica,137.2672299347367,-4656.397241352517,4346.133404301822,547176782,43.0137227636,-88.3114507918
Iris domestica,1455.1291541798132,-5762.1360183658635,2295.6787188507383,57339264,21.1205903,-75.8272482
Iris domestica,-2854.824926210294,4954.368911494273,2809.6185611546775,599776650,26.1677393664,119.9515668624
Iris domestica,4310.294563974826,-4162.14696627559,-2165.0973494439922,607467431,-19.866875,-43.9982383333
Iris domestica,-3054.418042759081,4037.521565399213,3867.648272358994,612132604,37.3779446331,127.1078030349
Iris domestica,-300.1149433624845,-4719.794330179555,4268.867019626273,696023142,42.0705916667,-93.6383366667
Iris domestica,3332.8652075175155,-4685.764017567508,-2743.2422805625947,716657469,-25.5045066667,-54.5767216667
Iris domestica,-2581.105908622132,4229.960216049946,4004.382847429557,91724015,38.9418983681,121.3913857609
Iris sibirica,2539.431245263808,2466.267218800275,5297.033895089449,107194019,56.2456892011,44.1626160699
Iris sibirica,4057.255515325379,1236.4148090404624,4753.915147857045,132403285,48.2604956343,16.9481632325
Iris sibirica,2082.35625163944,2878.5188766121555,5288.447281378823,133116510,56.1069615982,54.1175563776
Iris sibirica,2829.5622838241834,2257.634207872327,5242.749106631158,133525575,55.376885,38.5854566667
Iris sibirica,4084.7887475166103,1103.8684993749873,4762.953742576841,136128837,48.3827395763,15.122328102
Iris sibirica,-1655.3766579611531,-3669.061786741201,4938.366820623014,213140053,50.8169166667,-114.2835466667
Iris sibirica,407.9866997412432,3788.20494594698,5106.153471059652,234142404,53.2704221902,83.8529831063
Iris sibirica,4164.187173729515,981.0082706737893,4720.902570980856,282450971,47.8164698168,13.2561575621
Iris sibirica,2286.2586847972407,2805.256906174776,5243.406149272184,286848412,55.3872861741,50.8202812448
Iris sibirica,2648.3272710637248,2088.182211166338,5405.1466999505255,287294607,58.0377770582,38.2554611573
Iris sibirica,3850.9831716230274,1394.4303986400193,4880.086639077459,291992302,49.9945543454,19.9051820487
Iris sibirica,2093.4942740720285,2235.668005099697,5586.485784916901,293969173,61.26593246,46.88097086
Iris sibirica,3862.283107945987,1569.3682912164693,4817.6348440159745,341892495,49.1286569979,22.1134691058
Iris sibirica,3066.2887367936905,1903.487873845681,5250.177180478011,345850367,55.4946334075,31.8311447762
Iris sibirica,4299.6284974186865,545.5629336389034,4669.61550872252,387049155,47.1340729789,7.2313924849
Iris sibirica,3239.365402650163,1898.591442991813,5147.0006266163255,389017026,53.889163795,30.3745593328
Iris sibirica,4087.6173211202417,1239.5044063535377,4727.025131346921,690914411,47.8985314276,16.8690857072
Iris sibirica,2765.633900500257,2262.3223387575217,5274.743585582134,69673264,55.8865905557,39.2835857939
Iris sibirica,4158.959319173645,1292.263009038281,4650.039443553943,75373802,46.8759079367,17.2609537091
Iris sibirica,3731.181105666051,2553.2769608433405,4488.743415213739,82542871,44.7938237468,34.3841473116
Jatropha gossypiifolia,3385.0305457792683,4891.849702016641,-2280.5981291535013,110768397,-20.9752718467,55.3177909389
Jatropha gossypiifolia,4925.377881601146,-3972.588962346843,-740.9067345838375,116066135,-6.6782361607,-38.8880912215
Jatropha gossypiifolia,1959.7715292325634,-5904.514055922707,1373.230660267269,139617364,12.44742556,-71.63844107
Jatropha gossypiifolia,5910.13007216047,-1792.229714850762,1564.6176239030003,212215540,14.216347063,-16.8697741283
Jatropha gossypiifolia,5263.3063779500235,2644.7167507901654,-2427.515686787203,251800828,-22.397208,26.678705
Jatropha gossypiifolia,5573.518227334776,2285.6500940466412,-2073.9940566040727,307327186,-18.9980642473,22.2980963941
Jatropha gossypiifolia,-977.2572980059839,-5849.486871370983,2327.708023964773,319086402,21.4297031529,-99.484648481
Jatropha gossypiifolia,6259.793488242188,137.2381306130653,1177.2443712942377,385891042,10.6483918916,1.2559369951
Jatropha gossypiifolia,217.85913035837913,-5943.570726743517,2283.912770925033,493318267,21.0072,-87.9007866667
Jatropha gossypiifolia,6065.206090507708,1557.0117560259646,1174.198705902278,520791052,10.6205229403,14.3976205587
Jatropha gossypiifolia,929.6043477994319,-6129.055712464972,1469.7839840365375,557340711,13.3382155716,-81.3755833005
Jatropha gossypiifolia,2747.3063471239802,-5390.501763060753,1996.1341906717178,618197127,18.2591366667,-62.9940216667
Jatropha gossypiifolia,-5063.601262746976,3571.793296245023,1480.536399580833,635484060,13.4376154647,144.8013937382
Jatropha gossypiifolia,-498.8379489414313,5647.071112828981,2907.1466555758407,637575504,27.1491690636,95.0481591001
Jatropha gossypiifolia,1683.5867479007422,5801.569987200041,2024.1231374573404,641739268,18.52439629,73.81753425
Jatropha gossypiifolia,1410.7150111543942,5588.685409146275,2714.08026494734,645947762,25.2142799196,75.8331479501
Jatropha gossypiifolia,-1098.3063777645307,6185.160688924497,1061.726651460832,654736457,9.59308183,100.06912391
Jatropha gossypiifolia,-953.4405262656046,6023.171400550166,1844.4811118974187,679467865,16.82872,98.995025
Jatropha gossypiifolia,806.5517316107051,5920.3400969601835,2211.0632216738372,680800378,20.30703,82.242125
Jatropha gossypiifolia,1944.1158855356646,5632.99655296209,2253.77824721123,705950533,20.71718,70.9589116667
Kalmia angustifolia,1306.0448135355425,-4348.730213418326,4469.065406280932,136519129,44.5449841729,-73.2835236861
Kalmia angustifolia,1537.8756368237455,-4267.6183362328975,4473.491409580458,139716172,44.6008605184,-70.1829050482
Kalmia angustifolia,1629.2186633291537,-4503.593010280958,4201.553245466002,679363136,41.2602310181,-70.1119155884
Kalmia angustifolia,1310.4471389400198,-4746.722302016595,4042.41373603193,681074274,39.3830109336,-74.5665493537
Kalmia angustifolia,1770.8835746012328,-4069.1183471909308,4571.21432131979,683088193,45.8486598826,-66.481285952
Kalmia angustifolia,443.82426152459794,-4519.034334656363,4468.903874190684,683804169,44.542945916,-84.3908444464
Kalmia angustifolia,896.8382918236025,-4158.38595540235,4742.706026511536,687044437,48.1093008464,-77.8294434321
Kalmia angustifolia,1056.564105001195,-4283.7604247629315,4595.957141329253,687457059,46.1690376586,-76.144868955
Kalmia angustifolia,1510.5548290976317,-4232.552715856954,4515.9135006617635,691508859,45.13918,-70.3590366667
Kalmia angustifolia,767.924858102032,-4245.09387322364,4688.2003529612,692103744,47.3803310308,-79.746251218
Kalmia angustifolia,1733.6310499507308,-4202.39424872892,4463.648629828996,693091841,44.4766726472,-67.5821814547
Kalmia angustifolia,1002.5135622882483,-4417.038011834639,4480.456995565682,698622801,44.688907,-77.212494
Kalmia angustifolia,1190.4828832344854,-4247.936686805628,4596.470117306754,701323024,46.1756995449,-74.3444889887
Kalmia angustifolia,1249.4256777382593,-3883.8572886052416,4893.295532382412,702264781,50.179695,-72.1671666667
Kalmia angustifolia,1615.7979721650097,-3742.3872668232075,4896.27282613463,704170985,50.2215249422,-66.6474404186
Kalmia angustifolia,2481.5188907421884,-3406.48923126118,4777.828820904817,711866952,48.5845619501,-53.9278543629
Kalmia angustifolia,827.8389546379096,-4143.114961879195,4768.546341131037,712264096,48.4585247934,-78.7004934625
Kalmia angustifolia,1996.586734219624,-4081.4490562113074,4466.0013596020635,83833894,44.50633333,-63.93277833
Kalmia angustifolia,1119.199904526297,-4331.604199891952,4535.895695324593,84379725,45.3945119,-75.5127598
Kalmia angustifolia,1412.4917342979654,-4051.678751737343,4709.407555408375,86632089,47.6627495368,-70.7804803151
Koeleria macrantha,-570.5736660453512,-4957.5998164377515,3960.6063779867573,134104017,38.43751601,-96.56532562
Koeleria macrantha,-2313.0445838889764,-3803.5858617040767,4557.665243879169,134213898,45.674002287,-121.3047083282
Koeleria macrantha,4398.484760559663,432.3934926463939,4588.694891613397,202900848,46.0748110785,5.6144280732
Koeleria macrantha,-472.2322147668028,-4276.234117841556,4698.996875336449,208726791,47.5239194444,-96.3017416667
Koeleria macrantha,-1672.1146170937184,-3738.3756366018256,4880.4029994090515,294277235,49.9989802266,-114.0981913729
Koeleria macrantha,-2704.348686460582,-4267.3575481548605,3881.4830758257976,378667661,37.53468,-122.363625
Koeleria macrantha,-2709.868703876954,-4257.148465386751,3888.8368030917554,384504923,37.618125,-122.4786083333
Koeleria macrantha,-2612.7390927124757,4434.354949859491,3754.9758643360215,384759392,36.1133651904,120.5067565866
Koeleria macrantha,66.66290001976894,-4558.373894210359,4450.453530598861,391897456,44.3106014227,-89.1621506587
Koeleria macrantha,-1137.8982541786158,-3678.308447061014,5075.9223458495,400963329,52.8181989131,-107.1896453183
Koeleria macrantha,-1470.405222000854,-3458.451822808026,5144.586728018675,405633514,53.852345,-113.0333945
Koeleria macrantha,-247.19839042833559,-4466.53501425849,4536.376423077123,455272905,45.4006688172,-93.1677777064
Koeleria macrantha,3778.576161366399,1033.9247532332367,5024.252673491113,477081185,52.05597,15.30315
Koeleria macrantha,4050.5669374268664,1192.6389816934602,4770.772775394669,509157714,48.4887266667,16.4064083333
Koeleria macrantha,-83.2476943515438,-4678.820116061005,4323.362727392355,517428324,42.7342916667,-91.019325
Koeleria macrantha,-1076.2174267967898,-4466.524431562904,4413.804332113965,536209039,43.8517827,-103.54729011
Koeleria macrantha,-1074.4320707096479,-3949.3277796271577,4882.433711190889,614056130,50.0273995936,-105.2192298099
Koeleria macrantha,-2678.4692122212236,-4269.415392977137,3897.1333068128843,660179751,37.7123805556,-122.1026
Koeleria macrantha,-2380.779438580252,-4792.228603548154,3457.7720291895844,661121758,32.8700444444,-116.4181888889
Koeleria macrantha,3787.108582222938,-601.2587613502768,5087.833489613269,676717089,52.9958104599,-9.021247
Lactuca biennis,144.81242732668488,-3958.1526084387924,4990.171381714095,107247112,51.5602521105,-87.9047190142
Lactuca biennis,1119.1999839718314,-4331.743471364507,4535.762672786778,147332132,45.3928083333,-75.513205
Lactuca biennis,963.2070727553648,-4357.0887652719875,4547.280809034352,218893565,45.5405074608,-77.5343006851
Lactuca biennis,1250.1189099346514,-4628.653135357712,4195.53643688676,222887470,41.1882887198,-74.8860111745
Lactuca biennis,177.68930184410803,-4753.047418654257,4238.716772528178,223578056,41.706364,-87.859035
Lactuca biennis,1364.2184654596645,-4412.187037762567,4388.765960036636,23015374,43.540343,-72.818744
Lactuca biennis,1249.5390590495824,-4628.610092339506,4195.756651985406,310840983,41.1909204124,-74.8925670247
Lactuca biennis,1345.2739399009456,-4546.915410888937,4255.061856485932,316192186,41.9035616651,-73.5183489695
Lactuca biennis,850.7963403854048,-4528.091828496956,4400.259436619997,416432519,43.683103792,-79.3585988716
Lactuca biennis,-265.08735784625145,-4499.001329737495,4503.162095395609,417349372,44.9768391671,-93.3720476088
Lactuca biennis,1400.603630672832,-4389.5498041388555,4399.990354126705,421314946,43.6797576309,-72.303321833
Lactuca biennis,1560.9180428989964,-4513.183622941444,4217.162740355527,433356280,41.44724281,-70.92167606
Lactuca biennis,790.3843213383095,-4515.454785672026,4424.445031053228,461473372,43.98463,-80.0715416667
Lactuca biennis,1406.5641962020625,-4500.726063580604,4284.249665022583,48912946,42.2572270942,-72.6449628704
Lactuca biennis,1473.230852188335,-4378.556437906957,4387.207255863507,537629315,43.5210083333,-71.4037166667
Lactuca biennis,-558.3169049149415,-4410.7964654350935,4563.21267353045,550672626,45.7454466667,-97.2141116667
Lactuca biennis,1390.8629811443552,-4619.870387865837,4160.7752759167415,697912139,40.7741877946,-73.2449985957
Lactuca biennis,1408.9639335061759,-4374.565688158217,4412.227193124246,709911532,43.8321175799,-72.1472431999
Lactuca biennis,62.332503690860094,-4697.307121762476,4303.623309782187,90545507,42.4930738532,-89.2397389205
Lactuca biennis,1296.567632841311,-4496.16801237437,4323.556257023519,96020771,42.7366612573,-73.9139354882
Lamium orvala,4309.945449380129,1047.9831223932522,4573.38547776413,118268777,45.8766986554,13.6665126288
Lamium orvala,4365.24064397157,902.97169460054,4551.820445563109,118897406,45.5988266862,11.6870841463
Lamium orvala,4380.000851389511,895.8561060432872,4539.029357557576,122408216,45.4346583333,11.5594633333
Lamium orvala,4333.275083191573,859.2415983093978,4590.662703663079,123199170,46.10032723,11.21564933
Lamium orvala,4409.289615152925,794.606336286134,4529.516418969682,132889795,45.3128727568,10.2157316934
Lamium orvala,4060.608376064481,617.2537544249632,4870.3398801891335,195879453,49.8583961,8.64337191
Lamium orvala,4356.837694103213,880.5794753605544,4564.241253975579,362907864,45.7587036226,11.4263696596
Lamium orvala,4342.135666426627,832.1129072076086,4587.286681000189,495057190,46.0565583862,10.8484530423
Lamium orvala,4328.566188912061,1124.5704798162274,4537.4672576020475,593818266,45.4146421617,14.5635935069
Lamium orvala,4354.241142530498,1079.856487110987,4523.742606472704,631885500,45.2390833333,13.9284
Lamium orvala,4288.265146519804,1104.1235037726676,4580.55088949328,632087162,45.969334893,14.4386523028
Lamium orvala,4376.188729548137,913.3028552953683,4539.229364943198,633928176,45.4372216667,11.788325
Lamium orvala,4277.2774777953355,1166.936476264934,4575.249694605159,635529458,45.900784839,15.2601837739
Lamium orvala,3887.152150492212,-115.15069213654816,5046.438507175301,638054397,52.3816416667,-1.6968
Lamium orvala,4074.429517724677,1197.8855056877273,4749.08912845764,638247495,48.1953449447,16.3833779097
Lamium orvala,4304.817223729645,959.417402877758,4597.588503445402,638512447,46.190226535,12.5642065556
Lamium orvala,4248.849720418467,1226.838765827888,4586.054494403578,640704721,46.0405921983,16.1058666743
Lamium orvala,4295.362434654092,1180.408689443063,4554.805156154017,641938727,45.6372033333,15.3661316667
Lamium orvala,4121.360918794583,587.0712988340937,4822.808787086146,656020460,49.19981593,8.10701434
Lamium orvala,4237.969218355661,1124.2006155089216,4622.287638176221,668497294,46.51203579,14.8566116604
Lapageria rosea,1407.5701284833615,-4686.2951644330715,-4080.090329256202,122855836,-39.8227805,-73.2818958
Lapageria rosea,1513.5032996345167,-4870.19850605327,-3818.406395776826,139614550,-36.8227104377,-72.7364117693
Lapageria rosea,1489.0895788090884,-4869.8274962346295,-3828.465164119528,142020671,-36.9358,-72.9974833333
Lapageria rosea,1554.2391709566054,-4731.297226115273,-3973.52743633355,171070242,-38.5860203806,-71.8145603619
Lapageria rosea,1415.886289189882,-4680.971427210277,-4083.322867886218,201655680,-39.8606422126,-73.1706402865
Lapageria rosea,1576.8135405744238,-4781.613261614911,-3903.7913371858135,216957922,-37.7881084103,-71.7492007837
Lapageria rosea,1480.006566235112,-4888.141293005434,-3808.596643541233,238362346,-36.7125812758,-73.1550041505
Lapageria rosea,1520.798226829055,-4739.250099756962,-3976.9881034401724,254112525,-38.6258466667,-72.2088616667
Lapageria rosea,1534.883431689943,-4688.746491124042,-4031.0721058761933,256456509,-39.2511716667,-71.873895
Lapageria rosea,1445.422564712069,-4852.28694030517,-3867.2752925079594,261484253,-37.37372366,-73.41200531
Lapageria rosea,1565.639906541303,-4920.559355243375,-3731.8387484254563,311035327,-35.8562174944,-72.3497976996
Lapageria rosea,1481.1033542580706,-4887.8899352628805,-3808.492873098067,394190596,-36.7114171416,-73.1424108893
Lapageria rosea,1514.093611832342,-4861.2255663558735,-3829.590011645365,395545459,-36.9484569558,-72.7001025528
Lapageria rosea,1486.827770826224,-4877.521313081426,-3819.5395206770404,402419438,-36.8354416667,-73.0470666667
Lapageria rosea,1538.4500182646614,-4688.454120162409,-4030.0524356527944,469587251,-39.2393307987,-71.8334806906
Lapageria rosea,1534.5963379460397,-4872.003006048621,-3807.6704056802564,620068285,-36.7021910297,-72.5164778819
Lapageria rosea,1498.8577264216299,-4890.246773192925,-3798.5082786404205,648138853,-36.5994886667,-72.9597290333
Lapageria rosea,1414.7397909817585,-4685.041358283411,-4079.0503704495063,68468628,-39.8106042237,-73.1972831457
Lapageria rosea,1488.2976121090978,-4876.455530779397,-3820.327839832443,695446192,-36.8443000795,-73.0277744333
Lapageria rosea,1526.75166054103,-4690.803980538694,-4031.7664258827017,701877760,-39.2592355664,-71.9710912183
Lathyrus aphaca,3734.8662143703846,2554.3900382060383,4485.0439265569985,112037328,44.746959926,34.3694267067
Lathyrus aphaca,4286.417169043771,-239.55822765734584,4707.333941645302,129308429,47.6350677614,-3.1988047657
Lathyrus aphaca,4468.871083914407,976.685940710646,4434.526912563421,18272613,44.1107754177,12.3283242993
Lathyrus aphaca,4591.348962993043,2035.3933879958024,3920.0053043080343,186028581,37.972850339,23.9082145713
Lathyrus aphaca,4615.7760650375785,1658.7673543167227,4066.0614003426886,187910648,39.658705,19.76687
Lathyrus aphaca,4559.231296377421,1132.0516298501489,4303.675431902797,191518148,42.4937095642,13.9444684982
Lathyrus aphaca,4616.431828396975,1197.608693787234,4224.2210784955405,279283867,41.5319833333,14.5432466667
Lathyrus aphaca,5028.639121752046,-700.6305925485071,3848.5917535700482,357930202,37.1625866667,-7.9318483333
Lathyrus aphaca,4627.981083163769,-239.8392214170847,4371.95852809994,374328170,43.3321836748,-2.9666268292
Lathyrus aphaca,4608.350579355347,481.80943859208486,4372.7242918249785,377678530,43.34165209,5.96866835
Lathyrus aphaca,-2488.59561392239,-3846.0030593625365,4427.742705647845,380433785,44.0258612542,-122.9052996178
Lathyrus aphaca,-2493.8503842366135,-3845.8715730362387,4424.899460375579,383442610,43.990310087,-122.9613392471
Lathyrus aphaca,4438.525225635095,964.8304728809524,4467.476816915639,40799606,44.5249420087,12.2639563085
Lathyrus aphaca,4934.664725748701,252.74343782190923,4021.8102800563433,471200153,39.1436924155,2.9320106433
Lathyrus aphaca,4808.901107706304,-747.254118535608,4111.67053012642,490623834,40.1935705854,-8.8325408792
Lathyrus aphaca,4674.096396548827,-129.03546250118498,4327.346283216055,518479532,42.783084877,-1.5813345462
Lathyrus aphaca,4665.640840042615,1958.167749531186,3871.321188702875,622421680,37.4195233333,22.767775
Lathyrus aphaca,4417.515921093012,3079.21132870889,3404.9616458512437,62809238,32.3063640092,34.8782665833
Lathyrus aphaca,4336.332849246617,3116.3219085411365,3474.839321834706,65282866,33.0529801717,35.703055394
Lathyrus aphaca,4328.31457209353,3124.7474557972837,3477.2689617239334,7007180,33.07905313,35.82671152
Leonotis nepetifolia,-754.3654062995287,-5983.139850023387,2054.9266406658185,116482613,18.81680698,-97.186040632
Leonotis nepetifolia,-671.8295132949911,-6058.521345336882,1852.7593861159155,12770393,16.9065151348,-96.3276779653
Leonotis nepetifolia,5211.74485869797,3661.6568803013756,140.49038562943656,13640293,1.2635610663,35.0910304785
Leonotis nepetifolia,-961.6265526511601,-5862.137995670216,2302.252293436421,146527095,21.1839786082,-99.3158443656
Leonotis nepetifolia,4750.726345644607,2460.935493235772,-3458.9230717967807,15881728,-32.88237,27.38472
Leonotis nepetifolia,-965.6212867755522,-5925.616032105746,2131.760610447319,166360130,19.5484170319,-99.2554012883
Leonotis nepetifolia,-864.4329472388139,-5878.210781673038,2299.8145176575263,170680048,21.1604682194,-98.3657924831
Leonotis nepetifolia,-1008.490293566155,-5954.914109606626,2027.7323306265557,175611158,18.5586315311,-99.6120845899
Leonotis nepetifolia,1446.221873635184,-6151.858001967535,-807.9842483146396,176308166,-7.2859877227,-76.7707247633
Leonotis nepetifolia,-1036.5892268843675,-5884.7326275174055,2210.2393098976418,19605957,20.2991295403,-99.990104543
Leonotis nepetifolia,-1178.6009140282551,-5842.722380492448,2250.166260439853,21383691,20.682455,-101.404725
Leonotis nepetifolia,4643.558855995403,-4055.7438197933016,-1605.6326942338162,216268935,-14.5971803837,-41.1343794142
Leonotis nepetifolia,-1277.749371044286,-5809.220333148691,2282.557511960033,249995030,20.9941446976,-102.4047928251
Leonotis nepetifolia,5533.269929777793,3156.6661528254476,-90.19874445067231,259177487,-0.8112027778,29.7042555556
Leonotis nepetifolia,5127.759196525302,3719.258856000294,-680.4059921774707,267492422,-6.1307216667,35.9540733333
Leonotis nepetifolia,-5489.9234500558505,-2256.651541619609,2314.7391779442764,268515465,21.3044633333,-157.6547216667
Leonotis nepetifolia,5005.379988797265,1674.6718052807128,-3568.1085524438818,272323287,-34.0595278333,18.49892
Leonotis nepetifolia,4749.9560326073215,2827.909689596582,-3167.1118713207,275323343,-29.8091866667,30.7676616667
Leonotis nepetifolia,-1476.1331393533374,-5635.657947503274,2578.787231107578,278917970,23.8766559444,-104.6776060425
Leonotis nepetifolia,1376.6777757338123,6137.3130697132465,1013.8538927306099,326215546,9.1567231445,77.3570993543
Lepidium perfoliatum,-1800.1282570359383,-4504.269214677889,4130.478208343826,131101506,40.4153610555,-111.7840876924
Lepidium perfoliatum,-2374.9086156589624,-4697.403752603194,3589.423377365185,18795295,34.2912256225,-116.8202018738
Lepidium perfoliatum,-1797.608712439541,-4466.899393869993,4171.949886046425,193357249,40.907025,-111.9212716667
Lepidium perfoliatum,-2025.9044229040153,-3574.0175841575506,4869.4827966703,193390893,49.8464413526,-119.5463997089
Lepidium perfoliatum,-2036.2393743929601,-4502.162082700443,4021.693538914124,20104418,39.142338736,-114.3363041618
Lepidium perfoliatum,-2175.1730020667205,-3718.92486849804,4693.396783058547,209720071,47.44939205,-120.32306499
Lepidium perfoliatum,4054.9752442844137,1575.0191223980978,4654.701243044317,265929513,46.9372737761,21.2269893573
Lepidium perfoliatum,-1795.5804107458196,-3722.3957367117277,4848.650750212235,319689081,49.556775,-115.7513716667
Lepidium perfoliatum,-2210.827921802669,-3759.3585199058634,4644.267062590859,362173261,46.80002,-120.45921
Lepidium perfoliatum,-2207.307685753383,-3867.7952421007567,4556.062540755365,367727785,45.6533783333,-119.7129216667
Lepidium perfoliatum,-1883.1834192458405,-4551.349103702331,4040.8655849190245,38162244,39.365,-112.478
Lepidium perfoliatum,-1572.5194281299396,-3827.53705367439,4844.264224893281,388351483,49.496,-112.335
Lepidium perfoliatum,2940.650357396243,3270.2656215611714,4609.521815726433,500804817,46.3454711533,48.0378551781
Lepidium perfoliatum,-2285.2719735577944,-3894.8498784166068,4494.155044182036,503851872,44.862445,-120.4019383333
Lepidium perfoliatum,-1820.5678282314686,-4468.577015633775,4160.180929699516,626952623,40.76713,-112.1667466667
Lepidium perfoliatum,-1587.3633796004115,-4679.95953740886,4020.9463263014145,635578690,39.133675,-108.73607
Lepidium perfoliatum,4096.435812961336,1419.5374811482554,4668.391596640165,642004462,47.1178956195,19.112730436
Lepidium perfoliatum,-2178.598455020639,-3720.8025514937153,4690.318781730831,70977748,47.4084742042,-120.3497592733
Lepidium perfoliatum,-1387.3585428855883,-4650.330995548375,4127.88214887512,720856386,40.3847035,-106.6117067
Lepidium perfoliatum,-1693.432692281359,-4732.805730008413,3914.407843900489,72603945,37.9090204742,-109.6875828971
Lessertia frutescens,5074.961979367422,2652.562118202848,-2792.566605602765,15099396,-25.997,27.595
Lessertia frutescens,4842.182223294363,2497.7066921025985,-3302.194077627083,164032401,-31.2193416667,27.2857033333
Lessertia frutescens,5032.3998764302105,2186.787570683978,-3237.6943546426205,227544036,-30.54346055,23.48695579
Lessertia frutescens,4896.109586103855,2019.0215240432974,-3541.3861884845683,316482331,-33.76994,22.40991
Lessertia frutescens,4975.59401704853,2056.030098634459,-3406.751758009012,318780716,-32.3254133333,22.4515416667
Lessertia frutescens,5098.9991932936755,1758.7502993178573,-3390.686912871378,319846684,-32.1546035514,19.0303732548
Lessertia frutescens,4771.621846215557,2382.6012081361946,-3484.908832291574,323328739,-33.1610885602,26.5342100744
Lessertia frutescens,4972.966015932604,1874.783725889876,-3513.480911460216,385179073,-33.4685739378,20.6561961676
Lessertia frutescens,5245.388151953561,1646.4541674879472,-3219.4479246268634,427555478,-30.3531155406,17.4263454974
Lessertia frutescens,4843.411192190364,2178.6130907257752,-3519.1996467891436,429662369,-33.5302483333,24.218675
Lessertia frutescens,5171.831376726175,1676.9101462663436,-3321.1271733760914,438598015,-31.4186533333,17.9647233333
Lessertia frutescens,4994.439607505963,1777.2370414695904,-3533.6602319806493,439453739,-33.6863970477,19.5877522814
Lessertia frutescens,4895.082520114745,1911.929928675205,-3601.7279462475417,442230103,-34.4252706511,21.3347095996
Lessertia frutescens,4900.858586382995,2543.9809130101103,-3177.9709501809093,446996100,-29.9218,27.4333216667
Lessertia frutescens,4935.0617311865735,1974.9669983346766,-3512.03989079625,454822848,-33.45304,21.81084
Lessertia frutescens,5096.224599451842,1641.3280587314848,-3453.15655093135,562679585,-32.82063833,17.85206
Lessertia frutescens,5147.033385984333,1716.6589196090981,-3339.293728764604,566205188,-31.6102944444,18.4447777778
Lessertia frutescens,4975.510751964267,1706.189104423586,-3594.8525180752067,585267203,-34.35034384,18.92773259
Lessertia frutescens,4992.362449645819,1662.6209230607233,-3591.902276961966,588068372,-34.3182133333,18.419455
Lessertia frutescens,4941.580792336259,1851.9714372114865,-3569.41650669176,618684090,-34.0737273591,20.5446455761
Leucojum aestivum,-4262.830253810756,899.2315966830683,-4648.592678693195,24576197,-46.8568776395,168.0882590308
Leucojum aestivum,4204.8493646588295,159.101574249195,4783.689124439118,268290055,48.664295,2.1669033333
Leucojum aestivum,1062.9267858421915,-4438.737859452327,4444.946118085258,279803819,44.241425,-76.5332
Leucojum aestivum,4158.347824541877,-161.53203069019946,4824.085810064575,343510521,49.217395,-2.22455
Leucojum aestivum,587.7111344061564,-5344.067269733877,3418.3758963477912,470836357,32.4492083333,-83.724145
Leucojum aestivum,4420.460113667527,1264.3439329146217,4410.2970344925625,474073188,43.8080595224,15.9616358595
Leucojum aestivum,1168.7706963679684,-5079.385390053795,3663.8193525741726,477409246,35.1050107135,-77.0417497773
Leucojum aestivum,224.14592439910672,-5109.004276931718,3799.6824910176533,481880013,36.61264329,-87.48788915
Leucojum aestivum,4078.1910306125214,1499.491311067501,4659.360133703134,490597171,46.9986716667,20.1877383333
Leucojum aestivum,-4571.732853709208,-290.4074601427134,-4427.71671983278,49944823,-44.0255362381,-176.3653178751
Leucojum aestivum,-3862.0977357030374,3099.233189992103,4008.5792799452374,502141569,38.9904366667,141.2538616667
Leucojum aestivum,-3614.437212329814,2952.3469703133865,4336.962547069583,505120604,42.9010300303,140.7573404478
Leucojum aestivum,-4989.548539062393,428.6273392622396,-3938.3292282457473,548777149,-38.1821944444,175.0900583333
Leucojum aestivum,4463.914333766291,1535.3753861031123,4278.532969865023,562644965,42.1878029353,18.9807936821
Leucojum aestivum,547.7014273185862,-5218.624276192766,3613.272331297788,619601537,34.55123,-84.0086666667
Leucojum aestivum,-82.93565527078003,-5383.033465141458,3406.7323816128246,621896217,32.3252071196,-90.882678348
Leucojum aestivum,-4034.0018080546797,3094.1884630143345,-3839.606789456181,628417745,-37.0612602222,142.5108184722
Leucojum aestivum,740.3682446179661,-4695.845270659434,4241.538068444532,640200636,41.7403586608,-81.0402428027
Leucojum aestivum,4239.165934738067,1589.6094152397247,4482.45102755345,642400033,44.7141366293,20.5551232025
Leucojum aestivum,-4142.344792787396,2899.517992043386,-3876.0196285830743,721729925,-37.472745,145.009125
Limodorum abortivum,4554.794803038243,604.1811646275122,4413.452452695348,13678832,43.8473946041,7.5560188293
Limodorum abortivum,4313.976403192228,522.913535702859,4658.961489061358,152540574,46.9934153095,6.9113227352
Limodorum abortivum,4475.180189415851,2444.2663442041094,3819.4341780594177,171059908,36.834258,28.642607
Limodorum abortivum,4367.018790704161,1694.0438353487277,4318.462167859199,1988218,42.674319,21.202154
Limodorum abortivum,3571.3334622436646,2803.663844272201,4469.317563057803,205069991,44.5481661,38.1335721
Limodorum abortivum,4227.547921480151,3076.748666690598,3640.221056925516,267529626,34.8460099786,36.0465898365
Limodorum abortivum,4840.223241383075,727.7002997972452,4078.2893934746157,342048261,39.8016957507,8.5500612416
Limodorum abortivum,5011.081827621422,-754.1274729021353,3861.360356295954,363340060,37.3068166667,-8.55833
Limodorum abortivum,4724.39619549194,188.87247149029446,4270.147644661935,368852592,42.0861083333,2.2893583333
Limodorum abortivum,4513.282336312179,576.6094915967991,4459.5467456469605,444482817,44.4249965297,7.2805733979
Limodorum abortivum,5117.112065013735,-482.0003630038338,3764.6504344802674,485545878,36.2211388,-5.3810318
Limodorum abortivum,4497.205365816736,830.9807506072844,4435.5797839140205,524972956,44.1239645594,10.4688713327
Limodorum abortivum,4237.454037957325,2105.715717333624,4266.110374058638,540799014,42.0372036899,26.4241348792
Limodorum abortivum,4468.4560220338535,2542.517787230383,3762.7459667700064,567648679,36.1999115239,29.6395498887
Limodorum abortivum,4652.660503956446,163.73989162460558,4349.217471280546,650153679,43.0516666667,2.0155638833
Limodorum abortivum,3405.8915435821164,3588.494908224301,4014.020455438851,65053323,39.0534219728,46.4954887275
Limodorum abortivum,4347.732221771437,2851.0904248620764,3682.1544028880185,659704566,35.3068144962,33.2554583966
Limodorum abortivum,3992.322426619587,1282.6485840336827,4796.449455739539,681074344,48.8383452699,17.8111112015
Limodorum abortivum,4566.332058833633,1185.0361535043075,4281.828344648271,69909968,42.227813,14.548237
Limodorum abortivum,4399.225681360237,825.9210973895546,4533.6983661272425,7994257,45.3663781572,10.6330703646
Lindera benzoin,905.6433742684427,-4998.862914232086,3844.5978688331247,357855328,37.1175295522,-79.7311141714
Lindera benzoin,1096.4000628962026,-4872.328682175178,3955.7645587941324,358010874,38.3819466667,-77.318205
Lindera benzoin,575.8627319794064,-4673.529305153888,4291.416907906114,358879418,42.344375,-82.9755383333
Lindera benzoin,794.408528332958,-5007.898246147031,3857.4114864798617,360045557,37.2621820234,-80.9862124668
Lindera benzoin,729.1379729424949,-5049.2522664780245,3816.1711826852425,361399518,36.7976029,-81.7829968
Lindera benzoin,660.7941576477238,-4921.842535887236,3991.0612952981787,361474535,38.7880333333,-82.3533383333
Lindera benzoin,1219.327184531777,-4680.069392604297,4147.281618982209,363274844,40.6141361989,-75.3970144317
Lindera benzoin,598.0229955628608,-4959.129278828054,3954.6375841947643,364814434,38.3690185547,-83.1238861084
Lindera benzoin,1306.0044422643612,-4587.33270387962,4223.799733697099,364855699,41.5269216667,-74.1084528333
Lindera benzoin,1110.3745525632937,-4829.339488322555,4004.285403068286,480495625,38.9407716667,-77.0514445
Lindera benzoin,595.0859360775233,-4830.265365292326,4111.467178419106,481494030,40.19117652,-82.97658401
Lindera benzoin,1006.962378198863,-4738.458640626206,4137.9692615634995,486548844,40.5039033333,-78.0026388833
Lindera benzoin,1299.4436063550716,-4497.267382878257,4321.548973513977,493224225,42.7120883333,-73.8838416667
Lindera benzoin,1389.964666989738,-4625.817490754739,4154.4631297467395,498154189,40.6992700048,-73.275538981
Lindera benzoin,808.3419158901057,-4816.387258176038,4091.3017801149854,529441775,39.9541862892,-80.4727490006
Lindera benzoin,-397.19150394492937,-5139.075373063508,3744.582266267302,619921961,35.997746236,-94.4195196656
Lindera benzoin,629.4940484695015,-5190.39522012448,3640.506535020623,620931323,34.8491383333,-83.0849083333
Lindera benzoin,605.0128597724805,-5148.710288535119,3703.308646861611,624623242,35.540275,-83.2980416667
Lindera benzoin,689.3695316270702,-5163.391461065536,3667.957387748284,624718923,35.1505120129,-82.3953554034
Lindera benzoin,1094.0312299501172,-4932.357727132454,3881.326583678323,6781955,37.5329052508,-77.4938678741
Linum alpinum,4352.398989980716,831.2500795996008,4577.706791272016,131876649,45.9325471614,10.812518131
Linum alpinum,4359.541054054656,825.7955239164257,4571.894211414898,134795276,45.8574386063,10.7260328159
Linum alpinum,4360.271604528505,773.5344666690974,4580.330675103579,147039090,45.9664856,10.05989857
Linum alpinum,4480.478569431312,537.2724495328277,4497.37737281598,199751387,44.90334407,6.83792019
Linum alpinum,4450.192001204085,560.1657978933622,4524.572748997093,201323073,45.2496866667,7.1743466667
Linum alpinum,4467.017014621628,549.6703171717131,4509.254335605685,278697349,45.0543432691,7.0150311216
Linum alpinum,4446.901460858221,545.6071824116419,4529.584233635057,294981601,45.31374,6.99487625
Linum alpinum,4366.633900011815,859.896343141101,4558.8199999558665,298185788,45.6888666667,11.1403861667
Linum alpinum,4580.956124539124,1151.7945098724767,4275.273502567122,299553263,42.1482537285,14.1133862868
Linum alpinum,4367.198827024038,514.8967860668516,4610.011804173101,306800338,46.351855,6.7241833333
Linum alpinum,4364.203876579445,771.8223595715278,4576.873157363204,380531697,45.92176893,10.02922486
Linum alpinum,4378.263811466123,457.8745448690836,4605.530374239703,391577752,46.293496133,5.9702346372
Linum alpinum,4323.494873658303,904.3024922176633,4591.228834385924,400568682,46.1076703,11.81367957
Linum alpinum,4584.266954813036,1069.7508178278874,4293.003937156734,41130939,42.3636883325,13.1350716305
Linum alpinum,4394.766976391063,520.3745799775122,4583.119750717105,420262122,46.0025835128,6.7528238115
Linum alpinum,4627.590257429442,1198.112694798774,4211.850841326596,519499699,41.3835424955,14.5155089824
Linum alpinum,4680.915392365353,47.929643785724025,4321.630128602068,559443992,42.7130816354,0.5866524183
Linum alpinum,4371.642424408753,525.4079675685039,4604.610961894885,611917280,46.2815308878,6.8532498595
Linum alpinum,4367.259910251373,802.5181775150871,4568.671424029799,80467039,45.81583833,10.41238667
Linum alpinum,4373.880795384253,723.5129533314109,4575.527174414758,80839945,45.9043708462,9.3926262483
Lomatium columbianum,-2307.9997461181415,-3809.796708112073,4555.0345052978955,114355207,45.6401533333,-121.207755
Lomatium columbianum,-2237.0202122613377,-3759.4184419081325,4631.659171209892,119720925,46.6346383333,-120.7545166667
Lomatium columbianum,-2313.2142746817185,-3803.286304049046,4557.8291036982855,195396048,45.6761113012,-121.3085778082
Lomatium columbianum,-2314.763682212314,-3798.6000165852806,4560.949477815625,262162821,45.7162883333,-121.356995
Lomatium columbianum,-2317.2209494414797,-3797.8611848566825,4560.3169431198485,264223301,45.7081416667,-121.38897
Lomatium columbianum,-2316.2511873339195,-3797.486785972401,4561.121317967396,291438267,45.7185017363,-121.3808185542
Lomatium columbianum,-2315.9080745671513,-3797.2530434159603,4561.490134166721,35290786,45.7232526036,-121.3786130537
Lomatium columbianum,-2314.8951705631803,-3801.373905085689,4558.571038463071,358383223,45.6856616229,-121.3398585768
Lomatium columbianum,-2317.9561362203217,-3799.757084765288,4558.36358543414,359097872,45.6829910849,-121.3843374149
Lomatium columbianum,-2314.6795833307797,-3800.70627386577,4559.237148469737,360408457,45.6942373035,-121.3419586793
Lomatium columbianum,-2317.966865748046,-3799.3249037083046,4558.718352238214,360627025,45.6875580671,-121.3873528183
Lomatium columbianum,-2314.594234730552,-3800.4035639972644,4559.532805999581,478199883,45.6980441,-121.3430474667
Lomatium columbianum,-2287.610823575433,-3795.6110248895206,4577.10899993381,481190786,45.9248179767,-121.0773263831
Lomatium columbianum,-2312.558464956927,-3802.251224382625,4559.025345675798,481395123,45.6915103544,-121.3082889617
Lomatium columbianum,-2317.4275015328913,-3797.898133553442,4560.181210430977,483624229,45.706393666,-121.3909928706
Lomatium columbianum,-2316.8146978194495,-3800.022353871043,4558.722726348421,485272524,45.6876143782,-121.3700143044
Lomatium columbianum,-2312.3943565117065,-3802.7891334046194,4558.659921129234,617847784,45.6868058464,-121.3028855209
Lomatium columbianum,-2314.4862000021412,-3800.626033127465,4559.402210377021,624654624,45.6963625585,-121.3403694557
Lomatium columbianum,-2314.0104093878576,-3815.8167580984805,4546.938687021949,632448447,45.536114783,-121.2337108422
Lomatium columbianum,-2315.274324759246,-3800.4937672576957,4559.112310069084,635431742,45.69263,-121.3499216667
Lonicera implexa,5032.6103610497175,-701.5956403196262,3843.2212583999053,119288330,37.1020055,-7.9364466667
Lonicera implexa,4627.913269034607,1481.4818197126285,4120.362061983366,198393285,40.2959754142,17.7508433864
Lonicera implexa,4923.998475684243,-28.013760695842432,4042.6732950299565,210435225,39.3860310549,-0.3259653607
Lonicera implexa,4946.457356051864,-650.8666509884171,3962.1566547865027,268229682,38.4553175079,-7.49605119
Lonicera implexa,4901.405752885611,-673.4507501501276,4014.0302518017343,277807637,39.053535423,-7.8234256323
Lonicera implexa,4594.488344870297,552.595402992938,4378.934607769282,281660816,43.4184952331,6.8582234275
Lonicera implexa,4991.249663579791,-533.0849068387091,3923.391442055307,28954647,38.0114906446,-6.0963022144
Lonicera implexa,4626.619480622089,775.5789041401679,4310.756624382588,3698200,42.580136,9.516242
Lonicera implexa,4597.905452243226,765.7192006429395,4343.120155795392,371591247,42.9766727834,9.4550670683
Lonicera implexa,4845.3619472148475,-746.9261698412314,4068.700287188291,382947962,39.6895383345,-8.7633254472
Lonicera implexa,4618.674106895449,428.73435702281137,4367.35497470485,387328047,43.2752933333,5.3033566667
Lonicera implexa,4970.987866737615,-40.7932654477454,3984.6415984275122,42338204,38.7140038196,-0.4701740461
Lonicera implexa,4643.864595433538,249.7096023117321,4354.5286614592005,471805047,43.1170664113,3.0779408857
Lonicera implexa,4738.035150771886,759.5119051857419,4190.932796598938,59680425,41.133296855,9.1070932442
Lonicera implexa,4683.166655764029,1205.361871138784,4147.867640562101,658465911,40.6210791719,14.4336137921
Lonicera implexa,4589.111544542025,317.3745277665105,4407.843210749848,659297364,43.7774883333,3.9561716667
Lonicera implexa,4611.967840446812,1045.674028847655,4269.200345937787,660865563,42.0746300428,12.774724178
Lonicera implexa,4677.343854619677,-142.56395500632226,4323.411050786397,680268015,42.7348833333,-1.7458166667
Lonicera implexa,4899.334897724112,287.17456296385774,4062.4871027495733,73381655,39.616964039,3.354554421
Lonicera implexa,4866.057721734458,-793.8976770481765,4034.9673922850225,73617380,39.2964239042,-9.2661707603
Lonicera morrowii,837.6738133709836,-4499.530905223727,4431.960891637752,130857367,44.0786436263,-79.4540252164
Lonicera morrowii,1367.6291792687518,-4417.830170492076,4382.022380406115,131358706,43.456738,-72.799026
Lonicera morrowii,1690.3389762637219,-4228.1800331869845,4455.895070797792,133625820,44.37903062,-68.20949093
Lonicera morrowii,29.369244631042804,-4627.893409790797,4378.526369083799,201308760,43.4134409121,-89.6363980268
Lonicera morrowii,1561.5463411983549,-4469.958718302752,4262.721573201408,201679557,41.9961831859,-70.7435238641
Lonicera morrowii,1154.7447353883945,-4575.922122649227,4279.866172349272,281236686,42.2039866667,-75.836975
Lonicera morrowii,1171.157419842535,-4696.023285071084,4143.127892510127,288685059,40.564945,-75.99647
Lonicera morrowii,1645.2590014295156,-4051.278521856015,4633.575108514022,327806919,46.6597376684,-67.8975065231
Lonicera morrowii,1224.8462088758065,-4711.9034033205135,4109.4368485300465,374185271,40.1672780206,-75.4286162185
Lonicera morrowii,1218.8243034109796,-4634.104145258281,4198.7259041276075,383030629,41.22641496,-75.26426325
Lonicera morrowii,1422.0492911246483,-4463.417956549805,4318.035327372633,386169709,42.6690981,-72.3280706
Lonicera morrowii,688.2312964803333,-4580.855850485692,4373.997083823153,41321636,43.35739301,-81.45574349
Lonicera morrowii,1367.7976723156971,-4354.584617466646,4444.8256958634565,41772566,44.2399133333,-72.562225
Lonicera morrowii,-9.447581284376831,-4657.949896593787,4346.6270410178095,502533193,43.0197945,-90.1162111667
Lonicera morrowii,949.413080685132,-4813.645297917356,4064.1342101042296,639785232,39.6361959739,-78.8425494553
Lonicera morrowii,1120.9262555528958,-4792.704758966418,4045.1524758246433,644409421,39.4148843687,-76.8361808725
Lonicera morrowii,-1271.7302152416244,-4699.370963107871,4109.54595307286,650153763,40.1685620486,-105.1425256546
Lonicera morrowii,864.1403038726768,-4588.426967376291,4334.668687449398,673067472,42.8728749789,-79.3343888875
Lonicera morrowii,1228.132331438136,-4674.813614190186,4150.609808056624,73572306,40.6535769818,-75.2803020915
Lonicera morrowii,1238.0395728488447,-4297.793338717328,4537.177929441897,75425930,45.4109355963,-73.9302130468
Lonicera periclymenum,3941.5580143407747,254.80762114783752,4998.894540342737,110622252,51.6866144169,3.6988201944
Lonicera periclymenum,4816.649221230772,-352.7892305321012,4155.139368073591,139288411,40.70729213,-4.18907485
Lonicera periclymenum,4543.958103399292,-50.743896668835205,4465.380492318679,150884911,44.4985046387,-0.639814496
Lonicera periclymenum,4381.255375974164,352.3772243390164,4611.961052734732,151639209,46.3772583008,4.5983080864
Lonicera periclymenum,4163.750253058636,-27.01601198923354,4822.0542401478415,151778970,49.1894320261,-0.3717518225
Lonicera periclymenum,3289.216645305068,828.3302634031976,5393.02104248221,217591375,57.8323660865,14.1349964216
Lonicera periclymenum,3660.4711470762068,-246.78067282905474,5208.627785762587,218759925,54.8404350746,-3.85691531
Lonicera periclymenum,4729.25106547467,-726.2660361379992,4206.717857681512,270858615,41.3220469633,-8.7306452366
Lonicera periclymenum,3512.2834069661285,1171.7123050575462,5184.660902412478,293393362,54.4678585862,18.4489124477
Lonicera periclymenum,3768.4686547355636,651.8591778039083,5095.436854703017,302701569,53.10957,9.8137533333
Lonicera periclymenum,5056.74248213493,-574.4682619514465,3832.635492068062,393674254,36.9827357269,-6.4812663943
Lonicera periclymenum,5006.729255234605,-772.518245785017,3863.370400878566,396184326,37.3295466667,-8.7713383333
Lonicera periclymenum,4427.860493455017,-81.92638210988396,4580.075615979732,505218361,45.9631856438,-1.0599928313
Lonicera periclymenum,1678.6864743400706,-4229.36734461638,4459.172200626224,528382601,44.420280235,-68.3512801282
Lonicera periclymenum,4695.009983414662,-555.1595229542912,4270.647759929077,534311431,42.092169,-6.743603
Lonicera periclymenum,3798.4783596153025,-188.92119228743442,5111.323122667591,539739179,53.3482333243,-2.8473177552
Lonicera periclymenum,4259.28011915117,574.2354321345663,4703.035154531833,547356152,47.5777276147,7.6783094555
Lonicera periclymenum,3966.4678088377977,-174.7925648811706,4982.603115881615,646345106,51.4509032,-2.5232528
Lonicera periclymenum,5079.2993241177,-289.1535735357271,3834.9526355101743,689288070,37.0088269621,-3.2582086801
Lonicera periclymenum,4612.658300107732,-739.3002844571552,4332.04012279737,79545697,42.8406275098,-9.1057177261
Lotus tenuis,4018.903265929834,1226.9956737950954,4788.804786714955,170958637,48.734,16.97775
Lotus tenuis,4091.855406628549,1165.655585973646,4742.121836879624,222780627,48.1014331783,15.900775941
Lotus tenuis,1209.288269447304,-4955.314117692547,3817.35995238221,2484993,36.810955,-76.285672
Lotus tenuis,4376.973031170689,3077.0741963619917,3458.8256105454498,264302981,32.8813263023,35.1077628331
Lotus tenuis,4449.0168424256935,961.2775939078537,4457.796277639959,315702544,44.40295779,12.19220084
Lotus tenuis,4037.4120325116933,1171.5598013312485,4787.118636644795,342948531,48.7110141859,16.1814567872
Lotus tenuis,3920.111417911595,98.11307997965976,5021.240227710032,399830237,52.0119326387,1.433707225
Lotus tenuis,-2667.09561810728,-3902.8567758864506,4271.306952265032,419436848,42.1001583333,-124.3475333333
Lotus tenuis,461.7675434938896,-4928.779069981993,4010.443958561257,42710405,39.012015271,-84.6476953291
Lotus tenuis,4160.705517260606,1318.5304978389734,4641.094704332491,432080910,46.7583594105,17.5834450776
Lotus tenuis,3547.613944093417,2955.019612123171,4389.994023380761,432539218,43.5555806597,39.7929363477
Lotus tenuis,701.4040165752006,-4830.131831079981,4094.8274725069386,44854356,39.99556197,-81.73758977
Lotus tenuis,4306.727209621548,1089.8586613395696,4566.62478969818,467449972,45.7894361612,14.2011145502
Lotus tenuis,-1286.9232457739386,-4710.010630924957,4092.600829025229,529573897,39.9694283333,-105.282005
Lotus tenuis,1526.0250951828623,-4414.05328700256,4333.259064266926,538466187,42.8555795002,-70.928725054
Lotus tenuis,4568.8875058197755,1082.962869591038,4306.066826226519,557676264,42.5228833221,13.3347182337
Lotus tenuis,3868.0300215586603,845.1365782712326,4991.376668421883,616295905,51.5776907775,12.3250211492
Lotus tenuis,2794.80553567652,-4300.306746962185,-3779.705944840263,65448626,-36.3891515806,-56.9798215387
Lotus tenuis,867.340969005335,-4758.038908522902,4147.112069638885,699964826,40.6121275738,-79.6690102297
Lotus tenuis,641.6094189296634,-4875.790821114564,4050.2783054937286,90619141,39.4745779399,-82.5034724547
Ludwigia decurrens,48.75923194987706,-5262.224835477474,3591.150992072203,102672546,34.3100331996,-89.4691184163
Ludwigia decurrens,79.85309701301864,-5325.55604448485,3495.973316492239,160471470,33.2800331116,-89.140953064
Ludwigia decurrens,-561.7549857050569,-5434.0792636148635,3277.9516504158355,165690681,30.9647493639,-95.9020606011
Ludwigia decurrens,-296.627316690346,-5408.445642719591,3354.1736828044527,227661198,31.7675591167,-93.1392537431
Ludwigia decurrens,-399.660623725103,-5264.36877047571,3566.012614105727,228499991,34.0367786854,-94.3414560333
Ludwigia decurrens,-338.1835984819319,-5232.3924941525,3619.0404488664985,233177813,34.6142366667,-93.6980366667
Ludwigia decurrens,-68.76918303761978,-5093.091566417729,3826.936402035756,243868072,36.9186015049,-90.7735860372
Ludwigia decurrens,-224.3563988936983,-5195.726721819243,3680.1958056775125,301613838,35.2852333333,-92.47255
Ludwigia decurrens,-166.09033042797813,-5183.554461618298,3700.39596195499,316222189,35.5080900595,-91.8352310787
Ludwigia decurrens,946.9337326039254,-5094.564639367033,3706.5456655820785,324548253,35.5760589633,-79.4705154772
Ludwigia decurrens,55.71412993764871,-5406.523877877235,3369.888517940323,326158520,31.9339383254,-89.4095889358
Ludwigia decurrens,-218.19047873380978,-5142.4610104708,3754.6292494006625,332190127,36.109506686,-92.4295565502
Ludwigia decurrens,-286.83949154886636,-5191.567098688455,3681.7261298989843,431314898,35.302095,-93.1624361667
Ludwigia decurrens,4657.314738179911,-4310.429314758413,-565.1297918893929,45173768,-5.0890158748,-42.7848200414
Ludwigia decurrens,-38.834924489848326,-5172.816917066776,3718.8990468719467,49253535,35.712768,-90.43014
Ludwigia decurrens,3.696412565553718,-5515.773961102892,3188.4129400425695,51332280,30.0302082083,-89.9616030662
Ludwigia decurrens,421.9514160470629,-5465.146953614994,3247.133952821482,52904744,30.64208,-85.5850833333
Ludwigia decurrens,-128.05281255608207,-5465.323942906165,3271.634118597389,53127939,30.8985147,-91.3421974
Ludwigia decurrens,818.4101558517331,-5337.490747458847,3380.998442363938,567311805,32.0517453604,-81.2825964413
Ludwigia decurrens,1187.7109951899022,-4909.495258877079,3882.776329463999,95213199,37.5493481733,-76.400230518
Lupinus excubitus,-2375.5139916050166,-4748.606537302152,3520.997352918275,120324502,33.549645,-116.5767366667
Lupinus excubitus,-2439.971570758386,-4658.419376593659,3596.584598663715,124230723,34.3692133333,-117.6445
Lupinus excubitus,-2404.998865320257,-4750.616063290741,3498.1967650047486,134985570,33.303955,-116.8508083333
Lupinus excubitus,-2400.0142944342197,-4756.4355703623905,3493.7093727412757,134986466,33.2556822725,-116.7747136339
Lupinus excubitus,-2462.981776198888,-4647.002079826999,3595.670392273623,153194950,34.35925333,-117.92427
Lupinus excubitus,-2385.2022921048433,-4696.841814962667,3583.328078844223,18540059,34.2249030989,-116.9228763091
Lupinus excubitus,-2371.353862623848,-4743.830149076367,3530.2279677961997,187696766,33.6493090526,-116.5596282855
Lupinus excubitus,-2389.5041848253,-4771.923749256568,3479.7653098536616,194582423,33.10585,-116.5990666667
Lupinus excubitus,-2371.752660674929,-4707.081220186124,3578.8166805286282,19629076,34.1758485,-116.74212191
Lupinus excubitus,-2381.385213706094,-4727.895843077336,3544.821362301839,19842140,33.8071116667,-116.733855
Lupinus excubitus,-2408.239680859721,-4746.716275636873,3501.259683001835,201409252,33.3369194177,-116.9008934472
Lupinus excubitus,-2345.8996323389665,-4728.96140444823,3566.9920212846523,368705511,34.0474083333,-116.3846666667
Lupinus excubitus,-2391.0488387481482,-4779.952989234856,3467.6631902627632,392140565,32.9760166667,-116.5753333333
Lupinus excubitus,-2380.4305081303132,-4732.912941407237,3538.7623280887055,42126109,33.7415583333,-116.700225
Lupinus excubitus,-2372.8254493907543,-4709.841426345167,3574.4714651377376,46235813,34.1286278333,-116.7390366667
Lupinus excubitus,-2394.741269527981,-4768.282828603194,3481.155878173925,645621468,33.1207805,-116.666855
Lupinus excubitus,-2369.352995215597,-4750.338154179785,3522.8123615492354,72523035,33.5692327736,-116.5089035755
Lupinus excubitus,-2375.1338452166274,-4747.805211517669,3522.3341721746933,72741090,33.56407167,-116.57693667
Lupinus excubitus,-2362.896066732551,-4869.52639628254,3360.682666275538,77127562,31.8364359093,-115.8845839625
Lupinus excubitus,-2379.006457241285,-4725.622025023783,3549.447546124865,94579398,33.8571966667,-116.721925
Lupinus formosus,-2481.6551104641912,-4649.226364926589,3579.921123440557,120047206,34.187855,-118.0923221667
Lupinus formosus,-2459.3136118546554,-4655.7532805891215,3586.8497429509753,122642527,34.2632157051,-117.8444067389
Lupinus formosus,-2701.1677838547494,-4282.849289930823,3866.6067414312647,133273520,37.3661583333,-122.2393883333
Lupinus formosus,-2654.26562567956,-4270.414394775953,3912.5679565860146,151313856,37.8880516667,-121.8629166667
Lupinus formosus,-2682.653307838343,-4251.980697638699,3913.283085406595,154862279,37.8962011293,-122.2485858945
Lupinus formosus,-2436.384380933964,-4664.365442396249,3591.30607130583,198755808,34.3117216667,-117.5798633333
Lupinus formosus,-2680.590939081785,-4263.864228165636,3901.749247550325,218059781,37.7648736194,-122.1566072479
Lupinus formosus,-2654.0737358687024,-4243.557071516085,3941.810385474575,24082791,38.2220333333,-122.0233471667
Lupinus formosus,-2701.2842727423495,-4286.534978547702,3862.4389037497185,290481608,37.3190122498,-122.2182685509
Lupinus formosus,-2675.765529217856,-4263.572031315716,3905.3790464062895,291815622,37.8061783333,-122.1118778333
Lupinus formosus,-2699.9890700893307,-4280.4687395167575,3870.064537071108,295136157,37.405295,-122.2424783333
Lupinus formosus,-2701.1908876677685,-4284.442213668158,3864.82545993947,295677938,37.3460050671,-122.2299966026
Lupinus formosus,-2685.998281586528,-4241.088903764703,3922.7963586395304,326217675,38.004698482,-122.3472054271
Lupinus formosus,-2700.196713100686,-4274.847084018352,3876.128641892254,346592766,37.4739803,-122.2784543
Lupinus formosus,-2706.0266549408225,-4262.039713752546,3886.153670510642,40693960,37.5876678337,-122.4120162552
Lupinus formosus,-2682.5099408616043,-4161.460389165506,4009.5063257541565,434470000,39.0011638883,-122.806145
Lupinus formosus,-2704.2454659998866,-4279.626564181596,3868.0235341124444,72546468,37.38219167,-122.28830833
Lupinus formosus,-2702.5643974881555,-4250.947384215823,3900.685214643137,73837535,37.75277,-122.44639667
Lupinus formosus,-2691.516541679655,-4208.269179673634,3954.233471477275,77766908,38.36438333,-122.60208833
Lupinus formosus,-2668.192144595179,-4268.628975143753,3905.036553191429,93163441,37.80228,-122.00826945
Lupinus nanus,-2705.319565161899,-4238.187218123025,3912.642110411875,121952522,37.8888966667,-122.5509033333
Lupinus nanus,-2699.58555465149,-4179.754305784239,3978.899961807605,180384838,38.6478583333,-122.8572783333
Lupinus nanus,-2672.332304457223,-4254.042327009796,3918.1012064826577,185852864,37.951131,-122.136487
Lupinus nanus,-2557.3471272053957,-4229.590160038265,4019.9870495760597,196273255,39.1225539981,-121.1585160698
Lupinus nanus,-2676.7548091370772,-4309.057755943226,3854.446533211284,261891128,37.2286861111,-121.8482444444
Lupinus nanus,-2680.743179972287,-4261.618961865521,3904.0969450793286,272926850,37.7915862296,-122.1716735512
Lupinus nanus,-2698.126455653124,-4307.276831208368,3841.514422505498,276070337,37.0827619077,-122.0634899014
Lupinus nanus,-2601.629804864856,-4258.5365059601,3960.573483161426,277238914,38.4371383333,-121.4216383333
Lupinus nanus,-2700.501889988426,-4271.933159807276,3879.1274469892587,283593667,37.507969703,-122.2990211472
Lupinus nanus,-2583.5073084671917,-4520.76604894327,3671.228329523499,330758995,35.1864968769,-119.7469107864
Lupinus nanus,-2688.2091874606663,-4411.8774142965385,3728.085591204899,388664525,35.8145833333,-121.3544466667
Lupinus nanus,-2718.275955509823,-4214.243436785536,3929.4886709194925,410514319,38.0811195,-122.82287
Lupinus nanus,-2711.207642998958,-4256.377279376105,3888.747703545748,41842471,37.6171134,-122.496134
Lupinus nanus,-2712.9372529099473,-4217.2903358965095,3929.9092628462517,493007408,38.085925,-122.7527383333
Lupinus nanus,-2567.7665225162787,-4082.73020588081,4162.648469605681,503686277,40.7964366667,-122.16717
Lupinus nanus,-2615.134256020748,-4559.094815934624,3600.7610878788228,620974281,34.41473,-119.8389366667
Lupinus nanus,-2690.4028918026115,-4202.904602995642,3960.691645101349,631152195,38.438495,-122.6245033333
Lupinus nanus,-2698.6896337712706,-4346.992831896992,3796.1138957740823,64467964,36.5726715013,-121.8327379976
Lupinus nanus,-2691.2220558749327,-4355.520663518997,3791.6377365603867,71600608,36.52256333,-121.71140333
Lupinus nanus,-2689.5033823358317,-4304.4902880976715,3850.673713229203,7171434,37.186085,-121.997696
Lysimachia europaea,1870.9562132278447,1150.1830130486587,5980.497890172345,138824451,69.835205,31.5814033333
Lysimachia europaea,3469.1693354503113,843.6235064591992,5276.638762602398,203466480,55.9169924728,13.6677441467
Lysimachia europaea,2595.8040897019982,1258.1438763283006,5680.548234459541,205712723,63.0781098714,25.8587108913
Lysimachia europaea,2632.370431179949,967.4740923164635,5720.522084864577,206087607,63.8832527778,20.179875
Lysimachia europaea,-3652.807884708146,-880.1238365954813,5145.10735741713,20893258,53.8602833333,-166.4531111111
Lysimachia europaea,3030.5080041169554,436.6040720828848,5587.052107408803,215522298,61.2765283333,8.19817
Lysimachia europaea,-3519.938964203171,1513.0245705481775,5090.239627648117,244021185,53.031778,156.73984
Lysimachia europaea,3519.710504805227,-207.34171617511197,5306.4489543172585,286181478,56.3983814288,-3.3713260949
Lysimachia europaea,-2661.680367438417,-1603.0573178825796,5561.961703109204,292808295,60.8104623964,-148.9405939527
Lysimachia europaea,2059.504472975323,2269.9673839075817,5585.288043733093,292896739,61.24353453,47.78305341
Lysimachia europaea,-2567.2059215110366,-3792.046455163345,4429.400700785515,387254866,44.0466022197,-124.0979015422
Lysimachia europaea,2829.3483835726424,1746.1463277994044,5434.658577681303,392988389,58.5427216667,31.681015
Lysimachia europaea,-3009.496228179582,-1573.8689432105673,5390.326718469629,400600030,57.7868826007,-152.3918916502
Lysimachia europaea,-2358.9746279673145,-3810.4457949209636,4528.299314119271,403210397,45.2973101505,-121.7608631493
Lysimachia europaea,3509.227786402499,519.1471853123653,5292.027935753958,41444279,56.1647506821,8.4151713931
Lysimachia europaea,3285.7615769331037,1772.7649445212032,5162.444037537284,460984056,54.1254920992,28.3481658499
Lysimachia europaea,3335.4222205540827,701.2299279761942,5382.656252114008,504898324,57.6577083333,11.8727966667
Lysimachia europaea,3267.0820276651157,901.23126151983,5394.78547927945,510166589,57.8621830697,15.4216276511
Lysimachia europaea,1704.0226918394385,3031.066745303961,5338.416823449266,60545046,56.921472333,60.6559235306
Lysimachia europaea,1605.0970505184803,2773.513971611788,5506.454107442331,83906691,59.8027129569,59.941035093
Lysimachia nemorum,3929.407794306628,-252.99006670140565,5008.543055806766,112337061,51.8267934111,-3.6838334386
Lysimachia nemorum,4146.011819805912,111.38036489145432,4836.107270731673,132216659,49.3831861111,1.53885
Lysimachia nemorum,4662.882441760287,121.42908948294176,4339.646925756564,140639256,42.9339946858,1.4917387068
Lysimachia nemorum,3705.6843535205344,-69.5191830512599,5181.971023166612,149633972,54.4262549655,-1.0747511718
Lysimachia nemorum,3994.8474518743988,512.469640702176,4936.42804396951,199753136,50.78932779,7.3101296648
Lysimachia nemorum,3187.9812740284265,326.13182253579566,5506.375083523734,288437169,59.8013000488,5.8410625458
Lysimachia nemorum,4379.809093326903,684.0374609212039,4575.928123096437,294478009,45.9095529112,8.8767296436
Lysimachia nemorum,4027.59337861247,1919.2598626532945,4548.042027712857,391923854,45.5502823645,25.4790936783
Lysimachia nemorum,4098.132431634183,1102.3518737133822,4751.829547551777,399442656,48.2323301,15.0555625
Lysimachia nemorum,3544.405837423451,614.6045166113197,5258.25081918664,40456192,55.6230157453,9.8373435438
Lysimachia nemorum,3897.6028451319817,352.78922760316755,5027.3238360169,465735757,52.1009104426,5.1719999999
Lysimachia nemorum,3885.18965779541,-159.3315578606742,5046.748250835057,505577827,52.386205455,-2.3483829573
Lysimachia nemorum,3859.928941654444,-687.62119984888,5021.740612633654,566460444,52.0192445,-10.1009083333
Lysimachia nemorum,4218.611467736177,586.1505478876172,4738.090116193792,647891689,48.0471681184,7.9102578387
Lysimachia nemorum,3785.255424879246,-592.7707716446541,5090.207983018324,652848061,53.0313047737,-8.9002303407
Lysimachia nemorum,4574.223608346342,-655.2440556333148,4385.987544223262,652857408,43.5058829591,-8.1519946083
Lysimachia nemorum,3461.605949287971,-351.3305305143161,5337.003301466104,658571476,56.8981883333,-5.795305
Lysimachia nemorum,4632.179605773681,-388.73440358075504,4356.782160379898,663490268,43.1448361667,-4.797045
Lysimachia nemorum,3656.1799985093876,-404.77822406025217,5201.7550439735205,664615196,54.7332449375,-6.3175283087
Lysimachia nemorum,4036.96241479924,407.3000322543755,4911.90332507688,81413053,50.4417331204,5.7612300975
Megaskepasma erythrochlamys,4223.4202758724605,-4079.6571553451313,-2471.61319746195,143491837,-22.8268105192,-44.0080548872
Megaskepasma erythrochlamys,-1214.6132416636897,-5949.11135901999,1929.3889812145162,169358202,17.6281911172,-101.5393256511
Megaskepasma erythrochlamys,-5071.7168725246165,2592.147853525284,-2854.5070677948634,173698689,-26.618407,152.928484
Megaskepasma erythrochlamys,1394.176443897464,-6180.926771229302,-664.9582104611974,176815551,-5.9910156692,-77.2890223718
Megaskepasma erythrochlamys,1710.5480523878834,-6012.310293564755,1231.2202987462217,180584379,11.1427209895,-74.1185437818
Megaskepasma erythrochlamys,1250.9495842729507,-6246.971529359936,14.99928835474836,181314112,0.1348917792,-78.6763521693
Megaskepasma erythrochlamys,-5024.667902708891,3427.6405636107097,-1895.717743720023,232076426,-17.3107365,145.6996536
Megaskepasma erythrochlamys,-3181.6543343821563,5279.591718066312,1610.198781737918,247031018,14.6396179199,121.0745391846
Megaskepasma erythrochlamys,1140.049287698877,-6254.487591772144,-414.0358869264959,283668678,-3.726135,-79.669708
Megaskepasma erythrochlamys,369.69482350833425,-6102.950279774085,1790.8313013106492,348256518,16.3253116667,-86.5334633333
Megaskepasma erythrochlamys,716.4750532961725,-5830.677115105698,2465.6887490241693,390029936,22.7690156527,-82.9945989893
Megaskepasma erythrochlamys,3949.4622646734856,-4405.997315245048,-2361.924767567977,404966023,-21.7606518511,-48.1274817791
Megaskepasma erythrochlamys,3331.7269632055136,-4679.44691499541,-2755.3811246480477,468310421,-25.6255216065,-54.5494527628
Megaskepasma erythrochlamys,4289.016544052743,-4014.7707560100657,-2464.894722134328,473869160,-22.7612715302,-43.1084032729
Megaskepasma erythrochlamys,-1226.213182549754,6213.955077366064,687.6893609000731,486334125,6.1966033333,101.1628805
Megaskepasma erythrochlamys,2449.809434288098,-5768.574339927204,1145.3108530368006,577562654,10.3563138889,-66.9899444444
Megaskepasma erythrochlamys,1881.4665976230092,-6061.3166038215295,557.0256726074374,585065328,5.0158495889,-72.7553647243
Megaskepasma erythrochlamys,3827.260730106207,-4351.09508805617,-2647.602683213213,588862714,-24.5552425,-48.6648631
Megaskepasma erythrochlamys,554.1067123114589,-6244.1403184622795,1137.2908882087345,625390025,10.2830028,-84.9288406
Megaskepasma erythrochlamys,1482.4687574753666,-6195.973701367757,44.15206389310807,719143806,0.39707168,-76.54418744
Moricandia arvensis,5048.062926268831,-110.64164371189369,3885.173387222806,119304773,37.5765434073,-1.2555874423
Moricandia arvensis,4771.916463832385,179.66734981717565,4217.379048092849,121496842,41.449838098,2.15622397
Moricandia arvensis,5023.091079161179,-97.50114101125781,3917.754799324522,123438186,37.9471803522,-1.1120050085
Moricandia arvensis,4917.165881151839,-31.361756663634946,4050.956586675876,175243676,39.4824807953,-0.3654283735
Moricandia arvensis,5020.93611024872,-99.61178620847477,3920.4631357183093,176142243,37.9780736107,-1.1365582421
Moricandia arvensis,4763.5651432565,23.440604543227927,4230.5615222671995,244070532,41.6081997617,0.2819394359
Moricandia arvensis,5032.325592261595,-717.7911520721946,3840.6025731847444,253540668,37.0724833333,-8.1176888333
Moricandia arvensis,5068.916001296464,-170.45801532790196,3855.7473680842436,262578641,37.2433801761,-1.9260224212
Moricandia arvensis,4787.2471194219925,-476.03397662429705,4176.770259466341,263850609,40.96440918,-5.6787063685
Moricandia arvensis,4826.647308380505,-267.4746736603996,4149.901949339397,354532744,40.6451865343,-3.1718727574
Moricandia arvensis,4695.045786428661,-200.7682867576195,4301.858934001476,361101897,42.4715583333,-2.448575
Moricandia arvensis,4766.330687311542,157.23043427952462,4224.585600908804,365041902,41.5363627052,1.8893726249
Moricandia arvensis,4762.710619593284,167.69814148463692,4228.264184867519,390826447,41.58057382,2.01658859
Moricandia arvensis,4732.453475465995,8.915918428682732,4265.390690033661,434393357,42.0284898989,0.1079448313
Moricandia arvensis,4971.401296862032,-42.232764759044436,3984.1107751688774,455256319,38.707886,-0.48672413
Moricandia arvensis,4770.451985339743,183.7752916932317,4218.858569258823,460539674,41.4675923676,2.206152454
Moricandia arvensis,4734.575763668835,-165.1430846410379,4259.844272899228,485545731,41.961375,-1.99768
Moricandia arvensis,4853.172954009004,-100.54830470375143,4126.300455198841,514312630,40.3660316986,-1.1868873178
Moricandia arvensis,4991.855275683431,-38.24948243744675,3958.4935282759016,600722170,38.4132616726,-0.4390133333
Moricandia arvensis,4762.429213288845,-76.58622985678907,4231.212080183023,621401589,41.616025,-0.9213133333
Muehlenbeckia axillaris,-4598.937843858905,601.6487071908184,-4367.78464111218,105801744,-43.2806008647,172.5466991962
Muehlenbeckia axillaris,-4424.2939488924185,940.177808576382,-4486.807536738329,110046158,-44.7692959766,168.0029105632
Muehlenbeckia axillaris,-4665.90405957696,712.7018499718056,-4279.1527794117665,161787091,-42.1953262816,171.3153806105
Muehlenbeckia axillaris,-5044.546605924469,353.75491664167055,-3875.198076135618,167889669,-37.4634361168,175.9886312863
Muehlenbeckia axillaris,-4763.658067216355,435.65666084959634,-4208.0302068995825,174059994,-41.3377639917,174.7745947011
Muehlenbeckia axillaris,-4641.293642555637,591.5222304958502,-4324.1470724385945,184974671,-42.7438958036,172.7369398346
Muehlenbeckia axillaris,-4710.178752017918,523.9743183758737,-4257.865682169753,247319386,-41.9374499975,173.652345
Muehlenbeckia axillaris,-4906.3711114220005,521.9592113640812,-4030.4880881046233,338002026,-39.2443895458,173.9274877299
Muehlenbeckia axillaris,-4580.907703421186,609.5672796358937,-4385.597504788961,344138894,-43.5010469661,172.4203548787
Muehlenbeckia axillaris,-4927.006199211868,377.2825758416169,-4021.4451258933746,348000020,-39.1394583333,175.621155
Muehlenbeckia axillaris,-4922.1909073524685,382.3428625046106,-4026.8602827445966,349978734,-39.202275,175.5583333333
Muehlenbeckia axillaris,-4609.258902898739,681.4092563404372,-4345.131404353581,354697267,-43.0014,171.590595
Muehlenbeckia axillaris,-4916.485650512978,366.1057875862275,-4035.330039819951,453914499,-39.3006383333,175.7413333333
Muehlenbeckia axillaris,-4583.329802697937,602.1969012323092,-4384.084846524362,466864599,-43.4822955899,172.5148678505
Muehlenbeckia axillaris,-4665.394642316252,592.2040553195883,-4298.039124762277,474846525,-42.4250033333,172.7658216667
Muehlenbeckia axillaris,-4614.762180222888,677.228091096351,-4339.940698015576,598735180,-42.9376033333,171.6512916667
Muehlenbeckia axillaris,-4931.341584850351,303.1270221997182,-4022.404419201952,60566329,-39.150582198,176.4824838566
Muehlenbeckia axillaris,-4684.308716881393,677.7063119755156,-4264.706218408834,609591289,-42.0202035607,171.7678039894
Muehlenbeckia axillaris,-4570.81884417339,771.4889895503758,-4370.603272138689,610087519,-43.31543,170.4195866667
Muehlenbeckia axillaris,-4911.995631476792,412.77900790277073,-4036.29353945735,626194339,-39.3118366667,175.1964416667
Nabalus albus,-270.4162255973437,-4501.2069204475,4500.640449305704,12765706,44.94479,-93.437991
Nabalus albus,124.75003185071098,-4662.743664990272,4339.701841581259,157258582,42.9346692462,-88.4674376055
Nabalus albus,808.1326875224248,-4442.396794356906,4494.639630773829,230870549,44.8685937079,-79.6898578361
Nabalus albus,-90.07663741886905,-4659.374189468392,4344.176733465676,235553343,42.9896615959,-91.1075239148
Nabalus albus,72.82147364905259,-4832.858385922591,4150.654163414571,24949916,40.6541027734,-89.1367329565
Nabalus albus,882.5209919734888,-4569.8063101294365,4350.606867588101,254313476,43.0687683631,-79.0695977801
Nabalus albus,52.120224977817365,-4208.962458964486,4782.433651484704,310271478,48.6472029066,-89.2905338736
Nabalus albus,568.8369192433373,-4680.556303082943,4284.690231819999,314558248,42.2625805556,-83.0707166667
Nabalus albus,921.2796325559862,-4464.518548173437,4450.738264752296,315554875,44.3141800713,-78.3403408527
Nabalus albus,616.3884350245123,-4697.842509123196,4259.118944843,319424957,41.9526033333,-82.5251083333
Nabalus albus,1144.4753450079618,-4726.096276159782,4116.302139398295,321179582,40.2481215634,-76.3872612734
Nabalus albus,507.50499431910725,-5024.581362304778,3884.0409297531946,323932476,37.5636941502,-84.2324325442
Nabalus albus,-493.897338023335,-4063.6714964009216,4881.843147675844,420433512,50.019133053,-96.9297224464
Nabalus albus,516.2268975814229,-4733.107565370572,4233.314977003571,430689797,41.6413262,-83.7755121
Nabalus albus,577.6304537652996,-4853.210375549385,4086.8625177781705,49946743,39.902125,-83.21257
Nabalus albus,109.34848147980655,-4336.740286895361,4665.884666737298,565298067,47.084775,-88.555625
Nabalus albus,1073.3600908457138,-4335.1242076865665,4543.605324958037,65717635,45.493334,-76.093458
Nabalus albus,918.3056931537212,-4860.581445461204,4015.1233848584498,92877578,39.0661959771,-79.3012599981
Nabalus albus,-4.624701300474194,-4700.930186968282,4300.114779754799,94074554,42.45029667,-90.05636667
Nabalus albus,1002.8018365397329,-4917.919626310092,3924.055065294571,95169396,38.0190658493,-78.474945061
Nandina domestica,-664.1932695308185,-5318.179491896285,3444.6432794066154,124885425,32.7295804998,-97.1188725661
Nandina domestica,0.42190292470402263,-5229.69184181362,3638.6915493544393,130736991,34.8292512,-89.99537769
Nandina domestica,1111.5383185164867,-4822.195762185144,4012.563236549751,206067453,39.03654817,-77.01977949
Nandina domestica,-2601.6064408309676,4735.534330948066,3375.8127402325663,31688666,31.9967385577,118.7835002683
Nandina domestica,300.14346300920766,-5219.882634841284,3640.3972736190053,386897079,34.847941,-86.709114
Nandina domestica,-2393.7471847927172,5375.529636823353,2442.0091458895427,387229985,22.538257,114.003622
Nandina domestica,-3640.0717652707162,3857.3736079076903,3529.9149454871526,387311575,33.6459274248,133.3398353308
Nandina domestica,871.708256836297,-5076.756688871861,3749.1891612234863,401383739,36.0489726323,-80.2569950222
Nandina domestica,984.1273843426484,-5066.342170498398,3735.428145807909,420157497,35.8960555152,-79.0072989372
Nandina domestica,1578.9430574600078,-4500.490606454011,4224.011866957228,45424988,41.52947,-70.6671916667
Nandina domestica,-2355.783113179785,5407.827438800582,2407.372311357329,493767103,22.2014116667,113.53913
Nandina domestica,458.75659865451814,-5455.891211724445,3257.6903779666245,506946226,30.7524866667,-85.1936116667
Nandina domestica,991.5639372818982,-5058.816455682921,3743.6519811103094,512978653,35.9874059632,-78.9102127756
Nandina domestica,991.2924856520092,-5051.547309287882,3753.52662433526,513560297,36.0972335656,-78.8976157192
Nandina domestica,62.95668924119231,-5441.418589134457,3313.1183683622294,629686116,31.3342918885,-89.3371229239
Nandina domestica,-748.457471751845,-5449.254032539953,3214.839814283648,6496341,30.3051027982,-97.8206665256
Nandina domestica,612.3768098132372,-5287.255554544829,3501.3820804669776,667242408,33.3382369701,-83.3933651418
Nandina domestica,-494.80957197753816,-5491.873402572361,3191.2761001322206,68540428,30.0599540935,-95.1483629646
Nandina domestica,256.79618583350225,-5241.049433216795,3613.1993699762425,77404266,34.55043333,-87.19491667
Nandina domestica,1092.6695832004118,-4826.849484958238,4012.1503412988486,80405108,39.0317678,-77.2447487
Nymphoides indica,-5029.682658530987,2532.2054639967573,-2979.9296925020017,104651117,-27.8872271,153.2769242
Nymphoides indica,1749.8869831118134,5744.459332753499,2128.1061182080402,108886747,19.5135449275,73.0581263454
Nymphoides indica,-5129.5814302003255,2610.3068379186434,-2731.9307627640555,115567023,-25.3918491972,153.0296736554
Nymphoides indica,-5060.089435790376,3114.5974279320403,-2298.810756325796,167633769,-21.1507888333,148.38678
Nymphoides indica,-5004.378651886045,3026.233865188532,-2527.4208259430643,19628151,-23.3724488652,148.8379247295
Nymphoides indica,-928.5753166940906,5956.000067235198,2062.4170795448285,278692081,18.8879886266,98.8614103276
Nymphoides indica,-5087.415599492127,2859.6345846022114,-2555.4736723880633,417578697,-23.6475719253,150.6596739423
Nymphoides indica,1415.0362376145733,5588.291550100333,2712.641356131004,470194628,25.1999775645,75.7905467972
Nymphoides indica,-4219.393324716785,4557.787942209572,-1418.817174572503,50814527,-12.8676068294,132.7921174303
Nymphoides indica,-4991.228033426384,2642.35174976102,-2948.7917997971476,513278602,-27.5708657152,152.1032946665
Nymphoides indica,-5106.95159371245,2794.795369420533,-2588.033499053064,529632161,-23.9676239148,151.3101776051
Nymphoides indica,-3563.477188216062,4944.782508891517,-1854.8610186484848,541180979,-16.9262703448,125.7785570343
Nymphoides indica,-4104.16969134351,4671.833082898502,-1385.4674012295773,556748404,-12.560146633,131.2990589102
Nymphoides indica,-5036.229009393057,3515.396890165164,-1693.5569666363008,57216569,-15.4158267501,145.08412504
Nymphoides indica,-5071.498702078644,2618.003427042,-2831.203295506773,59301483,-26.3842243336,152.6963624978
Nymphoides indica,-5118.311263416217,2653.004929821072,-2711.864263345275,617389880,-25.1922541761,152.6006673544
Nymphoides indica,-4632.661104278169,2548.4875821507017,-3554.3515957498194,630348985,-33.9103220508,151.1842311317
Nymphoides indica,-4196.845821325724,4577.556845320011,-1422.0448690397006,642537544,-12.897383645,132.5155617128
Nymphoides indica,-5068.651435349711,2597.652440612536,-2854.947907473003,663630024,-26.6228416667,152.8651416667
Nymphoides indica,-5072.0788475190875,2574.5307464357124,-2869.766668195179,76006051,-26.7720127311,153.0881578128
Oenothera primiveris,-1940.34604260771,-4947.666060411595,3513.6036941102566,182872975,33.4698976409,-111.4138210192
Oenothera primiveris,-1945.1951594607801,-5024.547440990213,3399.9841079814623,245075547,32.253417,-111.163333
Oenothera primiveris,-2061.492937423689,-4896.406334737559,3516.41934412999,260896658,33.5002583333,-112.832145
Oenothera primiveris,-1990.987062343892,-4889.116862893019,3566.827714963509,261851616,34.045625,-112.1575471667
Oenothera primiveris,-2039.2402411177022,-4876.6122244631115,3556.6705752572298,262732900,33.935455,-112.6930916667
Oenothera primiveris,-2340.91465497473,-4720.250849737126,3581.7738096309067,266272918,34.2079995605,-116.3781989174
Oenothera primiveris,-1949.7909729662797,-5065.976086230873,3335.2592980386953,3086178,31.5677007781,-111.0506986706
Oenothera primiveris,-2331.0950139244815,-4723.774653992142,3583.5320821830633,3100748,34.227122,-116.265483
Oenothera primiveris,-1537.842154879599,-5155.176120948197,3413.0563719865822,31937150,32.39253529,-106.61038421
Oenothera primiveris,-2316.0796695895874,-4735.769854983983,3577.430918189225,32182523,34.1607861667,-116.0614471667
Oenothera primiveris,-2099.4666120281263,-4858.098503779695,3546.9524950624946,33086784,33.8301805556,-113.3719777778
Oenothera primiveris,-1947.9641177440483,-5061.997067035871,3342.360635685402,33227188,31.64268648,-111.04778631
Oenothera primiveris,-1937.6173552685163,-4920.387991463115,3553.1921039686627,356560551,33.8977583333,-111.4942033333
Oenothera primiveris,-2263.596341487191,-4585.82808868151,3799.4822638805576,362060060,36.6104,-116.2712638883
Oenothera primiveris,-1965.38534294607,-4910.79352089069,3551.213958435652,364568383,33.8763283333,-111.81215
Oenothera primiveris,-1919.6861704195546,-5043.13803372066,3386.9332602839186,378344887,32.1147389379,-110.8394826046
Oenothera primiveris,-2129.244129755532,-4596.782304182634,3863.37482177596,382685424,37.3295966667,-114.8537216667
Oenothera primiveris,-1622.5476586562022,-5150.959611431223,3380.0454592314322,60375720,32.0416342116,-107.484380583
Oenothera primiveris,-1935.435858819558,-5063.494492178655,3347.3668298752773,621240434,31.6955851291,-110.9185174392
Oenothera primiveris,-2033.898946301023,-4648.736455985086,3852.5650635269294,626999548,37.2074383333,-113.6301716667
Olearia arborescens,-4756.841524400926,609.5416272475766,-4194.123370391587,104688031,-41.1714043074,172.6979122672
Olearia arborescens,-4380.960168213543,731.8972226973992,-4567.4136652608595,108774788,-45.7996114,170.5155736
Olearia arborescens,-4665.6163841896405,637.1165706704263,-4291.370335992429,11908903,-42.3438083333,172.22403
Olearia arborescens,-4383.950996951562,725.4439486891064,-4565.573114441953,178446224,-45.7758741128,170.6039998821
Olearia arborescens,-4392.037803010428,875.9981661753702,-4531.267403217576,244872441,-45.3352693535,168.7202932633
Olearia arborescens,-4379.270743968,729.229017443715,-4569.460134504017,245488482,-45.8260162627,170.5459452312
Olearia arborescens,-4800.509738469643,383.30203058925684,-4171.083664215058,247914257,-40.8967183333,175.43484
Olearia arborescens,-4916.512031990625,396.4299856107091,-4032.4317521165262,28739402,-39.2669636,175.3900792
Olearia arborescens,-4285.590337475567,883.5170439075569,-4630.644255623438,341033188,-46.6213473601,168.3511090503
Olearia arborescens,-4902.418206766001,506.3504446374824,-4037.2835029091143,344536244,-39.3233444444,174.1030666667
Olearia arborescens,-4908.157949558255,511.52990914153963,-4029.649590711231,344888208,-39.2346533333,174.0500945
Olearia arborescens,-4922.189236623938,382.61257113644893,-4026.8367075099077,345948277,-39.2020014019,175.5552111838
Olearia arborescens,-4615.840836266671,685.1200220121309,-4337.554271633789,398051820,-42.908295,171.5573416667
Olearia arborescens,-4287.170987527828,885.4724230721083,-4628.807259041568,447531751,-46.597299,168.3302209
Olearia arborescens,-4902.8009883179,505.7563335712417,-4036.8931283449947,454053287,-39.3188063299,174.1103936124
Olearia arborescens,-4616.461135460017,670.1057062339946,-4339.239340821992,454822478,-42.9289883333,171.740875
Olearia arborescens,-4905.885915938997,512.0366535084945,-4032.3510480776154,471346771,-39.2660261445,174.0415041894
Olearia arborescens,-4260.35856780672,894.44464696434,-4651.781032777677,477776952,-46.8988252182,168.1431918394
Olearia arborescens,-4423.032570719558,929.6841896336024,-4490.236443170525,599387986,-44.81274768,168.12970837
Olearia arborescens,-4427.451648032863,950.2192769570387,-4481.574317101944,633262551,-44.7030426346,167.8869367834
Ophrys speculum,5095.229015876611,-276.8289050179883,3814.676940815964,110679354,36.7808230787,-3.1098796226
Ophrys speculum,4970.347123496181,9.355528796485906,3985.638603249373,184469423,38.7254958689,0.1078459248
Ophrys speculum,4787.737071221783,119.00578307231427,4201.566908918797,188719422,41.2603944806,1.4238721289
Ophrys speculum,4796.731604589838,795.7255188435338,4116.7875755092855,21542630,40.2538415626,9.4189698994
Ophrys speculum,4198.012420239175,3026.3106832631256,3715.8967285922404,32633237,35.6795212295,35.7875061035
Ophrys speculum,5112.702280589176,-474.8730657024541,3771.54134157456,358237330,36.2979933333,-5.3064666667
Ophrys speculum,4900.7105798134335,226.07913666245423,4064.6866012705173,375872179,39.6426469943,2.6412910834
Ophrys speculum,4889.339022689081,1110.9512140088693,3930.636647030534,376880749,38.0942365202,12.8013443481
Ophrys speculum,4909.0106304859455,1247.613078976791,3864.5606949069215,473126973,37.34301,14.2596833333
Ophrys speculum,4870.161992282902,-482.7885856420682,4078.9938073223643,486820463,39.8099420206,-5.661344938
Ophrys speculum,4812.795426218141,-262.10809750018103,4166.299636401109,493670854,40.8398248765,-3.117287457
Ophrys speculum,5046.098543410473,-73.76748981609859,3888.5988449973047,616653067,37.6154233513,-0.8375311643
Ophrys speculum,5004.8552075291345,-778.1115482986879,3864.6759113475687,616661410,37.3443133333,-8.8371033333
Ophrys speculum,4925.733822507753,-774.572684528421,3965.7201862792886,62181139,38.4962534448,-8.936592713
Ophrys speculum,5057.114837616103,-483.81808191705835,3844.6407780767495,636564717,37.1180134914,-5.4648987569
Ophrys speculum,5090.732088954879,-346.4023605517021,3814.997422380091,637724149,36.7844216667,-3.89273
Ophrys speculum,5095.555490567848,-410.0147328215684,3802.2303048461627,637825858,36.641194,-4.600403
Ophrys speculum,5043.172214307902,-250.0991730024408,3885.050520929382,640026009,37.5751492163,-2.8390657053
Ophrys speculum,5026.019399184626,-299.3814526010774,3903.7485670232018,640670258,37.7876216987,-3.4088705108
Ophrys speculum,5045.421075379763,-579.0105037835526,3846.8462587292806,671070697,37.1428915197,-6.5466018994
Opuntia humifusa,1224.553098134127,-4814.9268294991525,3988.320757674436,114822043,38.7564210988,-75.7308027976
Opuntia humifusa,4376.540833196727,884.0667021763645,4544.674854281892,134026429,45.5070569295,11.420142768
Opuntia humifusa,736.2856355663099,-5531.400240451135,3074.288205824769,196571726,28.85164722,-82.41791988
Opuntia humifusa,1244.7170836759867,-4782.072374864946,4021.469422093885,205254894,39.1397400478,-75.4103169995
Opuntia humifusa,957.7706099352355,-4866.275783410509,3998.973441799052,428034782,38.8793791162,-78.8654780125
Opuntia humifusa,1346.5352641056807,-4644.976148835783,4147.383812591255,42835796,40.6153469001,-73.8336191699
Opuntia humifusa,1453.9402000864122,-4594.2774782390425,4167.544298168362,46258939,40.854622159,-72.4391053585
Opuntia humifusa,1083.7013131898327,-4825.365593900305,4016.365456313859,465559127,39.0805842769,-77.3422891662
Opuntia humifusa,4666.807573428475,-535.3567491248073,4303.957870778312,481226159,42.4971544616,-6.5441272005
Opuntia humifusa,4290.406973755297,1976.7574628933687,4274.8790698831135,665897063,42.1434695,24.7373633333
Opuntia humifusa,4556.927996132311,383.5231494437067,4435.884394524252,667012162,44.1277809143,4.8108272552
Opuntia humifusa,4357.336445854107,1100.565227570169,4515.764432205509,670130368,45.1372795105,14.1751527786
Opuntia humifusa,1306.8812450778,-4723.316895159954,4070.883448201124,680651959,39.7150572802,-74.5339156841
Opuntia humifusa,3375.945563782634,3352.484418812106,4237.168028492126,685557026,41.6877103479,44.8002180085
Opuntia humifusa,1294.3395271792285,-4782.39343207371,4005.390290460735,686306608,38.9535479879,-74.8558890823
Opuntia humifusa,1290.1571675001603,-4785.11240194406,4003.4918400799247,689036522,38.9315967532,-74.9107738584
Opuntia humifusa,4504.534133676645,360.6975832639433,4490.971233669503,711016062,44.8220633333,4.5781533333
Opuntia humifusa,1108.6974281271114,-4904.09185133319,3912.853978393415,80550279,37.8913110048,-77.2609509021
Opuntia humifusa,1285.6262579726001,-4816.139561714183,3967.5833925174547,8074911,38.51766622,-75.05389647
Opuntia humifusa,1033.1175260883047,-4792.042324034242,4069.2446070039973,82960394,39.6959,-77.8338
Opuntia macrorhiza,12.477351155359816,-4869.509593758946,4108.2202669373955,209974444,40.1529619773,-89.8531889131
Opuntia macrorhiza,-9.41748020222195,-4740.504915294851,4256.439543657284,297640299,41.9202107797,-90.1138235629
Opuntia macrorhiza,310.9668513549718,-4671.962845685431,4320.39534250868,353533239,42.6979701227,-86.1919974536
Opuntia macrorhiza,-9.572395152406962,-4740.679361989125,4256.244904342191,390583554,41.9178583333,-90.1156916667
Opuntia macrorhiza,588.0543676800862,-4875.328575458041,4058.955096037905,392219167,39.5757416667,-83.1223
Opuntia macrorhiza,-841.3143127065224,-5424.459920920259,3233.7560086132607,41061904,30.50234461,-98.81612774
Opuntia macrorhiza,-8.963248358984181,-4730.507192752854,4267.549002550504,42025322,42.0546259,-90.1085625
Opuntia macrorhiza,-1793.628345955975,-4479.481470321524,4160.155795557033,520446589,40.7668315514,-111.8216485726
Opuntia macrorhiza,-974.6075558428854,-4699.672645353037,4189.626507016082,523169037,41.11770123,-101.71580573
Opuntia macrorhiza,-1069.8008395482013,-4484.0236239958,4397.591549112646,538712266,43.64993566,-103.41880965
Opuntia macrorhiza,21.500289258208348,-4640.820089802856,4364.86881375849,572150029,43.2445916667,-89.7345583333
Opuntia macrorhiza,-792.352471720538,-5174.675436474035,3631.0693765594797,660271128,34.745786,-98.705581
Opuntia macrorhiza,-180.23250759496443,-5151.881309764186,3743.713175843726,664074254,35.9880861111,-92.0036083333
Opuntia macrorhiza,-1278.3758155831754,-4706.890285270363,4098.864750908105,679285853,40.0429721667,-105.1948083333
Opuntia macrorhiza,-1287.2226525954873,-4706.586058331124,4096.444635027498,684355950,40.01454853,-105.29599518
Opuntia macrorhiza,-1285.664402294856,-4709.956304036625,4093.0589769040603,687391055,39.9748047,-105.2679223
Opuntia macrorhiza,-1255.046187605088,-4729.6260032908785,4079.859074238976,687576930,39.8200726822,-104.8614149782
Opuntia macrorhiza,-1276.371626531018,-4698.237973463556,4109.402455998811,688513170,40.1668732673,-105.1987350793
Opuntia macrorhiza,-1282.8048796301848,-4710.431788734178,4093.4089869150584,691457185,39.9789123535,-105.2340774536
Opuntia macrorhiza,-797.022268626447,-5417.689120745235,3256.248335730816,84615747,30.7373973,-98.3690256
Ornithogalum umbellatum,4575.072098882361,343.87471062524713,4420.431947570055,121142805,43.9344924912,4.2984223366
Ornithogalum umbellatum,-347.75204171704115,-5363.349605637245,3421.009011223133,122048552,32.4772741489,-93.7097848402
Ornithogalum umbellatum,3976.4046540494246,-16.935635454637204,4977.7175835098615,122703535,51.3804542571,-0.2440230943
Ornithogalum umbellatum,512.8116054067469,-4685.031642112097,4286.870175249773,125185795,42.2890764052,-83.7534176389
Ornithogalum umbellatum,105.40294248936424,-4994.739298557529,3953.6341116543726,125505068,38.3575091425,-88.7910785398
Ornithogalum umbellatum,1324.203205646857,-4649.23259471119,4149.804245998487,125552199,40.6440285121,-74.1018869389
Ornithogalum umbellatum,4072.273291238502,1195.7930580702114,4751.465282774784,126027332,48.2274123815,16.364487801
Ornithogalum umbellatum,866.4303240390722,-4472.566315501832,4453.672886135819,166000790,44.35107625,-79.03640102
Ornithogalum umbellatum,4528.679085267813,-35.68046628372425,4481.020617745592,184655399,44.6960371546,-0.4514115024
Ornithogalum umbellatum,-527.84312230648,-5079.409604839314,3809.2955824111764,187755267,36.7204226833,-95.9327796289
Ornithogalum umbellatum,4323.836746024197,511.28260297852165,4651.105139996282,188735260,46.8899300954,6.7437638291
Ornithogalum umbellatum,1308.2884454818486,-4544.008820947116,4269.674262546373,190161904,42.0803721667,-73.938095
Ornithogalum umbellatum,200.39472973113914,-4746.364813815773,4245.18740883662,451176192,41.7843573976,-87.5823693343
Ornithogalum umbellatum,4385.165855668074,1681.7264164134451,4304.86582930264,459724730,42.5082300869,20.9819932138
Ornithogalum umbellatum,-600.315591770098,-5242.294306116929,3570.395598250869,485563126,34.0843582153,-96.5327072144
Ornithogalum umbellatum,3901.684096533655,300.3667831095063,5027.563439295245,488424014,52.1044184708,4.4021686471
Ornithogalum umbellatum,847.2006976593884,-5060.415715765116,3776.7971736909985,491744016,36.3566627502,-80.49584198
Ornithogalum umbellatum,474.17250668704816,-5186.880080975064,3668.9492486492195,493746700,35.1614221667,-84.7766716667
Ornithogalum umbellatum,525.7600336769283,-4856.630349600731,4089.8008709474534,494300472,39.93658,-83.8214416667
Ornithogalum umbellatum,-323.378251544971,-5150.092944560529,3736.538812657112,496614838,35.908386651,-93.5929285892
Orontium aquaticum,266.2626022662578,-5480.282927030589,3238.1100036917937,116787036,30.5478009,-87.2184399
Orontium aquaticum,68.48744645238277,-5216.226424162604,3657.3275066944275,121140179,35.0336783431,-89.2477672845
Orontium aquaticum,863.8399858007191,-5198.246850750114,3580.7489841199094,185698910,34.19685587,-80.56486041
Orontium aquaticum,1307.0826562783834,-4704.164911027277,4092.9354440539873,198468592,39.973355,-74.4717033333
Orontium aquaticum,947.0842943340645,-5250.8201582753245,3481.6191828734923,258111959,33.1257555556,-79.7755583333
Orontium aquaticum,1245.2192675670203,-4752.27148986457,4056.488357185026,267132589,39.5469666667,-75.3171
Orontium aquaticum,748.073053526168,-5424.731857236263,3256.136378186805,280965878,30.7362258878,-82.1484054253
Orontium aquaticum,748.8430678831264,-5424.503084334069,3256.3405039109457,354645206,30.7383616667,-82.1400971667
Orontium aquaticum,199.6769276854466,-5477.153529122608,3248.179716802519,357096131,30.6530117184,-87.9121306808
Orontium aquaticum,247.89748473859737,-5459.564587340197,3274.3632180011095,358642565,30.9271216667,-87.4002083333
Orontium aquaticum,1319.0659689108993,-4701.586929277138,4092.053084429497,38236659,39.9630011038,-74.3281320762
Orontium aquaticum,265.68759089412464,-5480.215447513011,3238.2714343553844,471453379,30.5494866667,-87.2244033333
Orontium aquaticum,1108.991056600092,-4828.416641825653,4005.781409288271,482861186,38.9580712268,-77.064646547
Orontium aquaticum,291.072139259407,-5334.096203348372,3471.6635540974976,487843842,33.018912,-86.876569
Orontium aquaticum,1114.2906449435814,-4559.343729915303,4308.189206702819,510372327,42.5487866667,-76.2662883333
Orontium aquaticum,481.490217747305,-5498.64400518249,3181.640206585552,612934833,29.9598805556,-84.9956444444
Orontium aquaticum,700.3846064007421,-5515.946331337141,3110.233207108857,622179331,29.22138,-82.76362
Orontium aquaticum,810.1414798384895,-5450.864292114561,3197.108440649608,625045552,30.120575,-81.5462283333
Orontium aquaticum,779.3298889455003,-5321.870510898983,3414.6877337609394,62676076,32.4099116755,-81.6688732846
Orontium aquaticum,1303.0793422614638,-4710.991303905025,4086.355135322932,666175098,39.89617721,-74.53833945
Osmorhiza berteroi,-2291.278866481357,-3621.7696345929726,4714.0830497174775,123505157,47.7252191384,-122.3191105883
Osmorhiza berteroi,-2505.196139458116,-3839.913642778405,4423.664617545714,126788729,43.9748765791,-123.120811116
Osmorhiza berteroi,-2520.9829337889755,-3809.013443900139,4441.375323186521,129647736,44.1966171,-123.49845122
Osmorhiza berteroi,1427.4405544470853,-3404.589386923172,-5192.3922906158905,172200869,-54.58767413,-67.25318114
Osmorhiza berteroi,-2700.192084906982,-4275.288044838955,3875.6454904880325,180522461,37.4685055556,-122.2757416667
Osmorhiza berteroi,-2334.648793899398,-3520.6419745072726,4769.0930192395135,202585324,48.4659388889,-123.5496138889
Osmorhiza berteroi,-2346.875815447871,-3758.847287781589,4577.444057952027,204938307,45.92915,-121.9790277778
Osmorhiza berteroi,-2480.2489226698553,-4297.190588032587,3996.5324296690746,210081930,38.8511851059,-119.9926472666
Osmorhiza berteroi,-1874.6750575317726,-4148.066943676483,4457.452993484521,255190088,44.3986367481,-114.3200872065
Osmorhiza berteroi,-2310.0389687631423,-3630.9888849277377,4697.807234232198,279454185,47.50807856,-122.46456166
Osmorhiza berteroi,-2300.354125110486,-3621.9214199403928,4709.54448503691,328261,47.664578,-122.42044
Osmorhiza berteroi,-2318.69912860031,-3530.43184130518,4769.6371449623,377325376,48.4733194444,-123.2959055556
Osmorhiza berteroi,-2002.9017452514786,-3567.8081262740907,4883.531806248279,394625839,50.0427742004,-119.3090515137
Osmorhiza berteroi,-2331.1199651701518,-3524.2654291620665,4768.142827398909,493286601,48.453053,-123.482582
Osmorhiza berteroi,-2687.8927516585604,-4304.596232551851,3851.6797582300655,498170901,37.19744249,-121.98164075
Osmorhiza berteroi,-2348.1351401143447,-3422.012708336701,4833.822867815879,507634083,49.3516383333,-124.457345
Osmorhiza berteroi,-2689.3457718763552,-4205.194456219385,3958.978660507019,625797800,38.41883,-122.6001133333
Osmorhiza berteroi,-2350.792341653263,-3722.6271666589873,4604.951191289032,671265679,46.2859583333,-122.2718966667
Osmorhiza berteroi,-2500.9424602404615,-3795.1336365046595,4464.526920213915,7555494,44.487743422,-123.3843494653
Osmorhiza berteroi,-2332.449193885732,-3490.6340340702195,4792.1715252910035,94345262,48.7799272853,-123.7509316376
Oxalis acetosella,4051.694095104119,-277.64070966686995,4908.812863178991,122576918,50.3981124803,-3.9200422535
Oxalis acetosella,4248.910885471408,520.8149181134456,4718.607976731115,123228748,47.7857484209,6.9882330671
Oxalis acetosella,3827.8632149702785,-264.0400938269908,5086.010142145479,131519739,52.9685745568,-3.9459240476
Oxalis acetosella,2637.4388061165214,970.0286830005093,5717.754281868397,132811444,63.8267640816,20.1931143366
Oxalis acetosella,4536.571280916402,583.3211167433277,4434.975830554578,135506037,44.1163985776,7.3269988837
Oxalis acetosella,4296.130647944428,770.707135907639,4641.015524228621,139572826,46.75732,10.17043
Oxalis acetosella,23.37130594386896,3917.9730167251637,5023.81273058117,143132620,52.049536,89.658226
Oxalis acetosella,3531.4901867351277,1559.044065787277,5068.3046269541055,32962352,52.7049879023,23.8199804392
Oxalis acetosella,-3159.1863697830217,3412.384796284694,4354.873662087073,40079829,43.1213170197,132.7935217414
Oxalis acetosella,3905.609803024248,1013.7338192635846,4930.345722145617,44462487,50.7028815245,14.5505137667
Oxalis acetosella,4250.606511675172,253.11663686022524,4738.990333470478,633022871,48.0592796579,3.4078452922
Oxalis acetosella,4006.7329583464916,4.4497300021317505,4953.364950221245,633903460,51.0308944444,0.0636305556
Oxalis acetosella,4285.681329912132,1178.8599575235637,4564.315706507116,637168501,45.7596633333,15.37995
Oxalis acetosella,4124.841620337262,620.8338237708278,4815.599661524305,637679014,49.1006944444,8.5593944444
Oxalis acetosella,2820.8737340993725,511.1081521235551,5689.568785310407,662654084,63.257835,10.269885
Oxalis acetosella,4365.540998028914,467.65931560291824,4616.611277629509,665510278,46.4379094755,6.1145015899
Oxalis acetosella,1240.186056512659,2709.634009577689,5631.125572125785,668273348,62.1124366667,65.406665
Oxalis acetosella,4791.81874228496,-292.2837582799306,4188.412166371617,70327439,41.1032066944,-3.4905124659
Oxalis acetosella,2583.4414650903336,1361.6482306871583,5662.287295960518,76673251,62.71763456,27.7922607
Oxalis acetosella,3639.9779659106825,793.944316863661,5168.168530445003,79215144,54.2134361172,12.3045194444
Oxalis incarnata,-4135.390056395014,2878.27978455406,-3899.2060336655854,102860774,-37.7359472642,145.1616323327
Oxalis incarnata,4030.6087634946866,-228.60093481091204,4928.6598318326705,122406778,50.67894866,-3.2461229712
Oxalis incarnata,-2683.315027377217,-4348.940462915943,3804.7720619692204,128953491,36.6696873867,-121.6747648371
Oxalis incarnata,-5144.801370071774,499.89130473483704,-3724.3631234931345,157668479,-35.7733111672,174.4503135092
Oxalis incarnata,1492.389774715491,-4882.502750375027,-3810.996297896704,168089785,-36.7395063852,-73.0036608874
Oxalis incarnata,-5085.119570771126,373.1603080561856,-3819.955950679185,168409134,-36.840121,175.8029982
Oxalis incarnata,-4124.1669659041345,2933.097480134158,-3870.1342533629454,169960178,-37.4060842861,144.5796552363
Oxalis incarnata,-4134.154255356483,2859.1786966947643,-3914.5394241164745,170801809,-37.9105202951,145.3322882205
Oxalis incarnata,-2710.6441738846925,-4266.776745010663,3877.7283943693906,184202617,37.4921104745,-122.4274211182
Oxalis incarnata,4858.454882832413,2066.7071124893955,-3565.654356824993,241030212,-34.0328908,23.0441064
Oxalis incarnata,3985.060971072405,-241.42996206107432,4964.952543573008,359836399,51.1968929879,-3.4669559821
Oxalis incarnata,4139.164216237652,-192.10395928312084,4839.438892012474,383603284,49.4292324013,-2.657264328
Oxalis incarnata,4821.99511158798,2157.1626734289093,-3561.567839289895,41718094,-33.988555625,24.101782376
Oxalis incarnata,-5172.060209433026,534.2835423387916,-3681.587621673964,439815955,-35.3005687216,174.1021580713
Oxalis incarnata,-2240.590009016079,4786.463878950693,-3557.9872226688863,452349838,-33.9497280409,115.0847482681
Oxalis incarnata,-5070.836362903224,396.3633308088667,-3836.569798703777,456027139,-37.0270416667,175.5305472222
Oxalis incarnata,-3910.0509446685337,2528.2342180553833,-4348.480939181868,457424029,-43.0426028298,147.11334005
Oxalis incarnata,-5192.605604955433,623.9302280921254,-3638.31159077061,51787352,-34.8250885316,173.1483338144
Oxalis incarnata,-2705.4573431863223,-4230.11950082596,3921.267996784786,70373444,37.9872569489,-122.6017597319
Oxalis incarnata,-2696.3638978451,-3975.3772088905343,4185.1823027329065,76798731,41.06467016,-124.14771738
Oxalis smalliana,-2700.6243413081247,-4287.673155154698,3861.63698596557,131633862,37.3099444444,-122.2050944444
Oxalis smalliana,-2722.956274335358,-4101.3341089099085,4044.0475745009862,177206740,39.4020237819,-123.5809650122
Oxalis smalliana,-2714.00498542367,-4222.062190382601,3924.0439509917023,179132602,38.018938974,-122.7335184621
Oxalis smalliana,-2715.2843602170806,-4282.653410743347,3856.92412892532,180362121,37.2566751851,-122.3754807877
Oxalis smalliana,-2650.891120503338,-3935.4138070238782,4251.475927769063,186978019,41.8602466667,-123.9641716667
Oxalis smalliana,-2736.428397022501,-4160.096528028443,3974.3313444065025,196154035,38.59527,-123.33612
Oxalis smalliana,-2632.146879597302,-3989.474809590997,4212.558210582081,198914023,41.3920216667,-123.4157416667
Oxalis smalliana,-2705.9576544658403,-4367.043655256125,3767.8211230102734,250198176,36.2564922114,-121.783657819
Oxalis smalliana,-2628.5599302325472,-3890.234328723273,4306.5650686453455,277972981,42.5289633333,-124.0461721667
Oxalis smalliana,-2717.1642472390786,-4107.310138232245,4041.8776591551778,349009616,39.3767737781,-123.4863688701
Oxalis smalliana,-2713.9489219000066,-4178.999089743869,3969.911962111394,351967441,38.5444361111,-123.000725
Oxalis smalliana,-2696.4224448656055,-4309.459307260829,3840.2629607313934,358660915,37.0686555,-122.0341555
Oxalis smalliana,-2708.2374585470716,-4272.606071684811,3872.9885558831725,393448283,37.4384061334,-122.3690076828
Oxalis smalliana,-2691.590008253682,-4208.333090271525,3954.115445769395,614529003,38.363029616,-122.6024032324
Oxalis smalliana,-2702.2878397905356,-4275.890848255376,3873.51920279267,615092086,37.4444166667,-122.2921666667
Oxalis smalliana,-2734.8428095928593,-4114.395437846033,4022.7028373380276,623105691,39.154042982,-123.6120264917
Oxalis smalliana,-2735.813749652898,-4088.6811205161935,4048.180202464069,626863168,39.4501379995,-123.7872278898
Oxalis smalliana,-2710.13302861393,-3999.71537106933,4152.975926648872,629715129,40.68163091,-124.12083935
Oxalis smalliana,-2726.2216581938446,-4069.4359125719016,4073.961211590304,684736167,39.75104927,-123.81916598
Oxalis smalliana,-2713.5437856618837,-4018.3791220910443,4132.6822384640245,711465879,40.4414,-124.0304945
Oxalis truncatula,4949.001823494325,1847.6050811570087,-3561.388710153679,13753609,-33.9866127584,20.4720532713
Oxalis truncatula,4970.761778811916,1782.6104874806279,-3564.208231557761,14285974,-34.0171989468,19.7288070864
Oxalis truncatula,4987.612920458478,1701.419925812985,-3580.3129362389004,187462304,-34.1921148435,18.8360025734
Oxalis truncatula,4962.226560004079,1736.6424195215968,-3598.6294340464806,194633778,-34.391495487,19.2886382529
Oxalis truncatula,4933.242891652958,1774.6628444916291,-3619.867330443738,276177329,-34.6232728297,19.7854617382
Oxalis truncatula,4995.444166076765,1707.5768411917816,-3566.43688360141,34124024,-34.0413831801,18.8718045409
Oxalis truncatula,4986.084392594308,1710.269379716112,-3578.2250080745825,377743748,-34.1694170773,18.9324045205
Oxalis truncatula,4931.113797874815,1770.3042836217728,-3624.8989758993907,39296930,-34.6782798914,19.7484923921
Oxalis truncatula,4937.656897247097,1767.9690148530788,-3617.123588884549,40439289,-34.593293,19.700328
Oxalis truncatula,4933.404846221026,1758.3975037175537,-3627.5760463262814,420365858,-34.7075611111,19.6174277778
Oxalis truncatula,4978.3621785278565,1697.3392442489853,-3595.0942461934287,479030933,-34.352977,18.82646611
Oxalis truncatula,4985.372970853775,1711.9796834938245,-3578.3983895679403,495707993,-34.1713016667,18.9524983333
Oxalis truncatula,4991.997072357833,1713.453899814746,-3568.4442117620256,496527991,-34.06317162,18.9442793
Oxalis truncatula,4930.384045013316,1797.8637629161503,-3612.3056609800547,617208000,-34.540675475,20.0343761839
Oxalis truncatula,4992.334812792345,1733.6398519973031,-3558.207288821975,61935553,-33.9521138889,19.1500861111
Oxalis truncatula,4953.938114503455,1755.9244965576145,-3600.6915238237607,635192529,-34.4139716667,19.5168833333
Oxalis truncatula,4938.96796577261,1767.744031020403,-3615.4432098348793,656729948,-34.5749374729,19.6931872889
Oxalis truncatula,4947.241518791922,1742.335300384436,-3616.4654271060163,662405700,-34.5861031234,19.4014068693
Oxalis truncatula,4950.697041610673,1842.5217781997055,-3561.666102924944,66661851,-33.9896214288,20.4139688517
Oxalis truncatula,4993.858897933234,1720.7073797159971,-3562.343687883217,72291786,-33.9969711303,19.0121421814
Palafoxia arida,-2286.667878272987,-4753.496845467966,3572.837931431825,3068083,34.1108825896,-115.6898635068
Palafoxia arida,-2190.3215679624286,-4773.0625408304095,3606.95419154688,424194646,34.48227,-114.650025
Palafoxia arida,-2237.5066951797553,-4883.927033296385,3424.9925039538366,461559643,32.51975,-114.6142583333
Palafoxia arida,-2089.14514594294,-4652.717959259714,3818.0415503818977,489803731,36.8186116667,-114.1808466667
Palafoxia arida,-2122.3260099736185,-4915.662574561288,3452.788277627862,532165483,32.8166973543,-113.3521611227
Palafoxia arida,-2320.1938122049783,-4729.102947579651,3583.5790928451147,580310924,34.2276333333,-116.1335055
Palafoxia arida,-2044.6597834604,-4913.693683800895,3502.104207666056,584412928,33.3460107429,-112.5929087426
Palafoxia arida,-2359.137450702404,-4735.537093475395,3549.494619616912,601007812,33.8577064549,-116.4814474277
Palafoxia arida,-2221.5148928215117,-4790.726235440398,3564.206341910179,601324417,34.0171784442,-114.8776975741
Palafoxia arida,-2156.5163876507263,-4804.158509794107,3585.979812024067,602929095,34.25375,-114.1746133333
Palafoxia arida,-2316.309345444675,-4781.205653198863,3516.3243092329144,603472134,33.499233414,-115.8483947205
Palafoxia arida,-2174.110755854074,-4901.079485358909,3441.2810738373464,608946368,32.69364402,-113.92199477
Palafoxia arida,-2363.2639293611223,-4778.4985382670075,3488.651379779604,609037664,33.2013033098,-116.3152511326
Palafoxia arida,-2356.2243676686285,-4808.310309781752,3452.261841710231,611130253,32.8110641483,-116.106317578
Palafoxia arida,-2270.81202084872,-4725.977366143546,3619.1578896678857,612062728,34.61552,-115.6640866667
Palafoxia arida,-2351.1857826223627,-4817.193221696715,3443.301905164741,612338260,32.7152416667,-116.016175
Palafoxia arida,-2361.136896168189,-4740.868871514147,3541.0377052975405,614592802,33.76617,-116.4750883333
Palafoxia arida,-2309.9173363246814,-4773.86995813627,3530.4674834684615,618726288,33.6518966667,-115.8208
Palafoxia arida,-2267.7052168495147,-4708.131341298223,3644.278454267226,624618785,34.8904833333,-115.718125
Palafoxia arida,-2301.2956246925805,-4637.284704153361,3713.4057346421882,627941113,35.6519472222,-116.3933333333
Palafoxia texana,-842.1012370710127,-5647.094296703952,2826.825894945532,111150278,26.34028833,-98.48151333
Palafoxia texana,-716.7585070394027,-5681.8596330471455,2791.501653700646,124884063,25.986345,-97.1898033333
Palafoxia texana,-814.6502599347384,-5658.599338789109,2811.8235376212992,14202251,26.18983578,-98.19239797
Palafoxia texana,-903.1859570501548,-5628.8925591490715,2844.2181375944137,180287478,26.5149533333,-99.1157138333
Palafoxia texana,-809.7118128225725,-5664.565218849981,2801.2177336380123,182033175,26.0835916721,-98.1349416667
Palafoxia texana,-712.8755805004678,-5678.27788568605,2799.7717387909174,244460683,26.0691138333,-97.1557221667
Palafoxia texana,-713.6063642575839,-5676.249602355853,2803.695692888856,252855254,26.1084060883,-97.1655144264
Palafoxia texana,-847.8286976200001,-5648.788000129109,2821.725315966597,290611719,26.28911481,-98.53582959
Palafoxia texana,-789.4161530143967,-5646.663030173386,2842.8457381135736,331274666,26.5011611111,-97.9584972222
Palafoxia texana,-900.0815590511182,-5630.400158084439,2842.2175104267203,339854266,26.4948481549,-99.0825130128
Palafoxia texana,-866.7469854694893,-5643.134265906856,2827.284642515655,346770891,26.344892,-98.732003
Palafoxia texana,-901.2253755620721,-5630.538272144154,2841.581376283347,349094215,26.4884561013,-99.0936429127
Palafoxia texana,-821.8408569591438,-5657.715831999987,2811.5089009012218,372399016,26.1866825,-98.2649873
Palafoxia texana,-901.1000097330208,-5630.355400121768,2841.9834571046013,396666868,26.4924962804,-99.0926894496
Palafoxia texana,-747.8225637080744,-5661.494262116653,2824.5348754983925,412686196,26.3173,-97.5245966667
Palafoxia texana,-981.6809938796124,-5535.969746324178,2996.5137282709698,42355045,28.0560983602,-100.05560066
Palafoxia texana,-904.2151986772163,-5626.718075452331,2848.190952786798,492909864,26.5548883333,-99.1293945
Palafoxia texana,-847.572564040202,-5650.102129723496,2819.1700555407765,538127951,26.2634866667,-98.5313333333
Palafoxia texana,-821.872920584855,-5656.833343209239,2813.2747038358957,55966721,26.2043804303,-98.2665769012
Palafoxia texana,-713.5785068446397,-5675.803686480108,2804.605383433758,58197475,26.1175170995,-97.1657946907
Pandorea pandorana,-4420.952498263666,2554.060044522882,-3810.7360741391494,149547939,-36.7365861111,149.9842372843
Pandorea pandorana,-4640.988895035649,2586.30449471982,-3515.964201527837,149780784,-33.495349884,150.8701934814
Pandorea pandorana,-4705.186882697503,2530.729461796135,-3470.789235860603,150601083,-33.0095350285,151.7259919414
Pandorea pandorana,-4915.71195043931,2490.9170983910367,-3197.0081574698506,152648694,-30.11953235,153.127499996
Pandorea pandorana,-4494.052267555501,2564.6484087507897,-3716.964606456285,221628603,-35.691345,150.2876283333
Pandorea pandorana,-5107.522711592794,2639.674506265361,-2745.010634080303,226092350,-25.5221281894,152.6691339599
Pandorea pandorana,-4525.749283421521,2568.1414189120983,-3675.866728508419,246162240,-35.237552994,150.4272087013
Pandorea pandorana,-4791.9740554650325,2502.243820214827,-3371.27774673404,248007756,-31.9486611117,152.4276111117
Pandorea pandorana,-4635.340173497112,2555.818975641007,-3545.5837275961426,422883605,-33.8153633333,151.1286778333
Pandorea pandorana,-4105.040193870367,2809.463672036128,-3980.617039090228,567071778,-38.6676332057,145.6125071128
Pandorea pandorana,-4158.869851970207,2850.206578050005,-3894.852647596726,583826094,-37.6864583333,145.5759116667
Pandorea pandorana,-4937.167835088753,2606.7565370774873,-3069.030344301968,591478127,-28.797675,152.1665638889
Pandorea pandorana,-4499.906205897068,2571.0053493196815,-3705.472812149088,603122301,-35.5641972222,150.2586666667
Pandorea pandorana,-4936.761585433703,3499.855503766886,-1992.2724791092655,711254056,-18.22257,144.6657416667
Pandorea pandorana,-4926.538166604997,2485.9232550728952,-3184.20482892503,725541720,-29.9865055773,153.2245618158
Pandorea pandorana,-4634.497468121133,2570.1217957686017,-3536.3343029995663,725660704,-33.7153033333,150.9888616667
Pandorea pandorana,-4778.629767105856,2492.4047065222194,-3397.406283845539,727765287,-32.2260083333,152.4546666667
Pandorea pandorana,-4742.557606239045,2548.4043453568142,-3406.396303096297,95517693,-32.3216304717,151.7487229788
Pandorea pandorana,-4639.245762283911,2605.307298968708,-3504.2154278452376,96424534,-33.3687422253,150.6823077941
Pandorea pandorana,-5009.81506826234,2601.8421982413893,-2953.2902476626746,99297481,-27.6165133866,152.5549389064
Paspalum dilatatum,4822.998607982817,2580.1074351531606,-3266.7236155115143,112709033,-30.8470633333,28.1449633333
Paspalum dilatatum,4251.542790040702,-126.89451515130634,4743.2093371634855,157294690,48.1160802298,-1.7095823216
Paspalum dilatatum,4847.220973416067,3029.236973871478,-2813.8808291544265,15748568,-26.210456,32.003036
Paspalum dilatatum,-5033.976250547929,361.6653196264719,-3888.191666466087,175563525,-37.6108006921,175.8906534117
Paspalum dilatatum,4627.693532160107,-136.16517863517583,4376.718490628361,222690538,43.3910630008,-1.6853838041
Paspalum dilatatum,-1903.586705019246,-5083.876409561857,3334.7130968723286,234044433,31.5619357328,-110.5277127028
Paspalum dilatatum,-762.678651824255,-5470.706087560193,3174.814846138403,280424925,29.8890567312,-97.9365302511
Paspalum dilatatum,4842.1348701641655,2115.7373763625196,-3559.092353828479,339596166,-33.96171,23.60259
Paspalum dilatatum,-5121.555095573653,487.88477864108035,-3757.8444586559644,340268530,-36.1453055556,174.5583638889
Paspalum dilatatum,-4779.240244320756,511.0552795428018,-4181.79845497051,340392317,-41.0243206,173.8964223
Paspalum dilatatum,298.06367621640834,-5305.202315938986,3515.07319433798,436129879,33.4857416931,-86.7843157371
Paspalum dilatatum,2686.9279441805324,-4768.0993321922715,-3261.196116581588,448594997,-30.7891801859,-60.5977924168
Paspalum dilatatum,4885.154494576716,265.6087506463005,4080.988934728255,493647149,39.8333034898,3.1121413037
Paspalum dilatatum,4385.3051283900195,776.4650037728145,4555.870296497664,535865700,45.650905,10.0407638333
Paspalum dilatatum,5048.3965154024645,2684.8624444064562,-2809.7970402798637,59492463,-26.1695277778,28.0051527778
Paspalum dilatatum,-4029.457327623257,3091.1276044959895,-3846.837260304049,635950738,-37.14279,142.507015
Paspalum dilatatum,4687.115500586873,713.3603124038507,4255.798218727337,668552181,41.912459937,8.6537796107
Paspalum dilatatum,-703.781421579009,-5272.183873079137,3506.9248707039524,689647384,33.39792347,-97.60343707
Paspalum dilatatum,4840.504129129332,-306.30952061542354,4131.034662543959,724755195,40.4219341887,-3.6208775413
Paspalum dilatatum,4926.500854433624,-790.2239747550847,3961.677489481505,94122143,38.449814886,-9.1127718675
Pedicularis sylvatica,3891.4196787707597,1018.2259918679614,4940.629701043948,135708065,50.8491381817,14.6632290248
Pedicularis sylvatica,3442.097889183017,-447.70820611336075,5342.403261935401,203661865,56.9872166667,-7.4107666667
Pedicularis sylvatica,3952.9487696388896,2.4528603656725814,4996.393012740677,205132013,51.6503416667,0.0355528333
Pedicularis sylvatica,4810.013704232188,-332.9476364735679,4164.4528051285015,328747385,40.8178747281,-3.9596798155
Pedicularis sylvatica,4826.67495179274,-704.0565665802461,4098.446826600196,370483208,40.0380629073,-8.2990799099
Pedicularis sylvatica,3994.6538778444915,382.2688031287367,4948.369841478498,378493130,50.95952,5.46628
Pedicularis sylvatica,4834.520760608028,-471.82063552003365,4122.44435169535,382232994,40.32053228,-5.5740770046
Pedicularis sylvatica,3993.1618940320946,-251.6199955412626,4957.932895428423,385534697,51.09626156,-3.60559587
Pedicularis sylvatica,3430.087549839788,-364.9707236293216,5356.4026081881675,389987170,57.2190200041,-6.0735761354
Pedicularis sylvatica,3334.6162006436234,-393.43365648545097,5414.360339137672,399474726,58.19465033,-6.72891677
Pedicularis sylvatica,4045.3725663070163,-285.47256429164776,4913.5750064983,400578006,50.465345,-4.0365388333
Pedicularis sylvatica,4649.407796285889,-232.1044659683057,4349.584783676598,402539801,43.05618735,-2.8579070855
Pedicularis sylvatica,3394.6239656856737,-376.2604504940945,5378.1697011775195,410238934,57.5823654829,-6.324852705
Pedicularis sylvatica,4649.136960887401,-731.3287473440646,4294.232982954727,500932188,42.37864927,-8.93961109
Pedicularis sylvatica,3696.063881582382,-188.9112481909154,5185.86323125153,50097144,54.4864683596,-2.9259252548
Pedicularis sylvatica,4586.004188606759,-678.6252032422084,4370.101434209871,501580177,43.3092274511,-8.4173985198
Pedicularis sylvatica,4670.388462765241,69.43273542050686,4332.71321827314,543463556,42.8488835023,0.851729934
Pedicularis sylvatica,4672.8169234196885,-176.2350238957466,4327.063247311329,663143338,42.7796167986,-2.1598833615
Pedicularis sylvatica,3681.2702761655582,-542.9409633653027,5171.384475534317,75173565,54.2629241474,-8.3899201774
Pedicularis sylvatica,3428.5126481963057,-109.15643251058147,5368.718564432015,97529425,57.4241602253,-1.8235578015
Pelargonium betulinum,4895.016385664625,1919.2112732550981,-3597.943273922313,150222339,-34.3840178792,21.4088810565
Pelargonium betulinum,4885.789408963619,1947.3545001396706,-3595.3616552055155,15177147,-34.35589,21.731
Pelargonium betulinum,4864.02948152995,2051.325935869226,-3566.935973257042,15251340,-34.0468,22.8668
Pelargonium betulinum,4864.8129579766555,2050.8873324486945,-3566.1196226685015,15260637,-34.03794,22.85911
Pelargonium betulinum,5005.245414352319,1674.386203971105,-3568.431351691349,157916345,-34.0630320132,18.4964432923
Pelargonium betulinum,4981.72844820928,1697.4472194048021,-3590.3771021042753,158134096,-34.3016077707,18.8157525659
Pelargonium betulinum,4947.419250775687,1757.7987640747788,-3608.7309946501623,159801226,-34.501657337,19.5599274337
Pelargonium betulinum,4905.120210708208,1894.157217518469,-3597.4598376496147,161476167,-34.3787499081,21.1145257205
Pelargonium betulinum,5005.041897664457,1673.8469970679193,-3568.9697340699763,165123392,-34.0688768,18.4915927
Pelargonium betulinum,4947.82059118079,1758.6567380747595,-3607.762603718414,165171944,-34.4910903168,19.5672826613
Pelargonium betulinum,5034.431009505476,1679.5628435783347,-3524.6739132405105,165294705,-33.5893274625,18.4494837742
Pelargonium betulinum,5003.347035018222,1663.7189194826506,-3576.074794213242,165421683,-34.1460485841,18.3930595746
Pelargonium betulinum,5004.0636806239045,1658.0824388270814,-3577.6895387933573,165950474,-34.1635970001,18.33247
Pelargonium betulinum,4865.691540865064,2049.213597201367,-3565.8831433288196,167449883,-34.03537362,22.8386688
Pelargonium betulinum,4925.427155766267,1832.796729053613,-3601.4964407712578,172065761,-34.4227466667,20.4106966667
Pelargonium betulinum,5007.235325987569,1665.8894876344652,-3569.6161887307408,451950257,-34.0758953739,18.402101621
Pelargonium betulinum,4882.096061738978,1983.4568904058037,-3580.6130672738054,465400862,-34.1953780556,22.1105097222
Pelargonium betulinum,5033.244980356117,1678.6608717867177,-3526.7968150900965,49252988,-33.6122490334,18.4442974479
Pelargonium betulinum,4886.90369824699,1992.077328731236,-3569.2510825231043,59165663,-34.0719313355,22.177572362
Pelargonium betulinum,4871.00724783053,2044.5781546298736,-3561.283713897305,63679681,-33.9854739709,22.7699571666
Penstemon davidsonii,-2180.991425806311,-3647.186738848016,4746.6892064056565,102115332,48.1629771092,-120.8791199973
Penstemon davidsonii,-2391.5792800438835,-3579.751744611791,4696.32613048658,108723227,47.48836333,-123.7463
Penstemon davidsonii,-2182.959795324993,-3430.131034067803,4904.960830709767,139825540,50.3437987043,-122.4729653615
Penstemon davidsonii,-2546.0865720792062,-4046.801309395883,4210.77136157108,22339476,41.370605,-122.1764716667
Penstemon davidsonii,-2132.4426698111965,-3542.6842077672604,4846.837112353002,247316928,49.5316380129,-121.0449346032
Penstemon davidsonii,-2409.0215786397494,-3914.5621097325115,4411.6404717941405,298556646,43.8248034893,-121.6081421917
Penstemon davidsonii,-2264.4322138649754,-3475.523881011944,4835.5799684219555,396243011,49.3759022287,-123.0857295327
Penstemon davidsonii,-2359.594618595423,-3599.3472741780865,4697.52760134943,402646588,47.504355751,-123.2473184411
Penstemon davidsonii,-2411.2249472103113,-3358.176326184335,4847.514739109429,441587360,49.541028394,-125.6789588386
Penstemon davidsonii,-2192.103910097116,-3572.582830802873,4798.029334431679,456373688,48.8599367945,-121.5328948338
Penstemon davidsonii,-2204.7321421487172,-3645.133577796022,4737.28936324115,531536077,48.0363971667,-121.1673366667
Penstemon davidsonii,-2211.9242255079084,-3457.9416591968334,4872.348902929645,552904186,49.8864298924,-122.6056240053
Penstemon davidsonii,-2211.289021630289,-3431.009548228286,4891.638526348929,553348120,50.1564305,-122.80182
Penstemon davidsonii,-2477.949699141732,-3932.1792688855185,4357.463093997216,559283276,43.1532297597,-122.2179864251
Penstemon davidsonii,-2475.7470207059228,-4395.754534964767,3890.7289660781903,570494840,37.6396111,-119.3887861
Penstemon davidsonii,-2196.8525849880416,-3545.456689018251,4815.945256728375,683906443,49.1054416667,-121.7833783333
Penstemon davidsonii,-2405.8986134566553,-3328.5934830727992,4870.5102829056905,688263225,49.8607732587,-125.8593041145
Penstemon davidsonii,-2236.2523082538623,-3457.5261969770827,4861.526647126795,694183196,49.7356083333,-122.893905
Penstemon davidsonii,-2288.148345421174,-3709.7798865504233,4646.683061321238,697204149,46.8317694444,-121.6657944444
Penstemon davidsonii,-2141.563102310052,-3587.9223714656673,4809.394313719531,88312944,49.0155326257,-120.8321793921
Petasites hybridus,4028.9435343885,-226.8804202747034,4930.100648189903,181198732,50.699401701,-3.2230721954
Petasites hybridus,3684.698502557461,867.7537301628827,5124.427142492773,183562671,53.5461083333,13.2518033333
Petasites hybridus,4351.245548880614,1092.5400827495375,4523.579497545027,187694253,45.2370001907,14.0948316827
Petasites hybridus,1335.0887483351696,-4276.5283781189655,4529.745709737958,190307293,45.3158050795,-72.6621661482
Petasites hybridus,4048.360363107565,774.6923661560857,4858.022564574654,261470774,49.686875,10.83313
Petasites hybridus,4539.962199869361,893.4997172297557,4379.515339480516,262780326,43.4256858826,11.1339569092
Petasites hybridus,711.76470397802,-4707.658081340555,4233.331964899218,263122390,41.6415306319,-81.4023992792
Petasites hybridus,3841.0540339468303,1590.2592324383086,4827.746121289203,336701254,49.267816301,22.4903554338
Petasites hybridus,765.6295905820824,-5008.179412332137,3862.86207799283,34280185,37.3237977969,-81.3081555907
Petasites hybridus,4689.515974825181,1305.7085524801466,4110.1482001890245,359944482,40.1756502031,15.5588728935
Petasites hybridus,3997.5741735390216,901.1460414527817,4878.226078064159,364373479,49.9685333333,12.7034616667
Petasites hybridus,4128.499586775372,881.0014552374329,4771.695791596792,415315370,48.5012527778,12.0459583333
Petasites hybridus,3784.065621591405,-414.90769222638374,5108.664415294752,461869875,53.3081980148,-6.257257995
Petasites hybridus,3578.0804187331714,1548.648542600917,5038.728146889425,478275143,52.2681881504,23.4037072957
Petasites hybridus,3245.2264533090365,788.2923997911982,5425.574023903104,480769017,58.38651638,13.6531862593
Petasites hybridus,3836.7567110466107,1279.1702307376395,4922.679614875505,605122730,50.5941518467,18.4383266047
Petasites hybridus,2428.970952778138,1157.3136449300193,5774.987304531179,611918549,65.0189971667,25.47605
Petasites hybridus,3618.013747842091,-472.78393071173093,5222.662635568549,622925715,55.0602179918,-7.4449405074
Petasites hybridus,4022.9032294470967,253.5607362692883,4933.731821775899,624166225,50.7509874731,3.6065414877
Petasites hybridus,1552.5937268038872,-4508.081145603254,4225.684587593247,69166393,41.5495677252,-70.9961720254
Phacelia imbricata,-2406.7873852798707,-4749.779888748074,3498.102145475379,10147923,33.3029368631,-116.872042268
Phacelia imbricata,-2684.004054715677,-4203.046724811032,3964.8800225230652,125313335,38.4866,-122.561705
Phacelia imbricata,-2665.4777378043523,-4301.676711931982,3870.4727133735073,185740631,37.4099162458,-121.7838839703
Phacelia imbricata,-2665.60810731459,-4291.470545336114,3881.696421206677,18593217,37.5370995795,-121.8461090326
Phacelia imbricata,-2644.5198442023097,-4303.686832015126,3882.5954689147356,198020779,37.5472966667,-121.5698
Phacelia imbricata,-2696.2529730769006,-4355.342112917721,3788.267165116105,203313189,36.4848530246,-121.7603246962
Phacelia imbricata,-2409.868514964016,-4746.045369084143,3501.048446516776,21306160,33.334645601,-116.919796737
Phacelia imbricata,-2381.2858591323966,-4696.138736056986,3586.8526256982755,236895761,34.263247074,-116.8883423506
Phacelia imbricata,-2382.344949542733,-4793.268269885567,3455.2517945837026,238975852,32.8430633333,-116.428245
Phacelia imbricata,-2653.680851377734,-4313.709783859593,3865.1829153796343,274224430,37.3500488534,-121.5987366377
Phacelia imbricata,-2659.308701897243,-4327.875552962666,3845.428917007716,275650673,37.1269028333,-121.5690833333
Phacelia imbricata,-2444.2368581489795,-4656.281844349997,3596.45640831639,291152530,34.3678166667,-117.6964716667
Phacelia imbricata,-2681.2798048289924,-4207.197999469849,3962.3196149667856,355968,38.457189,-122.509677
Phacelia imbricata,-2698.2214972935026,-4386.1662790627,3751.1197333108307,3685184,36.0704495525,-121.5984268953
Phacelia imbricata,-2635.546107214619,-4379.679037398286,3802.901704724607,418406598,36.6487194444,-121.0381388889
Phacelia imbricata,-2380.013847881334,-4736.289257076732,3534.522780640982,515850495,33.69572,-116.6798033333
Phacelia imbricata,-2682.242120189743,-4251.029305209481,3914.598342692091,57194781,37.9111918901,-122.2504085397
Phacelia imbricata,-2681.400340224722,-4208.747948832812,3960.591628572147,658225668,38.4373466667,-122.50128
Phacelia imbricata,-2380.3925537591945,-4792.4611810521665,3457.716044991735,668204425,32.869445,-116.413371
Phacelia imbricata,-2661.350763149063,-4269.341604329248,3908.9240860762056,72894212,37.8465408551,-121.9378981244
Philotheca spicata,-2240.733834065579,4786.530802776534,-3557.8066120325643,436390853,-33.94777,115.0858528333
Philotheca spicata,-2375.6518911071003,4834.672931406017,-3401.759672329403,527782714,-32.2723004673,116.168486212
Philotheca spicata,-2373.937561387062,4995.897819811041,-3161.5152313914878,537342007,-29.7511966142,115.4160090318
Philotheca spicata,-2363.7994319568857,4978.765636486888,-3195.950267462723,559256042,-30.108534077,115.3972549736
Philotheca spicata,-2240.6264220008593,4786.792703190562,-3557.521887970706,562237093,-33.9446833333,115.0835945
Philotheca spicata,-2295.5062378551215,4758.560960448528,-3560.407536693074,566555358,-33.9759715636,115.7524312233
Philotheca spicata,-2363.6650409222775,4867.020436423481,-3363.7706187306394,570962098,-31.86913,115.903495
Philotheca spicata,-2335.2816831973105,4801.701627828889,-3475.611322789988,573152766,-33.0612638333,115.9357216667
Philotheca spicata,-2353.307282214672,4861.37181702188,-3379.165876635566,573567052,-32.0323028333,115.8308333333
Philotheca spicata,-2373.1363092189367,4851.065517077428,-3380.1095450541943,573756366,-32.042314127,116.0678331926
Philotheca spicata,-2234.866936796776,4787.354060320785,-3560.388181872888,574162976,-33.9757616667,115.0244445
Philotheca spicata,-2373.7593532714304,4870.0052535658615,-3352.3228503046566,578801973,-31.7479833333,115.9857333333
Philotheca spicata,-2352.7973305411942,4817.866704791447,-3441.258238775124,578810396,-32.6934,116.0284945
Philotheca spicata,-2355.7200472854156,4815.171515687237,-3443.0305637634574,581560770,-32.7123414,116.06920661
Philotheca spicata,-2375.6914449093797,4861.022175152687,-3363.9718638739614,591483738,-31.8712611111,116.0458055556
Philotheca spicata,-2375.8129571918303,4854.643740846895,-3373.0846522986817,592572746,-31.9678138889,116.0766527778
Philotheca spicata,-2368.096904170699,4848.922273571191,-3386.712708069549,617143553,-32.1123971667,116.0297695
Philotheca spicata,-2352.3422048908055,4977.024077138412,-3207.096914087792,621375760,-30.224481,115.297306
Philotheca spicata,-2342.232061665072,4835.50206308,-3423.6854261065932,722377381,-32.5058104607,115.8447306549
Philotheca spicata,-2402.935365133602,4838.5796260158095,-3376.9515784761247,98872701,-32.0088158379,116.4099135595
Phryma leptostachya,-522.2925426666975,-5450.762707315228,3256.708390091713,204196853,30.742211,-95.473376
Phryma leptostachya,616.3099662906559,-5162.261943383965,3682.5217966792598,216220305,35.3108633333,-83.19182
Phryma leptostachya,371.2359755314703,-4901.710815277877,4052.797560147374,292750839,39.5039350519,-85.6689151036
Phryma leptostachya,505.6986140663112,-5251.528647793346,3571.4799317390307,296855085,34.0961333333,-84.4996333333
Phryma leptostachya,398.03197028994674,-4790.495651327433,4181.204981212652,297162663,41.0172464693,-85.2503269147
Phryma leptostachya,-659.0579984391248,-5164.813295445459,3671.5254741810895,297271141,35.1897666667,-97.27195
Phryma leptostachya,-199.12374846008794,-4956.105576073452,3998.3897235374993,297861648,38.8726360764,-92.3007616095
Phryma leptostachya,1173.039465112973,-4909.159886150813,3887.657489436619,302701061,37.6047366667,-76.5612116667
Phryma leptostachya,-2172.993961839768,4330.132288581459,4137.366884247715,303094079,40.4967790738,116.6489096321
Phryma leptostachya,-3092.63584705982,4053.78264979935,3819.9741982562896,308402915,36.8403260506,127.3400552883
Phryma leptostachya,42.11783564711754,-4559.739989932207,4449.3539353271135,311072826,44.2967833333,-89.47078
Phryma leptostachya,-386.45878772611144,-5074.148005597493,3833.2003277102144,403308527,36.989095,-94.35537
Phryma leptostachya,-3105.88955547692,3450.5740126600076,4363.11152527783,43579378,43.222900196,131.9906336535
Phryma leptostachya,1128.074371456479,-4517.039681452161,4348.971586286471,541420643,43.0486406327,-75.9779107564
Phryma leptostachya,171.16433610114106,-4651.1503406541315,4350.546679252787,542000716,43.0680274226,-87.8924416916
Phryma leptostachya,320.7968402870792,-4496.352069622929,4502.183979241281,554512014,44.9644055556,-85.9190888889
Phryma leptostachya,-418.26826447774533,-4611.699348637434,4375.732385142546,689888727,43.3788604736,-95.1823883057
Phryma leptostachya,-309.33153701608364,-4469.184509121606,4529.951098335629,704115089,45.3184318542,-93.9593734741
Phryma leptostachya,1254.4799288976528,-4685.166196004345,4131.010887602278,713505733,40.4216533333,-75.01034445
Phryma leptostachya,43.7548669167991,-4735.252362503043,4262.068007987189,82341259,41.988275,-89.47058833
Physalis longifolia,805.1618229687392,-4800.28643547509,4110.8049948769085,10126050,40.1833812,-80.4782966
Physalis longifolia,-1425.0067602303686,-4953.450979099872,3744.653823870733,142721521,35.9985416667,-106.0494471667
Physalis longifolia,863.3104586402007,-4830.345963537056,4063.521385968229,146814657,39.6290398997,-79.8667224467
Physalis longifolia,-2071.9121784879385,-4125.161993752865,4390.8964437353425,181849129,43.5667802374,-116.6686405027
Physalis longifolia,-466.18791924709745,-4519.332785268959,4466.324342187725,219424971,44.5104063246,-95.8894667161
Physalis longifolia,543.0382528814786,-4669.672722408114,4299.885957927543,24129325,42.447507812,-83.3668431267
Physalis longifolia,1153.4933935761483,-4739.014736457918,4098.895637642938,308401214,40.043335,-76.320017
Physalis longifolia,-544.0705147143696,-4588.810877355801,4385.9497416816075,336186499,43.5054142387,-96.7616846733
Physalis longifolia,832.6609498887939,-5010.652143077453,3845.7501184139683,349941615,37.130525932,-80.5649128888
Physalis longifolia,1131.549039527518,-4814.950780453597,4015.669169967949,41110754,39.0725180538,-76.7750472855
Physalis longifolia,-92.20763519252036,-5319.103736889508,3505.4794704715823,42624472,33.382355,-90.9931333333
Physalis longifolia,627.7483659094024,-4614.486915733997,4347.665537192948,48697899,43.0325699738,-82.2531176918
Physalis longifolia,1026.5930908805158,-4836.24930506489,4018.277294400323,50122927,39.1027369676,-78.0156821664
Physalis longifolia,-496.2548233057285,-5030.77364126088,3877.4735138254623,519406736,37.48922159,-95.63364986
Physalis longifolia,78.42980582488156,-5111.5427655881695,3802.06949578765,546570847,36.6393916667,-89.1209416667
Physalis longifolia,-1766.2476141372356,-4412.516461437827,4242.619588505687,547674192,41.753395,-111.8153
Physalis longifolia,-971.8619690810652,-4479.410649293789,4424.942675077803,61341603,43.9908502725,-102.2412852222
Physalis longifolia,936.2787847492751,-4922.727225721226,3934.449367833935,62950585,38.1378183894,-79.2312422621
Physalis longifolia,712.5753239826431,-4606.736822365399,4342.806165003362,715680550,42.9728133333,-81.2071083333
Physalis longifolia,973.115522689889,-4553.254174186821,4348.640676628469,90935257,43.0445684609,-77.9363082562
Pigea calycina,-2390.6287800409405,4888.955867133378,-3312.515312408309,224982624,-31.3279426098,116.0579651108
Pigea calycina,-2332.359808872666,4983.177993021703,-3212.1313705228636,225741473,-30.276894,115.081787
Pigea calycina,-2362.0781266607523,4869.888283318277,-3360.7332773113126,299138055,-31.8369716667,115.8751216667
Pigea calycina,-2318.9419767470104,4819.420845738597,-3461.999992752509,321266981,-32.9153266015,115.6952830777
Pigea calycina,-2243.662261358953,4806.127934620712,-3529.428716193248,329861038,-33.6406748789,115.0247495995
Pigea calycina,-2353.704069428262,4889.924067430796,-3337.4350777199156,429168372,-31.5906692415,115.703258719
Pigea calycina,-2381.1457950882345,4874.213893018665,-3340.9484816912227,429593760,-31.6277702011,116.0363851397
Pigea calycina,-2340.252166432344,4932.825063228488,-3283.3229848388387,47697017,-31.0211,115.3808
Pigea calycina,-2321.7621333423863,4836.235618749725,-3436.5678759179646,52942683,-32.6432919782,115.6445590686
Pigea calycina,-2358.6478741444153,4866.605560615436,-3367.8900891891326,549737116,-31.9127634866,115.8576010374
Pigea calycina,-2340.7378005161013,4935.670012418916,-3278.6980964128347,556888642,-30.9725783333,115.3726116667
Pigea calycina,-2353.7195218884385,4874.973311725826,-3359.225022519277,560353546,-31.8210069445,115.7720357876
Pigea calycina,-2346.992584572679,4849.196460701285,-3400.9811265516337,566133884,-32.26402,115.826805
Pigea calycina,-2345.1967777048176,4847.303604197723,-3404.916000763034,569826732,-32.3058783333,115.81838
Pigea calycina,-2344.7754437893527,5002.019636631382,-3173.575397345072,571417018,-29.8762009061,115.1155743257
Pigea calycina,-2354.578764132536,4884.222640241707,-3345.157869775933,574089149,-31.67224013,115.73771677
Pigea calycina,-2361.867065852133,4868.0369100060825,-3363.5626552420445,588669200,-31.8669277959,115.8816664445
Pigea calycina,-2375.6452829203536,4860.91457846101,-3364.1599367926797,591483602,-31.8732527778,116.0458666667
Pigea calycina,-2340.078682217335,4934.886018688109,-3280.3482853602677,708324932,-30.9898883333,115.3698883333
Pigea calycina,-2352.2306953133443,4977.081794307821,-3207.089131669524,78415071,-30.2244,115.296
Pimelea prostrata,-4558.553855107583,587.4755152456964,-4411.82642436758,11146345,-43.8271214842,172.656583786
Pimelea prostrata,-4762.843828092908,437.67321189966475,-4208.742562626058,123966459,-41.3462969335,174.7496499494
Pimelea prostrata,-4761.837810037542,439.8710918947162,-4209.651674793254,127658304,-41.3571883437,174.7223240557
Pimelea prostrata,-4751.517922775795,496.48097466784094,-4215.01330970742,160003199,-41.4214593032,174.0348720085
Pimelea prostrata,-4289.895900042772,879.9209437976184,-4627.341075514097,174283426,-46.5781126577,168.4085641449
Pimelea prostrata,-4771.745413251646,441.68558818540805,-4198.227326143574,247301876,-41.2204535952,174.7116175666
Pimelea prostrata,-5065.3501982781545,490.09983440379347,-3832.9861271335517,247400587,-36.9866833333,174.4735283333
Pimelea prostrata,-4805.1139938419,316.52163710030567,-4171.384265338009,248433046,-40.9002948282,176.2312670052
Pimelea prostrata,-4919.237619207311,398.0226946255295,-4028.9492811421756,344977069,-39.226522724,175.3741918404
Pimelea prostrata,-4536.169415901625,793.2488888201195,-4402.689673404405,448983682,-43.7133333333,170.0808721667
Pimelea prostrata,-4947.44727795251,307.9399897493719,-4002.210829562941,466510001,-38.9167886358,176.4383793911
Pimelea prostrata,-4613.528945769085,668.9969348920655,-4342.527708297698,47668374,-42.9693908567,171.7491841626
Pimelea prostrata,-4905.826060199282,394.56883035652766,-4045.607399990526,481001308,-39.4201801842,175.401677508
Pimelea prostrata,-4557.893956101265,592.1237387849918,-4411.88681774366,52744894,-43.8278743382,172.5980632317
Pimelea prostrata,-4762.228107665917,439.35032915855294,-4209.264528216587,528510840,-41.35255,174.7289666667
Pimelea prostrata,-4343.382793009307,931.9361051381294,-4566.866993794332,59353869,-45.7925600108,167.8899674285
Pimelea prostrata,-4972.909292020356,385.48488489556394,-3963.75172110112,612096391,-38.4736379,175.5674685
Pimelea prostrata,-4919.206697979146,397.85788557750004,-4029.003312870112,623466111,-39.22715,175.37607
Pimelea prostrata,-4759.196230428865,427.2230016492515,-4213.939353717721,68578801,-41.4085804932,174.8704278074
Pimelea prostrata,-4805.066411075584,316.5491902306522,-4171.436985619578,91041019,-40.900922104,176.2309026675
Platanthera lacera,998.0286228826861,-4435.866630429085,4462.821891430359,10380448,44.4662535995,-77.320125103
Platanthera lacera,1661.9577721010503,-4242.90069643488,4452.577138424753,140648511,44.3372970029,-68.609562479
Platanthera lacera,-167.4508004128158,-5111.364524860701,3799.4297010359437,185290190,36.6098111111,-91.8763666667
Platanthera lacera,1263.056338202019,-4681.55729628403,4132.488729302828,210150954,40.4391134322,-74.9014233395
Platanthera lacera,1094.6519804336606,-4813.932027893992,4027.1017620897705,212149086,39.205077506,-77.1892093473
Platanthera lacera,924.7381994591652,-4819.391052101287,4063.0139402990617,224994870,39.6231149118,-79.1381810233
Platanthera lacera,831.5289245099967,-4491.217735698983,4441.539826222836,30370311,44.1986806073,-79.5107192939
Platanthera lacera,1442.4782858267797,-4365.095620460584,4410.776547143541,304733676,43.8140354024,-71.7134782512
Platanthera lacera,715.2172141623204,-4745.217322963277,4190.600198550626,31450038,41.1293256575,-81.4286802518
Platanthera lacera,367.8759517047213,-4995.785015891921,3936.5660783002927,384891977,38.162025,-85.7884966667
Platanthera lacera,1389.4904046175104,-4413.4367502419245,4379.571394185429,408247121,43.42638,-72.5243383333
Platanthera lacera,74.49605492999778,-5211.447119018002,3664.0172479337853,661654473,35.1071861667,-89.18103
Platanthera lacera,592.1181029846513,-5134.211865236199,3725.455382186603,680598481,35.7854191598,-83.4212596853
Platanthera lacera,1272.4035676399242,-4618.809798459766,4199.683123330459,693359467,41.2378617,-74.5980239
Platanthera lacera,610.0340053489823,-4645.790187104535,4316.740110245058,696014148,42.6532583333,-82.5193472222
Platanthera lacera,1273.2844630688057,-4657.055956002157,4156.961586116698,698091802,40.7289136723,-74.7084921504
Platanthera lacera,-91.27898346198587,-4354.663568950634,4649.551212548337,699864385,46.8694851429,-91.2008125708
Platanthera lacera,1345.6413779152172,-4466.925054651969,4338.845810563262,703871594,42.924155,-73.235305
Platanthera lacera,2027.301096915335,-4046.81087320271,4483.650872743287,707143205,44.7293230561,-63.3908412146
Platanthera lacera,703.6718127668174,-4347.015589111097,4604.134509071166,89887250,46.2753313519,-80.8050229459
Plumbago zeylanica,1489.9314505814498,5798.19374622342,2179.63452980111,171245892,20.0059450991,75.5887987465
Plumbago zeylanica,-1528.1499581232276,-5818.38952069387,2097.8213033156985,182076978,19.2248471561,-104.7158828901
Plumbago zeylanica,5561.249824803029,2317.177966569524,-2071.9410674655855,185175772,-18.9785388224,22.6197818985
Plumbago zeylanica,1058.557335963592,-6282.088026043918,-67.67221875129101,216543664,-0.6086014884,-80.4352788103
Plumbago zeylanica,966.5564921555083,-5585.346633383062,2908.5090101469477,221142459,27.1629388889,-80.182075
Plumbago zeylanica,4780.836946008966,2869.0951179825956,-3082.473751603009,302044804,-28.93572808,30.9689813887
Plumbago zeylanica,374.5501928981367,-6185.930629906863,1477.7440660200523,319682297,13.411798,-86.535044
Plumbago zeylanica,-2089.10223299562,5611.478914598806,2176.398258771395,342878364,19.9749746724,110.4198381671
Plumbago zeylanica,-1566.5504424728488,-5753.936745532857,2242.2945322308387,345700879,20.6068050957,-105.2300446794
Plumbago zeylanica,4936.736962248943,3501.326048828079,-1989.7480230020249,412207882,-18.19867,35.34575
Plumbago zeylanica,-1479.2322972860075,-5630.083075670516,2589.1677236887945,452240616,23.9787872245,-104.7210179382
Plumbago zeylanica,-2008.5691525503353,-5467.896737653782,2580.2147886282223,454336430,23.8906965677,-110.1702289328
Plumbago zeylanica,5097.877980764862,2898.6977446309097,-2489.7679828011865,526202367,-23.00406945,29.6229366667
Plumbago zeylanica,430.75038851406106,-6218.800087720533,1315.5731456059398,540374545,11.9169525008,-86.0376885664
Plumbago zeylanica,-2552.1962587611515,5379.341133579171,-2266.878107668379,543698370,-20.8431866667,115.3817216667
Plumbago zeylanica,1346.332467829219,5194.323520316469,3434.5516711840924,573836369,32.621761114,75.4691004753
Plumbago zeylanica,3539.961338673053,4954.275229192183,1874.4556019789452,578503039,17.1105583333,54.453185
Plumbago zeylanica,953.9522058245196,5492.720402603857,3083.788400247216,585713480,28.9492383333,80.1473916667
Plumbago zeylanica,506.6258389050995,-6246.9552274271955,1143.9553206096723,605549082,10.3439216667,-85.36348
Plumbago zeylanica,1652.8459061731053,5684.4501136732915,2354.75698221365,622816339,21.6912613366,73.7873553331
Portulaca amilis,-5483.356016908009,-2452.0982444558726,2123.622876372499,222306847,19.4707749509,-155.9063165635
Portulaca amilis,-132.90288955221325,-5426.6804318255445,3335.1505876748392,23746910,31.5665533333,-91.40293
Portulaca amilis,1059.6144183692752,-5108.339440068747,3656.7524634707643,285218169,35.0273627742,-78.2814149
Portulaca amilis,-168.02707901636637,-5304.346389293525,3524.972257023223,311334212,33.5925483967,-91.8143657215
Portulaca amilis,-758.8605495224169,-5465.070692236481,3185.4177316191754,320911097,29.9991,-97.9053416667
Portulaca amilis,1158.2130400275903,-5058.245258411693,3696.2752318169046,325522785,35.4625783333,-77.1030111667
Portulaca amilis,585.8804391941976,-5318.536073533453,3458.275766212174,431323309,32.8754383333,-83.713745
Portulaca amilis,1084.885008383143,-5039.67159409475,3743.5929094838057,433419136,35.9867494181,-77.8513896559
Portulaca amilis,-688.1572841401508,-5469.5713999304135,3193.7409699325235,448960190,30.0855692299,-97.1710219574
Portulaca amilis,998.0610850441291,-5070.265230626607,3726.397414567707,46075276,35.7958633333,-78.8639366667
Portulaca amilis,419.2101941619077,-5352.09748114195,3430.607598537343,524452086,32.5796576904,-85.5213753052
Portulaca amilis,721.4555720080169,-5604.476066283875,2942.635385117774,524543748,27.5084247,-82.6647426
Portulaca amilis,305.7769306752239,-5485.516599874197,3225.73421577924,532947762,30.4186515808,-86.8094863892
Portulaca amilis,-556.7317534982071,-5503.17908868308,3161.458967344904,535103936,29.7506138,-95.7767014
Portulaca amilis,480.0842654204996,-5333.071846258639,3452.190161392702,535945819,32.81029715,-84.85608661
Portulaca amilis,1022.0563358331569,-5141.895846657937,3620.2294234181613,543331314,34.627230092,-78.7578285987
Portulaca amilis,1206.9816205080238,-5097.143024279231,3626.5798608985356,551399515,34.6966638392,-76.6779856213
Portulaca amilis,1183.8696713404042,-4931.148928474041,3856.420098506789,556447799,37.2509803772,-76.4999389648
Portulaca amilis,759.4869696981897,-5579.250207468838,2980.7549035428974,726191848,27.8956237866,-82.2481413558
Portulaca amilis,770.5035801782524,-5110.0783434532195,3726.013511298682,89770154,35.7916068889,-81.4254666826
Primula pauciflora,-1309.7692753401163,-4670.487990408153,4130.472068239378,12732525,40.4152885289,-105.6653666496
Primula pauciflora,-1970.3360341691086,-3819.711858559153,4702.906586326668,278078301,47.5760136519,-117.2862079702
Primula pauciflora,-2074.904838912536,-3480.164420113912,4916.602347974461,278540608,50.5081351122,-120.8037712041
Primula pauciflora,-2035.201351317964,-4064.6007573044667,4463.936522061097,278673500,44.4803012726,-116.5977561917
Primula pauciflora,-1116.7038762685495,-3734.680105265847,5039.3342907308415,284317552,52.2770966854,-106.6471510381
Primula pauciflora,-1804.651085847197,-3389.249974428869,5083.893409470922,292215576,52.9369777778,-118.0336611111
Primula pauciflora,-1361.548179623637,-4933.143244581915,3794.7381217518578,315338009,36.557267,-105.429512
Primula pauciflora,-2118.7405387016192,-3745.3857890919066,4698.1674033827485,364699015,47.5128739537,-119.4965606553
Primula pauciflora,-2102.9245424506244,-3453.294162425925,4923.63899226896,365586763,50.6077450961,-121.3398219645
Primula pauciflora,-2280.6843714138286,-3552.523827186067,4771.56225831136,367933946,48.4994404266,-122.7000526304
Primula pauciflora,-2429.3802980389523,-2423.6610584840228,5367.842357108274,383685680,57.4095277778,-135.0675222222
Primula pauciflora,-1580.248825063288,-4253.850105618911,4471.83698936908,40460457,44.5799679065,-110.3793629382
Primula pauciflora,-1069.3187488602107,-4465.3879336123555,4416.630066618965,455741775,43.8870326063,-103.4669234932
Primula pauciflora,-1272.559152659825,-4622.470568713169,4195.606293974649,481700547,41.1891235393,-105.3921496578
Primula pauciflora,-2208.4189398776516,-4646.313217804054,3758.245920336565,501940949,36.1497766682,-115.4220051666
Primula pauciflora,-1715.8405744269364,-4393.795783794798,4282.546306011732,513586211,42.2365333333,-111.3313616667
Primula pauciflora,-860.3518206615681,-3960.30222792962,4915.847245167149,526159421,50.497458445,-102.2567133693
Primula pauciflora,-1311.268280503954,-4846.226471454878,3922.297491724924,528723374,37.999005,-105.1402833333
Primula pauciflora,-1111.0679780097018,-3898.789508883829,4914.7453080842615,531501482,50.4818820936,-105.9063690023
Primula pauciflora,-3004.261501579569,-1573.747853278917,5393.281343867044,674767361,57.8367633333,-152.3527216667
Primula vulgaris,4506.005396713736,811.3522204114355,4430.279457201041,265894677,44.057598114,10.2073144913
Primula vulgaris,3521.718369155411,-342.2940310356933,5298.121143796934,269459423,56.2632909289,-5.5514358134
Primula vulgaris,-4926.47735020536,274.89236447341113,-4030.3856187150645,330790051,-39.24319965,176.80626633
Primula vulgaris,4616.906439881755,-355.3870689218034,4375.8002795259035,337129455,43.3797005515,-4.4016713995
Primula vulgaris,4747.662229360451,-714.4244421992488,4187.965401238395,349120051,41.0978748498,-8.5576160198
Primula vulgaris,3716.5185185281694,1323.1298015090294,5002.656370317003,481507299,51.7412166392,19.5964027941
Primula vulgaris,3945.059242817945,-137.43094852627462,5000.737289112607,483068768,51.7133533163,-1.995161511
Primula vulgaris,3711.4801166999055,-283.77044788048744,5170.507016331029,484800467,54.2494156246,-4.3721850731
Primula vulgaris,3760.6014174676893,2543.4735072089957,4469.717287115978,490537014,44.5532105121,34.0723581193
Primula vulgaris,3718.1660322388348,3076.1893582794296,4159.5737183503725,530431602,40.7599202074,39.602331982
Primula vulgaris,4281.082155842287,1148.0960069481457,4576.457610798544,61054795,45.9163970214,15.012280224
Primula vulgaris,4366.693530412425,536.1496251255278,4608.0673086023235,61066565,46.3265254008,6.9998329596
Primula vulgaris,4459.704026005236,900.3485480682534,4459.839192403859,62179133,44.4286793024,11.4137581521
Primula vulgaris,4290.808472545303,780.206065284178,4644.350791801225,64861641,46.80112,10.30561
Primula vulgaris,4126.27089834436,1058.6367942730258,4737.396937239394,64960791,48.0378440168,14.3894542381
Primula vulgaris,3959.1147984821755,1014.4593230594197,4887.334183783088,64998501,50.09605,14.37191167
Primula vulgaris,4182.068347879098,3057.547645019084,3708.2960860459184,68108142,35.5954158303,36.1708723128
Primula vulgaris,2820.9768421574854,1328.0793301802541,5555.9020940290675,68726385,60.6989173615,25.2104483172
Primula vulgaris,3810.2181226327907,-209.72612392350703,5101.764982884072,78923879,53.204479726,-3.1505566967
Primula vulgaris,4840.52190372881,-742.6701473258229,4075.23519339315,85294010,39.7659529751,-8.7227395575
Prunus amygdalus,4426.6432235950415,3125.65931555503,3350.348749572438,111700368,31.7271083333,35.2259716667
Prunus amygdalus,4631.884985593148,257.36211827194694,4366.824859093021,128371740,43.2687456229,3.1802638862
Prunus amygdalus,4619.197264989947,486.25488478839503,4360.771255615943,179489168,43.1940245479,6.0092954031
Prunus amygdalus,4596.355042319326,329.1000986137014,4399.427983240047,181519059,43.6727649,4.0954023
Prunus amygdalus,4374.145458620546,3105.7833721492775,3436.671977624246,182598886,32.6444038114,35.3759718823
Prunus amygdalus,4745.77719490305,-638.5438454235871,4202.334316006669,271318218,41.269576,-7.663119
Prunus amygdalus,4891.296803429797,229.02713202834929,4075.8453458429644,347651564,39.773092,2.680825
Prunus amygdalus,5369.838935825554,-1622.7639586026976,3020.135769734437,352160127,28.2970953585,-16.814803582
Prunus amygdalus,4629.292107035498,205.0593069994389,4372.340151226707,473621113,43.336902134,2.5363181219
Prunus amygdalus,4667.523795663117,225.0080523879237,4330.513378683479,474159710,42.821905,2.75993
Prunus amygdalus,5381.762538997007,-1608.2650576830156,3006.6374253909926,476571697,28.1593159654,-16.638045589
Prunus amygdalus,4438.9912912748105,1382.421073951144,4355.91797672541,609009441,43.1341853838,17.2979909268
Prunus amygdalus,4236.883289536687,572.980728944816,4723.374451044518,611450338,47.8495851721,7.7017481222
Prunus amygdalus,4764.88781191357,141.16233991729817,4226.780153183274,615683153,41.5627343238,1.6969216615
Prunus amygdalus,4602.626131443817,2024.6417098333318,3912.3409578705077,61640946,37.8854650241,23.7441357866
Prunus amygdalus,4579.096420309064,360.89452571616476,4414.904783174634,616691441,43.865507908,4.5063646724
Prunus amygdalus,5035.311071843216,-533.839608952622,3866.576109604449,617234980,37.3658117217,-6.0518454015
Prunus amygdalus,4714.866840102637,-144.6276818343074,4282.390295550516,617726819,42.2346383333,-1.7569866667
Prunus amygdalus,4852.074704433572,-310.7342574475563,4117.106801325637,618469665,40.2576033333,-3.664305
Prunus amygdalus,4196.644616752678,2077.2892486435003,4320.0458872364225,621544395,42.6936941,26.3348635
Prunus ilicifolia,-2478.57978627542,-4640.1399564957455,3593.813650827765,136835367,34.3390283333,-118.109375
Prunus ilicifolia,-2668.964237755056,-4229.950870274543,3946.3779168150686,179946387,38.2743379684,-122.2506200304
Prunus ilicifolia,-2423.455010054295,-4694.048920400738,3561.2531048501514,18186591,33.9851419886,-117.3065122753
Prunus ilicifolia,-2621.464339756068,-4583.683125341,3564.7618225526494,18596667,34.0232056,-119.7657663
Prunus ilicifolia,-2464.7218760215005,-4658.45690209749,3579.6198813335964,190483077,34.18458,-117.8826666667
Prunus ilicifolia,-2464.9690879260093,-4685.573970295192,3543.8788204647753,277346445,33.7969109106,-117.7477911617
Prunus ilicifolia,-2503.3350192296252,-4618.938423744532,3603.952656297309,279523158,34.4495294,-118.45645005
Prunus ilicifolia,-2419.119042153307,-4780.168084874744,3447.84124778297,35399550,32.763775,-116.8427883333
Prunus ilicifolia,-2432.871049198463,-4767.9879786738675,3455.022752873111,375335136,32.8406116667,-117.0329971667
Prunus ilicifolia,-2419.70517677506,-4790.469776278398,3433.1005388320054,462176741,32.6062678102,-116.7987113714
Prunus ilicifolia,-2427.6949071333165,-4766.882431904571,3460.1853198862,500733597,32.8958883333,-116.9889966667
Prunus ilicifolia,-2637.401236791414,-4481.9790209488565,3680.4526761830384,504619417,35.2880633803,-120.4744999656
Prunus ilicifolia,-2682.862424567163,-4310.683375479212,3848.3777331351166,519333707,37.1601715088,-121.8971099854
Prunus ilicifolia,-2576.437670459308,-4574.263035714264,3609.4098880584015,59770140,34.5090661774,-119.3902343787
Prunus ilicifolia,-2521.1783836606232,-4632.176991140212,3574.4019094375863,600562258,34.1278721667,-118.55835
Prunus ilicifolia,-2504.939774490094,-4642.136428635127,3572.897876205484,604421245,34.11153371,-118.35170984
Prunus ilicifolia,-2491.0108167186636,-4623.119808660456,3607.12925682451,620955863,34.48418,-118.3164966667
Prunus ilicifolia,-2494.0569354130607,-4640.791454356534,3582.246196141021,638158259,34.2131366667,-118.2545
Prunus ilicifolia,-2492.2113754015,-4670.370861410319,3544.8937370372937,66197240,33.807895,-118.08535
Prunus ilicifolia,-2355.274153237185,-4947.139252549672,3250.8844963567326,7905423,30.6812914135,-115.4585636315
Pseudognaphalium californicum,-2557.7042850326998,-4611.505564207837,3575.1808837152503,124711293,34.13633548,-119.01430203
Pseudognaphalium californicum,-2391.639363506989,-4778.558900950724,3469.177008275295,135416318,32.99224667,-116.58768333
Pseudognaphalium californicum,-2450.545274099603,-4730.40299929628,3493.9760236032384,196688347,33.25855,-117.3860333333
Pseudognaphalium californicum,-2665.2776899218793,-4301.918061850899,3870.3422270392484,290054456,37.4084388889,-121.7805194444
Pseudognaphalium californicum,-2661.111842780734,-4263.465907644104,3915.4942656382464,299988547,37.921405,-121.9710216667
Pseudognaphalium californicum,-2514.216167302232,-4619.054065670517,3596.2215910822547,32977343,34.3652583333,-118.560075
Pseudognaphalium californicum,-2702.2520550774407,-4345.511192956907,3795.275936265166,376817750,36.5632885276,-121.8753760372
Pseudognaphalium californicum,-2380.400259032943,-4765.083916475377,3495.3430454564855,431775728,33.2732532732,-116.5444458929
Pseudognaphalium californicum,-2500.41360029569,-4642.482695843707,3575.6173419320935,456770962,34.1410778333,-118.3066416667
Pseudognaphalium californicum,-2456.4153221964707,-4706.207086776676,3522.4127740696194,479436422,33.56492,-117.5624083333
Pseudognaphalium californicum,-2685.606704721947,-4204.254084529002,3962.514018896482,516948791,38.4594216667,-122.569755
Pseudognaphalium californicum,-2504.6722447835773,-4623.482677632551,3597.1902932038456,532153094,34.3758128451,-118.4456668049
Pseudognaphalium californicum,-2471.387439137524,-4705.449972600436,3512.938628940914,584664911,33.4627279053,-117.7092675493
Pseudognaphalium californicum,-2603.2044301221285,-4561.73140132031,3606.062457428905,665527009,34.4725416667,-119.7117383333
Pseudognaphalium californicum,-2602.3850205540925,-4075.5097527858225,4148.200283185558,700561143,40.6250205232,-122.5599494576
Pseudognaphalium californicum,-2679.8532627768936,-4192.068932893782,3979.2835638501883,702362797,38.6522756466,-122.5894577723
Pseudognaphalium californicum,-2704.233007129619,-4294.39790561081,3851.6260983010297,714460642,37.1968366667,-122.199105
Pseudognaphalium californicum,-2393.5863696118718,-4753.249580917868,3502.4442668499105,76638737,33.349671755,-116.7283818127
Pseudognaphalium californicum,-2419.052647754659,-4740.313171457262,3502.480328792355,80527816,33.35006,-117.0359
Pseudognaphalium californicum,-2658.718244809949,-4270.874377352584,3909.041119925105,8633391,37.8478737362,-121.9032204711
Pseudorchis albida,4262.848906781301,1006.7430765222114,4626.482541359634,300261572,46.56688111,13.28788477
Pseudorchis albida,4236.082912306094,1024.4255725898686,4647.139651007883,347284141,46.8377717488,13.5950071171
Pseudorchis albida,4489.2923305999775,494.04517945216764,4493.54279614134,348967559,44.8546773905,6.2801108359
Pseudorchis albida,3847.995618893795,1597.502678603598,4819.820332596011,354458508,49.1587022651,22.5458740045
Pseudorchis albida,4254.178993074129,912.5036490152542,4653.928589385325,407443048,46.9270980503,12.1062667295
Pseudorchis albida,4246.048108375791,849.2382081112576,4673.288248858589,408839787,47.1826479,11.31030338
Pseudorchis albida,4267.933378500727,794.8949965591302,4662.90035823221,409278109,47.04537426,10.55035374
Pseudorchis albida,4400.490311967226,525.9494011944759,4576.9875869771795,415355170,45.923248291,6.8156962395
Pseudorchis albida,4131.166505152088,1124.5415252814587,4717.904491859131,524404446,47.7763333825,15.2274866402
Pseudorchis albida,4231.498013473949,938.9840707528002,4669.313290679472,524921255,47.13007788,12.51140254
Pseudorchis albida,4331.583083970664,870.4621765922916,4590.14560939616,525103086,46.093621048,11.3626488785
Pseudorchis albida,4180.102770384209,1057.8789500087005,4690.137107359675,532868025,47.4060600839,14.2019366473
Pseudorchis albida,3375.427107916969,-321.551048537391,5393.778813781784,588420474,57.845168539,-5.4417080539
Pseudorchis albida,3914.870893046058,1428.6265917296969,4818.979672281363,60852874,49.1471430302,20.0481910119
Pseudorchis albida,4362.864143061573,862.1593034811706,4562.0007600049685,611646651,45.7298308439,11.1783754619
Pseudorchis albida,4298.72895775633,786.5766161504354,4635.944316355617,61284578,46.6907911011,10.3692083792
Pseudorchis albida,4173.062900739547,1074.2011383043448,4692.695501586941,653481212,47.4400666667,14.4352966667
Pseudorchis albida,4405.996962175871,614.0966811500274,4560.682971351435,686601948,45.7128557455,7.9346243665
Pseudorchis albida,4567.527152422359,1114.2240663685245,4299.529459311462,696978760,42.4431630892,13.7092467025
Pseudorchis albida,4289.4742287264235,857.1249550682744,4632.008288223209,705568135,46.639211,11.300044
Pulsatilla pratensis,3394.806972363263,2645.164807375664,4697.674093835424,110411182,47.5063060021,37.9249991867
Pulsatilla pratensis,3529.893798296174,2199.579394308135,4826.121982561434,112560507,49.2454372078,31.9282328043
Pulsatilla pratensis,3269.8846144119825,2747.0922938411136,4727.694117350234,124705611,47.9075058299,40.0342576161
Pulsatilla pratensis,3961.4223257210447,1029.894527788894,4882.233459041752,208040856,50.0245963614,14.5731963707
Pulsatilla pratensis,3515.981915551409,2516.9131821080264,4678.971290029865,221805007,47.2578983881,35.5969548458
Pulsatilla pratensis,3489.188627996383,2050.715176355434,4920.353962206749,233747513,50.5612163616,30.4442064912
Pulsatilla pratensis,3302.154359800734,2438.610072905201,4872.238769400751,251124844,49.8848926735,36.4455205814
Pulsatilla pratensis,3643.0435964998915,1389.4318421142416,5038.597586610544,282752485,52.2662695319,20.8765080562
Pulsatilla pratensis,3484.154096918487,2380.1803878154446,4773.380843811048,362886027,48.5241283503,34.3387177214
Pulsatilla pratensis,3361.2247459273503,602.1696038019112,5378.597689481907,39883860,57.5895459749,10.1568959768
Pulsatilla pratensis,3103.9772611066546,2606.6914200663505,4915.3065146298595,411664252,50.4898143462,40.0232295692
Pulsatilla pratensis,4075.7130344471716,1133.1918505388862,4763.842211953196,468795197,48.394771667,15.5378048732
Pulsatilla pratensis,3938.8231091020443,967.6786081508834,4913.148049490093,488789219,50.45931327,13.8028927
Pulsatilla pratensis,3494.7473962397385,2124.8891866518625,4884.807029003601,56020804,50.0606349828,31.3005920749
Pulsatilla pratensis,3582.730857734699,1524.6955275181097,5042.727067676705,633656469,52.3269936518,23.0530503765
Pulsatilla pratensis,4085.092527856813,1188.6967670340548,4742.232824795578,642512512,48.1029278333,16.2241533333
Pulsatilla pratensis,3172.202043013841,1406.7343761689676,5343.0315105640875,665619376,56.9975883333,23.915215
Pulsatilla pratensis,2723.2640454827506,2805.287507488754,5030.302979800113,72967642,52.14454768,45.8499972143
Pulsatilla pratensis,2937.0787936970105,1361.0384527017482,5487.339575747065,74298439,59.4626792828,24.8629443316
Pulsatilla pratensis,3434.2782510455972,2195.151871250564,4896.610489534345,90431756,50.2262713114,32.5862543886
Pultenaea spinosa,-4914.9389833203895,2493.1228815983864,-3196.477157303886,111451867,-30.1140116941,153.103411725
Pultenaea spinosa,-4704.158141799967,2558.87180770157,-3451.4959623856735,162132812,-32.80286938,151.4555970898
Pultenaea spinosa,-4998.803395128342,2638.9943827850766,-2938.949879490906,162620161,-27.4710616667,152.1692966667
Pultenaea spinosa,-4926.630974884472,2503.2892540405705,-3170.426355806314,175128395,-29.8435458305,153.0642473025
Pultenaea spinosa,-4999.762766692634,2992.8905503568976,-2575.7972668779357,182689071,-23.8472533333,149.0949861667
Pultenaea spinosa,-5027.618585206828,2543.8470244896434,-2973.490677193307,224374507,-27.8217311741,153.1617508359
Pultenaea spinosa,-5027.528311758343,2546.0854767559213,-2971.726930456146,224436398,-27.8037977143,153.1410295868
Pultenaea spinosa,-5027.618585206828,2543.8470244896434,-2973.490677193307,225128685,-27.8217311741,153.1617508359
Pultenaea spinosa,-4998.039781806759,2639.9569193558536,-2939.384107785104,226024804,-27.4754631411,152.157054777
Pultenaea spinosa,-4278.856093572736,2813.9239481805193,-3789.851669132851,243883343,-36.5025783333,146.669695
Pultenaea spinosa,-5039.558073079784,2571.2982594153045,-2929.339997142981,275230856,-27.3736977903,152.9682813027
Pultenaea spinosa,-4703.321908540578,2554.7810028499107,-3455.6634937153326,304400448,-32.8474703385,151.4897875749
Pultenaea spinosa,-5039.667410424278,2570.546128995187,-2929.8119599545535,349093629,-27.3784775453,152.9755697027
Pultenaea spinosa,-4560.002014101087,2743.8578361118625,-3502.4818252603372,353495181,-33.3500761111,148.9637123056
Pultenaea spinosa,-4925.69111098776,2503.99988418822,-3171.3253993872936,382367979,-29.8528676843,153.0532634259
Pultenaea spinosa,-5039.538620861786,2573.3692504019855,-2927.554323937553,470821056,-27.3556154356,152.9495127673
Pultenaea spinosa,-4410.951010400285,2716.1901453560777,-3708.8509551876946,601132675,-35.6015527778,148.3759305556
Pultenaea spinosa,-4914.3072548803375,2502.167640434277,-3190.375280977376,61053017,-30.0505943581,153.0166351902
Pultenaea spinosa,-4999.2245920670375,2990.924189170412,-2579.1237082359803,625548486,-23.8799652,149.1088612
Pultenaea spinosa,-5004.325322990895,2993.9765183735085,-2565.6550428258192,673772468,-23.7475666667,149.1088555
Puya alpestris,1772.9689561668788,-5005.3132255447035,-3520.3939728861656,102935755,-33.5431342396,-70.4949695251
Puya alpestris,1749.3163593671998,-5008.888905145381,-3527.1344375341346,221287876,-33.615895,-70.7486333333
Puya alpestris,1737.3114050284637,-5020.730492524119,-3516.2149440945705,223406770,-33.4980539629,-70.9129668027
Puya alpestris,1735.9417205432119,-5021.49349812727,-3515.8018318472486,230066195,-33.4935988884,-70.9296159446
Puya alpestris,1709.8790048692551,-5116.085668318595,-3389.9460693069786,232337269,-32.14673425,-71.5195342
Puya alpestris,1739.4205990994317,-5020.268048062422,-3515.8324525934845,237513741,-33.4939291,-70.8898411
Puya alpestris,1768.609205923654,-5018.963231360156,-3503.1104305537337,421336051,-33.3568439922,-70.5882880837
Puya alpestris,1777.627392334599,-5226.715431853171,-3179.8175699443905,433687239,-29.9409629074,-71.2166200687
Puya alpestris,1777.8736402805398,-5226.267360522697,-3180.4163131904884,443951778,-29.9471770317,-71.2127029705
Puya alpestris,1776.5256097334866,-5011.8131215971125,-3509.3359944333497,449480125,-33.4239,-70.48223
Puya alpestris,1488.0605403939912,-4876.8470879679,-3819.920344507042,456336414,-36.83972089,-73.03160678
Puya alpestris,1767.3682725671085,-5003.35198984972,-3525.9936733447835,553756516,-33.6035765686,-70.544902491
Puya alpestris,1724.8779977456527,-4976.591521597954,-3584.4226661667212,554514449,-34.2368093781,-70.8837722987
Puya alpestris,1777.4059406137242,-5241.486867747544,-3155.534291871744,558696183,-29.6892616667,-71.2680283333
Puya alpestris,1741.0168984887669,-5069.210250599731,-3444.0848892076688,580956105,-32.7236112189,-71.0449998826
Puya alpestris,1768.9858247747898,-5019.582680144118,-3502.032552478701,584883535,-33.3452393365,-70.5866804346
Puya alpestris,1783.6778124425666,-4994.442700764194,-3530.4091405757486,587905550,-33.6512663505,-70.3467021883
Puya alpestris,1780.9359025882059,-4993.376151835998,-3533.300871256974,593462536,-33.6825131561,-70.3707324194
Puya alpestris,1738.7200031616114,-5020.442446808467,-3515.9299649690024,606491131,-33.4949806738,-70.8975957334
Puya alpestris,1779.6037810041612,-5012.318799187567,-3507.053430962243,615148765,-33.3993083333,-70.4527966667
Quercus durata,-2637.6315471064127,-4481.6805040283525,3680.651139567379,127040674,35.29025,-120.478355
Quercus durata,-2683.5070520300087,-4213.041150580465,3954.5957182622697,129761874,38.3685383333,-122.4952
Quercus durata,-2700.905472334245,-4275.319458221763,3875.1137130854286,185465625,37.4624802778,-122.2823854161
Quercus durata,-2655.537718429515,-4169.276646821256,4019.3288989514785,189170801,39.114925,-122.4942866667
Quercus durata,-2674.2604023160798,-4311.974499604712,3852.915823767808,189990019,37.2113990784,-121.8069381714
Quercus durata,-2687.8944783874595,-4303.900738335631,3852.4556892046985,195787549,37.2062033333,-121.9858166667
Quercus durata,-2700.675676646817,-4275.502775198459,3875.071617211219,196756139,37.4620033333,-122.279075
Quercus durata,-2637.625020351966,-4481.892409916907,3680.3977784500344,198887840,35.2874585413,-120.4771088496
Quercus durata,-2698.472937554484,-4243.10976107668,3912.0348273525506,202811334,37.8819768212,-122.4549675019
Quercus durata,-2700.5579336895435,-4275.574746941447,3875.0742650664747,225683045,37.4620333333,-122.2775116667
Quercus durata,-2659.128293497026,-4192.901684604577,3992.2882300306337,279715460,38.8021906279,-122.3827732914
Quercus durata,-2658.9077688173784,-4193.060542237045,3992.2682645001196,280926093,38.8019602281,-122.3796424061
Quercus durata,-2649.414906330811,-4474.855215774272,3680.492437384885,282640509,35.2885014545,-120.6283828422
Quercus durata,-2690.684841070447,-4202.803950751037,3960.6069190545295,287244691,38.4375222222,-122.6278527778
Quercus durata,-2684.165576579722,-4212.685573696748,3954.5276006558847,3228861,38.367757,-122.503762
Quercus durata,-2648.3438821440095,-4471.263667700226,3685.6246452252517,423241864,35.3450661435,-120.6383957792
Quercus durata,-2690.473350981453,-4191.245195898108,3972.979988018704,533943738,38.5797222222,-122.6975
Quercus durata,-2701.050481512479,-4275.44136178246,3874.8781384655676,630233726,37.4598112663,-122.2830367176
Quercus durata,-2640.9440668055377,-4118.001886994553,4081.3267480552645,76285346,39.837259821,-122.6727375316
Quercus durata,-2700.6339703030194,-4275.511120584216,3875.0914758084737,85708820,37.46222833,-122.278625
Quincula lobata,-1123.927566524366,-5568.015112918344,2885.0905804145855,569678261,26.9264752035,-101.4120509837
Quincula lobata,-759.3843461370918,-5072.192213744939,3779.6765326340555,575533246,36.388823,-98.514807
Quincula lobata,-931.1440665728827,-5597.438093440903,2896.7931660821455,577083810,27.0445778333,-99.44477
Quincula lobata,-1984.0689023880589,-4910.256926585909,3541.5534211937534,579527888,33.7717492346,-112.0019693702
Quincula lobata,-1212.4828957880038,-4931.9474609483705,3846.4961457856543,580444731,37.1389416667,-103.8118366667
Quincula lobata,-831.9116655992376,-5656.583370635085,2810.825622725814,623622840,26.179835,-98.3664926
Quincula lobata,-1923.3450231931647,-5031.413457930321,3402.260376101918,624028166,32.2776262583,-110.9202224456
Quincula lobata,-848.8623350208491,-5344.427712402642,3362.480972847734,627094591,31.8554743,-99.0249742
Quincula lobata,-1262.404516096852,-4838.776107824153,3947.446484218101,633349938,38.28658,-104.62215
Quincula lobata,-926.4147552739561,-5368.892701309068,3302.4990526445795,644147511,31.22254885,-99.79011332
Quincula lobata,-1053.20248791271,-5422.35131059976,3174.6848526379704,644658740,29.8877083333,-100.9918966667
Quincula lobata,-982.0723116200213,-5387.46955093012,3255.834599949383,645555624,30.7330684519,-100.3309145073
Quincula lobata,-791.6136784980818,-5665.087426316255,2805.3315964223607,653878,26.124791,-97.954745
Quincula lobata,-844.6197637408362,-5220.365559895795,3553.048550953063,663593775,33.8962029879,-99.190428257
Quincula lobata,-1292.928540620623,-4815.1560759711865,3966.4040241210723,673089153,38.5041116667,-105.0300971667
Quincula lobata,-1348.1476588788205,-5225.252230855391,3386.5897512804463,677939214,32.1110916667,-104.4671633333
Quincula lobata,-1042.9507317949,-4970.078070589939,3847.1198152601,680656531,37.1459778333,-101.851325
Quincula lobata,-1273.7567476173517,-4793.024368500804,3999.2767196749674,686058968,38.8828827966,-104.8824892254
Quincula lobata,-1694.0892398313774,-5126.848239536663,3381.6034519033715,686246464,32.05816509,-108.28535441
Quincula lobata,-1182.6814861660523,-4902.7914175765245,3892.7694444566664,694122605,37.6627883333,-103.5621416667
Rafinesquia neomexicana,-2183.706915262989,-4763.059981792307,3624.146361249599,261768391,34.6700498191,-114.6299043511
Rafinesquia neomexicana,-1979.7951553255373,-4975.3118081228795,3452.0192184546145,262705379,32.8084680422,-111.6987882927
Rafinesquia neomexicana,-2050.094582476002,-4874.1633313473585,3553.78631208023,262746582,33.9041966667,-112.8118366667
Rafinesquia neomexicana,-1864.2967158733172,-4986.529166266733,3499.811103307234,264322164,33.321327637,-110.4990912696
Rafinesquia neomexicana,-2291.9316233461022,-4676.92224119099,3669.223475537649,264890730,35.1644388333,-116.1072221667
Rafinesquia neomexicana,-2368.3121488819856,-4552.734490905339,3775.3753919916803,265857295,36.34078743,-117.48324961
Rafinesquia neomexicana,-2167.0558362400284,-4737.752145962315,3667.059685323507,265951266,35.1406388333,-114.5794366667
Rafinesquia neomexicana,-1931.729191959871,-4927.256147143181,3546.875007530887,267979981,33.8293416667,-111.4076466667
Rafinesquia neomexicana,-1917.9569038589095,-4970.503647859909,3493.606722461577,270676090,33.2545783333,-111.0999916667
Rafinesquia neomexicana,-2339.0244845546313,-4518.8757525471965,3833.859611849708,270928471,36.9965183059,-117.3666278735
Rafinesquia neomexicana,-2105.0804439170715,-4677.1792865388425,3779.2040664520014,272104428,36.383545,-114.2313083333
Rafinesquia neomexicana,-2392.4770186633914,-4536.903733873962,3779.1945377825514,277255508,36.3834385573,-117.8043383311
Rafinesquia neomexicana,-2337.8514775878466,-4775.694236572302,3509.5509908231647,361647518,33.4262166667,-116.0831916667
Rafinesquia neomexicana,-1979.4961329251128,-5050.2614774532885,3341.587526724877,367623156,31.63452,-111.40315
Rafinesquia neomexicana,-2350.1782846521764,-4704.3019819371375,3596.65928644473,369848096,34.3700270865,-116.5458267813
Rafinesquia neomexicana,-1968.2045190014303,-4957.687097035188,3483.857452444143,614154943,33.1497945,-111.653105
Rafinesquia neomexicana,-2283.687353703007,-4638.916947255954,3722.227123198676,616214317,35.7496383333,-116.2105116667
Rafinesquia neomexicana,-1929.9299775892646,-5001.021497507092,3443.0956119096745,617558732,32.7130366667,-111.1019583333
Rafinesquia neomexicana,-1853.2438792685916,-4959.451480547291,3543.879409027375,618240458,33.79691728,-110.48967029
Rafinesquia neomexicana,-2034.6282596569217,-4652.418590536185,3847.73208957123,623958149,37.1528860778,-113.6210574246
Ranunculus glacialis,4418.827523896695,535.0622370195928,4558.2260635302,146899758,45.6812208389,6.9041576649
Ranunculus glacialis,4260.52725047553,802.5667694180659,4668.355948110501,158972118,47.1174245,10.6679482
Ranunculus glacialis,2915.292382732204,398.5623020798949,5650.838127589729,219885338,62.4938520045,7.7848926466
Ranunculus glacialis,3911.495789413896,1428.8395088681787,4821.656507567927,223017808,49.1839593976,20.066862208
Ranunculus glacialis,4250.442642535892,889.9261150480139,4661.708054130533,24946703,47.0296408372,11.8253442805
Ranunculus glacialis,4280.952254953047,808.4319857053151,4648.616852890591,253134166,46.857195564,10.6940252821
Ranunculus glacialis,4476.4854369119175,529.8732533520686,4502.2289588797075,282999873,44.9649772684,6.7505842538
Ranunculus glacialis,4304.476610712058,897.1983715777075,4610.452181678992,400743192,46.3575931236,11.7738051107
Ranunculus glacialis,4254.791789459906,912.8443501043696,4653.3015322998945,407437024,46.918841229,12.1089606732
Ranunculus glacialis,4383.683819950665,573.7163920040538,4587.365125856676,412105550,46.057575,7.45623
Ranunculus glacialis,4470.679426950274,514.9202884238306,4509.7267863686075,543000883,45.0603580682,6.5702158594
Ranunculus glacialis,4330.217763837042,808.8782687251756,4602.682173886409,654245618,46.2564381,10.5808235
Ranunculus glacialis,2227.510890183025,738.4195045796394,5923.063818586612,709536589,68.3865589266,18.340350609
Ranunculus glacialis,3151.6074524290657,372.4595693922589,5524.345885680868,72521378,60.1241669807,6.7399999872
Ranunculus glacialis,4334.173247043833,728.9522482227142,4612.30137936562,76258651,46.3816947703,9.5470640369
Ranunculus glacialis,2991.9699902085804,462.18201069037303,5605.734251314711,77607100,61.6281,8.7813083333
Ranunculus glacialis,4321.805923039495,739.891820056182,4622.153912179053,85705313,46.51028833,9.71483833
Ranunculus glacialis,4382.076526682473,561.775515419421,4590.377622184383,86606526,46.0966299149,7.3053843342
Ranunculus glacialis,2224.624957791521,753.924682516688,5922.195074458508,89434120,68.3653581609,18.7215031777
Ranunculus glacialis,4294.253914991273,762.6411210334036,4644.083867004177,94212858,46.79761333,10.07048617
Ranunculus polyanthemos,2054.349588440692,3047.5025543859592,5204.049296380853,130913013,54.7689954741,56.0157268122
Ranunculus polyanthemos,1747.0493761777786,3189.2537539391665,5231.274424063337,131519066,55.1956760762,61.2864014321
Ranunculus polyanthemos,1252.1031212654138,3346.84145337951,5274.527769320716,173971120,55.88313,69.48843
Ranunculus polyanthemos,4040.9200651584483,1388.283473282175,4725.821320626591,194843427,47.8823863045,18.9604809226
Ranunculus polyanthemos,2852.2731391849225,2192.1954196556267,5258.190783073825,208174999,55.6220595348,37.5451004505
Ranunculus polyanthemos,3948.0174027832063,1232.1826316394483,4846.095095980315,278986753,49.5213574055,17.3332275823
Ranunculus polyanthemos,404.0089276607505,3618.570117828095,5228.047457551376,293408429,55.1448640343,83.6293797567
Ranunculus polyanthemos,2987.3515894691327,2180.137757992166,5187.724257008132,311814920,54.5152902275,36.1215746058
Ranunculus polyanthemos,441.0020592033556,3641.7912832412762,5208.898785997258,386375184,54.8446675394,83.0953965336
Ranunculus polyanthemos,3465.7099555384193,1816.1988872476004,5027.924943326014,390813591,52.1097117685,27.6567028665
Ranunculus polyanthemos,1405.7854849933992,3304.72473237008,5262.348785772453,406965484,55.6883403493,66.9557508393
Ranunculus polyanthemos,3005.9466433985863,2944.722532384286,4783.58099272778,408055163,48.6628226595,44.4105269015
Ranunculus polyanthemos,1811.7758204937302,3158.931357145977,5227.65475015246,516090829,55.1386848522,60.1639726013
Ranunculus polyanthemos,1704.3858403153752,3033.0498707532547,5337.174394614959,60855288,56.9010058638,60.6667150192
Ranunculus polyanthemos,3495.875777482392,2064.58817629908,4909.794429543395,656829239,50.4119625466,30.5651746368
Ranunculus polyanthemos,415.1690235984371,3789.373044809665,5104.707605611871,680283928,53.2486850482,83.7475320697
Ranunculus polyanthemos,2456.736155259584,2929.8009952228726,5096.122714526099,76099568,53.1198464474,50.019041542
Ranunculus polyanthemos,2688.5067519717873,2223.1194059388417,5330.987214505178,82033993,56.7992512341,39.5872591731
Ranunculus polyanthemos,2707.841957265998,2299.556180389757,5288.609121250932,88041156,56.1095717,40.3386137
Ranunculus polyanthemos,2842.677565785295,2305.4135282024495,5214.787229661394,92807599,54.9367428005,39.0420770353
Raphanus raphanistrum,2830.618141512917,1747.5461696171137,5433.54731751477,400598000,58.5235766667,31.6900466667
Raphanus raphanistrum,-5184.778529272823,593.3410240642631,-3654.554851309712,430570560,-35.0032313934,173.4715273274
Raphanus raphanistrum,2188.4958701675337,-3827.121498622197,4599.280377485252,448136160,46.21221,-60.237411
Raphanus raphanistrum,1924.341634668329,-4193.027056892831,4393.766778394605,452360868,43.6024166667,-65.3477866667
Raphanus raphanistrum,-959.0471627064846,-5935.38184115238,2107.421189297637,459818231,19.31630524,-99.17859959
Raphanus raphanistrum,2046.8895901342585,2678.004989007701,5406.319026317935,466911494,58.0576990552,52.6080998918
Raphanus raphanistrum,4567.161101045108,2111.544115637309,3907.9629034185227,487851994,37.835595,24.812605
Raphanus raphanistrum,4800.847119762724,-299.79872608872586,4177.528071261638,505752508,40.9734350955,-3.5733121913
Raphanus raphanistrum,4916.263434499797,-553.7433428792344,4014.1593494148465,507007594,39.0550305,-6.426425
Raphanus raphanistrum,2573.0607229746156,2434.1712163414413,5295.651247495213,509517895,56.2233168711,43.4111495689
Raphanus raphanistrum,-4567.05148464161,566.6771562605267,-4405.754290343799,524177893,-43.7514756375,172.9269227001
Raphanus raphanistrum,1922.1843158006577,3098.3627613519016,5224.472105852917,527074015,55.0886417446,58.1850687848
Raphanus raphanistrum,-4887.459113257313,2690.790640428169,-3076.059537021291,578647391,-28.8698363326,151.1650176504
Raphanus raphanistrum,2204.0320792248467,-4824.421506232861,-3529.440869829538,581937988,-33.640806166,-65.4467572644
Raphanus raphanistrum,518.9782018195517,-5268.611609768424,3544.3118459197344,591078066,33.8015972222,-84.3742972222
Raphanus raphanistrum,4556.674760124648,617.7218819077011,4409.6358054529655,605922018,43.79982,7.720192
Raphanus raphanistrum,5047.003196471668,-574.4062780630711,3845.460868635115,608010951,37.1272632346,-6.4929720068
Raphanus raphanistrum,-2614.8869931543773,-4557.2249826293755,3603.3067591322533,614072147,34.4424856635,-119.846743243
Raphanus raphanistrum,4202.3165977425615,150.9841441020525,4786.1771937784115,614736937,48.6981848832,2.0576828409
Raphanus raphanistrum,3946.684651227762,323.987659471745,4990.838145036428,618399777,51.5698983358,4.6929502331
Rhexia alifanus,986.4542694211567,-5231.540902940533,3499.662967326763,136297949,33.3197333333,-79.3217388889
Rhexia alifanus,250.47522905053881,-5490.937970561304,3221.2754450306843,136725731,30.3721633333,-87.3882
Rhexia alifanus,36.657402280247084,-5495.958328586833,3222.2432271590746,139567611,30.3822517898,-89.6178494872
Rhexia alifanus,537.4090237553278,-5489.858054766212,3187.85244473177,199860218,30.0243861667,-84.4090583333
Rhexia alifanus,116.35033106549066,-5488.5580051739025,3232.9470694677098,200242458,30.4939015182,-88.7855854695
Rhexia alifanus,83.78110180585136,-5479.518200249321,3249.248243793336,211411073,30.664182663,-89.1240234375
Rhexia alifanus,95.71233300735136,-5468.424043367708,3267.557307975744,279106103,30.8557966667,-88.99727
Rhexia alifanus,100.58730794573735,-5482.020886842283,3244.5465506573655,283139335,30.6150383333,-88.9488216667
Rhexia alifanus,102.5822752758679,-5475.245728494693,3255.9045162715215,296543133,30.733799961,-88.9266520366
Rhexia alifanus,250.16439172547993,-5491.6143748546065,3220.146342121784,384475357,30.3603945353,-87.3917575926
Rhexia alifanus,945.265533105117,-5260.842868793161,3466.9523376402335,404687355,32.9683964757,-79.8138151474
Rhexia alifanus,388.96522635843684,-5464.263302069262,3252.73511802306,45539234,30.7006452732,-85.9283554181
Rhexia alifanus,247.37151347688982,-5487.623060468986,3227.158751937466,474613470,30.4335088147,-87.4189635494
Rhexia alifanus,203.84449511568954,-5470.073199984335,3259.8312438378766,513506688,30.774892807,-87.8658370972
Rhexia alifanus,226.6419368369346,-5493.305687894725,3219.002824088183,517234053,30.3484769295,-87.6374397113
Rhexia alifanus,221.44076586628822,-5454.573094395157,3284.5622957694736,521479357,31.0341063339,-87.6752245054
Rhexia alifanus,889.5903849888704,-5169.682037723282,3615.628535324675,536524148,34.5769616667,-80.2362583333
Rhexia alifanus,474.9210287446019,-5493.896516432378,3190.815603081096,557853121,30.0551693039,-85.0593367964
Rhexia alifanus,100.57701949991163,-5482.871958305549,3243.1084597423846,566883937,30.6000117065,-88.9490922755
Rhexia alifanus,1123.855969974533,-5120.232445410896,3620.7624326088558,8251462,34.6330556166,-77.6202838845
Rhododendron columbianum,-2484.91657123002,-4290.331882596906,4000.999262793779,147891404,38.9027861111,-120.0789861111
Rhododendron columbianum,-2466.7962102079864,-3669.9883783815026,4586.48611570183,20382242,46.0461844517,-123.907166428
Rhododendron columbianum,-2484.1028746372244,-4295.411328357288,3996.0514959289985,206533340,38.845631576,-120.0414596489
Rhododendron columbianum,-2477.3324376853043,-4323.047949145398,3970.3694478296848,214251065,38.5496966667,-119.8149633333
Rhododendron columbianum,-1737.7045339066303,-3588.6520445029455,4969.075626915192,277988620,51.2561027688,-115.8372901665
Rhododendron columbianum,-2519.777107180809,-3735.978700788108,4503.658469185086,293118810,44.98315,-123.9981833333
Rhododendron columbianum,-2430.01873817617,-4454.4654256722115,3852.5965053819236,308031616,37.2077933627,-118.6135358736
Rhododendron columbianum,-2455.5898655912565,-4401.288017706008,3897.242015436105,320255328,37.7136163761,-119.1582526267
Rhododendron columbianum,-2618.220205804239,-3824.93704798106,4370.873215111344,387951357,43.3187666667,-124.3921583333
Rhododendron columbianum,-2721.156274340672,-4211.35342127867,3930.593342153099,398520477,38.0937416667,-122.86843
Rhododendron columbianum,-2630.6813417004037,-3875.9341017292195,4318.148173367758,401920495,42.6704783333,-124.1655971667
Rhododendron columbianum,-2054.0033850520635,-3545.0880328266708,4878.849665995174,449251113,49.977253,-120.087753
Rhododendron columbianum,-2031.3635815320756,-3551.167780257901,4883.904434544229,459847587,50.0479925486,-119.7707187962
Rhododendron columbianum,-2574.9429947810672,-4043.274005266715,4196.588736299972,528477870,41.2008652368,-122.4908605053
Rhododendron columbianum,-2634.270279199561,-3844.2865884189787,4344.172401264166,529589777,42.9896083333,-124.4206166667
Rhododendron columbianum,-2598.1123060486852,-4031.3075745895217,4193.819835650187,535313336,41.1677780071,-122.8011232797
Rhododendron columbianum,-2443.9915046506303,-4447.762273823428,3851.502227758156,535790370,37.1954381806,-118.7882615989
Rhododendron columbianum,-2475.945297925488,-4383.5264694766565,3904.374943925804,539594767,37.79475,-119.459045
Rhododendron columbianum,-2455.62335104201,-4482.459688814654,3803.5801852526097,539882094,36.656325,-118.715225
Rhododendron columbianum,-2572.958874164869,-3799.4769339025734,4419.684467275463,8317227,43.9251585072,-124.1053723266
Rhododendron occidentale,-2709.544488288099,-4234.948232200236,3913.225685575662,128814221,37.8955469792,-122.6113492073
Rhododendron occidentale,-2648.5738264590786,-3862.125320839172,4319.583061084284,174639180,42.6880312958,-124.4416059387
Rhododendron occidentale,-2701.2300380861743,-4311.590328474788,3834.4880036872023,181491362,37.00359445,-122.0673221667
Rhododendron occidentale,-2710.261798541385,-4183.973475072711,3967.1904508017547,18770216,38.5131498333,-122.9340452795
Rhododendron occidentale,-2659.6239721242623,-4038.1105839868737,4148.471570117432,198531498,40.6282350673,-123.3701307499
Rhododendron occidentale,-2590.2516985582506,-3890.888694789626,4329.126289743904,209449191,42.8049,-123.652595
Rhododendron occidentale,-2700.8387482716007,-3990.525380217737,4167.8448118122415,22027320,40.85819534,-124.0906457
Rhododendron occidentale,-2697.6102152035182,-3987.45017424315,4172.875910500495,284160391,40.918045,-124.0793388333
Rhododendron occidentale,-2675.1295539218813,-4007.0636370165994,4168.558025062199,291751138,40.8666763923,-123.7272106486
Rhododendron occidentale,-2373.904625125616,-4731.303317997835,3545.292494786196,299070876,33.8122110024,-116.6449496895
Rhododendron occidentale,-2476.6256279670756,-4439.633123164274,3840.0177552033224,304294534,37.0658918643,-119.154729674
Rhododendron occidentale,-2615.5448869948937,-3924.671426361923,4283.1801583508695,387880358,42.244233083,-123.6809427388
Rhododendron occidentale,-2487.939287517555,-4362.917739480374,3919.803570312106,401808020,37.9705489297,-119.6938061336
Rhododendron occidentale,-2563.632182777633,-4053.500658455669,4193.647049168979,404751605,41.1657138333,-122.3112633333
Rhododendron occidentale,-2392.7401805360964,-4779.713382497103,3466.826724730213,42454625,32.96705,-116.5926966667
Rhododendron occidentale,-2646.4970080006706,-3956.144769620683,4234.94100054816,518100090,41.6608966667,-123.7808833333
Rhododendron occidentale,-2721.8551008275313,-4207.473532691948,3934.262880321208,529077136,38.1356861111,-122.8992166667
Rhododendron occidentale,-2601.4858217501364,-4089.348382792059,4135.124478545529,538024256,40.470265,-122.4629464
Rhododendron occidentale,-2479.396069467263,-4429.767459043267,3849.611476394609,545653830,37.174095,-119.2362833333
Rhododendron occidentale,-2383.0585027472753,-4730.80688486294,3539.8095316407557,78221347,33.7528845556,-116.7358549652
Roldana barba-johannis,-971.5031971465193,-5933.897817090869,2105.894433236329,107858617,19.3017564241,-99.2980267962
Roldana barba-johannis,-993.0742586223921,-5921.143514124647,2131.575973705524,107923332,19.546655,-99.520845
Roldana barba-johannis,-966.3542208931962,-5935.456665641848,2103.8694873321137,12892980,19.2824622362,-99.247213841
Roldana barba-johannis,-973.8972183173856,-5941.49285705045,2083.252257276968,13277602,19.086145,-99.308832
Roldana barba-johannis,-700.8691688276953,-6046.172838843533,1882.1077388648457,175810055,17.1825765031,-96.6121852555
Roldana barba-johannis,-951.5965784346212,-5927.401211144543,2133.1038333168804,195399742,19.5612363033,-99.1205510096
Roldana barba-johannis,-950.8384256769107,-5926.177257660468,2136.8393783159145,216630334,19.5968924611,-99.1152571314
Roldana barba-johannis,-910.5192166400104,-5942.459712168346,2108.999870806724,244395931,19.3313502275,-98.7112588899
Roldana barba-johannis,-966.7569403589403,-5936.300259328368,2101.302781381875,250532030,19.2580092898,-99.2497090069
Roldana barba-johannis,-706.3164109805319,-6045.546979946182,1882.0818182323048,251620367,17.1823325036,-96.6637992333
Roldana barba-johannis,-962.1745858712745,-5942.446992816162,2085.9762543114016,255543062,19.1120695,-99.1972583333
Roldana barba-johannis,-842.9947584653972,-5958.427295363573,2091.9505569548314,29603026,19.1689416667,-98.0527277778
Roldana barba-johannis,-840.509236617022,-5956.471122957426,2098.5111660920957,336853322,19.231417776,-98.0318973586
Roldana barba-johannis,-910.3360083456391,-5908.910519407371,2201.321865430788,348731396,20.2136462305,-98.7582187139
Roldana barba-johannis,-678.1758163856462,-6049.7564928969805,1878.903155672989,457511982,17.1524131339,-96.396136204
Roldana barba-johannis,-893.2547785369529,-5948.359634824226,2099.730145778771,463823505,19.2430286294,-98.54019347
Roldana barba-johannis,-1030.251827638659,-5929.343357693114,2090.746672341052,465198366,19.157479752,-99.8570058122
Roldana barba-johannis,-1052.5266822377775,-5856.98762459024,2275.4420841348056,467037926,20.92562,-100.18757
Roldana barba-johannis,-993.3072575139181,-5921.619364025383,2130.1450489220774,58680593,19.533,-99.52228667
Roldana barba-johannis,-910.996447863787,-5955.099505717936,2072.8310299334544,62248737,18.9870027338,-98.6975384876
Rosa rubiginosa,-2682.8132730949196,-4252.0907678170615,3913.0538168581425,132935969,37.8935883333,-122.2494583333
Rosa rubiginosa,4070.946520959569,1191.2435038789467,4753.744468062079,197869013,48.2581900615,16.3105720282
Rosa rubiginosa,-2693.159782910502,-4297.978553428738,3855.388938571243,202334556,37.2393311161,-122.0717025074
Rosa rubiginosa,1409.766655766011,-4686.622292644635,-4078.9560664530445,242035343,-39.8095001794,-73.2583692398
Rosa rubiginosa,-2726.9849224191416,-4177.662542690181,3962.378331504896,302016459,38.4578633333,-123.1346445
Rosa rubiginosa,-4579.15919435594,681.8575048096417,-4376.771018177405,344956282,-43.39171307,171.53062941
Rosa rubiginosa,3496.416252447508,-333.73289615927865,5315.397339176018,392871880,56.544075,-5.4523633333
Rosa rubiginosa,3736.887573547228,-57.277634932798136,5159.665072936639,394828906,54.0828667715,-0.8781398187
Rosa rubiginosa,1483.535957463394,-4863.776967289265,-3838.3001192008223,452117706,-37.0465357419,-73.0373889953
Rosa rubiginosa,-4000.829621602953,2554.712306254145,-4249.301177941548,452590684,-41.8339918089,147.4399111514
Rosa rubiginosa,-4011.7736810542274,3028.781225089767,-3914.321058909422,452904170,-37.9080312697,142.9481770335
Rosa rubiginosa,1552.017188034534,-4738.610887360134,-3965.67303694024,456516594,-38.4957116667,-71.865045
Rosa rubiginosa,1463.423306310293,-4414.1249783934245,-4354.726860705335,457354400,-43.1195083052,-71.6579936346
Rosa rubiginosa,-4452.651143373942,793.9017668502536,-4487.022499350788,458584120,-44.7720190598,169.8904741594
Rosa rubiginosa,-4417.744475837271,847.4630006816,-4511.661926426053,462436302,-45.08500106,169.1407804
Rosa rubiginosa,-4357.002527331051,956.5403976738122,-4548.770446409259,465082132,-45.5596376715,167.617672243
Rosa rubiginosa,4823.7914320004265,2588.449350928762,-3258.944508259259,60767765,-30.7656116667,28.2180333333
Rosa rubiginosa,3828.6953996897114,649.8890392126901,5050.592925863604,675408352,52.4428925429,9.633657597
Rosa rubiginosa,1519.6134674938037,-4574.010772293062,-4166.407744572765,6884626,-40.84111,-71.622079
Rosa rubiginosa,-2295.796379093806,-3628.958622626225,4706.350117732846,905178,47.6219393,-122.3187663
Rubus hispidus,1246.9031755818928,-4809.864736592893,3987.5038327356383,134736235,38.747000539,-75.4666476433
Rubus hispidus,1433.0372405452588,-4491.158932683622,4285.516169408765,139626045,42.272618,-72.3031772
Rubus hispidus,1476.0838807417738,-4470.160658523093,4292.853735417051,174266643,42.3618602,-71.7263512
Rubus hispidus,430.64104165422634,-5174.28528874234,3692.02832784704,205298829,35.4157,-85.2424
Rubus hispidus,1514.6181357741339,-4521.787471316257,4224.822256226746,209334890,41.5392060407,-71.4812088012
Rubus hispidus,1185.4017801283949,-4705.984604585159,4127.74571052449,213864281,40.3830926493,-75.8617532855
Rubus hispidus,1129.8724037099614,-4585.411871132639,4276.346507602953,27974812,42.161270457,-76.1577348477
Rubus hispidus,1530.307153915562,-4461.7372996274,4282.617588982921,313522920,42.2373991995,-71.0688215672
Rubus hispidus,1124.440688296856,-4833.287698813328,3995.5871018762305,398481955,38.8402694477,-76.9033803328
Rubus hispidus,1390.738661169716,-4524.3518256215,4264.4858616251395,400174587,42.0175361111,-72.9131166667
Rubus hispidus,1416.5697576449495,-4491.1188867392,4291.029526416429,400820321,42.3396616667,-72.4939033333
Rubus hispidus,1494.405953176806,-4456.019508648507,4301.20844825394,525038281,42.46362791,-71.46019986
Rubus hispidus,906.2543472231416,-4783.823545991305,4108.952234893438,526658187,40.161575,-79.272925
Rubus hispidus,33.21592477987144,-4540.278614232487,4469.2862894607215,528289921,44.5477714539,-89.5808410645
Rubus hispidus,1424.8983303642653,-4385.097865127553,4396.627638435662,535883662,43.6379564817,-71.9988930543
Rubus hispidus,1510.5674368721247,-4463.915415121598,4287.353299528601,54106894,42.2949499874,-71.3044288124
Rubus hispidus,802.4104185512099,-4440.958616847755,4497.085413167463,5779339,44.8996372043,-79.7580672677
Rubus hispidus,905.088722569772,-5110.579389064134,3694.935160733854,661617341,35.4477833626,-79.956994895
Rubus hispidus,1933.8144207038438,-4180.590994204442,4401.451335086191,710635170,43.6979278273,-65.1761723477
Rubus hispidus,1312.9536712159204,-4333.512350081657,4481.805049152386,8844529,44.7059621383,-73.1444093544
Rubus idaeus,4507.863059329418,257.1810949667823,4494.750454964361,103886570,44.87,3.26528
Rubus idaeus,4028.259665511877,-230.87076248051972,4930.474205177352,135043719,50.7047059679,-3.2801920399
Rubus idaeus,-2235.9677937747674,-2158.9624294166256,5561.3921263697,171726622,60.7999611111,-136.0038
Rubus idaeus,451.84818693457595,3620.4636442329715,5222.818142193798,292058555,55.062659948,82.8860435794
Rubus idaeus,-1635.9583501437291,-3649.0973328684977,4959.584867861872,293142262,51.1199239803,-114.1475827619
Rubus idaeus,2094.061283476552,2223.5541326944995,5591.106106102725,294643757,61.35248319,46.71788583
Rubus idaeus,1821.272073941948,-4064.2537691967887,4555.717557303824,303653948,45.64894,-65.86191
Rubus idaeus,1249.4247392027144,3335.456455489292,5282.368898920301,317204405,56.0090591701,69.464611308
Rubus idaeus,2132.1670194220414,2550.2364315326317,5435.063115939875,33531058,58.5496937248,50.1021370328
Rubus idaeus,-1531.401094291763,-3487.8947830625707,5106.775283911005,394994794,53.2797739241,-113.7044392968
Rubus idaeus,4300.356935886308,530.0770960033998,4670.728168706091,395949333,47.148784108,7.0270327015
Rubus idaeus,2604.5419239005273,-3423.1100678206476,4699.833184263767,411750086,47.5350583333,-52.7335805556
Rubus idaeus,1398.950874045896,-4126.607342816345,4647.988965122216,42799806,46.8489385722,-71.2729552701
Rubus idaeus,3438.553046808539,602.8210544755166,5329.419560350093,44259404,56.7735133571,9.9436130002
Rubus idaeus,4677.597283162493,-18.287156162211808,4325.448227195395,451141493,42.7598314469,-0.2239978061
Rubus idaeus,1648.4166862044945,-4038.6532544057072,4643.463734002692,457073844,46.7894673414,-67.7966821566
Rubus idaeus,-2097.208327197621,-3627.1677022547988,4799.492142063578,534774223,48.8799366667,-120.0362638333
Rubus idaeus,334.5701701318153,-4488.6784733917475,4508.83371765304,576499277,45.0489888889,-85.7372583333
Rubus idaeus,1106.0948353815718,-4335.8115869210715,4535.090432123778,680923575,45.3842,-75.688705
Rubus idaeus,-1432.3183617880186,-3293.4852517167515,5262.2402203706515,80192550,55.68660833,-113.50395333
Rubus parviflorus,-2591.645075061387,-3816.8607448777143,4393.71175531566,194856645,43.6017333333,-124.17647
Rubus parviflorus,-1804.8131560784557,-3555.2854327197733,4969.139572724249,205343624,51.2570216667,-116.914275
Rubus parviflorus,-27.764392633076778,-4258.707158889068,4738.395889223078,207418509,48.0512816748,-90.3735311967
Rubus parviflorus,-1717.1662453011968,-3858.3717806830396,4770.121635525074,208377421,48.4798920085,-113.9914290015
Rubus parviflorus,403.7132652327931,-4424.62120871474,4566.124821831333,210410485,45.7829883333,-84.7866283333
Rubus parviflorus,-2346.9109829334125,-2364.53701021716,5430.536501596988,219070045,58.4717581839,-134.7856514042
Rubus parviflorus,187.53246046729805,-4369.891739679315,4632.346153886926,394580315,46.6436366667,-87.5426783333
Rubus parviflorus,-2140.7704839155163,-3464.4281172275573,4899.448202138347,399001853,50.2661783333,-121.71312
Rubus parviflorus,-90.12065739875659,-4316.474798311525,4685.048208111517,399668379,47.3384827969,-91.1960647255
Rubus parviflorus,-2156.8618241755253,-3631.2248816716533,4769.895812260509,401362841,48.4768284004,-120.7093115902
Rubus parviflorus,-1470.1203425536003,-4952.5323559159415,3728.3941009090245,402255727,35.8180048395,-106.5331080183
Rubus parviflorus,-2029.1816158403658,-4010.975435790317,4514.892152986557,404772198,45.12616,-116.83518
Rubus parviflorus,-1475.5056557240239,-4648.151879118334,4099.6731940793225,412846243,40.0524697636,-107.6114791374
Rubus parviflorus,-1596.3534945525398,-4218.104133931773,4499.889572580089,414433257,44.9352500982,-110.729290863
Rubus parviflorus,-2538.4872823408277,-3984.115453989666,4274.6531433967875,417872172,42.140729312,-122.5033327192
Rubus parviflorus,-1880.5811026678612,-3844.435430937239,4719.479215265215,456603672,47.7974109426,-116.0664767588
Rubus parviflorus,3563.319882737993,-267.3025479894844,5274.566701711133,660537600,55.8837542476,-4.2900096679
Rubus parviflorus,-2224.4603228086744,-3630.8845023529343,4739.009087615326,664161761,48.0595320068,-121.4937064364
Rubus parviflorus,-2549.8172071421827,-2832.879350000074,5105.191468317543,666159862,53.2559582106,-131.9897354397
Rubus parviflorus,-1972.7732213063755,-3673.341322534644,4817.103120666334,666266173,49.1213498208,-118.2380857272
Rubus pubescens,1270.3239556590618,-4277.162324165329,4547.737088937397,108479899,45.5463664037,-73.4584974522
Rubus pubescens,-339.30361866725565,-4454.699426713012,4542.0567149342705,129969602,45.47347,-94.35567
Rubus pubescens,838.495972781629,-4589.459809573196,4338.609949006569,18206231,42.9212583333,-79.6462333333
Rubus pubescens,507.71334214887696,-4213.597027548805,4751.587143398859,19643340,48.2290574955,-83.1293234602
Rubus pubescens,-135.8887482704955,-4392.628149786922,4612.602878578475,202197962,46.38562539,-91.77191631
Rubus pubescens,240.54804482134196,-4104.101322915552,4867.0568210216,20462395,49.8126194444,-86.6456388889
Rubus pubescens,-59.26673783148859,-4257.013795417176,4739.62805809613,205579383,48.067861341,-90.7976282761
Rubus pubescens,1976.9607689243264,-3976.227677882295,4568.478160334615,285571172,45.8133446379,-63.5636618827
Rubus pubescens,-1964.9586999705098,-3376.3070826725852,5032.816400444444,286751468,52.1813964844,-120.1987457275
Rubus pubescens,1884.1866790258384,-4044.206451855228,4547.965244263808,31730091,45.5492963016,-65.0192943759
Rubus pubescens,1422.540111953958,-4463.371494832993,4317.9216827858,381626764,42.66770813,-72.32217829
Rubus pubescens,-1138.1580848080398,-3677.7604129518045,5076.261187979604,396311143,52.8232414759,-107.1957499856
Rubus pubescens,-429.1029725922728,-4062.386730074297,4889.032401601177,42051283,50.1198631805,-96.0296965578
Rubus pubescens,-1038.871585307159,-3604.966341581142,5149.244278045654,450807468,53.9234149444,-106.0758116667
Rubus pubescens,1005.9024678840319,-4326.524632427457,4567.176147224968,507576480,45.7965476,-76.9114495
Rubus pubescens,2142.9399344378594,-3793.6091319832844,4648.235291032709,675546106,46.8521777116,-60.5386949703
Rubus pubescens,78.1024665940678,-4651.941801635183,4352.366093125504,74377452,43.0904290339,-89.038139017
Rubus pubescens,2082.7770501671584,-4011.5124477108748,4489.939951807277,79943498,44.8089891969,-62.561663046
Rubus pubescens,1100.5206737210588,-4441.048293222179,4433.474645654168,80347751,44.0975967878,-76.0821024118
Rubus pubescens,2187.3043564335235,-3511.949989993195,4844.755932943493,93944872,49.502808823,-58.0846219805
Ruellia metziae,-754.5145886826133,-5455.189839829703,3203.3364913104792,140922986,30.18535,-97.874695
Ruellia metziae,-739.6306631170949,-5448.49720647229,3218.163731527352,151931825,30.3397329321,-97.7306170078
Ruellia metziae,-872.7640233697371,-5448.002864264416,3185.4828331283807,159415151,29.99977604,-99.10138781
Ruellia metziae,-811.2432513844028,-5391.464800262861,3296.0195424613676,205126624,31.15443229,-98.55699157
Ruellia metziae,-826.3307188991565,-5386.31397082602,3300.68969767918,206016465,31.2035228732,-98.7219180118
Ruellia metziae,-807.3887458322268,-5388.324382667207,3302.0958329423106,206787392,31.2183085275,-98.5218228919
Ruellia metziae,-735.3424182740931,-5447.667730314747,3220.5497912082674,207382975,30.3645995791,-97.6874899859
Ruellia metziae,-901.5074005891878,-5391.203559165414,3272.913338297019,207492050,30.9119226723,-99.4930663906
Ruellia metziae,-832.2316917060157,-5471.733196131723,3155.515706084776,21743006,29.6890692632,-98.6482089758
Ruellia metziae,-778.2096134181921,-5368.274185982406,3341.5228850594262,218503714,31.6338372117,-98.2483995998
Ruellia metziae,-736.6883022269951,-5448.420130295766,3218.9690211039942,229426442,30.348124661,-97.7003407851
Ruellia metziae,-937.0399758181177,-5460.580548196086,3145.4362638684556,229622292,29.5847791721,-99.7371643782
Ruellia metziae,-930.4185815806591,-5410.5838469448945,3232.5928954797055,281744870,30.49020515,-99.75730527
Ruellia metziae,-846.1514092390846,-5454.799026172087,3181.0294727324026,294857193,29.9535411796,-98.817477659
Ruellia metziae,-842.2736765196233,-5480.187046374411,3138.132903538289,307956607,29.5092799825,-98.7376643345
Ruellia metziae,-819.2485845752452,-5485.013097892659,3135.795943982144,404873937,29.4851333333,-98.4949716667
Ruellia metziae,-751.019886146758,-5433.4075781156125,3240.957320046869,46761439,30.5775387749,-97.869707936
Ruellia metziae,-811.3943590718007,-5484.931632692964,3137.9798132601168,509423368,29.507698,-98.4148242
Ruellia metziae,-730.9980828080342,-5439.745211075237,3234.898293794171,77194929,30.5142681627,-97.6536103339
Ruellia metziae,-771.9251232745032,-5427.963671843793,3245.164881924972,94968225,30.6215,-98.09391117
Salix bebbiana,-1040.2018679567032,-3832.2399290909575,4982.135117543256,133843438,51.44415,-105.18615
Salix bebbiana,128.97399929107513,-4669.184466894291,4332.647602944114,277527177,42.8480786353,-88.4177563962
Salix bebbiana,34.643253977405664,-4541.291433500933,4468.246310426758,277820941,44.5346493297,-89.5629274693
Salix bebbiana,1009.6365230340833,-4369.92120884215,4524.839870044535,332597026,45.253099,-76.990531
Salix bebbiana,1560.2568304198974,-4160.715116574832,4565.501228946409,336118984,45.7749472222,-69.4440916667
Salix bebbiana,-2024.4845422748988,-3495.2327017410116,4926.922348530333,379854704,50.6542961464,-120.0799843669
Salix bebbiana,-1528.411269873129,-3460.874266150578,5126.018087531387,387613024,53.57019509,-113.82748882
Salix bebbiana,-1743.4313087222436,-3583.3674328019165,4970.883044588665,398199755,51.282082347,-115.944512534
Salix bebbiana,-1646.596645398372,-3631.7783877830498,4968.768293961011,399329651,51.2516866667,-114.3888633333
Salix bebbiana,-2230.210580497921,-3978.8857091708487,4447.963849860805,41266919,44.2793194444,-119.271125
Salix bebbiana,-1778.8037897860854,-3731.7422737120874,4847.649926480895,437676702,49.5429020025,-115.4856645208
Salix bebbiana,-1869.0983284841213,-3727.3455741399785,4816.961650156083,447408255,49.1194058519,-116.6317323232
Salix bebbiana,866.9024487325876,-4482.153100174728,4443.932589571195,501439415,44.2287033333,-79.0534666667
Salix bebbiana,-1775.8222666543109,-3671.487762078878,4894.526128220915,511216169,50.19698,-115.8120883333
Salix bebbiana,-1431.8425929626562,-3868.0439113236866,4855.699354235924,511234146,49.6545916667,-110.313155
Salix bebbiana,-822.5957521578127,-3787.2420317486035,5056.667593501284,526841882,52.5326083333,-102.254405
Salix bebbiana,-2079.750910120497,-3272.97021797956,5054.904077601199,650852163,52.5065443894,-122.4331942946
Salix bebbiana,-1967.987840661552,-3406.0684727537205,5011.534151095736,654280923,51.8703383333,-120.0188361667
Salix bebbiana,-1018.0609838603202,-3769.313192636157,5034.439692620998,72266708,52.2052115116,-105.1144830301
Salix bebbiana,1571.8641263458278,-4313.048530935719,4417.760594212608,86244902,43.9011413283,-69.9760404533
Salvia longispicata,-1386.787599721832,-5800.0586572626835,2241.850319545753,100419669,20.602537186,-103.4469055384
Salvia longispicata,-1419.9254628395186,-5821.676734378162,2163.710888741246,145690143,19.8536177917,-103.707001023
Salvia longispicata,-933.8570578493491,-5855.778675655241,2329.7038925416555,166234025,21.4489867321,-99.0610095118
Salvia longispicata,-731.7074228457496,-5974.645299257733,2087.575369917775,215074939,19.1272903058,-96.9821742003
Salvia longispicata,-1213.0038675159806,-5875.1446036618045,2145.0059750807895,216781884,19.674871006,-101.6655824887
Salvia longispicata,-1350.0659404504106,-5832.8167364982255,2178.3764607017274,23378693,19.9939049213,-103.0322084311
Salvia longispicata,-1282.5942029823173,-5801.038684870689,2300.577192094918,246073607,21.1678232,-102.4673749
Salvia longispicata,-1428.498029592107,-5800.511451449256,2214.3200786550597,26819175,20.3382638303,-103.8349822909
Salvia longispicata,-1371.8632686624742,-5811.391648797321,2221.5920881342954,28300780,20.4080264806,-103.2823369045
Salvia longispicata,-1310.5487257129187,-5802.746186396634,2280.4280000624885,28858114,20.9736332692,-102.7267156541
Salvia longispicata,-1210.210631366907,-5881.304673015283,2129.647553134683,325082866,19.5282527778,-101.6275944444
Salvia longispicata,-1152.1388383524707,-5892.588155395203,2130.6651679072916,334990589,19.5379632473,-101.0630959215
Salvia longispicata,-1442.788081870288,-5841.75928231173,2093.314158939175,336300514,19.1819251774,-103.8731842944
Salvia longispicata,-1330.0899783125872,-5835.66331240194,2183.036299184205,347238682,20.038505882,-102.8397645096
Salvia longispicata,-1053.6183150838162,-5922.6476551514015,2098.0672841276987,384871969,19.227189978,-100.0871919841
Salvia longispicata,-949.8866455129271,-5949.0842859856175,2072.646773715346,465187501,18.9852503456,-99.0718061096
Salvia longispicata,-1202.1195754716327,-5877.630548231723,2144.3229221454926,482496801,19.66834744,-101.55897958
Salvia longispicata,-958.6048215925274,-5950.868032337324,2063.4920856166855,5395867,18.8982068905,-99.1509675944
Salvia longispicata,-1323.2083034709904,-5791.675008504113,2301.167858104173,65642531,21.1735196393,-102.8693310741
Salvia longispicata,-1171.3743966030822,-5888.467500353049,2131.568823647528,76245835,19.5465867657,-101.2507991955
Salvia lyrata,1215.5047988665654,-4954.424938087488,3816.539629882883,129495779,36.801741,-76.215474
Salvia lyrata,715.0452856147763,-5069.647761414787,3791.719259699953,133264966,36.523475647,-81.9717102051
Salvia lyrata,931.1720810104048,-5274.618201326466,3449.7934018517303,186128859,32.784655,-79.9882583333
Salvia lyrata,-601.5223040582512,-5451.088033562145,3242.4625360601262,187147909,30.5932632018,-96.2970568845
Salvia lyrata,823.1590643156023,-5220.723320599439,3557.5567872153024,187276276,33.9450616667,-81.0398555
Salvia lyrata,726.7681943194875,-4943.396972228078,3952.7695981892616,190633455,38.347595,-81.636405
Salvia lyrata,-492.99637555798057,-5361.62918306881,3405.8244532901313,34197230,32.315545,-95.2535166667
Salvia lyrata,206.2161004844778,-5236.602342003751,3622.8750960113484,35525027,34.65615,-87.7448716667
Salvia lyrata,253.54779140695723,-5105.675755300954,3802.3074216693904,37268702,36.6420583333,-87.1570278333
Salvia lyrata,911.2959250977068,-4952.079716703101,3903.3574453277365,38655211,37.783171,-79.572924
Salvia lyrata,845.3977131615031,-5471.093056097963,3153.1248956829145,60587473,29.6643222222,-81.2160805556
Salvia lyrata,902.7303003816033,-5063.714134328351,3759.4720773339504,637596422,36.1634340606,-79.8918250399
Salvia lyrata,-136.7364814017197,-5193.66428221135,3687.3984851129626,638359663,35.36462575,-91.5081094
Salvia lyrata,766.9565838990886,-5188.727506289586,3616.4399059800676,639388460,34.5858243386,-81.5918738768
Salvia lyrata,-665.8268734623658,-5316.184021155968,3447.4070194072997,640830088,32.7591312125,-97.1388523533
Salvia lyrata,228.13253397160997,-5030.1228092873025,3903.2772384380714,641601560,37.7822583333,-87.4032283333
Salvia lyrata,119.2894847806554,-5187.992278721074,3695.978796533973,643143918,35.4593053238,-88.6828083917
Salvia lyrata,472.1652862959872,-4918.871246942805,4021.3826885903063,656925037,39.1387343778,-84.5169445572
Salvia lyrata,477.34769294826737,-5061.562556043277,3839.59331192446,679392703,37.0611083333,-84.6124633333
Salvia lyrata,427.989550491475,-5196.557247994241,3660.9248616525933,680551782,35.0731983593,-85.2917340417
Salvia nemorosa,2572.9228758637155,2834.1536790559067,5092.876783118602,122040981,53.0712333333,47.7659666667
Salvia nemorosa,51.84641618500764,-4213.866782629562,4778.115927544808,142044533,48.5884652815,-89.2950819048
Salvia nemorosa,3473.3687507448326,2907.660210276527,4480.064146036458,204547290,44.6839377397,39.9337023018
Salvia nemorosa,3566.106352180132,2523.8193858194695,4637.129966086759,258230704,46.7063382296,35.2879624194
Salvia nemorosa,3524.0333353264527,2256.0671553083985,4804.279672534066,295110680,48.945448985,32.6271527518
Salvia nemorosa,4067.948111965219,1138.4214962107499,4769.22926530077,296684009,48.4677868383,15.6343577988
Salvia nemorosa,2218.7934851321606,3185.7869568262463,5051.481967277354,298783927,52.4560112314,55.1440859959
Salvia nemorosa,3921.1353690720684,811.0642446615631,4955.464189974644,314886854,51.0609230209,11.6864946485
Salvia nemorosa,2983.1783332677874,2797.0250045504044,4885.391620486414,328754458,50.068825,43.1554083333
Salvia nemorosa,2845.8338198549905,2637.3996027157523,5053.227318757962,38136074,52.481777,42.823063
Salvia nemorosa,3932.0194056546025,514.8471886012916,4986.372318191092,412297333,51.5053291316,7.4597049285
Salvia nemorosa,2751.4920053838546,2853.4778548442014,4987.655662322722,450371705,51.523875,46.0424166667
Salvia nemorosa,-2420.1631939855706,-3746.4993532890308,4549.319272150491,508945691,45.5666874396,-122.8616465909
Salvia nemorosa,3866.1736769030654,88.58751106939883,5063.0629546334685,509432158,52.6272588895,1.3126162746
Salvia nemorosa,3970.8323015398496,-6.436278431166919,4982.188528854075,574598140,51.4449206729,-0.0928700179
Salvia nemorosa,4039.3891990629427,1401.2480069358471,4723.303086954022,684817601,47.8486288232,19.1314562783
Salvia nemorosa,3494.1021164937592,820.0724253136564,5263.884948061787,687321198,55.7128560427,13.2083644254
Salvia nemorosa,3903.8004124123645,8.182824359527043,5034.881181429408,701056889,52.2116907223,0.1200985102
Salvia nemorosa,3137.6541082577664,4116.354642967232,3714.902997378626,79342086,35.66852,52.683866
Salvia nemorosa,3631.9716044992224,2659.6858272838936,4508.282011357982,89920821,45.0419665408,36.215246323
Salvia texana,-779.5285904557433,-5478.740513492668,3156.816543949556,123514334,29.7025366667,-98.0978305
Salvia texana,-843.1995425024022,-5461.526414923022,3170.251863858652,124113164,29.8417366882,-98.7765428286
Salvia texana,-984.6125856581069,-5430.546386850867,3182.6808080770666,130110582,29.97068286,-100.27666126
Salvia texana,-739.3497975526055,-5456.690110051989,3204.3170956378767,14807576,30.19555268,-97.71625405
Salvia texana,-753.6234460913298,-5454.691798345984,3204.3942042507683,16083081,30.196355,-97.86622
Salvia texana,-732.1396148142823,-5447.031404383828,3222.3552867046433,16715297,30.38342,-97.6552883333
Salvia texana,-883.687939131908,-5466.950969705039,3149.8088593994685,264178714,29.6300083333,-99.181975
Salvia texana,-1044.059984517563,-5642.149915259035,2768.724654448161,269872429,25.7586879712,-100.483793132
Salvia texana,-756.3139545993532,-5551.766831524969,3032.4292869141937,271375970,28.4227322874,-97.7576160265
Salvia texana,-944.6037006049686,-5308.994590085004,3392.9417060906007,34470749,32.1785583333,-100.0887833333
Salvia texana,-825.247230506737,-5571.61439816953,2977.5548922443695,356798029,27.8630666667,-98.4251866667
Salvia texana,-1030.4203535298975,-5644.1505887120375,2769.75651576999,37302122,25.768992,-100.346222
Salvia texana,-799.7184029471197,-5535.909448743164,3050.2311684495808,386197062,28.6049283333,-98.2200916667
Salvia texana,-788.7469774112456,-5467.017163814362,3174.799941076795,485970246,29.8889021229,-98.209627904
Salvia texana,-703.5928809818387,-5282.929192857787,3490.7548368168286,635559211,33.22391367,-97.58614313
Salvia texana,-1095.6668022383365,-5651.375506385447,2729.6927068768928,64520338,25.36957167,-100.97216167
Salvia texana,-936.3635181402209,-5460.186445754111,3146.3217364371035,645933210,29.5939366667,-99.7309583333
Salvia texana,-650.459175509118,-5349.721098288806,3398.1083209922895,67345494,32.2334719108,-96.9324219587
Salvia texana,-938.5788154835085,-5407.180587468489,3235.9266109272226,67972124,30.52500333,-99.84728833
Salvia texana,-779.3651929993887,-5435.980838475839,3229.9311678953723,70274630,30.4624302848,-98.1589861707
Scaevola nitida,-2228.9100428873217,4773.325699819461,-3582.8863942129838,13556623,-34.220099189,115.0302779675
Scaevola nitida,-2395.161031577947,4635.064778159574,-3656.3822645823607,235079426,-35.0232972222,117.327575
Scaevola nitida,-2292.3284389679156,4700.387265496471,-3638.865621582497,338567123,-34.8311583333,115.997995
Scaevola nitida,-2440.698089139317,4604.322955700344,-3665.099737655167,377145251,-35.1190869466,117.9275428131
Scaevola nitida,-2244.983628501077,4812.886100506398,-3519.3648604530745,42203496,-33.5320307536,115.0068247787
Scaevola nitida,-2445.3899181780343,4603.400931834104,-3663.129964735017,428436266,-35.0974327629,117.9778549981
Scaevola nitida,-2331.2955886235663,4669.02564577995,-3654.451193707593,433271218,-35.0020933333,116.5334583333
Scaevola nitida,-2387.9956924255785,4638.626856338468,-3656.551734939602,446439205,-35.0251583333,117.2397083333
Scaevola nitida,-2375.0173624522317,4649.318950023665,-3651.421498359061,461320564,-34.9688372,117.0593647
Scaevola nitida,-2419.3448254277905,4619.223936792829,-3660.5046055309604,465108648,-35.0685805,117.643555
Scaevola nitida,-2351.2187522788345,4860.556074774451,-3381.7921510026263,573702090,-32.06016746,115.81465684
Scaevola nitida,-2231.6391802516573,4788.771412089737,-3560.506714162354,575382905,-33.97704712,114.98622399
Scaevola nitida,-2244.393025124926,4811.276270505991,-3521.941755241557,577263819,-33.5598365398,115.008392649
Scaevola nitida,-2245.7092630639013,4812.29757415234,-3519.706677164154,578079362,-33.5357185861,115.0166040329
Scaevola nitida,-2359.9331891606707,4653.405021842373,-3655.9937329086833,591056987,-35.0190305556,116.8914416667
Scaevola nitida,-2231.089872526619,4784.2837102353,-3566.8782556128467,592532970,-34.0461735496,115.0013942594
Scaevola nitida,-2355.8296609237827,4654.261035090659,-3657.55026699921,594591450,-35.036125,116.8469916667
Scaevola nitida,-2355.4464220692234,4860.886331448555,-3378.373773752002,599724978,-32.0239003296,115.8535006208
Scaevola nitida,-2326.760279509538,4971.492669448092,-3234.223302278002,624116443,-30.5072222,115.0805556
Scaevola nitida,-2351.562172527113,4879.928271739986,-3353.5367212973524,94449771,-31.76082167,115.7287
Scutellaria parvula,21.29868744840514,-4641.076336602271,4364.5973392079195,113369462,43.2412401575,-89.7370617838
Scutellaria parvula,123.47562692471313,-5312.594076165107,3514.3777658539216,120045630,33.478243269,-88.6685678
Scutellaria parvula,-218.61664561922768,-4454.955967442051,4549.211714142143,134408493,45.5653057674,-92.8094039835
Scutellaria parvula,-198.41188945263485,-5335.432210447728,3476.1399539601607,187356267,33.066936558,-92.1297108382
Scutellaria parvula,-221.7853584498727,-4535.538577139938,4468.719525740022,204552807,44.5406198431,-92.7995023864
Scutellaria parvula,552.7900054542897,-4407.061757116291,4567.49198231484,207267258,45.8006216667,-82.85057
Scutellaria parvula,104.74515664235143,-5285.862811388805,3555.057794328277,272088245,33.917975,-88.86477
Scutellaria parvula,381.5955555003143,-5374.413220548338,3399.97360232327,32340839,32.253305282,-85.9386850618
Scutellaria parvula,-524.5645415448889,-5504.955805513526,3163.865792155882,32676035,29.7755480556,-95.4432513889
Scutellaria parvula,-479.3741214913718,-5526.614593822191,3133.126986362569,33494218,29.4575633481,-94.9573822507
Scutellaria parvula,478.72202432834683,-5349.000060718989,3427.6488594266293,359785600,32.54808579,-84.88579767
Scutellaria parvula,333.21036919219017,-5152.854376244158,3731.864916735554,369815151,35.8565078589,-86.3001082465
Scutellaria parvula,-335.19142909305816,-5105.385113579485,3796.3723049222904,378378822,36.5755652437,-93.7563338325
Scutellaria parvula,276.26348330837345,-5332.525644427667,3475.284429940815,485735928,33.0577561392,-87.0343146846
Scutellaria parvula,150.75636165113377,-5110.934366333323,3800.7072436761214,487866891,36.62412536,-88.31044603
Scutellaria parvula,-222.46898736867348,-5141.927830596546,3755.1083691783488,498776134,36.1148402794,-92.4773956184
Scutellaria parvula,-466.4610358664109,-4930.3179097754955,4008.0085504203767,504362491,38.9838333333,-95.4047083333
Scutellaria parvula,-202.622587007419,-4530.455118655667,4474.781965052433,509950115,44.6171633333,-92.5608216667
Scutellaria parvula,382.7291891964072,-5006.771803448299,3921.161512308511,641278904,37.9860419118,-85.6286796796
Scutellaria parvula,-71.65734164270674,-4987.857513899449,3963.0664612270803,656272015,38.4657666667,-90.823075
Searsia laevigata,5011.679783634081,1689.1695563541139,-3552.397090117789,115006925,-33.889145,18.6262133333
Searsia laevigata,5006.392244685313,1662.5965348740988,-3572.3329330084593,165354671,-34.1053974934,18.3710555962
Searsia laevigata,4961.8012824680445,1730.9184789624408,-3601.972012962102,173310071,-34.4279316667,19.231265
Searsia laevigata,5081.47165377612,1642.9282849022245,-3474.0733458312966,216464430,-33.0447619287,17.9169235379
Searsia laevigata,5077.54600147356,1654.3659933317572,-3474.385253926904,272464286,-33.0481083333,18.046645
Searsia laevigata,5013.130661606745,1686.775520177199,-3551.48735656861,337340639,-33.8792898383,18.5966187716
Searsia laevigata,5007.845975819801,1687.3280878526878,-3558.673311233591,337637144,-33.9571664934,18.6205696365
Searsia laevigata,4964.620721995021,1724.0727213019973,-3601.370220912784,339665619,-34.421370589,19.1506718445
Searsia laevigata,4771.840451284287,2265.6784116409285,-3561.7401887544593,340829755,-33.990425,25.3984516667
Searsia laevigata,4868.92721294031,2044.3738602754402,-3564.244161696732,348231695,-34.0175887883,22.7766480153
Searsia laevigata,5043.466754695791,1669.8085993754476,-3516.3810182355874,354923291,-33.499845,18.318855
Searsia laevigata,4764.357982208056,2274.869357547343,-3565.896178121281,374011522,-34.0355150774,25.5233826488
Searsia laevigata,5035.282593738549,1685.7881819305892,-3520.4829976203805,37427887,-33.5440948284,18.5102959737
Searsia laevigata,4770.081634954342,2309.9788172892745,-3535.544115015904,391863020,-33.7067605134,25.8392361235
Searsia laevigata,4957.329413538929,1742.7034285906104,-3602.44680395391,453462708,-34.4331084704,19.3686542474
Searsia laevigata,5075.355249308316,1674.3190243262216,-3468.022206932252,592252961,-32.9798655,18.2573088
Searsia laevigata,5012.496772026621,1718.2584102126789,-3537.261267680624,593658879,-33.7253259465,18.9214540463
Searsia laevigata,5010.587417443707,1665.3822662153602,-3565.1463881876757,604436779,-34.02737852,18.38539626
Searsia laevigata,5068.55452507286,1659.3929674459164,-3485.1001614920483,615550972,-33.163144,18.127918
Searsia laevigata,5019.533432923504,1677.5725396787307,-3546.7996305904376,647874514,-33.8285256352,18.4800844744
Sedum caeruleum,5083.285925419666,454.03322243339636,3813.6349016436434,113131311,36.7691235119,5.1040484254
Sedum caeruleum,4993.389018351186,1263.480812631362,3749.591374696662,117816283,36.0534466292,14.1995594072
Sedum caeruleum,4812.848811330184,816.94738705853,4093.75578359693,174972240,39.9829825395,9.6337331923
Sedum caeruleum,4900.726984738541,761.6957848035559,3999.0558488405,17884552,38.8803311235,8.8345142081
Sedum caeruleum,4725.307738739296,784.9769619113483,4200.598894581152,208526454,41.2488146685,9.4319486618
Sedum caeruleum,4924.001950603459,1327.0586029241729,3818.7528572212836,266765950,36.8266028817,15.0833051652
Sedum caeruleum,4622.0563197261645,755.1342061319948,4319.273183961192,284194409,42.6842401532,9.2787929702
Sedum caeruleum,4731.084693636055,783.5553979087271,4194.357124724619,285249340,41.1741970847,9.403882809
Sedum caeruleum,4680.023892888238,736.7942236300819,4259.608404970814,305032829,41.9585224274,8.9468607722
Sedum caeruleum,5002.456066439579,1289.327526096177,3728.648677935479,368597759,35.82082832,14.4528012058
Sedum caeruleum,4999.769987201738,1295.6266062947814,3730.0676805944468,368803117,35.8365681334,14.5279041369
Sedum caeruleum,4875.395924589838,721.5879115145658,4037.2736585629527,372915817,39.32323,8.419
Sedum caeruleum,4639.062201167959,713.0942427178472,4308.172654893811,378175538,42.5485846127,8.738830913
Sedum caeruleum,4991.359051834149,1265.5298854817136,3751.602598131015,457923049,36.0758221667,14.2272033333
Sedum caeruleum,4995.523218322217,1281.520599206044,3740.615705828609,475256427,35.953666687,14.3880367279
Sedum caeruleum,4998.438663218455,1278.3869874468908,3737.7922320598295,477612589,35.922305,14.3462833333
Sedum caeruleum,4742.442287869198,758.4508055778999,4186.137438191159,506193601,41.0760638333,9.0862721667
Sedum caeruleum,4882.171183849509,1140.5370637448787,3931.0727374968687,51510917,38.09922,13.1492
Sedum caeruleum,4796.910147841066,751.8226632531916,4124.8234927370795,609169322,40.3486009119,8.9075379494
Sedum caeruleum,5115.784568355642,157.99899421209776,3793.8816135561847,659112109,36.5476782539,1.7689952999
Senecio odoratus,-4106.4019373388555,2777.9124821383875,-4001.302100601361,106591980,-38.9062858606,145.9223036283
Senecio odoratus,-3781.909275503577,3503.8942534237126,-3742.9454207030226,115173489,-35.9795533333,137.1852583333
Senecio odoratus,-3994.069571457137,2946.5254048628562,-3994.3897439453026,120930328,-38.8264460117,143.582872376
Senecio odoratus,-3875.287995419223,3280.959092410917,-3848.0129308726637,13004510,-37.156055,139.74754
Senecio odoratus,-3878.952866653522,3430.8130617265792,-3711.19920287825,159935190,-35.6275300114,138.5082413371
Senecio odoratus,-3916.689313948928,3445.165764866217,-3657.8861108937617,243491481,-35.0398138333,138.6647633333
Senecio odoratus,-4086.2943240724644,2938.9591830544987,-3905.6972165120837,346306053,-37.8098,144.2754216667
Senecio odoratus,-4084.5402855324774,2998.419969104286,-3862.0928878545064,449723170,-37.3150994891,143.7179818359
Senecio odoratus,-3904.2495183924584,3156.537178469339,-3922.099166103595,463730262,-37.9967416667,141.0448916667
Senecio odoratus,-3989.0134582011397,2950.039633576631,-3996.847622851623,469854345,-38.854825,143.51555
Senecio odoratus,-3908.932421689184,3105.859755716119,-3957.7311215098457,590020674,-38.4045116667,141.530945
Senecio odoratus,-3965.8314191658424,3022.7346086817984,-3965.477243650728,595463118,-38.4934619117,142.685552311
Senecio odoratus,-4091.5214746437478,2921.025782690575,-3913.6700843407066,600863098,-37.9006116667,144.4761366667
Senecio odoratus,-4104.705118873897,2936.2409736151185,-3888.39786565516,601099138,-37.613141616,144.4225169658
Senecio odoratus,-4102.50705976848,2945.5868235239905,-3883.646124366774,601216464,-37.5592150717,144.3217750266
Senecio odoratus,-3978.5119355701618,2986.5989033759915,-3980.1285027692925,603848506,-38.6620063782,143.1050872803
Senecio odoratus,-4080.263773337006,2866.9032896868284,-3965.106076418881,612314841,-38.4891972222,144.9070888889
Senecio odoratus,-3913.820729468454,3136.4252828692383,-3928.6889508128625,61477076,-38.0719831177,141.2923004787
Senecio odoratus,-3943.093386093935,2864.2284071621043,-4103.408742719318,615390042,-40.0963722209,144.0056746228
Senecio odoratus,-4112.7892736402455,2773.9871051753553,-3997.4633282405516,617330441,-38.8619357877,146.0011900616
Senna lindheimeriana,-851.5981535091678,-5477.162897132692,3140.894826779499,152943600,29.537825,-98.8376783333
Senna lindheimeriana,-815.6964558572968,-5463.307336609072,3174.3763745549727,156899957,29.8845086217,-98.4917901805
Senna lindheimeriana,-1369.989497162261,-5353.349188499276,3170.888577881075,156949993,29.8483383333,-104.3546366667
Senna lindheimeriana,-808.5637365293001,-5465.858405366088,3171.808585986249,157018538,29.8578780289,-98.4147309472
Senna lindheimeriana,-991.7297282339171,-5435.496654276338,3172.00274230103,232891393,29.85989138,-100.34012301
Senna lindheimeriana,-852.4700095503692,-5437.676303568985,3208.5392985124813,233022050,30.2394945989,-98.9097971097
Senna lindheimeriana,-789.310561295272,-5441.606580285396,3218.021098889789,243288031,30.3382466667,-98.25325
Senna lindheimeriana,-838.761968272364,-5481.421187680652,3136.9177951458887,248502404,29.496724149,-98.6998637475
Senna lindheimeriana,-1030.296074045769,-5643.180359741218,2771.778951668817,26264231,25.7891903694,-100.3467412798
Senna lindheimeriana,-1017.5830451682033,-5691.929639125008,2675.1102517679337,279383457,24.8275177424,-100.1360557973
Senna lindheimeriana,-1032.3333477975734,-5656.982161805974,2742.734731925693,28224170,25.4994494566,-100.3420112282
Senna lindheimeriana,-1312.4418924838908,-5328.060545393947,3237.1314822149398,312979243,30.5375831522,-103.8379715655
Senna lindheimeriana,-944.2547207968291,-5515.005436500372,3046.7771804484955,325154020,28.5695533333,-99.7157216667
Senna lindheimeriana,-845.3615081655455,-5422.804571739563,3235.4764142101244,437154700,30.5203033333,-98.8605283333
Senna lindheimeriana,-821.5510712397908,-5480.719200494564,3142.693750964674,456714759,29.5564215677,-98.5250726995
Senna lindheimeriana,-741.679665695732,-5518.466377953803,3096.157818743149,547514068,29.0764416701,-97.6546603409
Senna lindheimeriana,-831.3722295870931,-5474.781379557799,3150.451109221667,560000514,29.6366533333,-98.634675
Senna lindheimeriana,-762.0394277003296,-5470.355292628667,3175.5727062558535,591583990,29.8969182335,-97.9304651124
Senna lindheimeriana,-797.7047135048001,-5420.145454451799,3251.9907091372747,594529817,30.6928597551,-98.3723477914
Senna lindheimeriana,-744.8604857740022,-5450.845784071953,3212.9762253516556,600330055,30.2856924037,-97.7812981628
Sidalcea sparsifolia,-2384.3716673533118,-4788.549676784935,3460.3925896584497,117900075,32.8981083333,-116.4701783333
Sidalcea sparsifolia,-2423.710012256934,-4762.706261634262,3468.7190678336465,118518908,32.9873366667,-116.971245
Sidalcea sparsifolia,-2391.8442646703356,-4778.4730456931175,3469.1540027541873,16251797,32.992,-116.59006
Sidalcea sparsifolia,-2408.584434831995,-4746.0235198794435,3501.9615787032294,16741097,33.3444752726,-116.9075775146
Sidalcea sparsifolia,-2426.4350153834066,-4781.435922260528,3440.9354494258346,188946868,32.6899506804,-116.9064240811
Sidalcea sparsifolia,-2445.9953964813085,-4706.265849614508,3529.5780771675686,266085963,33.6422883333,-117.4623283333
Sidalcea sparsifolia,-2435.8336740058803,-4766.131518150289,3455.4967506786734,271168179,32.8456854227,-117.070277786
Sidalcea sparsifolia,-2433.55149077712,-4767.0084602601455,3455.89505211343,283174026,32.8499491357,-117.0442512705
Sidalcea sparsifolia,-2408.333775072476,-4747.123984231957,3500.642146214363,284522142,33.3302722222,-116.8998111111
Sidalcea sparsifolia,-2429.4743932676965,-4777.441862932437,3444.3368807993556,34478609,32.726305,-116.95472
Sidalcea sparsifolia,-2394.217448717502,-4783.484002480721,3460.600632252314,365536567,32.9003366667,-116.5887666667
Sidalcea sparsifolia,-2384.594947979681,-4790.945852440534,3456.9202916367717,472436033,32.860925,-116.4608833333
Sidalcea sparsifolia,-2431.703775486985,-4737.561496986483,3497.439197503078,494045409,33.2958036607,-117.1706012056
Sidalcea sparsifolia,-2433.771938270427,-4767.50961060091,3455.04839256888,494103594,32.8408861111,-117.0439138889
Sidalcea sparsifolia,-2391.6227872343607,-4779.635952745705,3467.7043894310596,511657505,32.9764583333,-116.5823566667
Sidalcea sparsifolia,-2433.789620483549,-4767.492308866526,3455.059811031135,634439106,32.8410083333,-117.0441666667
Sidalcea sparsifolia,-2399.983364227464,-4756.353892571072,3493.8418152132863,64977948,33.2571066286,-116.7748123665
Sidalcea sparsifolia,-2364.2977322675106,-4860.1676984250025,3373.220909762412,680709478,31.9692583482,-115.9412642757
Sidalcea sparsifolia,-2392.020827529489,-4784.227693279165,3461.091571918215,77676407,32.9055953182,-116.5641599747
Sidalcea sparsifolia,-2385.0403520627992,-4731.26378238384,3537.863574279336,79227732,33.7318388889,-116.7527722222
Silene dioica,3109.020227071486,608.0249144963409,5527.571986025105,500376007,60.1824633333,11.0655583333
Silene dioica,4097.096129943628,1021.4718135510086,4770.760082607299,504448781,48.4885544364,13.9993551001
Silene dioica,4432.429033589093,471.12954128367664,4552.072379389823,512903300,45.6020649725,6.0672738031
Silene dioica,-2826.190451317113,-1512.3013322047445,5505.937281078778,512964662,59.7934734446,-151.8486568893
Silene dioica,3901.655486861684,91.78045100931097,5035.713846152507,516719463,52.2239133333,1.3475466667
Silene dioica,-2295.381009829268,-3449.56739176775,4839.572704180117,517248153,49.43108272,-123.64024161
Silene dioica,1520.7213481725712,-4453.17690781701,4294.924346082822,521015234,42.3870666667,-71.1454083333
Silene dioica,3105.280639999864,-48.34095993260572,5562.79142410645,521262033,60.825766129,-0.8918708466
Silene dioica,3908.8900842143053,-326.1627551468521,5020.353503127397,522381069,51.9989783333,-4.7697833333
Silene dioica,2963.106005998738,1217.4722623671787,5507.042510936173,526516752,59.8132352,22.3366357
Silene dioica,3451.0940073919137,-127.4244932686723,5353.827255369403,658174799,57.1762678458,-2.1145673211
Silene dioica,2743.6453781758655,1217.2337861855788,5619.65346602973,661230959,61.8926583333,23.9247383333
Silene dioica,4155.180337920298,902.2661006049759,4744.485785913694,663911180,48.1332774717,12.2511589605
Silene dioica,4801.329459262801,2782.159922016295,-3129.948038165955,665404719,-29.424735,30.0904113889
Silene dioica,3265.5830211023185,-185.6676135459748,5467.288925897902,667076780,59.1096305847,-3.2540988922
Silene dioica,4059.212749199629,483.99269669262804,4886.542341570451,669403881,50.0849504745,6.7994555773
Silene dioica,4037.2328584305606,-347.9194850348449,4916.244095691255,670522245,50.5030693548,-4.9254500493
Silene dioica,3413.9613518542587,773.2536065488515,5323.222696607955,671161464,56.671945,12.7620216667
Silene dioica,2858.807141649968,774.0425541170699,5640.729826976692,713173658,62.2976638846,15.1500027778
Silene dioica,2493.0800362913624,718.247902970659,5818.799275812936,725109966,65.9689120696,16.0715117066
Silene rotundifolia,393.489140786141,-5151.8229812962345,3727.417255305448,156478031,35.8071717044,-85.632307395
Silene rotundifolia,462.9881999517995,-5151.002666418136,3720.5599829778434,188287502,35.7311666667,-84.8638783333
Silene rotundifolia,423.160521880127,-5201.280075612782,3654.774121260174,203999989,35.0056388173,-85.3488314171
Silene rotundifolia,393.63210871856603,-5151.873910960167,3727.3317665900354,291482838,35.8062237121,-85.6307696343
Silene rotundifolia,423.1693536749951,-5201.276960187179,3654.7775323832975,293682790,35.0056762695,-85.3487319946
Silene rotundifolia,471.5194677864923,-5109.3387009502185,3776.516987933208,298708045,36.3535339979,-84.7273471362
Silene rotundifolia,462.28197066588524,-5098.929799420979,3791.6966400084584,30286402,36.5232225113,-84.8195814526
Silene rotundifolia,370.50858456865143,-5195.754791418289,3668.325049105145,303370490,35.154556,-85.92115
Silene rotundifolia,393.7919381567259,-5151.893628032438,3727.287631047404,315560527,35.8057342934,-85.6290191
Silene rotundifolia,452.8448051859237,-5106.1245086423405,3783.1438268106563,389109757,36.4275677043,-84.9318919703
Silene rotundifolia,465.43628027602347,-5095.267615106517,3796.231042643085,41543608,36.5739833333,-84.7807
Silene rotundifolia,464.67816579422396,-5096.279405664405,3794.9655533762634,41544084,36.5598133333,-84.7901833333
Silene rotundifolia,464.6976298029659,-5098.511032111095,3791.96446422885,42701853,36.5262197703,-84.7922342085
Silene rotundifolia,474.83655813827255,-5107.589951951117,3778.466389351747,52378702,36.375305,-84.6886583333
Silene rotundifolia,386.6358614442122,-5190.6667833992515,3673.859575982511,524250873,35.21545578,-85.74009077
Silene rotundifolia,553.5435539192312,-5001.001103654823,3908.110876732535,558234195,37.83728,-83.6838383333
Silene rotundifolia,465.73171182961016,-5008.8889709805735,3909.460113450816,572833357,37.8526457887,-84.6878523076
Silene rotundifolia,391.60340041113665,-5175.948628531297,3694.043272793222,598846864,35.4379380371,-85.6733424935
Silene rotundifolia,598.8147838900171,-4958.856579421894,3954.8597205206133,670552684,38.3715666133,-83.1144944053
Silene rotundifolia,465.74464771982406,-5008.905123403633,3909.437877436934,706655658,37.8523925278,-84.6877226374
Silphium integrifolium,-194.60266991296606,-4576.171412219533,4428.37872550721,155972416,44.033816792,-92.4350481666
Silphium integrifolium,69.5571970156382,-5392.523545419106,3391.9912644523897,212799837,32.1684601329,-89.2609929681
Silphium integrifolium,203.59115213736044,-4748.093639234321,4243.101526656109,222116474,41.759205,-87.5447466667
Silphium integrifolium,-104.09507651347278,-4834.508818213767,4148.0648296930485,22308384,40.6234155601,-91.2334835529
Silphium integrifolium,-310.23676866879646,-4749.345182846776,4235.23631114174,296070619,41.6644515991,-93.7373657227
Silphium integrifolium,-351.8412008571047,-4751.003974784578,4230.120817498953,314553211,41.602899282,-94.2353750815
Silphium integrifolium,-206.53867930649443,-4951.014381017431,4004.3166086844776,316899041,38.94113248,-92.38879071
Silphium integrifolium,55.18832292014242,-4654.407690397177,4350.08004871891,321072738,43.0622833333,-89.3206633333
Silphium integrifolium,165.15919194255846,-4744.568882845892,4248.710591099939,322448401,41.826863757,-88.0063298832
Silphium integrifolium,-218.83333237162594,-4864.118000678281,4108.798021051665,327509947,40.1597602842,-92.5759608082
Silphium integrifolium,-9.548351736149685,-4657.534951561603,4347.071443355701,356448257,43.0252611667,-90.1174611667
Silphium integrifolium,429.2235398916705,-4875.36163103021,4078.7705560816667,402220686,39.8073284073,-84.9686906681
Silphium integrifolium,66.49818467652926,-5039.260041020226,3897.587633407234,404720310,37.7175455645,-89.2439675341
Silphium integrifolium,311.02335454937474,-4745.948176358634,4238.984962219191,408306128,41.7095947266,-86.2505111694
Silphium integrifolium,-287.08077035299556,-5071.616933998141,3845.2619463118845,464626518,37.1250195,-93.2397916667
Silphium integrifolium,20.110400107946734,-4617.6573041482725,4389.372360933968,558603849,43.5478666667,-89.7504722222
Silphium integrifolium,327.65249653263317,-4900.328898563328,4058.222967888592,576901847,39.5672,-86.174705
Silphium integrifolium,162.72136899258086,-4839.91145200662,4139.87101519912,720271619,40.5264001612,-88.0743992329
Silphium integrifolium,103.03797303783631,-5312.662200833752,3514.933377124232,88295548,33.4842340686,-88.8888996336
Silphium integrifolium,161.91276209683176,-4703.723618557068,4294.009956599543,94079678,42.3759341485,-88.0285286243
Simethis mattiazzi,4684.9367821956985,-92.17763666190673,4316.552300135685,172852970,42.6509618577,-1.1271674395
Simethis mattiazzi,4828.322379247415,-666.0145616651724,4102.862505054974,19850662,40.0899507338,-7.8537681699
Simethis mattiazzi,4982.021183093459,-760.914348336145,3897.464228877754,267413831,37.7161426053,-8.6837947624
Simethis mattiazzi,4764.40150232592,-689.0238602381795,4173.185542763997,269124497,40.9217301371,-8.2290162577
Simethis mattiazzi,4831.253510817834,-706.5364043576434,4092.621281428953,32105518,39.9696683333,-8.32012
Simethis mattiazzi,5114.586559539166,-500.9998581942385,3765.601757587771,358757133,36.2317444443,-5.5945659312
Simethis mattiazzi,4699.701025860002,-729.0980051721941,4239.21920830497,360325249,41.712416687,-8.8184039876
Simethis mattiazzi,4743.812323067417,-700.9937422035376,4194.592417217987,380027095,41.1770083594,-8.4057739191
Simethis mattiazzi,5089.668471977761,-471.76054229526636,3802.955425161629,380961586,36.6493216064,-5.2956055018
Simethis mattiazzi,4817.553851973151,-514.7957294987405,4137.1383068379455,386627084,40.4940759084,-6.0993855447
Simethis mattiazzi,4593.141646401734,-673.2464726032619,4363.43237977795,387973842,43.2268601569,-8.3388322592
Simethis mattiazzi,4619.962130420644,-390.5980138835325,4369.569342018366,389455564,43.3026516609,-4.832620176
Simethis mattiazzi,4878.976556041554,-735.8240722195135,4030.372666394092,494213416,39.2430492464,-8.5764427013
Simethis mattiazzi,4892.260461921177,-796.4880536649504,4002.6425624541153,498528557,38.921779,-9.246952
Simethis mattiazzi,4775.937588614512,-704.8723073895345,4157.322252317203,502225530,40.7331939927,-8.3955760673
Simethis mattiazzi,4772.834928377424,-662.2166607008737,4167.885431538167,506041327,40.8586783333,-7.8991883333
Simethis mattiazzi,4660.482273091095,-709.8606064856115,4285.52867581597,509748508,42.27277,-8.6604333333
Simethis mattiazzi,4686.007309511783,-725.5059558458194,4254.965303373439,518887954,41.902395,-8.80088
Simethis mattiazzi,3883.138633308686,-694.030487795475,5002.930058095291,525128549,51.7451917381,-10.1334349439
Simethis mattiazzi,4305.536533820772,-119.97510382227848,4694.434391923577,564553740,47.4631928253,-1.5961515339
Smallanthus uvedalia,-735.7430117931096,-5430.627590451554,3249.110543533628,145264962,30.6627429994,-97.7154722009
Smallanthus uvedalia,684.7720370646964,-5166.066032605113,3665.051450347644,155870257,35.1185560439,-82.4493500593
Smallanthus uvedalia,681.0028907889838,-5049.497411213459,3824.7305900629203,221854348,36.8937930664,-82.3191218545
Smallanthus uvedalia,1152.517391990651,-4816.213006535599,4008.185258507124,237148132,38.9858777778,-76.5422222222
Smallanthus uvedalia,-76.90299449048746,-5429.958776654533,3331.5742139337435,293101527,31.5288123477,-90.8114099258
Smallanthus uvedalia,97.2040350014399,-5316.90327613496,3508.6812419315324,294602746,33.4168451771,-88.9526308267
Smallanthus uvedalia,1006.9299630501935,-5215.297693491154,3518.027166958069,317102155,33.5176,-79.0722278333
Smallanthus uvedalia,526.0382637610156,-5219.942810847495,3614.5862731740513,328902517,34.5655783333,-84.2454616667
Smallanthus uvedalia,307.92890229650465,-4978.13104763333,3963.9808517949455,396665021,38.47627,-86.4604033333
Smallanthus uvedalia,165.62489399470272,-5240.6132106279565,3619.156628381594,40344503,34.6155062172,-88.1898206468
Smallanthus uvedalia,420.19451168592917,-5194.357062732233,3664.9480769678335,404685260,35.1174195,-85.3751616667
Smallanthus uvedalia,288.6318165913944,-5281.360177986371,3551.5742248344404,416374333,33.8802308348,-86.8718380225
Smallanthus uvedalia,-377.6550777007495,-5111.171570962652,3784.5812111972764,420976292,36.4436351875,-94.2258008569
Smallanthus uvedalia,726.4837139567024,-5485.865885798958,3157.0951879948643,522945319,29.7054216667,-82.4563133333
Smallanthus uvedalia,884.3755610652316,-4877.798636304459,4001.8387599120415,544105221,38.9124881955,-79.7235469404
Smallanthus uvedalia,475.624703710721,-5064.788476393796,3835.551063443965,546396753,37.0155667674,-84.6351950885
Smallanthus uvedalia,-292.2948415511594,-5269.155767217231,3569.3576951716973,560632970,34.0730888333,-93.1751033333
Smallanthus uvedalia,503.4943957662187,-4924.217640880103,4011.025697792852,692331435,39.0187486743,-84.1618753597
Smallanthus uvedalia,747.9323294731553,-5268.008058121479,3504.0607100581824,711799446,33.3670761791,-81.9193625455
Smallanthus uvedalia,504.80431709579534,-5273.5275741205805,3539.0440313888143,716297905,33.744605,-84.5320666667
Solidago hispida,661.1022672966664,-4374.794975777981,4584.088332674271,152796430,46.015125,-81.4067
Solidago hispida,950.1526407245474,-4422.382312690247,4486.590885004567,155916570,44.766551626,-77.8742876571
Solidago hispida,937.760158965666,-4439.152828093697,4472.6145801714065,159473852,44.5897866667,-78.0717778333
Solidago hispida,133.342620112921,-5287.125652284752,3552.221166015904,161079985,33.8872391219,-88.5552924872
Solidago hispida,-475.23163804710885,-3976.4285036924025,4954.98984609445,169041136,51.0541360658,-96.8152185496
Solidago hispida,837.1596778179359,-4334.847188611264,4593.257738784339,225340866,46.1339945,-79.0694195
Solidago hispida,1468.2226717042167,-4023.4953654793258,4716.519941645275,352506450,47.7578083333,-69.9523555556
Solidago hispida,-286.7814963808612,-4456.552718275546,4543.858203359985,419460330,45.4965783333,-93.6819366667
Solidago hispida,860.2121402403741,-4443.7035819721405,4483.668885971451,423963551,44.7295510797,-79.044191473
Solidago hispida,805.518036274263,-4443.814051028074,4493.7078791127215,433501577,44.8567717,-79.7257114
Solidago hispida,997.9638234450955,-4376.933588855527,4520.649698386345,453134436,45.1995953102,-77.1558313855
Solidago hispida,1272.9235427451852,-4195.90626540258,4622.097943137711,558075697,46.5095569731,-73.1236333622
Solidago hispida,736.8023801963006,-4395.978162528988,4552.169963520997,562269230,45.6033193416,-80.485192946
Solidago hispida,821.718302453498,-4432.639581636405,4501.8039162540845,563746560,44.959575,-79.4977866667
Solidago hispida,-330.59555992246464,-5128.805982471958,3765.0775423086375,706973968,36.2259001523,-93.6881024276
Solidago hispida,-469.0647697499571,-4048.918795231247,4896.528153812658,87190689,50.2251139149,-96.6082229686
Solidago hispida,726.2523447385281,-4371.326861646934,4577.533411137835,94042394,45.93030532,-80.567039238
Solidago hispida,669.067446771786,-4444.674150387036,4515.193636847594,94094742,45.1300029657,-81.4394039487
Solidago hispida,675.4244519491249,-4500.205597806153,4458.89050290101,94390262,44.41673333,-81.46433333
Solidago hispida,808.9247768197665,-4324.969537547423,4607.605922212896,95588417,46.320516961,-79.4060321152
Spathodea campanulata,5248.086574377892,3610.32323836869,-113.6070068568738,165334499,-1.0217451005,34.5253015682
Spathodea campanulata,1391.5156979738167,-6073.981430326869,-1326.720308133653,248272593,-12.0194287556,-77.0965202857
Spathodea campanulata,977.0167288281364,-5654.055442235434,2768.907455549078,248756007,25.7605133333,-80.196145
Spathodea campanulata,-1146.0484824546622,6078.846717769944,1524.450257436555,265658703,13.8440054935,100.6766869594
Spathodea campanulata,-1586.1856480803203,-5738.007215956941,2269.1499309493715,360458999,20.8650499,-105.4526584381
Spathodea campanulata,3979.564960310766,-4330.507670676835,-2449.39159191692,361423315,-22.6101576481,-47.4182213773
Spathodea campanulata,2799.8260350251444,-5403.781986004186,1884.1092195012134,379437612,17.201418074,-62.6102679589
Spathodea campanulata,5494.696755766299,3224.2866720727898,45.123698236155825,427317518,0.40581,30.4044
Spathodea campanulata,4958.969194034377,3789.098250522506,1281.0589799781885,42987409,11.599906126,37.383079672
Spathodea campanulata,1980.5719564879096,-5659.195754591201,2154.2031626724593,463299630,19.7627355857,-70.7112756652
Spathodea campanulata,2343.747296209824,-5573.349688106564,2008.575364597765,472550876,18.376995,-67.1919033333
Spathodea campanulata,1763.3855840352642,5753.485501580952,2092.2784219103896,494665436,19.1720633333,72.9602233333
Spathodea campanulata,-953.3247457196036,5953.062926731884,2059.6035660404445,518381264,18.861248264,99.0981096538
Spathodea campanulata,5254.546224201286,3600.7220640302694,119.5730948626362,553671551,1.0754083333,34.42122
Spathodea campanulata,4130.063527805265,4621.540612493627,-1474.3441772673673,581842512,-13.3803669222,48.2142696482
Spathodea campanulata,1929.4184039627255,-6042.979350041182,591.1838352857882,584581363,5.3242961559,-72.2926199395
Spathodea campanulata,988.9738734397507,-6229.398344907875,897.9309927773048,593501288,8.1022528333,-80.9790583333
Spathodea campanulata,-932.2399375793633,-5788.598868358107,2492.5498931220422,596186153,23.0312518827,-99.1487919912
Spathodea campanulata,5211.51845473706,2533.474628503281,-2647.892526584612,63195166,-24.5581083333,25.9257694444
Spathodea campanulata,4313.676711138366,-4162.463261646048,-2157.7409383211125,643641520,-19.79654632,-43.97795771
Spiranthes australis,-3429.24066235025,4049.4682612281417,3525.8854789495063,137558185,33.6024083333,130.25917
Spiranthes australis,-4602.927316763775,2625.1430912085316,-3537.1509717493514,177855470,-33.7241333333,150.3030083333
Spiranthes australis,-4543.9688090226255,2549.4546533674693,-3666.385353823285,179547183,-35.1332231365,150.7048113653
Spiranthes australis,-3972.6603750833815,3409.0770970296776,3631.2416637326,213295438,34.7476716667,139.3659666667
Spiranthes australis,-873.1240647214104,3787.0877333582334,5048.3040713817345,221672462,52.4091361826,102.9828481749
Spiranthes australis,-4926.599796813811,2485.9658767642804,-3184.076197466881,248319362,-29.98517,153.224455
Spiranthes australis,-3217.365066371389,3190.516564196588,4478.7184788684435,33482133,44.6669192601,135.2400632452
Spiranthes australis,-3292.1005380997562,4033.499635989203,3671.880698388183,349955425,35.1936757385,129.2209663822
Spiranthes australis,-4380.169405540047,2664.284314473812,-3782.2557026326504,351006771,-36.4176416667,148.6895
Spiranthes australis,-4498.133452727882,2577.549736027256,-3703.077899455207,352044315,-35.5377247883,150.186147513
Spiranthes australis,-4456.382782227065,2559.7609497522058,-3765.3724262111555,459379915,-36.2291876556,150.1267985255
Spiranthes australis,-3643.1285521498476,3925.8843532941105,3450.3332486512763,521798687,32.79043,132.860595
Spiranthes australis,-3982.06128862396,3296.0834021004134,3724.0804542488186,577436347,35.770178,140.3843215
Spiranthes australis,-4782.2932068238715,2486.1036413633583,-3396.868189677593,592083168,-32.2202881,152.5320649
Spiranthes australis,-4387.038335878365,2565.542288480213,-3842.088043659428,615902276,-37.0892286109,149.6808819697
Spiranthes australis,-3903.5369387277283,3464.076399395242,3654.0836329808453,675864777,34.998058,138.413512
Spiranthes australis,-3720.3555718098714,3512.8170527327966,3795.8956654537214,683232491,36.5702277778,136.6435138889
Spiranthes australis,-1238.1916072596598,4089.32619232808,4725.891023513841,76673770,47.883321,106.845589
Spiranthes australis,-1880.1230270352694,3548.614694254993,4945.930072757471,87064455,50.9246983,117.915487
Spiranthes australis,-1304.3562347432917,4050.7263457637728,4741.3103689063655,90384355,48.0905066,107.848845
Stephanomeria exigua,-2326.5592072617583,-4739.933628860136,3565.095311318303,106506094,34.0268242733,-116.1437504773
Stephanomeria exigua,-2358.304338412686,-4741.880245966985,3541.5710511028055,183608501,33.7719399689,-116.4427792527
Stephanomeria exigua,-2356.7119280557886,-4720.435908112245,3571.1548349576688,198118338,34.0926028333,-116.5309966667
Stephanomeria exigua,-2320.3476433104984,-4745.00732881855,3562.393211496886,206426693,33.9975083333,-116.0590138333
Stephanomeria exigua,-2370.5041853089588,-4721.336727887557,3560.8204867712952,219215904,33.98045,-116.6604616667
Stephanomeria exigua,-2382.924156685401,-4408.742211784505,3933.7536403786235,228100493,38.1298638333,-118.3912116667
Stephanomeria exigua,-2333.157927775193,-4732.903645617464,3570.119086954681,278892795,34.0813557543,-116.2417042764
Stephanomeria exigua,-2364.4315535185965,-3893.1423601413985,4454.509975527693,302150675,44.361605,-121.2716666667
Stephanomeria exigua,-2340.4635982628065,-4731.099042615251,3567.728286157623,322306924,34.0554,-116.3214944444
Stephanomeria exigua,-2369.0895930408947,-4719.084795155952,3564.744917374968,339842604,34.0230221667,-116.6577083333
Stephanomeria exigua,-2364.1209804531627,-4735.471784894853,3546.2645267835514,36672028,33.82273282,-116.53005024
Stephanomeria exigua,-2447.475700967966,-4392.420886542288,3912.320868527512,397131952,37.8852361111,-119.1267388889
Stephanomeria exigua,-2329.214907331169,-4739.527978213107,3563.900333746563,49753933,34.0138583333,-116.171555
Stephanomeria exigua,-1672.8409943453498,-4675.944266185952,3990.8522093454944,631661768,38.7856210229,-109.684907956
Stephanomeria exigua,-2346.282975735094,-4726.874704076972,3569.5048479320412,639926331,34.0746865027,-116.3984633982
Stephanomeria exigua,-2106.958948833089,-4684.994264571231,3768.4620017381453,652381185,36.26364,-114.21464
Stephanomeria exigua,-2367.0986441744544,-4771.806008869419,3495.205938445201,65768738,33.27177848,-116.38413722
Stephanomeria exigua,-2360.6621440640865,-4767.57030016597,3505.324636069467,7002820,33.3806874371,-116.34230976
Stephanomeria exigua,-2354.4120825810764,-4734.68472076981,3553.766659473097,72285801,33.90398372,-116.43973608
Stephanomeria exigua,-2306.5861694053306,-4769.372699142314,3538.714092641767,74834180,33.74103667,-115.809555
Tagetes minuta,4732.750945578252,3006.3462445134946,-3025.3435961730374,120464136,-28.3503,32.4246
Tagetes minuta,4888.629188990717,2956.028869493933,-2820.0977119496793,15599389,-26.27279,31.160279
Tagetes minuta,5267.921658019739,2636.683906392178,-2426.2424677711997,190535212,-22.384824,26.58874
Tagetes minuta,5194.850542032571,3131.3643221832044,-1948.8043661125828,192131739,-17.8114943146,31.0808318228
Tagetes minuta,5418.094781705459,2913.2953278139353,-1657.3208497665773,269213095,-15.0780585171,28.2668026947
Tagetes minuta,4740.184847259507,2838.970683744061,-3171.852171891146,272655200,-29.85833,30.91805
Tagetes minuta,5228.46085368582,2645.787187693051,-2500.5520167738296,277005992,-23.1094723508,26.8410330741
Tagetes minuta,4977.914835405954,3022.616780052297,-2583.3901799900505,279303781,-23.9219333333,31.26635
Tagetes minuta,-2580.7419220057554,4450.8932819067795,3757.5355294070832,336849579,36.141865158,120.1062560174
Tagetes minuta,-4552.556095671134,2623.2396327332253,-3603.1375153749927,362764004,-34.4406400988,150.0489170292
Tagetes minuta,4466.4295876977485,4076.329291936551,2006.0656448669918,430256144,18.3532133333,42.3854366667
Tagetes minuta,-4986.344524712444,2572.903101736732,-3017.6631753098573,444370014,-28.271843941,152.7067257866
Tagetes minuta,4749.226524870699,2896.1619559688015,-3105.9372933047102,487163009,-29.1771220446,31.3755741343
Tagetes minuta,4875.1700904356985,-3991.7392830309527,-942.5959979260219,58763064,-8.5081924,-39.3102652
Tagetes minuta,4794.622300538177,-296.2794274453679,4184.921579400512,593646700,41.0615603719,-3.5360455792
Tagetes minuta,5119.727741626431,2692.546334152083,-2669.894233811956,649336371,-24.7758428,27.7405967
Tagetes minuta,4993.14686367745,2457.575547107139,-3101.380331027869,660626960,-29.1301955332,26.2059369986
Tagetes minuta,4795.815047665651,2791.6041399095398,-3129.9932083474337,666085180,-29.4252013889,30.2033297222
Tagetes minuta,-4901.520096119684,3059.699640562476,-2683.8576688330872,692901021,-24.9142266119,148.0261531104
Tagetes minuta,-5034.716261673336,2568.884297454532,-2939.765085922861,718853383,-27.479325,152.9677716667
Tanacetum parthenium,-781.6279908103207,-5941.102567658244,2163.8186370913522,114656444,19.8546480317,-97.494947277
Tanacetum parthenium,1553.1371004413468,-6147.60929910556,620.014663101537,132562634,5.5847572647,-75.8214374745
Tanacetum parthenium,743.8886446887635,-5085.7261479741355,3764.5414543862717,137366863,36.219923948,-81.6783641373
Tanacetum parthenium,4307.340415787935,828.3934766411724,4620.64237093238,149626017,46.49054022,10.88628107
Tanacetum parthenium,720.4638056117647,-4493.488536920134,4458.614785227381,208053609,44.4132619292,-80.8910050843
Tanacetum parthenium,-2503.251088483131,-3830.3366761849056,4433.0585451534735,215102594,44.09238634,-123.16593742
Tanacetum parthenium,4764.492093836316,157.9192219598788,4226.633380929113,287199590,41.560970247,1.8983752165
Tanacetum parthenium,-3914.189804986765,3455.4445887825527,-3650.859350080262,294669191,-34.9626681379,138.5619534552
Tanacetum parthenium,3425.891021110732,968.1089945973841,5283.539421233644,296337785,56.0278930664,15.779551506
Tanacetum parthenium,2194.7635718724337,-3831.480557701011,4592.6596574554,315848738,46.1262333333,-60.1948883333
Tanacetum parthenium,4660.828911913863,752.3853510793056,4277.890048496635,332577524,42.18,9.17
Tanacetum parthenium,4355.567434391239,499.7298943558791,4622.667572607294,392616402,46.5170008771,6.54513109
Tanacetum parthenium,4578.745540666509,1151.8289689864303,4277.631637916903,414560842,42.176864023,14.1203331755
Tanacetum parthenium,1820.6171167456187,-6068.71249826445,667.7088117579116,547545268,6.0158888013,-73.3007266
Tanacetum parthenium,3298.821724305372,2420.8039612099255,4883.363240873927,570385397,50.0404137694,36.2726728991
Tanacetum parthenium,5094.970304207239,-319.822447153616,3811.658999860888,678965926,36.7469438382,-3.5918688029
Tanacetum parthenium,4003.6962934997537,1404.6826253794509,4752.582018340227,681447927,48.24249025,19.33324009
Tanacetum parthenium,3418.087019300658,-273.08117009551,5369.530792602371,692792493,57.4377294622,-4.5678286113
Tanacetum parthenium,4742.764799005679,-391.07965945726454,4235.916889051159,77506664,41.6726451054,-4.7138401866
Tanacetum parthenium,2545.01632743429,2446.1212147611272,5303.690792784385,85845494,56.3535866137,43.8648817688
Themeda triandra,-4085.8688780807906,2960.419818571693,-3889.9027158293034,106377135,-37.6302280071,144.0747593726
Themeda triandra,-4283.316811747379,2699.5907788470386,-3867.1901746156404,106687974,-37.3727604232,147.7785286984
Themeda triandra,-4121.801158076723,2892.202412552696,-3903.290092701179,107412553,-37.7824046,144.9432707
Themeda triandra,5087.919359357539,2632.3397164961248,-2788.1207540759947,110378193,-25.952525,27.355715
Themeda triandra,4771.610325030746,2308.5433240616458,-3534.418729673639,180585723,-33.6945953,25.8180693
Themeda triandra,5109.531162265814,2619.4928439115088,-2760.5618399536697,247047538,-25.6772066667,27.14276
Themeda triandra,-4772.637774643051,2737.1385955956416,-3212.4374095425396,260434451,-30.2800810302,150.1654504471
Themeda triandra,-4902.344541705532,2488.788534008509,-3219.115213389417,28106465,-30.3496481728,153.084319606
Themeda triandra,-4121.602037293827,2846.369505220874,-3937.0458996056277,459872834,-38.1675133333,145.371125
Themeda triandra,5015.749340004332,1691.806796893867,-3545.391579206345,565043850,-33.8132834883,18.6391948164
Themeda triandra,-4615.8511450304895,2556.885387421609,-3570.155242029119,585821731,-34.0817483333,151.01636
Themeda triandra,-4029.5416909004866,3090.2884986313743,-3847.4230188788606,600274706,-37.1493987778,142.5151061944
Themeda triandra,-4088.837774999013,4657.2533358096125,-1476.8717430802146,600690273,-13.403733212,131.281530261
Themeda triandra,-4133.459655604781,2856.8054299529435,-3917.0048685898287,602162390,-37.9386283922,145.3500407423
Themeda triandra,5045.140115036016,2714.203027489291,-2787.3672658800765,658951394,-25.94498899,28.27952616
Themeda triandra,-4906.8700206466565,2496.933472986252,-3205.885675072855,67507676,-30.211875135,153.0300584103
Themeda triandra,5075.8442567083985,2649.103092862823,-2794.2460547887385,676133515,-26.0138050994,27.5602332884
Themeda triandra,4914.306315201387,2682.0173992969712,-3040.7448495257713,707883439,-28.5078,28.6238166667
Themeda triandra,-4230.092123444431,3370.704805223246,-3366.6634629697896,94971272,-31.8997688831,141.4507761648
Themeda triandra,-4921.6082376229915,2486.1493718485294,-3191.643273596865,97928298,-30.0637693711,153.1993863673
Thymus praecox,4257.194441045769,758.9338210538536,4678.682301253958,103437338,47.25406924,10.10798305
Thymus praecox,3721.4530480366907,-292.60036662820187,5162.840823266286,111022823,54.1315818,-4.4956492
Thymus praecox,2462.548378338678,-910.7304962734388,5804.840960541168,211677080,65.6624966667,-20.2960333333
Thymus praecox,3981.98522068582,-324.8184148284366,4962.664589643902,27575013,51.1640695,-4.663405
Thymus praecox,4036.228439100994,1898.8374479180566,4548.9591626496085,385868914,45.5620616667,25.1945666667
Thymus praecox,4226.3888015864095,207.77439441292853,4762.795463646195,393592934,48.3805963834,2.8144640476
Thymus praecox,3775.3674465232966,-593.0439184712942,5097.514363312163,398553299,53.1407055,-8.9272116667
Thymus praecox,3478.181110678244,-372.648903651618,5324.766857394391,399931380,56.6972285907,-6.115286015
Thymus praecox,2424.9688973008997,-1035.8044492670197,5799.688622648576,400212297,65.55030362,-23.12933087
Thymus praecox,4807.733062958618,-332.35942305847215,4167.13248396499,410283703,40.8497259,-3.9545756
Thymus praecox,4534.809679552523,616.0693974812854,4432.348451712842,447981500,44.0834955462,7.7364644048
Thymus praecox,3609.514667960952,-413.1136463548866,5233.592848765325,664025969,55.2322222068,-6.529166624
Thymus praecox,4653.6866098996015,-126.55234090637398,4349.360708371945,674615491,43.0534295121,-1.5577173623
Thymus praecox,3909.130475986387,812.4383674944761,4964.715092572261,677295801,51.1934853766,11.7407000195
Thymus praecox,2401.9817021500085,-1087.0653800580392,5799.872920305517,684545992,65.5543083968,-24.3500911434
Thymus praecox,4332.633514765908,1867.925550504369,4281.225770054365,691947625,42.22049508,23.32229297
Thymus praecox,1722.0070100389266,-2176.627580781207,5734.695925821768,697297035,64.17433,-51.6512333333
Thymus praecox,3968.111749680658,1012.7551258597713,4880.386186232448,710260152,49.998745,14.3175716667
Thymus praecox,3809.3174266534643,-292.49791932619354,5098.362368433762,727491730,53.1534209906,-4.390832819
Thymus praecox,3345.4084892526203,-299.49979064151034,5413.7136094477355,85963143,58.1836164,-5.1158022
Tiquilia plicata,-2365.429903791809,-4771.3690347337115,3496.9318029251303,109599891,33.2903445792,-116.3701430435
Tiquilia plicata,-2364.8116385840103,-4770.750249220274,3498.193977363139,14782895,33.3039250039,-116.3671399747
Tiquilia plicata,-2352.0411664883177,-4747.374038781534,3538.374657483971,15096445,33.73736579,-116.35567622
Tiquilia plicata,-2364.5507071133807,-4770.147684562006,3499.191928236401,17774346,33.314664,-116.367504
Tiquilia plicata,-2235.3310498567835,-4813.482946589389,3524.6886600261228,263633369,33.5894866667,-114.9096616667
Tiquilia plicata,-2366.998191049795,-4765.486958984627,3503.8845210697073,28743593,33.3651789636,-116.4134057605
Tiquilia plicata,-2361.6084298947803,-4772.68407391112,3497.7200408498243,363313213,33.298825414,-116.3270187707
Tiquilia plicata,-2347.383330774844,-4746.4401249938865,3542.7179915886413,367942138,33.7843493908,-116.3150016278
Tiquilia plicata,-2360.7486448834043,-4738.880568029201,3543.956817924542,488437276,33.797755,-116.48092
Tiquilia plicata,-2254.902066664175,-4771.7119513292155,3568.7441562786485,493081485,34.0664278333,-115.2933666667
Tiquilia plicata,-2362.931451994208,-4803.080065099932,3454.9573038018307,494261287,32.8399111111,-116.1954194444
Tiquilia plicata,-2364.4320945820887,-4735.11162212524,3546.53801978804,547748521,33.8256934945,-116.5348051329
Tiquilia plicata,-2287.753152967597,-4641.050007071029,3717.067859567573,551094010,35.6924883333,-116.2404716667
Tiquilia plicata,-2345.5381923852146,-4743.4370132591985,3547.9584297145298,583028113,33.8410716667,-116.3115083333
Tiquilia plicata,-2345.5167566363107,-4714.661124008553,3586.1225243678064,584050435,34.2553027778,-116.4500805556
Tiquilia plicata,-2348.979317016075,-4817.238671937668,3444.7439491922096,592278582,32.7306567185,-115.9947635502
Tiquilia plicata,-2326.7746426311223,-4771.028937713012,3523.230870606026,622590732,33.57375,-115.9979466667
Tiquilia plicata,-2364.9000777801994,-4771.156711883615,3497.57978928867,6691995,33.2973163546,-116.3660502434
Tiquilia plicata,-2350.2560104438166,-4735.631247462082,3555.2561796741006,70095793,33.9201249906,-116.3948380575
Tiquilia plicata,-2324.648675544867,-4733.45659548447,3574.933611080002,8152271,34.1336488479,-116.1561242096
Toxicodendron radicans,893.5321059439807,-5254.4469774088,3490.2923182627956,120559096,33.2189414909,-80.3490284017
Toxicodendron radicans,0.3916373315513808,-5559.6007157812255,3111.3651115519256,123267647,29.2330444444,-89.9959638889
Toxicodendron radicans,-736.9662615747517,-5171.260122750718,3647.5611854808126,128479482,34.9264831543,-98.1107177734
Toxicodendron radicans,-227.62155390550697,-5131.4280944599805,3769.1361436358184,131564471,36.2711594823,-92.5398797942
Toxicodendron radicans,1016.4202410026419,-4440.493284772103,4454.061338963736,135624012,44.3559619,-77.107215
Toxicodendron radicans,56.49658539065292,-5440.7769434976,3314.288387666581,166171937,31.3466116667,-89.4050666667
Toxicodendron radicans,-447.4415413726501,-5158.782468737301,3711.6724851446916,277450734,35.6327666667,-94.9570833333
Toxicodendron radicans,1551.2468491998588,-4347.982949437746,4390.720967440721,292664993,43.5646023083,-70.3649262747
Toxicodendron radicans,708.7756490261067,-4612.129244496919,4337.701469797264,292794723,42.9101023762,-81.2633364798
Toxicodendron radicans,-1021.5824578248692,-5349.428808309431,3306.014796756222,374552585,31.2595290398,-100.8116190809
Toxicodendron radicans,731.9938995577028,-4939.489632250212,3956.6880384458427,378415008,38.3925421049,-81.5705604882
Toxicodendron radicans,7.296956930963795,-5225.839305343326,3644.2150648426014,379111531,34.8897883333,-89.9199966667
Toxicodendron radicans,329.2082286399491,-5376.381218485204,3402.337441435333,38333037,32.278446,-86.4960221
Toxicodendron radicans,-92.52967819047605,-4660.361595689666,4343.065873982604,398893935,42.9760055556,-91.1374361111
Toxicodendron radicans,-446.29931779487805,-5422.45201807667,3314.75250362218,482813402,31.3514990464,-94.7051701361
Toxicodendron radicans,600.0714311867498,-4833.041362343163,4107.478374505587,511933569,40.1442332884,-82.9223646994
Toxicodendron radicans,939.527504506391,-5562.546651881094,2960.5938498213286,595325234,27.6906667181,-80.4130869359
Toxicodendron radicans,-746.0034158284626,-5427.161724215031,3252.560168923094,652976665,30.6988154839,-97.8266796997
Toxicodendron radicans,442.47715950181714,-5188.92603788114,3670.0154858523124,72127395,35.1731520685,-85.1259873987
Toxicodendron radicans,312.34656918181446,-4895.459193618605,4065.3009770511285,78357117,39.6498226,-86.3492873
Trifolium depauperatum,-2588.762590576669,-4145.796663768316,4086.616130981196,184013992,39.8992366667,-121.98192
Trifolium depauperatum,-2562.779901736963,-4218.892814087841,4027.760634418151,184137207,39.2127246653,-121.2767216635
Trifolium depauperatum,-2723.12376838609,-4192.360447219432,3949.489074844778,186051569,38.3099866667,-123.0055083333
Trifolium depauperatum,-2619.325130729469,-4243.001850650482,3965.5799430326792,326676482,38.4946419661,-121.6882077045
Trifolium depauperatum,-2609.1962681004993,-4397.918057546635,3800.0216740583323,358846537,36.6164435528,-120.6798031016
Trifolium depauperatum,-2571.702380003502,-4295.827086499256,3939.7930962502423,360208093,38.1989445149,-120.9069021203
Trifolium depauperatum,-2532.688575070314,-4275.296412940565,3987.1145322003576,371886450,38.7425116667,-120.64253
Trifolium depauperatum,-2525.19987426428,-4352.183959502236,3907.891184173958,373569262,37.8347783333,-120.122925
Trifolium depauperatum,-2584.366561735731,-4116.338193819698,4119.048734642606,395494273,40.2804916667,-122.1218945
Trifolium depauperatum,-2562.372934689359,-4366.186748489876,3867.8690968749556,473178040,37.3804437925,-120.4072858854
Trifolium depauperatum,-2643.8026913020517,-4296.069719564678,3891.5094017335914,477198932,37.648475,-121.608155
Trifolium depauperatum,-2510.956275629184,-4422.076170204011,3837.9804658791177,477826454,37.0429340981,-119.5889040951
Trifolium depauperatum,-2695.6154516680353,-4207.0968602304665,3952.6885122717326,482490102,38.3466651855,-122.6489274448
Trifolium depauperatum,-2689.2778134991745,-4198.71233640577,3965.898723821945,483705523,38.498305,-122.6395866667
Trifolium depauperatum,-2577.764009624133,-4271.011192500522,3962.7451638856633,623448133,38.4620763826,-121.1130340052
Trifolium depauperatum,-2446.682355963134,-4764.681462740883,3449.8274068871215,624018633,32.7850187571,-117.1806737107
Trifolium depauperatum,-2600.4527575367097,-4353.288634877003,3856.977657045459,629476501,37.25728,-120.8521366667
Trifolium depauperatum,-2387.4818702200578,-4780.362286375067,3469.556147412938,634334565,32.9963119783,-116.5391632852
Trifolium depauperatum,-2548.147911435964,-4226.432828984919,4029.1389766549996,635458763,39.228725,-121.0860888333
Trifolium depauperatum,-2582.2548057389863,-4102.084978644696,4134.563105806089,8050036,40.463629,-122.190338
Trifolium glomeratum,4873.184063449751,1311.3354327950171,3888.7311036009055,120393531,37.6169249325,15.0610808139
Trifolium glomeratum,-2681.343563086335,-4338.500289374701,3818.0577608868816,16721969,36.8187937752,-121.7175023543
Trifolium glomeratum,-2698.202016917169,-4100.075605963707,4061.8762943943643,192689142,39.6098334841,-123.3483516009
Trifolium glomeratum,4712.057438989675,755.7298821124218,4220.79852239145,278194005,41.4908791953,9.1116244462
Trifolium glomeratum,-2680.509290656486,-4323.05127747837,3836.1244407180457,282359780,37.022025,-121.800995
Trifolium glomeratum,-4779.980344369604,392.2426996075627,-4193.767602254832,3392075,-41.167154,175.308849
Trifolium glomeratum,4868.278332303787,-701.0702448217303,4049.459188672544,36370850,39.4650353632,-8.1947033808
Trifolium glomeratum,-2625.0325071942766,-4136.685115169193,4072.6887585216245,369377343,39.7361666667,-122.3981466667
Trifolium glomeratum,-2593.0826234370743,-4242.402932583168,3983.427292585604,378467238,38.7000095291,-121.4345119894
Trifolium glomeratum,-2578.8996461966485,-4162.506471025641,4075.8520119349146,486939571,39.77317,-121.7804716667
Trifolium glomeratum,-2686.1892067444755,-4350.600816726913,3800.843749582721,488594011,36.625655,-121.692405
Trifolium glomeratum,-2735.873533332005,-4209.732944774764,3922.1037305212717,488915405,37.996793756,-123.019534233
Trifolium glomeratum,-5074.774864518547,457.5661592819358,-3824.5321823731833,56997200,-36.891562,174.847868
Trifolium glomeratum,5117.986175920667,-1586.046839195299,3446.7993931531587,570471925,32.752633455,-17.2180343805
Trifolium glomeratum,-3943.065995917876,3448.620676399372,-3626.154865946068,586267849,-34.6920152563,138.8269329071
Trifolium glomeratum,5374.35575601973,-1573.6986831653983,3038.013461461046,628950539,28.4798505076,-16.3208881393
Trifolium glomeratum,-2601.0410403815467,-4192.459671314296,4030.8337276959883,642749130,39.2484033333,-121.81585
Trifolium glomeratum,-2714.266260074711,-4209.165991273716,3937.69392627236,643183905,38.1749263036,-122.8158075726
Trifolium glomeratum,-2715.771422698695,-4262.05449648729,3879.333728657927,672837079,37.5103083333,-122.5051944444
Trifolium glomeratum,-2583.168240531394,-4109.380175551768,4126.7407894813905,684981056,40.3712292994,-122.1535870807
Trifolium hybridum,2756.0099547391037,2829.2588803372923,4998.9455335189405,101844560,51.6873541324,45.7513718368
Trifolium hybridum,52.1320970678425,-4213.669069189137,4778.287177377632,142040950,48.5907936361,-89.2911648494
Trifolium hybridum,-1716.5346397497487,-3702.484931462946,4892.327390159662,265709131,50.1661008288,-114.8732367108
Trifolium hybridum,-1792.0005749568015,-4516.596023642454,4120.539701088814,289138582,40.29807,-111.6411533333
Trifolium hybridum,2633.859474018115,975.778710036888,5718.42577199715,293995254,63.8404582523,20.3284011036
Trifolium hybridum,-1517.1981356706976,-3472.4575734609634,5121.513579725079,300654661,53.5020327674,-113.6016449611
Trifolium hybridum,499.6920778490871,-4900.5537348324815,4040.375483668777,304513165,39.3592992112,-84.1778748491
Trifolium hybridum,1402.7023451925163,-4475.722938560317,4311.62190338089,305962667,42.590705,-72.5988833333
Trifolium hybridum,4190.3226039049905,176.00191340971153,4795.828701210715,312477459,48.8298642305,2.4051234219
Trifolium hybridum,3708.365245566965,1316.2863321899824,5010.5060250276465,318126735,51.85536593,19.54234678
Trifolium hybridum,4110.311750717612,409.13260412097304,4850.5361511729125,322454862,49.5829203461,5.6843888015
Trifolium hybridum,-4559.228581361435,616.865157586911,-4407.115298007269,346763503,-43.7684225713,172.2946529374
Trifolium hybridum,-2039.6727174206446,-4126.997481326822,4404.245693034096,391305351,43.7326965593,-116.2998161092
Trifolium hybridum,-342.06359124649435,-4678.106825431345,4311.387498134869,401799978,42.5878416667,-94.18203
Trifolium hybridum,-2504.165377752563,-4164.649852857045,4120.024331680652,83183501,40.2919933333,-121.0181033333
Trifolium hybridum,-1214.6686488945215,-2683.5221678893095,5649.162944854473,85590252,62.46125,-114.353395
Trifolium hybridum,2956.6802242251138,2274.9806823877516,5164.519152459029,88497989,54.15735,37.57603333
Trifolium hybridum,3222.58747906521,1459.8794869779738,5298.437029252164,89084413,56.2684063917,24.371225024
Trifolium hybridum,125.63915574676544,-4564.9412298788375,4442.440714289046,89479342,44.2099825262,-88.4234678615
Trifolium hybridum,2021.56586135966,-4053.292256332582,4480.384635566117,94812967,44.6879916667,-63.4924277778
Trifolium lupinaster,-1277.8865084990034,4078.7150926088066,4724.493877062262,110119295,47.8645888889,107.3960944444
Trifolium lupinaster,-1250.8143078338996,4091.2292540159406,4720.917271895327,115639840,47.8166667,107.0
Trifolium lupinaster,1953.1115771908267,3185.622260946872,5160.127818889792,137320914,54.0899615909,58.4874524921
Trifolium lupinaster,1918.3722980414045,3126.430202829825,5209.129969833564,205470843,54.8482785051,58.4667918955
Trifolium lupinaster,1810.0645471798878,3172.3638920232456,5220.107930043882,205484232,55.0201221667,60.292095
Trifolium lupinaster,-9.911834932084108,3680.7985339247334,5200.132405801149,215478734,54.7079789652,90.154288514
Trifolium lupinaster,-872.6664596494568,3786.3985987773904,5048.900081310477,221672233,52.4179237355,102.9785559699
Trifolium lupinaster,1713.8646207181957,3026.322105236533,5337.958009097171,252368080,56.913913,60.476285
Trifolium lupinaster,-418.89011762472694,3309.1536440350856,5428.055486009984,299434076,58.42911532,97.21443091
Trifolium lupinaster,1498.5298874047155,3290.6074420497616,5245.5756565470465,304102897,55.4216495477,65.5156640651
Trifolium lupinaster,481.09479752431344,3958.5105608990384,4968.751861858595,304385764,51.2514505639,83.0705815624
Trifolium lupinaster,438.06948960400155,3788.843255234951,5103.186753315633,406517829,53.2258324646,83.4046951309
Trifolium lupinaster,166.7235107746052,3941.7089721770312,5002.488058885449,414077471,51.7387722222,87.5779888889
Trifolium lupinaster,-1278.303133774335,4072.5900386394405,4729.662208343737,46134084,47.9339166667,107.4260116667
Trifolium lupinaster,-1279.487847320746,4072.632385134762,4729.305385972394,548696566,47.9291272808,107.4410125523
Trifolium lupinaster,473.02315051840566,3804.4104727170966,5088.46373513967,582956771,53.0052286272,82.9124759138
Trifolium lupinaster,1630.8169613377506,3024.394020102263,5365.000464068966,669423961,57.3621090289,61.6655188054
Trifolium lupinaster,874.1080798660892,2938.7128125676227,5584.769932561336,676549092,61.23385072,73.43510602
Trifolium lupinaster,-902.7358781684958,3744.186647623397,5075.025853303947,702641369,52.8048603587,103.5554916465
Trifolium lupinaster,2154.2051549522025,3061.2653803411035,5155.366868728144,78942668,54.0170245672,54.8660401627
Trillium erectum,1213.3236103022969,-4742.912234341103,4077.055614496561,368495116,39.7872548132,-75.6504357421
Trillium erectum,868.3734054633472,-4771.503938801738,4131.395759348277,369045940,40.4262,-79.6855383333
Trillium erectum,1362.8206924542899,-4620.458520947929,4169.3927550778335,369292146,40.87660382,-73.56638857
Trillium erectum,745.7535538721398,-4718.501858183686,4215.370088246299,369414364,41.4257383333,-81.0187611667
Trillium erectum,1033.4378329993501,-4708.169348342992,4165.921358154348,369828929,40.8353283333,-77.6199716667
Trillium erectum,1298.050534591132,-4332.274546424425,4487.3394337545005,369847956,44.7760341259,-73.3205573489
Trillium erectum,1180.648752952553,-4344.998207738048,4507.417467528625,370322295,45.0309639992,-74.7982947038
Trillium erectum,1516.461323845184,-4366.023415589257,4384.967242464357,376898032,43.4932333333,-70.84623
Trillium erectum,775.2220430139988,-4412.527758544541,4529.7221431095,378011667,45.3155036868,-80.0355880817
Trillium erectum,1261.7311207935081,-4622.784368577932,4198.52978912025,378180778,41.22407,-74.7336716667
Trillium erectum,1115.287611621642,-4362.316559634616,4507.336342739283,379865735,45.0299316802,-75.658728405
Trillium erectum,559.64551825931,-4661.938477296704,4306.144407410206,386706036,42.52383,-83.1546471667
Trillium erectum,999.9872177930902,-4416.058226302265,4481.987107950665,389325209,44.7082658725,-77.240925405
Trillium erectum,761.1643309410164,-5047.926035987112,3811.6695457743963,392794925,36.7470622,-81.4251099
Trillium erectum,882.3580469695264,-4372.116880331057,4549.26273052566,412760435,45.5659611111,-78.5901194444
Trillium erectum,1090.1982505171197,-4640.79704072622,4226.609010901481,413283974,41.5606773448,-76.780000816
Trillium erectum,554.1754244297158,-5197.802842522694,3642.1818102476145,437699552,34.8674989,-83.9142716
Trillium erectum,1041.078727589137,-4807.565841582127,4048.8540220032082,460810805,39.4579861111,-77.7812583333
Trillium erectum,920.1684521230912,-4838.962109914989,4040.72875211909,460810807,39.3634083333,-79.2332833333
Trillium erectum,890.9916469782186,-4808.3254710549945,4083.6127606686996,472965350,39.8640386565,-79.5020598711
Trillium ovatum,-2315.311857641405,-3490.874595825843,4800.299853942492,103165767,48.8909833333,-123.554205
Trillium ovatum,-1982.7147183659229,-3669.8765216783145,4815.662134212372,107872673,49.1015525585,-118.3809077809
Trillium ovatum,-2678.683913866431,-3966.834894781378,4204.595882699723,113132307,41.2966416667,-124.0299695
Trillium ovatum,-2400.016351925039,-3576.971078859889,4694.140234501924,240699235,47.45928,-123.8601616667
Trillium ovatum,-2251.3421209831636,-3678.534143224378,4689.306808164397,249988114,47.3950283333,-121.46753
Trillium ovatum,-2739.762477704681,-4092.443941966362,4041.7022746983434,255080916,39.3747333333,-123.8010638889
Trillium ovatum,-2277.700736046509,-3638.376361131203,4707.871062534773,654494431,47.6422366667,-122.0474388333
Trillium ovatum,-1988.201202781343,-3875.5611630054545,4649.390796517332,655648401,46.867375,-117.1582721667
Trillium ovatum,-2356.9886797120485,-3468.359123888661,4796.336360298866,655702716,48.8368,-124.198805
Trillium ovatum,-2376.5985604955335,-3489.518720096317,4771.246327116779,658549720,48.4951527778,-124.2575138889
Trillium ovatum,-2614.548199033231,-3829.465855993627,4369.105412139712,663660754,43.2969188259,-124.3231072696
Trillium ovatum,-2214.403915234253,-3671.2166101834205,4712.572230850791,667165645,47.7050247971,-121.0975336656
Trillium ovatum,-2661.461641143113,-3934.5615950464053,4245.656617908134,674058170,41.7900166667,-124.0756611667
Trillium ovatum,-2148.710201144938,-3565.116769590891,4823.14627814199,78564427,49.2044611111,-121.0775388889
Trillium ovatum,-2702.183647308191,-3994.1705923852146,4163.47906741739,88879610,40.8063044848,-124.0796035549
Trillium ovatum,-2467.820233844906,-3876.7015777295733,4412.573092916666,90375266,43.83643,-122.479905
Trillium ovatum,-2365.7073924586243,-3338.2806810228562,4883.5503230389295,96051014,50.0430334992,-125.323690895
Trillium ovatum,-2602.678170732982,-3946.5258557813545,4270.919472305314,96892961,42.095462,-123.4042884
Trillium ovatum,-2363.9386256742573,-3377.0000193177825,4857.717383015445,97870378,49.6826329739,-124.9924598687
Trillium ovatum,-2712.9916121371643,-4026.48471488936,4125.1485407089485,99440510,40.35243667,-123.97156333
Tropaeolum tricolor,1723.2377978600966,-5197.741428837305,-3256.3305515030347,142616835,-30.738257533,-71.6577887535
Tropaeolum tricolor,1543.021432844707,-4895.7919072240675,-3773.6003482905594,163216368,-36.3209722,-72.5065556
Tropaeolum tricolor,1683.3844942398994,-4888.438206893502,-3722.7868152251153,207606291,-35.7558405992,-70.9983210327
Tropaeolum tricolor,1709.5550671346823,-5090.468642280744,-3428.4549879016954,219336634,-32.5566866667,-71.4361716667
Tropaeolum tricolor,1738.9693250625785,-5020.365444743036,-3515.9166112692287,224309111,-33.4948366667,-70.8947833333
Tropaeolum tricolor,1735.057545165691,-4996.543383530639,-3551.602829869526,224727911,-33.8805406998,-70.8503618586
Tropaeolum tricolor,1764.3024113069685,-5016.597297305852,-3508.6666538440873,224881847,-33.416688,-70.623581
Tropaeolum tricolor,1845.2920396706809,-5286.741153801521,-3038.9173056710206,225345998,-28.4890984609,-70.7588933408
Tropaeolum tricolor,1676.4170705283134,-5053.5432117044475,-3498.725474048314,225610551,-33.3096443,-71.6477158
Tropaeolum tricolor,1715.148387369915,-5074.681380766672,-3449.00391746369,225674177,-32.776210182,-71.3256984204
Tropaeolum tricolor,1823.9830713174185,-5310.469667836751,-3010.2742054853966,231417088,-28.1964195693,-71.0439789668
Tropaeolum tricolor,1699.033480454103,-4979.993709361915,-3592.0329921493235,234597031,-34.3196366667,-71.1618055
Tropaeolum tricolor,1701.0522446152117,-4877.8093026861025,-3728.6929073598835,242405886,-35.821318873,-70.774659467
Tropaeolum tricolor,1709.8275111959406,-4995.363564553269,-3565.4713390474185,257614808,-34.0309047203,-71.1048018216
Tropaeolum tricolor,1777.5717300693675,-5226.584166489696,-3180.064437198536,317247179,-29.943525,-71.2167283333
Tropaeolum tricolor,1717.001471068391,-5061.524344101478,-3467.366492324472,325142300,-32.9728360471,-71.2617195312
Tropaeolum tricolor,1702.6660820281468,-5072.381302078365,-3458.5588428005894,331223358,-32.87846959,-71.44444122
Tropaeolum tricolor,1504.2627594274038,-4863.030970604703,-3831.171682294697,562124135,-36.9662577135,-72.8117930726
Tropaeolum tricolor,1711.7364013629385,-4867.088008526001,-3737.8022873326104,583954008,-35.9224166667,-70.62342
Tropaeolum tricolor,1781.2646873554747,-5016.861188773199,-3499.707567188865,719244885,-33.3202133333,-70.4523083333
Vaccinium elliottii,974.8595044816699,-5240.185114336689,3489.9659086706497,113921403,33.215432684,-79.46143616
Vaccinium elliottii,-314.54605175744183,-5486.222346324737,3223.6901646542183,114031649,30.3973370511,-93.2813932189
Vaccinium elliottii,569.8149002517121,-5321.875720860623,3455.821598526577,114745443,32.8491628188,-83.888605754
Vaccinium elliottii,803.3225631804556,-5410.702073636825,3266.3020465818504,115521746,30.8426474967,-81.5550324269
Vaccinium elliottii,747.168483452208,-5426.140893631906,3253.9956037875504,179442054,30.7138296956,-82.159792476
Vaccinium elliottii,480.84828581089465,-5496.434107869042,3185.553351234915,182780679,30.0005083333,-85.0002833333
Vaccinium elliottii,1159.7463572497077,-4966.256987742677,3818.511889233881,189008521,36.8238956204,-76.8555504004
Vaccinium elliottii,803.5126116459672,-5336.798727289204,3385.660933556053,256178928,32.1012305,-81.4378133333
Vaccinium elliottii,157.46779296236954,-5313.978419896388,3510.9244333554766,256961647,33.4410174843,-88.3026651946
Vaccinium elliottii,118.61481214823789,-5383.1247061817685,3405.5325653577192,257078336,32.3124389648,-88.7377166748
Vaccinium elliottii,958.9841914638872,-5120.890022229414,3666.9589349256444,257817220,35.1395308273,-79.3931285106
Vaccinium elliottii,755.3599392160219,-5444.943064575102,3220.5247267239683,353178245,30.3643383333,-82.1019445
Vaccinium elliottii,152.40382716637956,-5490.64857886213,3227.894729786233,354010331,30.4411856,-88.41005039
Vaccinium elliottii,842.6909340428684,-5333.786361126373,3380.8797927790447,357018468,32.0504864277,-81.0219848888
Vaccinium elliottii,-218.71673251136673,-5467.842743490529,3262.608136607116,473337997,30.8039633333,-92.2906416667
Vaccinium elliottii,517.7856757375664,-5298.098346110705,3500.2578531613126,473401811,33.3261359294,-84.4181822356
Vaccinium elliottii,-237.74223310825352,-5430.5040550762515,3323.0795157616276,476065887,31.43923,-92.5067533333
Vaccinium elliottii,771.3414947542951,-5207.854452614127,3587.901535512766,479105195,34.2746616667,-81.5751033333
Vaccinium elliottii,894.4293383035734,-5114.331447307622,3692.3384372968294,62265556,35.4191221382,-80.0800447538
Vaccinium elliottii,854.8132514364171,-5159.357534881524,3638.691696490289,62663932,34.829252812,-80.592572766
Vaccinium parvifolium,-2496.0445663076007,-3783.587075228735,4477.050758797112,120336516,44.6458347495,-123.4129647639
Vaccinium parvifolium,-2405.6007456281327,-3768.8255535859344,4538.589222318812,14901310,45.4290178848,-122.5496515022
Vaccinium parvifolium,-2456.563894461809,-3684.8566584421706,4580.052223374584,18766704,45.962883,-123.6899899
Vaccinium parvifolium,-2243.233018267136,-3525.2650551425327,4809.383021388968,192073652,49.0153777833,-122.4698333333
Vaccinium parvifolium,-2263.680485427748,-3666.3459739987525,4692.910716017743,196895894,47.4429283333,-121.69207
Vaccinium parvifolium,-2429.6478878667567,-3715.955748690599,4569.270964216866,272990663,45.8235749407,-123.1783443889
Vaccinium parvifolium,-2373.803905992878,-3793.473722940283,4534.794952247784,273668312,45.3804166667,-122.0366833333
Vaccinium parvifolium,-2259.515739599417,-3488.2743100769935,4828.693828545854,283170236,49.2808795,-122.932987
Vaccinium parvifolium,-2359.6051839695742,-3801.6165599373385,4535.386205900391,285880933,45.38798735,-121.82724108
Vaccinium parvifolium,-2331.0455451129815,-3650.550925338883,4672.2005241421075,306583177,47.1682572426,-122.5601130724
Vaccinium parvifolium,-2377.0470452724976,-3490.871140840343,4770.033454000796,359882208,48.4786956809,-124.2522146042
Vaccinium parvifolium,-2736.2955092722145,-4098.297415770123,4038.1181641336448,36221636,39.3330483909,-123.729705228
Vaccinium parvifolium,-2314.414525260167,-3639.7946009558877,4688.830749536024,364575215,47.3887042332,-122.4508138703
Vaccinium parvifolium,-2352.68743537428,-3548.835430514414,4739.23855152228,385014849,48.0626196892,-123.5422421247
Vaccinium parvifolium,-2333.181516322861,-3505.733308965424,4780.779341067429,486905457,48.6246898548,-123.6450791332
Vaccinium parvifolium,-2271.7897857422677,-3584.83756808963,4751.5959328932595,557145976,48.2291761554,-122.3633271083
Vaccinium parvifolium,-2262.8697223163,-3634.6591646230795,4717.883689380551,585809280,47.776055,-121.9056083333
Vaccinium parvifolium,-2290.7964816337144,-3661.21813605859,4683.747043725535,636748027,47.32121806,-122.0339035615
Vaccinium parvifolium,-2455.5440932523966,-3664.594220159151,4596.8255935315665,64535569,46.1803164961,-123.8249551353
Vaccinium parvifolium,-2486.477513000484,-3835.42316010603,4438.097778321546,76693159,44.155519,-122.955054
Vernonia gigantea,731.3142081202218,-4867.5871852114005,4044.9385227769135,100705435,39.41239386,-81.45569542
Vernonia gigantea,-227.10996991994574,-5209.1916471100885,3660.9420338102705,159005204,35.073387056,-92.4963964542
Vernonia gigantea,115.39908471130511,-5263.113368579953,3588.324657887049,217213945,34.2792666667,-88.7439333333
Vernonia gigantea,915.2076434727235,-5147.016760329305,3641.4786238416623,224965456,34.8597916667,-79.9174333333
Vernonia gigantea,881.4128989899033,-4894.041904746114,3982.6145012743423,227076800,38.6906440301,-79.7905225122
Vernonia gigantea,293.2366988296257,-5317.07563873689,3497.495106513751,229215189,33.2964052092,-86.8433357669
Vernonia gigantea,213.8706580369639,-5161.468148152797,3728.707420395494,309734735,35.8214798392,-87.6272487098
Vernonia gigantea,834.3346961475532,-5138.2459393513645,3673.154966948852,317223838,35.2077,-80.7769611111
Vernonia gigantea,-7.664098607080094,-5161.990187783346,3734.106545413297,34105536,35.881385,-90.085068
Vernonia gigantea,474.4098421264885,-4984.167019252171,3939.8943584276326,414308076,38.2001033333,-84.562775
Vernonia gigantea,864.0381781317589,-4755.072886969203,4151.201391888685,417865672,40.66059,-79.701225
Vernonia gigantea,-286.8366460611487,-5191.474473995658,3681.8569572982237,431315380,35.3035366667,-93.1624611667
Vernonia gigantea,52.44382633416288,-5382.810706107135,3407.6900793609852,50823750,32.3354,-89.4417944444
Vernonia gigantea,-2.704651175503173,-5247.10076844153,3613.541108159662,50991496,34.55416486,-90.0295334682
Vernonia gigantea,202.54113856081145,-5476.56108417855,3249.001217009464,558719932,30.6616,-87.88198
Vernonia gigantea,840.4711478458266,-5531.074380919062,3048.044876975562,561538560,28.5825354253,-81.3597505277
Vernonia gigantea,1015.900896239667,-4714.407395947629,4163.179242325651,567368247,40.8027422794,-77.8393664618
Vernonia gigantea,589.4188522524659,-4934.898419655393,3986.1154190476623,575258266,38.7309925746,-83.1889208274
Vernonia gigantea,940.9863470842587,-5559.15347885697,2966.498006537491,61472271,27.750648336,-80.3927265311
Vernonia gigantea,599.5150021351171,-5483.879083971092,3187.0684153743464,80753393,30.01624278,-83.76102065
Vernonia noveboracensis,1421.1882077181083,-4469.605137962244,4311.91455372459,222032409,42.59428,-72.3610383333
Vernonia noveboracensis,875.1341448817647,-4870.5519493380925,4012.6820291344297,233218465,39.0379235727,-79.8138620654
Vernonia noveboracensis,795.3144544785723,-4728.291843402112,4195.29311154679,316038490,41.18538097,-80.4520342
Vernonia noveboracensis,1208.2926912337446,-4752.87311185272,4066.937310140887,319880053,39.668937797,-75.7362223417
Vernonia noveboracensis,771.3299699185649,-5065.277412152525,3786.52452060201,321828165,36.4653633333,-81.3416333333
Vernonia noveboracensis,834.4297574039176,-4734.568138079036,4180.591424131649,423901319,41.0099337466,-80.0047222897
Vernonia noveboracensis,1013.0104751358643,-4529.1057726466925,4364.718067312121,432140613,43.2427305925,-77.3923446706
Vernonia noveboracensis,1333.0902287313963,-4548.125841807939,4257.602012731712,48780306,41.9342624,-73.6637383
Vernonia noveboracensis,1530.044859422641,-4460.213880513336,4284.297841876538,554725878,42.2578124837,-71.0658307503
Vernonia noveboracensis,810.3427997292999,-4799.687440293078,4110.486364421758,558037643,40.1796305556,-80.4169861111
Vernonia noveboracensis,1344.63225713268,-4466.950897169714,4339.1320451249685,560016923,42.9276704914,-73.2472639945
Vernonia noveboracensis,906.1629626787418,-5064.402954777955,3757.7179945258063,566004265,36.1438971667,-79.8555366667
Vernonia noveboracensis,1364.9102837331557,-4443.870880615478,4356.464695536361,59572310,43.1409233,-72.9259505
Vernonia noveboracensis,874.3805123419505,-4944.765780550614,3921.0334383692443,596242224,37.9845805556,-79.9720777778
Vernonia noveboracensis,1410.962754862072,-4492.843327199395,4291.071669327995,716563789,42.3401744092,-72.5652742976
Vernonia noveboracensis,971.763945917224,-4779.988424234353,4098.431239789001,724950655,40.0378798195,-78.5084681635
Vernonia noveboracensis,1427.6289381401455,-4563.139774976587,4210.627523147695,90133104,41.3688813,-72.6271284
Vernonia noveboracensis,726.5011253212774,-5099.9077894046695,3748.718418893839,90317538,36.0437366818,-81.8925478797
Vernonia noveboracensis,1269.5158445536815,-4718.671372144525,4088.0586018070103,92014989,39.9161481367,-74.9416529281
Vernonia noveboracensis,1556.185010141179,-4419.1899377190175,4317.267844163984,94056026,42.659711731,-70.600662455
Veronica alpina,4260.635395655495,765.9983707888489,4674.396822148695,103972582,47.1973184,10.19204175
Veronica alpina,4686.806824293898,157.2291241250559,4312.64117727831,190017199,42.603157279,1.921390916
Veronica alpina,3100.730446915576,408.65166536934584,5550.515979766117,219402642,60.6000938416,7.5078601837
Veronica alpina,2489.324334826536,-1049.8876330770495,5769.813986917579,302247941,64.9090583333,-22.86788
Veronica alpina,4461.799255205004,472.97603167145667,4523.095644510939,303161791,45.23082112,6.05107944
Veronica alpina,4332.228739453395,808.5153843585632,4600.853198265188,305005827,46.2326544347,10.5713851087
Veronica alpina,4226.46928420996,844.1392772520371,4691.922782815974,349856680,47.4297932501,11.29488172
Veronica alpina,4470.919116892072,462.19069244133993,4515.198239690815,423922301,45.1300616394,5.9021066922
Veronica alpina,4682.003669446373,52.3989150288529,4320.3991855697695,460403269,42.698017149,0.6412022628
Veronica alpina,2225.0730417517534,753.9721327866326,5922.020694959468,46838350,68.361105,18.7190916667
Veronica alpina,1420.012908374708,-1743.605689438764,5960.969356529474,542516208,69.331755,-50.840225
Veronica alpina,2220.9629627135305,749.8920322101565,5924.081244206556,552305271,68.411413305,18.656880805
Veronica alpina,4678.172925216828,-8.403109332155493,4324.856136243056,552361879,42.7525794185,-0.1029167133
Veronica alpina,4199.430124199646,1018.3630105943988,4681.610464390977,685776126,47.2928806986,13.6311099771
Veronica alpina,3101.7090782271857,438.7946190329484,5547.667366202504,697966656,60.5479500805,8.0521239764
Veronica alpina,4266.225782214014,838.4356873495339,4656.833291307364,700823069,46.9653625488,11.1185626984
Veronica alpina,3018.0535095701152,442.483574181816,5593.327670504226,705586849,61.39418422,8.3408386
Veronica alpina,4276.104326664415,780.1561444760199,4657.900955086488,708893145,46.97943408,10.33963712
Veronica alpina,2129.393031017845,811.7530078271566,5949.495399058111,708949573,69.04135225,20.86751336
Veronica alpina,4318.667754047302,812.180775077232,4612.940965200445,709269956,46.3900333333,10.6508033333
Veronica elliptica,1380.472972017832,-3287.9200929984386,-5279.548178136348,106182675,-55.9637109834,-67.2243118592
Veronica elliptica,-4673.87559595126,711.9351859737396,-4270.572366114549,107134093,-42.0912553,171.3391523997
Veronica elliptica,-4757.643202417371,659.8427037886313,-4185.593374233351,121121057,-41.0695735307,172.1039563698
Veronica elliptica,-4795.5340623323,631.8221518043132,-4146.493332344509,1341054,-40.604798,172.494385
Veronica elliptica,-4308.175366228135,959.510147185858,-4594.422534002492,160038273,-46.1491129256,167.444101255
Veronica elliptica,-4761.638954253356,659.9765294136492,-4181.026019966576,168586234,-41.0151134234,172.10891895
Veronica elliptica,-4378.539033381675,718.9413882966892,-4571.790933870941,249620914,-45.856105,170.67543
Veronica elliptica,-4301.609293175519,935.4311817239271,-4605.5270190068395,252590814,-46.2934524632,167.7314269568
Veronica elliptica,-4293.695074808719,826.2162163976793,-4633.713683213744,30021574,-46.661553489,169.1079665681
Veronica elliptica,-3931.7264391559947,971.0782348326964,-4918.158944071793,320395249,-50.530152,166.126446
Veronica elliptica,-4267.077955655178,906.8982479189464,-4643.20303432454,344024856,-46.7860431915,168.0012483554
Veronica elliptica,-4672.4718698771,710.818744482587,-4272.294052072823,353003798,-42.1121237491,171.3499700593
Veronica elliptica,-4260.689416263933,896.6557760458627,-4651.052273098801,59650413,-46.8892344,168.1156103
Veronica elliptica,-4654.88606159836,715.552612744273,-4290.6611776752525,599252348,-42.3351802356,171.2608564159
Veronica elliptica,-4374.899537949018,720.1017115662191,-4575.0913310589,601921943,-45.8987383333,170.6530133333
Veronica elliptica,-4290.087730865041,845.5616508239721,-4633.56513775457,606490014,-46.6596070184,168.8501115625
Veronica elliptica,-4260.921689096631,892.9875075462649,-4651.545205674094,617639508,-46.8957214355,168.163482666
Veronica elliptica,-4286.075459967895,883.4101181449712,-4630.215636911257,637452527,-46.6157353019,168.3537626266
Veronica elliptica,-4257.367262469426,895.485597754181,-4654.318711298772,651900335,-46.9322356522,168.1216808036
Veronica elliptica,-4320.666199839834,777.2155374681162,-4617.091370934432,677524196,-46.444175,169.802505
Veronica regina-nivalis,-2523.3198166591123,-3855.9188384247154,4399.37497197207,110720321,43.67210578,-123.20080352
Veronica regina-nivalis,-2473.738281769281,-3879.8288952017247,4406.506528639707,119506345,43.760841731,-122.5211578421
Veronica regina-nivalis,-2663.4494741072417,-3885.084147502167,4289.744886981352,176627137,42.3240337784,-124.432887733
Veronica regina-nivalis,-2529.1566710989396,-3943.962246511439,4317.207599919839,177613568,42.658975,-122.6709583333
Veronica regina-nivalis,-2533.5208124291707,-3866.7262172734677,4383.99974718472,184014773,43.4812408453,-123.2332502212
Veronica regina-nivalis,-2479.935135228182,-3868.147985723273,4413.287438552264,263590851,43.8453369141,-122.6646194458
Veronica regina-nivalis,-2495.8155567693498,-3853.2925829476867,4417.328842916936,266023599,43.8957527778,-122.9315277778
Veronica regina-nivalis,-2453.5485840629967,-3831.867216387423,4459.44459672897,270408256,44.4237102263,-122.6314779371
Veronica regina-nivalis,-2444.8166003568717,-3722.236922697478,4556.04842068261,272589950,45.6531966667,-123.2974616667
Veronica regina-nivalis,-2457.8438540146317,-3717.6558551922053,4552.778455110138,273464836,45.6111416667,-123.46978
Veronica regina-nivalis,-2480.9210086445896,-3843.234827143479,4434.448121466164,356453735,44.1097885333,-122.8434310422
Veronica regina-nivalis,-2555.4065449816235,-3967.8930943142277,4279.658270427206,358741620,42.2014626746,-122.7823863924
Veronica regina-nivalis,-2602.2848667875755,-3946.828256278744,4270.879688917202,388025449,42.0949798372,-123.3982913847
Veronica regina-nivalis,-2437.0271161599335,-3790.632277809654,4503.527384085304,465337350,44.9814833333,-122.7372805556
Veronica regina-nivalis,-2354.9384721899587,-3663.0005064421484,4650.424196961136,487200184,46.88097,-122.7369133333
Veronica regina-nivalis,-2310.0638424204994,-3802.6171565531536,4559.984751543198,497231796,45.7038637144,-121.2783936617
Veronica regina-nivalis,-2483.466591025179,-3789.971906880917,4478.64485821243,622692115,44.6659883333,-123.2357466667
Veronica regina-nivalis,-2421.980875756225,-3854.53832714798,4457.162331763989,630959853,44.3949783333,-122.1430055
Veronica regina-nivalis,-2497.090914327016,-3788.5569279436245,4472.261899642425,632444300,44.5853331092,-123.3894359458
Veronica regina-nivalis,-2500.908036298384,-3795.163838690496,4464.5205298163455,7554428,44.487662864,-123.3837776181
Viburnum edule,812.3795237778644,-4171.772982956964,4746.1671712756015,132468245,48.1559391071,-78.9805603359
Viburnum edule,-1895.560501248473,-3687.53977878283,4837.215510567868,136201398,49.3984982857,-117.2051925241
Viburnum edule,-2073.9774990770065,-3263.82915545732,5063.179801961063,136684120,52.6289901191,-122.4336334213
Viburnum edule,-1969.9789506366053,-3405.8793459819244,5010.880356218842,138242239,51.8608166667,-120.0453195
Viburnum edule,-1653.1558580280562,-3609.328914538774,4982.928217967756,204487411,51.455595,-114.6088716667
Viburnum edule,-1234.0729506896312,-3592.963013434297,5114.433875430081,205472423,53.3951234,-108.95602979
Viburnum edule,97.25118268337494,-4060.549325245229,4908.384104203198,20559864,50.3920638889,-88.6280138889
Viburnum edule,2222.3410676575627,-3390.6846186075613,4914.693390824923,210415366,50.4811483476,-56.7581455037
Viburnum edule,30.16079410227819,-4262.650924053407,4734.833741098329,211843144,48.00338055,-89.594605
Viburnum edule,-2229.701927253776,-3562.733294339125,4788.0177441907745,214184269,48.723269628,-122.039990027
Viburnum edule,-2211.755430023828,-1938.1365995405963,5651.6827201249325,217500154,62.5103027778,-138.7722777778
Viburnum edule,-2114.266663904541,-3423.484585841124,4939.573148976298,232149783,50.834091,-121.69854
Viburnum edule,-2055.205954073032,-3407.2043239771856,4975.624615130381,238367752,51.350307,-121.0981369999
Viburnum edule,770.3637005848623,-4134.317822540357,4785.781967528796,252050574,48.6928,-79.4449
Viburnum edule,-1633.993038468708,-3134.555375284247,5300.413425308432,470806988,56.3004277778,-117.5323027778
Viburnum edule,2191.304167188525,-3497.297447855673,4853.539918220705,521039447,49.6246033333,-57.9299466667
Viburnum edule,-2529.6734206849806,-1453.3978878048881,5663.7567121197635,526711792,62.7464781532,-150.1209209438
Viburnum edule,938.2529548627144,-4117.112797686846,4770.6201623575125,608700028,48.4866558767,-77.1620538933
Viburnum edule,-1665.2519758937317,-3664.8832588787036,4938.149419089105,677642672,50.8138222222,-114.4361277778
Viburnum edule,210.60784532994847,-4192.776219608977,4792.288079554939,682189686,48.78151801,-87.12438575
Vicia hirsuta,2543.1585700270984,2166.2342993066436,5424.898761993869,100549606,58.3749331501,40.4239892851
Vicia hirsuta,4337.587471341264,775.412580019454,4601.502296955671,134305779,46.2410940154,10.1354674619
Vicia hirsuta,-4130.799385392037,2871.715128618228,-3908.900329681918,165548074,-37.8462703,145.1931286
Vicia hirsuta,-2618.0385314299997,4412.39740245487,3777.0857205568964,177010161,36.359885,120.682223
Vicia hirsuta,32.25755330496738,-5405.358418342971,3372.0636039643423,188859499,31.9569905241,-89.6580800793
Vicia hirsuta,-2601.985442563173,4729.754420979628,3383.61463579859,188961127,32.0795089128,118.8165644862
Vicia hirsuta,823.2414569478062,-5217.502660491871,3562.2594825475776,189859886,33.9960577282,-81.0335315845
Vicia hirsuta,3526.556409166096,1603.1978137685521,5057.955099897063,206829855,52.5516468523,24.4468850566
Vicia hirsuta,3692.7436988906966,510.9396695085812,5166.462789772413,211509650,54.1872116667,7.8776083333
Vicia hirsuta,-4707.407710182479,632.8229485782452,-4246.127753088067,28283323,-41.7956996699,172.3435554082
Vicia hirsuta,2999.2562366932066,2177.1994491370297,5182.086231915844,294610172,54.4280360015,35.9763897314
Vicia hirsuta,2134.48457130339,2533.2530489126275,5442.091301578842,298400545,58.671044,49.882967
Vicia hirsuta,-2948.073273270748,5060.259804316231,2508.4632383045982,31258969,23.1868490751,120.2247895901
Vicia hirsuta,-4517.35785328097,730.1359683824369,-4432.847010979786,336445245,-44.0897376661,170.818741975
Vicia hirsuta,765.3455971725156,-5328.181149585446,3408.00306393178,362729446,32.3387313774,-81.8258855493
Vicia hirsuta,3763.4646654813228,896.0927219839294,5061.926972503497,382109132,52.6104315556,13.3929257467
Vicia hirsuta,1417.5225376933859,-4534.329553066855,4245.025145861126,3907666,41.7824004122,-72.6397068008
Vicia hirsuta,4684.769016831284,15.666997459115596,4317.6899997343135,399928701,42.6648745454,0.1916101909
Vicia hirsuta,-2363.4115245563703,-3379.959184442589,4855.915465365286,73181359,49.6575938436,-124.9628859917
Vicia hirsuta,3799.9357507466443,-138.08403734808456,5111.8660211809765,84538726,53.3564130136,-2.081128058
Vicia ludoviciana,137.96360109602935,-5496.4195079938145,3218.7096431015775,113141987,30.3454216667,-88.5621416667
Vicia ludoviciana,-551.697244613905,-5504.24937535328,3160.4781432381224,116811420,29.7404544242,-95.723705627
Vicia ludoviciana,-543.2641602460386,-5550.663381783039,3079.7326513842854,146632147,28.9075642699,-95.5899481391
Vicia ludoviciana,-519.2639778406789,-5518.450839538607,3141.1492136780357,181356501,29.5404545436,-95.3754742568
Vicia ludoviciana,-769.3799882870076,-5565.288583273248,3004.2254489617394,184369712,28.1347152966,-97.8710329635
Vicia ludoviciana,-522.4750639347109,-5450.397592216862,3257.2901350663374,264280948,30.7482983333,-95.4756416667
Vicia ludoviciana,-94.48871029648494,-5489.928820018256,3231.3320108643898,275465838,30.4770469555,-90.9860364333
Vicia ludoviciana,-818.4320550866363,-5658.6615872276,2810.5997833414344,33621165,26.1775718299,-98.2298199087
Vicia ludoviciana,-1531.965823030329,-5154.508168859245,3416.705925874767,34311883,32.431413,-106.552419
Vicia ludoviciana,128.80790614129106,-5490.724553298696,3228.793200685941,34872806,30.4505581257,-88.6561343739
Vicia ludoviciana,-770.1068348011773,-5505.593190452359,3112.0945059420296,350894743,29.2405616667,-97.9627083333
Vicia ludoviciana,-528.7158741089721,-5498.728588365105,3173.9874866859386,356134818,29.880475,-95.4922416667
Vicia ludoviciana,-533.3146909118129,-5492.207606484598,3184.4911960009877,356385239,29.9894789842,-95.5462541701
Vicia ludoviciana,-480.69431979429817,-5540.463064094364,3108.368565019441,357140383,29.2021674804,-94.9586036066
Vicia ludoviciana,-539.5128515926618,-5515.105851342398,3143.6104181549968,36628523,29.5658990275,-95.5871578027
Vicia ludoviciana,-582.941669616728,-5479.956143985082,3196.8754745066394,470323983,30.1181528545,-96.0721215606
Vicia ludoviciana,-616.9704142848799,-5391.828811483366,3337.2567634559455,477307227,31.5887866667,-96.5277883333
Vicia ludoviciana,101.98446891619751,-5487.899659880996,3234.549369055195,483086414,30.5106258151,-88.9353655327
Vicia ludoviciana,-808.3076155022598,-5654.502159202671,2821.878321255334,625716409,26.2906495657,-98.135281764
Vicia ludoviciana,-642.0933559558047,-5433.371082037157,3264.344947580942,635002252,30.82215,-96.73972
Vicia sepium,4176.144228261215,931.1388756465814,4720.439906269075,17216583,47.8102739232,12.569420378
Vicia sepium,2906.0978908920415,2239.2984641022176,5208.636152285904,30847981,54.8405657358,37.6161076664
Vicia sepium,3846.069136428704,-709.5993061658359,5029.31149882138,322710609,52.1300201416,-10.4535093307
Vicia sepium,4256.434908891159,721.0357960938716,4685.362566205675,364550851,47.3426547613,9.6145741697
Vicia sepium,3944.6179091502204,1225.697141622157,4850.506076432443,368435397,49.5825031819,17.2614019644
Vicia sepium,3577.0950559654384,-246.6857330385313,5266.240617307596,370271929,55.7504802056,-3.9450191976
Vicia sepium,4046.6939932866508,796.4000325241956,4855.900312256279,377272214,49.6573833333,11.133675
Vicia sepium,3983.0123294742366,78.38262652022134,4971.842925595442,378709638,51.2958855229,1.1273914576
Vicia sepium,3416.54863038266,1669.606502190303,5111.6888318589645,380421109,53.3537431826,26.0439366095
Vicia sepium,4627.511334745521,-247.2206347736292,4372.044594262653,386009320,43.3332477808,-3.0580683659
Vicia sepium,4608.587810281974,1127.444347033885,4252.004323720657,651709131,41.8666274008,13.7468338385
Vicia sepium,4065.2751641846467,469.40249262179174,4882.924561065978,652205465,50.0342714538,6.5865662382
Vicia sepium,4367.119796368701,-47.08023174729049,4638.5128290887205,653550306,46.7244770253,-0.617659741
Vicia sepium,3779.532529164852,-403.6893162273374,5112.917164068481,655279843,53.3722547328,-6.09660977
Vicia sepium,4653.103369401626,110.03815386479081,4350.433744816108,656779856,43.0666371824,1.3546973715
Vicia sepium,4036.713370064332,216.4230117773985,4924.21154882632,665037595,50.6158594207,3.06889873
Vicia sepium,4715.704762238747,-27.423821080583934,4283.821851934738,667186599,42.2520290419,-0.3331954761
Vicia sepium,3047.673703643396,967.7103908705956,5510.4423348039,671536658,59.87409841,17.61590691
Vicia sepium,2679.3207443764077,1061.792515483117,5681.8650223756395,674749519,63.1042762,21.6180108
Vicia sepium,4436.605720182356,250.91658258999058,4565.448902561937,705882723,45.7742725362,3.2369706407
Vicia tetrasperma,805.440228216012,-4569.329363017762,4366.033479110354,133356560,43.2589722222,-80.0031111111
Vicia tetrasperma,32.304706487490726,-5405.384857324496,3372.020770965568,265244926,31.9565365116,-89.6575819571
Vicia tetrasperma,1284.2353768453538,-4667.890301834522,4141.411927902793,279531066,40.5446339544,-74.6172952718
Vicia tetrasperma,507.91681944211956,-4457.684075097651,4523.364491263781,286175578,45.2342543587,-83.4996463358
Vicia tetrasperma,-5106.423059286732,411.2279958243982,-3787.4910171131,2950521,-36.476172,175.39582
Vicia tetrasperma,3344.531826039399,1926.3667135252572,5068.823461051775,295654914,52.7126892474,29.9408669025
Vicia tetrasperma,3886.9063126974256,851.8907356955096,4975.53963107787,29808929,51.3490833031,12.3620151094
Vicia tetrasperma,2998.6647754183523,2179.9675764732983,5181.264716251021,304083284,54.4153377115,36.0163802631
Vicia tetrasperma,3661.1081864248076,658.7547948618275,5172.241496413063,310288227,54.2761222954,10.2002646666
Vicia tetrasperma,1574.0543137463922,-4311.755836678108,4418.242608993544,333709719,43.9071577776,-69.9448288778
Vicia tetrasperma,3456.4224002807887,2414.6691021393776,4776.219262940935,390439707,48.5626849351,34.9382881048
Vicia tetrasperma,2829.701138726857,1746.7326659955102,5434.286483864241,392968127,58.53631,31.68642
Vicia tetrasperma,3320.397206601594,1625.7688454693782,5188.602044980028,396092777,54.5288916667,26.087795
Vicia tetrasperma,4183.933867584485,849.1458911047982,4728.995852924467,396957412,47.9249729868,11.4725787565
Vicia tetrasperma,3793.0782199197834,-191.3484746131285,5115.241588479555,40816773,53.4073069497,-2.8879378016
Vicia tetrasperma,-4998.722721216145,454.3620433422527,-3923.7838140810895,438691688,-38.0159694444,174.8063361111
Vicia tetrasperma,710.1064833279114,-4737.173625856725,4200.558052271215,518383902,41.24832614,-81.4747888
Vicia tetrasperma,1006.9042977961356,-4530.080433387232,4365.11948654321,520577978,43.2476865299,-77.4685436617
Vicia tetrasperma,4102.996371371012,445.3486578417688,4853.538758385708,526966673,49.6245872315,6.1947638519
Vicia tetrasperma,3944.658765066344,1222.33356239364,4851.321574489654,80099035,49.5938161502,17.2166690332
Voyria aphylla,2546.3332512558645,-5520.298184904252,-1905.8457579166804,191011926,-17.4061659549,-65.2376670018
Voyria aphylla,3742.9747366171305,-4250.987860274319,-2917.0182485757127,237592061,-27.2489834187,-48.6362340778
Voyria aphylla,1686.8336040555303,-6126.441414297124,459.41388648094784,246694529,4.1351916667,-74.60582
Voyria aphylla,3863.814802098751,-5036.347047713584,543.9638956279063,258561289,4.8979413694,-52.5050857581
Voyria aphylla,3072.139302041602,-5576.876981335638,-223.95618673629053,284699585,-2.0144986213,-61.1509097804
Voyria aphylla,4733.758445740444,-4041.4115545387494,-1359.5134254207098,301604504,-12.321124778,-40.4887997382
Voyria aphylla,1515.4791559141213,-6114.732763402517,-950.3258861248975,305509988,-8.5784888889,-76.0802611111
Voyria aphylla,1478.0290616708094,-6174.1205313539185,-534.2460920287104,327836949,-4.8102326,-76.5372625
Voyria aphylla,3991.905864772634,-4244.251431577432,-2576.9692435153743,355075861,-23.858777483,-46.7549220845
Voyria aphylla,4500.791410935297,-3918.3570225806143,-2231.3915049855486,355083338,-20.5020853737,-41.0425987467
Voyria aphylla,3876.379485160942,-5030.209635982821,510.31973777858303,35725669,4.594331199,-52.381439209
Voyria aphylla,3805.8992583667655,-4306.212675262932,-2749.8029675316006,385530064,-25.569896485,-48.5292392295
Voyria aphylla,1617.3092681640223,-6129.0175035056445,639.6939131409852,423146182,5.762608115,-75.2178888023
Voyria aphylla,4202.262901970375,-4082.3872064817465,-2502.969102636931,463200882,-23.1331082333,-44.171009995
Voyria aphylla,690.6241307404915,-6246.719296550037,1044.6480124069449,541393878,9.4373474699,-83.6911206008
Voyria aphylla,197.55393322014825,-6135.593428790519,1704.4702548678538,558744422,15.5176600376,-88.155826711
Voyria aphylla,1507.00397493396,-6190.208267129243,-3.7092823381934763,609277004,-0.0333583333,-76.3175283333
Voyria aphylla,3893.2601358717898,-4322.92195852246,-2597.041467638388,611699364,-24.0563092,-47.9935321
Voyria aphylla,3179.216668645814,-5513.574044355411,-287.81202353681476,682653480,-2.5892333333,-60.03155
Voyria aphylla,-696.5879299670327,-6027.893323656738,1941.3965241846406,9602149,17.7415337875,-96.5919041634
Wahlenbergia capensis,5011.1475020630605,1706.4011021937145,-3544.9046701817897,162621131,-33.8080133333,18.8047883333
Wahlenbergia capensis,4859.649638815568,2060.356910582503,-3567.7006486884625,166094168,-34.0551,22.9756
Wahlenbergia capensis,5014.45089295423,1691.4445238360443,-3547.4005686718015,168496142,-33.8350316133,18.6399713315
Wahlenbergia capensis,5002.364542475766,1666.5668331153852,-3576.1231948324175,169341263,-34.1465745302,18.4257943588
Wahlenbergia capensis,5002.1558512301135,1709.821067506852,-3555.9389599361098,240774972,-33.927525,18.8712916667
Wahlenbergia capensis,5007.743504784754,1668.8588263878744,-3567.515709503019,240786119,-34.0530925441,18.4309429947
Wahlenbergia capensis,5009.32288138691,1674.8159222151141,-3562.503196684281,240973150,-33.9987014,18.4868318997
Wahlenbergia capensis,5002.669909714702,1706.6104426740008,-3556.7580324037476,27119583,-33.936403,18.836558
Wahlenbergia capensis,4964.844291218633,1726.880569765697,-3599.7163487415073,338388037,-34.403341789,19.1787836771
Wahlenbergia capensis,5008.963116550436,1723.3407285400865,-3539.7935476620246,438561961,-33.7527116667,18.9858499444
Wahlenbergia capensis,-2355.7275645984237,4878.367391516973,-3352.884185958784,444989742,-31.75392,115.7755533333
Wahlenbergia capensis,-2349.951226213741,4863.985161715148,-3377.7404741496694,447831042,-32.0171829407,115.7867162302
Wahlenbergia capensis,-2235.390135611853,4795.243130243662,-3549.4263470506917,524748765,-33.8569670897,114.9934391333
Wahlenbergia capensis,5013.19510009135,1712.9308190880727,-3538.855185948669,555593756,-33.7425625941,18.8645000383
Wahlenbergia capensis,-2345.0759837094433,4984.200648524609,-3201.2678200290393,574594348,-30.1638300121,115.1970747276
Wahlenbergia capensis,-2370.1196616996913,4904.8840227324545,-3303.6946957074992,576888736,-31.2351235411,115.7905882189
Wahlenbergia capensis,5020.657539273052,1680.954706978413,-3543.6058296747974,577617804,-33.7939566667,18.5109416667
Wahlenbergia capensis,5020.6939039346,1680.673744463878,-3543.6875733254406,577689242,-33.7948412671,18.5079335421
Wahlenbergia capensis,5005.717438552628,1667.3865837766152,-3571.0457901417763,585441885,-34.0914186567,18.4227314964
Wahlenbergia capensis,-2245.3668437815963,4812.493224351603,-3519.6576299540297,595207845,-33.5351894101,115.0123635779
Xyris ambigua,841.901590769479,-5568.44190490225,2978.8268819899313,104287953,27.8760068,-81.4024753
Xyris ambigua,850.7174837657934,-5325.273224132835,3392.2703283828246,136786745,32.171425,-80.9236366667
Xyris ambigua,248.3797406937652,-5472.950112206702,3251.9037045070954,143231484,30.6919498444,-87.4015197754
Xyris ambigua,123.29242133175244,-5475.021244759935,3255.5636190907026,151722114,30.73023333,-88.70997
Xyris ambigua,602.4195338401283,-5435.271505053956,3268.74096576553,153286020,30.8681974232,-83.6754231329
Xyris ambigua,335.1208820463113,-5454.427733731519,3275.158808606749,163527562,30.9354628176,-86.4841579918
Xyris ambigua,927.0466992268196,-5556.170927126877,2976.45799158667,185970911,27.8519089802,-80.5274619811
Xyris ambigua,-414.7537214617205,-5468.953088300953,3241.648438398982,300514213,30.5847583123,-94.3368878919
Xyris ambigua,384.0726080755901,-5464.896396532279,3252.252870945301,406310683,30.6956015442,-85.9798660205
Xyris ambigua,150.31998607786053,-5440.272332485091,3312.188699313523,43076750,31.3245040404,-88.4172649072
Xyris ambigua,-499.91147302250477,-5517.909371608846,3145.2373226084496,50423325,29.58272185,-95.17674949
Xyris ambigua,870.8466740350316,-5525.6556221481105,3049.3456913611044,515359206,28.5958583333,-81.0438166667
Xyris ambigua,851.1538614962096,-5632.219914927219,2853.662394824369,53672187,26.6099104162,-81.4063583483
Xyris ambigua,818.036174895138,-5468.656530110935,3164.5482619033314,61064228,29.7826194444,-81.4924166667
Xyris ambigua,-415.73160306292095,-5479.759948447155,3223.220636457672,73746633,30.39244166,-94.33853372
Xyris ambigua,761.5420559729425,-5333.1977989641755,3401.001038486407,83794555,32.2642317702,-81.8735125288
Xyris ambigua,809.3585333917159,-5450.620630718143,3197.7221008232086,90262967,30.1269555,-81.55390833
Xyris ambigua,797.6972431578425,-5627.152618184554,2878.9903872007853,93155581,26.8649610135,-81.9315904812
Xyris ambigua,959.4300764300804,-5595.02589024517,2892.219276888434,93194710,26.99840333,-80.26960833
Xyris ambigua,871.6924653591299,-5525.944501420118,3048.580447148854,97754990,28.588020517,-81.0357204076
Yucca brevifolia,-2338.0794232321477,-4729.087142043556,3571.9564027706406,1625879,34.101308,-116.307974
Yucca brevifolia,-2346.0000221080477,-4570.162532919252,3768.2424880370386,270357127,36.2611916667,-117.172775
Yucca brevifolia,-2418.5207569968443,-4551.013115679934,3745.5026496535897,273906723,36.0079777833,-117.98728
Yucca brevifolia,-2419.239922971738,-4554.035287906029,3741.3625754908844,275203784,35.9619646113,-117.9785783045
Yucca brevifolia,-2371.0916392864838,-4699.7982281075765,3588.812363841281,277835593,34.2845748671,-116.771366559
Yucca brevifolia,-2345.7005975227557,-4717.214816860212,3582.6423500055525,29056310,34.217445,-116.4395
Yucca brevifolia,-2443.441927266496,-4560.232420897164,3718.0135751704856,29698779,35.7029611111,-118.1830833333
Yucca brevifolia,-2425.5866656277285,-4656.158695804694,3609.2199512759985,303844282,34.5069933095,-117.516881044
Yucca brevifolia,-2427.205521118055,-4619.482969947396,3654.969709627898,3126577,35.0077862945,-117.7186916863
Yucca brevifolia,-2302.5320207295445,-4761.264768873925,3552.246785327912,319776349,33.8875166667,-115.8082583333
Yucca brevifolia,-2488.655726845657,-4604.45387159072,3632.5404811658977,32995741,34.7618884857,-118.3907249817
Yucca brevifolia,-2428.1707194382498,-4573.763522858746,3711.3915616527065,34262553,35.6296583333,-117.9634383333
Yucca brevifolia,-2464.8077464004955,-4598.286876087907,3656.533017512526,359423721,35.0249527778,-118.1925277778
Yucca brevifolia,-2374.258031072755,-4695.227119401526,3592.7001306538805,36453931,34.32690139,-116.82457394
Yucca brevifolia,-2432.7049358325607,-4658.20727868562,3601.7780017171576,473231581,34.42581639,-117.57539102
Yucca brevifolia,-2449.105310315481,-4562.095991864539,3711.9962917108965,482021391,35.6363496383,-118.2285821071
Yucca brevifolia,-2456.3032256650567,-4575.4334853176515,3690.7636086179837,482622445,35.401745,-118.22895
Yucca brevifolia,-2308.564384789278,-4528.2393727388235,3841.266951688967,497510536,37.0799722222,-117.0131694444
Yucca brevifolia,-2437.0628848042898,-4657.309968096832,3599.9918730814825,497749633,34.406345,-117.622025
Yucca brevifolia,-2413.212596454398,-4539.059712321572,3763.388768380231,582946569,36.2070755736,-117.997556855
Zizia aptera,-214.63212523587572,-4444.918340783617,4559.209045904737,130155691,45.6938754769,-92.7644985869
Zizia aptera,-201.2431371797439,-4431.553019225374,4572.8100952488685,132687261,45.8692666667,-92.6000966667
Zizia aptera,-1469.8946459474043,-3458.9992155602463,5144.364614434536,142228050,53.8489587657,-113.0229662566
Zizia aptera,893.1770033113826,-5144.004344612971,3651.192582299106,189411613,34.966325,-80.1496805
Zizia aptera,-253.25997617944182,-4494.1242560032515,4508.709314842357,203720008,45.0474053627,-93.2254106551
Zizia aptera,-1691.5780693870686,-3767.910205757745,4850.893675003893,208300838,49.5878798024,-114.1773769462
Zizia aptera,-479.7180736338506,-4264.780830795936,4708.637612386622,208726009,47.6524694444,-96.4178611111
Zizia aptera,-1640.416000750785,-3658.861335784259,4950.911249422804,233449630,50.9958201217,-114.1486293266
Zizia aptera,-1690.885729566203,-3652.616507511292,4938.527232716533,283570581,50.8192000678,-114.8405750503
Zizia aptera,-1650.3626121254842,-3638.313306277302,4962.734393813687,294448962,51.1650705804,-114.399353508
Zizia aptera,-284.75792766493635,-4480.974025207409,4519.904627060832,386187674,45.1900868722,-93.6361553977
Zizia aptera,-1488.7527186824661,-3452.047839920022,5143.611006209209,395603676,53.8374716667,-113.32892
Zizia aptera,-1693.6016708885195,-3629.0608712071494,4954.935287479974,396718772,51.0533555,-115.0174111667
Zizia aptera,49.175442767090516,-4645.3041189571195,4359.872079305323,40246438,43.1829336053,-89.3934864086
Zizia aptera,-1006.7148670635689,-3927.4518687609584,4914.407403205057,453179425,50.4771066922,-104.3769583995
Zizia aptera,-1635.1861504616022,-3537.560485218045,5039.99853139263,674368442,52.2868611299,-114.8080572858
Zizia aptera,-1109.662304868043,-3775.6654419708734,5010.264780342379,674766188,51.8518534514,-106.3779816775
Zizia aptera,-654.9801888495693,-4100.40581945887,4831.917445242608,675631948,49.3253397707,-99.0754973353
Zizia aptera,-1122.8524852710364,-3747.928138655673,5028.119936265553,78945936,52.1125672,-106.6778402
Zizia aptera,-339.2996606221331,-4454.67826220164,4542.077767965594,8361648,45.47374,-94.35564
