species,x_km,y_km,z_km,source_key,latitude,longitude
Acris crepitans,362.1466863285891,-5239.557478282663,3606.3333649332635,6162824754,34.475497,-86.04613
Acris crepitans,647.6381538215288,-5194.783270931388,3631.052838977074,6162906811,34.745605,-82.893552
Acris crepitans,1014.1429382416417,-5076.784147197456,3713.156332994431,6163004468,35.649187,-78.703241
Acris crepitans,347.6566180124437,-5063.063969371312,3851.528430075986,6163364254,37.195734,-86.071936
Acris crepitans,1055.8345699124943,-4930.281372871351,3894.5207760355993,6171036530,37.682687,-77.912513
Acris crepitans,1010.4594180161348,-5077.541906358353,3713.1244368314283,6171178444,35.648834,-78.74486
Acris crepitans,987.3064875226726,-5064.171632234549,3737.5319006857912,6171218985,35.919414,-78.968047
Acris crepitans,180.34388298794164,-5117.829082584396,3790.1259471156927,6178322832,36.505647,-87.981826
Acris crepitans,1290.0031366635974,-4769.3100693362385,4022.3533533994105,6178371660,39.14999,-74.864793
Acris crepitans,640.3019902689966,-5107.456258894433,3754.1519754020464,6178561643,36.104194,-82.85433
Acris crepitans,985.9633800800417,-4937.990991776735,3903.0596085571624,6178583726,37.779782,-78.708308
Acris crepitans,1092.4678075316385,-4931.956700613314,3882.276435605776,6178615351,37.543678,-77.510195
Acris crepitans,1028.0051747321734,-4971.1804222283745,3849.71735326824,6178654617,37.17529,-78.316322
Acris crepitans,1021.9250859421825,-5059.111132684241,3735.079222124997,6178671564,35.892182,-78.580093
Acris crepitans,910.0336238428321,-5075.118623291328,3742.2938009561017,6178679056,35.972312,-79.83417
Acris crepitans,1153.104387097639,-4823.129068912151,3999.6911614208684,6178704234,38.887671,-76.554223
Acris crepitans,1056.5784002136847,-4945.036297436061,3875.5659239547435,6178743260,37.467604,-77.939281
Acris crepitans,1100.388339990696,-4865.322850174661,3963.272914455711,6178769034,38.468138,-77.255846
Acris crepitans,1040.3177153912384,-5046.713284974677,3746.7555564755894,6178978916,36.021908,-78.352333
Acris crepitans,323.1393252118187,-5159.098774574668,3724.115188922229,6179010673,35.770563,-86.41597
Acris crepitans,965.7824689088947,-5057.251847738627,3752.4953165820107,6179080718,36.085756,-79.188412
Acris crepitans,1077.3565468383113,-4918.863770953777,3903.054599087804,6179238527,37.779725,-77.64585
Acris crepitans,1003.8622181690874,-5051.136293501048,3750.738050182466,6179245438,36.066203,-78.759507
Acris crepitans,676.1760011285696,-5170.464316147894,3660.4423094233425,6179363072,35.067896,-82.549333
Acris crepitans,985.9628342012038,-4937.983320582413,3903.0694517137727,6179399805,37.779894,-78.708297
Acris crepitans,1021.9838616756131,-5058.921682296843,3735.319735784197,6179422701,35.894852,-78.579037
Acris crepitans,1051.4326182076124,-5065.576748164903,3718.0875174607722,6179441635,35.70378,-78.27395
Acris crepitans,874.4695372030826,-5108.875536490912,3704.6520633962323,6179515567,35.555124,-80.286996
Acris crepitans,409.15071919848236,-5233.212359153155,3610.517583763229,6179518773,34.521156,-85.529511
Acris crepitans,1018.8567244836112,-4964.120733050139,3861.241957240405,6179560545,37.305478,-78.40145
Acris crepitans,974.7572955482444,-5086.778234058248,3710.0254098811993,6179578396,35.614544,-79.152161
Acris crepitans,979.0355553351008,-4950.166356031896,3889.3567024222693,6184717996,37.624028,-78.812517
Acris crepitans,1021.8560277455036,-5052.230015266032,3744.400520922222,6184736144,35.995726,-78.565701
Acris crepitans,1090.3731146612438,-4943.3135422173855,3868.396415031891,6185141556,37.386412,-77.561142
Acris crepitans,1060.4803762304464,-4970.345401517579,3841.9787988640196,6185159072,37.087997,-77.955881
Acris crepitans,997.8404900440231,-4997.232449776707,3823.8377749330366,6185258654,36.883754,-78.707774
Acris crepitans,993.6425749859989,-5081.955953283017,3711.6238025618827,6185392315,35.632228,-78.93689
Acris crepitans,995.9674244196368,-5064.736937986902,3734.466731430796,6185415208,35.885383,-78.874887
Acris crepitans,970.8768852000838,-4969.661458729302,3866.4733529512623,6185579588,37.364649,-78.945879
Acris crepitans,1185.6166939635334,-4897.245068140712,3898.853283626339,6185581422,37.731936,-76.390623
Acris crepitans,345.11455725230854,-5271.776249313096,3560.7617512588968,6185761895,33.979813,-86.254501
Acris crepitans,1063.371231561668,-4973.251943036738,3837.41577948569,6185848321,37.036572,-77.930862
Acris crepitans,209.62435464582538,-5160.085822670606,3730.8611689917616,6185865261,35.845371,-87.673684
Acris crepitans,1000.7014345497269,-4919.073586860965,3923.1447609812158,6185906790,38.008675,-78.501067
Acris crepitans,835.6522142836656,-5148.018145414991,3659.1457583592155,6185960397,35.053651,-80.779881
Acris crepitans,979.1201111109328,-5057.949996670317,3748.0953521593187,6186047396,36.036807,-79.044168
Acris crepitans,988.305763365469,-5090.008784742129,3702.0015422773636,6186052474,35.52583,-79.011842
Acris crepitans,608.8962482856197,-5247.859568884826,3560.7539136768632,6187933202,33.979728,-83.381705
Acris crepitans,312.9202327386097,-5142.250845497247,3748.2116135035785,6188002978,36.0381,-86.517687
Acris crepitans,293.0816360408743,-5178.466442301588,3699.6407379973216,6188129006,35.499747,-86.760731
Acris crepitans,1138.8442425832372,-4887.9328717435665,3924.397936262471,6188341948,38.02298,-76.884582
Acris crepitans,1089.6260026877706,-4923.246342859024,3894.1127040019487,6188347163,37.67805,-77.520317
Acris crepitans,1054.8270965121392,-4929.968832447947,3895.189371164519,6188664205,37.690285,-77.922965
Acris crepitans,451.6263704458125,-5197.869779300946,3656.218881388984,6195255468,35.021503,-85.034223
Acris crepitans,1109.1194841760962,-4864.046739807581,3962.4053821467614,6195275601,38.458174,-77.154809
Acris crepitans,376.05067228895905,-5038.040268068583,3881.557584123659,6195342058,37.535525,-85.73123
Acris crepitans,999.3606277011856,-5082.121041179975,3709.8621521929754,6195359075,35.612738,-78.875162
Acris crepitans,376.05129852032053,-5038.042734897726,3881.554321647818,6195406340,37.535488,-85.731225
Acris crepitans,871.625078141873,-5064.757398017755,3765.402415686275,6195421971,36.229522,-80.23527
Acris crepitans,1005.0994185680695,-5079.547002290973,3711.8365454298164,6195476211,35.634582,-78.807359
Acris crepitans,1051.288762063711,-5065.581221741218,3718.1221005204675,6195480963,35.704163,-78.27552
Acris crepitans,837.6174968293128,-5078.2762806745095,3754.8981445335494,6195937502,36.1125,-80.633889
Acris crepitans,1093.3628597081888,-4942.861812519155,3868.1297663118835,6196004482,37.383394,-77.526997
Acris crepitans,1133.6875894179664,-4844.946406306482,3978.818907577351,6234220112,38.646925,-76.830093
Acris crepitans,1017.6557288602793,-5057.942337030757,3737.8268101220438,6234230982,35.922689,-78.623997
Acris crepitans,1059.4663664229845,-4849.824028546886,3993.30577845288,6234277464,38.813934,-77.677066
Acris crepitans,1292.923033086114,-4774.55197759438,4015.1907269073063,6234290037,39.066976,-74.847998
Acris crepitans,700.56152984889,-5158.939719980712,3672.0985332883647,6234382134,35.196073,-82.266786
Acris crepitans,1054.886594353772,-4930.000039863471,3895.1337601777313,6234477513,37.689653,-77.922378
Acris crepitans,1130.0196079747004,-4818.6182468342295,4011.698768171204,6234510358,39.02654,-76.801996
Acris crepitans,1014.1488106610383,-5076.942702105267,3712.9379363318626,6234528584,35.64677,-78.703521
Acris crepitans,958.6056338826318,-4929.814706669733,3920.172869436848,6234538927,37.974762,-78.996117
Acris crepitans,1073.602935826314,-4811.805495310421,4035.301443654859,6234595656,39.300306,-77.422264
Acris crepitans,838.8903390280659,-5131.48923574289,3681.5532526662787,6234779713,35.30019,-80.715477
Acris crepitans,1262.0039047875773,-4637.458048115504,4182.234107023072,6234791892,41.029514,-74.776595
Acris crepitans,1010.002379701511,-5066.7422989178,3727.971405339891,6234803915,35.813317,-78.726455
Acris crepitans,650.5819023434003,-5193.653991165537,3632.141866457168,6234909301,34.757525,-82.860047
Acris crepitans,439.9357461349718,-5244.580006930644,3590.346810525895,6234930694,34.301278,-85.205033
Acris crepitans,1009.2337662529816,-5051.919733429679,3748.24056614781,6235016446,36.038422,-78.702611
Acris crepitans,953.5486852010868,-5070.66512324614,3737.4929086921256,6235046382,35.918981,-79.349795
Acris crepitans,1014.2935998571086,-5076.699327490014,3713.2311483704834,6235111384,35.650015,-78.701422
Acris crepitans,1027.1793887479905,-4947.042433179271,3880.905409480171,6235189712,37.528129,-78.270061
Acris crepitans,998.7603377437295,-4958.5647401247115,3873.6115751865755,6235208152,37.445463,-78.611789
Acris crepitans,1070.2386332078956,-4944.883387743623,3872.0111930731664,6235848756,37.427337,-77.787636
Acris crepitans,1002.2230122715162,-5058.334938735302,3741.4635920880705,6235943851,35.963087,-78.792962
Acris crepitans,1107.0975573000203,-4940.426551902814,3867.334174021096,6251812907,37.37439,-77.369282
Acris crepitans,1138.3126402726118,-4962.409055322229,3829.9469748717106,6251884451,36.952474,-77.080592
Acris crepitans,1126.422990812021,-4842.097390196025,3984.346526007041,6251938394,38.710603,-76.904135
Acris crepitans,1016.1091140361481,-4910.806624565414,3929.536066022878,6252725215,38.081661,-78.309734
Acris crepitans,1128.1488161834377,-4813.074504293917,4018.8738714143797,6252817801,39.109651,-76.808436
Acris crepitans,266.7193242712065,-5177.350159266863,3703.1958171391816,6252928860,35.539028,-87.050925
Acris crepitans,1135.548452694076,-4844.397331571837,3978.956814935442,6253011320,38.648513,-76.807788
Acris crepitans,855.7017832590935,-5103.132256791457,3716.9300178371914,6253129425,35.690962,-80.481103
Acris crepitans,175.2309349263861,-5091.868623092611,3825.1694307948255,6273840623,36.898728,-88.029008
Acris crepitans,1172.2918744008873,-4853.6209556597705,3956.99993804289,6320273872,38.396121,-76.421443
Acris crepitans,57.925446215616766,-5124.734617034681,3784.6390683028885,6353039842,36.444282,-89.352407
Acris crepitans,692.0906355547629,-5176.221611010968,3649.314115769955,6400224855,34.945713,-82.384392
Acris crepitans,1170.1165904382099,-4860.471761214153,3949.2270829743993,6431185000,38.306984,-76.46411
Acris crepitans,1182.7333689904654,-4935.68718433936,3850.9592215319676,6431531596,37.189308,-76.524372
Acris crepitans,1089.4064506816728,-4942.905618344144,3869.189936282851,6499151224,37.395394,-77.570833
Ambystoma maculatum,297.85264684177736,-5306.6525286530095,3512.9013465492317,6129947617,33.462326,-86.787464
Ambystoma maculatum,297.886208308963,-5306.642968763191,3512.912942082815,6130185753,33.462451,-86.787097
Ambystoma maculatum,1554.0134566343818,-4337.839904683984,4399.76593327508,6130411207,43.676967,-70.290144
Ambystoma maculatum,297.89957411531907,-5306.621216684411,3512.944667377244,6147407038,33.462793,-86.78694
Ambystoma maculatum,624.7590109288744,-5188.09240074566,3644.602385619829,6159158742,34.894035,-83.133408
Ambystoma maculatum,259.50021927087624,-5128.296013733766,3771.3383249714097,6159296223,36.295728,-87.10321
Ambystoma maculatum,-302.351913233546,-5327.970516580459,3480.0957780915746,6159378024,33.109398,-93.24794
Ambystoma maculatum,374.35244139002856,-5022.003921863544,3902.446666911663,6159427857,37.772808,-85.736917
Ambystoma maculatum,349.7199911936181,-5219.822237651215,3636.0562240920913,6159521184,34.800384,-86.167
Ambystoma maculatum,-282.7142076387749,-5240.512166899345,3612.0434708148982,6159604500,34.537813,-93.087989
Ambystoma maculatum,338.3623925625348,-5066.221900423451,3848.202135627309,6162771456,37.15819,-86.179009
Ambystoma maculatum,828.9989544804137,-5113.132525315827,3709.230330096153,6162827801,35.605749,-80.790695
Ambystoma maculatum,979.6347043113393,-4910.651011986179,3938.9815453065253,6162832057,38.189658,-78.718067
Ambystoma maculatum,668.8584971213371,-4906.960808293714,4008.0066200513597,6162848674,38.983811,-82.237958
Ambystoma maculatum,312.2452158033629,-5226.321875642227,3630.1261282590244,6162950029,34.735463,-86.580943
Ambystoma maculatum,561.954100504346,-5154.597264045738,3701.9032623903045,6163009903,35.524744,-83.778187
Ambystoma maculatum,654.981939086083,-4917.798764191396,3996.9997628303718,6163180792,38.856582,-82.413651
Ambystoma maculatum,680.7840007478709,-5165.395642016899,3666.738896544993,6163328194,35.137111,-82.491858
Ambystoma maculatum,412.26728564430056,-5357.906210693592,3422.371962875449,6163337609,32.491805,-85.600012
Ambystoma maculatum,319.8313401814706,-5233.729385150015,3618.7757275814142,6163352389,34.611344,-86.503024
Ambystoma maculatum,297.9789215316455,-5306.598093314685,3512.9728675338833,6170910324,33.463097,-86.786072
Ambystoma maculatum,1064.0799101467203,-4993.715493527316,3810.5501760513307,6170945374,36.7345,-77.9711
Ambystoma maculatum,298.1440415928167,-5306.543866538396,3513.0407701368704,6171030767,33.463829,-86.784262
Ambystoma maculatum,552.1914895961264,-5004.239956289375,3904.1542167762736,6171114308,37.792238,-83.703187
Ambystoma maculatum,298.05036833795623,-5306.574921046166,3513.001809697074,6171138316,33.463409,-86.785289
Ambystoma maculatum,401.35261105784815,-5235.572674205002,3607.970064231737,6171187071,34.493354,-85.616349
Ambystoma maculatum,363.4158081979838,-5214.119067810402,3642.889571030835,6171192353,34.875257,-86.013023
Ambystoma maculatum,422.0431062319272,-5146.209765262118,3732.0447208039136,6171334631,35.858503,-85.311638
Ambystoma maculatum,334.7317073436832,-4684.289069264235,4305.246070708134,6178296404,42.512869,-85.912684
Ambystoma maculatum,1005.9477217785462,-4735.590464529497,4141.49794917048,6178298596,40.545652,-78.007329
Ambystoma maculatum,674.8556710104676,-4877.589005036633,4042.7031118953305,6178320770,39.386378,-82.122656
Ambystoma maculatum,1138.8617289359388,-4888.011783740465,3924.29457279354,6178324564,38.0218,-76.884592
Ambystoma maculatum,1090.8871958423676,-4827.27960280667,4012.1178811135755,6178324692,39.031392,-77.265974
Ambystoma maculatum,540.3240125260138,-5004.289877162592,3905.750365357883,6178324940,37.810405,-83.837524
Ambystoma maculatum,1155.5773304979498,-4721.736230168302,4118.203629694955,6178339551,40.27053,-76.247987
Ambystoma maculatum,1114.5874897747494,-4696.110535368013,4158.604777677317,6178362651,40.748417,-76.648314
Ambystoma maculatum,411.8439112791375,-5358.162215523408,3422.022120699546,6178388799,32.488075,-85.604722
Ambystoma maculatum,563.9375998696855,-4980.796573127724,3932.3520964239424,6178390927,38.113842,-83.540345
Ambystoma maculatum,1107.4770072126673,-4575.674112965405,4292.604596292437,6178420209,42.358828,-76.394027
Ambystoma maculatum,485.5344297090627,-5122.47014595901,3756.9015226650827,6178425270,36.134805,-84.585384
Ambystoma maculatum,948.9233080611008,-4634.267951879351,4267.652543879338,6178426498,42.05588,-78.427945
Ambystoma maculatum,1123.1256683949337,-4526.949566856286,4339.93887996243,6178455719,42.937581,-76.066386
Ambystoma maculatum,681.9022075712795,-4739.818342846795,4202.2475636021145,6178457837,41.268538,-81.813217
Ambystoma maculatum,727.8750852584005,-4714.7248850044625,4222.714796035503,6178463050,41.51389,-81.223772
Ambystoma maculatum,-352.2499042508695,-5151.053557478716,3732.6023606350764,6178478615,35.864691,-93.912027
Ambystoma maculatum,297.88981175227474,-5306.624405293027,3512.9406785313145,6178480420,33.46275,-86.787047
Ambystoma maculatum,698.7526787906648,-4734.453407393876,4205.525978611573,6178487212,41.307776,-81.604389
Ambystoma maculatum,1049.4559452556862,-4854.262330832031,3990.5554215058983,6178488973,38.782197,-77.80082
Ambystoma maculatum,1155.525899678747,-4721.75199870812,4118.199981490085,6178528838,40.270487,-76.24862
Ambystoma maculatum,608.5243371078715,-4841.643185602151,4096.088686068347,6178529757,40.010369,-82.836315
Ambystoma maculatum,586.0545074184856,-4826.606430328129,4117.057639956849,6178537068,40.257024,-83.076942
Ambystoma maculatum,922.0849727861204,-4635.604600110952,4272.0817436081015,6178572744,42.10955,-78.74993
Ambystoma maculatum,692.4095258889059,-5070.178516583284,3795.2090835832832,6178594890,36.56254,-82.223501
Ambystoma maculatum,496.5161553372785,-4895.4104014521945,4046.996644243751,6178607263,39.436355,-84.20859
Ambystoma maculatum,1100.5979362456,-4569.712546866466,4300.716748568843,6178645462,42.457634,-76.458432
Ambystoma maculatum,698.6922945218923,-4734.386935900892,4205.610841295725,6178650044,41.308792,-81.604988
Ambystoma maculatum,1528.897131645052,-4494.599517518413,4248.62352623155,6178650645,41.825813,-71.213588
Ambystoma maculatum,698.7281927234441,-4734.284067811139,4205.720676369328,6178695803,41.310107,-81.604383
Ambystoma maculatum,1337.5984490218327,-4607.274013564839,4192.0889402280045,6178733816,41.147103,-73.810762
Ambystoma maculatum,1094.520415130894,-4814.300377410353,4026.6971659917094,6178735672,39.200382,-77.191646
Ambystoma maculatum,-461.5018170805661,-5168.18823403557,3696.836428635309,6178763405,35.468775,-95.102786
Ambystoma maculatum,1099.9255220525295,-4569.728367758851,4300.871960488354,6178765103,42.459526,-76.466446
Ambystoma maculatum,552.2220181712017,-5004.184143283242,3904.221437423463,6178768393,37.793003,-83.702772
Ambystoma maculatum,675.9562875557754,-4802.17416460962,4131.82278416526,6178785141,40.431245,-81.98766
Ambystoma maculatum,982.6573308499328,-5053.081105525997,3753.7326810496893,6178805986,36.099527,-78.995216
Ambystoma maculatum,1126.845653168393,-4536.802957200568,4328.670804201805,6178839237,42.799317,-76.051214
Ambystoma maculatum,1089.5654789746052,-4568.716394978846,4304.582523190347,6178859880,42.504774,-76.586428
Ambystoma maculatum,514.6739983041849,-4683.631594827199,4288.176639211992,6178862120,42.304961,-83.729053
Ambystoma maculatum,1126.8399101283323,-4536.795742834705,4328.679860467427,6178888056,42.799428,-76.051261
Ambystoma maculatum,338.75458589485635,-5131.304171819817,3760.946151765161,6178898233,36.179856,-86.222971
Ambystoma maculatum,952.362837567698,-4636.037596036421,4264.963489109171,6178901491,42.023318,-78.39145
Ambystoma maculatum,1076.1005807691422,-4804.889682574538,4042.8697490810305,6178906446,39.388317,-77.376374
Ambystoma maculatum,1288.417894587895,-4674.609779067052,4132.524152625587,6178934635,40.439532,-74.590706
Ambystoma maculatum,735.9184346856545,-5098.119048688383,3749.3145176909206,6178945530,36.050367,-81.786037
Ambystoma maculatum,1146.637975467011,-4587.314600740871,4269.838315056434,6178953002,42.08236,-75.965998
Ambystoma maculatum,811.0853542810185,-4776.134517552462,4137.684466944305,6178958071,40.500535,-80.361953
Ambystoma maculatum,372.6906909431974,-5021.2457310641985,3903.5811874266533,6178999485,37.785717,-85.755133
Ambystoma maculatum,409.05337246511664,-4900.117555386269,4051.083362700359,6179011602,39.483958,-85.228111
Ambystoma maculatum,-344.31617459913736,-5153.544341996037,3729.9035130506372,6179025515,35.834747,-93.822338
Ambystoma maculatum,589.7293126388919,-4934.851629795111,3986.1274263877253,6179060160,38.731131,-83.185303
Ambystoma maculatum,575.8822057665683,-4972.301859427581,3941.3610635784044,6179067578,38.21689,-83.39355
Ambystoma maculatum,1146.7125399048753,-4587.334523441962,4269.7968863331025,6179071385,42.081858,-75.96518
Ambystoma maculatum,1142.387201624686,-4694.4735303622165,4152.905354564448,6179077382,40.680794,-76.323067
Ambystoma maculatum,172.7586909447599,-4758.732067410773,4232.537852751807,6179090777,41.631975,-87.920875
Ambystoma maculatum,1156.32095028743,-4721.718824532893,4118.014853258245,6179099388,40.268305,-76.239425
Ambystoma maculatum,608.6956372786635,-4841.580798280924,4096.136975804498,6179114166,40.010936,-82.834228
Ambystoma maculatum,1100.563512592072,-4569.672273469048,4300.768349669237,6179134235,42.458263,-76.458725
Ambystoma maculatum,674.9290803076366,-4877.572151976774,4042.7111903391256,6179141756,39.386472,-82.121783
Ambystoma maculatum,1082.336973171758,-4725.513463341412,4133.741926386054,6179143304,40.453923,-77.099425
Ambystoma maculatum,698.6716633743072,-4734.422775367955,4205.5739228495795,6179195698,41.30835,-81.605295
Ambystoma maculatum,698.4764987419828,-4734.617618256644,4205.386988051915,6179202890,41.306112,-81.607947
Ambystoma maculatum,-349.27989372834094,-5153.009203808991,3730.181340226555,6179278322,35.837829,-93.877676
Ambystoma maculatum,923.401499361699,-4636.006644373888,4271.361047017117,6179295819,42.100814,-78.73523
Ambystoma maculatum,685.2149253682837,-5073.182935305408,3792.498983606453,6179299234,36.532202,-82.307834
Ambystoma maculatum,923.3337343339567,-4636.155518961772,4271.214107103348,6179319048,42.099033,-78.736388
Ambystoma maculatum,-432.5570990942908,-5276.143466740433,3544.708394786914,6185764291,33.805889,-94.686831
Ambystoma maculatum,663.8253297424563,-4874.527978535823,4048.2176383862084,6188310985,39.450574,-82.245024
Ambystoma maculatum,965.4461011896076,-5066.087115757446,3740.6454377462214,6188549657,35.953997,-79.210495
Ambystoma maculatum,297.775900248568,-5306.655791802704,3512.9029235427806,6320756617,33.462343,-86.788292
Ambystoma maculatum,366.13568471567044,-5191.576151400471,3674.6747957152756,6413739007,35.22443,-85.965897
Ambystoma tigrinum,354.7184036474879,-4858.226579135637,4106.283293876746,3712417055,40.130175,-85.824018
Ambystoma tigrinum,413.76055435747554,-4763.878109273698,4209.99058114363,3712487859,41.361249,-85.036105
Ambystoma tigrinum,31.336694781331257,-4652.3937935007,4352.4709225259385,3712544696,43.09172,-89.614084
Ambystoma tigrinum,-550.6280520631893,-5384.515118526723,3360.589057935481,3772626214,31.835445,-95.83885
Ambystoma tigrinum,-279.7546543792879,-4744.279731942142,4243.029611976985,3872979607,41.758338,-93.374637
Ambystoma tigrinum,213.78467896224154,-4755.1760352830715,4234.660566584767,3888979843,41.657521,-87.425812
Ambystoma tigrinum,-403.2124619859182,-4578.04041075167,4412.337117413104,3902583230,43.833488,-95.033357
Ambystoma tigrinum,161.9227572515594,-4657.70717143968,4343.880529604936,3903200329,42.98602,-88.008944
Ambystoma tigrinum,-280.3250727516252,-4470.602957169409,4530.43929245414,3923586791,45.324676,-93.587982
Ambystoma tigrinum,-232.2328639092343,-4489.0655410496765,4514.876697625122,3947159615,45.125963,-92.961443
Ambystoma tigrinum,-275.3771259104044,-4504.339832503587,4497.203935950016,3947201017,44.901142,-93.498478
Ambystoma tigrinum,61.21457041290527,-4677.703590488487,4324.938730846683,3947351069,42.753591,-89.250244
Ambystoma tigrinum,-335.022834056807,-4739.841024344623,4243.986321169956,3947426061,41.769873,-94.043073
Ambystoma tigrinum,-343.5942789031775,-4745.640671286859,4236.813746226101,3961120655,41.683444,-94.141108
Ambystoma tigrinum,-61.061254955471625,-4702.31836408942,4298.165498857403,4039176206,42.426543,-90.743964
Ambystoma tigrinum,1280.128509873928,-4775.663866758782,4017.966993346256,4039361546,39.099141,-74.994479
Ambystoma tigrinum,159.05004099819482,-4718.49541236682,4277.879995699877,4076403668,42.179878,-88.069417
Ambystoma tigrinum,290.37742644195157,-5151.713862724144,3737.014631561706,4177246583,35.91367,-86.773925
Ambystoma tigrinum,1283.2501869422854,-4768.871010526299,4025.033089597141,4405361407,39.181073,-74.939092
Ambystoma tigrinum,-378.4615898081591,-4422.191295112551,4570.639353979714,4407298735,45.841237,-94.891589
Ambystoma tigrinum,-272.88865672734335,-4475.82648476443,4525.733331625745,4420853584,45.264514,-93.488973
Ambystoma tigrinum,-265.28925601708596,-4527.950434052434,4474.040635385838,4420962346,44.607798,-93.353084
Ambystoma tigrinum,-310.56239772549117,-4715.4611718153965,4272.906512421937,4430605428,42.119549,-93.768084
Ambystoma tigrinum,81.86665119517986,-4639.918385099663,4365.112640094601,4430736231,43.247602,-88.989179
Ambystoma tigrinum,362.51958140734394,-5033.461958672504,3888.7778791505234,4453876368,37.617456,-85.880561
Ambystoma tigrinum,695.4079796286487,-5515.8910824603945,3111.447643457966,4465483074,29.233895,-82.814428
Ambystoma tigrinum,308.05687531067696,-5466.165700103305,3258.2029756087013,4510147665,30.757851,-86.774392
Ambystoma tigrinum,233.56035050818264,-5107.445076444025,3801.2113179163853,4512123990,36.629774,-87.381723
Ambystoma tigrinum,239.82887487119044,-5107.504361043102,3800.741301691177,4512254147,36.624507,-87.311584
Ambystoma tigrinum,246.86145691244676,-5101.4231226402735,3808.4504295788934,4516781131,36.710941,-87.229578
Ambystoma tigrinum,1410.6518931197272,-4599.783982540792,4176.338310060182,4536005151,40.959265,-72.950383
Ambystoma tigrinum,1424.350169970026,-4605.694514810668,4165.159992032325,4596915169,40.826279,-72.815332
Ambystoma tigrinum,1217.9984858677226,-4775.287673567995,4037.6800830143707,4597425591,39.327955,-75.691067
Ambystoma tigrinum,208.8444360554157,-4746.414072740519,4244.725030116424,4852041632,41.778781,-87.480584
Ambystoma tigrinum,-184.3620230381577,-4608.289383702727,4395.3876655184185,4875043595,43.62255,-92.290988
Ambystoma tigrinum,245.51323165184454,-5105.409014687583,3803.192760761418,4909209746,36.651982,-87.246833
Ambystoma tigrinum,-455.8850448861565,-4558.182842799579,4427.741086280242,4921860831,44.025841,-95.711424
Ambystoma tigrinum,147.12823441792636,-4625.378031032669,4378.810852543742,4926262930,43.416963,-88.178098
Ambystoma tigrinum,-229.13409393356045,-4510.830180462136,4493.290751743829,4935751994,44.85148,-92.907922
Ambystoma tigrinum,-226.37483899689184,-4513.359831109105,4490.889733324273,4936079987,44.82103,-92.871356
Ambystoma tigrinum,-481.12220404619933,-4542.300424534958,4441.3715683019245,4936563221,44.19657,-96.046247
Ambystoma tigrinum,1422.275116360819,-4604.058768588558,4167.676748314469,4936570869,40.856197,-72.833157
Ambystoma tigrinum,-403.34189370411445,-4578.027076461914,4412.339122692429,4937089587,43.833513,-95.034979
Ambystoma tigrinum,-356.46278393675027,-4466.945096034703,4528.696161408601,4945659651,45.302384,-94.562542
Ambystoma tigrinum,-237.25337282158435,-4490.456008937534,4513.2326328873205,4945857807,45.105011,-93.024412
Ambystoma tigrinum,-284.15917743607235,-4484.885584550222,4516.061113963129,4946584738,45.141062,-93.625374
Ambystoma tigrinum,-424.3496508032677,-4503.548042492151,4486.394491404617,4949899654,44.764064,-95.382838
Ambystoma tigrinum,-426.40893995798154,-4409.347422492438,4578.819045710437,4950251864,45.946931,-95.523651
Ambystoma tigrinum,143.36838036123487,-4701.9160710924925,4296.647983904682,4950504530,42.408057,-88.253508
Ambystoma tigrinum,-222.6485221864751,-4489.919856448446,4514.509989790208,4952612415,45.121289,-92.838888
Ambystoma tigrinum,535.1040138195465,-4846.405116294974,4100.704119150947,4952717971,40.064583,-83.699347
Ambystoma tigrinum,-306.0086061014037,-4721.323075344072,4266.757584031801,4978160833,42.045041,-93.708391
Ambystoma tigrinum,547.9940836479773,-4834.884529270208,4112.584005535675,4978653726,40.204326,-83.533594
Ambystoma tigrinum,574.208017547003,-5464.616137549351,3224.5943545657615,5063186008,30.406765,-84.001517
Ambystoma tigrinum,308.1519194590372,-4857.065445044029,4111.4122618353895,5063341818,40.19053,-86.369789
Ambystoma tigrinum,234.93523205736022,-5098.084523173393,3813.6718213547824,5063681331,36.769538,-87.361503
Ambystoma tigrinum,958.9472321841906,-4931.082708834514,3918.4941819781984,5063707043,37.955613,-78.995053
Ambystoma tigrinum,-594.0392075444782,-4601.110562927424,4366.537774632786,5087070853,43.2652,-97.356636
Ambystoma tigrinum,242.0144028902939,-5097.411837196762,3814.1283041446604,5087475180,36.774663,-87.281758
Ambystoma tigrinum,441.47897461786295,-4880.954826386566,4070.7652139888246,5087510532,39.713675,-84.8317
Ambystoma tigrinum,260.5146909824862,-5092.202348088624,3819.863933647434,5087893130,36.839087,-87.071328
Ambystoma tigrinum,-229.81211848713204,-4494.42661739229,4509.663945434248,5088165786,45.059558,-92.927138
Ambystoma tigrinum,344.1475796095594,-5107.447211739754,3792.7956117378817,5103660719,36.535522,-86.14515
Ambystoma tigrinum,344.2128080371558,-5107.454426819867,3792.779976536836,5103660724,36.535347,-86.144427
Ambystoma tigrinum,-99.32665231366202,-4793.162392539832,4195.888657311992,5108095006,41.192498,-91.187146
Ambystoma tigrinum,56.949314902265556,-4641.497417927877,4363.829926174763,5108150646,43.231767,-89.297039
Ambystoma tigrinum,310.4553419514723,-4735.092104416825,4251.149653096286,5108451805,41.856307,-86.248783
Ambystoma tigrinum,244.0458334086709,-5100.277693628534,3810.165640592086,5167108855,36.730185,-87.260514
Ambystoma tigrinum,57.78458922254996,-5077.091977682735,3848.317959976206,5230840988,37.159497,-89.34792
Ambystoma tigrinum,132.73244432403024,-4741.19500756649,4253.610834118208,5238063337,41.886031,-88.396391
Ambystoma tigrinum,40.69089966251755,-4655.1549085378765,4349.440212013243,5760275172,43.054408,-89.499188
Ambystoma tigrinum,528.2708398959761,-4844.2284700021555,4104.1605207171915,5760690408,40.105211,-83.776397
Ambystoma tigrinum,541.1182301061555,-4625.834312016787,4347.252133071234,5828477531,43.027484,-83.328009
Ambystoma tigrinum,96.75956900970043,-4655.812271634479,4347.850366190204,5828901480,43.034844,-88.80942
Ambystoma tigrinum,-220.08345316192404,-4477.383856919473,4527.068610162503,5830487676,45.281578,-92.814079
Ambystoma tigrinum,-281.2328480955304,-4469.3772694074605,4531.592218915271,5830751909,45.339425,-93.600555
Ambystoma tigrinum,-306.3054098463192,-4712.154551846886,4276.859783191984,5837920111,42.167498,-93.71918
Ambystoma tigrinum,1420.9606244633255,-4594.902762838287,4178.216441672606,5867733836,40.981635,-72.815925
Ambystoma tigrinum,-310.1426636879867,-4715.85200366768,4272.505650943189,5889318508,42.114689,-93.762695
Ambystoma tigrinum,1211.4482221797143,-4782.210733015242,4031.45219985167,5892402770,39.255586,-75.784655
Ambystoma tigrinum,95.8171605235585,-4646.289921642588,4358.045681893335,5897778698,43.160412,-88.818597
Ambystoma tigrinum,508.3308371520377,-5354.298565223217,3415.0900082027615,5909107330,32.414197,-84.576661
Ambystoma tigrinum,315.2336045035448,-5075.407401200612,3838.049063796239,5935316920,37.043707,-86.445924
Ambystoma tigrinum,506.8660656001604,-4892.084005373907,4049.7350537516945,6178784706,39.468249,-84.084723
Ambystoma tigrinum,217.8109408998855,-4745.818747870716,4244.940039159631,6178917511,41.781374,-87.372235
Ambystoma tigrinum,286.7501256920526,-5136.488988562926,3758.192167181561,6179323380,36.149178,-86.804717
Ambystoma tigrinum,582.6462958455126,-4873.8453214001875,4061.515506147975,6179388828,39.605622,-83.182899
Ambystoma tigrinum,1421.4459064978898,-4596.269924084341,4176.547312019289,6179501683,40.961754,-72.815214
Ambystoma tigrinum,-555.820283930975,-5376.5013613792,3372.5435583155845,6185885367,31.962078,-95.902245
Ambystoma tigrinum,537.6092823887736,-4856.671009955833,4088.2118450762127,6185911010,39.917945,-83.683359
Ambystoma tigrinum,30.78577434940842,-4641.333223916665,4364.267552561654,6188158930,43.237169,-89.619965
Ambystoma tigrinum,387.01388403459146,-4964.623965862368,3973.975624085648,6188301916,38.591177,-85.542561
Ambystoma tigrinum,54.013261830817726,-4666.506443955886,4337.1134762353195,6195406602,42.902883,-89.33685
Ambystoma tigrinum,199.92241491706872,-4746.35739673712,4245.217970862036,6195485487,41.784726,-87.588057
Ambystoma tigrinum,-555.9356404393475,-5376.454875660378,3372.5986513895314,6235704100,31.962662,-95.903512
Ambystoma tigrinum,156.90743339642884,-4728.766586931343,4266.602835200866,6235860924,42.043167,-88.099539
Ambystoma tigrinum,54.652997509789024,-4551.12190136763,4458.032707196362,6273162617,44.405934,-89.311986
Ambystoma tigrinum,153.56333981996212,-4734.437006461061,4260.4316286255325,6353047690,41.968479,-88.14224
Ambystoma tigrinum,212.0996571126434,-4755.639508786363,4234.224808344537,6479149497,41.652276,-87.446323
Ambystoma tigrinum,357.0546628954601,-4692.7681778304295,4294.204457932123,6498240211,42.378302,-85.648968
Anaxyrus americanus,-390.1522084152357,-5119.866551170658,3771.5382647071233,6159403344,36.297959,-94.357722
Anaxyrus americanus,308.0338908445723,-5293.111678974781,3532.398194664548,6159474094,33.672758,-86.669415
Anaxyrus americanus,-397.0088291040363,-5064.8234601847935,3844.437596899268,6159565001,37.115722,-94.481995
Anaxyrus americanus,560.2287039650269,-5258.07764200525,3553.6623980867425,6162825715,33.902854,-83.918291
Anaxyrus americanus,248.97328603541106,-5153.530229033063,3737.498041599566,6163082147,35.919038,-87.234122
Anaxyrus americanus,908.7423299045272,-5084.47235660104,3729.890261452339,6163262765,35.8346,-79.866583
Anaxyrus americanus,630.9383406986308,-5200.681503352564,3625.545730038502,6163286185,34.685353,-83.082772
Anaxyrus americanus,1011.569326059406,-5076.088160104012,3714.8094997058756,6163304861,35.667485,-78.729669
Anaxyrus americanus,600.0379859821269,-5254.181123403974,3552.926718568975,6163310709,33.894883,-83.484933
Anaxyrus americanus,562.1768278490733,-5299.086023011191,3491.90458985271,6163335999,33.236275,-83.944177
Anaxyrus americanus,813.9636436679848,-5063.885565022089,3779.4548946673626,6171145389,36.386347,-80.868446
Anaxyrus americanus,983.1768942940912,-5066.812829540375,3735.0400365469595,6171240846,35.891747,-79.018653
Anaxyrus americanus,872.8096591933202,-4996.742225734393,3854.9349615861456,6178294590,37.234203,-80.091782
Anaxyrus americanus,-208.9986860321782,-5230.897280723655,3630.948404677782,6178316049,34.744462,-92.288016
Anaxyrus americanus,-378.9811298902667,-5137.153546453682,3749.1038759979547,6178361960,36.048024,-94.219215
Anaxyrus americanus,374.70536887435117,-5022.17197649495,3902.196516671473,6178390919,37.769962,-85.733055
Anaxyrus americanus,66.80018726646504,-5039.662207101638,3897.062445351632,6178403174,37.711575,-89.240595
Anaxyrus americanus,389.9049418298479,-5279.089592403918,3545.27013658857,6178415821,33.811969,-85.775897
Anaxyrus americanus,864.3200153699622,-5071.404918272649,3758.132008808136,6178419654,36.148508,-80.328006
Anaxyrus americanus,331.1250716520298,-5140.260964779025,3749.3768189620373,6178441460,36.05106,-86.314216
Anaxyrus americanus,637.5992558574679,-4989.679889531733,3909.7717220587233,6178456874,37.856195,-82.718003
Anaxyrus americanus,1154.5296379489116,-4779.847767738394,4050.9097449858436,6178482966,39.481935,-76.420807
Anaxyrus americanus,493.3104581379361,-5245.455356214977,3582.1217214836215,6178516087,34.211783,-84.627403
Anaxyrus americanus,968.6329277814499,-5065.944208078752,3740.0150616713186,6178520246,35.946994,-79.175422
Anaxyrus americanus,1002.0817439958454,-5078.57108958644,3713.9872100001194,6178536213,35.658383,-78.838028
Anaxyrus americanus,726.7521322349978,-4754.421588277165,4178.164648370544,6178580962,40.981018,-81.309145
Anaxyrus americanus,1002.8381694114936,-5072.127902771041,3722.5780413015227,6178583622,35.753527,-78.815982
Anaxyrus americanus,1016.3904403176014,-5067.198137011676,3725.6149348495246,6178604485,35.787188,-78.657989
Anaxyrus americanus,-289.3595649205407,-5104.684823452356,3801.081033743113,6178624866,36.628314,-93.244345
Anaxyrus americanus,1001.4328762337315,-5067.201017274773,3729.6593912320163,6178661743,35.832039,-78.820674
Anaxyrus americanus,509.6459697828155,-5255.637681505312,3564.8683953132177,6178686930,34.024362,-84.461272
Anaxyrus americanus,-509.5958368288938,-5113.535293669635,3765.875995456978,6178722304,36.234802,-95.691093
Anaxyrus americanus,704.9746949063282,-5141.182704638379,3696.0795725669077,6178746756,35.460418,-82.192121
Anaxyrus americanus,1004.4943278292459,-4910.536287086927,3932.858711959895,6178771505,38.119633,-78.439125
Anaxyrus americanus,861.4510233203612,-5051.560100572032,3785.418842665421,6178807739,36.453,-80.32235
Anaxyrus americanus,1103.6048274836141,-4522.117848397173,4349.972376882413,6178823097,43.060958,-76.285275
Anaxyrus americanus,968.9954554301507,-5094.01543294102,3701.5952920317823,6178840231,35.521341,-79.229739
Anaxyrus americanus,366.1738387210131,-4829.627190727308,4138.885242200031,6178878979,40.514738,-85.66423
Anaxyrus americanus,909.2195258862098,-4474.806987383597,4442.879180113682,6178935061,44.215484,-78.514635
Anaxyrus americanus,1248.1443203525607,-4630.486477205039,4194.101080049258,6178957481,41.171138,-74.914497
Anaxyrus americanus,1294.4452360701512,-4572.290597905178,4243.621489812756,6178964497,41.765474,-74.192837
Anaxyrus americanus,987.2392225775095,-5071.994536458868,3726.9267861353774,6178977221,35.801733,-78.985378
Anaxyrus americanus,581.8024734402447,-4828.0078214949635,4116.01743037608,6179036800,40.244767,-83.128665
Anaxyrus americanus,982.4695101878091,-4919.5263446916515,3927.1831298162765,6179080745,38.054783,-78.706147
Anaxyrus americanus,1009.3123878215184,-5067.9866422139785,3726.466560672206,6179083416,35.79663,-78.736655
Anaxyrus americanus,541.5282240572863,-5274.568329411869,3532.057367964468,6179083836,33.669075,-84.138108
Anaxyrus americanus,982.6075672713135,-5064.900335613246,3737.782777091711,6179110832,35.9222,-79.020814
Anaxyrus americanus,987.5494960885804,-5034.828409294794,3776.9037598819846,6179120247,36.357853,-78.90268
Anaxyrus americanus,968.9573738423493,-5094.0031449606195,3701.622170952257,6179142455,35.521638,-79.230127
Anaxyrus americanus,1074.816950575073,-4811.287434824165,4035.5959748142586,6179159736,39.303729,-77.407182
Anaxyrus americanus,1093.9377255475379,-4800.586444447385,4043.194673978652,6179174616,39.392098,-77.162879
Anaxyrus americanus,633.8891364089479,-5184.235331762176,3648.512260816573,6179187686,34.936916,-83.028908
Anaxyrus americanus,289.8101714741983,-4934.997569782633,4018.9006183814795,6179207584,39.109961,-86.639137
Anaxyrus americanus,1088.3097239702197,-4942.88533419911,3869.5244730261957,6179276640,37.399181,-77.582908
Anaxyrus americanus,687.4965175831813,-5164.689280262766,3666.481461336918,6179291267,35.13428,-82.41766
Anaxyrus americanus,1212.4795443281027,-4742.393305236777,4077.9102764416907,6179328673,39.797258,-75.658502
Anaxyrus americanus,696.216458045533,-5186.481889513278,3633.9291934454022,6179349987,34.777092,-82.354505
Anaxyrus americanus,480.67698938424775,-5122.631264771323,3757.3064403560825,6179361537,36.139314,-84.639404
Anaxyrus americanus,901.2995137235372,-5065.482323161027,3757.4327871543237,6179439535,36.140721,-79.910967
Anaxyrus americanus,1100.2694320728644,-4569.685183863247,4300.829876535947,6179454110,42.459013,-76.462247
Anaxyrus americanus,94.55680606038922,-5061.921359660148,3867.5268956687887,6179455790,37.376571,-88.929838
Anaxyrus americanus,982.467347436265,-4919.525798069555,3927.1843556200783,6179516308,38.054797,-78.70617
Anaxyrus americanus,731.6219226433576,-5059.915063654465,3801.544691383716,6179519361,36.63351,-81.772524
Anaxyrus americanus,-315.052569396669,-5028.863787859024,3898.849062397027,6184756329,37.731888,-93.58483
Anaxyrus americanus,1200.8775474835736,-4760.0334209290295,4060.7546191891424,6184808558,39.596741,-75.840688
Anaxyrus americanus,981.7814609485405,-4746.071224071089,4135.295180354063,6184881515,40.472283,-78.312533
Anaxyrus americanus,1269.3790311568127,-4666.282759859837,4147.798839140067,6184943655,40.620264,-74.781957
Anaxyrus americanus,947.14864375605,-4748.1261407147795,4141.0096266695,6185008893,40.539873,-78.718806
Anaxyrus americanus,980.4765666093292,-4749.219106043649,4131.989437885506,6185042754,40.433214,-78.335165
Anaxyrus americanus,1154.1408233988377,-4811.134395840529,4013.8133881138356,6185059833,39.051024,-76.510251
Anaxyrus americanus,1066.9672340803493,-4811.402349422633,4037.5415147149542,6185067132,39.326344,-77.496538
Anaxyrus americanus,1157.8370565988557,-4838.485983371147,3979.7261047419934,6185078048,38.657372,-76.542337
Anaxyrus americanus,-559.2045350147738,-5112.65398558933,3760.028276666798,6185086629,36.16963,-96.242003
Anaxyrus americanus,1048.0078341608687,-4603.663349775826,4277.583017446384,6185091696,42.176274,-77.175372
Anaxyrus americanus,1037.5899930713795,-5046.421734405396,3747.904456423136,6185109343,36.034684,-78.381389
Anaxyrus americanus,1094.7829104124464,-4693.995278037585,4166.246732792856,6185126314,40.839196,-76.871565
Anaxyrus americanus,1125.7394226576794,-4757.533495448255,4085.136340642709,6185126406,39.881892,-76.687384
Anaxyrus americanus,879.578562481528,-4756.261265586367,4146.573700729693,6185126856,40.60575,-79.522623
Anaxyrus americanus,954.8303923840865,-4748.321143857373,4139.021426165138,6185260457,40.516349,-78.63014
Anaxyrus americanus,1000.2296316110835,-4913.246900671616,3930.5595920638775,6185285703,38.093356,-78.493077
Anaxyrus americanus,1214.1131406113414,-4659.4555127694775,4171.948793548937,6185302445,40.907012,-75.395211
Anaxyrus americanus,1125.7730945171584,-4757.586119931425,4085.065774351074,6185328315,39.881065,-76.687142
Anaxyrus americanus,1038.48706816428,-4859.295401020142,3987.2980757096016,6185494397,38.744628,-77.936705
Anaxyrus americanus,868.7582679419369,-4836.886258624192,4054.570695239192,6185561374,39.524605,-79.817613
Anaxyrus americanus,196.49544900495846,-4923.260539435783,4038.8919679823393,6185573665,39.342046,-87.714444
Anaxyrus americanus,560.8638680606599,-5117.450389272292,3753.2501068431784,6185618798,36.094156,-83.745443
Anaxyrus americanus,1128.945298678994,-4817.138931672073,4013.7772926804587,6185636952,39.050606,-76.810197
Anaxyrus americanus,980.413946170474,-4742.154420874343,4140.110272977497,6185644555,40.529231,-78.31899
Anaxyrus americanus,1067.9946170421804,-4836.59884253675,4007.050319626461,6185777828,38.972748,-77.548037
Anaxyrus americanus,933.2695759648605,-4980.244155465265,3862.114599569758,6185992567,37.315345,-79.386193
Anaxyrus americanus,1078.8596016964952,-4828.047655331518,4014.4452826452302,6185998305,39.058342,-77.403808
Anaxyrus americanus,1340.6241800579562,-4561.717929374128,4240.661442552091,6186019037,41.729794,-73.622686
Anaxyrus americanus,1308.2360341928588,-4501.480004672564,4314.5045342483845,6186056227,42.625928,-73.794892
Anaxyrus americanus,597.492620390871,-4952.4178130004275,3963.1191634534466,6186064214,38.466372,-83.120705
Anaxyrus americanus,1093.2040328190062,-4829.470434345998,4008.8493855573524,6186073309,38.993562,-77.245413
Anaxyrus americanus,510.95897803824835,-4787.8730538229975,4171.923497970113,6187896385,40.906711,-83.908484
Anaxyrus americanus,1287.516392908346,-4647.00533669519,4163.819889043731,6187947636,40.810354,-74.51388
Anaxyrus americanus,1004.5971621353739,-4910.492059328644,3932.8876677038866,6187968375,38.119964,-78.437872
Anaxyrus americanus,1093.245954578125,-4745.378933626996,4108.034224390678,6187982413,40.150773,-77.026495
Anaxyrus americanus,947.8993479919728,-4757.9089201766565,4129.59352274013,6187985580,40.404912,-78.732713
Anaxyrus fowleri,1023.3462638348147,-5071.1717556681715,3718.2969997683294,6178424482,35.7061,-78.591112
Anaxyrus fowleri,-339.02100970332987,-5357.741951495815,3430.6586927059625,6179288859,32.580203,-93.620669
Anaxyrus fowleri,833.6212125529265,-5130.939545291886,3683.515737202587,6185154744,35.321818,-80.771816
Anaxyrus fowleri,-244.67627260586792,-5362.83610912633,3430.7252174943883,6185625653,32.580913,-92.612275
Anaxyrus fowleri,1269.9368010211383,-4864.297631958578,3913.5178802213,6187951850,37.898877,-75.368213
Anaxyrus fowleri,992.7116854861677,-5068.47525578798,3730.2594039344795,6187956476,35.838695,-78.918328
Anaxyrus fowleri,147.71865447262547,-5113.279841301148,3797.6705482889834,6188079380,36.590105,-88.34523
Anaxyrus fowleri,492.40477861162316,-5300.0250018372135,3501.0035195038463,6188200380,33.334162,-84.692108
Anaxyrus fowleri,1309.0059689781103,-4707.808437579157,4088.128693903314,6188218579,39.91697,-74.461412
Anaxyrus fowleri,1055.1492846863484,-4929.874439599854,3895.221576044595,6188381872,37.690651,-77.91916
Anaxyrus fowleri,161.30136470252438,-5212.586348676775,3659.6008740040306,6188390974,35.058651,-88.227571
Anaxyrus fowleri,596.7015040182577,-5112.512127455517,3754.4533811728247,6188485288,36.107549,-83.342902
Anaxyrus fowleri,870.6034741676743,-5129.380034993608,3677.127027592817,6188596802,35.251431,-80.367058
Anaxyrus fowleri,982.8231079289619,-5067.55869976248,3734.1211405978647,6188628891,35.881547,-79.024085
Anaxyrus fowleri,-401.49867662675496,-5257.87785393312,3575.3702487244655,6195225167,34.138393,-94.366709
Anaxyrus fowleri,-71.68461129423326,-4987.961621753312,3962.9349358899517,6195235729,38.464256,-90.823371
Anaxyrus fowleri,1023.3422417597835,-5071.167800566743,3718.3035008458587,6195458227,35.706172,-78.591147
Anaxyrus fowleri,829.9995152413175,-5148.128395195949,3660.277033361519,6195609007,35.06608,-80.841382
Anaxyrus fowleri,1154.8524347812688,-4802.714415802753,4023.680308349264,6195705416,39.16538,-76.479442
Anaxyrus fowleri,173.98387075785152,-5091.1839008984625,3826.137638614935,6195707382,36.909617,-88.042761
Anaxyrus fowleri,1260.8629772579868,-4750.715331022043,4053.4777075802062,6195743177,39.511863,-75.1361
Anaxyrus fowleri,1023.3337827764542,-5071.165138030644,3718.309460161768,6195748879,35.706238,-78.591233
Anaxyrus fowleri,1023.2298876960177,-5071.099439140415,3718.4276522413074,6195952299,35.707547,-78.592217
Anaxyrus fowleri,225.15229081381062,-5319.902656201602,3498.2417446708646,6196000548,33.304439,-87.576538
Anaxyrus fowleri,1025.4228287291705,-4869.055784381129,3978.7632400763882,6196041539,38.646284,-78.107303
Anaxyrus fowleri,1225.5863112377845,-4814.038469019064,3989.0757002328983,6234237449,38.765128,-75.716728
Anaxyrus fowleri,992.0493007753358,-5078.903246380495,3716.225656282765,6234274148,35.683163,-78.947717
Anaxyrus fowleri,1114.8926499254098,-4814.467286251559,4020.9044080198287,6234501432,39.133189,-76.961757
Anaxyrus fowleri,-554.1593302798088,-5379.138085649425,3368.610102380076,6234552617,31.920392,-95.881867
Anaxyrus fowleri,993.3744106849499,-5069.697293408723,3728.4218864122695,6234597440,35.818313,-78.91372
Anaxyrus fowleri,981.4816255834891,-5068.914460452068,3732.633539598999,6234606427,35.865037,-79.041564
Anaxyrus fowleri,-31.534725639318236,-5381.519594903596,3409.986149594296,6234747552,32.359842,-90.335739
Anaxyrus fowleri,396.992349247601,-5302.289773442677,3509.6828008755315,6234755117,33.427637,-85.718147
Anaxyrus fowleri,1203.149271135889,-4938.77602771955,3840.6609208657464,6234797772,37.073141,-76.308701
Anaxyrus fowleri,1236.5685695111802,-4795.481592929586,4007.992963373068,6234885360,38.983653,-75.540629
Anaxyrus fowleri,331.871066947596,-4919.227019063545,4034.94984597277,6234896518,39.29622,-86.140442
Anaxyrus fowleri,492.3235816256808,-4915.31633367184,4023.3115664327456,6235001933,39.161103,-84.280267
Anaxyrus fowleri,-47.37117525047732,-5420.750536822988,3347.084211513973,6235223658,31.692598,-90.500687
Anaxyrus fowleri,1017.4852474195945,-4964.364531232534,3861.2901602963357,6235276915,37.306023,-78.417194
Anaxyrus fowleri,831.6805715280168,-5122.372886500091,3695.8566758288925,6235286255,35.457957,-80.777797
Anaxyrus fowleri,329.38833851031467,-5137.73759499509,3752.986658263645,6235341648,36.091224,-86.331699
Anaxyrus fowleri,1269.4723808889491,-4808.142214752903,3982.456709940313,6235348661,38.688826,-75.209954
Anaxyrus fowleri,1012.298207105777,-5083.806388894582,3704.0407759368013,6235363784,35.548367,-78.738441
Anaxyrus fowleri,139.9807644704651,-5109.346127087007,3803.253957978182,6235379060,36.652668,-88.43066
Anaxyrus fowleri,350.43124055423357,-5350.892013694535,3440.1897815529164,6235480823,32.681983,-86.253036
Anaxyrus fowleri,1036.0794930093741,-5064.145645026567,3724.3417270440327,6235520943,35.773074,-78.437355
Anaxyrus fowleri,-215.71676853697463,-5224.247009513336,3640.118485577135,6235619561,34.844886,-92.364483
Anaxyrus fowleri,1282.0785334739946,-4719.930138959622,4082.6813795621133,6235629230,39.853127,-74.80337
Anaxyrus fowleri,1454.9643323294986,-4525.04131428322,4242.267439159912,6235646370,41.74915,-72.175525
Anaxyrus fowleri,1187.9756854597479,-4937.233516724945,3847.3617066454385,6235703705,37.148707,-76.470918
Anaxyrus fowleri,61.481807109526585,-4976.735762046984,3977.1942713217577,6235735646,38.62822,-89.292213
Anaxyrus fowleri,314.7704274623052,-4922.248625996145,4032.6345199573557,6235770701,39.269319,-86.341003
Anaxyrus fowleri,1205.935942808499,-4817.332884902761,3991.087008266602,6235786580,38.78833,-75.945817
Anaxyrus fowleri,300.69998802044444,-5310.236470415894,3507.2384115065356,6235818389,33.401301,-86.759003
Anaxyrus fowleri,515.3191131347146,-5289.820935802756,3513.117391784446,6235826179,33.464655,-84.435967
Anaxyrus fowleri,309.77060905677547,-5139.225570723151,3752.619862531686,6235974686,36.087142,-86.550628
Anaxyrus fowleri,1095.0080159064973,-4927.650887763769,3887.02550841886,6236108884,37.597563,-77.471475
Anaxyrus fowleri,468.1174329484754,-4897.287716879719,4048.1097090798066,6236199454,39.449317,-84.539853
Anaxyrus fowleri,-52.531798575783,-5269.70640317805,3580.1100491633047,6236241021,34.189909,-90.571142
Anaxyrus fowleri,-3.487429215123576,-5382.220805751231,3409.023344838443,6236279897,32.349592,-90.037125
Anaxyrus fowleri,1119.8623325261233,-4825.193361375933,4006.640801369672,6236392318,38.968011,-76.933745
Anaxyrus fowleri,1003.3034077770984,-5065.426135441707,3731.5671597874784,6236418023,35.853204,-78.796495
Anaxyrus fowleri,849.2215726682399,-5140.03766967137,3667.2317358672094,6236442606,35.142531,-80.618512
Anaxyrus fowleri,345.4299104782008,-5229.748667841824,3622.1761660404004,6251453186,34.648509,-86.221048
Anaxyrus fowleri,105.74583598920935,-5053.316703121858,3878.474087292323,6251456239,37.500563,-88.801202
Anaxyrus fowleri,1081.7277438931887,-4879.649526814723,3950.7769758904424,6251541394,38.324749,-77.500722
Anaxyrus fowleri,94.50171208368566,-5061.943182398658,3867.4996799299715,6251556042,37.376263,-88.930466
Anaxyrus fowleri,983.188077063129,-5066.809929143673,3735.041027449288,6251609985,35.891758,-79.018525
Anaxyrus fowleri,1186.333472980418,-4814.2133094811525,4000.7144651147223,6251638516,38.899495,-76.156803
Anaxyrus fowleri,151.42181565108848,-5208.156410294038,3666.323958590605,6251886415,35.132548,-88.334653
Anaxyrus fowleri,654.6506232181703,-5198.182959908074,3624.924772532367,6252192324,34.678562,-82.822053
Anaxyrus fowleri,706.8046699627066,-5156.692749154456,3674.057726685063,6252211265,35.217637,-82.195358
Anaxyrus fowleri,291.1062697866414,-5082.272832307199,3830.8632352722416,6252388803,36.962786,-86.721751
Anaxyrus fowleri,603.6748921848615,-5249.680613776582,3558.9581632215586,6252393597,33.960255,-83.440217
Anaxyrus fowleri,1014.4375217435024,-5054.416734459763,3743.466457518946,6252629076,35.985344,-78.651333
Anaxyrus fowleri,1175.8351007354966,-4765.630396724043,4061.5184189383676,6252658678,39.605656,-76.140102
Anaxyrus fowleri,1397.7585181780362,-4607.365617899284,4172.31426399519,6252864059,40.911361,-73.123526
Anaxyrus fowleri,-339.02111455723156,-5357.742124849106,3430.6584116141894,6252882235,32.5802,-93.62067
Anaxyrus fowleri,968.2955518556432,-5052.3696406770605,3758.4195971044487,6253034647,36.151711,-79.150719
Anaxyrus fowleri,246.5165535914009,-5028.8627629534485,3903.783040828864,6253062713,37.788014,-87.193588
Anaxyrus fowleri,1000.5556517978277,-5059.3114234546365,3740.589450585868,6253137605,35.953375,-78.813241
Anaxyrus fowleri,470.96402928023554,-5349.181053965175,3428.4410545759106,6273272614,32.556538,-84.968417
Anaxyrus fowleri,603.6749276652093,-5249.680922320959,3558.957702081496,6273386511,33.96025,-83.440217
Anaxyrus fowleri,106.5687715736397,-4967.747873558325,3987.4650207066966,6273468347,38.746553,-88.771072
Anaxyrus fowleri,-11.426328291864372,-4964.7687449283485,3992.5798524364905,6273537678,38.805556,-90.131865
Anaxyrus fowleri,635.6103798656646,-5212.284824494199,3608.024318520031,6273579120,34.493946,-83.047412
Anaxyrus fowleri,94.50871296280911,-5061.944199404013,3867.4981777593143,6273729052,37.376246,-88.930387
Anaxyrus fowleri,513.6627931282699,-5325.68895364992,3458.748449020875,6273838643,32.8805,-84.490862
Anaxyrus fowleri,807.677979272139,-5116.5926906738705,3709.1627962680523,6274040347,35.605002,-81.029614
Anaxyrus fowleri,496.63504161904694,-5294.4107929374095,3508.891722573004,6274108577,33.419113,-84.641128
Anaxyrus fowleri,-492.92091757441756,-5361.640538135048,3405.817499297627,6274151825,32.315471,-95.252706
Anaxyrus fowleri,1021.2265700497179,-5056.086854123125,3739.3629331565608,6321233486,35.93975,-78.581047
Anaxyrus fowleri,339.94483685753994,-5340.076036696986,3458.0021052431334,6334812514,32.872508,-86.357513
Anaxyrus fowleri,-496.0435448432682,-5351.36773194322,3421.48466733575,6352344647,32.482345,-95.295883
Anaxyrus fowleri,3.7604890081052544,-5229.36051478584,3639.165782813231,6353186110,34.834447,-89.958798
Anaxyrus fowleri,205.9197671582355,-5017.337218712093,3920.928131564939,6398645794,37.983379,-87.649806
Anaxyrus fowleri,862.6274126631415,-5168.483762795588,3623.8657080965204,6398658762,34.666981,-80.52459
Anaxyrus fowleri,1218.6846113417969,-4773.995151922087,4039.001267291277,6413343343,39.343317,-75.679621
Anaxyrus fowleri,862.7803276126672,-5168.504984398844,3623.799037226861,6451503104,34.666252,-80.522979
Anaxyrus fowleri,329.51550321567595,-5292.377446720633,3531.5596588845483,6452634901,33.663697,-86.437233
Anolis carolinensis,522.3146191904094,-5268.731677327834,3543.6431931812267,5938123504,33.794361,-84.338493
Anolis carolinensis,-744.5223729328646,-5441.990596980973,3228.0300352150566,5938190038,30.442597,-97.79031
Anolis carolinensis,502.2158281416654,-5251.048139348998,3572.6776834582824,5938356072,34.109142,-84.536788
Anolis carolinensis,810.3654824776909,-5639.990688737852,2850.187001836278,5938625155,26.574958,-81.823584
Anolis carolinensis,921.4654077801936,-5270.709533556262,3458.363145307481,6129869412,32.876374,-80.08334
Anolis carolinensis,980.3416714114002,-5065.988047134372,3736.9035903088798,6129957785,35.912437,-79.047814
Anolis carolinensis,552.061706326543,-5476.801999617851,3207.7438892572404,6129958681,30.231215,-84.244027
Anolis carolinensis,738.3207896481459,-5488.811034300596,3149.2203751072743,6130014871,29.62392,-82.338913
Anolis carolinensis,1022.6880890301761,-5078.574147712002,3708.361744547659,6130039646,35.596142,-78.614442
Anolis carolinensis,750.8503496418884,-5483.250819537252,3155.9368390644554,6130059582,29.693429,-82.202683
Anolis carolinensis,968.2375113534365,-5631.2400455933675,2818.049822162686,6130077882,26.252253,-80.243937
Anolis carolinensis,932.735315180931,-5276.577595813494,3446.372997348206,6130113969,32.748074,-79.97544
Anolis carolinensis,806.1485413185902,-5385.451602738371,3307.081597658282,6130177721,31.270753,-81.486603
Anolis carolinensis,553.1945004339008,-5461.110080471347,3234.193201300961,6130263024,30.506908,-84.215835
Anolis carolinensis,861.808259690092,-5325.27912149757,3389.4604189088036,6130308529,32.141576,-80.807326
Anolis carolinensis,553.1935529792014,-5461.110233181843,3234.193105498842,6130325766,30.506907,-84.215845
Anolis carolinensis,815.7170171888336,-5420.447146131996,3247.0158012451197,6130360193,30.640845,-81.441842
Anolis carolinensis,815.7133994480772,-5419.598410201476,3248.4331379574255,6130496382,30.655661,-81.440559
Anolis carolinensis,1231.5310735488101,-4954.685895412868,3811.0591732952566,6130554855,36.740212,-76.041497
Anolis carolinensis,991.7841921721429,-5230.292686478,3500.0222370164493,6130902314,33.3236,-79.262878
Anolis carolinensis,552.0573780163121,-5476.832821136264,3207.692009900543,6130934334,30.230675,-84.244104
Anolis carolinensis,1022.3403264386083,-5074.146278019032,3714.513822276132,6131076614,35.664212,-78.60854
Anolis carolinensis,-507.8952186430885,-5516.755149544338,3145.9828665351874,6131137697,29.590432,-95.260058
Anolis carolinensis,-525.4037196414753,-5505.44027323526,3162.8834089962284,6131151122,29.76537,-95.45143
Anolis carolinensis,-638.9743255182751,-5297.194395932511,3481.550871767797,6131173716,33.125022,-96.878075
Anolis carolinensis,-2445.644613989382,-4768.9975056845,3444.5955266935466,6131231689,32.72907,-117.149728
Anolis carolinensis,-738.1762428830216,-5450.772344173096,3214.6430309006746,6131237606,30.303053,-97.712417
Anolis carolinensis,721.2200074176249,-5592.987096470031,2964.4713136236783,6131313259,27.730055,-82.652213
Anolis carolinensis,551.6233748658507,-5249.112543065248,3568.2323764315192,6131396190,34.060872,-84.00087
Anolis carolinensis,939.5188766992953,-5275.218110719767,3446.6115670811105,6131399938,32.750625,-79.90148
Anolis carolinensis,-741.4156511333651,-5441.513109072087,3229.5496660879126,6131460620,30.45845,-97.758872
Anolis carolinensis,556.219505872219,-5480.493251751898,3200.7134686607915,6131689151,30.158064,-84.20485
Anolis carolinensis,852.2798719448979,-5479.250913000043,3137.065759900999,6133055489,29.498253,-81.158676
Anolis carolinensis,965.1530465934408,-5684.413053273428,2710.29167546659,6133056051,25.176626,-80.363683
Anolis carolinensis,849.5329386787545,-5645.966520582847,2826.8549598865,6133304805,26.34058,-81.443055
Anolis carolinensis,971.2543065789532,-5656.4779884820455,2765.985351994365,6133326986,25.731338,-80.25695
Anolis carolinensis,-521.9083074547482,-5505.554800814102,3163.2627433585,6133448013,29.7693,-95.415267
Anolis carolinensis,-747.2978431268685,-5451.016834857524,3212.1199431894233,6133498394,30.276775,-97.806205
Anolis carolinensis,968.7945738250769,-5657.802941660556,2764.137492372927,6133508852,25.712892,-80.283386
Anolis carolinensis,813.2477192996278,-5536.626333534087,3045.3489323143694,6133551006,28.554929,-81.643859
Anolis carolinensis,-2445.543541604582,-4769.000690404305,3444.6628762067294,6147167517,32.72979,-117.148751
Anolis carolinensis,775.2656244565737,-5322.7427836833485,3414.2533004978172,6147262814,32.405284,-81.713055
Anolis carolinensis,888.9148792570455,-5504.631884781244,3081.981713145385,6147288094,28.930672,-80.826788
Anolis carolinensis,728.7334743792746,-5481.820330128628,3163.597085784632,6147414613,29.772764,-82.427703
Anolis carolinensis,-830.3754700813242,-5477.993644361658,3145.1256478395158,6147447037,29.581567,-98.619497
Anolis carolinensis,-817.7907231716337,-5486.399508328126,3133.7504523795055,6147558552,29.464003,-98.477963
Anolis carolinensis,820.9672067032351,-5132.961261324129,3683.541049715767,6147563749,35.322097,-80.91306
Anolis carolinensis,-563.878821837035,-5501.5805349684415,3162.9741417244413,6147596467,29.76631,-95.852037
Anolis carolinensis,-741.0822323438829,-5456.787305964191,3203.751324939205,6147597405,30.189666,-97.73398
Anolis carolinensis,-686.026446344552,-5316.147429929383,3443.5007402131514,6147602447,32.717367,-97.353142
Anolis carolinensis,-621.6398044526973,-5301.27328605495,3478.4793559481677,6147616534,33.092045,-96.688095
Anolis carolinensis,-665.4694430826912,-5315.027585374591,3449.2586619022645,6147624120,32.778935,-97.136596
Anolis carolinensis,875.7852488049454,-5493.0021692549835,3106.3934870220705,6147655747,29.181821,-80.941204
Anolis carolinensis,3.530600525424041,-5515.705020469156,3188.5323883737974,6159214189,30.031449,-89.963325
Anolis carolinensis,794.586887004208,-5206.406873422547,3584.9284898107594,6159217203,34.242312,-81.32264
Anolis carolinensis,707.1697658786292,-5587.810677498388,2977.588938107407,6159218037,27.863413,-82.787232
Anolis carolinensis,-741.5625303005177,-5518.539895976915,3096.054837990249,6159225140,29.075382,-97.653365
Anolis carolinensis,980.5151503641276,-5066.2905303829875,3736.4479698418822,6159290031,35.907378,-79.046561
Anolis carolinensis,-792.021903343692,-5481.197667901829,3149.4327361746946,6159297674,29.626117,-98.222213
Anolis carolinensis,-256.65474073064945,-5408.506929708321,3357.370141202038,6159379654,31.801377,-92.71687
Anolis carolinensis,-818.2023966917877,-5486.559478092373,3133.3628996782345,6159463343,29.46,-98.481925
Anolis carolinensis,3.630449074747798,-5515.734505778195,3188.481270336197,6159465302,30.030918,-89.962288
Anolis carolinensis,-2445.5322839795404,-4768.390865650003,3445.5149876436262,6159481371,32.7389,-117.151619
Anolis carolinensis,-818.2411830046672,-5486.536000177056,3133.39388122108,6159500659,29.46032,-98.482357
Anolis carolinensis,892.6133087715067,-5524.946409770971,3044.33273146026,6159533221,28.544525,-80.822564
Anolis carolinensis,-693.6719425428294,-5591.022729773657,2974.733131049006,6159621611,27.834366,-97.072482
Anolis carolinensis,704.7855891970903,-5586.578025359051,2980.465797406995,6159697682,27.892682,-82.809725
Anolis carolinensis,976.4347295191011,-5627.063804370862,2823.5582675421656,6162779897,26.307502,-80.15579
Anolis carolinensis,841.8356138063784,-5533.350739622258,3043.5333941533313,6162782987,28.536342,-81.349442
Anolis carolinensis,424.0466454998582,-5353.3209201208065,3428.103367507268,6162789888,32.552935,-85.47095
Anolis carolinensis,-818.1555205465845,-5486.472911606827,3133.5267134781348,6162792286,29.461692,-98.481578
Anolis carolinensis,-778.5614684885114,-5443.524154359506,3217.3964552673765,6162811223,30.331738,-98.139542
Anolis carolinensis,672.4507980796895,-5333.060244025579,3419.9461234693827,6162814272,32.465944,-82.813445
Anolis carolinensis,827.8172114340194,-5121.4691531699555,3697.975866235427,6162815468,35.481358,-80.818313
Anolis carolinensis,523.4286776980297,-5268.798866535796,3543.3789033959993,6162827122,33.791501,-84.326568
Anolis carolinensis,410.7452345634731,-5358.734686377139,3421.2576697728177,6162848094,32.479925,-85.616868
Anolis carolinensis,727.5121086380182,-5556.164747988159,3031.420880490892,6162848161,28.412421,-82.540254
Anolis carolinensis,-513.6964140682487,-5359.283244641293,3406.4574307567614,6162852768,32.322281,-95.475171
Anolis carolinensis,-818.1674674388626,-5478.830968511575,3146.8661146258896,6162885608,29.599567,-98.493358
Anolis carolinensis,-626.4808214634243,-5306.736906564606,3469.267691389793,6162889991,32.993219,-96.732826
Anolis carolinensis,981.8385604521092,-5095.906146666544,3695.603701055201,6162934208,35.455164,-79.094344
Anolis carolinensis,-713.7262670949701,-5676.134262246678,2803.8986754669772,6162934820,26.110439,-97.16685
Anolis carolinensis,-825.2776051695565,-5479.044341732924,3144.637197739584,6162951277,29.576516,-98.565749
Anolis carolinensis,-108.59815998318453,-5491.589547395977,3228.065026026729,6162991069,30.442962,-91.132897
Anolis carolinensis,824.8925073960637,-5120.831806034097,3699.5117374092542,6163104588,35.498322,-80.849083
Anolis carolinensis,-693.6648606661552,-5591.010372165884,2974.758008492108,6163122585,27.834619,-97.072426
Anolis carolinensis,-830.4088447022943,-5477.879596283761,3145.3154704950825,6163132533,29.58353,-98.620015
Anolis carolinensis,739.5716282043484,-5488.909936269784,3148.754459774758,6163205956,29.6191,-82.326225
Anolis carolinensis,911.9228544139386,-5277.405917301866,3450.671908672603,6163238572,32.794053,-80.196241
Anolis carolinensis,381.4984192586544,-5401.518980965702,3356.755097418909,6163259286,31.794869,-85.960023
Anolis carolinensis,-10.894388121113074,-5495.60354675231,3223.0383334531302,6163315400,30.390541,-90.113582
Anolis carolinensis,-611.9507436803959,-5319.852536574383,3451.7297701427256,6163336348,32.805371,-96.561979
Anolis carolinensis,-216.95255877826995,-5468.584191901032,3261.4830450283093,6163373267,30.792184,-92.271877
Anolis carolinensis,837.137129950787,-5131.542781818644,3681.8776777209987,6163408056,35.303765,-80.734639
Anolis carolinensis,523.9377288689959,-5269.685783640654,3541.9844900338867,6163411344,33.776413,-84.322036
Anolis carolinensis,411.9495831575404,-5358.127136246339,3422.0643276295036,6170819731,32.488525,-85.60357
Anolis carolinensis,327.8753264000063,-5230.300255597641,3623.011197375848,6170853230,34.657638,-86.412955
Anolis carolinensis,-820.0934735019673,-5475.61875982022,3151.951621059847,6170868495,29.65218,-98.51798
Anolis carolinensis,828.5186096439872,-5137.5124257787365,3675.4967171962085,6184912472,35.233479,-80.838875
Anolis carolinensis,798.0985443015986,-5541.026805211591,3041.350651797281,6480692484,28.514,-81.803805
Antilocapra americana,-1910.3972876813316,-5072.37700341391,3348.302087347403,5938087322,31.705471,-110.63776
Antilocapra americana,-2156.9228945156256,-4332.7109748102675,4143.072816829368,5938585482,40.564293,-116.465175
Antilocapra americana,-1347.8587305662734,-4855.254975351544,3898.6573453482406,6129824362,37.729708,-105.515092
Antilocapra americana,-2383.6339587171756,-3976.660504302576,4369.6926109336,6129848452,43.304175,-120.938723
Antilocapra americana,-1276.9200268238194,-4945.2411811921465,3808.3878524403203,6130146926,36.710239,-104.47821
Antilocapra americana,-2093.5419268887936,-3695.996766748991,4748.309512891636,6133244697,48.184828,-119.528734
Antilocapra americana,-1067.9007714061167,-4477.955707638438,4404.231346391331,6147257768,43.732518,-103.413333
Antilocapra americana,-1819.630498287471,-4448.983086548715,4181.53649690912,6163301301,41.021198,-112.244522
Antilocapra americana,-1911.8235380019307,-5073.398351980701,3345.9397859702617,6170830943,31.680503,-110.648061
Antilocapra americana,-1819.0438330701006,-4454.1956198923435,4176.239222407995,6171119317,40.958085,-112.214557
Antilocapra americana,-1725.9287617500177,-5091.005844486578,3419.441844869568,6178360934,32.460569,-108.727444
Antilocapra americana,-1592.0492863790657,-4213.255531472803,4505.952732323228,6178508909,45.012328,-110.699913
Antilocapra americana,-1326.1148190030738,-5324.455286392988,3237.491084111221,6178657811,30.541338,-103.985603
Antilocapra americana,-2218.715172602889,-3835.965957017918,4577.381488268023,6178923608,45.928341,-120.045004
Antilocapra americana,-2599.2106738899865,-4501.197654154369,3684.165669544328,6184851002,35.328982,-120.004229
Antilocapra americana,-1818.078311460846,-4447.728287199672,4183.546039703279,6184956495,41.045156,-112.233055
Antilocapra americana,-1442.3139538705632,-4072.3726192237928,4682.442187400079,6185055331,47.30391,-109.50264
Antilocapra americana,-1218.4325103364451,-4642.4995293028915,4189.555282825982,6185067107,41.116851,-104.705722
Antilocapra americana,-1817.5229121510129,-4459.883714368743,4170.827357706382,6185098357,40.893669,-112.172221
Antilocapra americana,-2443.323146086962,-4055.865795987496,4262.6139607536425,6185230467,41.994881,-121.065481
Antilocapra americana,-1242.2311062541944,-4747.709319701014,4062.7418357503407,6185278907,39.619938,-104.662653
Antilocapra americana,-2176.8774342770466,-4021.5636136226804,4435.987361050402,6185312648,44.129071,-118.426739
Antilocapra americana,-2598.527289218898,-4500.336864699134,3685.6990057643197,6185342911,35.345886,-120.00245
Antilocapra americana,-1812.866591470133,-4471.378198067837,4160.53420380755,6185373578,40.771325,-112.069503
Antilocapra americana,-2007.36298522283,-4206.111966071187,4343.831155110371,6185459783,42.985413,-115.512766
Antilocapra americana,-847.9991090843123,-4922.855031886509,3954.2570700068704,6185574684,38.364654,-99.773715
Antilocapra americana,-1219.4591792145022,-4780.558409323485,4030.9966180776482,6185630312,39.250295,-104.310242
Antilocapra americana,-1355.9281393971073,-4615.35509396761,4177.284927683981,6185774314,40.970539,-106.372066
Antilocapra americana,-1941.3490858076502,-4666.983264789779,3878.167616656528,6187947544,37.497089,-112.586097
Antilocapra americana,-2446.171835560261,-4259.0321939195355,4057.910946749094,6188204145,39.56356,-119.870872
Antilocapra americana,-1747.2789365634255,-4619.199820389711,4024.892851596286,6188271838,39.179446,-110.719847
Antilocapra americana,-1300.7953055233463,-4611.7075035973085,4198.790135749837,6188286139,41.227183,-105.751833
Antilocapra americana,-1813.2329149935733,-4454.204428235979,4178.756087299704,6188374890,40.988064,-112.150425
Antilocapra americana,-1560.9946072711195,-3968.2249919618785,4733.522935290065,6188442527,47.985765,-111.473362
Antilocapra americana,-2022.3266647423768,-4529.4320378302655,3998.0236874518614,6188545488,38.868408,-114.060079
Antilocapra americana,-1243.4987285742786,-4747.233575663652,4062.909969443488,6195290455,39.621901,-104.678377
Antilocapra americana,-1182.8805031573934,-4784.607744742566,4037.087511297842,6195350268,39.321066,-103.886569
Antilocapra americana,-2009.2572812117573,-4195.484687214487,4353.222547369217,6195466983,43.100977,-115.590201
Antilocapra americana,-1312.9509565761753,-4591.110560571855,4217.536809075736,6195666548,41.451731,-105.959299
Antilocapra americana,-1307.6893002780514,-4470.864997557633,4346.385624542502,6195680946,43.016825,-106.303741
Antilocapra americana,-1307.7635558826441,-4470.835057864092,4346.394079804085,6195770174,43.016929,-106.304721
Antilocapra americana,-1309.0207403542947,-4503.536571318054,4312.11968546799,6195835552,42.596786,-106.207302
Antilocapra americana,-2199.654945421486,-4292.641021153941,4162.271532981322,6234368280,40.791959,-117.131719
Antilocapra americana,-1906.7946509810292,-4587.952590653691,3988.054452309002,6234656040,38.75335,-112.568213
Antilocapra americana,-1182.4520334985025,-3932.0714241952232,4871.383236122984,6234935490,49.872953,-106.737077
Antilocapra americana,-1716.332129684708,-4616.394396651758,4041.3933147927623,6235159705,39.371139,-110.394662
Antilocapra americana,-2027.7426902811694,-4144.282079542741,4393.5109829007615,6235196788,43.59924,-116.071895
Antilocapra americana,-2597.164002527075,-4502.770944560478,3683.686481566655,6235429317,35.3237,-119.976021
Antilocapra americana,-1974.6898521604119,-4193.514710261136,4370.902365905189,6235469050,43.319127,-115.215341
Antilocapra americana,-957.0023344324703,-4500.606174628077,4406.636327457471,6235568744,43.762458,-102.004494
Antilocapra americana,-1262.081888303017,-3961.691728972763,4827.204271779238,6235578842,49.260349,-107.670394
Antilocapra americana,-1307.691351644772,-4461.784438209985,4355.706152331458,6235678953,43.131575,-106.335179
Antilocapra americana,-1501.69725641466,-3727.9981714279197,4943.3478649174795,6235741290,50.887872,-111.940364
Antilocapra americana,-1356.412759955058,-4633.0405115111125,4157.503237882732,6235745485,40.735342,-106.318419
Antilocapra americana,-1974.693302944902,-4193.5053277381985,4370.909808634049,6236266830,43.319219,-115.215429
Antilocapra americana,-1357.3799881686841,-4475.531911021639,4326.301747546468,6236295628,42.770287,-106.871978
Antilocapra americana,-1243.9687516204515,-4748.141166414111,4061.705348554095,6236409488,39.607838,-104.681
Antilocapra americana,-1133.2816400949287,-4984.429279657844,3802.7477710191047,6236546385,36.646994,-102.809259
Antilocapra americana,-1767.77010376053,-4913.33915846204,3650.183598649724,6236556611,34.955253,-109.788222
Antilocapra americana,-2228.7095819239166,-4149.126172448562,4290.379789042026,6251855159,42.331757,-118.242538
Antilocapra americana,-1129.5412930710409,-4828.989470463057,3999.343732549349,6252083335,38.883657,-103.165267
Antilocapra americana,-1073.353891444614,-4477.127417182669,4403.747795197788,6252405371,43.7265,-103.481736
Antilocapra americana,-2136.8986011769416,-4132.390245621894,4352.788572381444,6252510844,43.095632,-117.343918
Antilocapra americana,-1743.2593724048024,-4994.3457606414495,3550.677444286234,6252907221,33.870517,-109.241367
Antilocapra americana,-1912.5688751974399,-4499.235583193498,4085.1820760192445,6253357197,39.882428,-113.029739
Antilocapra americana,-1568.8280663245935,-4230.730697391542,4497.7160197302965,6273164071,44.907644,-110.345651
Antilocapra americana,-1475.9720734273988,-4289.365253538363,4473.54504726147,6273201754,44.601538,-108.988358
Antilocapra americana,-1036.953168838676,-4217.051549405965,4661.64750758416,6273254016,47.028842,-103.814683
Antilocapra americana,-2222.907016922404,-4479.1879745168035,3947.823781875101,6273424147,38.290903,-116.394035
Antilocapra americana,-1309.1502328347447,-4470.09791700172,4346.7347986693485,6273435986,43.02112,-106.323638
Antilocapra americana,-2370.3608686840867,-4320.334123011136,4038.0509589942335,6273685324,39.332267,-118.751472
Antilocapra americana,-1608.709957008848,-4658.703690441088,4037.1134896815342,6273742714,39.321368,-109.050448
Antilocapra americana,-1701.9569472784763,-4653.454930063181,4004.8037271704898,6273909489,38.946765,-110.089513
Antilocapra americana,-1550.7258783322118,-3818.12580894245,4858.695060099552,6273989557,49.696224,-112.104454
Antilocapra americana,-1242.6211556412907,-4745.77894127937,4064.8773700739616,6274218897,39.644875,-104.672767
Antilocapra americana,-1569.5460741995594,-4230.3896918372975,4497.7862672473575,6274298496,44.908536,-110.355705
Antilocapra americana,-1916.0786603237323,-4600.249520833648,3969.395425401611,6320153677,38.538497,-112.612521
Antilocapra americana,-1596.6424527049346,-4671.053464788539,4027.622814637041,6320389422,39.211125,-108.871267
Antilocapra americana,-1378.6381563462378,-4562.531758520807,4227.5777835579465,6320402780,41.572322,-106.812988
Antilocapra americana,-1297.9012771524299,-5376.353681939423,3162.2818487826057,6320402927,29.759138,-103.572053
Antilocapra americana,-1300.7922000837864,-3954.409327737149,4822.897433139548,6320760901,49.201036,-108.20848
Antilocapra americana,-1626.4755727821173,-4312.471011538845,4398.513853048283,6320787878,43.6614,-110.664283
Antilocapra americana,-1060.9030943053485,-4981.096228523092,3827.913023615323,6333924691,36.929588,-102.023532
Antilocapra americana,-1067.1284881681856,-4482.311411182924,4399.985719590083,6333928419,43.6797,-103.391427
Antilocapra americana,-1324.7724877922162,-4484.43661339699,4327.188376497005,6333987621,42.78115,-106.457962
Antilocapra americana,-1890.9734538945145,-4714.70892578263,3845.1907978004538,6334146965,37.124217,-111.854713
Antilocapra americana,-2351.4613621511903,-4418.130527913654,3942.144750044691,6334247615,38.225861,-118.023245
Antilocapra americana,-1171.552127825542,-4993.708543165968,3778.9011269648354,6334253005,36.380161,-103.203136
Antilocapra americana,-1283.253891688536,-4609.250616138066,4206.877860928996,6334275007,41.323963,-105.557647
Antilocapra americana,-1906.3329974999945,-4587.847444520167,3988.3961009571112,6334375666,38.75729,-112.563762
Antilocapra americana,-2324.418756177002,-4076.0081601879688,4309.638970226055,6334484418,42.566487,-119.694747
Antilocapra americana,-1888.6484053094534,-4506.4477825676695,4088.3601497165623,6334513316,39.919684,-112.738516
Antilocapra americana,-1134.045261711879,-4967.833084389669,3824.1768944061287,6334554851,36.887567,-102.859004
Antilocapra americana,-2096.7261257050795,-3948.072482275718,4539.407049181694,6352358108,45.439499,-117.971694
Antilocapra americana,-2096.7235884543884,-3948.0765209631104,4539.404708540119,6352715356,45.439469,-117.971641
Antilocapra americana,-2096.720625455617,-3948.0780945353945,4539.404708540119,6352893598,45.439469,-117.971598
Antilocapra americana,-1430.5059428283744,-4621.759444420445,4145.20753583226,6352939679,40.589569,-107.198104
Antilocapra americana,-1963.4612597305288,-4201.372478097837,4368.414164373255,6353144844,43.288378,-115.048474
Antilocapra americana,-1957.9581868019268,-4204.787840531068,4367.597976523804,6353394926,43.278295,-114.969027
Antilocapra americana,-1370.153760526018,-4643.322596595511,4141.495752278321,6481269560,40.545626,-106.4403
Apalone spinifera,-603.8782676057799,-5546.42805892152,3076.0721634576366,6129921768,28.869966,-96.213715
Apalone spinifera,-2473.4684037584248,-4688.1387900698755,3534.552570033207,6129974533,33.696042,-117.81619
Apalone spinifera,-755.7369129847623,-5684.220980174152,2776.3729390299313,6130362948,25.835084,-97.573258
Apalone spinifera,-1018.6005897900804,-5651.061307519761,2760.0203018836264,6130966622,25.671803,-100.217816
Apalone spinifera,964.4941293933759,-5658.808237373145,2763.5834593297504,6133461130,25.707362,-80.327387
Apalone spinifera,-1024.6433249182905,-5645.753893154127,2768.6318217330486,6147165789,25.757761,-100.286599
Apalone spinifera,-2477.5669209050043,-4689.047595792173,3530.4741787060816,6162918240,33.651969,-117.850771
Apalone spinifera,-726.8985125363522,-5437.619200710827,3239.393324406721,6162929698,30.561203,-97.614133
Apalone spinifera,-544.1619615595597,-5506.41551902116,3158.010294655801,6163030126,29.714897,-95.643831
Apalone spinifera,-819.8424002268035,-5489.214153691988,3128.280604961028,6163319842,29.40752,-98.494628
Apalone spinifera,-1003.2628745931765,-5641.86059790094,2784.3537361465624,6163354410,25.914854,-100.083211
Apalone spinifera,-903.259527499278,-5628.944619785292,2844.091739562815,6171089734,26.513683,-99.116361
Apalone spinifera,-1906.9510847302818,-5037.367334620145,3402.678507620926,6178417090,32.282074,-110.734714
Apalone spinifera,-685.9536824712821,-5134.361893602292,3709.11695969623,6185240668,35.604495,-97.609687
Apalone spinifera,-2436.682907559513,-4777.342081284718,3439.379620814043,6185632331,32.673327,-117.023851
Apalone spinifera,-607.4576198417485,-5449.871704648109,3243.4004952594987,6185634185,30.603063,-96.360092
Apalone spinifera,608.9880221748195,-5251.154583637656,3555.877143162608,6185650512,33.926855,-83.384833
Apalone spinifera,95.61695768761412,-5063.009869863629,3866.0757344810872,6185743480,37.36015,-88.918075
Apalone spinifera,-378.6986290656518,-5110.932223496886,3784.800164452861,6185781957,36.446083,-94.237633
Apalone spinifera,-548.2379339337577,-5513.995789787268,3144.04814334669,6185893819,29.570425,-95.678064
Apalone spinifera,-254.76356308723126,-4510.201416397368,4492.541801711778,6185913204,44.84198,-93.232978
Apalone spinifera,-721.7465305604447,-5574.610722172242,2998.758138220499,6188056245,28.078973,-97.377065
Apalone spinifera,-203.16248627015557,-5368.953726136125,3423.8595211338597,6188315226,32.507667,-92.167052
Apalone spinifera,-674.0887254252709,-5321.019940212319,3438.3287096778367,6195387816,32.6621,-97.220005
Apalone spinifera,-1309.6063635933492,-5406.976153060094,3104.7211118476835,6195516144,29.164596,-103.615227
Apalone spinifera,-1255.1173142694972,-4729.67259869975,4079.7831763718905,6195659473,39.819184,-104.86208
Apalone spinifera,709.7798889114546,-4617.534844817985,4331.782265519128,6234211786,42.837465,-81.261233
Apalone spinifera,-907.772194779937,-5299.117830930014,3418.340677285023,6234255635,32.448833,-99.720772
Apalone spinifera,584.6973819063552,-4838.4830867380215,4103.286916682699,6234587066,40.09494,-83.10961
Apalone spinifera,562.5430806399255,-4829.798840167256,4116.59344308138,6234730414,40.251554,-83.3565
Apalone spinifera,391.79229657070675,-4792.501720543946,4179.495087281311,6234805336,40.996869,-85.3264
Apalone spinifera,307.30759440606363,-5234.690976229196,3618.470057286977,6234845255,34.608004,-86.640252
Apalone spinifera,401.6473476913247,-5289.288228573285,3528.719678983588,6234878514,33.633016,-85.657522
Apalone spinifera,-492.23854132472644,-4925.265392362627,4011.136392957358,6234962796,39.02003,-95.707276
Apalone spinifera,-654.2653223158541,-5286.486558553678,3494.9606412552994,6235078314,33.26914,-97.055156
Apalone spinifera,-112.5881537898678,-5495.821704147249,3220.717440808438,6235190365,30.366347,-91.173605
Apalone spinifera,-140.29308869709985,-4595.88719573757,4409.976401637168,6235299748,43.804064,-91.748456
Apalone spinifera,-222.640285618281,-5210.212539191999,3659.7636165937975,6235309776,35.060439,-92.446847
Apalone spinifera,-667.4820035883605,-5308.849400639276,3458.3722971789916,6235613229,32.876472,-97.166199
Apalone spinifera,-424.24324625357866,-5524.8215005263155,3144.2198054537807,6235911503,29.5722,-94.391045
Apalone spinifera,-424.15342099397174,-5524.732958086005,3144.3874994941066,6236025186,29.573934,-94.390189
Apalone spinifera,536.3289604455687,-4805.715320837834,4148.156775114619,6236162139,40.624505,-83.632009
Apalone spinifera,377.27397082156233,-4689.292501962135,4296.272024867567,6236166473,42.403478,-85.400213
Apalone spinifera,720.4586977228823,-4924.677606181836,3977.215466846626,6236266374,38.628464,-81.676922
Apalone spinifera,27.267461942826113,-4895.433348907071,4077.2223316376953,6236378506,39.789206,-89.680867
Apalone spinifera,-440.42503304263164,-5408.408236674864,3338.3977092932337,6236510637,31.600833,-94.655517
Apalone spinifera,-2292.812347536951,-3627.629232267547,4708.82902873501,6251511937,47.655025,-122.294587
Apalone spinifera,-1154.6510197507919,-5284.723436206366,3365.743952691153,6251659526,31.890029,-102.324785
Apalone spinifera,171.1144107852907,-4651.03352300962,4350.673528999822,6252090236,43.069589,-87.893003
Apalone spinifera,-1301.933624820367,-5306.87368280537,3275.944700538655,6252306507,30.943703,-103.784119
Apalone spinifera,-2292.8387398326972,-3627.668746403466,4708.785736170988,6252420821,47.654447,-122.294603
Apalone spinifera,-905.5053973101535,-5299.908229960462,3417.716468508904,6252475861,32.442181,-99.695541
Apalone spinifera,-512.6684111728674,-5518.828040327425,3141.5698768543534,6252748279,29.544803,-95.307228
Apalone spinifera,-221.35213365802394,-4467.873973526823,4536.392676927793,6253118941,45.400877,-92.836289
Apalone spinifera,-536.4013180968972,-5495.0219874916575,3179.113101574806,6253279482,29.933652,-95.575313
Apalone spinifera,-424.16564183243,-5524.679894847419,3144.479082047618,6253293584,29.574881,-94.390357
Apalone spinifera,-837.7156428125777,-5485.32760688633,3130.3620679715686,6273230925,29.42901,-98.683083
Apalone spinifera,377.3363578738679,-4600.282724391062,4391.4427308543,6273425096,43.573561,-85.310834
Apalone spinifera,-1906.930368317426,-5037.371557448874,3402.6838660491667,6273501358,32.282131,-110.734492
Apalone spinifera,-627.0884298593473,-5317.373233518718,3452.8329131703813,6273562939,32.817175,-96.725939
Apalone spinifera,-1539.586240917417,-5195.87296760501,3349.9748418408644,6273597680,31.723155,-106.505054
Apalone spinifera,145.8032762898152,-4687.072359658809,4312.754019141712,6273786329,42.604536,-88.218244
Apalone spinifera,-686.8708133962598,-5314.984678469716,3445.1269182736883,6273860905,32.734751,-97.363686
Apalone spinifera,536.3293209723082,-4805.71018120588,4148.1626828509225,6274020574,40.624575,-83.631998
Apalone spinifera,-1033.9682678084434,-5604.181489223949,2848.475484655306,6274192567,26.557749,-100.453484
Apalone spinifera,-1541.2876383023408,-5201.353643725804,3340.674455644267,6274247030,31.624876,-106.505838
Apalone spinifera,-1536.121829466432,-5198.833903747189,3346.970106822424,6274329468,31.691392,-106.461056
Apalone spinifera,357.34715842260533,-4687.743721705571,4299.664514547004,6320089508,42.444809,-85.640768
Apalone spinifera,250.4571381069634,-5221.909109953172,3641.248357230905,6320299970,34.857268,-87.254041
Apalone spinifera,699.3064872158111,-4612.506345597391,4338.837261114909,6320515703,42.92405,-81.378986
Apalone spinifera,478.93908601007286,-5349.182840266288,3427.333281571835,6320542628,32.544719,-84.883665
Apalone spinifera,800.6069974985129,-5156.674160436521,3654.790441095106,6320570974,35.005818,-81.174918
Apalone spinifera,-1085.3421265731142,-5196.931213916678,3521.887499024026,6320663663,33.559251,-101.796267
Apalone spinifera,522.7704415388895,-5261.339528455339,3554.542243586933,6320720694,33.912388,-84.325675
Apalone spinifera,1242.9897616792332,-4716.962721523642,4098.169379832209,6320796076,40.034804,-75.237311
Apalone spinifera,-314.2941719951842,-4547.342444550063,4451.140190459153,6320810304,44.319232,-93.953768
Apalone spinifera,522.7911703001278,-5261.2774931316935,3554.6310163221638,6334182689,33.91335,-84.325385
Apalone spinifera,-319.5162251579144,-4556.347977599627,4441.548786016209,6334274395,44.198793,-94.011329
Apalone spinifera,-686.9126572052702,-5315.000490719577,3445.0941808170173,6334277593,32.734401,-97.364108
Apalone spinifera,-679.0261725964915,-5144.755250005733,3695.9667211901196,6334427040,35.459172,-97.518678
Apalone spinifera,-2292.8772377381747,-3627.610774294087,4708.811651846467,6334428721,47.654793,-122.295451
Apalone spinifera,710.8225051532903,-4616.080804239749,4333.1607983750555,6334509054,42.854374,-81.245881
Apalone spinifera,482.73558937252767,-5323.078335592546,3467.2116338025708,6334581039,32.971176,-84.818175
Apalone spinifera,496.2973890237228,-5273.976160672456,3539.5787161729145,6334610078,33.750388,-84.624122
Apalone spinifera,7.390376279109864,-4980.967863969858,3972.3617219628227,6334617907,38.57261,-89.914989
Apalone spinifera,-1017.487924236589,-5649.533822896099,2763.555506528345,6334656896,25.707083,-100.209591
Apalone spinifera,-742.7008937649066,-4817.186456752905,4102.787241980095,6334954928,40.089066,-98.764697
Apalone spinifera,427.36903374335617,-4658.124035749478,4325.388919651931,6352348115,42.759105,-84.757958
Apalone spinifera,514.336361899427,-5256.460971983095,3562.98039378889,6352583301,34.003878,-84.411489
Apalone spinifera,833.7187743523556,-4784.332445214856,4123.69120917586,6352826713,40.335241,-80.114887
Apalone spinifera,904.9842683807469,-4565.764963479197,4350.235269721237,6352950696,43.064194,-78.788668
Apalone spinifera,-37.35422529404748,-5004.395295062859,3942.636874261036,6353037316,38.231495,-90.427664
Apalone spinifera,-1154.5172159201254,-5284.898355956987,3365.5151901342842,6353154875,31.887606,-102.323005
Apalone spinifera,-51.30645603466276,-4772.723849465308,4219.979601134542,6353237736,41.481048,-90.615902
Apalone spinifera,-1275.7348606289984,-4732.632846182703,4069.9434932546596,6353399820,39.704069,-105.086147
Apalone spinifera,-530.8634217052909,-5466.195387482223,3229.341286244124,6398588186,30.456276,-95.547029
Apalone spinifera,673.6896610184973,-4732.927050157999,4211.329589119917,6399006756,41.377295,-81.89888
Apalone spinifera,696.9503803510538,-5481.942740005585,3170.5389277386294,6422502944,29.844713,-82.754534
Apalone spinifera,-1053.5588536593484,-5498.938333548475,3039.9743543958652,6479182930,28.499915,-100.846041
Apalone spinifera,-1302.075278821132,-5306.788651642187,3276.0261453111166,6499153345,30.944557,-103.785774
Canis lupus,-1039.3517026650647,-3605.626657254069,5148.685033709434,5036806257,53.914875,-106.080064
Canis lupus,-1574.872836561225,-4221.482846422423,4504.288096436581,5062959912,44.991156,-110.45861
Canis lupus,-86.71215584079913,-4316.666622363215,4684.935794979716,5063047763,47.336991,-91.150789
Canis lupus,-75.89946790779999,-4327.643507543295,4674.985996991554,5063053954,47.205117,-91.004767
Canis lupus,-1496.223275318187,-5408.0415963061005,3017.3092537385887,5063838337,28.26823,-105.464977
Canis lupus,-10.828453385219882,-3822.4335871809935,5096.924302544168,5076959618,53.13186,-90.162311
Canis lupus,-1601.8816266602284,-4239.518535284868,4477.746193435026,5077063558,44.654626,-110.69883
Canis lupus,804.347220575716,-5410.366875792373,3266.6051104714543,5087212789,30.845822,-81.5439
Canis lupus,-124.37628199155077,-5381.700390130758,3407.577523846206,5087308123,32.334202,-91.323925
Canis lupus,-1496.4222928641432,-5408.171807650389,3016.9771543769075,5087393499,28.264839,-105.466581
Canis lupus,-2465.1900845405175,-3335.1795249314578,4836.23495223697,5087829289,49.38495,-126.469872
Canis lupus,25.666385566112815,-4575.254941176474,4433.524172661029,5088133479,44.098217,-89.678584
Canis lupus,401.29200175413683,-4536.800398483364,4454.902917385156,5134119258,44.366548,-84.945192
Canis lupus,-914.7041789378867,-5294.381272261843,3423.8277320323905,5140015752,32.507328,-99.802162
Canis lupus,-2298.23073355634,-2860.0423560747486,5208.459114409263,5140187534,54.837801,-128.78415
Canis lupus,-76.44388762520207,-4324.607044714945,4677.786161265182,5140831832,47.242197,-91.012683
Canis lupus,-1617.8029904554185,-4245.285983164281,4466.543801968119,5153161715,44.513174,-110.860954
Canis lupus,-1566.9347107614976,-4237.549350795459,4491.953276856428,5167290959,44.834516,-110.293073
Canis lupus,-2398.242686732933,-4805.4839708869085,3427.1721507327916,5167464738,32.543,-116.522119
Canis lupus,-1016.2727340154025,-5661.620328264749,2739.160111850645,5167695182,25.463838,-100.176339
Canis lupus,-1490.6794623475178,-4833.325455721724,3873.834393631863,5167700359,37.447987,-107.140649
Canis lupus,-1561.0497134786435,-4230.155771234898,4500.962016370919,5199281641,44.948876,-110.255518
Canis lupus,-1590.2494100850815,-4234.868834642663,4486.284197058159,5205929738,44.762667,-110.581823
Canis lupus,-2080.3924415960237,-3646.8737022651226,4791.871515217687,5215987532,48.775833,-119.702992
Canis lupus,-1325.3433858280068,-5593.930510963784,2746.1171638930214,5216183942,25.533156,-103.329042
Canis lupus,-2142.8613524562056,-3082.8436718928356,5147.229667354789,5237531491,53.892659,-124.802872
Canis lupus,-97.16045871289002,-4316.683313863719,4684.715374785395,5237560539,47.334066,-91.289403
Canis lupus,-2442.170250756987,-3109.861480185422,4995.429828358509,5830688575,51.636383,-128.142502
Canis lupus,1397.6467260358443,-4079.9059340961317,4689.42473314221,5897324771,47.396595,-71.090162
Canis lupus,-2540.4064826617605,-3869.6938712250217,4377.391617793757,5935390472,43.399394,-123.284407
Canis lupus,-2537.3687215094237,-3877.9569637941436,4371.837472704536,5935542659,43.330687,-123.196946
Canis lupus,-1595.964901386842,-4244.217290173378,4475.407105170664,5935846524,44.625062,-110.607907
Canis lupus,-2538.9277573393365,-3877.5016985432344,4371.336128746406,5935981873,43.324489,-123.216155
Canis lupus,-1855.9058294875315,-3035.8108492290403,5284.8102302216,5936060514,56.048351,-121.43902
Canis lupus,-2537.0261370894464,-3876.3875073186846,4373.427877821478,5936297890,43.350353,-123.204028
Canis lupus,-2540.8209518881354,-3875.345400474144,4372.148218799039,5936402117,43.334529,-123.250343
Canis lupus,-2420.5590292027855,-4842.295529866601,3358.991086212679,5938036845,31.818531,-116.559478
Canis lupus,-1613.562222769419,-4226.168171371526,4486.164583496141,5938631689,44.761152,-110.896989
Canis lupus,-697.2655008467656,-5454.36763598398,3217.677367688823,6130102146,30.334665,-97.284961
Canis lupus,-357.9747021290557,-4281.904798692496,4703.923738459971,6130697257,47.589575,-94.778914
Canis lupus,-1247.624693407905,-5420.482562634418,3106.6951157544354,6130978487,29.184928,-102.961937
Canis lupus,1255.8458940565654,-5002.987797292104,3739.3471783461077,6131241118,35.939575,-75.90881
Canis lupus,-365.9899194039909,-5470.674797667174,3244.614270871242,6131352269,30.615746,-93.827403
Canis lupus,-2422.266148470061,-4834.622893050431,3368.7982007900287,6131605518,31.922385,-116.612007
Canis lupus,1220.5792033684386,-4856.947874655425,3938.273337499831,6133475282,38.181555,-75.893362
Canis lupus,-2130.0200742453476,-5365.546982280929,2695.120255930204,6147367964,25.025957,-111.652136
Canis lupus,-2130.0012379293416,-5365.55633245613,2695.1165279699544,6147599142,25.02592,-111.651928
Canis lupus,950.2939138472012,-5674.735040466287,2735.7040825876056,6159484903,25.429418,-80.49343
Canis lupus,-665.5529434208546,-4030.4217789988516,4889.017559035047,6162972104,50.119655,-99.376766
Canis lupus,-1323.394661045034,-5146.8443331551625,3514.025200687031,6170810432,33.474442,-104.419942
Canis lupus,483.5937090838681,-5464.091430667797,3240.3078698658705,6178388903,30.570755,-84.942275
Canis lupus,-267.53614575064444,-4688.121483827233,4305.774552072121,6178864693,42.519317,-93.266145
Canis lupus,-2445.327038159221,-3381.9017113141267,4813.820688510891,6179080503,49.076265,-125.869289
Canis lupus,-1791.1411385949773,-4447.169418658484,4195.741974080257,6179201529,41.190745,-111.937595
Canis lupus,-2481.940691503692,-4658.680526435848,3567.410725742554,6179266418,34.051953,-118.046734
Canis lupus,-1243.4292057303992,-5420.562785619917,3108.236803586006,6179476647,29.20081,-102.919629
Canis lupus,853.2507739640141,-5581.930332323359,2950.2152483328537,6184787565,27.585308,-81.309073
Canis lupus,1211.7999963907735,-5035.805412204703,3709.7112756701927,6185128201,35.611069,-76.469774
Canis lupus,398.80417842856247,-4699.358591773986,4283.30913930636,6187126304,42.2458,-85.1493
Canis lupus,414.5693194047192,-4351.326720748987,4635.066469683213,6188206806,46.679283,-84.557616
Canis lupus,414.771156973104,-4348.086507755769,4638.088155489595,6188504855,46.718906,-84.550949
Canis lupus,-1774.7250335055367,-5307.222008197491,3045.2419839530644,6235618373,28.553834,-108.489838
Canis lupus,-2146.272117275814,-5234.580247285214,2929.579963580666,6251885681,27.376128,-112.294512
Canis lupus,-2440.4126477423206,-3385.4972306194163,4813.787255361937,6252850172,49.075806,-125.785692
Canis lupus,-1566.8064309033823,-4235.953064126668,4493.503352204506,6252884106,44.854177,-110.29857
Canis lupus,-12.16609123869395,-4575.592333461719,4433.233573123319,6253184833,44.094578,-90.152344
Canis lupus,-816.1087874685775,-5494.660787402732,3119.683062119096,6320443912,29.318803,-98.448242
Canis lupus,-1559.5018601505476,-4229.4633243545595,4502.149160768011,6320949992,44.963963,-110.240108
Canis lupus,-1457.4205659120241,-4977.027975793089,3700.6581782038525,6321112644,35.510987,-106.321587
Canis lupus,365.6336441629745,-4351.899418170489,4638.645990163604,6334624333,46.726224,-85.197458
Canis lupus,-184.02660523772965,-4411.816130181177,4592.577247223534,6352986412,46.125164,-92.388549
Canis lupus,114.31843986215328,-4251.066865488891,4743.955620484594,6400064828,48.126134,-88.45959
Canis lupus,-1657.3648683945978,-3298.652264979653,5192.474174941402,6400595684,54.588945,-116.676645
Canis lupus,-1325.4502526719502,-5595.387162571997,2743.096290379505,6413035090,25.503052,-103.326732
Canis lupus,-300.45766337544507,-3991.76856991123,4956.335542158668,6413276802,51.073393,-94.304497
Canis lupus,1268.0672205860226,-5016.186673906307,3717.47628187154,6413532964,35.697011,-75.813131
Canis lupus,122.97158638167791,-4207.317305751798,4782.584260349382,6413588438,48.649253,-88.325834
Canis lupus,-2428.063117766676,-4846.061966741582,3348.1257503742772,6413738787,31.703607,-116.612628
Canis lupus,-2681.7155926313253,-4295.40195065078,3866.2225352740525,6422309397,37.361811,-121.977456
Canis lupus,60.190461339766394,-4124.187435149077,4855.6367489547265,6422923782,49.653722,-89.163856
Canis lupus,-1578.8265611567251,-4243.431708945423,4482.225691660336,6430755714,44.711285,-110.408403
Canis lupus,-130.72317219282482,-4276.566986232236,4720.554987943453,6431098857,47.811815,-91.750833
Canis lupus,-1049.8494707749899,-4072.5231036924874,4785.61644809546,6431125318,48.690545,-104.455464
Canis lupus,-551.6342925060839,-5496.9779325606805,3173.119340010653,6431393748,29.871471,-95.730577
Canis lupus,833.4822587195192,-5588.460240492002,2943.496661203697,6451526896,27.517158,-81.517237
Canis lupus,-1376.2260678953396,-3264.7688025229522,5295.0013792062055,6451993680,56.212806,-112.857301
Canis lupus,921.924744475076,-4152.386639130887,4743.152231835839,6452344600,48.115311,-77.482078
Canis lupus,-2307.4477001752402,-4846.280150289155,3432.0557899816777,6452447641,32.595115,-115.460408
Canis lupus,531.306866119915,-5031.802260049643,3871.489656379126,6452501302,37.421431,-83.972486
Canis lupus,-1563.29124640941,-4240.4487761990995,4490.486363970913,6452567023,44.815916,-110.237001
Canis lupus,104.44698896402681,-4251.964183809254,4743.379020885543,6452616729,48.118366,-88.592846
Canis lupus,-1599.216368499511,-4236.953940332299,4481.125019892133,6470237752,44.697358,-110.678755
Canis lupus,-1585.19262684754,-4244.0553198016305,4479.387447846983,6470449958,44.675379,-110.48111
Canis lupus,-87.2019866310276,-4415.761060188019,4591.644934283597,6480032382,46.113068,-91.131324
Canis lupus,-53.136480330633326,-4073.6325999137844,4898.2085587544325,6480793437,50.248741,-90.747324
Canis lupus,-1585.8406512635252,-4239.852483801304,4483.136566521416,6498254651,44.722813,-110.507407
Canis lupus,378.2546123624122,-4359.624901415491,4630.372263313391,6498364677,46.617786,-85.041258
Canis lupus,-1612.2699096032268,-4305.227746345735,4410.822249916704,6499554107,43.814605,-110.530483
Canis lupus,-1565.9452126292554,-4236.207299128092,4493.563890670169,6499638451,44.854945,-110.287204
Canis lupus,-1672.429013716267,-3859.7770709397805,4784.856872091891,6499832867,48.680198,-113.42693
Cervus canadensis,-2409.3070689218725,-4500.335506992812,3812.0824888530788,5938099040,36.751697,-118.162889
Cervus canadensis,-1251.7843600958226,-4727.668562558782,4083.128580891166,6129812715,39.858366,-104.830361
Cervus canadensis,-1771.9959624378885,-4491.751560703004,4156.194335651713,6129823422,40.719809,-111.529234
Cervus canadensis,-2723.85216499822,-4201.825441732473,3938.9142501610327,6129833188,38.188888,-122.953505
Cervus canadensis,-2730.382099103938,-4209.361904007692,3926.326410738026,6130125017,38.044999,-122.969262
Cervus canadensis,657.5165190881535,-4344.892153973847,4612.9532110287155,6130247678,46.390193,-81.394671
Cervus canadensis,-2470.1358331202055,-4497.469262014095,3776.3676109260564,6130334045,36.351866,-118.776821
Cervus canadensis,-2723.3857869303747,-4203.056015968763,3937.923705692105,6130375998,38.177555,-122.94137
Cervus canadensis,-2724.3205988363266,-4199.7158459742905,3940.839658944012,6130499138,38.210922,-122.971138
Cervus canadensis,-1634.8332754921719,-4320.671550622694,4387.353489594912,6130509107,43.522822,-110.72538
Cervus canadensis,-2724.1769692838534,-4198.859744549471,3941.851064576493,6130573709,38.222499,-122.975092
Cervus canadensis,-2635.3359804560905,-4349.277172978074,3837.778715924463,6130591639,37.040661,-121.212722
Cervus canadensis,-2724.2950349746275,-4198.813650280548,3941.8185679084436,6131061302,38.222127,-122.976513
Cervus canadensis,-2329.5728274431267,-3599.3207843213613,4712.508192339651,6131118962,47.704169,-122.911981
Cervus canadensis,603.1062245174948,-5155.02256345745,3694.8285997959724,6131482424,35.446607,-83.327078
Cervus canadensis,-2724.2994010787165,-4198.837552610063,3941.790089508968,6131586927,38.221801,-122.976406
Cervus canadensis,-2441.458776512234,-3742.338788314619,4541.358008981971,6131641205,45.46451,-123.119967
Cervus canadensis,-2686.0510690729284,-3968.367915007856,4198.444816255874,6133181756,41.223054,-124.092713
Cervus canadensis,-1776.4748070104663,-3641.919153953633,4916.331484531959,6133252738,50.504305,-116.002442
Cervus canadensis,-2668.7120081628,-3934.0633534655367,4241.565144859219,6133296055,41.740685,-124.151407
Cervus canadensis,-1776.2137307729242,-3641.9686855084997,4916.389122726827,6133304956,50.50512,-115.998817
Cervus canadensis,-1264.7659368952736,-4686.695275266145,4126.1371343358005,6133453712,40.364104,-105.102262
Cervus canadensis,-1776.237312577283,-3641.9665403134104,4916.382192051716,6133487433,50.505022,-115.99913
Cervus canadensis,-2726.359542187053,-4211.358298551406,3926.980781417863,6147333396,38.052472,-122.918312
Cervus canadensis,-2687.5350719223497,-4414.262610005673,3725.7474386719605,6147393208,35.788657,-121.334305
Cervus canadensis,-2345.032226743064,-3748.946416227952,4586.499509807616,6147401855,46.046358,-122.026707
Cervus canadensis,695.5853469892597,-4973.24660045833,3920.807621620949,6147438412,37.982004,-82.037951
Cervus canadensis,-2420.4081670725436,-3909.945479297949,4409.501534568674,6147564121,43.798147,-121.759117
Cervus canadensis,-2172.8361264364185,-3925.1701545669707,4523.447308748818,6147601787,45.235312,-118.967371
Cervus canadensis,-1592.6667645864686,-4215.18511768852,4503.929410001484,6147636190,44.986595,-110.698585
Cervus canadensis,-1585.3147849488976,-4222.129957739369,4500.016531331814,6147674768,44.936863,-110.580027
Cervus canadensis,-1591.7717016089302,-4213.008147870687,4506.282095653761,6147693260,45.016518,-110.697722
Cervus canadensis,-2240.141789305557,-3557.5373276804767,4787.008048420682,6147712437,48.709507,-122.198166
Cervus canadensis,-2389.041934976189,-3545.822728038485,4723.279892609412,6159224105,47.848318,-123.970607
Cervus canadensis,-2400.484126067728,-3332.089066970368,4870.7916748667085,6159259719,49.864699,-125.769512
Cervus canadensis,-1714.324569376698,-3616.1434743104373,4957.252341137263,6159304820,51.086517,-115.364478
Cervus canadensis,-2378.071305685693,-3879.6523532483984,4459.016440055581,6159465509,44.418319,-121.506627
Cervus canadensis,-1279.500604311367,-4701.509887864968,4104.684653850064,6159481314,40.111374,-105.224155
Cervus canadensis,-2675.839750880927,-3963.346707697653,4209.693294275144,6159572788,41.357687,-124.025117
Cervus canadensis,-2380.3687956205144,-3879.216707279501,4458.169497055621,6159657385,44.407656,-121.534152
Cervus canadensis,-2732.555491706772,-4001.4240445787023,4136.604794984411,6159688504,40.487767,-124.329003
Cervus canadensis,-1637.1844497836141,-4322.408866441061,4384.764736947224,6162768608,43.490723,-110.745018
Cervus canadensis,-1637.1329736067546,-4322.426235870398,4384.7668343785635,6162812869,43.490749,-110.744345
Cervus canadensis,-1637.2685110544608,-4322.762449058907,4384.384764296261,6162857645,43.486013,-110.74444
Cervus canadensis,-2724.3731627320612,-4198.973226762427,3941.594580977993,6162863733,38.219563,-122.976269
Cervus canadensis,-1634.9929272044076,-4320.5769978524795,4387.387111174151,6162869018,43.523239,-110.727647
Cervus canadensis,-2514.308189601986,-4396.71859465575,3864.8251004134954,6162890199,37.346001,-119.763519
Cervus canadensis,-1637.160133868997,-4322.427569158972,4384.755379165631,6162926916,43.490607,-110.744654
Cervus canadensis,-1634.942183299788,-4320.606925423207,4387.376549024414,6162939731,43.523108,-110.726927
Cervus canadensis,-1637.1648898721762,-4322.387060158206,4384.79353621401,6162976268,43.49108,-110.744887
Cervus canadensis,-1634.9593807668628,-4320.571270762024,4387.4052522175,6163074626,43.523464,-110.727283
Cervus canadensis,-1624.9215402728082,-4315.4061121914165,4396.208958238433,6163090236,43.632754,-110.633346
Cervus canadensis,-1285.8676350295505,-4788.501679520129,4000.8185687548794,6163092855,38.900698,-105.03117
Cervus canadensis,-1637.127137873811,-4322.404223273552,4384.790712764008,6163150675,43.491045,-110.744374
Cervus canadensis,-1634.9861880004494,-4320.602472670209,4387.364535559049,6163261502,43.522959,-110.727457
Cervus canadensis,-1637.1389740907541,-4322.393111647213,4384.7972470315235,6163269920,43.491126,-110.74456
Cervus canadensis,-1637.1775306494185,-4322.357803590395,4384.817656477328,6163308519,43.491379,-110.745162
Cervus canadensis,-1941.054896205499,-4770.875041940002,3749.774707070824,6163309735,36.055486,-112.139201
Cervus canadensis,-1554.6616408110656,-4829.249226037891,3853.716676804421,6163332706,37.220443,-107.844725
Cervus canadensis,-2463.3371990479145,-3656.8381388291004,4598.832221321967,6163340137,46.206386,-123.965189
Cervus canadensis,-2677.146175487664,-3963.592770525766,4208.630874071174,6178317118,41.344959,-124.036438
Cervus canadensis,-1941.506253656169,-4770.833681394543,3749.593655472924,6178408035,36.053472,-112.144025
Cervus canadensis,-2552.2776501061962,-3988.341952562759,4262.482890977242,6178550871,41.993295,-122.616581
Cervus canadensis,-1774.7074277825827,-3644.434743010435,4915.105500331527,6178572714,50.486973,-115.964401
Cervus canadensis,-1358.1511623519004,-4791.070032146747,3973.767292751928,6178630679,38.58878,-105.826736
Cervus canadensis,-1285.3208161742293,-4730.736171615674,4069.132438708985,6178632208,39.694589,-105.200093
Cervus canadensis,-1287.2833601107056,-4715.190860637787,4086.5180567590064,6178708129,39.898087,-105.270072
Cervus canadensis,-1938.3435631417615,-4771.608715503927,3750.2436756871275,6178782944,36.060703,-112.108186
Cervus canadensis,684.6701001630871,-4982.863124716859,3910.505729948115,6178784698,37.864556,-82.176268
Cervus canadensis,-1934.6957309018114,-4774.235593024154,3748.783810892414,6179235261,36.044464,-112.0596
Cervus canadensis,-2730.3367489780844,-4209.7573885587235,3925.933913902839,6179290271,38.040517,-122.96637
Cervus canadensis,-1777.7887650705068,-3649.6140198736684,4910.146407431053,6179489743,50.41693,-115.971497
Cervus canadensis,-1722.306721826612,-3602.9253287703323,4964.105333384204,6179495878,51.184736,-115.549203
Cervus canadensis,-1938.3153178233842,-4771.683206958571,3750.163493875731,6179536503,36.059811,-112.107583
Cervus canadensis,-2372.529152130363,-3881.968154951652,4459.953115887014,6184773951,44.430114,-121.431879
Cervus canadensis,-2676.1748902626778,-3963.4976275398185,4209.3381478435795,6184826409,41.353432,-124.027433
Cervus canadensis,-1312.670419175259,-4675.097960622642,4124.331286267109,6184842571,40.342793,-105.683639
Cervus canadensis,-1673.069252730944,-4290.294904282601,4402.722117001084,6184910147,43.713737,-111.304094
Cervus canadensis,-2402.847765981996,-3281.7756789962896,4903.674554448043,6184949185,50.325676,-126.210811
Cervus canadensis,-1282.0573624683293,-5359.779104173783,3196.693604879935,6185017573,30.116262,-103.452367
Cervus canadensis,-2056.941806056619,-4054.8798293778445,4462.812241790895,6185029949,44.466132,-116.897571
Cervus canadensis,-1590.5933775018211,-4215.241219762441,4504.60956092095,6185118787,44.995244,-110.673667
Cervus canadensis,-1808.2042659819963,-3391.310351496877,5081.25619920823,6185146921,52.897644,-118.065981
Cervus canadensis,-2356.454601190182,-3546.114415550835,4739.403696039156,6185167276,48.064842,-123.604728
Cervus canadensis,-1647.6052899956303,-3635.0674014278648,4966.028083401494,6185254119,51.212331,-114.382554
Cervus canadensis,600.8561652714822,-5153.931371618792,3696.7169779381707,6185349450,35.467456,-83.350355
Cervus canadensis,604.1967064311326,-5151.3282093968055,3699.799609261009,6185421490,35.501502,-83.310371
Cervus canadensis,-2678.655802835596,-3964.5035667902243,4206.812057665544,6185425396,41.323175,-124.045314
Cervus canadensis,-2235.8188601323327,-3554.911867501509,4790.977850987304,6185491719,48.763639,-122.167344
Cervus canadensis,-2646.829168627966,-4432.585263660631,3733.1268880331713,6185655619,35.870512,-120.842688
Cervus canadensis,-2371.9681484237203,-3649.0885982959776,4652.7059475456945,6185687496,46.911,-123.024536
Cervus canadensis,-2166.4390013398506,-3814.7332964511484,4619.968079986915,6185824876,46.481733,-119.592833
Cervus canadensis,-2462.367791750673,-3660.3112662572184,4596.5878020480395,6185873986,46.177228,-123.929545
Cervus canadensis,-2730.449564456964,-4209.591273525813,3926.0335728938353,6185948563,38.041655,-122.968483
Cervus canadensis,-2676.9944821772438,-3964.5260117907196,4207.84828313769,6185955508,41.335585,-124.028676
Cervus canadensis,-2334.398074623192,-3488.7739006958996,4792.57711765769,6195603900,48.785463,-123.787155
Cervus canadensis,-1810.9034634438644,-3399.4803237979804,5074.831554236537,6195609942,52.80197,-118.044232
Cervus canadensis,-1474.3074844069076,-3481.822702659965,5127.6779577447005,6320113947,53.59534,-112.949247
Cervus canadensis,-2120.199005319237,-3925.5317991509005,4548.044568974214,6320253388,45.550315,-118.3737
Cervus canadensis,-2477.1383929823446,-3678.328411868376,4574.214534336158,6320543822,45.887409,-123.957954
Chelydra serpentina,440.6551828032442,-5252.985983558895,3577.948350113493,5938684002,34.16641,-85.204878
Chelydra serpentina,332.64082929255966,-5132.270160279118,3760.173694162752,6129945682,36.17125,-86.291642
Chelydra serpentina,950.1393159363352,-5662.006146725968,2762.0055764655554,6130774529,25.691614,-80.473971
Chelydra serpentina,-1111.1959818575633,-4625.154833647546,4238.270801207467,6130951373,41.700992,-103.509306
Chelydra serpentina,719.5292911383219,-5532.089331746094,3077.0145197012744,6133579289,28.879644,-82.589445
Chelydra serpentina,-616.6100735176442,-5306.504820776872,3471.390461182063,6159554880,33.015983,-96.627983
Chelydra serpentina,733.448544542053,-5610.048558527411,2929.020575747309,6162775465,27.370463,-82.55149
Chelydra serpentina,822.5825215791577,-5634.393896131426,2857.7467606677187,6162818076,26.651001,-81.693893
Chelydra serpentina,837.0633314093666,-5139.4093677917235,3670.9058090806366,6162847226,35.182948,-80.749377
Chelydra serpentina,1199.2885868480898,-4843.798189819664,3960.944219682108,6163014982,38.441395,-76.09365
Chelydra serpentina,437.09715953813674,-5243.263638862264,3592.615428373314,6163180930,34.325979,-85.234638
Chelydra serpentina,52.197212032235946,-4652.510229692328,4352.14626860607,6163218305,43.087722,-89.357217
Chelydra serpentina,734.0087679178091,-5614.482286034208,2920.372051315604,6163236029,27.282915,-82.551685
Chelydra serpentina,796.2419035720961,-5384.249766518793,3311.4357025942154,6170958298,31.316577,-81.587867
Chelydra serpentina,1192.7422990655953,-5004.80443015021,3757.5326417272804,6170986105,36.141833,-76.595345
Chelydra serpentina,-1093.1385194358825,-5191.488370430739,3527.4990867022702,6171372108,33.619833,-101.890704
Chelydra serpentina,1167.7965317429846,-4898.085578699121,3903.173331260885,6178297337,37.781076,-76.58995
Chelydra serpentina,470.93239792419797,-4904.065135042881,4039.5694024882964,6178322362,39.349924,-84.514764
Chelydra serpentina,1193.801857891827,-4716.7242592572875,4113.0405439170245,6178347046,40.209702,-75.796722
Chelydra serpentina,1252.6592411380775,-4982.053772209796,3768.2539943691363,6178428290,36.26132,-75.886437
Chelydra serpentina,816.8940784856793,-5282.457285290795,3466.7105767990893,6178431712,32.965805,-81.209253
Chelydra serpentina,-723.6067826327027,-5260.148713555293,3520.934799891639,6178467191,33.54897,-97.832672
Chelydra serpentina,708.6776113753859,-5583.799572558118,2984.7464727029146,6178497832,27.936248,-82.766878
Chelydra serpentina,1096.9020457068225,-4829.849445993982,4007.382357703498,6178636866,38.976589,-77.204657
Chelydra serpentina,906.683244353239,-5299.634295346407,3417.828983386195,6178743865,32.44338,-80.291595
Chelydra serpentina,737.4725362936479,-5576.412913771558,2991.5725635544686,6178865572,28.005756,-82.466433
Chelydra serpentina,1512.2274010928325,-4457.545515955639,4293.391362343437,6178896034,42.368404,-71.260436
Chelydra serpentina,302.9639937243307,-5311.113823897921,3505.7147484905904,6178957418,33.384889,-86.735192
Chelydra serpentina,-44.185398192152306,-5489.97712401202,3232.32918467299,6178971882,30.487453,-90.461128
Chelydra serpentina,374.5734877526499,-5193.33472586863,3671.337938277714,6179041592,35.187703,-85.874639
Chelydra serpentina,1089.1164563240072,-4826.29375367038,4013.7846326782333,6179041692,39.050691,-77.283459
Chelydra serpentina,1254.8471030671071,-4810.968121970906,3983.6789035991915,6179107494,38.702909,-75.381223
Chelydra serpentina,-112.64004107881665,-5493.405516921292,3224.835062058511,6179110711,30.409275,-91.174662
Chelydra serpentina,1201.2073509271206,-4741.539645466855,4082.236619822782,6179186313,39.847917,-75.78395
Chelydra serpentina,982.4796476998183,-4919.528374090082,3927.178051483746,6179274654,38.054725,-78.706038
Chelydra serpentina,712.1043866042777,-4885.633085088078,4026.5679964641254,6179315396,39.198883,-81.707262
Chelydra serpentina,-5.101097163473881,-4956.522040517617,4002.826047975135,6179349092,38.9239,-90.058967
Chelydra serpentina,1110.9288806998225,-5149.962963885396,3582.3835113389555,6179478509,34.21463,-77.82692
Chelydra serpentina,842.411948652167,-5146.80118674847,3659.307691699351,6179584737,35.05543,-80.704435
Chelydra serpentina,306.59230720759894,-5227.384712755307,3629.0774794278873,6184729212,34.723988,-86.64338
Chelydra serpentina,1366.12401586335,-4622.492276280932,4166.056103640704,6184734208,40.83693,-73.535566
Chelydra serpentina,-206.88575529935173,-5201.936675939902,3672.43873106727,6184838290,35.199817,-92.277505
Chelydra serpentina,962.7043872284975,-5637.671357600549,2807.0652034070795,6184846420,26.142157,-80.309484
Chelydra serpentina,-659.4225322706641,-5317.052134710225,3447.2991820241846,6184874616,32.757978,-97.069742
Chelydra serpentina,926.0089357840278,-4455.285984876132,4459.000714677211,6184894292,44.418121,-78.258529
Chelydra serpentina,595.3800448137935,-4830.4802545036055,4111.172125168898,6184991582,40.187703,-82.973457
Chelydra serpentina,-445.00113870463304,-4855.235649508169,4101.025957486004,6185027978,40.068365,-95.236749
Chelydra serpentina,77.75895957465845,-5068.457643626303,3859.3320391810553,6185028301,37.283887,-89.121052
Chelydra serpentina,-735.8339340688728,-5430.628433371413,3249.0885444702985,6185113385,30.662513,-97.716413
Chelydra serpentina,1122.076374000219,-4804.781614899314,4030.480290699049,6185138611,39.244299,-76.855114
Chelydra serpentina,1099.3611063000137,-4829.664657313846,4006.931193011152,6185230041,38.97137,-77.176445
Chelydra serpentina,489.2852680789585,-4923.797065596233,4013.299828438473,6185259069,39.045077,-84.325061
Chelydra serpentina,1119.7203340757167,-4858.657151435033,3966.034567164539,6185281593,38.499866,-77.022271
Chelydra serpentina,1008.884470054816,-5073.217609325237,3719.4580713044706,6185298828,35.71896,-78.752621
Chelydra serpentina,1188.0214648933456,-4943.541061764006,3839.239494910849,6185335261,37.057121,-76.487045
Chelydra serpentina,-604.04558060203,-5439.6589539524775,3261.1336266576413,6185391541,30.788526,-96.336436
Chelydra serpentina,1001.9627427259192,-5073.962022493215,3720.3135870734277,6185413719,35.728437,-78.829437
Chelydra serpentina,64.4245023184531,-5042.130403029485,3893.9085264068763,6185472235,37.67573,-89.267958
Chelydra serpentina,1235.5769854577795,-4774.66269209293,4033.075602988417,6185481392,39.274443,-75.491393
Chelydra serpentina,739.7088007115686,-5488.928272371894,3148.6902738414565,6185525723,29.618436,-82.324844
Chelydra serpentina,290.69529399339666,-5233.188333855157,3622.014527597842,6185570587,34.646742,-86.820578
Chelydra serpentina,489.2738385270652,-4923.798201354941,4013.299828438473,6185641451,39.045077,-84.325194
Chelydra serpentina,1109.615145414988,-4821.011371029718,4014.518242472597,6185672894,39.059187,-77.038403
Chelydra serpentina,1243.5591650887566,-4727.7391630868115,4085.5594645551796,6185738489,39.886851,-75.263042
Chelydra serpentina,380.5308549522455,-5263.876496230144,3568.830849247777,6185740609,34.067369,-85.865224
Chelydra serpentina,-685.953234413681,-5134.361953463024,3709.11695969623,6185753930,35.604495,-97.609682
Chelydra serpentina,1096.1218117535554,-4828.022586381686,4009.796504670011,6185773599,39.004522,-77.20878
Chelydra serpentina,733.5091436992998,-5609.972012753368,2929.152007307042,6185789854,27.371794,-82.550781
Chelydra serpentina,1244.7197332747287,-4851.475039943082,3937.463123901377,6185981648,38.172286,-75.610275
Chelydra serpentina,298.1266853949395,-5226.913400614395,3630.461391009484,6186032279,34.739132,-86.735566
Chelydra serpentina,688.9109334371201,-4936.460923266426,3968.1870430376403,6187897154,38.524605,-82.055362
Chelydra serpentina,1110.8934551923041,-4823.936400987311,4010.6491320131618,6187905177,39.01439,-77.031578
Chelydra serpentina,494.038715295471,-5002.660124197094,3913.9584258439636,6187905837,37.903898,-84.360031
Chelydra serpentina,1265.315125694584,-4738.546159764393,4066.3141853708316,6187909888,39.661658,-75.049362
Chelydra serpentina,1118.7900026922932,-4829.920746195568,4001.2407631911947,6187911640,38.905577,-76.958168
Chelydra serpentina,782.3916939072495,-4554.429717061994,4385.7480911841,6187913383,43.502914,-80.252474
Chelydra serpentina,1110.7183156242654,-4823.693274260193,4010.9900459700984,6188002965,39.018336,-77.032922
Chelydra serpentina,351.65022653881715,-4675.788619688544,4313.130653231332,6188056704,42.609138,-85.699075
Chelydra serpentina,893.5915347644442,-5254.335128133656,3490.445481587621,6188103055,33.220588,-80.348197
Chelydra serpentina,741.3832983869113,-5488.559717096058,3148.9388953139146,6188110608,29.621008,-82.307167
Chelydra serpentina,699.3084436722561,-4721.193713170254,4220.314058575236,6188127326,41.485063,-81.574547
Chelydra serpentina,-678.7926014217791,-5388.005369631635,3331.424900962523,6188177364,31.527237,-97.180418
Chelydra serpentina,1110.741751129814,-4823.668769180294,4011.0130263075916,6188188660,39.018602,-77.032594
Chelydra serpentina,1108.6170088124586,-4843.184531080564,3988.017684934595,6188194754,38.752926,-77.106973
Chelydra serpentina,608.3499848447442,-4708.143532911537,4248.887842614829,6188268367,41.829003,-82.637475
Chelydra serpentina,608.2623347256109,-5244.5028126619545,3565.8043005488157,6188322188,34.034518,-83.38434
Chelydra serpentina,834.8158616660738,-5137.915315649109,3673.5081075188173,6188323532,35.211587,-80.77115
Chelydra serpentina,1075.108194261964,-4801.115149830761,4047.615201371514,6188350407,39.443558,-77.378045
Chelydra serpentina,448.131047584622,-4658.409416445248,4322.979690287983,6188372086,42.729602,-84.505152
Chelydra serpentina,580.5076821370619,-4741.6615806669215,4215.377731008761,6188396029,41.42583,-83.02018
Chelydra serpentina,-740.0735778166145,-5451.266722240356,3213.3682254124005,6188561681,30.289775,-97.731308
Chelydra serpentina,470.1806489101084,-4893.545746804437,4052.3935286445353,6188653238,39.499226,-84.511766
Chelydra serpentina,1110.3645365745303,-4832.803130490082,4000.1072020035053,6235118307,38.892478,-77.060525
Chelydra serpentina,959.8724903889517,-5657.148552458297,2768.5859544704285,6235407797,25.757303,-80.370095
Chelydra serpentina,1323.3326162580895,-4726.595377854966,4061.753322207669,6235676862,39.608398,-74.359036
Chelydra serpentina,299.17872798618913,-4635.493474400778,4360.326302833976,6236520328,43.188536,-86.307203
Chelydra serpentina,733.4992039228283,-5609.977488610772,2929.144008887645,6251502173,27.371713,-82.550888
Chelydra serpentina,1240.3402660465786,-4956.172165981722,3806.2667556608512,6252525877,36.686448,-75.949643
Chelydra serpentina,956.4524355720094,-5640.955654235487,2802.6007876817735,6252973197,26.097441,-80.376735
Chelydra serpentina,839.3048477119187,-5546.523526483189,3020.165106820023,6320157311,28.297395,-81.395233
Chrysemys picta,1026.5467670205971,-4965.849832978354,3856.9794271043033,5938312474,37.2573,-78.320262
Chrysemys picta,1197.8973962490013,-4844.02655914252,3961.085918287961,6130088283,38.443022,-76.109786
Chrysemys picta,1004.899344682763,-5079.296130370484,3712.233998111785,6130460466,35.63898,-78.808992
Chrysemys picta,1228.4706040670058,-4943.480936418677,3826.566259178821,6131665576,36.914438,-76.044503
Chrysemys picta,-1796.5669640041622,-4463.060119118574,4176.505075617603,6147578307,40.961251,-111.926832
Chrysemys picta,-854.2685565652705,-4961.69610219615,3904.0427959223057,6159342882,37.79097,-99.768991
Chrysemys picta,1375.6515521306974,-4630.822602114634,4153.6511606708245,6163110092,40.689639,-73.455201
Chrysemys picta,849.9374445849397,-5136.916378377002,3671.4369927226,6163281294,35.188793,-80.605141
Chrysemys picta,1190.207213863913,-4972.92282605296,3800.4208298378185,6163353512,36.620916,-76.54016
Chrysemys picta,1083.705957685144,-4826.158790362127,4015.4110446086993,6163364619,39.069528,-77.34425
Chrysemys picta,-1796.531322180655,-4462.737508675901,4176.86512431973,6171103877,40.965539,-111.927873
Chrysemys picta,-1796.569334095222,-4463.048242699184,4176.516747339319,6171205870,40.96139,-111.926911
Chrysemys picta,-1796.574103314141,-4463.042551120672,4176.520777856217,6171289575,40.961438,-111.926989
Chrysemys picta,708.1014558564254,-4727.629640717865,4211.634295389062,6178297045,41.380947,-81.481597
Chrysemys picta,316.50873901031645,-4933.599250672574,4018.603461598388,6178319200,39.106517,-86.329293
Chrysemys picta,982.4699630845103,-4919.521012057868,3927.189696619618,6178322948,38.054858,-78.70613
Chrysemys picta,558.1228246263513,-4903.923041816797,4028.621456807133,6178324255,39.222717,-83.50702
Chrysemys picta,703.5690830753331,-4764.558777888524,4170.578296479205,6178362563,40.890706,-81.599997
Chrysemys picta,1177.285832596007,-4802.831932696348,4017.033311327953,6178368895,39.088322,-76.227037
Chrysemys picta,1198.9335908206906,-4843.900171468832,3960.9269752576183,6178404175,38.441197,-76.097888
Chrysemys picta,1201.163347677974,-4741.483099552534,4082.3152448739397,6178405668,39.848838,-75.784287
Chrysemys picta,913.8351143679606,-5055.875844413587,3767.330349106742,6178416784,36.251019,-79.754567
Chrysemys picta,1288.156758313668,-4653.780717096173,4156.047441123848,6178458260,40.718066,-74.528023
Chrysemys picta,1142.3885835942692,-4833.435455544811,3990.3136657201826,6178473919,38.779408,-76.702101
Chrysemys picta,563.8646183485845,-4980.762425910877,3932.4058130470753,6178479656,38.114456,-83.54113
Chrysemys picta,-1538.2537074064528,-5065.950020748464,3543.9637482071357,6178490677,33.79783,-106.890685
Chrysemys picta,717.697233213189,-4708.939106928654,4230.904903014665,6178491202,41.61233,-81.334145
Chrysemys picta,1249.503059715251,-4824.769220087945,3968.639213424626,6178517652,38.529803,-75.480713
Chrysemys picta,961.113659767402,-4893.92115919733,3964.2842166331375,6178582978,38.479755,-78.889127
Chrysemys picta,286.7817114102285,-4790.99258140207,4189.737398051146,6178618125,41.119025,-86.574447
Chrysemys picta,1123.9117899518305,-4806.660871799343,4027.7272352528903,6178650133,39.212337,-76.839329
Chrysemys picta,1001.5864237682753,-4874.259290508876,3978.4637907474316,6178655891,38.642836,-78.388217
Chrysemys picta,1123.8634284703828,-4806.66178379216,4027.7396415429084,6178723413,39.212481,-76.839878
Chrysemys picta,1313.921349338408,-4718.114549432165,4074.648318059693,6178734547,39.759087,-74.438309
Chrysemys picta,1288.1955207972508,-4653.790910983862,4156.024011807359,6178741944,40.717788,-74.527612
Chrysemys picta,1031.9372850498323,-4970.644881525489,3849.3568334419024,6178797231,37.171221,-78.271639
Chrysemys picta,1005.0785185259851,-4910.36805424712,3932.919510122779,6178804154,38.120328,-78.432197
Chrysemys picta,339.6408223823442,-4749.657902874225,4232.628857709272,6178817706,41.63307,-85.909828
Chrysemys picta,1288.2689946634814,-4653.872478712241,4155.909897838373,6178875241,40.716434,-74.52703
Chrysemys picta,1303.6924945864885,-4717.420380096504,4078.7355843062996,6179054726,39.806919,-74.551486
Chrysemys picta,701.4275380106536,-4734.360585778548,4205.185178137147,6179076579,41.303696,-81.572548
Chrysemys picta,1254.8345614314144,-4810.9588904960765,3983.6940026903962,6179078662,38.703083,-75.381336
Chrysemys picta,1436.7442987341972,-4601.156392750496,4165.9187221048205,6179126129,40.835297,-72.658649
Chrysemys picta,721.8301090218619,-4719.839687469164,4218.036006007761,6179171443,41.457721,-81.304826
Chrysemys picta,936.4579035684663,-4922.971862981428,3934.1006292181646,6179194865,38.133831,-79.229753
Chrysemys picta,909.2319015949587,-4759.437204829435,4136.521240376366,6179269313,40.486779,-79.18466
Chrysemys picta,1183.9233099177684,-4939.339744755305,3845.907124696512,6179303487,37.132297,-76.52092
Chrysemys picta,809.1904276417572,-4654.203365591868,4274.734496223562,6179305619,42.141716,-80.137016
Chrysemys picta,326.745908008033,-4935.53790455849,4015.4023252899374,6179321635,39.069427,-86.212392
Chrysemys picta,1289.2281681418174,-4653.75874143892,4155.739818206617,6179332199,40.714416,-74.515702
Chrysemys picta,-1258.6408493939632,-4677.958791860125,4137.907428105763,6179340801,40.503172,-105.059242
Chrysemys picta,1197.5034925660075,-4844.265453270914,3960.9128661478526,6179367940,38.441035,-76.114835
Chrysemys picta,1288.215844824634,-4653.80146685884,4156.005891945137,6179418828,40.717573,-74.527413
Chrysemys picta,1069.996250389577,-4836.656696221448,4006.4464500010363,6179435819,38.965763,-77.525574
Chrysemys picta,374.81671336908676,-4778.964465777165,4196.51810384464,6179561179,41.200021,-85.515442
Chrysemys picta,-1914.7475852716966,-3659.777716253469,4850.723851343033,6179575320,49.585524,-117.617973
Chrysemys picta,1025.924874805697,-4962.326401488412,3861.676833452461,6184733181,37.310395,-78.319083
Chrysemys picta,1128.38078565758,-4816.76829997723,4014.3807837038435,6184783320,39.057595,-76.815583
Chrysemys picta,1102.5165744529224,-4785.665103242561,4058.524344184767,6184798094,39.570716,-77.026615
Chrysemys picta,-1914.6427793823184,-3659.8114315628395,4850.73978300615,6184822152,49.585745,-117.616468
Chrysemys picta,1005.1597450144392,-5079.513866089365,3711.8655553354583,6184885171,35.634903,-78.806633
Chrysemys picta,-1927.5115891800513,-3677.3115068855395,4832.373359394039,6184943822,49.331631,-117.661877
Chrysemys picta,723.3646017576264,-4742.910896541673,4191.812616287581,6185046970,41.143803,-81.328364
Chrysemys picta,1182.057759647657,-4936.193397875988,3850.517799114777,6185052809,37.184325,-76.53312
Chrysemys picta,9.85738773802766,-4843.457864195975,4138.909503642544,6185086631,40.515025,-89.883392
Chrysemys picta,1182.0330972797044,-4936.1950191839005,3850.52329160555,6185143238,37.184387,-76.533395
Chrysemys picta,-508.1698266157288,-4759.793828836898,4204.2691712069245,6185145252,41.292731,-96.093985
Chrysemys picta,1181.3857076175539,-4749.477484482241,4078.79204715203,6185183188,39.80758,-76.031715
Chrysemys picta,1119.0419730617964,-4822.915776411894,4009.611153945063,6185198197,39.002377,-76.937034
Chrysemys picta,723.3936650046437,-4742.945391346242,4191.768570641279,6185210320,41.143277,-81.328083
Chrysemys picta,1048.0916836090696,-4817.972697940711,4034.649431403532,6185217141,39.292729,-77.727206
Chrysemys picta,1089.6245599650724,-4875.491074702592,3953.739777538947,6185261696,38.358721,-77.401979
Chrysemys picta,1080.2869338137234,-4829.945350956881,4011.7778075410406,6185297988,39.027455,-77.392473
Chrysemys picta,-256.7601939058232,-4506.62809840023,4496.012735214659,6185299614,44.88602,-93.260839
Chrysemys picta,870.123685488231,-4878.720760434609,4003.8383637872,6185315149,38.935603,-79.88758
Chrysemys picta,1303.7237563983463,-4571.632819406095,4241.489226817521,6185325701,41.73977,-74.083078
Chrysemys picta,186.89158080188486,-4947.224855807158,4009.9614577682246,6185348173,39.006431,-87.836563
Chrysemys picta,-284.1657314773926,-4741.477794417793,4245.867554667048,6185365061,41.792561,-93.429742
Chrysemys picta,-1796.5260437929385,-4463.079891245642,4176.501548905486,6185375207,40.961209,-111.926292
Chrysemys picta,-310.5573054830267,-4958.758070521214,3987.98516643797,6185396965,38.752551,-93.583642
Chrysemys picta,384.4982570530439,-4781.604247767475,4192.63342515568,6185405108,41.153606,-85.402625
Chrysemys picta,1258.6175805378566,-4669.709629684483,4147.221586806097,6185419583,40.613425,-74.915633
Chrysemys picta,-1796.5992218546535,-4463.029846610523,4176.5235488348835,6185472960,40.961471,-111.927323
Chrysemys picta,14.724761463650221,-4878.8427485690545,4097.124570453336,6185480852,40.022533,-89.827077
Chrysemys picta,723.3811372904785,-4742.951002362382,4191.764383774384,6185517563,41.143227,-81.328241
Chrysemys picta,1157.8643075292791,-4735.311726656197,4101.941762923931,6185528569,40.079128,-76.259808
Chrysemys picta,581.6957744557621,-4738.4665275389125,4218.805295702926,6185539312,41.466953,-83.001367
Chrysemys picta,-2327.2455352185225,-3454.3646700971117,4820.896812260947,6185575617,49.173508,-123.968606
Chrysemys picta,1558.8250616144676,-4499.225472439531,4232.822664028268,6185599475,41.635402,-70.890579
Chrysemys picta,1100.0411770159687,-4822.569432532093,4015.2816348238703,6185617294,39.068029,-77.150523
Chrysemys picta,1153.080780981907,-4823.128970548743,3999.698085563586,6185641388,38.887751,-76.554488
Chrysemys picta,516.8652470671251,-4817.338713808827,4137.130788661434,6185715993,40.493987,-83.876009
Chrysemys picta,160.12894367266088,-4743.536829462712,4250.055317123126,6185748568,41.843095,-88.066584
Chrysemys picta,-284.16327517435263,-4741.345351434555,4246.015617157991,6185772205,41.794347,-93.429808
Chrysemys picta,-259.62775531400325,-4505.8090181053185,4496.668950535366,6185788384,44.89435,-93.297775
Chrysemys picta,-1218.2957800084885,-4393.77801445051,4449.744181615643,6185796322,44.301687,-105.497497
Chrysemys picta,1110.8941446825409,-4823.911675852998,4010.6786797943064,6185805600,39.014732,-77.031506
Chrysemys picta,1236.9422893579242,-4961.668985642574,3800.206281162643,6185815748,36.618512,-76.00153
Chrysemys picta,-1433.1111500340628,-4973.344950418439,3715.0754454617595,6185834121,35.670429,-106.074781
Chrysemys picta,816.8750369193843,-4686.617608435744,4237.697924113447,6185855426,41.694092,-80.112703
Coluber constrictor,736.9095789085485,-5485.324424993006,3155.6193298250364,5938381378,29.690142,-82.34858
Coluber constrictor,717.5162265064872,-5594.238885573282,2963.0077430741117,5938528715,27.715186,-82.691156
Coluber constrictor,850.2598060172077,-5597.531494046124,2921.3785384832922,6130045466,27.2931,-81.36285
Coluber constrictor,878.088701547253,-5520.385113764354,3056.8057768889107,6130665654,28.672297,-80.96208
Coluber constrictor,897.3843585186988,-5598.295631973652,2905.7770836366903,6130827388,27.135328,-80.893188
Coluber constrictor,717.5535676935041,-5594.276222939166,2962.9282051081254,6130967120,27.714378,-82.690828
Coluber constrictor,717.4970431856232,-5594.260324050936,2962.971911687123,6131080659,27.714822,-82.691377
Coluber constrictor,422.5674085847173,-5491.774886580537,3201.8117543045473,6131556565,30.169488,-85.600017
Coluber constrictor,882.6302767984214,-5501.332789097411,3089.668989998424,6133464337,29.009693,-80.88518
Coluber constrictor,980.7088636081185,-5622.87093142276,2830.4214779920762,6133502631,26.376376,-80.106321
Coluber constrictor,912.2375695627982,-5683.742543094121,2729.95356190862,6147209726,25.372168,-80.881823
Coluber constrictor,866.4125574579533,-5530.038523415533,3042.6561323121537,6147386394,28.527362,-81.095635
Coluber constrictor,953.7745877707213,-5665.963544283559,2752.6213470526463,6147657012,25.597998,-80.444751
Coluber constrictor,908.7240217618807,-5598.9867600602665,2900.917276073241,6159186074,27.086228,-80.781194
Coluber constrictor,719.9487670937757,-5594.170506895853,2962.546749371928,6162850278,27.710503,-82.666558
Coluber constrictor,228.1463748036617,-5496.938460856136,3212.688892330217,6162854496,30.2827,-87.623345
Coluber constrictor,498.1707441629991,-5487.201693567941,3198.780488474104,6162890134,30.137961,-84.812466
Coluber constrictor,727.5099315889448,-5556.166954000842,3031.417359649755,6163023682,28.412385,-82.540279
Coluber constrictor,712.9361804133562,-5605.15135316462,2943.425460318622,6163150687,27.516436,-82.751299
Coluber constrictor,736.3397069534234,-5488.2307970884285,3150.695111166946,6163153243,29.639178,-82.358428
Coluber constrictor,565.9438173069099,-5385.379643019923,3356.6570908980443,6163271893,31.793832,-84.000867
Coluber constrictor,-544.127814626724,-5473.320270891175,3215.033944343161,6163287494,30.307125,-95.677381
Coluber constrictor,740.0396702478196,-5492.191673329003,3142.9166453395633,6163373583,29.558726,-82.32596
Coluber constrictor,1008.6550412550276,-5066.517657984618,3728.641436067339,6163383348,35.820748,-78.740623
Coluber constrictor,875.6166693199759,-5526.329181526902,3046.758007372857,6163383927,28.569357,-80.996641
Coluber constrictor,704.2112700749293,-5576.056048896819,3000.2397498096834,6170980986,28.094076,-82.802108
Coluber constrictor,62.7188510883416,-5500.538425975699,3214.01563464778,6171009563,30.296518,-89.346724
Coluber constrictor,-234.42740785988977,-5222.039699018103,3642.128265451457,6171033301,34.866912,-92.570392
Coluber constrictor,888.9028582595336,-5504.628867602491,3081.9905691310605,6171060298,28.930763,-80.826905
Coluber constrictor,1046.9582057904208,-5138.094071944674,3618.510875049643,6171105410,34.60845,-78.482856
Coluber constrictor,562.008251487021,-5459.512102561084,3235.3713012461158,6171265347,30.519206,-84.122611
Coluber constrictor,851.4807526997339,-5530.590216117318,3045.8669568526348,6171331230,28.560233,-81.247556
Coluber constrictor,892.0701469207637,-5569.938397657747,2961.3764078461977,6178341996,27.698615,-80.900897
Coluber constrictor,856.6378574583749,-5527.421149031876,3050.17051196842,6178346430,28.604307,-81.190405
Coluber constrictor,713.8165282740242,-5598.515403163844,2955.815348457586,6178491188,27.642145,-82.733933
Coluber constrictor,904.1171588141883,-5687.078281793055,2725.704662940017,6178562467,25.329885,-80.966858
Coluber constrictor,684.5364092145282,-5169.269487489293,3660.5759109529877,6178714275,35.069364,-82.456542
Coluber constrictor,138.94857609393205,-5496.1324532099525,3219.15741765625,6178741422,30.350088,-88.551805
Coluber constrictor,1193.6328830582565,-4834.575541636885,3973.8989673072833,6178823974,38.590295,-76.131313
Coluber constrictor,833.181014615206,-5646.675672968274,2830.3032294915865,6178947862,26.375189,-81.60643
Coluber constrictor,89.48556418135024,-5070.236931934247,3856.739933872981,6178973149,37.254594,-88.988881
Coluber constrictor,837.269044636596,-5665.10137853541,2792.0172004282044,6179095505,25.991503,-81.592877
Coluber constrictor,7.330667678484426,-5366.245786631076,3434.1091346159997,6179206479,32.617036,-89.92173
Coluber constrictor,838.3780333306393,-5642.0700178548195,2837.943148924904,6179320296,26.451905,-81.548033
Coluber constrictor,11.861105125407162,-5514.811459548415,3190.0575244807305,6179325941,30.047293,-89.87677
Coluber constrictor,1087.9332535906499,-5149.568144240041,3590.0003193923644,6179332248,34.297506,-78.070717
Coluber constrictor,892.8557736471,-5571.681968734531,2957.857626124179,6179340288,27.66288,-80.89582
Coluber constrictor,969.2696150722758,-5618.676611394874,2842.664714583709,6179431693,26.499342,-80.212322
Coluber constrictor,921.2936356062133,-5270.636371758175,3458.5204066723013,6179475734,32.878058,-80.085017
Coluber constrictor,1271.9055786612455,-4815.67300466206,3972.568796234614,6179527643,38.574992,-75.205006
Coluber constrictor,531.3039672420316,-5407.9767550866745,3325.846755416207,6179542470,31.468403,-84.389011
Coluber constrictor,914.262071082703,-5548.238642568118,2995.1504069363345,6184718618,28.042206,-80.642652
Coluber constrictor,738.3377172222757,-5486.438639393867,3153.347681618759,6184742214,29.666628,-82.335466
Coluber constrictor,856.5470878198131,-5519.309934700205,3064.8487826880546,6184764472,28.754771,-81.178582
Coluber constrictor,839.6378985434718,-5640.304766154588,2841.077871847369,6184764478,26.483397,-81.532905
Coluber constrictor,942.3150764843025,-5585.951467711121,2915.294432245876,6184773905,27.231547,-80.424711
Coluber constrictor,943.8251951813539,-5274.091877181526,3447.158540256912,6184785046,32.756474,-79.854031
Coluber constrictor,1029.2937588551522,-4918.657454571434,3916.263057079814,6184861327,37.93017,-78.180662
Coluber constrictor,72.91697870404363,-5491.0483566013,3229.9882645855337,6184874939,30.463026,-89.2392
Coluber constrictor,1111.0300818128005,-4864.959074720157,3960.749738153431,6184910643,38.439162,-77.13575
Coluber constrictor,-2689.962521520243,-4348.343683241787,3800.7580789765007,6184969086,36.624695,-121.74167
Coluber constrictor,70.49016804243051,-5027.605302846244,3912.5399914478976,6184989289,37.887733,-89.19673
Coluber constrictor,1179.1772887632915,-4928.141994452377,3861.6978822607607,6185103908,37.310633,-76.543593
Coluber constrictor,133.67806798364836,-5056.425617298324,3873.5569287861063,6185105651,37.444844,-88.485609
Coluber constrictor,310.66256823497463,-5075.726220536904,3838.0001605692028,6185137075,37.043156,-86.49755
Coluber constrictor,768.217856777453,-5322.696440937672,3415.91818576428,6185144393,32.42302,-81.787287
Coluber constrictor,416.3499143301337,-5267.126112449169,3560.0264597430773,6185144680,33.971839,-85.480345
Coluber constrictor,781.1878640395654,-5650.0229890015835,2838.439513977417,6185413754,26.456891,-82.128035
Coluber constrictor,-431.51704832247646,-5255.380416042842,3575.54511219728,6185426523,34.140293,-94.694002
Coluber constrictor,-2671.5423560069235,-4287.42518037974,3882.087053684418,6185430485,37.54153,-121.927493
Coluber constrictor,777.276877152133,-5640.309198478382,2858.7595092071333,6185498416,26.661192,-82.153633
Coluber constrictor,-32.03080742405452,-5484.375685235622,3241.9670726658373,6185648126,30.588087,-90.334625
Coluber constrictor,451.1372953817515,-5196.457194841823,3658.2866061272057,6185653191,35.044213,-85.038232
Coluber constrictor,845.3919693874228,-5470.785376126887,3153.6602410736787,6185656039,29.669863,-81.215653
Coluber constrictor,-2058.8175687839616,-4052.910054757751,4463.736488211132,6185679826,44.47778,-116.929887
Coluber constrictor,-2715.369039112756,-4315.696275966966,3819.854678480605,6185697437,36.838983,-122.177465
Coluber constrictor,-2700.765856667729,-4287.799829699777,3861.397355564671,6185753632,37.307235,-122.205685
Coluber constrictor,-427.65254474852287,-5189.906429917502,3670.386584455174,6185760771,35.177235,-94.710577
Coluber constrictor,1140.6254235281488,-4877.65895085132,3936.644501610309,6185761247,38.162922,-76.838075
Coluber constrictor,1111.737514860321,-4937.071521506087,3870.28650351149,6185779509,37.407808,-77.309715
Coluber constrictor,934.82234679022,-5558.144496320124,2970.335009328977,6185927661,27.789647,-80.452797
Coluber constrictor,804.571006064022,-5587.397042611272,2953.5424347886687,6186027575,27.619073,-81.805879
Coluber constrictor,1113.6451693206216,-4940.7572033291735,3865.0311543734247,6186047148,37.348332,-77.297821
Coluber constrictor,804.7468493435615,-5643.058556402189,2845.7030356600962,6186055161,26.529878,-81.883872
Coluber constrictor,894.4967938591366,-5563.0609723783655,2973.5469111910493,6186104433,27.822303,-80.865472
Coluber constrictor,930.426897844319,-5630.389928974472,2832.449146083311,6186118079,26.396732,-80.616622
Coluber constrictor,975.1187101687206,-5591.762044377328,2893.284270481802,6186155626,27.009153,-80.107955
Coluber constrictor,-58.202909661397406,-5232.652039287307,3633.967279259234,6188081737,34.777509,-90.637276
Coluber constrictor,239.3801025657526,-5266.097232700781,3577.802430531096,6188299868,34.164824,-87.397307
Coluber constrictor,738.029294422011,-5579.354442921528,2985.9453930881236,6188631345,27.948453,-82.46474
Coluber constrictor,667.8431445878407,-4874.011726551502,4048.178399396809,6188652724,39.450117,-82.197847
Coluber constrictor,866.332936584397,-5529.984128426873,3042.7776639139047,6195227415,28.528606,-81.096354
Coluber constrictor,198.1792151917951,-5472.231055301072,3256.5572934837046,6195334685,30.74063,-87.925915
Coluber constrictor,696.8747824629418,-5483.598616491926,3167.690780434937,6195437313,29.815187,-82.757476
Coluber constrictor,811.6262321922565,-5446.449921095177,3204.2470638040954,6195520852,30.194824,-81.524195
Coluber constrictor,414.1775960017868,-5357.860542827057,3422.2128005523823,6195609259,32.490108,-85.579667
Coluber constrictor,749.3975267493682,-5515.740984633991,3099.1543793441815,6235180217,29.107281,-82.26287
Coluber constrictor,854.9088817489953,-5528.679229024424,3048.374963179238,6252840495,28.585916,-81.209877
Coluber constrictor,782.6226650736661,-5650.06261640087,2837.9653494254967,6320091599,26.452128,-82.113813
Coluber constrictor,-151.9234824786342,-5279.256111763944,3563.1625407146444,6321194611,34.005854,-91.648371
Crotalus atrox,-873.7097650202153,-5585.208838573847,2937.99703977086,6133253592,27.461404,-98.890882
Crotalus atrox,-675.0668299948237,-5418.590603363325,3282.211720450232,6133260360,31.009439,-97.101517
Crotalus atrox,-1907.1197639785662,-5041.086088608409,3397.07203084635,6159135131,32.222455,-110.722395
Crotalus atrox,-891.6185766132329,-5294.31280922022,3430.0176853250105,6170928365,32.573362,-99.559516
Crotalus atrox,-665.0232985945387,-5570.143380700531,3020.0993130097445,6171040399,28.296723,-96.808356
Crotalus atrox,-1339.4527810068037,-5226.548090167834,3388.0399109652685,6171116202,32.12649,-104.37432
Crotalus atrox,-1997.7528128346385,-4907.208526767331,3538.0844115581417,6178540553,33.734227,-112.151521
Crotalus atrox,-1923.612535560715,-5054.512458081317,3367.695317841546,6178590239,31.9107,-110.835489
Crotalus atrox,-1266.6130053436814,-5403.663088624114,3128.237498818302,6178597223,29.407075,-103.191912
Crotalus atrox,-745.1202450975376,-5579.875955959682,2983.2085522346983,6178780569,27.920594,-97.606112
Crotalus atrox,-1958.0750080098605,-4941.765775874308,3512.071526760527,6178873553,33.453381,-111.614948
Crotalus atrox,-1949.006282482214,-5021.890694409317,3401.726252056066,6178900068,32.271945,-111.211337
Crotalus atrox,-769.6207691154859,-5466.842330681615,3179.791177560426,6179107575,29.940689,-98.013424
Crotalus atrox,-994.4978209797437,-5472.188875741582,3107.3905647591296,6179210943,29.192092,-100.30033
Crotalus atrox,-1324.2892682175625,-5150.303071494999,3508.616441777357,6179295389,33.416147,-104.419997
Crotalus atrox,-1935.4705589690348,-5026.919568133247,3402.0268224340293,6179474133,32.275142,-111.057763
Crotalus atrox,-1986.3117503220258,-4895.822235798542,3560.2308065167126,6179486450,33.974055,-112.083165
Crotalus atrox,-1932.2286156170937,-5027.894699714465,3402.4286319114867,6184717432,32.279416,-111.021854
Crotalus atrox,-1919.2712308800633,-5018.44659431887,3423.6449658168276,6184838499,32.505379,-110.929018
Crotalus atrox,-1945.7758790056953,-5024.96717874938,3399.0313636164856,6184844381,32.243286,-111.16748
Crotalus atrox,-1037.5887299303809,-5490.661786221875,3060.358787221149,6185128540,28.708722,-100.701183
Crotalus atrox,-756.4561541150873,-5102.85668915454,3738.767287025179,6185134573,35.933134,-98.432214
Crotalus atrox,-786.5932036259267,-5429.91251074612,3238.3752696884444,6185292247,30.550571,-98.242697
Crotalus atrox,-1540.4163562787821,-5140.533594807751,3433.916851008354,6185299489,32.614983,-106.681412
Crotalus atrox,-1950.6724783091302,-4867.115782825416,3618.813889745711,6185304010,34.611761,-111.840228
Crotalus atrox,-1936.7433019540028,-5030.133312537797,3396.5478607125906,6185495983,32.216883,-111.058114
Crotalus atrox,-771.1128601761228,-5427.119515757,3246.769447964843,6186041133,30.63827,-98.086748
Crotalus atrox,-1966.17182636965,-4936.86807545275,3514.435244024724,6186066008,33.478863,-111.715562
Crotalus atrox,-1966.223450736887,-4917.527674726354,3541.4178007897044,6186093201,33.770282,-111.793498
Crotalus atrox,-1938.5997766606315,-5059.874635598583,3351.0077152455033,6186149579,31.734076,-110.963434
Crotalus atrox,-931.276269159143,-5535.488301936086,3013.444358090457,6188295761,28.228773,-99.549865
Crotalus atrox,-821.1244383342731,-5494.344721306327,3118.9235113899394,6188311010,29.310969,-98.499889
Crotalus atrox,-739.1357230121866,-5667.5239557445075,2814.712014346551,6188320180,26.218788,-97.430349
Crotalus atrox,-1926.9585596076079,-5023.468646696798,3411.94176311476,6188337815,32.380665,-110.986376
Crotalus atrox,-1924.0239537618288,-5020.1226114747715,3418.5163332632856,6188544858,32.450705,-110.969947
Crotalus atrox,-726.4173730295751,-5597.1407728980885,2955.3487270033015,6188595125,27.637408,-97.394722
Crotalus atrox,-689.9773556572653,-5381.787281193747,3339.1690640545385,6188653407,31.608978,-97.305808
Crotalus atrox,-878.0966026498777,-5628.400618680685,2853.034518145035,6195245846,26.603595,-98.867333
Crotalus atrox,-1900.8193067618984,-4951.009105420019,3530.460016876938,6195248499,33.651816,-111.003076
Crotalus atrox,-1933.6918286211833,-5008.402568482805,3430.2321719696974,6195260034,32.575651,-111.111053
Crotalus atrox,-875.3672785699667,-5618.411911742809,2873.4879236344404,6195510861,26.809503,-98.855675
Crotalus atrox,-730.8834947365302,-5457.555672767029,3204.785254185928,6195540842,30.200424,-97.627746
Crotalus atrox,-1069.4749266842337,-5647.4737440578265,2748.0933064669875,6195708469,25.552853,-100.72325
Crotalus atrox,-1924.4875855082585,-5019.530664621156,3419.124532658897,6195804672,32.457187,-110.976819
Crotalus atrox,-1932.9794608233517,-5022.553651830853,3409.8824537208116,6234253591,32.358738,-111.049714
Crotalus atrox,-1164.936160406392,-5257.832383736993,3404.0968694180287,6234368024,32.297163,-102.492758
Crotalus atrox,-1933.373688723374,-5014.6936328679085,3421.2084236280702,6234470138,32.4794,-111.083733
Crotalus atrox,-1074.20214504705,-5628.616823165923,2784.6930781016604,6234649810,25.918247,-100.804774
Crotalus atrox,-739.9653141100688,-5474.920136069955,3172.925143656428,6234669074,29.869457,-97.697195
Crotalus atrox,-1985.0939059583657,-4917.326789417316,3531.1545647681833,6234690097,33.65932,-111.98362
Crotalus atrox,-1284.865840149126,-5408.281313336843,3112.7746687331596,6234746364,29.247572,-103.36422
Crotalus atrox,-766.4219518902703,-5448.953622398575,3211.114283591847,6234752725,30.266303,-98.006408
Crotalus atrox,-851.4306164578361,-5466.373078249511,3159.6810605541555,6234972502,29.732199,-98.853132
Crotalus atrox,-2082.955615711984,-4983.7158775606995,3378.405701570008,6235162400,32.024239,-112.682602
Crotalus atrox,-1045.217112064011,-5630.061137035014,2792.7917773393006,6235682249,25.999253,-100.517187
Crotalus atrox,-1915.8098092728894,-5034.098706276189,3402.539657350024,6236122711,32.280597,-110.835153
Crotalus atrox,-907.9613635731422,-5552.456597450507,2989.2448921699565,6236187236,27.982049,-99.287053
Crotalus atrox,-722.1018560414072,-5441.859158295385,3233.3405234301617,6236455429,30.498008,-97.558647
Crotalus atrox,-757.6852436084565,-5471.966861044426,3173.8375624670903,6236486768,29.87892,-97.88343
Crotalus atrox,-847.2886854198854,-5230.018726777958,3538.1858530592685,6236516354,33.735324,-99.202247
Crotalus atrox,-1118.0856396323024,-5366.239235577964,3247.0161839247257,6251918439,30.640849,-101.769508
Crotalus atrox,-1928.6214977947654,-5033.072610442623,3396.81502969084,6252387236,32.219723,-110.966317
Crotalus atrox,-1979.265284989614,-4880.733293086747,3584.78794115733,6252513158,34.240783,-112.073844
Crotalus atrox,-1141.8434252504908,-5366.251544248317,3238.717506319779,6252586042,30.554145,-102.012375
Crotalus atrox,-1604.336957191896,-5171.941561699293,3356.616829462839,6253263556,31.793406,-107.233897
Crotalus atrox,-793.033919015051,-5175.18287664621,3630.197312300933,6273222775,34.736242,-98.712112
Crotalus atrox,-1268.9238533447547,-5407.5461562293995,3120.5816689102667,6273333792,29.328072,-103.205979
Crotalus atrox,-1268.9220944225242,-5407.545450096843,3120.5836077728677,6273419657,29.328092,-103.205963
Crotalus atrox,-1550.0089268122301,-5146.209324953859,3421.075129288712,6273462956,32.477979,-106.762002
Crotalus atrox,-1993.6251766491125,-4907.610874006653,3539.8541345710687,6273696008,33.753367,-112.108529
Crotalus atrox,-1940.1546471160814,-5017.609516712803,3413.0847942505625,6273911971,32.392838,-111.139947
Crotalus atrox,-694.5645960434227,-5591.375219245181,2973.862187326672,6274336761,27.825509,-97.081049
Crotalus atrox,-847.4062978792325,-5628.787580244892,2861.539109023832,6320156863,26.689167,-98.561506
Crotalus atrox,-1940.108006387734,-5017.669575396248,3413.0230127220793,6320279388,32.39218,-111.139253
Crotalus atrox,-1990.3665604027758,-4920.96754434912,3523.105521038286,6320320399,33.572397,-112.021683
Crotalus atrox,-1934.1199922431283,-5061.047873740873,3351.8244889889233,6320370601,31.742713,-110.914757
Crotalus atrox,-1940.1414579026132,-5017.609251665094,3413.0926812217986,6320417578,32.392922,-111.139817
Crotalus atrox,-2019.1582925708444,-4921.704711747484,3505.6491053130867,6320425980,33.384182,-112.306179
Crotalus atrox,-673.2431802734196,-5419.039547171056,3281.845081061699,6320533687,31.005592,-97.081947
Crotalus atrox,-1110.654875670273,-5366.749927582351,3248.721916634619,6320596940,30.65868,-101.692367
Crotalus atrox,-1960.3803817288197,-4932.91969767772,3523.2038182417646,6320659435,33.573458,-111.673255
Crotalus atrox,-815.3488878441707,-5604.28056557416,2918.389738039881,6320659748,27.262858,-98.277703
Crotalus atrox,-1925.3283719762244,-5061.795073900657,3355.7554171267993,6321046040,31.784292,-110.82505
Crotalus atrox,-847.9347544031177,-5613.650423567961,2890.9667420999526,6321053431,26.985762,-98.589522
Crotalus atrox,-1140.0654148523804,-5279.612665029089,3378.7118975727044,6321149019,32.027487,-102.185202
Crotalus atrox,-1131.3076830622547,-5368.631014895864,3238.4714113019363,6333848672,30.551575,-101.899588
Crotalus atrox,-1261.315546213934,-5362.376344761518,3200.586846142215,6333929856,30.156747,-103.236267
Crotalus atrox,-1561.6020095306517,-5075.207781770376,3520.4287047694474,6334010350,33.543509,-107.102725
Crotalus atrox,-795.4891406399955,-5608.969985885964,2914.8594913360207,6334750473,27.227148,-98.072109
Crotalus atrox,-698.3533145524858,-5413.771322751517,3285.2908307613015,6334787852,31.041753,-97.35032
Crotalus atrox,-1384.3118961146183,-5228.888914269352,3366.3265477645004,6334828419,31.8962,-104.828469
Crotalus atrox,-700.5206276617463,-5551.3012866913705,3046.650292415682,6352533323,28.568254,-97.192159
Crotalus atrox,-1329.8666026885114,-5206.834914398055,3421.999141282265,6352537391,32.48783,-104.327492
Crotalus atrox,-1903.2213096335404,-5042.897974191068,3396.569121648175,6352833438,32.217109,-110.676821
Crotalus atrox,-715.4603755743263,-5472.206122795769,3183.210600996576,6352975827,29.976183,-97.448851
Crotalus atrox,-969.3597939658306,-5200.814205475456,3549.8769442960497,6352976954,33.861847,-100.557992
Crotalus atrox,-913.6375400761812,-5202.469162703069,3562.2091721521083,6352986658,33.995512,-99.960495
Crotalus atrox,-1931.792758498458,-5057.829986198291,3358.0181206485095,6353020833,31.808234,-110.903908
Crotalus atrox,-894.0200458418151,-5198.73670427698,3572.6206021509975,6398651239,34.108522,-99.75764
Crotalus atrox,-1545.8421844355632,-5154.749626691316,3410.085241841127,6400632588,32.360897,-106.693302
Dasypus novemcinctus,-308.918768373192,-5496.161453080953,3207.2623225878,45860406,30.2262026,-93.2169976
Dasypus novemcinctus,-240.66703724711692,-5499.012310326566,3208.2232026056136,45860448,30.2362042,-92.5059794
Dasypus novemcinctus,-301.0437763286114,-5428.760309241946,3320.7961815219164,45860474,31.4151653,-93.1740009
Dasypus novemcinctus,-287.84827794352935,-5434.403207300304,3312.72671360717,45860475,31.3301683,-93.0319969
Dasypus novemcinctus,-107.77187420232345,-5493.225799518172,3225.3075308125744,45862099,30.4142019,-91.1239446
Dasypus novemcinctus,-32.775679406268964,-5524.448692075416,3173.191694988362,45862455,29.8722214,-90.3399228
Dasypus novemcinctus,-2.5674695466732413,-5464.95671021324,3274.75108875054,45863058,30.9311881,-90.0269179
Dasypus novemcinctus,-232.00187807693794,-5458.027689253622,3278.0881625708253,45863059,30.9661811,-92.4339802
Dasypus novemcinctus,-620.2153462497149,-5003.59098061765,3894.7610135456953,48042310,37.685417,-97.066002
Dasypus novemcinctus,-688.8445489636241,-5199.270543359038,3617.0197862327973,48042330,34.592159,-97.547089
Dasypus novemcinctus,-832.5621966003384,-4957.7269362856505,3913.7625047640718,48042368,37.901665,-99.53286
Dasypus novemcinctus,-931.7846784960059,-5410.408013081342,3232.493708359344,48043042,30.48917,-99.771667
Dasypus novemcinctus,-851.8593762263137,-4892.136657610067,3991.3766617647793,48043380,38.791672,-99.877777
Dasypus novemcinctus,-626.3060595156128,-5301.539643038842,3477.236152863225,48043571,33.078701,-96.737503
Dasypus novemcinctus,-454.24418954237547,-5184.129317603499,3675.3528489531864,202062718,35.231895,-95.007586
Dasypus novemcinctus,-674.89724849444,-5163.450472596781,3670.564813580078,202063046,35.179196,-97.446723
Dasypus novemcinctus,-758.8562221124538,-5187.774456216539,3619.5146850463034,202063593,34.619419,-98.322079
Dasypus novemcinctus,-665.7903851341649,-5172.435872955946,3659.5605518830794,202063798,35.058208,-97.33472
Dasypus novemcinctus,-921.7646781827855,-5439.098287485374,3186.8970530604993,675757459,30.014463,-99.618536
Dasypus novemcinctus,-411.9184768309381,-5463.044614213102,3251.956309860256,675854160,30.6925,-94.311994
Dasypus novemcinctus,-395.7240258079085,-5483.695948633646,3219.0424613562877,675854164,30.34889,-94.127523
Dasypus novemcinctus,-901.4019449504622,-5307.434877185608,3407.104736833131,675857658,32.32917,-99.639001
Dasypus novemcinctus,-402.0084867782227,-5463.7713590185995,3251.975529213552,675863284,30.692701,-94.208075
Dasypus novemcinctus,-771.6464252597594,-5645.7752377758225,2849.48010847218,675883527,26.56785,-97.78278
Dasypus novemcinctus,-718.7651700135804,-4965.709407379841,3926.1762366852745,686343978,38.0432841,-98.2361174
Dasypus novemcinctus,-499.45904194769076,-4919.126650476654,4017.7713712535306,686470856,39.0968741,-95.7976064
Dasypus novemcinctus,-623.3972271875834,-4967.8510882427045,3939.744229243576,686471040,38.1983853,-97.1524487
Dasypus novemcinctus,-345.6623206728951,-5166.646777428877,3711.6077065105187,686471720,35.6320499,-93.8275352
Dasypus novemcinctus,-674.3042660913598,-5165.44129522032,3667.8717414927482,894738071,35.14957,-97.437418
Dasypus novemcinctus,-630.0214716171002,-5504.003588115709,3146.231170303329,919418514,29.593,-96.53
Dasypus novemcinctus,-408.6022583709033,-5382.716433938721,3383.6609043959543,919422919,32.08,-94.341
Dasypus novemcinctus,-628.8121766317738,-5505.345551790777,3144.1244777480674,919427312,29.5712143,-96.5159989
Dasypus novemcinctus,-947.762521211622,-5407.584450771367,3232.5732382793362,919432313,30.49,-99.941
Dasypus novemcinctus,-1027.6969003085392,-5478.661999133411,3085.102090697348,919448319,28.9627405,-100.624179
Dasypus novemcinctus,-563.2786284063615,-5416.851968335534,3306.0830403360314,1039520091,31.260247,-95.936642
Dasypus novemcinctus,-563.6800365688997,-5417.074562983498,3305.649879392593,1039524165,31.25569,-95.9406
Dasypus novemcinctus,-682.6017773105314,-5098.687350396282,3758.6161344567868,1039526574,36.1539,-97.6253
Dasypus novemcinctus,-562.8588189575341,-5417.1361706045745,3305.688852376578,1039527161,31.2561,-95.93194
Dasypus novemcinctus,-605.4148154623136,-5554.877787717617,3060.4834249539067,1065351546,28.71,-96.22
Dasypus novemcinctus,-728.7906230788954,-5327.216014550823,3417.51179832681,1065417726,32.44,-97.79
Dasypus novemcinctus,-394.4511872984871,-5462.768064801663,3254.585451436073,1092708837,30.72,-94.13
Dasypus novemcinctus,882.0327942938413,-5500.395180642336,3091.5083917457187,1122684560,29.02861,-80.88972
Dasypus novemcinctus,833.9445441383289,-5584.313492357254,2951.2255837289154,1122686279,27.59556,-81.50639
Dasypus novemcinctus,-675.43384155583,-5387.14178727058,3333.503505203154,1122688942,31.54917,-97.14639
Dasypus novemcinctus,797.9125995358736,-5493.169095686356,3127.0084584752362,1122689263,29.394388,-81.73528
Dasypus novemcinctus,-469.0712475382832,-5488.362281371577,3201.188023660605,1323885932,30.163,-94.885
Dasypus novemcinctus,-431.10043270407994,-5254.806731068501,3576.4384191143245,1323888732,34.15,-94.69
Dasypus novemcinctus,-905.3159927447923,-5428.065305386885,3210.336917429872,1323891492,30.258209,-99.468879
Dasypus novemcinctus,-933.3394643900014,-5573.233790547751,2942.396249621447,1702696674,27.506,-99.507
Dasypus novemcinctus,734.7924722868864,-5487.721987394909,3151.9423442395705,1852464439,29.652084,-82.373597
Dasypus novemcinctus,-996.3116942027128,-5576.036238083364,2916.322343166729,1894480575,27.241944,-100.130556
Dasypus novemcinctus,647.6102184054439,-5426.342234191084,3274.9296316300297,1932253477,30.93306,-83.19419
Dasypus novemcinctus,-774.0260490266976,-5445.403458262382,3215.3099355815834,1987245993,30.31,-98.09
Dasypus novemcinctus,941.5781453740294,-5566.9442759046005,2951.663116753748,2628735849,27.6,-80.4
Dasypus novemcinctus,-917.5269673797113,-5367.232670099353,3307.6745394350082,2804480335,31.276992,-99.700924
Dasypus novemcinctus,-718.2340983325257,-5312.525210575754,3442.523608730512,2804481047,32.706923,-97.699497
Dasypus novemcinctus,-1324.4760351165505,-5375.812674380785,3152.166628217216,2804482458,29.654405,-103.8407
Dasypus novemcinctus,-984.7880591944664,-5344.827514761393,3324.5698136142337,2804483034,31.45494,-100.4397
Dasypus novemcinctus,-612.9159296394826,-5433.249220778843,3270.151387593194,2804483354,30.882976,-96.436233
Dasypus novemcinctus,-840.4771784113565,-5357.453819697969,3343.80618637665,2804485109,31.657958,-98.91589
Dasypus novemcinctus,-987.1340878956507,-5345.303099824346,3323.1091154519895,2804486467,31.439542,-100.463111
Dasypus novemcinctus,-989.8192309499735,-5355.169743698624,3306.3829233610936,2804487059,31.263402,-100.47204
Dasypus novemcinctus,-989.3830666524395,-5338.637892043695,3333.139621248126,2804488933,31.54533,-100.499222
Dasypus novemcinctus,-993.4328680142327,-5358.953994924995,3299.1599456079557,2804491192,31.18744,-100.502165
Dasypus novemcinctus,-999.8766297572432,-5374.669560337441,3271.532816910886,2804496159,30.897453,-100.538546
Dasypus novemcinctus,-932.9318025636788,-5411.2148653716795,3230.8118271145536,2804496685,30.471619,-99.782034
Dasypus novemcinctus,-903.0410437457627,-5329.651589779742,3371.8072208455615,2804497850,31.954273,-99.6167
Dasypus novemcinctus,-802.074905951604,-5390.457545723809,3299.908547622102,2804500272,31.19531,-98.46325
Dasypus novemcinctus,757.9697881854433,-5576.412637836448,2986.4455498892835,2839495124,27.953545,-82.25955
Dasypus novemcinctus,-591.9394292594761,-5453.662740916237,3239.8956079027294,3356337542,30.566449,-96.194622
Dasypus novemcinctus,-1614.109951684429,-5542.062699942302,2696.283223895252,3901041529,25.0375,-106.23805
Dasypus novemcinctus,855.3049181679336,-5297.116249049458,3434.933197413214,4077335465,32.625835,-80.827835
Dasypus novemcinctus,-223.59700073365553,-5209.042187724246,3661.3709177641845,4913686547,35.0781,-92.4579
Dasypus novemcinctus,759.6874237606635,-5613.49861238415,2915.69228085176,4989663139,27.235571,-82.292857
Dasypus novemcinctus,-651.5713697195268,-5558.970426103506,3043.5268491580377,4989702838,28.536275,-96.685181
Dasypus novemcinctus,839.6528855537944,-5511.912855051014,3082.7832943270605,4989704998,28.938909,-81.338482
Dasypus novemcinctus,-802.5991859090886,-5566.042449592367,2994.1207600548273,4989752471,28.031715,-98.205246
Dasypus novemcinctus,-627.24118369236,-5461.707606704313,3219.638434052167,4989834398,30.355101,-96.551342
Dasypus novemcinctus,836.8537435206856,-5332.64882509219,3384.1225524315355,4989871009,32.0849,-81.0813
Dasypus novemcinctus,-593.9187022690747,-5453.276441333702,3240.183599607789,4989903860,30.569457,-96.21561
Dasypus novemcinctus,900.5290905596127,-5516.378058184873,3057.511014846846,4989937350,28.679526,-80.728451
Dasypus novemcinctus,-634.2975830653575,-5319.379332193047,3448.423295657354,5004079746,32.77,-96.8
Dasypus novemcinctus,618.3571630287211,-5495.396751079459,3163.5426497573626,5013037893,29.7722,-83.579926
Dasypus novemcinctus,839.4012189729293,-5469.253752072774,3157.914203822212,5022484008,29.713902,-81.274536
Dasypus novemcinctus,895.3067499362111,-5519.953788174174,3052.587284520735,5061343673,28.629066,-80.787162
Dasypus novemcinctus,-1495.0633189797247,-4994.868756104702,3661.396579340708,5099404990,35.078382,-106.663485
Dasypus novemcinctus,-772.3840614586328,-5387.167238077499,3312.3413381272408,5099525838,31.326111,-98.159167
Dasypus novemcinctus,89.20694578283278,-5202.488980290492,3676.398191227052,5100963982,35.243405,-89.017647
Dasypus novemcinctus,-933.2165257200409,-5411.273341319212,3230.631652065655,5103754714,30.469739,-99.784858
Dasypus novemcinctus,-722.6049862798506,-5608.183865717542,2935.280036348556,5147146944,27.43387,-97.342012
Dasypus novemcinctus,-725.6151767073395,-5463.353941932966,3196.0912768841467,5147174112,30.11,-97.56546
Dasypus novemcinctus,990.40232986799,-5057.232835561908,3746.0982904328534,5189248349,36.0146,-78.9195
Dasypus novemcinctus,-804.1701557167103,-5437.969436528873,3220.4893879206993,5195978401,30.36397,-98.411968
Dasypus novemcinctus,-1406.0839567450937,-4855.8878916178055,3877.2456486920046,5196141450,37.486639,-106.149044
Dasypus novemcinctus,776.6768048136595,-5492.456343583571,3133.6000996251064,6414689312,29.46245,-81.951288
Dasypus novemcinctus,855.8656922813718,-5484.989081778024,3126.042517181912,6414689319,29.384418,-81.131209
Dasypus novemcinctus,777.1708033564022,-5495.593465600843,3127.9723676741637,6414690308,29.404338,-81.950773
Dasypus novemcinctus,852.1725838195318,-5602.988657318827,2910.3390048275037,6414690318,27.181438,-81.352017
Dasypus novemcinctus,778.7710961193447,-5494.811638615371,3128.9477090011546,6414691313,29.414407,-81.933284
Dasypus novemcinctus,777.5912674311347,-5497.542432887942,3124.44109387404,6414693311,29.367891,-81.949293
Diadophis punctatus,566.0877666625605,-5236.677993392017,3584.2016354602865,6129877626,34.234405,-83.830253
Diadophis punctatus,-2703.928222806446,-4257.159503738418,3892.9575203587665,6130039534,37.664925,-122.421608
Diadophis punctatus,968.4938579730176,-5618.6911075325415,2842.9004581379068,6130326823,26.501711,-80.220029
Diadophis punctatus,-2441.844517918319,-4753.318042100167,3468.87821501919,6130652672,32.989043,-117.190186
Diadophis punctatus,957.8525948116197,-5661.250724316639,2760.88967050739,6130699188,25.680478,-80.396815
Diadophis punctatus,-2445.5322617189513,-4738.183696904286,3486.938534152797,6131460847,33.182896,-117.299745
Diadophis punctatus,-2692.0006304279505,-4191.735140490454,3971.428237728894,6133135703,38.561873,-122.709238
Diadophis punctatus,-2678.163560298649,-4324.251272805387,3836.4103017804136,6147436290,37.025245,-121.771415
Diadophis punctatus,-2702.5960341717528,-4251.952613779045,3899.5675113958587,6147636590,37.740058,-122.440567
Diadophis punctatus,-2502.1074615814573,-4649.0992225887785,3565.8221771283334,6159186624,34.034712,-118.288777
Diadophis punctatus,849.7915419722076,-5646.646985626711,2825.4177186006864,6162832659,26.326158,-81.441505
Diadophis punctatus,-2449.6600489104203,-4739.781835667974,3481.8654374805415,6163214515,33.1284,-117.331264
Diadophis punctatus,810.9433287324705,-5523.259684114981,3070.134607650261,6163276723,28.809008,-81.647322
Diadophis punctatus,-2714.785553533223,-4183.03672886903,3965.0846463773546,6170899495,38.488951,-122.98352
Diadophis punctatus,-2704.5613471915663,-4312.937507655468,3830.6228088932767,6170932411,36.96008,-122.091045
Diadophis punctatus,-2667.5451165415484,-4281.1328995728645,3891.7678858184245,6171061063,37.651411,-121.926756
Diadophis punctatus,-2715.6187784688286,-4224.949030775373,3919.818040044096,6171117734,37.970714,-122.731197
Diadophis punctatus,828.1646347173228,-5114.4866124528935,3707.549481601168,6171172302,35.587159,-80.802199
Diadophis punctatus,237.41580288870207,-5324.903866512906,3489.8116967269234,6171187095,33.213775,-87.447105
Diadophis punctatus,-2713.865342332524,-4283.089988660072,3857.43803351443,6171263364,37.262482,-122.359297
Diadophis punctatus,-344.377477958073,-5021.434338379604,3905.9383594336027,6178472493,37.812545,-93.923287
Diadophis punctatus,-2653.8159573059447,-4222.452646439272,3964.581647917439,6178593579,38.483172,-122.149405
Diadophis punctatus,356.4047854997343,-5208.022971208468,3652.290444353411,6178598464,34.978374,-86.085136
Diadophis punctatus,853.5981586118827,-5539.611658504728,3028.8324460508425,6178599704,28.385958,-81.240196
Diadophis punctatus,-2618.7457994708543,-4556.973536192873,3600.8215392975258,6178622133,34.415389,-119.884594
Diadophis punctatus,-2653.7616735107254,-4222.272715193206,3964.8096080919167,6178630222,38.485791,-122.149977
Diadophis punctatus,-494.67355177091457,-5243.382824229072,3584.966912739271,6178640650,34.24273,-95.389472
Diadophis punctatus,-289.38459505745607,-5104.710116483017,3801.045160544242,6178676699,36.627912,-93.244609
Diadophis punctatus,243.5122543183526,-5275.317769206042,3563.913206795758,6178685425,34.013998,-87.357064
Diadophis punctatus,337.23801830157674,-5137.46225953235,3752.6664094441207,6178693783,36.08766,-86.244326
Diadophis punctatus,917.4742980764947,-5542.355158034513,3005.044649294701,6178700476,28.14307,-80.60057
Diadophis punctatus,977.727965611441,-5638.770826683401,2799.6543927926105,6178787748,26.067939,-80.163072
Diadophis punctatus,511.8494667984499,-5261.050625585469,3556.5586692816305,6178861091,33.934242,-84.443162
Diadophis punctatus,-2656.2548527813897,-4473.665268429924,3677.0072549284664,6179026589,35.250112,-120.699875
Diadophis punctatus,-138.80213273193766,-5455.827591168898,3287.0096429835257,6179098034,31.059796,-91.457352
Diadophis punctatus,339.92495666808804,-5140.739965561644,3747.9323312980055,6179158982,36.034994,-86.216896
Diadophis punctatus,389.55445081833085,-5256.183005431642,3579.1815646788086,6179211447,34.179815,-85.761355
Diadophis punctatus,-449.5583200431757,-4933.416013962112,4006.1274168128475,6179321151,38.962073,-95.206707
Diadophis punctatus,-2699.272182569413,-4288.197709507955,3861.99989879015,6179334191,37.314048,-122.188996
Diadophis punctatus,467.3261780308746,-5141.397986936335,3733.280877851477,6179347057,35.872221,-84.806385
Diadophis punctatus,959.0144923434415,-5657.4356490393375,2768.2966261099136,6179349582,25.754414,-80.379021
Diadophis punctatus,235.66918385127641,-5325.216231094853,3489.4534324940114,6179365920,33.209924,-87.46601
Diadophis punctatus,260.04516772934306,-5128.423154357595,3771.1278936502463,6179415780,36.29338,-87.097209
Diadophis punctatus,-2653.5996674497546,-4223.05191653597,3964.088097511186,6179430092,38.477502,-122.143638
Diadophis punctatus,-13.523913013998389,-5090.103166437795,3831.5036197913423,6184718635,36.969994,-90.152229
Diadophis punctatus,-696.3663778131805,-5301.564686070165,3463.847409592769,6184722147,32.93512,-97.483025
Diadophis punctatus,-2666.963600209246,-4292.340800300239,3879.8026675224446,6184819766,37.515625,-121.853958
Diadophis punctatus,-2568.672851576444,-3887.6646365938996,4344.851733330931,6184841083,42.997961,-123.453692
Diadophis punctatus,-94.44339519004883,-5489.7541109381,3231.630142237914,6184847008,30.480158,-90.985595
Diadophis punctatus,839.796435888773,-5321.1846156811935,3401.3952081144203,6184878587,32.268424,-81.031477
Diadophis punctatus,-2653.7383291319693,-4222.078719246857,3965.031815591916,6184891506,38.488344,-122.150936
Diadophis punctatus,-2465.4759203738354,-4707.85579912498,3513.8690058651205,6184903997,33.472758,-117.640782
Diadophis punctatus,-224.72991001560771,-5195.502416750597,3680.489673231066,6184905928,35.288471,-92.476768
Diadophis punctatus,-2703.85143242959,-4313.36161111073,3830.6464432027824,6184969051,36.960346,-122.08174
Diadophis punctatus,982.0430095648857,-5648.753410074438,2777.936206829557,6185020590,25.850705,-80.137628
Diadophis punctatus,242.0843451522678,-5151.8186209049345,3740.30923812548,6185032150,35.950262,-87.309646
Diadophis punctatus,-487.9427588132777,-5197.5345577407625,3652.0267680959923,6185148135,34.97548,-95.363189
Diadophis punctatus,182.8487312689836,-5119.172041042121,3788.191796274762,6185178256,36.48401,-87.954355
Diadophis punctatus,-551.9991537183488,-5069.810054106691,3818.648462381733,6185244054,36.82543,-96.213867
Diadophis punctatus,-2580.6888012325967,-3887.6598088506953,4337.729780832028,6185253346,42.91045,-123.576823
Diadophis punctatus,967.929706215701,-5631.38727930428,2817.861338673811,6185391664,26.250363,-80.247229
Diadophis punctatus,-2680.8083480235055,-4311.069028949861,3849.3770351154517,6185424434,37.171449,-121.875128
Diadophis punctatus,-2470.864144979881,-4701.674411637732,3518.3577466882552,6185472022,33.521166,-117.723208
Diadophis punctatus,-2559.6410599865653,-4615.015778815801,3569.260446505617,6185716811,34.072033,-119.014206
Diadophis punctatus,844.6522584346787,-5525.074938634893,3057.7545052648134,6185857823,28.682022,-81.308137
Diadophis punctatus,959.0893616673657,-5657.415312289142,2768.3122494202617,6185872363,25.75457,-80.37825
Diadophis punctatus,1095.7671953025329,-4943.542639541971,3866.579050582912,6185905697,37.365845,-77.502097
Diadophis punctatus,959.0788657893465,-5657.413318191818,2768.3199609184453,6186011854,25.754647,-80.37835
Diadophis punctatus,1058.002888939077,-4854.3688117701195,3988.1683083826288,6186018533,38.754663,-77.70474
Diadophis punctatus,-2722.531127324562,-4184.023751752981,3958.7274009703156,6186039625,38.415946,-123.051927
Diadophis punctatus,-2688.335362980866,-4307.466107066514,3848.160838932959,6186160471,37.157724,-121.968725
Diadophis punctatus,-2482.956430544553,-3878.7319200875822,4402.285677439458,6187913054,43.708307,-122.625195
Diadophis punctatus,-423.65993271153275,-4941.444863011764,3999.0483939191013,6187959343,38.880245,-94.90033
Diadophis punctatus,-2700.8823397151364,-4292.543892178705,3856.041318556068,6187972904,37.246701,-122.178234
Diadophis punctatus,-366.4533504559283,-5153.323420095366,3728.0990866007933,6188124376,35.814733,-94.067462
Diadophis punctatus,-13.630544216172131,-5090.145145181336,3831.4474730744623,6188166600,36.969362,-90.153428
Diadophis punctatus,-2687.31008836019,-4415.1200318464735,3724.893652584323,6188169987,35.779192,-121.327232
Diadophis punctatus,726.2075799736464,-5490.336227874609,3149.378317280072,6188207732,29.625554,-82.465217
Diadophis punctatus,855.1219101439777,-5598.752469074915,2917.617253598679,6188247497,27.255043,-81.316076
Diadophis punctatus,784.7044548434081,-5292.2668149025985,3459.176781852447,6188263916,32.885087,-81.565987
Diadophis punctatus,939.0792930369872,-5678.85424496614,2731.0250228616824,6188266489,25.382833,-80.610301
Diadophis punctatus,334.66522770744365,-5134.960140648658,3756.3195642797036,6188275223,36.128325,-86.271086
Diadophis punctatus,1023.2016787931162,-5071.035414403278,3718.5227281892685,6188286446,35.7086,-78.592383
Diadophis punctatus,852.2602313682299,-5531.204679784464,3044.5328735351272,6188319436,28.546574,-81.240626
Diadophis punctatus,-2700.727521540475,-4312.264907609227,3834.083378158757,6188342695,36.999038,-122.058494
Diadophis punctatus,-548.3517667278115,-5123.482162930666,3746.8645552962307,6188376065,36.02312,-96.10895
Diadophis punctatus,-2672.7323380329544,-4245.833181446145,3926.7232617337877,6188381735,38.049531,-122.190225
Diadophis punctatus,682.5775080805038,-5185.9827498694385,3637.22751463208,6188424812,34.813213,-82.501847
Diadophis punctatus,584.4483613032749,-5146.609802686047,3709.5256814777867,6188528287,35.609016,-83.521253
Diadophis punctatus,966.4449740673558,-5057.379451372342,3752.152758965732,6188572388,36.081944,-79.181437
Diadophis punctatus,495.8627284472006,-5273.883634777606,3539.7774917414354,6188629230,33.752538,-84.628709
Diadophis punctatus,-2698.565047087214,-4296.1748448688095,3853.6192752571033,6188642728,37.219343,-122.134246
Diadophis punctatus,805.1372432557606,-5381.915661746515,3313.07877344435,6195294908,31.333875,-81.491622
Diadophis punctatus,-94.4938993058001,-5489.759390637025,3231.619696929702,6195329030,30.480049,-90.986121
Diadophis punctatus,316.8944874766892,-5225.2706396225185,3631.2363949739215,6195352373,34.747614,-86.529461
Diadophis punctatus,53.38515546575235,-5268.556530319339,3581.7893910282864,6195640673,34.208169,-89.419454
Diadophis punctatus,974.2648979502251,-5623.102910738226,2832.1854977290527,6195795495,26.394085,-80.170455
Diadophis punctatus,-2657.633868007516,-3939.3186083962246,4243.642804812875,6195919208,41.765731,-124.005297
Diadophis punctatus,812.989984410918,-5646.473054007776,2836.5723091945083,6235284064,26.438136,-81.806752
Diadophis punctatus,764.8046550855064,-5513.877493504218,3098.706497212121,6452245085,29.102671,-82.103151
Dryophytes cinereus,536.8262652950631,-5263.795733975096,3548.8061600420474,6129843697,33.850251,-84.176844
Dryophytes cinereus,-113.30669830263004,-5495.6676647960585,3220.9550819457627,6130108383,30.368824,-91.181126
Dryophytes cinereus,-728.4670529881839,-5443.468511594977,3229.2010537688907,6130143509,30.454813,-97.622267
Dryophytes cinereus,857.1373183863352,-5517.163577974332,3068.5460402249773,6130474369,28.792705,-81.169219
Dryophytes cinereus,792.1769643972866,-5453.550735135081,3197.0288028204186,6131076192,30.119747,-81.735083
Dryophytes cinereus,-666.3871786402058,-5450.811241450852,3230.22260345853,6131472120,30.465471,-96.970089
Dryophytes cinereus,-537.1520700898247,-5491.594036883445,3184.9043497947996,6131501879,29.993769,-95.58653
Dryophytes cinereus,-525.4718688490675,-5505.4868374125945,3162.7910344824186,6147175618,29.764413,-95.452087
Dryophytes cinereus,-517.132849393598,-5491.004134003497,3189.231936707019,6147550430,30.038716,-95.380144
Dryophytes cinereus,-661.8427076302353,-5291.699002605056,3485.6332316901553,6147600650,33.168871,-97.129071
Dryophytes cinereus,-695.8915211719714,-5410.181719806959,3291.7202006101625,6159222834,31.109262,-97.329498
Dryophytes cinereus,-101.15328287890823,-5502.689629911849,3209.3500868401457,6159252701,30.247935,-91.053122
Dryophytes cinereus,-559.0695023339943,-5504.210932363522,3159.249346488392,6162786098,29.727728,-95.799713
Dryophytes cinereus,423.88189630417133,-5353.457123103955,3427.91104008703,6162807279,32.550883,-85.472817
Dryophytes cinereus,-113.23480974348428,-5499.842894443549,3213.8231351427216,6162945098,30.294513,-91.179481
Dryophytes cinereus,660.0804188898696,-5195.012012966072,3628.4841401629155,6162946677,34.717496,-82.758776
Dryophytes cinereus,-518.3580496332684,-5496.091796449272,3180.256754895875,6162947809,29.945521,-95.387853
Dryophytes cinereus,-731.8630355727811,-5447.657221533363,3221.360026994039,6163027916,30.373045,-97.651562
Dryophytes cinereus,-86.02135336518388,-5497.545663558693,3218.593657722214,6163090326,30.344213,-90.896447
Dryophytes cinereus,1003.2178767134334,-5076.168751344198,3716.963522742281,6163165890,35.691333,-78.820536
Dryophytes cinereus,-525.4672247900205,-5505.430053318867,3162.8906483409023,6163166983,29.765445,-95.452095
Dryophytes cinereus,772.6988665948721,-5321.3034539486935,3417.0775733416044,6163174246,32.435373,-81.737909
Dryophytes cinereus,-728.3741076302606,-5412.750555850123,3280.4505344777617,6163333769,30.990961,-97.664045
Dryophytes cinereus,-105.74411100672953,-5490.588824560347,3229.86155620916,6170952319,30.461704,-91.103332
Dryophytes cinereus,-680.1834992574177,-5136.511506028896,3707.202865429423,6171122463,35.583326,-97.543294
Dryophytes cinereus,-807.7584467023808,-5477.056201103848,3152.639337350259,6171276737,29.659297,-98.389528
Dryophytes cinereus,296.31495888867687,-5219.611105242867,3641.100175062694,6178413384,34.855644,-86.750832
Dryophytes cinereus,803.0953779378992,-5444.722993017436,3209.3274175315096,6178427448,30.247699,-81.609386
Dryophytes cinereus,-607.5868364070402,-5331.945966065564,3433.7943416662974,6178462050,32.613675,-96.500937
Dryophytes cinereus,813.1307023758384,-5140.582237720902,3674.6409141247486,6178489367,35.224057,-81.011499
Dryophytes cinereus,-593.298780138991,-5453.816411896532,3239.3882497303493,6178539359,30.56115,-96.208563
Dryophytes cinereus,-539.945770873874,-5489.642020053375,3187.795819348715,6178555758,30.023798,-95.617384
Dryophytes cinereus,-534.0896140544206,-5535.497007629232,3108.5003285128437,6178575569,29.203525,-95.511095
Dryophytes cinereus,235.49299096057177,-5215.524470988716,3651.383391730285,6178709379,34.968419,-87.414719
Dryophytes cinereus,308.00197236701126,-5339.405319264428,3462.0281268797044,6178769234,32.915628,-86.698569
Dryophytes cinereus,823.5385722546067,-5383.414626964772,3306.113171666696,6178792038,31.260564,-81.302492
Dryophytes cinereus,294.64939900063064,-5307.8710311708655,3511.330229101664,6178942234,33.445391,-86.82267
Dryophytes cinereus,-202.38848422577914,-5508.363479805012,3194.796363695291,6178962675,30.096539,-92.104217
Dryophytes cinereus,863.8222530515432,-5518.9595778458915,3063.437517383616,6178999355,28.740295,-81.104294
Dryophytes cinereus,875.0435002659644,-5525.64424376976,3048.1646434557706,6179018114,28.583762,-81.001341
Dryophytes cinereus,632.3469772881667,-5304.760608880223,3471.2253330005356,6179125937,33.014212,-83.202209
Dryophytes cinereus,812.5417216849862,-5454.66151768809,3190.01517357697,6179188210,30.046853,-81.527362
Dryophytes cinereus,260.03235866951275,-5128.450164980951,3771.0920444122116,6179277371,36.29298,-87.097367
Dryophytes cinereus,-663.9421336947125,-5315.30303900509,3449.128524181956,6179316562,32.777543,-97.12002
Dryophytes cinereus,1002.2912235559795,-5072.011490925271,3722.8839451132644,6179370653,35.756917,-78.821678
Dryophytes cinereus,521.9880368825987,-5420.7188424939,3306.522168330417,6179457758,31.264867,-84.499663
Dryophytes cinereus,986.3797216573413,-5059.087026394409,3744.655743022102,6179509719,35.998563,-78.967343
Dryophytes cinereus,-507.929128505159,-5516.681557258588,3146.1064390602514,6184784129,29.59171,-95.260477
Dryophytes cinereus,-521.8283383245804,-5487.269540615435,3194.889873474971,6184784412,30.097511,-95.432377
Dryophytes cinereus,421.63775349816365,-5446.827109652565,3277.811643773379,6184842019,30.963281,-85.573573
Dryophytes cinereus,506.83567886013805,-5282.231141694618,3525.7488410298592,6184913714,33.600933,-84.519188
Dryophytes cinereus,968.2687554964543,-5052.371970967791,3758.423368087452,6184941639,36.151753,-79.151017
Dryophytes cinereus,-601.7232107917291,-5312.121428923276,3465.4073687874084,6185015239,32.951837,-96.462554
Dryophytes cinereus,511.465301397733,-5262.654240482467,3554.2406671855333,6185039088,33.90912,-84.448988
Dryophytes cinereus,343.3948740348613,-5484.837417887061,3223.1027891629547,6185224335,30.391213,-86.4175
Dryophytes cinereus,772.7676247428408,-5479.0492482337995,3157.9427897375513,6185286658,29.714198,-81.97193
Dryophytes cinereus,563.3423710710713,-4981.004001232941,3932.174670883135,6185366663,38.111814,-83.547372
Dryophytes cinereus,-616.8429757583838,-5391.6401649049185,3337.5850858246363,6185372036,31.592253,-96.526678
Dryophytes cinereus,809.0360036694967,-5423.608449184877,3243.4064291072646,6185414205,30.603125,-81.515787
Dryophytes cinereus,992.3605065902325,-5055.755289942377,3747.574175764514,6185435174,36.031011,-78.894972
Dryophytes cinereus,839.9158777376521,-5156.842906972246,3645.7188153794386,6185527780,34.906277,-80.749235
Dryophytes cinereus,935.8905079961614,-5267.64422238164,3459.1597871635618,6185545646,32.884905,-79.925513
Dryophytes cinereus,-536.3384214040802,-5502.365644442697,3166.396460056749,6185641547,29.801772,-95.56727
Dryophytes cinereus,813.2327391339038,-5398.88743792004,3283.3550027901933,6185668868,31.021436,-81.433953
Dryophytes cinereus,900.763448759635,-5516.231542529208,3057.706314913504,6185673508,28.681528,-80.725838
Dryophytes cinereus,829.3648371024441,-5129.587164099391,3686.3589926324653,6185689350,35.353163,-80.81575
Dryophytes cinereus,965.8321414875576,-5224.976215387979,3515.1877549822157,6185742811,33.486977,-79.527142
Dryophytes cinereus,852.3107552264137,-5602.533525466126,2911.1746086813355,6185807322,27.189886,-81.349944
Dryophytes cinereus,-527.8548261534091,-5551.7430310161335,3080.4661546181255,6185899279,28.9151,-95.431305
Dryophytes cinereus,-493.0208263115459,-5361.684359297746,3405.7340509444416,6185902009,32.314583,-95.253722
Dryophytes cinereus,416.41953923951047,-5487.683264778078,3209.623074831622,6185965411,30.250777,-85.660565
Dryophytes cinereus,875.1360099932729,-5525.757083373685,3047.933521131329,6186001602,28.581395,-81.000586
Dryophytes cinereus,991.7342417309129,-5065.275564120901,3734.862752896755,6186019947,35.889779,-78.922149
Dryophytes cinereus,-654.5271497258086,-5287.209174257285,3493.818324927449,6186039612,33.256854,-97.056996
Dryophytes cinereus,515.3349356730677,-5289.740352882419,3513.2364043485113,6186111908,33.465938,-84.435713
Dryophytes cinereus,-663.4258464594694,-5314.572579951849,3450.353252690356,6186127301,32.790644,-97.115508
Dryophytes cinereus,300.79374895425275,-5149.045073823738,3739.867788839464,6187911924,35.945358,-86.65673
Dryophytes cinereus,-501.36011928242795,-5496.13598735244,3182.9043920608055,6188078274,29.973004,-95.212123
Dryophytes cinereus,872.7121771088524,-5534.134896214768,3033.393732455668,6188257366,28.432595,-81.038471
Dryophytes cinereus,708.5961852663418,-5318.587017978996,3435.1530836468855,6188286987,32.628183,-82.411165
Dryophytes cinereus,425.24066969754756,-5347.3330816282105,3437.2885268241835,6188323386,32.650989,-85.453186
Dryophytes cinereus,997.4353818995272,-5063.654680055003,3735.542406367439,6188375845,35.897324,-78.856578
Dryophytes cinereus,925.9731690717852,-5688.264094477234,2715.8752569508215,6188415398,25.232124,-80.754116
Dryophytes cinereus,1010.0501201968749,-5066.477671039112,3728.318105155435,6188598677,35.817162,-78.725362
Dryophytes cinereus,-389.28219840521416,-5345.305817607819,3444.6942122531336,6195237542,32.730125,-94.165322
Dryophytes cinereus,-593.4070688447301,-5453.933554267294,3239.1711850348174,6195368295,30.558883,-96.209555
Dryophytes cinereus,1007.503545458128,-5216.107710339936,3516.661782102313,6195376462,33.502873,-79.06781
Dryophytes cinereus,-312.9465325331639,-5493.09521565219,3212.121191554255,6195435170,30.276788,-93.260667
Dryophytes cinereus,-626.0204355627238,-5316.931892831004,3453.706239814239,6195477085,32.826521,-96.715141
Dryophytes cinereus,-520.0674635911779,-5481.901571379252,3204.3779622105994,6195636809,30.196186,-95.419425
Dryophytes cinereus,-481.76042623209423,-5518.72531491205,3146.638034465197,6195863389,29.597208,-94.989022
Dryophytes cinereus,-533.8025491868336,-5515.088384175943,3144.6157289701796,6195936223,29.576294,-95.528408
Dryophytes cinereus,-533.951419327248,-5488.73371440014,3190.3685091040975,6196042474,30.050524,-95.556327
Dryophytes cinereus,-819.000706268749,-5487.721221385203,3131.119092140574,6235075896,29.436827,-98.488309
Dryophytes cinereus,-559.4341139384018,-5498.971867189633,3168.2952838547662,6235613895,29.821453,-95.808961
Dryophytes cinereus,988.4052834573805,-5106.223518860446,3679.577353548558,6235859392,35.27842,-79.044813
Dryophytes cinereus,1067.6572314863015,-4807.397673156127,4042.1267642004373,6236119989,39.379672,-77.478613
Dryophytes cinereus,588.7265864154031,-5415.915826062326,3303.18178445158,6236549536,31.229729,-83.796133
Dryophytes cinereus,-636.5782181905677,-5256.711079890482,3542.8110201306813,6320355071,33.785356,-96.904794
Dryophytes cinereus,797.1001412147103,-5459.216878125716,3186.116063821315,6352634861,30.006352,-81.692945
Dryophytes versicolor,706.8133626814973,-4754.285915100693,4181.738088102538,6130915167,41.023601,-81.54385
Dryophytes versicolor,1416.0924792905923,-4488.370773660644,4294.061366343408,6178572087,42.37656,-72.489381
Dryophytes versicolor,1107.4770072126673,-4575.674112965405,4292.604596292437,6179384915,42.358828,-76.394027
Dryophytes versicolor,951.9891234455583,-4902.630165757418,3955.715775472776,6184767296,38.381387,-79.0111
Dryophytes versicolor,1440.4588120785377,-4463.764423947362,4311.570329692488,6185239606,42.590075,-72.115086
Dryophytes versicolor,1293.4787260511764,-4652.791937454644,4155.501546346424,6185578311,40.711589,-74.46404
Dryophytes versicolor,-542.0720123202955,-5324.525737127476,3456.202647097471,6186047993,32.853242,-95.813062
Dryophytes versicolor,1120.2599015211608,-4580.148784578839,4284.50790568091,6187918894,42.260365,-76.255847
Dryophytes versicolor,716.6886009144511,-4741.664333577531,4194.36883531664,6188161796,41.174337,-81.40497
Dryophytes versicolor,603.2407948158103,-4851.4504536944,4085.251787649793,6188171120,39.883245,-82.912087
Dryophytes versicolor,720.4085559430428,-4755.218244601064,4178.356625327076,6188178178,40.983305,-81.385283
Dryophytes versicolor,-361.30148058473003,-5112.542469415975,3784.3260784745707,6188221957,36.440783,-94.042351
Dryophytes versicolor,992.3257135277688,-4874.489809764059,3980.501463692155,6188441329,38.666302,-78.493233
Dryophytes versicolor,-542.123694948264,-5323.747925469418,3457.392522568582,6188650420,32.865981,-95.814456
Dryophytes versicolor,-369.1245954963148,-5122.296793409336,3770.354853711459,6188678000,36.284755,-94.121742
Dryophytes versicolor,703.7237056693602,-4738.5794489486425,4200.04653328484,6195421311,41.242208,-81.552777
Dryophytes versicolor,569.0149749455395,-4903.500200902291,4027.6123035511187,6195465974,39.211003,-83.380853
Dryophytes versicolor,660.3222290696453,-4831.579380086207,4099.947362759638,6195594923,40.055691,-82.217715
Dryophytes versicolor,-544.9173317946938,-5147.8007682019725,3713.8881892278837,6195926912,35.657287,-96.042508
Dryophytes versicolor,706.5107663855615,-4752.052678963471,4184.32682793957,6195972674,41.054467,-81.543503
Dryophytes versicolor,789.5282719631622,-4565.065594280654,4373.393917469967,6234237385,43.349933,-80.187758
Dryophytes versicolor,979.1892993630271,-4738.288467426676,4144.823741142889,6234302539,40.585024,-78.323923
Dryophytes versicolor,679.900875527083,-4733.352513119427,4209.8529565390945,6234383636,41.3596,-81.82592
Dryophytes versicolor,1325.784666024008,-4527.7903898487075,4281.4906673501855,6234437328,42.223712,-73.679414
Dryophytes versicolor,975.3796830336054,-4542.145482692535,4359.7364619502505,6234594116,43.181261,-77.880367
Dryophytes versicolor,1038.6887648824866,-4806.073854289818,4051.23843861308,6234733569,39.485765,-77.804797
Dryophytes versicolor,362.81788610851913,-4646.665403056177,4343.571910678808,6234787876,42.982226,-85.535327
Dryophytes versicolor,1421.5836065111312,-4492.339680295339,4288.09251022179,6234852670,42.303938,-72.440225
Dryophytes versicolor,787.9954138225851,-4605.153865425879,4331.440203122407,6234908003,42.83327,-80.290063
Dryophytes versicolor,668.703285964397,-4641.035892895502,4313.162979284865,6234925583,42.609533,-81.80097
Dryophytes versicolor,765.3338830661984,-4556.656801290399,4386.444570761404,6235012389,43.51155,-80.46562
Dryophytes versicolor,1305.9253776492264,-4514.001853698938,4302.104055284078,6235077584,42.474547,-73.864555
Dryophytes versicolor,976.7150005206333,-4749.333717833775,4132.748501189327,6235221873,40.442183,-78.37897
Dryophytes versicolor,1322.1954223799073,-4578.345552711925,4228.510895655584,6235237829,41.58354,-73.891638
Dryophytes versicolor,1262.567711054773,-4737.831005093522,4068.001139608229,6235246916,39.681368,-75.078224
Dryophytes versicolor,709.8636598963138,-4750.898838283594,4185.069526594707,6235304960,41.063325,-81.501922
Dryophytes versicolor,1406.4177246142722,-4487.94947247801,4297.679821258513,6235563685,42.420626,-72.600237
Dryophytes versicolor,974.3619272502619,-4741.496132359868,4142.292407739826,6235732402,40.555055,-78.387564
Dryophytes versicolor,1433.5876997653675,-4504.951282379714,4270.830525804584,6235737278,42.094384,-72.347634
Dryophytes versicolor,-269.7515809443998,-4494.919291211968,4506.959926574224,6235755202,45.025142,-93.434347
Dryophytes versicolor,1068.4071682578872,-4825.153398506161,4020.715599663453,6236125176,39.131,-77.514755
Dryophytes versicolor,627.9362170768359,-4825.92486862236,4111.678294732326,6236160812,40.193662,-82.58648
Dryophytes versicolor,672.8369816365923,-4752.844571709893,4188.9750539944025,6236398711,41.109925,-81.942458
Dryophytes versicolor,600.5229047796586,-4843.877216749795,4094.628051430887,6236434852,39.993221,-82.932778
Dryophytes versicolor,1260.7895702102228,-4662.389461637,4154.790884911394,6236511502,40.703158,-74.868156
Dryophytes versicolor,623.569159626353,-4622.2993785949575,4339.961185020091,6236558516,42.937855,-82.316924
Dryophytes versicolor,1559.6043870487895,-4339.676792136138,4395.974593349079,6251556820,43.629842,-70.232445
Dryophytes versicolor,1343.1345351627056,-4533.128836652664,4270.419850604711,6251614174,42.089407,-73.49581
Dryophytes versicolor,1190.3261578626423,-4692.169859846724,4142.030754826837,6251882537,40.551958,-75.765294
Dryophytes versicolor,1113.530115175849,-4346.101557829102,4523.406355978794,6251943445,45.234789,-75.629181
Dryophytes versicolor,1641.397076052221,-4203.115293829275,4497.70948319065,6252001641,44.907561,-68.668402
Dryophytes versicolor,1511.672976886624,-4526.082253424167,4221.276747130776,6252074857,41.496621,-71.531119
Dryophytes versicolor,1012.407087361585,-4533.117911036486,4360.691117675922,6252854852,43.193036,-77.410411
Dryophytes versicolor,587.3230659238992,-4836.28577143986,4105.501757748928,6252905094,40.120983,-83.075853
Dryophytes versicolor,860.4739185873391,-4459.601581520889,4467.806117011432,6252928081,44.529096,-79.079065
Dryophytes versicolor,608.5472196734161,-4841.768560990127,4095.9370860540303,6253071015,40.008589,-82.836232
Dryophytes versicolor,668.1978073840994,-4663.601508978099,4288.832683299934,6253337020,42.312939,-81.846192
Dryophytes versicolor,1522.1961101267975,-4473.474402629881,4273.253900835698,6273340611,42.123761,-71.208021
Dryophytes versicolor,1736.606754439934,-4136.066056901175,4524.03665801472,6273551900,45.242839,-67.223965
Dryophytes versicolor,46.76505096948961,-4652.6182896082855,4352.092509458838,6273567378,43.08706,-89.42412
Dryophytes versicolor,655.2722513523429,-4648.3467100842245,4307.347707015796,6273666847,42.538515,-81.975951
Dryophytes versicolor,999.1563231478686,-4916.2879207452515,3927.028501542279,6273747013,38.053017,-78.512017
Dryophytes versicolor,1077.548019819322,-4364.983910385781,4513.929425316056,6273822340,45.11389,-76.133107
Dryophytes versicolor,-527.9190243745032,-4002.7499769505644,4928.391954319702,6273975430,50.675147,-97.513324
Dryophytes versicolor,1027.4726516442458,-4542.246318282092,4347.648958213319,6274120429,43.032366,-77.253993
Dryophytes versicolor,1438.9654305034303,-4482.029930267404,4293.080400328031,6274130847,42.364619,-72.20066
Dryophytes versicolor,796.7015425155488,-4469.293153537767,4469.948376611438,6274318322,44.556127,-79.892555
Dryophytes versicolor,791.8310542586669,-4558.92402355043,4379.379917143956,6320060717,43.424009,-80.146701
Dryophytes versicolor,1017.7404700880601,-4471.5905025639395,4422.537262997605,6320196413,43.96079,-77.177826
Dryophytes versicolor,591.8870555191211,-4851.443371197018,4086.92060838657,6320218033,39.902806,-83.044161
Dryophytes versicolor,1081.6919102408442,-4364.165987960589,4513.729164507428,6320274759,45.111338,-76.079342
Dryophytes versicolor,852.0304614187288,-4421.941137730421,4506.687674660783,6320409301,45.021678,-79.093768
Dryophytes versicolor,1304.8321891929843,-4556.638921733231,4257.253554190671,6320412076,41.93005,-74.020486
Dryophytes versicolor,353.6783110083753,-4653.076631860675,4337.458085103741,6320566975,42.907114,-85.653331
Dryophytes versicolor,55.410458350176576,-4790.302765735649,4199.962169278224,6320740654,41.241199,-89.337277
Dryophytes versicolor,850.2084599728871,-5019.359952602748,3830.5253387069106,6320776633,36.958983,-80.386159
Dryophytes versicolor,798.7344130388936,-4557.252120362234,4379.866388208524,6320854587,43.430033,-80.05893
Dryophytes versicolor,1355.0529882767598,-4629.908979663459,4161.433331037676,6320926035,40.782003,-73.68663
Dryophytes versicolor,1368.4540714220316,-4557.895579541335,4235.879421098228,6321103611,41.672194,-73.288239
Dryophytes versicolor,687.8772246078222,-4610.022247196659,4343.30207720982,6321115458,42.978909,-81.513315
Dryophytes versicolor,1038.6232063178645,-4704.03335107323,4169.302723114045,6321187406,40.875533,-77.549186
Dryophytes versicolor,1399.0413587613991,-4432.856923000008,4356.858490513939,6321218716,43.145777,-72.483931
Dryophytes versicolor,674.9645279133758,-4741.176472192486,4201.835512637842,6333875751,41.263608,-81.897688
Dryophytes versicolor,1488.5714429055877,-4514.984496851268,4241.3232819765235,6333876931,41.73777,-71.752829
Dryophytes versicolor,1209.5729806226977,-4607.709722309927,4230.330654825405,6333932326,41.605423,-75.291124
Dryophytes versicolor,1048.0926880728784,-4824.0877293008925,4027.3356486508756,6333983564,39.207792,-77.742281
Dryophytes versicolor,1094.7513610135204,-4820.658154643999,4019.02071944159,6334099710,39.111353,-77.205372
Dryophytes versicolor,1543.291974870667,-4427.21150551633,4313.676076781966,6334108019,42.615803,-70.781837
Dryophytes versicolor,1441.35573828252,-4483.154758896456,4291.103607835817,6334191756,42.340563,-72.177153
Dryophytes versicolor,1513.254130707558,-4518.500670232067,4228.825694999299,6334206370,41.587325,-71.484208
Dryophytes versicolor,1076.5183746847158,-4365.470998913938,4513.704052802415,6334232825,45.111018,-76.147333
Dryophytes versicolor,1678.6886386433594,-4218.33255389876,4469.611621705526,6334241636,44.551877,-68.29988
Dryophytes versicolor,784.212465700869,-4751.86831859517,4170.672777987781,6334243362,40.89183,-80.628805
Dryophytes versicolor,1240.0765616808194,-4286.552992169622,4547.243857125871,6334321928,45.540033,-73.86513
Dryophytes versicolor,1329.7714615429084,-4602.3568054900115,4199.972955234741,6334357036,41.241328,-73.884264
Dryophytes versicolor,-211.42595871374928,-4955.028096401287,3999.0934919720553,6334370691,38.880766,-92.44327
Dryophytes versicolor,934.7086257108223,-4605.697214913331,4301.584136017661,6352342378,42.468208,-78.527849
Dryophytes versicolor,594.1553767247796,-4844.765849120535,4094.5056337953483,6353188323,39.991784,-83.008238
Dryophytes versicolor,1210.0999394652079,-4669.875827219497,4161.450591384541,6431215407,40.782208,-75.472542
Dryophytes versicolor,1323.2550369270125,-4530.947135430653,4278.932961949449,6452311440,42.192658,-73.71965
Glaucomys sabrinus,-21.06969006993877,-4274.571426015437,4724.124079840636,2005288348,47.859632,-90.282413
Glaucomys sabrinus,736.3415362505002,-4502.255089745834,4447.162396239587,2013726693,44.269253,-80.711539
Glaucomys sabrinus,1351.464089106534,-4390.697951335728,4414.18955706131,2242881289,43.856587,-72.891548
Glaucomys sabrinus,1318.2156811440216,-3998.9341328378873,4781.274552761798,2543028061,48.631428,-71.755622
Glaucomys sabrinus,939.1276715959162,-4389.893307329216,4520.689006820356,2813915216,45.200097,-77.924758
Glaucomys sabrinus,-1780.0492782610693,-4498.010683653557,4145.97124765454,2818816329,40.598614,-111.590759
Glaucomys sabrinus,688.867860867447,-4477.437923017088,4479.705776663213,2826174209,44.679405,-81.253447
Glaucomys sabrinus,-2304.5431612858624,-3595.9442462878,4727.369133570771,2864588210,47.903146,-122.654709
Glaucomys sabrinus,-2407.755252965492,-3024.307630741134,5064.191063352118,2992692428,52.643976,-128.524502
Glaucomys sabrinus,1266.482151243856,-4011.9187310255998,4784.379185004478,2992870595,48.673692,-72.48014
Glaucomys sabrinus,1365.9402715210108,-4003.259898870958,4764.228215189342,3014031695,48.4,-71.16
Glaucomys sabrinus,662.3757410992712,-4449.5058462619645,4511.4198686623295,3018077702,45.081918,-81.532844
Glaucomys sabrinus,-2244.4764224255205,-3495.723332210744,4830.320600487175,3031631279,49.303311,-122.70304
Glaucomys sabrinus,1882.3028461150473,-4117.736343500891,4482.291437490041,3039262620,44.712117,-65.433875
Glaucomys sabrinus,-1672.1173062999796,-4355.5246269752215,4338.569126735439,3124508649,42.920757,-111.002156
Glaucomys sabrinus,-1532.86225657415,-3441.11790760276,5137.975669271259,3124566087,53.751673,-114.010808
Glaucomys sabrinus,1219.7146760519663,-4255.265064463745,4582.004852666052,3301785173,45.988151,-74.00576
Glaucomys sabrinus,781.3170634152644,-4390.538194164386,4549.996828754644,3327792583,45.575392,-79.909574
Glaucomys sabrinus,522.0828782101523,-4479.919063630644,4499.723078287816,3399175509,44.933135,-83.352822
Glaucomys sabrinus,-1512.319309906943,-3468.028907114456,5125.955416698289,3399371681,53.569246,-113.560793
Glaucomys sabrinus,37.427342867445965,-4405.011429667265,4602.632575840056,3404202435,46.255793,-89.513196
Glaucomys sabrinus,-2280.7340069709576,-3500.689676093143,4809.696176560275,3415500953,49.019672,-123.084642
Glaucomys sabrinus,-662.1541523355452,-4026.9466848845714,4892.341505385677,3456049522,50.166299,-99.337635
Glaucomys sabrinus,-249.03882302041674,-4464.797669516968,4537.985738693093,3456643903,45.421285,-93.192553
Glaucomys sabrinus,1063.4695386698745,-4362.3424031657005,4519.817963982756,3457024420,45.188981,-76.299441
Glaucomys sabrinus,-30.2534621688772,-4260.016313519991,4737.203696934277,3457096300,48.035245,-90.406892
Glaucomys sabrinus,-2295.3526014236622,-3447.9533097518074,4840.736259969822,3712484384,49.447175,-123.652283
Glaucomys sabrinus,339.6519781608274,-4514.83531318659,4482.259670993217,3760064500,44.711715,-85.697731
Glaucomys sabrinus,303.8470210543143,-4158.051243989442,4817.472363162212,3773133055,49.126424,-85.820575
Glaucomys sabrinus,882.0383055930254,-4372.443754620391,4549.010570423547,3858333376,45.562722,-78.594976
Glaucomys sabrinus,1554.5096220508883,-3924.3211407664244,4772.101900500696,3923716398,48.506765,-68.390396
Glaucomys sabrinus,-2082.8574151938533,-3635.8304386086643,4799.186924817176,3947616262,48.875763,-119.807092
Glaucomys sabrinus,531.2014808818604,-4277.678243303406,4691.380070209089,3947766948,47.422579,-82.921256
Glaucomys sabrinus,846.0628118839309,-4418.14577797895,4511.531750143323,4011622900,45.083343,-79.159258
Glaucomys sabrinus,-1377.2338135750442,-3406.3871194277185,5204.758106292733,4011775339,54.780047,-112.013939
Glaucomys sabrinus,814.3903977875502,-4332.728663769116,4599.346011752363,4021962529,46.213063,-79.354749
Glaucomys sabrinus,-1618.3344578388,-4343.064946629575,4371.330870753948,4046231558,43.324424,-110.43665
Glaucomys sabrinus,-168.56368661635693,-4307.118153620441,4691.489382273499,4046506400,47.424032,-92.241188
Glaucomys sabrinus,806.7527966547225,-4153.8195652759505,4762.844326019687,4133600872,48.381258,-79.008878
Glaucomys sabrinus,945.6561859472404,-4400.306119175148,4509.189901213621,4137998579,45.053523,-77.871218
Glaucomys sabrinus,-1298.0481765376494,-3337.478716394643,5269.3509921694795,4145728464,55.800214,-111.25259
Glaucomys sabrinus,-1410.5087531197387,-3409.7683102761366,5193.620919675083,4416646543,54.606747,-112.473267
Glaucomys sabrinus,-1455.954546089215,-3510.322847123723,5113.470738975709,4431224692,53.3806,-112.5269
Glaucomys sabrinus,-1999.9841497449822,-3585.3288856396175,4871.881906639821,4436257395,49.879912,-119.153847
Glaucomys sabrinus,775.5302927788177,-4454.58694268368,4488.313833137329,4597398166,44.78838,-80.123962
Glaucomys sabrinus,427.5727201278514,-4349.983193236051,4635.1462670819565,4606858488,46.680329,-84.386261
Glaucomys sabrinus,861.4871180777684,-4458.931090379888,4468.280050120753,4852845782,44.535075,-79.064911
Glaucomys sabrinus,-1502.159978389183,-3563.3377193350266,5063.189985272871,4853027771,52.629141,-112.858333
Glaucomys sabrinus,-1890.9362031344278,-3669.6918976724633,4852.574036685073,4855121982,49.611196,-117.26136
Glaucomys sabrinus,922.5889808157284,-4443.9696607109145,4470.986060908236,4867606578,44.569225,-78.271728
Glaucomys sabrinus,802.2819219533121,-4555.782415071605,4380.746903657944,4867818311,43.440938,-80.012508
Glaucomys sabrinus,1797.0000199753217,-3959.537080980671,4656.458972462358,4868044615,46.96043,-65.589508
Glaucomys sabrinus,-1809.097963061578,-3767.0836635735845,4808.949818968888,4902013172,49.009438,-115.652103
Glaucomys sabrinus,-2035.417482339592,-3670.887550900009,4792.850236645322,4946313601,48.789191,-119.007298
Glaucomys sabrinus,-463.6503231664517,-4024.388220158213,4917.22289112024,4954434293,50.516911,-96.572079
Glaucomys sabrinus,-1799.9608797114947,-3721.10261584139,4848.019109240806,5006979633,49.548019,-115.813847
Glaucomys sabrinus,685.888819360325,-5121.597822018067,3726.7338792371156,5007821355,35.799594,-82.372284
Glaucomys sabrinus,-1522.415252476885,-3484.1800143742016,5111.995163939278,5087270704,53.358359,-113.602961
Glaucomys sabrinus,-657.1986025876247,-4070.8424265976487,4856.550737328591,5099708700,49.66642,-99.17073
Glaucomys sabrinus,-285.62254897473804,-4281.742750152102,4709.018147205903,5099729921,47.65755,-93.81638
Glaucomys sabrinus,682.1498653910667,-4342.473924557264,4611.653164036148,5134055572,46.373245,-81.072486
Glaucomys sabrinus,48.55844301640225,-4233.167923629246,4761.059182329675,5140061495,48.357092,-89.342792
Glaucomys sabrinus,1893.6636028556015,-4108.217016564232,4486.2394311616345,5140888924,44.7621,-65.25288
Glaucomys sabrinus,48.56210713580532,-4233.158823511817,4761.067236067142,5141054823,48.357201,-89.342741
Glaucomys sabrinus,-89.74333499558371,-4312.839764289228,4688.401905880825,5153813559,47.383008,-91.192062
Glaucomys sabrinus,-1786.3937143683715,-4485.800551294309,4156.45811249798,5167167614,40.722939,-111.714078
Glaucomys sabrinus,-1806.5706657306894,-3760.8834582828526,4814.749336425855,5167804692,49.089016,-115.657677
Glaucomys sabrinus,-652.6002198521116,-4106.939834801181,4826.687401940347,5188412981,49.253227,-99.028916
Glaucomys sabrinus,-2397.827282710222,-3240.68069125231,4933.372691102142,5188417456,50.745883,-126.498283
Glaucomys sabrinus,1849.0529289808471,-4049.1885347969533,4557.941268289192,5217020119,45.677555,-65.456296
Glaucomys sabrinus,817.4793736057676,-4155.078381899862,4759.9164114168,5292197757,48.341628,-78.869657
Glaucomys sabrinus,-1511.1659255683319,-3472.9767267899283,5122.944790865325,5830392158,53.523678,-113.514881
Glaucomys sabrinus,1090.4804606436473,-4345.540416983965,4529.556708883407,5839891453,45.313388,-75.912947
Glaucomys sabrinus,1020.0252929209744,-4705.959431239442,4171.7199526103705,5868091718,40.904289,-77.770217
Glaucomys sabrinus,-2299.7973040818174,-3612.581298835702,4716.984402043109,5889769341,47.764022,-122.481147
Glaucomys sabrinus,1568.5404486435518,-4028.882681253444,4679.48056212894,5890142526,47.264647,-68.727846
Glaucomys sabrinus,403.7719520978564,-4251.077045495767,4728.11434862097,5897267168,47.913144,-84.574261
Glaucomys sabrinus,1278.3285792695872,-4198.497736968862,4618.251392655815,5908895141,46.459317,-73.065931
Glaucomys sabrinus,196.74176475975466,-4377.116719559577,4625.13729861381,5932394883,46.549287,-87.426413
Glaucomys sabrinus,-1639.4556325007472,-3664.717608148151,4946.896321055041,5932612346,50.938486,-114.101931
Glaucomys sabrinus,703.253576313921,-4480.416367239579,4474.489547786519,5936121033,44.613469,-81.079542
Glaucomys sabrinus,1836.0380397724398,-4072.0236042982333,4542.834050702715,5938269100,45.48344,-65.729824
Glaucomys sabrinus,1014.0400047795489,-4359.3571067646435,4534.035907895384,6131149205,45.370699,-76.905164
Glaucomys sabrinus,-1514.136742878568,-3447.8528573021313,5139.0129137740105,6131694065,53.767452,-113.708849
Glaucomys sabrinus,1882.3377058861547,-4112.415012677175,4487.159530725878,6147677532,44.773755,-65.405447
Glaucomys sabrinus,-1680.5660529213358,-3652.2323619389845,4942.332409485568,6163186704,50.873398,-114.709411
Glaucomys sabrinus,-89.82300721766273,-4312.517914889384,4688.696427666216,6170949799,47.38692,-91.193209
Glaucomys sabrinus,859.7326929126413,-4392.216090252778,4534.208932431237,6171125759,45.372914,-78.924947
Glaucomys sabrinus,274.0284026370244,-4200.7335730309605,4782.101945027539,6178763936,48.642688,-86.267686
Glaucomys sabrinus,-1739.0977720551027,-3854.0080382790597,4765.701848604338,6179034134,48.419965,-114.286988
Glaucomys sabrinus,-1966.9436413934384,-3596.077668319505,4877.408250769369,6219129335,49.9571,-118.6773
Glaucomys sabrinus,-1524.1476866704156,-3515.293389832519,5090.1315643404005,6235161412,53.030162,-113.440409
Glaucomys sabrinus,-2393.47733941721,-3257.841406425143,4924.173913049335,6235898918,50.615326,-126.304054
Glaucomys sabrinus,592.0519720526589,-5145.6046329673045,3709.7143492796577,6236424732,35.611103,-83.436425
Glaucomys sabrinus,709.7897300656563,-4602.354182926697,4347.906121763429,6252126073,43.03553,-81.232736
Glaucomys sabrinus,38.91371879029466,-4233.240146484703,4761.08356515169,6252738135,48.357422,-89.473328
Glaucomys sabrinus,1418.0727269676715,-4234.148015020882,4544.316610625038,6320744421,45.50246,-71.483614
Glaucomys sabrinus,-1969.681570004922,-3890.591742629187,4644.717810012356,6399176986,46.805942,-116.851628
Glaucomys sabrinus,1853.8499889114482,-4076.945705960133,4531.17060580858,6399958561,45.334031,-65.547976
Glaucomys sabrinus,-1723.7725445845842,-3603.727005756903,4963.014508561527,6479302293,51.169088,-115.563212
Glaucomys volans,758.0380107277828,-5578.800501346063,2981.9652027061306,4535669626,27.90794,-82.262135
Glaucomys volans,1021.1172780645579,-4772.35011046518,4095.332350036862,4852288893,40.001489,-77.922797
Glaucomys volans,827.3824572211032,-5139.842221819052,3672.4941571044606,4852796818,35.200427,-80.855302
Glaucomys volans,1093.3071708731575,-4814.770767934004,4026.464331400811,4853138857,39.19768,-77.206585
Glaucomys volans,1086.0080720765052,-4847.752447558421,3988.688481725972,4872392648,38.760662,-77.372908
Glaucomys volans,1300.43257326719,-4667.852917859339,4136.396667305394,4908098391,40.485306,-74.432519
Glaucomys volans,33.69889349853376,-4465.761975622474,4543.741574004717,4909447307,45.495082,-89.567651
Glaucomys volans,243.3787174589973,-5275.211223614666,3564.080032184366,4923701312,34.015808,-87.358458
Glaucomys volans,-740.5948689941155,-5429.192278773395,3250.4066776027234,5063935600,30.676295,-97.767761
Glaucomys volans,-737.1697526955963,-5426.607162150749,3255.498209657371,5063984505,30.729549,-97.735911
Glaucomys volans,-733.229859539212,-5424.88196357746,3259.261079448761,5064067310,30.768925,-97.69748
Glaucomys volans,-249.40941372121648,-4464.870349245084,4537.89387694961,5077037750,45.420108,-93.197242
Glaucomys volans,1105.6645560501336,-4836.160437559659,3997.350527706405,5081643179,38.860633,-77.122111
Glaucomys volans,490.6874465399321,-4671.494436640819,4304.197798419519,5108427383,42.500081,-84.003717
Glaucomys volans,1058.1734165644841,-4939.130995126144,3882.6546541171942,5134683417,37.547968,-77.907592
Glaucomys volans,1575.9978722883436,-4476.1156141481815,4250.926116153854,5154092482,41.853608,-70.603317
Glaucomys volans,700.9770937311532,-5157.415350350473,3674.1599240793757,5166935664,35.218762,-82.259995
Glaucomys volans,786.3540157782472,-5017.745461407209,3846.2489487907847,5167346714,37.136153,-81.093357
Glaucomys volans,726.5155838907253,-5099.330483840858,3749.500880465655,5167650960,36.05244,-81.891483
Glaucomys volans,452.4351641631597,-5288.628247961495,3523.558826920566,5168467166,33.57729,-85.110327
Glaucomys volans,452.4610373300134,-5288.632885654001,3523.5485437488614,5176579042,33.577179,-85.110053
Glaucomys volans,452.2927866667153,-5288.692087139207,3523.4812859213307,5176632671,33.576453,-85.111917
Glaucomys volans,806.9042555343301,-5484.406115340475,3140.055447614584,5198771353,29.529149,-81.63029
Glaucomys volans,312.70264543182105,-4926.926541452423,4027.078971208417,5216154177,39.204813,-86.368417
Glaucomys volans,705.5451224896398,-4739.454495072569,4198.753422022413,5230314581,41.226744,-81.532771
Glaucomys volans,786.8022332302296,-4701.3218367078725,4227.087456293645,5292038613,41.566428,-80.499161
Glaucomys volans,842.7322395850719,-4992.827978877607,3866.6812999493904,5292125213,37.367002,-80.419429
Glaucomys volans,687.6191747538071,-4732.320213944804,4209.759897295537,5293118089,41.358485,-81.732624
Glaucomys volans,657.8913099971725,-4593.554758776685,4365.339257380542,5760297919,43.2504,-81.849495
Glaucomys volans,1058.022963197626,-5181.207848364254,3553.227514679099,5827455004,33.898142,-78.458653
Glaucomys volans,1544.289701120455,-4467.776554968669,4271.287288811538,5830517149,42.09992,-70.93226
Glaucomys volans,325.4734994802936,-5309.677908051658,3505.8723085077772,5839828173,33.386586,-86.492263
Glaucomys volans,301.45368340979115,-4940.080600498645,4011.792924243854,5839847659,39.02763,-86.508026
Glaucomys volans,1353.7815990838587,-4629.245100779554,4162.585531681947,5839853562,40.795689,-73.69891
Glaucomys volans,1056.549060200609,-4855.065963915047,3987.705066714476,5839859189,38.749321,-77.722832
Glaucomys volans,611.09267462868,-4610.605471145984,4354.151589245753,5844484306,43.112421,-82.449985
Glaucomys volans,1005.165322507228,-4910.502465153952,3932.729503007211,5867814768,38.118156,-78.431533
Glaucomys volans,1312.5395242772129,-4601.602407650122,4206.215449640709,5889268149,41.316031,-74.079979
Glaucomys volans,721.9956937501994,-5490.348295271916,3150.325529923594,5889371853,29.635354,-82.508436
Glaucomys volans,342.3924717180368,-5460.159221447611,3264.8402413332365,5890146057,30.827337,-86.411828
Glaucomys volans,1217.578635897985,-4743.252714290756,4075.390666360174,5890315239,39.767772,-75.603192
Glaucomys volans,-20.949327043662098,-5318.836426408409,3507.0348336571838,5892449437,33.399108,-90.22567
Glaucomys volans,1334.0880965456915,-4629.420274646286,4168.744415411724,5903747384,40.868893,-73.924285
Glaucomys volans,-339.7597236738123,-5262.9073635226,3574.370230240025,5908626366,34.127528,-93.693742
Glaucomys volans,1643.5416953683168,-4108.791326152922,4583.269320408062,5932509732,46.00452,-68.198288
Glaucomys volans,807.0612093433912,-4934.3230550384515,3948.5264748468653,5932575706,38.298955,-80.710915
Glaucomys volans,-737.7144070073072,-5428.624764316821,3252.0091868900727,5936247246,30.693053,-97.738715
Glaucomys volans,1446.9384207628668,-4537.1493366468,4232.0678436389935,5938133691,41.62632,-72.312042
Glaucomys volans,1405.2116879756413,-4574.302526921699,4206.053926645716,5938144687,41.314097,-72.923203
Glaucomys volans,-735.4841988652664,-5432.891147590619,3245.3828589749533,6131006971,30.623778,-97.709616
Glaucomys volans,664.5015947913677,-4875.002259588831,4047.535513025297,6131201895,39.44263,-82.237966
Glaucomys volans,-85.83030507835176,-5299.283105173955,3535.5317647597903,6131518779,33.706627,-90.927915
Glaucomys volans,-727.8127405574223,-5447.9666221110665,3221.754402297523,6131630841,30.377156,-97.609287
Glaucomys volans,831.7900268862644,-4765.1464642889005,4146.2341533884655,6147348725,40.601728,-80.09838
Glaucomys volans,-273.2557808875172,-5353.374117385636,3443.322518614042,6159172520,32.715462,-92.92205
Glaucomys volans,492.7498535102787,-5217.879234070458,3622.2488884944573,6159209037,34.649304,-84.605278
Glaucomys volans,-631.8016095092751,-5316.1280733293015,3453.8908731833158,6159708708,32.828497,-96.777595
Glaucomys volans,1416.3184179234247,-4603.238360246466,4170.610490981356,6163053063,40.891089,-72.897983
Glaucomys volans,705.6880825672969,-5580.932451487863,2990.810998998365,6163201209,27.997999,-82.793408
Glaucomys volans,192.91688276796648,-4735.6924527186375,4257.435049332433,6163225328,41.932244,-87.667244
Glaucomys volans,1004.684985482685,-4979.964713288636,3844.5172211895638,6171159637,37.11662,-78.593942
Glaucomys volans,1443.826422429435,-4533.469714077393,4237.07100992125,6178763068,41.686542,-72.334283
Glaucomys volans,297.43878619041243,-5461.681288034669,3266.6987626775385,6178900347,30.846803,-86.882797
Glaucomys volans,-105.59497010299816,-5491.851474122175,3227.7190426287843,6179165797,30.439353,-91.101523
Glaucomys volans,816.9116012941563,-5388.0611453019865,3300.182670676807,6179177721,31.198192,-81.378752
Glaucomys volans,808.2094279829734,-4934.821359066007,3947.6687809773002,6184732973,38.289127,-80.698853
Glaucomys volans,644.562273632672,-4601.714191274086,4358.729070143451,6185131808,43.168838,-82.026454
Glaucomys volans,1544.146016197475,-4467.853586626584,4271.258659787168,6185226937,42.099573,-70.934211
Glaucomys volans,1544.0860935843364,-4467.87721451276,4271.255607115384,6185425840,42.099536,-70.934991
Glaucomys volans,1030.3569737023631,-5046.836441292274,3749.341218302848,6187933362,36.050664,-78.461125
Glaucomys volans,1406.1531655453787,-4571.478061529417,4208.809182852008,6195572066,41.347095,-72.902486
Glaucomys volans,969.7647586932648,-5058.082946407267,3750.3474971978285,6195719240,36.061858,-79.14663
Glaucomys volans,176.8481847464379,-4730.068337440687,4264.37936543765,6234354667,42.016247,-87.858818
Glaucomys volans,563.7566155919333,-5196.514432024034,3642.5498439718963,6235149996,34.871533,-83.808342
Glaucomys volans,-732.1650318927857,-5432.188414583926,3247.3091205197957,6235351665,30.643911,-97.67622
Glaucomys volans,1544.158760930664,-4467.871266611352,4271.235558442918,6235593457,42.099293,-70.934135
Glaucomys volans,771.8969256570441,-5480.189118158136,3156.177354817023,6251844452,29.695919,-81.982504
Glaucomys volans,184.70191697534867,-5424.960744477194,3335.481862103963,6273349048,31.57005,-88.050022
Glaucomys volans,1278.4915204947974,-4674.447852785562,4135.78890095817,6320957805,40.47812,-74.703338
Glaucomys volans,279.17744259341055,-5138.416785304393,3756.1264656194035,6321114412,36.126175,-86.890097
Glaucomys volans,240.95427992185904,-4767.88932445144,4218.877286014225,6334095872,41.467817,-87.106911
Glaucomys volans,-526.0860881399242,-5479.034439274254,3208.296770996992,6334372429,30.23697,-95.484614
Glaucomys volans,1126.9772846235594,-4805.368260377984,4028.4129892268747,6334411414,39.220297,-76.801262
Glaucomys volans,452.47234878947074,-5288.631424129356,3523.549284878796,6334417365,33.577187,-85.10993
Glaucomys volans,-654.1643148822301,-5433.384930523016,3261.924336274142,6352944692,30.796804,-96.865207
Glaucomys volans,315.9736108525895,-5444.822861354725,3292.9952650119535,6353396988,31.122656,-86.67874
Glaucomys volans,1075.286270438977,-5171.280905273845,3562.4944021054957,6399488712,33.998606,-78.253629
Glaucomys volans,988.1017207280795,-5057.980006572646,3745.6970475844705,6399551261,36.010139,-78.946197
Glaucomys volans,503.83495518418965,-4737.44802117131,4229.951502595747,6413297506,41.600863,-83.929324
Glaucomys volans,1292.085593036005,-4613.974957535691,4198.98833544221,6430805562,41.229553,-74.355766
Glaucomys volans,884.4502297669007,-4409.977959853866,4512.1608254079165,6431522915,45.091356,-78.659406
Glaucomys volans,479.19033660903847,-5183.66971383823,3672.8324286324637,6451521712,35.20415,-84.718457
Glaucomys volans,322.96842042231856,-4510.9718942256895,4487.379758678024,6451686809,44.776545,-85.904828
Glaucomys volans,691.4705590832752,-5505.447196837646,3130.7623286399444,6451989920,29.433143,-82.841277
Glaucomys volans,284.49084267460745,-4569.232418130466,4430.680895665738,6470162042,44.062622,-86.437233
Glaucomys volans,975.2769113938455,-5597.964753837973,2881.211323483106,6480671502,26.887353,-80.117128
Glaucomys volans,833.632661437945,-4993.743893543375,3867.4709619025693,6480674178,37.375938,-80.522697
Glaucomys volans,35.60910227918313,-4405.970893891591,4601.728545198253,6496658068,46.244036,-89.536945
Glaucomys volans,874.2068121564981,-4993.729218167708,3858.5209698632907,6498265205,37.27472,-80.070368
Glaucomys volans,416.569983525153,-5184.750824564865,3678.9375457701435,6499094100,35.271372,-85.406425
Heterodon platirhinos,-510.08392231737827,-5477.416544068793,3213.638984800913,5064037642,30.292595,-95.32032
Heterodon platirhinos,-684.2085690481799,-5574.553464969591,3007.651148307265,5108568780,28.169657,-96.997362
Heterodon platirhinos,-550.6602589863911,-5514.98271608018,3141.8930679110263,5133345591,29.548144,-95.701973
Heterodon platirhinos,945.8822807564084,-4482.900048335413,4427.038174362499,5133657792,44.01705,-78.085474
Heterodon platirhinos,-508.9431106584364,-5492.651176962677,3187.712830228166,5133956940,30.022936,-95.293849
Heterodon platirhinos,774.456139792044,-4614.404375055029,4324.030883410623,5134468598,42.742473,-80.472588
Heterodon platirhinos,1223.4266157571644,-4589.964829853796,4245.609886251871,5134735056,41.789453,-75.075156
Heterodon platirhinos,397.6436105506535,-5375.552006904312,3396.332332050662,5134788221,32.214592,-85.769387
Heterodon platirhinos,1107.9703322009293,-5149.892839422871,3583.4004262852122,5134874158,34.22569,-77.858215
Heterodon platirhinos,5.907780947711537,-4853.401021072217,4127.252931001062,5140518702,40.377275,-89.930257
Heterodon platirhinos,-527.7919405350352,-5511.178614980696,3152.475070633099,6163061266,29.657597,-95.470392
Heterodon platirhinos,339.0776226924945,-5400.877191264693,3362.336250338959,6179287172,31.853942,-86.407574
Heterodon platirhinos,-907.4568350879632,-5283.115767071976,3443.1036890928895,6179417011,32.713123,-99.746329
Heterodon platirhinos,-642.7937284388714,-5460.211020398497,3219.109343448261,6179500387,30.349587,-96.714142
Heterodon platirhinos,-726.7961614943489,-5387.795785049583,3321.622652848525,6185463655,31.423875,-97.682638
Heterodon platirhinos,-82.30932428239498,-5038.667040008884,3898.0524322720094,6185783002,37.72283,-90.935874
Heterodon platirhinos,-544.026056099586,-5475.122434153344,3211.9811816062875,6185851126,30.27533,-95.67447
Heterodon platirhinos,-492.069648209278,-5332.578722174729,3451.2642267432916,6186004189,32.80039,-95.272102
Heterodon platirhinos,1023.6666757357896,-4871.499925908753,3976.222848198588,6188153331,38.617038,-78.13288
Heterodon platirhinos,1284.982323840589,-4753.621404628784,4042.481552035797,6188504228,39.3838,-74.873524
Heterodon platirhinos,354.2401902005024,-5469.381002494058,3248.0976689258046,6195280734,30.652154,-86.29425
Heterodon platirhinos,992.9350637759222,-5072.287633300747,3725.0142622365947,6195577396,35.780529,-78.924021
Heterodon platirhinos,-745.2279089317631,-5452.155669702078,3210.6676948513555,6195732744,30.261653,-97.783242
Heterodon platirhinos,513.9704068237821,-4735.58273852395,4230.820686011266,6195781282,41.611317,-83.805722
Heterodon platirhinos,-355.3669374263726,-5121.01356515505,3773.4185475453965,6195799826,36.318943,-93.969612
Heterodon platirhinos,1271.880415370955,-4815.668965581606,3972.581749015044,6195866684,38.575141,-75.205274
Heterodon platirhinos,-305.2615757211381,-5144.834753050913,3745.2962317906486,6234477886,36.005683,-93.395584
Heterodon platirhinos,379.3598533448488,-4976.566333090717,3959.7508461638868,6234589889,38.427694,-85.640817
Heterodon platirhinos,1254.2320301787659,-4825.4619499367855,3966.3045916650626,6234717329,38.502969,-75.4301
Heterodon platirhinos,-60.455838912512796,-5170.961643542034,3721.1898503349553,6234823860,35.738145,-90.669838
Heterodon platirhinos,-665.3780247730501,-5171.352193220114,3661.1667139730293,6235193146,35.075856,-97.331746
Heterodon platirhinos,707.1717432340014,-4606.4768493458905,4343.965042641249,6235441724,42.987059,-81.272271
Heterodon platirhinos,-236.71499336204215,-4470.997706808806,4532.53777119457,6236151025,45.351524,-93.03067
Heterodon platirhinos,-114.84494965256428,-4512.407234780245,4496.081039607676,6236166501,44.886887,-91.457916
Heterodon platirhinos,489.6957053841559,-5031.304732019223,3877.618333380264,6251519125,37.490863,-84.440925
Heterodon platirhinos,-536.5522439144509,-5504.099631535907,3163.3450752888307,6251649422,29.770153,-95.567732
Heterodon platirhinos,-566.0558081709447,-5473.1739205178665,3211.495163856932,6252007361,30.270269,-95.904747
Heterodon platirhinos,947.2903944513183,-4427.5908475940005,4482.056818533155,6252529257,44.709148,-77.923544
Heterodon platirhinos,-646.8780065701948,-5470.476884048216,3200.809996764465,6252931094,30.159068,-96.743848
Heterodon platirhinos,289.1835235209742,-5469.939344261553,3253.5964085148794,6253236765,30.709654,-86.973717
Heterodon platirhinos,975.1168088235795,-5104.659022059198,3685.289216240266,6273483416,35.341368,-79.185369
Heterodon platirhinos,-145.87269203785786,-5168.333943633189,3722.4720998933044,6273498581,35.752353,-91.616705
Heterodon platirhinos,438.4969055939321,-4471.543536729447,4516.942770568949,6273584335,45.152304,-84.399261
Heterodon platirhinos,774.5522299783174,-4617.372259935398,4320.844290864012,6273939880,42.703464,-80.47744
Heterodon platirhinos,1049.8002626684079,-4907.994603603925,3924.1892804977615,6274240305,38.020598,-77.926595
Heterodon platirhinos,772.1051405281082,-4610.46744839678,4328.648367437714,6320225642,42.799042,-80.493019
Heterodon platirhinos,1243.6934761264956,-4976.973561418931,3777.9245408100455,6320772882,36.369253,-75.969715
Heterodon platirhinos,-218.95503000021833,-4511.009878082706,4493.617885886081,6321066029,44.85563,-92.778837
Heterodon platirhinos,657.6647874234011,-4661.471033199705,4292.775088879086,6321178477,42.360903,-81.969414
Heterodon platirhinos,1279.8230295474239,-4849.464257147905,3928.6769479511045,6333917465,38.071846,-75.216133
Heterodon platirhinos,-616.1452939357818,-5458.456007065392,3227.2861858487177,6334372438,30.434838,-96.440232
Heterodon platirhinos,-174.5049887167987,-4521.492752107953,4485.02000343651,6334600579,44.746657,-92.210208
Heterodon platirhinos,1285.1989839815735,-4727.3687518486595,4073.0825409381305,6352653080,39.740772,-74.790956
Heterodon platirhinos,-686.3758259553354,-5392.389036647271,3322.7671950751956,6353100698,31.435938,-97.253945
Heterodon platirhinos,1132.1452802702886,-4675.948173515359,4176.542693740545,6353257429,40.961699,-76.389416
Heterodon platirhinos,504.04416000566414,-4520.884054839024,4460.6389651196705,6398617842,44.438752,-83.63823
Heterodon platirhinos,778.2504653212518,-4623.383517069826,4313.745958791701,6398714597,42.616657,-80.445021
Heterodon platirhinos,164.50738794618468,-4473.822971629596,4532.945892850243,6398818538,45.356747,-87.89412
Heterodon platirhinos,907.4416278971707,-5098.3089233492865,3711.273224074698,6398856575,35.628349,-79.907685
Heterodon platirhinos,481.44466348339773,-5248.234085037109,3579.6652293664956,6399073131,34.185073,-84.758664
Heterodon platirhinos,-975.6394566948026,-5206.849753161197,3539.2932102642867,6399617755,33.7473,-100.6128
Heterodon platirhinos,-600.7862963549004,-5440.822504361701,3259.7943848992772,6399819877,30.774507,-96.301185
Heterodon platirhinos,1595.8224370065047,-4456.832990255623,4263.7710510993875,6399885686,42.008884,-70.299485
Heterodon platirhinos,755.7522976953795,-4586.541811720633,4356.859626329956,6399953772,43.145791,-80.643106
Heterodon platirhinos,-85.74877436249237,-5214.399059652632,3659.5686527330668,6400114285,35.058297,-90.942122
Heterodon platirhinos,1068.4277630994932,-4833.283574740783,4010.9331995006614,6400433550,39.017678,-77.534867
Heterodon platirhinos,786.1046896514943,-4447.0525540433655,4493.94215896931,6400438802,44.859744,-79.975394
Heterodon platirhinos,-928.1247952935864,-4994.765108543621,3844.5622643564893,6413054868,37.117128,-100.526612
Heterodon platirhinos,915.5793826614434,-4422.134569354545,4494.017509338634,6413129504,44.8607,-78.302493
Heterodon platirhinos,1142.1998557694803,-4831.533541738926,3992.670316243169,6413249678,38.8066,-76.699172
Heterodon platirhinos,1282.5090175545174,-4840.604525011312,3938.7144580445015,6413334363,38.186602,-75.160551
Heterodon platirhinos,525.9917540408162,-4518.635078591267,4460.383708929423,6413417825,44.435537,-83.360366
Heterodon platirhinos,525.1796076495607,-4485.6374371308175,4493.661791011531,6413477100,44.856187,-83.322197
Heterodon platirhinos,792.7248969619393,-4448.425877449397,4491.419328035702,6413579493,44.827745,-79.895761
Heterodon platirhinos,-317.7445658359357,-4757.674548884252,4225.319444427629,6413988813,41.54518,-93.820864
Heterodon platirhinos,525.1841534711486,-4485.5678100610685,4493.730761401285,6414058820,44.857062,-83.322037
Heterodon platirhinos,393.66436019708954,-5229.471940012432,3617.6518253987165,6422497076,34.599064,-85.695006
Heterodon platirhinos,1114.539009507516,-4814.72679624232,4020.691707095882,6422556792,39.130723,-76.96643
Heterodon platirhinos,306.08320755228,-4647.533730267018,4347.010055861647,6422923617,43.024506,-86.231983
Heterodon platirhinos,783.8875682161273,-4436.894051315445,4504.358399092513,6423023927,44.99205,-79.980671
Heterodon platirhinos,1464.0362237734241,-4532.702546739333,4230.952456355359,6423167988,41.612902,-72.099849
Heterodon platirhinos,986.9898694732292,-5068.737411880094,3731.4213346447127,6441282553,35.851586,-78.981189
Heterodon platirhinos,788.2610806757182,-4447.2037822900675,4493.414750182126,6441788434,44.853053,-79.94879
Heterodon platirhinos,642.2651693328288,-5400.125555406613,3319.0198203360783,6442031378,31.396448,-83.217375
Heterodon platirhinos,778.7390497075237,-4408.9596881347525,4532.592314618729,6451527977,45.352222,-79.983358
Heterodon platirhinos,783.9142429287072,-4429.249011721456,4511.871538682751,6452475013,45.087671,-79.963394
Heterodon platirhinos,-754.2836983785118,-5429.8916663349955,3246.087756654714,6452519710,30.631145,-97.90853
Heterodon platirhinos,47.19149508998633,-4573.627330246842,4435.02639636877,6469893302,44.117032,-89.408833
Heterodon platirhinos,657.8476956859124,-4595.430486161746,4363.371195052443,6469987143,43.226105,-81.85331
Heterodon platirhinos,355.1890539198595,-4493.7865844553,4502.163479819733,6469996302,44.964145,-85.480735
Heterodon platirhinos,655.5766890950972,-4659.9027865012,4294.796660466115,6470534008,42.385512,-81.991921
Heterodon platirhinos,-3.5731457973778062,-5497.922629388451,3219.0972528901516,6479211431,30.349461,-90.037237
Heterodon platirhinos,-233.21934909370378,-5223.579509642634,3639.997111444921,6481252803,34.843556,-92.556411
Heterodon platirhinos,624.3033182824967,-5396.0803059228565,3329.011238865136,6498368871,31.501775,-83.400466
Heterodon platirhinos,1066.8091012984821,-4842.836866771968,3999.82531529796,6498812574,38.889221,-77.576953
Heterodon platirhinos,-688.8058450963499,-5470.64652964942,3191.759105113243,6498919421,30.064973,-97.176314
Heterodon platirhinos,808.0261054609056,-4446.2019427596615,4490.894702258263,6499068548,44.821093,-79.699822
Heterodon platirhinos,357.0518012668536,-4711.596855176854,4273.53743579919,6499117584,42.127199,-85.666324
Heterodon platirhinos,-526.3997225086774,-5469.204382206109,3224.9744010577397,6499219724,30.410728,-95.497667
Heterodon platirhinos,1309.7384603273129,-4714.29141928037,4080.4159970910264,6499270626,39.826594,-74.473485
Ictidomys tridecemlineatus,-213.57116927598372,-4443.500068952972,4560.641141610076,5133828822,45.712317,-92.751731
Ictidomys tridecemlineatus,-334.26026466162824,-4668.9095334535805,4321.956382654971,5134836683,42.717075,-94.094978
Ictidomys tridecemlineatus,-289.8248043386031,-4458.5112978413545,4541.743246759831,5140124941,45.46945,-93.71927
Ictidomys tridecemlineatus,-1657.4535935531217,-3681.050214180592,4928.739193300483,5140639297,50.680075,-114.240442
Ictidomys tridecemlineatus,-1651.1189934229383,-3665.901469816027,4942.1377573714135,5141112587,50.870624,-114.246762
Ictidomys tridecemlineatus,-122.77176099393999,-4577.809077260786,4429.2600145541965,5141121711,44.044842,-91.536241
Ictidomys tridecemlineatus,-205.86735362244744,-4433.521975171184,4570.695205115315,5153359497,45.841958,-92.658578
Ictidomys tridecemlineatus,-286.53035817601244,-4517.993988653449,4482.787503553147,5154389780,44.718395,-93.628828
Ictidomys tridecemlineatus,53.10028175994317,-4656.66163159695,4347.693174381936,5154738360,43.03291,-89.34668
Ictidomys tridecemlineatus,-13.641058249664825,-4578.687233633481,4430.032761478073,5154788173,44.054511,-90.170698
Ictidomys tridecemlineatus,-1114.9147569848744,-3751.13236076109,5027.49681515421,5157695323,52.103443,-106.553047
Ictidomys tridecemlineatus,-952.5876130711656,-4501.111906183706,4407.076307157852,5166758973,43.767937,-101.949408
Ictidomys tridecemlineatus,-507.0609711639508,-4049.0898545786617,4892.597842736296,5167047460,50.169898,-97.1379
Ictidomys tridecemlineatus,-1026.4960656723142,-4085.8861118032237,4779.287984439757,5167342240,48.604403,-104.102538
Ictidomys tridecemlineatus,-1116.7560191145722,-3744.8953782376248,5031.736055230172,5167364578,52.165554,-106.604977
Ictidomys tridecemlineatus,-243.93875258132115,-4522.158619728285,4481.10794700191,5167700429,44.697142,-93.087713
Ictidomys tridecemlineatus,267.2129752073994,-4837.35153009845,4137.436468371741,5167912341,40.497602,-86.838222
Ictidomys tridecemlineatus,-941.397865296006,-4874.8972772030575,3992.355160254631,5168200824,38.802963,-100.929923
Ictidomys tridecemlineatus,-527.234530030331,-4523.662517712129,4455.13796709681,5168394949,44.369505,-96.647851
Ictidomys tridecemlineatus,-532.8863371927898,-5354.580618372877,3410.901886987697,6147574445,32.369592,-95.683346
Ictidomys tridecemlineatus,-776.2328032836323,-4781.756076784535,4137.876821138836,6185329668,40.50281,-99.220517
Ictidomys tridecemlineatus,169.14229865245872,-4637.023999578525,4365.678920834282,6195380976,43.254594,-87.910978
Ictidomys tridecemlineatus,136.97791961959405,-4726.653643622874,4269.629435026034,6195775129,42.079829,-88.340039
Ictidomys tridecemlineatus,-610.0475102640505,-4739.412912366217,4213.734734293847,6195929473,41.406127,-97.334665
Ictidomys tridecemlineatus,145.6077224806461,-4728.892208786473,4266.864187961696,6234620965,42.046332,-88.236358
Ictidomys tridecemlineatus,-521.3210839034937,-4325.459231198129,4648.4814613374565,6235094831,46.855415,-96.872361
Ictidomys tridecemlineatus,-1253.6509430688316,-4728.644405833144,4081.4255506872814,6235849018,39.838417,-104.848569
Ictidomys tridecemlineatus,663.915071567082,-4785.56275825485,4152.993979555923,6236092527,40.681845,-82.101605
Ictidomys tridecemlineatus,-250.34856494384888,-4542.320825216418,4460.313917933718,6251484630,44.434658,-93.154647
Ictidomys tridecemlineatus,-362.024659166711,-4327.011632413417,4662.152036215854,6251565167,47.035499,-94.782582
Ictidomys tridecemlineatus,112.08964189454409,-4614.667623238127,4391.131035268154,6251654067,43.569692,-88.608567
Ictidomys tridecemlineatus,38.93674365627292,-4661.432821210408,4342.727381843495,6252237573,42.971845,-89.521422
Ictidomys tridecemlineatus,-461.44474218712287,-4456.013461477654,4529.985199834016,6252674081,45.318868,-95.91222
Ictidomys tridecemlineatus,-1114.9058940541292,-3740.4742988509865,5035.433446756696,6252769599,52.219797,-106.597497
Ictidomys tridecemlineatus,-1648.5666098052966,-3666.444600100381,4942.586899297498,6252812477,50.877025,-114.210414
Ictidomys tridecemlineatus,-1113.8869081131156,-3744.407461402779,5032.735026663219,6273660343,52.180203,-106.566697
Ictidomys tridecemlineatus,-122.72131624684255,-4577.630394977635,4429.446079950966,6273697505,44.04717,-91.53567
Ictidomys tridecemlineatus,-121.22339718674334,-4722.314296140186,4274.904175080648,6321090486,42.143774,-91.470479
Ictidomys tridecemlineatus,-286.52524859166175,-4518.014538971032,4482.767118336988,6333998832,44.718137,-93.628747
Ictidomys tridecemlineatus,26.527877814765343,-4414.949913099754,4593.176097886577,6334376837,46.132935,-89.655734
Ictidomys tridecemlineatus,-461.189887502774,-4477.671088352726,4508.604955179898,6334380682,45.046077,-95.880598
Ictidomys tridecemlineatus,-1439.424183628933,-4131.969849588285,4630.835379427234,6352251154,46.62385,-109.206431
Ictidomys tridecemlineatus,-358.83479817223,-4741.784266252366,4239.8670603710725,6352319845,41.720222,-94.327613
Ictidomys tridecemlineatus,-1188.0653191451966,-4000.729949562405,4813.773343001959,6352477986,49.075615,-106.539426
Ictidomys tridecemlineatus,-698.2134201091973,-4770.338978641343,4164.867006101387,6352715653,40.822797,-98.327003
Ictidomys tridecemlineatus,-506.8317994783381,-4048.929990000058,4892.753886390886,6398625566,50.172089,-97.134986
Ictidomys tridecemlineatus,38.53499098899269,-4656.499418489775,4348.0203943577935,6400066624,43.036936,-89.525858
Ictidomys tridecemlineatus,-516.8742186271744,-4513.838755470809,4466.302034279111,6400385086,44.510125,-96.532418
Ictidomys tridecemlineatus,156.071194682928,-4780.583548930576,4208.493298505061,6400665486,41.343311,-88.130135
Ictidomys tridecemlineatus,-577.6073059755919,-4825.600658714348,4119.429719315128,6400873594,40.284983,-96.825628
Ictidomys tridecemlineatus,342.8601894946298,-4704.150164245585,4282.892860248243,6400879644,42.240743,-85.83139
Ictidomys tridecemlineatus,35.08982409484175,-4465.3711351129905,4544.115145946694,6413135408,45.499875,-89.549767
Ictidomys tridecemlineatus,-506.41678164934734,-4049.126067663685,4892.63459304982,6413171724,50.170414,-97.128862
Ictidomys tridecemlineatus,-489.6275494679975,-4328.239626520013,4649.339708808263,6413269103,46.866703,-96.454087
Ictidomys tridecemlineatus,-233.6196613489448,-4698.347521511368,4296.592318409628,6414032547,42.407379,-92.846619
Ictidomys tridecemlineatus,-992.1709259734263,-4216.822798276772,4671.590250788668,6422643478,47.160185,-103.240228
Ictidomys tridecemlineatus,-540.5476162871192,-4585.22961860158,4390.128785001935,6422858350,43.557253,-96.723503
Ictidomys tridecemlineatus,-1075.6820317239496,-4484.2713174609835,4395.904008017054,6431245942,43.628965,-103.489172
Ictidomys tridecemlineatus,56.82886478515805,-4655.364909658354,4349.034509833916,6431363720,43.049415,-89.300615
Ictidomys tridecemlineatus,383.828403462757,-4694.430587045395,4290.0757976736595,6431598880,42.328059,-85.325751
Ictidomys tridecemlineatus,-601.8164508744173,-4630.14249928576,4334.668444695876,6431653916,42.872872,-97.40567
Ictidomys tridecemlineatus,-1118.9734429754963,-4536.545508122842,4330.982153775683,6431723552,42.827653,-103.855862
Ictidomys tridecemlineatus,-294.18482080076905,-4773.2147396520495,4209.469024717521,6441111458,41.355,-93.526817
Ictidomys tridecemlineatus,-519.1821504202296,-4583.841036787804,4394.155706597408,6441135421,43.607247,-96.461985
Ictidomys tridecemlineatus,-1651.5972111894027,-3665.402402491222,4942.348127103189,6441421388,50.873622,-114.255897
Ictidomys tridecemlineatus,46.45254577495717,-4655.865759889574,4348.621542116115,6441426603,43.044333,-89.428367
Ictidomys tridecemlineatus,52.942161073701946,-4634.466395282424,4371.346644714444,6441844141,43.324619,-89.345506
Ictidomys tridecemlineatus,54.78003963734657,-4652.299052193314,4352.340267706094,6442088988,43.090111,-89.325383
Ictidomys tridecemlineatus,-540.6534053025904,-4585.20194684334,4390.144659538702,6452066081,43.55745,-96.724847
Ictidomys tridecemlineatus,-1128.8434799427523,-3758.4970552745326,5018.880892485977,6452149341,51.977473,-106.717345
Ictidomys tridecemlineatus,-253.3373977624544,-4539.737038706061,4462.775023678955,6452270915,44.465663,-93.194045
Ictidomys tridecemlineatus,309.71119957160215,-4509.954240763642,4489.336793865593,6469683037,44.801344,-86.071506
Ictidomys tridecemlineatus,309.712467916005,-4509.953132665346,4489.337819551659,6469792887,44.801357,-86.071489
Ictidomys tridecemlineatus,-519.7560112475514,-4330.029048523509,4644.400419579698,6469859878,46.801772,-96.844763
Ictidomys tridecemlineatus,375.45519009921145,-4686.909680639773,4299.030608803591,6469942843,42.437084,-85.419976
Ictidomys tridecemlineatus,368.10412288229384,-4509.57868844425,4485.30406295091,6469980710,44.750254,-85.333454
Ictidomys tridecemlineatus,-556.2007040537173,-4662.277756197327,4306.223406948971,6470169711,42.524794,-96.803123
Ictidomys tridecemlineatus,-1298.8009031374597,-4550.440787929438,4265.718928766271,6470184899,42.032464,-105.92997
Ictidomys tridecemlineatus,464.8873554979467,-4904.422255220541,4039.8360386125846,6470285521,39.353025,-84.585145
Ictidomys tridecemlineatus,84.41100482141864,-4825.52623201969,4158.957140441859,6470335331,40.7526,-88.99785
Ictidomys tridecemlineatus,513.9695605584958,-4668.471512401241,4304.760406619028,6470355927,42.506944,-83.717394
Ictidomys tridecemlineatus,-333.09698098024296,-4366.766626573484,4627.110195357716,6470404394,46.575092,-94.362075
Ictidomys tridecemlineatus,-1092.8416606286892,-5193.945480028627,3523.972273580195,6470485615,33.581753,-101.882103
Ictidomys tridecemlineatus,-1128.5820818718664,-3758.4965331197263,5018.940069843651,6470508093,51.978337,-106.713692
Ictidomys tridecemlineatus,333.4159949292396,-4710.059565340178,4277.139908274018,6479642624,42.170897,-85.950897
Ictidomys tridecemlineatus,34.52454426722926,-4540.84211625211,4468.703845724354,6479718147,44.540422,-89.564382
Ictidomys tridecemlineatus,-1514.354394968035,-3587.339528693097,5042.5667077386715,6479724343,52.324634,-112.886484
Ictidomys tridecemlineatus,-1249.7869726447195,-4794.3371248956255,4005.2611881789335,6479820843,38.952055,-104.610695
Ictidomys tridecemlineatus,-550.9979478259314,-4662.198940031407,4306.97752893361,6479922845,42.533997,-96.740187
Ictidomys tridecemlineatus,41.9174145303057,-4649.88912879054,4355.057651741488,6480184604,43.123584,-89.483509
Ictidomys tridecemlineatus,155.63511496629704,-4778.296342239751,4211.106138107313,6480205758,41.374617,-88.134464
Ictidomys tridecemlineatus,311.5758628252502,-4503.404496574852,4495.7781919943,6480268868,44.883043,-86.042199
Ictidomys tridecemlineatus,19.921127353414878,-4617.682154419174,4389.3470811865745,6480840890,43.547553,-89.752822
Ictidomys tridecemlineatus,383.5165845516725,-4478.532943485969,4515.020579483793,6481109686,45.127797,-85.10545
Ictidomys tridecemlineatus,-503.39877055278356,-4575.777464959574,4404.384565254438,6481122218,43.734425,-96.278081
Ictidomys tridecemlineatus,179.94103496914536,-4700.048945480634,4297.314773634584,6481441341,42.416179,-87.807506
Ictidomys tridecemlineatus,212.14350485603782,-4381.316014224321,4620.478140466238,6498363805,46.488395,-87.227901
Ictidomys tridecemlineatus,137.82498766586932,-4707.781442083406,4290.402230097713,6499224610,42.33203,-88.323088
Ictidomys tridecemlineatus,-267.3661364618355,-4474.182522923148,4527.688066808486,6499508107,45.289496,-93.419788
Ictidomys tridecemlineatus,-1037.9167902028162,-3890.702283035904,4937.0960706747155,6500256817,50.798832,-104.936864
Lepus americanus,-1645.8538083434278,-3643.916727132732,4960.119883325518,5938052623,51.12759,-114.307344
Lepus americanus,-1767.2450720187755,-3985.858704828471,4645.377096667814,5938484619,46.814605,-113.911481
Lepus americanus,-2057.2146114539846,-3494.1531983130126,4914.113816225323,6130652136,50.472958,-120.487838
Lepus americanus,1084.5288274954464,-4340.409972480407,4535.900310059891,6131523109,45.394571,-75.970884
Lepus americanus,-1976.8326130695766,-3884.4909303049612,4646.7855730558995,6133339606,46.833117,-116.971721
Lepus americanus,-1521.7544646098986,-3493.2641114579587,5105.988868644066,6133456368,53.267947,-113.539163
Lepus americanus,898.5372868123133,-4373.421324890996,4544.839907947703,6159364178,45.509175,-78.389908
Lepus americanus,801.9513575442459,-4324.634739448211,4609.1389130908265,6163416713,46.340483,-79.494522
Lepus americanus,801.9385038528491,-4324.629841356585,4609.145745250828,6171109982,46.340572,-79.494675
Lepus americanus,1549.811971083376,-3929.1324811462005,4769.670211824504,6171378485,48.473768,-68.473678
Lepus americanus,1233.5826974287766,-4415.754361498454,4423.702100864067,6178366415,43.975345,-74.391792
Lepus americanus,480.6926444459085,-4376.2779700084275,4605.09270704423,6178393534,46.2878,-83.73173
Lepus americanus,1754.53676999717,-3908.723399211645,4715.213170245933,6178702230,47.74033,-65.825776
Lepus americanus,1354.1395317831161,-4285.762004135003,4515.340884368794,6178755622,45.13188,-72.465424
Lepus americanus,1096.7149146337476,-4344.80790022433,4528.754115189471,6178970285,45.303125,-75.83335
Lepus americanus,386.92244221800087,-4246.083744803134,4734.006441219117,6179033666,47.992262,-84.793328
Lepus americanus,683.9798103744282,-4320.759300950314,4631.734428044093,6179136428,46.635624,-81.004673
Lepus americanus,862.5917242562957,-4126.340266820482,4776.924182917064,6179342538,48.572265,-78.192625
Lepus americanus,380.7655336500139,-4263.228495724414,4719.073376342543,6184927830,47.791978,-84.896233
Lepus americanus,-2172.2848831411256,-3598.4540596791094,4787.698810131326,6185025985,48.718922,-121.118192
Lepus americanus,-2045.9556870712504,-3167.3618539864738,5135.3322523600755,6185308298,53.711487,-122.860417
Lepus americanus,682.1504868491287,-4342.296451312823,4611.8201799164935,6185373726,46.375422,-81.072119
Lepus americanus,-2403.0306329818845,-3895.9137617346732,4431.371443216479,6185428185,44.071265,-121.666616
Lepus americanus,-1468.4728968085751,-3486.4753312400576,5126.190617375694,6185590489,53.572808,-112.8404
Lepus americanus,896.8446332124566,-4157.792294967192,4743.225280910333,6186043592,48.116295,-77.827674
Lepus americanus,880.6272242990316,-4443.366383378048,4480.038393202306,6187891910,44.683612,-78.789863
Lepus americanus,-1278.559788046418,-3254.1816036835808,5325.912136743855,6195382043,56.715992,-111.449739
Lepus americanus,-463.76154844002343,-4022.673713599614,4918.615104862408,6195572717,50.536606,-96.576419
Lepus americanus,-161.3657740942777,-4355.766787375857,4646.612735167607,6195702235,46.830845,-92.121636
Lepus americanus,426.15377904079276,-4348.623534963924,4636.552537979544,6234193226,46.698766,-84.403034
Lepus americanus,426.2406535971314,-4348.526390911996,4636.6356620334545,6234298123,46.699856,-84.401776
Lepus americanus,386.62294472352454,-4246.412763621305,4733.735783632713,6234354098,47.988625,-84.797737
Lepus americanus,-1764.5178980299977,-3981.9838565063274,4649.734861659558,6234710327,46.871901,-113.899345
Lepus americanus,200.29332604390802,-4188.591022716349,4796.388324316507,6234848018,48.83751,-87.262271
Lepus americanus,-1815.136066726368,-3033.1082662005174,5300.498885430753,6235486720,56.301813,-120.898028
Lepus americanus,-2422.847039573638,-3527.784687643811,4719.565716263792,6235608964,47.798569,-124.480888
Lepus americanus,1372.1775493827715,-4000.8653582680054,4764.447322372066,6235613183,48.402968,-71.06956
Lepus americanus,812.0155984770612,-4164.309846005653,4752.778903333055,6235615709,48.245149,-78.96612
Lepus americanus,681.3558638433964,-4323.309023623501,4629.741504958918,6235844396,46.609528,-81.04382
Lepus americanus,980.9673140831067,-4326.927392421531,4572.215611614376,6236076394,45.861589,-77.226275
Lepus americanus,-106.82651109760026,-4329.2516098982105,4672.89222263877,6236087848,47.177408,-91.413516
Lepus americanus,1331.4822918526077,-4269.909563124624,4537.045333573078,6236091306,45.409237,-72.680999
Lepus americanus,-1455.1076802032844,-4843.750946258808,3874.3375613526173,6251494491,37.453687,-106.720755
Lepus americanus,-2079.735310576083,-3272.7512464964425,5055.05226938124,6251564912,52.508734,-122.434735
Lepus americanus,-82.70152131620127,-4206.165692922763,4784.462744314036,6252893816,48.67483,-91.126403
Lepus americanus,-1570.2197441589442,-3563.988482922413,5042.038196833425,6253138242,52.316858,-113.777299
Lepus americanus,38.900864780879154,-4233.055529931911,4761.247812591737,6253258174,48.359645,-89.473479
Lepus americanus,-2219.7833493890666,-2920.265619299379,5209.065532721825,6253372080,54.847272,-127.239578
Lepus americanus,-454.1644651636001,-4028.7478299627287,4914.5374849349455,6273213508,50.478945,-96.431852
Lepus americanus,-2032.395037870647,-3152.664310588271,5149.740894885799,6273243156,53.931,-122.808237
Lepus americanus,-2084.5685847687655,-3040.2701770834756,5196.256748411244,6273477144,54.647695,-124.436578
Lepus americanus,892.5563424727769,-4420.910389431655,4499.849734580513,6273484409,44.934744,-78.585748
Lepus americanus,-2276.2801249956597,-3469.1112427999815,4834.621919789172,6273558401,49.362671,-123.271146
Lepus americanus,626.4411885909483,-4390.382191457423,4574.0429359427435,6273599522,45.885192,-81.87957
Lepus americanus,-1900.0668097605223,-3805.757018210323,4742.9645546289685,6273604135,48.112783,-116.531177
Lepus americanus,1088.1244770060339,-4339.139966368648,4536.254248218465,6273655822,45.399104,-75.922262
Lepus americanus,-2042.4366069248194,-3597.869106246666,4844.950333149627,6273991637,49.505501,-119.58269
Lepus americanus,-89.85308568990429,-4312.87373671816,4688.368552470696,6274127590,47.382565,-91.19351
Lepus americanus,181.43375759161725,-4306.982020259566,4691.134276317876,6274250435,47.419312,-87.587813
Lepus americanus,-1503.2060971218866,-3473.407109617509,5124.994400983435,6320077372,53.554695,-113.401787
Lepus americanus,-1274.1904440574194,-3256.734849057329,5325.398573335683,6320302970,56.707577,-111.367814
Lepus americanus,-2031.3793232649207,-3607.5947149885133,4842.366316902939,6320794553,49.469728,-119.383171
Lepus americanus,-1497.167263618361,-3475.616870214618,5125.26396255905,6320825528,53.558776,-113.304591
Lepus americanus,-66.2758338127916,-4355.993696189065,4648.728811437702,6320840621,46.858668,-90.87168
Lepus americanus,-1309.3284854252502,-4678.52970289044,4121.501166577944,6320931596,40.309408,-105.634753
Lepus americanus,1630.6141998274643,-4123.515751839206,4574.654993038537,6321032030,45.8931,-68.424042
Lepus americanus,-1499.0291620028977,-3469.788849590707,5128.667472199609,6333853755,53.610337,-113.365463
Lepus americanus,404.9162639484902,-4298.496185846647,4684.94679683017,6333951697,47.337137,-84.618645
Lepus americanus,-1790.7279717407152,-4479.359793810735,4161.536050365858,6334132817,40.783223,-111.790206
Lepus americanus,-1463.9542906773556,-3461.2564443029564,5144.540289594012,6334369482,53.851637,-112.926155
Lepus americanus,-90.08529248007922,-4313.041337901479,4688.209912888845,6334388561,47.380458,-91.196547
Lepus americanus,248.9859420579047,-4190.916344063587,4792.074637085245,6334696032,48.778605,-86.600005
Lepus americanus,319.3005977357697,-4191.177646837344,4787.674820893124,6352368478,48.718595,-85.643395
Lepus americanus,1501.7439295076379,-4040.4597924407526,4691.396696670836,6352415058,47.4228,-69.611083
Lepus americanus,108.71554185485674,-4252.464347447684,4742.834704511953,6352466963,48.111034,-88.535535
Lepus americanus,679.6401945820525,-4338.51413811776,4615.748845955357,6352609818,46.426656,-81.096816
Lepus americanus,-2074.744801470408,-3481.5640774784424,4915.678865920823,6352631979,50.495078,-120.791695
Lepus americanus,-2262.7400414946137,-3490.139384473544,4825.83544179047,6352836073,49.24149,-122.956297
Lepus americanus,-2435.5769442299475,-3586.392627952585,4668.565732275845,6352848304,47.120197,-124.181057
Lepus americanus,1473.2094694834793,-3987.8431066246862,4745.156935829163,6353129986,48.142322,-69.724503
Lepus americanus,272.42654333205536,-4205.103829318012,4778.351043280576,6353142045,48.591662,-86.293288
Lepus americanus,-1521.629187272979,-3493.362521372446,5105.958875704618,6353298008,53.267496,-113.536845
Lepus americanus,-248.58070876495196,-4096.248201218556,4873.264966623618,6398702288,49.899218,-93.472734
Lepus americanus,1128.1126520087246,-3980.09452991157,4845.199944999512,6398950483,49.508958,-74.17522
Lepus americanus,677.4645370990986,-4339.602600270458,4615.0454171520805,6399221802,46.417479,-81.127053
Lepus americanus,75.44737857968865,-4219.076887534574,4773.201340799952,6399232616,48.521691,-88.975521
Lepus americanus,-1603.739218995274,-4235.719128542578,4480.675965881975,6399421510,44.691677,-110.737801
Lepus americanus,-1648.2372799056095,-3653.9055223435257,4951.973488680475,6400528075,51.011001,-114.279621
Lepus americanus,-2036.0060158912509,-3555.427778170646,4878.869330812686,6400839850,49.977528,-119.797492
Lepus americanus,-198.0740710871089,-4320.467007387275,4678.042820466531,6413547519,47.245597,-92.624917
Lepus americanus,863.4705151178127,-4419.869747838759,4506.5422677857305,6413602373,45.019828,-78.945862
Lepus americanus,1843.7378551458144,-3954.923515612618,4642.086151380011,6413770418,46.771376,-65.005632
Lepus americanus,-1572.1625701591902,-3565.2097624090216,5040.569147694662,6414072345,52.295251,-113.796202
Lepus americanus,1768.3268707494228,-4159.063455546045,4490.541657818618,6422077597,44.816617,-66.96605
Lepus americanus,-2131.8077443744114,-3588.1387949627338,4813.565088246559,6422200534,49.072756,-120.715662
Lepus americanus,892.3087725902785,-4419.115193967585,4501.661813872818,6422738423,44.957769,-78.584317
Lepus americanus,1471.3219982684514,-4013.2679173598403,4724.261352907878,6423056703,47.861472,-69.866334
Lepus americanus,-2358.8201818140747,-3555.7888328896106,4730.970963284555,6430830638,47.951487,-123.559287
Lepus americanus,-1709.1498289678434,-3732.9825470827177,4871.693883547328,6431066090,49.877288,-114.600723
Lepus americanus,52.96141329673858,-4223.800460289072,4769.324678614454,6470288444,48.469081,-89.281617
Lepus californicus,-2687.9433185434887,-4284.4813430271115,3874.0074170330968,6129963449,37.449947,-122.102814
Lepus californicus,-2570.004970279693,-4261.115672958572,3978.4068173179485,6131237958,38.64218,-121.095422
Lepus californicus,-2673.2320640018343,-4312.362004495174,3853.195739104918,6133180164,37.21456,-121.794763
Lepus californicus,-2600.339680777548,-4241.091089785925,3980.0920896870707,6133419686,38.661587,-121.513706
Lepus californicus,-2693.9542091906096,-4282.260641830241,3872.287133451402,6133489861,37.430462,-122.173845
Lepus californicus,-2669.578049129293,-4314.0558484078965,3853.83293697354,6147412439,37.221756,-121.749609
Lepus californicus,-2691.728401312595,-4291.19620128613,3863.9340710358997,6159166565,37.335922,-122.098717
Lepus californicus,-1971.0401747283042,-4965.154747968794,3471.597915658925,6159302728,33.018208,-111.651819
Lepus californicus,-2521.5758860149963,-4383.747190024825,3874.812092823931,6159507234,37.459063,-119.90795
Lepus californicus,-2662.82121900861,-4309.90535731356,3863.140185946507,6159563589,37.326943,-121.709328
Lepus californicus,-2157.597500764949,-3838.6195128456898,4604.294342238623,6162961511,46.277411,-119.339314
Lepus californicus,-2419.865144192541,-4720.7927698973435,3528.1895410088755,6163103435,33.62729,-117.13955
Lepus californicus,-2331.428294365347,-4736.591569087757,3566.3560598399163,6163270536,34.040506,-116.20717
Lepus californicus,-2697.0615704536217,-4231.8684509406785,3925.1625990260104,6163341515,38.03171,-122.510246
Lepus californicus,-890.6743579404647,-5518.011341183721,3057.4504339976816,6170830653,28.678905,-99.169153
Lepus californicus,-2597.173644587617,-4119.258465279663,4108.059381965984,6170980935,40.151069,-122.231244
Lepus californicus,-2168.5789893959827,-4681.888947520187,3737.2361685497012,6171003073,35.91613,-114.852847
Lepus californicus,-2662.7601483159992,-4309.735354522327,3863.371933453716,6171047835,37.329564,-121.709751
Lepus californicus,-2375.1423894969594,-4783.9710533170155,3473.0494842885555,6171190795,33.033778,-116.403445
Lepus californicus,-2144.896620633659,-3837.8193799586775,4610.890805829751,6178364944,46.363309,-119.200135
Lepus californicus,-2518.57618676308,-4386.676636222778,3873.447458061691,6178594423,37.443604,-119.861952
Lepus californicus,-2743.6201255599462,-4152.71752571691,3977.089248169255,6178923759,38.627011,-123.451968
Lepus californicus,-2571.633821110396,-4258.529583875852,3980.1229130584315,6179102589,38.661942,-121.126869
Lepus californicus,-2682.6681335338258,-4280.525126167058,3882.02903895013,6179133841,37.540872,-122.075978
Lepus californicus,-2621.4048961792423,-4165.309449131241,4045.761571440281,6179343749,39.421975,-122.183938
Lepus californicus,-2322.593262470629,-4749.958912180719,3554.3218761668772,6184752845,33.91,-116.057303
Lepus californicus,-694.5402384499276,-5585.595977785327,2984.708454740551,6185000667,27.935861,-97.088055
Lepus californicus,-2634.860405061655,-4274.951748866873,3920.7207654174804,6185029765,37.981013,-121.647545
Lepus californicus,-2696.3402082827547,-4273.524382092187,3880.2695739521428,6185079214,37.520919,-122.249493
Lepus californicus,-2327.572094871187,-4741.252921374958,3562.6790493121634,6185357245,34.000609,-116.147308
Lepus californicus,-2683.0790719597417,-4279.431956744153,3882.950160752259,6185641083,37.55132,-122.086513
Lepus californicus,-1179.457875734448,-5559.8254919187575,2878.7102578161225,6185742534,26.862137,-101.977128
Lepus californicus,-639.7403753299985,-5469.599572869846,3203.742482521351,6185742866,30.189574,-96.671171
Lepus californicus,-2067.5923277974,-4673.949080814928,3803.8158585373267,6185949154,36.658967,-113.86293
Lepus californicus,-2655.9009775657514,-4380.874399072127,3787.331861165212,6186011466,36.474392,-121.226299
Lepus californicus,-2645.41834334624,-4244.271895270305,3946.8558369141474,6187907006,38.279813,-121.934934
Lepus californicus,-2273.609621630691,-4594.670861098753,3782.7836438627864,6187907798,36.423542,-116.327873
Lepus californicus,-2687.885683418577,-4284.446781125259,3874.085629184814,6187915424,37.450833,-122.102469
Lepus californicus,-741.4741647115841,-5519.480627665723,3094.398615816246,6188370224,29.058341,-97.651175
Lepus californicus,-2686.7006934587057,-4287.70841574987,3871.298109801632,6188448844,37.419262,-122.071475
Lepus californicus,-2615.3554452982594,-4231.7557059456085,3980.1900293356557,6195407602,38.662715,-121.717343
Lepus californicus,-1681.8627877744461,-5009.840469118127,3558.4531986192073,6195429810,33.95478,-108.557512
Lepus californicus,-2587.624453069454,-4128.460241320726,4104.846995368824,6195556359,40.113283,-122.078545
Lepus californicus,-937.4853206619366,-5460.155671335294,3146.0410753844035,6195723811,29.591034,-99.742447
Lepus californicus,-2214.968296866676,-4825.151170422445,3521.5883853914397,6195728831,33.556023,-114.657319
Lepus californicus,-934.1382799716632,-5463.962466474893,3140.4224188033404,6195808388,29.532942,-99.701692
Lepus californicus,-653.7715458224857,-5477.890150327276,3186.69976566631,6195917395,30.012414,-96.805906
Lepus californicus,-1922.6083954200294,-5039.431180931441,3390.7909785467155,6234173827,32.155709,-110.882502
Lepus californicus,-780.8203325361148,-5462.276427318409,3184.9032904528303,6234693765,29.993758,-98.135192
Lepus californicus,-2262.921612272105,-4715.989421470354,3637.0843656655775,6234751142,34.811645,-115.633567
Lepus californicus,-1049.3474229002572,-5602.950020418696,2845.272251370712,6234930860,26.525548,-100.607744
Lepus californicus,-1269.46452099934,-5404.481603152493,3125.6665786336857,6235489559,29.380538,-103.218637
Lepus californicus,-2326.6454978075003,-4739.910838457987,3565.069298159299,6235666323,34.026542,-116.1447
Lepus californicus,-2685.0299275908465,-4213.084104355972,3953.5161245708828,6235777372,38.356156,-122.509666
Lepus californicus,-2544.7843555852146,-4243.847289476299,4012.927347566966,6235834635,39.040764,-120.948625
Lepus californicus,-2727.8718626965256,-4207.513000183637,3930.051218962891,6235892503,38.087547,-122.956695
Lepus californicus,-2674.940878989589,-4312.124504184169,3852.2755202610156,6236023840,37.204169,-121.812575
Lepus californicus,-1937.9016014652386,-5031.32255938618,3394.1248969546764,6236031053,32.191131,-111.06506
Lepus californicus,-2673.433906137115,-4312.2875957443675,3853.138976313098,6236227700,37.213919,-121.797143
Lepus californicus,-2523.853073143686,-4378.050151077596,3879.7674762168476,6236313787,37.515226,-119.962537
Lepus californicus,-2448.1030845368396,-4778.928709629268,3429.0501316603377,6236494367,32.563037,-117.124714
Lepus californicus,-2416.3135408123544,-4665.219808704722,3603.735026140709,6251438567,34.447156,-117.381539
Lepus californicus,-1992.455233210497,-4934.016355065888,3503.620681705122,6251657571,33.362338,-111.989849
Lepus californicus,-2597.1212658558898,-4119.399132593476,4107.95144159527,6252210603,40.149799,-122.22984
Lepus californicus,-1099.4414986570048,-5662.944591184758,2704.0784156306495,6252418318,25.114899,-100.987097
Lepus californicus,-2675.635714729834,-4288.639219171631,3877.924741343306,6253013888,37.494336,-121.959594
Lepus californicus,-2603.2864914127576,-4256.850444518985,3961.297371607414,6253032855,38.44545,-121.447965
Lepus californicus,-2672.541885993554,-4312.675364540563,3853.3237856910455,6253256067,37.216006,-121.786274
Lepus californicus,-2675.0899468261905,-4234.099294497319,3937.772221752319,6273157102,38.175822,-122.284562
Lepus californicus,-2368.9495611570223,-4792.737253599751,3465.184082314892,6273535756,32.949444,-116.302222
Lepus californicus,-2085.9524710816363,-5313.274652237876,2829.782303986002,6274051438,26.36996,-111.434606
Lepus californicus,-853.972898924736,-5431.700645308909,3218.2466526558055,6320153027,30.340597,-98.934913
Lepus californicus,-1017.6333490844731,-4653.785979120305,4230.419784968369,6320282339,41.606495,-102.334595
Lepus californicus,-2030.8704938622293,-4902.035015573561,3526.3821223639297,6320565585,33.607771,-112.503802
Lepus californicus,-2677.3041147874787,-4229.968098268364,3940.7062430802152,6320640377,38.209395,-122.331241
Lepus californicus,-2695.5557668257666,-4272.351646270532,3882.1055689173713,6320750662,37.54174,-122.249066
Lepus californicus,-2035.4867078573902,-4657.155404112037,3841.542728353202,6320777573,37.083081,-113.608528
Lepus californicus,-2691.682031645396,-4278.731341048451,3877.7647016450696,6320813530,37.492522,-122.173347
Lepus californicus,-795.6213564598424,-5546.004715168134,3032.914684945039,6320825662,28.427696,-98.163864
Lepus californicus,-2599.878172638135,-4186.9136748843885,4037.3432472584404,6320924526,39.324039,-121.838353
Lepus californicus,-2701.070066231809,-4255.716931340611,3896.5172946215416,6321212679,37.705378,-122.402975
Lepus californicus,-718.7418771033678,-5606.941180570141,2938.6006604168037,6334036755,27.467522,-97.304787
Lepus californicus,-2360.1674484978653,-4823.22924337081,3428.6764808918842,6334200848,32.55905,-116.07405
Lepus californicus,-1818.6895059517867,-4446.408390976465,4184.683265346657,6334248435,41.058718,-112.245759
Lepus californicus,-2683.7468122863047,-4370.817075033847,3779.313995133654,6334379598,36.384773,-121.550545
Lepus californicus,-1195.7385061871066,-4686.439231802079,4146.956701139427,6334559912,40.610287,-104.313547
Lepus californicus,-931.8591481090284,-5301.722307199701,3407.804606356419,6334901918,32.336619,-99.968789
Lepus californicus,-1321.57582231306,-5148.745433355824,3511.9241076726785,6334926007,33.451792,-104.395852
Lepus californicus,-2546.48832186446,-4269.48636192369,3984.5497313539668,6335029378,38.712945,-120.8135
Lepus californicus,-2585.5399981956116,-4240.789152625769,3990.0430336500986,6352241961,38.776286,-121.369981
Lepus californicus,-1794.1169810016318,-5136.888005908374,3314.1030465140507,6422342932,31.34466,-109.25234
Lepus californicus,-2505.4401740558337,-4542.4203622502655,3698.5050921309644,6422788962,35.487203,-118.879592
Lepus californicus,-2686.4849480178746,-4286.628122974705,3872.6439403943646,6423105397,37.434503,-122.075901
Lepus californicus,-1200.9120189435685,-4679.624740737109,4153.152506026652,6431542976,40.683725,-104.392977
Lepus californicus,-2674.8633164339267,-4312.160591383702,3852.288982175519,6441186463,37.204321,-121.811616
Lepus californicus,-2584.6120590524465,-4369.1913929998955,3849.636373115485,6479111174,37.174376,-120.606601
Lepus californicus,-2340.522054367063,-4563.738205858095,3779.4183720633464,6479252315,36.385939,-117.151108
Lepus californicus,-2416.0653525302296,-4763.6867540096,3472.7035363897526,6480596875,33.030067,-116.893391
Lepus californicus,-2683.2663714400855,-4278.891176064104,3883.4166674433654,6480859617,37.556612,-122.091572
Lepus californicus,-2520.4161332274102,-4384.978952872129,3874.1728443517927,6480879814,37.451821,-119.889604
Lithobates catesbeianus,-1291.4180044864192,-4706.338628695618,4095.4083287766543,5938029735,40.002381,-105.344271
Lithobates catesbeianus,-1290.7320844839066,-4700.565316420155,4102.249324678981,5938116914,40.082743,-105.354453
Lithobates catesbeianus,-1292.7100561971317,-4704.446397275135,4097.174384310393,5938133772,40.023118,-105.364784
Lithobates catesbeianus,-2621.1194537206775,-4235.610302677587,3972.2904353604267,5938184899,38.57179,-121.750433
Lithobates catesbeianus,-1290.000250530024,-4703.739673455201,4098.839539146838,5938263824,40.042676,-105.336289
Lithobates catesbeianus,-1281.819770202044,-4694.942513696166,4111.472485556111,5938309903,40.191239,-105.270803
Lithobates catesbeianus,-1284.8894577026065,-4701.61214675911,4102.883794675317,5938459676,40.090201,-105.284964
Lithobates catesbeianus,-1283.1180256398936,-4694.676839479354,4111.370894824689,5938503980,40.190043,-105.286371
Lithobates catesbeianus,-1283.885385975358,-4696.34477911451,4109.225859093197,5938510137,40.164795,-105.289907
Lithobates catesbeianus,-2526.722707466396,-4279.650775298731,3986.228133302972,5938707641,38.732292,-120.55777
Lithobates catesbeianus,-2488.4881389425964,-4679.459328342448,3535.5113217762846,6133040186,33.706406,-118.003584
Lithobates catesbeianus,-1254.8700840919448,-4662.643079577725,4156.298078121257,6147238819,40.72104,-105.063253
Lithobates catesbeianus,-2411.2785407761835,-3774.7777270591873,4530.622698897757,6147497483,45.327022,-122.569907
Lithobates catesbeianus,1241.819015094288,-5006.020555317258,3739.9728425710236,6159153610,35.946525,-76.068144
Lithobates catesbeianus,-2344.65134239215,-3650.8153007574383,4665.180688038942,6159205190,47.075478,-122.709663
Lithobates catesbeianus,-2691.3714020821535,-4201.207432324312,3961.8340722845433,6159256277,38.451613,-122.644378
Lithobates catesbeianus,-1932.6482181124347,-5027.67858470779,3402.5096684028613,6159267665,32.280278,-111.026845
Lithobates catesbeianus,-527.2737322357402,-5479.613982985531,3207.1118063517947,6159404762,30.224636,-95.496342
Lithobates catesbeianus,-2441.6541692068968,-4271.472825358002,4047.5422110090626,6162862881,39.442708,-119.753097
Lithobates catesbeianus,-572.6507287260973,-5372.235940857934,3376.522659234078,6162907426,32.004267,-96.084439
Lithobates catesbeianus,-380.22632130363104,-5135.808558946692,3750.820113003989,6162923888,36.067116,-94.234132
Lithobates catesbeianus,1155.6144450196357,-4908.0116557886395,3894.3202193428124,6162992201,37.680408,-76.750762
Lithobates catesbeianus,-2622.889108514419,-4223.770089517421,3983.713353770809,6163250647,38.703306,-121.839575
Lithobates catesbeianus,93.38321866066914,-5329.095982355086,3490.239062728639,6170817824,33.218369,-88.996093
Lithobates catesbeianus,-560.3193533777088,-5515.307745516418,3139.6139610076943,6170976017,29.524586,-95.800975
Lithobates catesbeianus,-2708.8476623651827,-4210.133143508348,3940.3903849375934,6171049281,38.20578,-122.757691
Lithobates catesbeianus,-2709.3756099093043,-4209.7204562096,3940.468324282844,6171077643,38.206672,-122.765328
Lithobates catesbeianus,-2177.1848848344684,-4664.365920633594,3754.1057078028166,6171133707,36.103679,-115.021743
Lithobates catesbeianus,-1932.3522626281474,-5027.882042784466,3402.37711411284,6171133716,32.278868,-111.02313
Lithobates catesbeianus,-2708.81122052653,-4210.170165467517,3940.375880424889,6171247755,38.205614,-122.757111
Lithobates catesbeianus,-2419.5763503496546,-3746.122871677011,4549.941411139759,6171367483,45.57468,-122.857938
Lithobates catesbeianus,-2529.3408236987357,-4538.293024291052,3687.2868823729486,6171379328,35.363395,-119.13237
Lithobates catesbeianus,1300.215167018884,-4673.474511678293,4130.112545418689,6178292620,40.411042,-74.452812
Lithobates catesbeianus,628.747817596321,-5252.361369211019,3550.651962494359,6178297756,33.870241,-83.17374
Lithobates catesbeianus,-2176.388523873084,-4666.797306360687,3751.5448850007924,6178306426,36.07518,-115.002271
Lithobates catesbeianus,181.615232443719,-4748.669864022835,4243.454201419309,6178336224,41.763457,-87.809762
Lithobates catesbeianus,-593.8054949800851,-5453.76160583883,3239.3876752385104,6178367369,30.561144,-96.213886
Lithobates catesbeianus,177.6984537212427,-4746.417693959258,4246.138888883993,6178378499,41.795834,-87.855937
Lithobates catesbeianus,478.0262048509842,-4882.5536598559975,4064.7157140174036,6178386377,39.642987,-84.40828
Lithobates catesbeianus,-2521.3002208305475,-4372.326284411224,3887.87360761175,6178400364,37.60719,-119.969882
Lithobates catesbeianus,199.53668703903278,-5117.090241561509,3790.161698386878,6178407522,36.506047,-87.76693
Lithobates catesbeianus,1140.4752638874807,-4961.140966717271,3830.946307441261,6178449720,36.963721,-77.053676
Lithobates catesbeianus,-1983.914590844209,-4918.078683913956,3530.770182940834,6178456123,33.655167,-111.968764
Lithobates catesbeianus,-2671.9801759735533,-4307.909954176188,3859.03963384564,6178459237,37.280582,-121.809249
Lithobates catesbeianus,-576.2644431846265,-4796.054805513735,4153.977698990109,6178629101,40.693512,-96.851463
Lithobates catesbeianus,1106.2056037517902,-4835.929568587865,3997.4801437359456,6178633439,38.86213,-77.115425
Lithobates catesbeianus,175.97080152210447,-4751.652008471948,4240.352650083906,6178725165,41.726073,-87.8791
Lithobates catesbeianus,683.8052510550474,-5140.587956220847,3700.8808374040013,6178733906,35.513447,-82.42295
Lithobates catesbeianus,-424.12869786365104,-5524.73056287919,3144.395042756953,6178795430,29.574012,-94.389936
Lithobates catesbeianus,-2409.0233391285947,-3748.8856039082207,4553.264368562499,6178805450,45.617389,-122.724686
Lithobates catesbeianus,922.7211461567032,-4787.705446844147,4100.757901945881,6178825880,40.065215,-79.091295
Lithobates catesbeianus,1131.8117739124239,-4784.942540526023,4051.3059773331142,6178904050,39.486552,-76.69207
Lithobates catesbeianus,770.4789694082808,-5321.28512881439,3417.6073304632014,6178906380,32.441018,-81.761291
Lithobates catesbeianus,1236.110564471503,-4961.5819156820035,3800.590572010708,6178910640,36.622818,-76.010337
Lithobates catesbeianus,-2420.6136367619574,-4763.574428709002,3469.688950518358,6178969460,32.997736,-116.937432
Lithobates catesbeianus,828.1544091049436,-4757.554139689806,4155.669863244417,6178995045,40.713586,-80.125383
Lithobates catesbeianus,1269.5839724445889,-4808.2343846320555,3982.3098534683672,6179080521,38.687134,-75.208982
Lithobates catesbeianus,917.0688836123308,-4791.167601028133,4097.981309284585,6179191310,40.032595,-79.164179
Lithobates catesbeianus,835.8460438819009,-5135.351921229899,3676.856696381406,6179208154,35.248454,-80.755425
Lithobates catesbeianus,768.5637536964506,-5322.120089024631,3416.738304901608,6179398628,32.431758,-81.782762
Lithobates catesbeianus,-649.5759440726481,-5281.125853816469,3503.9283581019226,6179511292,33.365651,-97.012133
Lithobates catesbeianus,-2535.724895085821,-4626.2935510372945,3571.730724137834,6184728898,34.098857,-118.727656
Lithobates catesbeianus,1101.298674894042,-4866.582490288908,3961.473112816428,6184731063,38.447468,-77.248841
Lithobates catesbeianus,-2433.2388972755753,-4767.713043385605,3455.143113446006,6184750942,32.8419,-117.037842
Lithobates catesbeianus,1533.2196441538829,-4423.865995023532,4320.6944245725745,6184755713,42.70163,-70.884751
Lithobates catesbeianus,1116.6359448299136,-4820.379998606056,4013.3295361121195,6184820132,39.045421,-76.957537
Lithobates catesbeianus,1517.4479270570266,-4447.492442711023,4301.966514325292,6184898259,42.47287,-71.16078
Lithobates catesbeianus,917.0594740221302,-4784.423988658711,4105.854618411465,6184930027,40.125133,-79.149377
Lithobates catesbeianus,1220.0935809290027,-4677.7279931640405,4149.697049836625,6184996413,40.642758,-75.381228
Lithobates catesbeianus,-765.7000608461368,-5248.269519642635,3529.7483756902166,6185005468,33.644128,-98.300645
Lithobates catesbeianus,-560.5931523811313,-4794.506481509,4157.90765240752,6185028731,40.740142,-96.668974
Lithobates catesbeianus,-2704.3009793328933,-4264.539907158448,3884.6117853795386,6185037226,37.570171,-122.380281
Lithobates catesbeianus,1095.5606219642775,-4931.979058606103,3881.376382000275,6185079206,37.53347,-77.476005
Lithobates catesbeianus,-2680.4732419659094,-4327.830716186335,3830.7567947882408,6185118315,36.961588,-121.772303
Lithobates catesbeianus,-2535.766309459214,-4626.3246647108135,3571.66102117452,6185142560,34.0981,-118.727888
Lithobates catesbeianus,-2578.9985489633723,-4162.967092333244,4075.318957121363,6185302201,39.766933,-121.778617
Lithobates catesbeianus,1300.0970215902473,-4673.634872587293,4129.968273711744,6185303071,40.409338,-74.454664
Lithobates catesbeianus,919.5385670433832,-4752.376702858381,4142.356530711249,6185354646,40.555814,-79.049148
Lithobates catesbeianus,-2685.1905570159074,-4212.6492538277935,3953.870390694942,6185369050,38.360219,-122.5139
Lithobates catesbeianus,-665.0679441047096,-5276.9378565924535,3507.330126615288,6185388670,33.402289,-97.183281
Lithobates catesbeianus,1337.9174938258095,-4628.712313680078,4168.303279102748,6185412740,40.863647,-73.878197
Lithobates catesbeianus,-2701.064904280378,-4292.925632910751,3855.4884285703797,6185430051,37.240455,-122.177683
Lithobates catesbeianus,1004.6785867549922,-4910.71809208043,3932.5846319065236,6185481314,38.1165,-78.437478
Lithobates catesbeianus,-451.15783355495967,-4933.363728099453,4006.0119901433272,6185517426,38.960738,-95.225185
Lithobates catesbeianus,1193.2279457230227,-4937.940790498736,3844.827817829009,6185534520,37.120123,-76.41519
Lithobates catesbeianus,-2709.7068759209346,-4303.215484815137,3837.913269930872,6185560091,37.042177,-122.198355
Lithobates catesbeianus,1005.0621143152576,-5079.558676190489,3711.8306711356736,6185570509,35.634517,-78.807789
Lithobates catesbeianus,-49.555953169737464,-5143.529447650626,3759.175728578503,6185584104,36.160133,-90.552006
Lithobates catesbeianus,-1180.1509492712648,-4897.073620632214,3900.726447819644,6185611838,37.753239,-103.549412
Lithobates catesbeianus,-677.7811271364459,-5131.431558561045,3714.670380152033,6185650187,35.665945,-97.524313
Lithobates catesbeianus,-489.7713001907192,-5518.071251119237,3146.5484059137416,6185663282,29.596281,-95.07215
Lithobates catesbeianus,-2564.7362147373483,-4365.740089589939,3866.806789670179,6185669837,37.368422,-120.432908
Lithobates catesbeianus,-2612.8132612883232,-4242.6116850984145,3970.290427762143,6185705402,38.548788,-121.626847
Lithobates catesbeianus,-231.94885851685373,-5146.212690562563,3748.659467089936,6185716973,36.043081,-92.580675
Lithobates catesbeianus,-308.3384076228369,-4956.317288776176,3991.1902346343295,6185756353,38.789521,-93.559851
Lithobates catesbeianus,-183.24359951006932,-5502.414366639903,3206.1832528273903,6188071636,30.214972,-91.907382
Lithobates catesbeianus,-2491.970681197945,-4670.380005996091,3545.050895730446,6252688556,33.809596,-118.083005
Lithobates catesbeianus,732.7065773485023,-5487.517744117731,3152.7834066393966,6274080092,29.660788,-82.394713
Lithobates catesbeianus,55.836623050500286,-5254.786422109672,3601.9237997514033,6320894002,34.427406,-89.391206
Lithobates catesbeianus,-684.5012235661461,-5327.766670576537,3425.8011484188182,6400022855,32.528375,-97.321145
Lithobates clamitans,-252.8691896868312,-5338.326825182821,3468.1518147448605,6129829368,32.981255,-92.711995
Lithobates clamitans,294.45443574564126,-5239.27567860466,3612.8991237687264,6129998679,34.547155,-86.783283
Lithobates clamitans,177.23654928745754,-4916.544431505884,4047.95395086241,6130729349,39.447503,-87.935438
Lithobates clamitans,-40.87503230546131,-5494.983831419408,3223.85406832424,6159208160,30.399046,-90.426193
Lithobates clamitans,840.2997868021656,-5144.285217423091,3663.328950528457,6159684229,35.09962,-80.72288
Lithobates clamitans,1162.0964457441803,-5099.419080122105,3638.0228182012283,6162848853,34.821925,-77.162217
Lithobates clamitans,-262.95998791121576,-5402.340374116334,3366.7972402014007,6162965135,31.901186,-92.786684
Lithobates clamitans,962.4283615839531,-4952.734110576665,3890.2325905306266,6170934077,37.633974,-79.003184
Lithobates clamitans,269.55041671584615,-5148.419120835841,3743.110505814337,6171066076,35.981388,-87.002961
Lithobates clamitans,980.3688962799057,-5065.900734736072,3737.0148116758755,6171189967,35.913672,-79.047333
Lithobates clamitans,6.048889672051902,-5499.54314082139,3216.3242658126946,6171220253,30.320567,-89.936981
Lithobates clamitans,1001.5113087492274,-5067.919225828725,3728.6623537939754,6171278189,35.82098,-78.821365
Lithobates clamitans,-154.4408225756966,-5200.974689994068,3676.3791202813513,6178324272,35.243195,-91.700875
Lithobates clamitans,710.6841257130395,-4943.5194773539815,3955.53996063227,6178496078,38.37937,-81.819166
Lithobates clamitans,724.0866400314471,-5136.520498332193,3698.8658853246643,6178501617,35.491188,-81.975983
Lithobates clamitans,1254.1333910384835,-4648.4588446978305,4172.377372231598,6178573625,40.912112,-74.901345
Lithobates clamitans,1109.035201521371,-4570.0131153125785,4298.229190880229,6178599752,42.427319,-76.35935
Lithobates clamitans,1004.6832502284066,-5079.633889250493,3711.8303096404925,6178661193,35.634513,-78.812063
Lithobates clamitans,999.0918384375409,-5058.771468220148,3741.7108199815093,6178680849,35.965834,-78.828033
Lithobates clamitans,1315.4424851326958,-4496.44995418645,4317.55741218134,6178723897,42.663253,-73.693092
Lithobates clamitans,411.6054769876107,-5213.241976452202,3639.016646835788,6178732641,34.832813,-85.485643
Lithobates clamitans,979.2823861195753,-4742.791793833256,4139.647948589506,6178738688,40.523761,-78.333627
Lithobates clamitans,747.0318376093305,-5084.637563914285,3765.389409730057,6178745231,36.229377,-81.641934
Lithobates clamitans,512.3841739595398,-5256.017364248905,3563.9159718864344,6178846638,34.014028,-84.4321
Lithobates clamitans,1085.9601654376559,-4916.552864892742,3903.581890453308,6178973934,37.785725,-77.544587
Lithobates clamitans,710.9114167420635,-4750.7785050206185,4185.02827749793,6178982403,41.062833,-81.48935
Lithobates clamitans,790.2774951108138,-4700.547829826606,4227.299931387787,6179096579,41.568982,-80.456424
Lithobates clamitans,177.2315387914601,-4755.04565080533,4236.49418388511,6179166548,41.679596,-87.865442
Lithobates clamitans,685.6328524005339,-5087.5556028535275,3773.120553237098,6179213801,36.315617,-82.324683
Lithobates clamitans,319.38329511783604,-5137.6207904950215,3754.011195181819,6179258272,36.102627,-86.442751
Lithobates clamitans,865.6074674655798,-5129.318900210513,3678.3915590769384,6179279833,35.265358,-80.421198
Lithobates clamitans,-3.0620498931941222,-5497.869618565507,3219.1883155202727,6179377736,30.35041,-90.031911
Lithobates clamitans,723.1029657776784,-4743.074899007811,4191.672188156297,6179409204,41.142126,-81.331748
Lithobates clamitans,980.3404009493536,-5065.895686249424,3737.0291307378598,6179428013,35.913831,-79.047633
Lithobates clamitans,954.6071226197697,-4627.589244060459,4273.627985608597,6179432372,42.128297,-78.344178
Lithobates clamitans,-519.7393894719069,-5491.814956824185,3187.4115794341624,6179435101,30.019807,-95.406308
Lithobates clamitans,666.7414449027618,-4902.932009602703,4013.2862699463153,6179560358,39.04492,-82.255947
Lithobates clamitans,1348.5565895425473,-4607.815774086841,4187.980664539332,6184774493,41.098057,-73.686977
Lithobates clamitans,459.6366720819807,-4912.229555165668,4030.9413363024455,6184827915,39.249653,-84.654406
Lithobates clamitans,1319.905700364808,-4358.572263735272,4455.384371030126,6184855509,44.372605,-73.152122
Lithobates clamitans,280.4423867104924,-5139.123958684042,3755.0645979387914,6184862494,36.114353,-86.876463
Lithobates clamitans,1537.373059143358,-4471.7618361988025,4269.611608450299,6185038475,42.079613,-71.027244
Lithobates clamitans,1002.6700548345772,-5061.155551054953,3737.527308106403,6185041590,35.919363,-78.79418
Lithobates clamitans,1291.6111656307655,-4657.37162446759,4150.949683879521,6185067942,40.657606,-74.499912
Lithobates clamitans,834.1784239386726,-4734.630411501941,4180.571055871864,6185081197,41.009691,-80.007801
Lithobates clamitans,1141.6142016960837,-4833.499480918108,3990.457732156504,6185126317,38.78107,-76.710965
Lithobates clamitans,281.2015745160387,-5137.518045789348,3757.20469676007,6185226844,36.138181,-86.867047
Lithobates clamitans,689.8085437665075,-4750.147681060774,4189.273721152284,6185257328,41.11349,-81.737361
Lithobates clamitans,1088.0588822129532,-4841.504048503874,3995.712645678557,6185276323,38.841719,-77.33403
Lithobates clamitans,680.1580402852293,-4880.035823725226,4038.8598055727616,6185291470,39.341672,-82.065479
Lithobates clamitans,-49.592250542295155,-5143.522864564967,3759.1842572639325,6185354400,36.160228,-90.552411
Lithobates clamitans,702.5000101085044,-4742.302151282448,4196.047803757347,6185358634,41.1944,-81.573779
Lithobates clamitans,1291.617359348489,-4657.417947838821,4150.895781136392,6185365287,40.656967,-74.499988
Lithobates clamitans,677.7726502748383,-4734.002409471845,4209.465352195173,6185402575,41.354956,-81.852266
Lithobates clamitans,1192.6731786757869,-4941.938438382499,3839.8604518631105,6185558328,37.064119,-76.43185
Lithobates clamitans,702.0579115776613,-4742.897140029798,4195.449265283255,6185577277,41.187247,-81.580047
Lithobates clamitans,544.450849292335,-5141.953657777641,3722.047686912332,6185603970,35.74765,-83.955812
Lithobates clamitans,1049.406470803548,-4854.302170661261,3990.519969205322,6185902395,38.781788,-77.801475
Lithobates clamitans,-2270.9441066029494,-3478.4025466724815,4830.453572664285,6185935229,49.305145,-123.139308
Lithobates clamitans,1104.382953964099,-4515.9176935134965,4356.211519896929,6185969497,43.137803,-76.257842
Lithobates clamitans,986.8317977145986,-4738.730710239601,4142.504965419946,6185990704,40.557571,-78.23639
Lithobates clamitans,1293.4787260511764,-4652.791937454644,4155.501546346424,6186062601,40.711589,-74.46404
Lithobates clamitans,1098.3851782523614,-4839.3376193884715,3995.5117989369637,6186077641,38.8394,-77.21222
Lithobates clamitans,475.17223548141806,-4910.191894316046,4031.6225067952514,6186097528,39.257564,-84.472548
Lithobates clamitans,288.96112753645974,-5225.437277752573,3633.326279420012,6186147677,34.770491,-86.834828
Lithobates clamitans,-10.766233827864525,-5529.491207067018,3164.5480259991527,6186168989,29.782617,-90.111558
Lithobates clamitans,554.8031237896452,-5151.094427449842,3707.8528588666863,6187895338,35.590514,-83.852606
Lithobates clamitans,451.8087813877297,-4912.913399457778,4030.9929154200445,6187900928,39.250252,-84.745658
Lithobates clamitans,705.9569792306726,-4718.53337923842,4222.181974070492,6187903918,41.507491,-81.490885
Lithobates clamitans,1564.7279791345798,-4462.850649402894,4268.997957614293,6187913748,42.072178,-70.678733
Lithobates clamitans,1108.788242578129,-4843.025940930182,3988.1626719926144,6187918608,38.754598,-77.10464
Lithobates clamitans,1294.5267076937494,-4628.907944999889,4181.765771711983,6187943256,41.023931,-74.375747
Lithobates clamitans,1316.1664947958952,-4593.237451371832,4214.217436603067,6187997062,41.411915,-74.010641
Lithobates clamitans,1175.1437087070033,-4917.910434362076,3875.944704605111,6188033717,37.471896,-76.561065
Lithobates clamitans,373.85565235598887,-4770.475886635431,4206.250693421494,6188053014,41.316453,-85.518967
Lithobates clamitans,-62.14701184852721,-4702.624102793962,4297.8154248893725,6188065303,42.422278,-90.757142
Lithobates clamitans,1316.1827134834782,-4593.213522872189,4214.23845169074,6188156678,41.412167,-74.010375
Lithobates clamitans,1148.748518855694,-4805.050545598309,4022.6383412319915,6188171371,39.153295,-76.554603
Lithobates clamitans,1173.2741747101736,-4586.708822897851,4263.247941955359,6188183602,42.002553,-75.651488
Lithobates clamitans,1327.926536775824,-4616.9914217673595,4184.465850491628,6188266284,41.056125,-73.95385
Lithobates clamitans,1099.9129514390181,-4569.785516007524,4300.814453870567,6188271570,42.458825,-76.466758
Lithobates clamitans,-2279.1577316353746,-3481.775104158635,4824.151250537783,6188283885,49.218296,-123.208617
Lithobates clamitans,-106.1851010859006,-5495.848898874768,3220.888500821135,6188304071,30.36813,-91.106872
Lithobates clamitans,1278.9215742129177,-4723.383423599139,4079.6766747328243,6188306115,39.817937,-74.84964
Lithobates clamitans,1092.769150658246,-4827.764467496029,4011.0221838616003,6188311909,39.018708,-77.245963
Lithobates clamitans,496.835861505589,-4875.627019234169,4070.770004030339,6188336363,39.713731,-84.181533
Lithobates clamitans,1118.2648984967539,-4829.771882008222,4001.5672322516634,6188343386,38.90935,-76.963692
Lithobates clamitans,498.76013325824664,-4921.757558593741,4014.634976380173,6188522472,39.060539,-84.213525
Lithobates clamitans,1224.6835283539162,-4967.692288091823,3796.3056668146564,6188532444,36.574819,-76.151048
Lithobates clamitans,1326.2874890232292,-4506.43181041531,4303.810749116983,6188575350,42.49536,-73.600322
Lithobates clamitans,1173.0498592898794,-4586.433703756194,4263.605638230004,6188599685,42.006882,-75.653293
Lithobates clamitans,298.33729978338505,-5241.194924177518,3609.7955277288515,6188623508,34.513275,-86.742147
Lithobates clamitans,1157.8506216200847,-4938.134399457528,3855.3811381737155,6188631597,37.239243,-76.804161
Lithobates clamitans,1000.4355960226624,-5057.58334260167,3742.9577182391913,6188674427,35.97969,-78.810824
Lithobates clamitans,356.76576221048407,-4984.933540901306,3951.3173642962383,6236199556,38.330944,-85.906389
Lithobates clamitans,360.98711586919615,-5150.213710048656,3732.926489053961,6320291877,35.868288,-85.9906
Lithobates clamitans,1163.7433917690403,-4385.351239158911,4472.599798439241,6399418785,44.5896,-75.137933
Lithobates clamitans,837.7101333792556,-5131.346132995023,3682.021418393458,6400450851,35.305349,-80.728058
Lithobates clamitans,823.4311514511869,-5151.108983664395,3657.566199935303,6423114537,35.0363,-80.917817
Lithobates clamitans,1213.0476846935003,-4766.814640280405,4049.166164723988,6479825369,39.461622,-75.722554
Lithobates pipiens,598.4095747348325,-4873.580342990876,4059.5410763971886,6178401920,39.582579,-82.999894
Lithobates pipiens,565.3412621379813,-4728.709613019797,4231.9555506569095,6178527557,41.624969,-83.182358
Lithobates pipiens,563.0496521513303,-4730.00639713506,4230.811707220154,6178868559,41.611209,-83.211579
Lithobates pipiens,349.44540252317574,-4929.76852246679,4020.575003059693,6178881389,39.12937,-85.945385
Lithobates pipiens,792.9568074061475,-4557.714690020152,4380.4348454965275,6178926735,43.437073,-80.130401
Lithobates pipiens,456.07241302992827,-4909.634107921229,4034.5066625409127,6178999351,39.29107,-84.692833
Lithobates pipiens,1318.5437300429041,-4358.956204788664,4455.412031044535,6179206112,44.372953,-73.169922
Lithobates pipiens,511.67735493814433,-4872.921084482023,4072.17135181361,6179245519,39.730116,-84.005667
Lithobates pipiens,1319.0957096492707,-4489.761356887893,4323.399425990906,6179438554,42.734741,-73.627167
Lithobates pipiens,-238.52312602886138,-4491.002084907829,4512.62231096071,6184797704,45.097235,-93.040199
Lithobates pipiens,1007.0850648515653,-4537.037475924672,4357.846227654829,6185116598,43.157953,-77.484978
Lithobates pipiens,658.5250754414183,-4667.92205016536,4285.627327273375,6185450737,42.273969,-81.970014
Lithobates pipiens,-633.2377362066628,-4728.965940981307,4222.042660627683,6185670211,41.505818,-97.626889
Lithobates pipiens,608.2559632871527,-4823.526547028615,4117.446959332112,6185687446,40.261612,-82.812828
Lithobates pipiens,486.0247900082661,-4862.900253349809,4087.26487509009,6185805951,39.906842,-84.292501
Lithobates pipiens,1023.0330365404312,-4478.637987632387,4414.176968763308,6185914686,43.85643,-77.13297
Lithobates pipiens,-538.5200462410019,-4529.814856018749,4447.530400083384,6185974517,44.273875,-96.7797
Lithobates pipiens,573.4523391116161,-4697.042643748245,4265.99296146341,6188111951,42.035782,-83.039323
Lithobates pipiens,712.0366859800249,-4608.637882687503,4340.8770719468275,6188207117,42.949107,-81.217219
Lithobates pipiens,1319.8920470172563,-4358.573798402375,4455.3869144865885,6188215357,44.372637,-73.152292
Lithobates pipiens,-1243.9220183460209,-4741.3440664466425,4069.6520226577854,6188357715,39.700662,-104.700607
Lithobates pipiens,1310.6176858586277,-4341.134848026337,4475.106997876516,6195327902,44.62127,-73.200583
Lithobates pipiens,1275.1525382074965,-4281.011669357125,4542.761078992437,6195369128,45.482504,-73.413183
Lithobates pipiens,149.35856860270567,-4664.83836328858,4336.672479223386,6195791018,42.897469,-88.166133
Lithobates pipiens,1065.9597628964996,-4357.050328462896,4524.333691142204,6195933701,45.246633,-76.252527
Lithobates pipiens,-1492.5450002810362,-4839.084212024346,3865.91858951404,6195986098,37.358372,-107.141616
Lithobates pipiens,474.0752625591461,-4745.086377599167,4224.826747244168,6196022667,41.53926,-84.294588
Lithobates pipiens,-509.947694263149,-4077.4995618345906,4868.64496569958,6234274519,49.834758,-97.128617
Lithobates pipiens,755.6915840913778,-4559.76197505521,4384.889290535338,6234337196,43.492267,-80.589875
Lithobates pipiens,1200.4208908847797,-4332.44916818319,4514.269267502063,6234411671,45.118221,-74.513185
Lithobates pipiens,616.746580236248,-4691.152942706929,4266.434208279374,6234529746,42.041125,-82.51027
Lithobates pipiens,1249.1627317374016,-4289.218265353669,4542.240886552831,6234967545,45.475832,-73.762687
Lithobates pipiens,-288.3140917978665,-4457.76740617313,4542.569522484899,6234970952,45.480047,-93.700553
Lithobates pipiens,-238.0527904619976,-4496.066430780086,4507.601429656697,6235205049,45.033305,-93.030804
Lithobates pipiens,-155.76011294521624,-4747.097434549879,4246.240438762587,6235220273,41.797059,-91.879295
Lithobates pipiens,-512.1496495300709,-4321.92815225982,4652.783351163867,6235315972,46.912019,-96.75805
Lithobates pipiens,645.0268632499838,-4639.679551833839,4318.224997803874,6235364895,42.671418,-82.085242
Lithobates pipiens,-36.80705678154508,-4769.399326076993,4223.887834526958,6235485904,41.52798,-90.442162
Lithobates pipiens,-429.3116536384151,-4472.352072023066,4517.024637701089,6235562017,45.153348,-95.483157
Lithobates pipiens,-238.58695618658604,-4490.611578014904,4513.007539259551,6236135731,45.102143,-93.041275
Lithobates pipiens,1393.4812680179111,-4252.651416115233,4534.635489030374,6236189099,45.378375,-71.8574
Lithobates pipiens,1640.7258872265884,-4202.744527198819,4498.300804944278,6236541866,44.91507,-68.674629
Lithobates pipiens,90.93938169611152,-4647.413033715038,4356.952518973525,6251859722,43.146936,-88.878994
Lithobates pipiens,1057.5701806022273,-4417.335670218229,4467.487439198467,6251860701,44.525076,-76.53604
Lithobates pipiens,1784.406843961086,-4059.056916217094,4574.899156900887,6252474540,45.896255,-66.269172
Lithobates pipiens,1263.2331755864282,-4292.553413742833,4535.193520009925,6252497544,45.38552,-73.601646
Lithobates pipiens,-191.79327157745286,-4326.528729340212,4672.699179794139,6252637011,47.174854,-92.538237
Lithobates pipiens,1104.5820057081842,-4520.409700165413,4351.499496149983,6252726015,43.079758,-76.2686
Lithobates pipiens,755.7686664800848,-4559.767739836622,4384.870010751694,6253099457,43.492028,-80.588944
Lithobates pipiens,1096.7058774326,-4340.9881422772005,4532.4178201806335,6253289629,45.349989,-75.821499
Lithobates pipiens,-741.4064001856351,-4750.710467944915,4179.810968118034,6273184422,41.000633,-98.870156
Lithobates pipiens,1112.6018180786737,-4519.759977652066,4350.131040382584,6273257437,43.062911,-76.170805
Lithobates pipiens,1313.0572763307778,-4358.941448980364,4457.046461852648,6273320925,44.39352,-73.235962
Lithobates pipiens,-468.55131989578933,-4532.33977290237,4452.876483046508,6273337575,44.341061,-95.902246
Lithobates pipiens,133.42116669882495,-4562.169872373985,4445.059952076834,6273522368,44.242854,-88.324856
Lithobates pipiens,-524.9764343790166,-4625.423088125424,4349.668278025392,6273564523,43.057215,-96.475249
Lithobates pipiens,935.1454181906,-4441.365502975796,4470.965068695026,6273798935,44.56896,-78.109846
Lithobates pipiens,673.3326402949253,-4501.9741799400945,4457.421313757945,6273857973,44.398238,-81.493675
Lithobates pipiens,1057.2385917946406,-4441.232788987937,4443.810414916004,6274030115,44.22717,-76.609917
Lithobates pipiens,-18.786155169740482,-4566.077000004921,4443.010357862947,6274038624,44.21713,-90.23573
Lithobates pipiens,-1598.2725800307173,-3792.979732811041,4862.980838547904,6274104354,49.755847,-112.849415
Lithobates pipiens,1116.2942005825992,-4356.467262438348,4512.741226652157,6274221418,45.09875,-75.627845
Lithobates pipiens,667.7227452019023,-4664.244882410977,4288.206984524008,6274299659,42.30533,-81.85302
Lithobates pipiens,783.6449573826061,-4625.2322517369985,4310.78650920434,6274322404,42.580501,-80.383797
Lithobates pipiens,1037.398176041858,-4421.609642438484,4467.989069359669,6320133549,44.531404,-76.796082
Lithobates pipiens,1630.71614313144,-4200.2370215333,4504.278738394088,6320192434,44.991037,-68.781605
Lithobates pipiens,1083.76820783583,-4336.515310701017,4539.805564274467,6320207668,45.444607,-75.968241
Lithobates pipiens,710.0149235603379,-4469.675051724656,4484.153974830619,6320244597,44.735692,-80.973892
Lithobates pipiens,-114.47268388671944,-4745.701781367342,4249.113288281219,6320301003,41.831724,-91.381783
Lithobates pipiens,-530.923935572079,-4072.26664478044,4870.781998624322,6320337028,49.864564,-97.42807
Lithobates pipiens,158.93136245867413,-4743.927996844572,4249.663646979454,6320348404,41.838367,-88.081191
Lithobates pipiens,748.8089296564954,-4591.7388188167915,4352.582329642381,6320489041,43.093092,-80.737884
Lithobates pipiens,705.2434100789994,-4541.159077534432,4412.511653779988,6320780941,43.835664,-81.172465
Lithobates pipiens,810.6039567267576,-4623.103368455307,4308.084214542881,6320865801,42.547505,-80.054986
Lithobates pipiens,924.1636609762982,-4460.041973881864,4454.626836068347,6320941921,44.363075,-78.29343
Lithobates pipiens,864.0226931765378,-4471.39994758903,4455.311484515333,6320961959,44.371688,-79.063348
Lithobates pipiens,-516.2708032958116,-4073.438804948585,4871.37700139096,6321037785,49.872866,-97.2232
Lithobates pipiens,1636.5834585424989,-4209.1659136820135,4493.803514173707,6333935700,44.857985,-68.753212
Lithobates pipiens,1318.3550839345673,-4423.464680726224,4391.429519041489,6333971726,43.573397,-73.404009
Lithobates pipiens,-1295.7425108251991,-4762.097550060848,4029.048448333963,6334043949,39.227674,-105.22139
Lithobates pipiens,457.27962122858685,-4654.809184989911,4325.898742344766,6334062891,42.76535,-84.389374
Lithobates pipiens,-391.7577058794626,-4308.883448436727,4676.5160597767135,6334067853,47.225375,-95.19497
Lithobates pipiens,1076.899457049361,-4323.018476282569,4554.289400422833,6334306387,45.63057,-76.011856
Lithobates pipiens,550.1032228757166,-4726.091128220953,4236.885910856037,6334380659,41.684313,-83.360814
Lithobates pipiens,593.5057496958856,-4841.94198063837,4097.938739279436,6334389580,40.032095,-83.011774
Lithobates pipiens,51.21867084080043,-4646.518503642413,4358.554298473683,6334410054,43.166683,-89.368453
Lithobates pipiens,1313.249165196406,-4358.313919627928,4457.603564446465,6334522312,44.400532,-73.231371
Lithobates pipiens,864.0193868905409,-4450.1004297606,4476.586846448894,6334592477,44.639971,-79.012314
Lithobates pipiens,-391.75477858616443,-4308.889615499657,4676.510622736952,6334634342,47.225303,-95.194924
Lithobates pipiens,-1250.649218765975,-3979.303075660497,4815.6802939269555,6334722647,49.101802,-107.447334
Lithobates pipiens,1313.0297472088646,-4358.624189246795,4457.3648257165105,6334743835,44.397527,-73.235142
Lithobates pipiens,-300.10701106672747,-4722.548042195381,4265.821011334466,6334979493,42.0337,-93.636125
Lithobates pipiens,62.288328118038116,-4630.854658227676,4375.049534374295,6335022505,43.370412,-89.229377
Lithobates pipiens,812.7521172245503,-4567.444266916787,4366.650889896446,6352275037,43.266597,-79.910136
Lithobates pipiens,1074.6916867362565,-4408.509637710552,4472.117360082424,6352615698,44.583508,-76.299842
Lithobates pipiens,-516.9604181764624,-4073.3246037391173,4871.399360377859,6352737639,49.873178,-97.232947
Lithobates pipiens,1024.5662382904532,-4406.023829359295,4486.309303664967,6352795359,44.762985,-76.909223
Lithobates pipiens,856.7169340311549,-4512.226436217952,4415.382408457678,6352860700,43.871466,-79.249461
Lithobates pipiens,-516.9830427370047,-4073.3053628206094,4871.413048019711,6352933021,49.873369,-97.233294
Lithobates pipiens,864.2478698431569,-4450.431158266415,4476.213942013994,6400368348,44.635258,-79.010276
Lithobates sylvaticus,-337.5074563142676,-5153.692262650576,3730.3214216077013,6159267167,35.839383,-93.746863
Lithobates sylvaticus,228.94347191033629,-4911.812817554564,4051.1026723169794,6162791260,39.484183,-87.33133
Lithobates sylvaticus,472.51935063571085,-5053.819515000556,3850.374904181642,6162826794,37.182712,-84.658518
Lithobates sylvaticus,915.7147958001561,-4780.9546234969075,4110.193721771963,6163110262,40.176186,-79.157234
Lithobates sylvaticus,339.1048909333672,-5073.55296257035,3838.4660137372753,6163347966,37.048405,-86.176166
Lithobates sylvaticus,850.1459982267147,-5018.906081658896,3831.1338602121286,6163364248,36.965832,-80.385999
Lithobates sylvaticus,556.0226661663377,-5151.013634294933,3707.7824186020453,6163368724,35.589735,-83.839101
Lithobates sylvaticus,1084.9921447802853,-4826.028399330095,4015.220425369186,6170873050,39.06732,-77.329383
Lithobates sylvaticus,863.2517973582852,-5068.742071130191,3761.968006295369,6170937886,36.191242,-80.334755
Lithobates sylvaticus,493.6070878669073,-4914.566856502983,4024.0698037493553,6171003286,39.169898,-84.264586
Lithobates sylvaticus,421.5640293709549,-5146.534028690462,3731.6516973518687,6171039590,35.854142,-85.31723
Lithobates sylvaticus,907.7768618354794,-4877.103112021071,3997.4441251264475,6171138018,38.861714,-79.456174
Lithobates sylvaticus,838.1542157256955,-5001.50009697033,3856.4552921490567,6171200510,37.251378,-80.486738
Lithobates sylvaticus,695.5931096771297,-5106.7943082292795,3745.2043000194494,6171233866,36.004661,-82.243513
Lithobates sylvaticus,421.5674426814889,-5146.533749097478,3731.6516973518687,6171266739,35.854142,-85.317192
Lithobates sylvaticus,596.0546648754986,-4789.793153348734,4158.407569526005,6178312014,40.746076,-82.906427
Lithobates sylvaticus,702.7253929651615,-4735.994504610975,4203.128145090753,6178347134,41.279075,-81.56005
Lithobates sylvaticus,885.1220078618829,-4779.7399197010145,4118.300433539609,6178356022,40.271671,-79.508697
Lithobates sylvaticus,607.824990219083,-5165.638202797849,3679.196090009069,6178368850,35.27422,-83.289038
Lithobates sylvaticus,842.4562474294265,-4765.317842552224,4143.883017207168,6178390545,40.573885,-79.974323
Lithobates sylvaticus,698.6627389161073,-4734.445831741522,4205.549449624032,6178406311,41.308057,-81.605441
Lithobates sylvaticus,1100.5509429792687,-4824.823271990925,4012.433319774881,6178415351,39.035044,-77.150572
Lithobates sylvaticus,698.6193018861734,-4734.479322803712,4205.518962346217,6178416619,41.307692,-81.606014
Lithobates sylvaticus,604.9598397466987,-5148.678772102076,3703.3611252045816,6178437995,35.540855,-83.298583
Lithobates sylvaticus,1118.9620291943763,-4538.31936672011,4329.126289743904,6178459221,42.8049,-76.149481
Lithobates sylvaticus,1057.029077164079,-4849.5386807001405,3994.298091542523,6178476821,38.825388,-77.70385
Lithobates sylvaticus,1010.6090855009902,-4865.789457099874,3986.541780184425,6178482872,38.735908,-78.266667
Lithobates sylvaticus,1086.7112376735113,-4816.162992587616,4026.584886031964,6178488509,39.199079,-77.284807
Lithobates sylvaticus,1326.5348722450362,-4601.082326858295,4202.3921501767945,6178499002,41.270268,-73.917236
Lithobates sylvaticus,1126.9770673578657,-4536.994581577499,4328.43574355255,6178527183,42.796436,-76.050217
Lithobates sylvaticus,1135.1417419552854,-4728.8502833501925,4115.723673062486,6178555483,40.241306,-76.501773
Lithobates sylvaticus,922.1629740094648,-4635.568405631621,4272.104181285068,6178560083,42.109822,-78.748917
Lithobates sylvaticus,1132.1136704725964,-4784.495443113399,4051.7496370868753,6178573648,39.491722,-76.687447
Lithobates sylvaticus,1018.362488445337,-4684.056964682619,4196.701243049487,6178592245,41.20221,-77.734184
Lithobates sylvaticus,1232.1005912853088,-4725.684084114194,4091.404550980216,6178614788,39.955392,-75.38692
Lithobates sylvaticus,1092.2986761300297,-4827.91536413032,4010.968707007874,6178621418,39.018089,-77.25166
Lithobates sylvaticus,1189.907569617487,-4619.699475302814,4222.824867707794,6178624264,41.515212,-75.556139
Lithobates sylvaticus,629.5083395156475,-4867.974084114121,4061.563824015446,6178628409,39.606186,-82.631614
Lithobates sylvaticus,455.4299368573573,-4642.397632375448,4339.410204763589,6178633678,42.931087,-84.39708
Lithobates sylvaticus,1236.5733542410449,-4300.971583378645,4534.565349427427,6178640498,45.377477,-73.959515
Lithobates sylvaticus,1098.702735705894,-4825.922700874585,4011.6175681903146,6178650802,39.0256,-77.174262
Lithobates sylvaticus,1105.4872942027746,-4836.2646540266405,3997.2734667828577,6178651646,38.859743,-77.124375
Lithobates sylvaticus,875.1258513464359,-4900.717448035884,3975.7862578990907,6178688312,38.612013,-79.875354
Lithobates sylvaticus,1135.4415426704268,-4728.720315237072,4115.790302374483,6178787951,40.242091,-76.497981
Lithobates sylvaticus,908.2945842002795,-4753.120588742183,4143.983439501784,6178794694,40.575074,-79.181527
Lithobates sylvaticus,1127.318274985617,-4801.751290358393,4032.628321839541,6178796881,39.269247,-76.787812
Lithobates sylvaticus,1127.3116322312828,-4801.751620851391,4032.6297852845996,6178809781,39.269264,-76.787888
Lithobates sylvaticus,1207.1600222644263,-4750.8103357416585,4069.6829070744825,6178842902,39.701023,-75.743113
Lithobates sylvaticus,1092.725859628661,-4846.000259313417,3988.9829295336085,6178858235,38.764058,-77.292883
Lithobates sylvaticus,976.6224511049707,-4915.85678497383,3933.231977305929,6178858840,38.1239,-78.76348
Lithobates sylvaticus,753.2690231726316,-4831.828801640265,4083.59759771278,6178872951,39.863861,-81.139069
Lithobates sylvaticus,495.9360221551925,-5045.918477160728,3857.785286074677,6178877060,37.266406,-84.386736
Lithobates sylvaticus,1192.5849792557046,-4711.733123117293,4119.10975496532,6178883026,40.281211,-75.796192
Lithobates sylvaticus,1219.2683429494562,-4729.639554833195,4090.678124579833,6178892845,39.94687,-75.544288
Lithobates sylvaticus,1104.8266412968399,-4832.174003419926,4002.399982889119,6178914568,38.918975,-77.121283
Lithobates sylvaticus,1122.0765210233635,-4801.275509454509,4034.656229836427,6178934875,39.292808,-76.845847
Lithobates sylvaticus,947.0668147286203,-4754.310779968137,4133.926291746865,6178957072,40.456102,-78.734054
Lithobates sylvaticus,1106.1727427578012,-4835.9249182132735,3997.4948628185957,6178976081,38.8623,-77.115783
Lithobates sylvaticus,1306.559903044326,-4511.646184481233,4304.38184359731,6178993326,42.502326,-73.849134
Lithobates sylvaticus,1194.2462558310651,-4717.741006970532,4111.745225723452,6178993375,40.19445,-75.794587
Lithobates sylvaticus,1153.05929224753,-4723.283670616521,4117.134776167326,6179012553,40.257933,-76.281145
Lithobates sylvaticus,698.9025242528285,-4734.142137289481,4205.8514732703825,6179029569,41.311673,-81.60207
Lithobates sylvaticus,603.0856579707573,-4928.611662411619,3991.845174849294,6179036472,38.797078,-83.023728
Lithobates sylvaticus,850.7652662070886,-4768.759507663314,4138.222365891394,6179043674,40.506897,-79.884631
Lithobates sylvaticus,477.9379728851046,-4882.6437001612985,4064.6179305104547,6179072414,39.641845,-84.409408
Lithobates sylvaticus,1139.7577439199854,-4786.446688732483,4047.2995331175703,6179098019,39.439882,-76.606057
Lithobates sylvaticus,893.5990451141118,-4782.59309420322,4113.154163355449,6179144013,40.21104,-79.416656
Lithobates sylvaticus,909.0718807307074,-4786.498557468549,4105.2129061345495,6179194402,40.117586,-79.246225
Lithobates sylvaticus,157.5386306336821,-4919.986394046318,4044.5850951531006,6179215041,39.40828,-88.166008
Lithobates sylvaticus,1207.7167009510347,-4746.305400409857,4074.770980798996,6179225402,39.760522,-75.723822
Lithobates sylvaticus,698.9259547636594,-4734.104693675377,4205.889726176366,6179281103,41.312131,-81.601727
Lithobates sylvaticus,1141.3952367522652,-4788.618077083847,4044.268407885718,6179312458,39.404594,-76.593371
Lithobates sylvaticus,923.2764056314519,-4635.98382217475,4271.412858647091,6179322173,42.101442,-78.736663
Lithobates sylvaticus,1112.2986918855631,-4831.278103286343,4001.411830643405,6179329338,38.907554,-77.034793
Lithobates sylvaticus,1122.4445540031195,-4758.393170699473,4085.0417116483395,6179343624,39.880783,-76.72728
Lithobates sylvaticus,1105.6208462796285,-4836.224105188118,3997.2855887898145,6179344328,38.859883,-77.122767
Lithobates sylvaticus,1084.6444718868315,-4846.49113987918,3990.5918270797097,6179350487,38.782617,-77.385078
Lithobates sylvaticus,833.7563130812719,-4887.241568031304,4001.183999240911,6179355743,38.904921,-80.318627
Lithobates sylvaticus,953.8648219904253,-4756.129012814724,4130.270190254949,6179420430,40.412904,-78.659502
Lithobates sylvaticus,929.900265222386,-4730.47615745706,4165.049093365775,6179429690,40.824961,-78.878801
Lithobates sylvaticus,891.7283947418503,-4782.088174484211,4114.147091578863,6179432358,40.222734,-79.437222
Lithobates sylvaticus,1092.2866659254246,-4827.832525769335,4011.071686250775,6179432816,39.019281,-77.251584
Lithobates sylvaticus,942.2857007285144,-4758.700046613523,4129.966665027753,6179438583,40.409319,-78.799563
Lithobates sylvaticus,1095.893270769707,-4830.510304011802,4006.861773457492,6179450861,38.970567,-77.217729
Lithobates sylvaticus,1268.5958301279295,-4744.849670590182,4057.9328916284094,6179476442,39.563816,-75.031357
Lithobates sylvaticus,1204.2156304074651,-4726.98674370748,4098.196453316207,6179488012,40.035122,-75.707719
Lithobates sylvaticus,868.7572524026853,-4836.899526436301,4054.55508499212,6179501976,39.524423,-79.817652
Lithobates sylvaticus,1326.5282553536706,-4601.080494244096,4202.3962453476815,6179502634,41.270317,-73.917306
Lithobates sylvaticus,-257.92183671702276,-4554.145796020848,4447.806821840129,6179503963,44.277347,-93.241456
Lithobates sylvaticus,1104.7636980363661,-4835.693535163971,3998.1643707021117,6179504376,38.870033,-77.131053
Lithobates sylvaticus,748.0179441849311,-5078.808329352915,3773.052906937594,6179545188,36.314862,-81.621588
Lithobates sylvaticus,1039.1106554444486,-4861.204507831333,3984.807763049502,6179588630,38.715919,-77.934275
Lithobates sylvaticus,1046.1811064479148,-4703.085672963636,4168.48214281326,6184741667,40.865774,-77.458992
Lithobates sylvaticus,1437.7925019420982,-4443.930132690794,4332.896355418543,6184772211,42.85113,-72.071492
Lithobates sylvaticus,1412.2113273682023,-4606.357971216643,4168.558328431938,6184785057,40.86668,-72.955575
Lithobates sylvaticus,1497.3151090210752,-4463.982039408773,4291.930212131895,6184787860,42.350621,-71.457445
Lithobates sylvaticus,1436.101999039389,-4482.325199400337,4293.73089339018,6184797010,42.372537,-72.234947
Lithobates sylvaticus,1406.709596958771,-4444.641936169049,4342.358725249329,6184799615,42.967314,-72.43765
Lithobates sylvaticus,1327.72887722249,-4593.0102050899295,4210.836783135474,6184836936,41.371389,-73.876689
Lithobates sylvaticus,291.42148028275733,-4921.624846904612,4035.149999298463,6399200936,39.298546,-86.611333
Marmota flaviventris,-2067.8128450466984,-4118.960486039792,4398.643845775668,6147525465,43.663016,-116.657703
Marmota flaviventris,-2173.658536815077,-3829.8577547792843,4604.036410929583,6159455404,46.274055,-119.577335
Marmota flaviventris,-2281.0600867162757,-3498.807126135726,4810.911213540448,6162811336,49.036337,-123.102487
Marmota flaviventris,-1433.242606850909,-4615.716730089456,4150.991186109282,6171088813,40.658098,-107.250277
Marmota flaviventris,-1450.9608611696578,-4689.539145233104,4061.119096303088,6184890814,39.600995,-107.192262
Marmota flaviventris,-1749.382633637445,-4417.704703457623,4244.207662668446,6184920444,41.772542,-111.603247
Marmota flaviventris,-2479.9391762018836,-4305.48340945808,3987.7897917139244,6185070056,38.750298,-119.94175
Marmota flaviventris,-2047.4884823046216,-3612.5267483425973,4831.893473268695,6185886145,49.325009,-119.543464
Marmota flaviventris,-2042.9604379177963,-3597.765198322065,4844.806637681504,6185975104,49.503511,-119.589709
Marmota flaviventris,-2012.4652914271132,-3572.608476106018,4876.085033808789,6186076779,49.938607,-119.392743
Marmota flaviventris,-2070.7401749070254,-4115.717598135388,4400.301911244515,6188330331,43.683632,-116.708331
Marmota flaviventris,-1979.1526073697942,-3803.974395257516,4711.951494513074,6188386820,47.69673,-117.487305
Marmota flaviventris,-1780.9344500901357,-4318.963746046998,4331.8099882717925,6188568186,42.837805,-112.408913
Marmota flaviventris,-2229.0428381378474,-3765.3945046406334,4630.6506432515425,6188622745,46.621431,-120.624736
Marmota flaviventris,-2161.6160927619453,-3755.0253862300583,4670.862163022777,6195239530,47.150556,-119.927292
Marmota flaviventris,-2015.5521528217444,-3570.746696299687,4876.173774569354,6195458245,49.939847,-119.443093
Marmota flaviventris,-2015.4362505206086,-3570.7534806130607,4876.216712827126,6195494631,49.940447,-119.441636
Marmota flaviventris,-2015.549545492607,-3570.744552126726,4876.176422444053,6195559553,49.939884,-119.443076
Marmota flaviventris,-2163.743345129959,-3754.5289033993067,4670.276285148711,6195575883,47.142809,-119.954943
Marmota flaviventris,-1941.5071989507655,-4269.071682001723,4312.230269829148,6195810456,42.598137,-114.4553
Marmota flaviventris,-2012.5314303555738,-3573.283139829215,4875.563349411086,6195833094,49.931318,-119.388922
Marmota flaviventris,-1345.7551999308027,-4865.567983187407,3886.507979217111,6195861196,37.591689,-105.460778
Marmota flaviventris,-1992.4055231789569,-3558.194231387559,4894.826572270332,6195866031,50.201201,-119.24658
Marmota flaviventris,-2171.420062182989,-3709.5328675256756,4702.558234405332,6234250280,47.57137,-120.34309
Marmota flaviventris,-1937.6531363298732,-4271.2179582500385,4311.838425320551,6234411883,42.59335,-114.401588
Marmota flaviventris,-2209.3102426483015,-3743.2180413364194,4658.0060193628215,6234713540,46.980819,-120.549819
Marmota flaviventris,-2217.621801974451,-3726.1715482436207,4667.713815792991,6234756622,47.108939,-120.758888
Marmota flaviventris,-1937.6237703219279,-4271.193845210999,4311.875507362492,6235111346,42.593803,-114.401383
Marmota flaviventris,-1630.1279930762703,-4306.464019143719,4403.044799645706,6235146171,43.717752,-110.733183
Marmota flaviventris,-1664.9477421750257,-4282.647997161694,4413.233313332828,6235196331,43.844662,-111.244387
Marmota flaviventris,-2281.208793787091,-3497.50113284928,4811.790248394446,6235932959,49.048397,-123.113983
Marmota flaviventris,-1991.9469203927504,-3551.4730388046582,4899.8918203016365,6236210399,50.27242,-119.287155
Marmota flaviventris,-1999.0264422331252,-3556.1930086004604,4893.581275355648,6236367826,50.183708,-119.341447
Marmota flaviventris,-1838.6155470388696,-3883.0613966793835,4704.368203009066,6236412676,47.595502,-115.337386
Marmota flaviventris,-2190.392904327033,-3695.8563354669,4704.5273941109535,6251454025,47.597625,-120.653603
Marmota flaviventris,-2035.0803487632363,-3497.064985481074,4921.253660509423,6251498403,50.573955,-120.196817
Marmota flaviventris,-2199.2179740897823,-3695.1615378325237,4700.954652136207,6251591616,47.549999,-120.75948
Marmota flaviventris,-1914.3945635569924,-3674.2765558750702,4839.890326820196,6251598738,49.435475,-117.520697
Marmota flaviventris,-1787.3365015455515,-3999.418203981014,4625.995610631903,6252251191,46.560512,-114.079826
Marmota flaviventris,-1770.446686134965,-4414.613160300724,4238.6863892166875,6252434031,41.705998,-111.852874
Marmota flaviventris,-2089.913926982131,-3686.834138804724,4757.022907284301,6252747458,48.302494,-119.547109
Marmota flaviventris,-1809.3169462864005,-4504.788726375408,4125.8943089079885,6252991884,40.361238,-111.882517
Marmota flaviventris,-2059.310081947639,-4283.729245196161,4242.48263047916,6253342897,41.751744,-115.674913
Marmota flaviventris,-1597.6267270281426,-4221.3081697370535,4496.4318416800215,6273380497,44.89134,-110.730011
Marmota flaviventris,-2487.4833419255174,-4379.622697722423,3901.4208666734557,6273570887,37.761138,-119.595167
Marmota flaviventris,-2011.3861005562176,-3553.6949597354956,4890.330379158163,6273741880,50.138072,-119.509797
Marmota flaviventris,-2020.3506544196862,-3569.227674798733,4875.300008031732,6273906014,49.927639,-119.511901
Marmota flaviventris,-2190.239101574625,-3695.616088369769,4704.787724753748,6274054939,47.601097,-120.653472
Marmota flaviventris,-2485.902865082439,-4385.922271792298,3895.346698414487,6274185972,37.692073,-119.54419
Marmota flaviventris,-1866.3828734025976,-4296.299686754926,4318.353517387896,6274339730,42.67299,-113.480915
Marmota flaviventris,-1910.5020734512634,-3674.3206354930107,4841.394718942683,6320089503,49.456284,-117.472656
Marmota flaviventris,-1975.1325253202785,-3809.0630266325425,4709.526886667101,6320114377,47.664343,-117.40832
Marmota flaviventris,-2301.138510062645,-3813.9142435281556,4555.060134641162,6320167359,45.640483,-121.104828
Marmota flaviventris,-1589.348421652933,-4220.170495293115,4500.431725393047,6320212021,44.942138,-110.636757
Marmota flaviventris,-1942.9154443282541,-4268.292192620929,4312.367617014973,6320246326,42.599815,-114.474904
Marmota flaviventris,-1774.8362210537052,-4488.113799366839,4158.911401081562,6320411722,40.752057,-111.576448
Marmota flaviventris,-2469.135684925629,-4429.503808396615,3856.503352844928,6320486020,37.251921,-119.136581
Marmota flaviventris,-2051.8027499943737,-4134.19563289258,4391.843015610289,6320523868,43.57853,-116.395221
Marmota flaviventris,-2169.29120257475,-3713.1440409867705,4700.690389612324,6320592813,47.546478,-120.294306
Marmota flaviventris,-1933.3887991464621,-3830.2932135476326,4709.630004497528,6320698343,47.66572,-116.782937
Marmota flaviventris,-2015.5491970504618,-3570.7392760739226,4876.1804300343265,6320812881,49.93994,-119.443108
Marmota flaviventris,-2042.8812816089257,-3597.6936525125507,4844.893144497638,6320879607,49.504709,-119.589245
Marmota flaviventris,-1806.3704835064452,-4447.574200316388,4188.778167756579,6321035872,41.107575,-112.1044
Marmota flaviventris,-1536.3002850332784,-4799.593449802099,3897.8759960394964,6321065340,37.720824,-107.749332
Marmota flaviventris,-2192.1697426377327,-3695.6417306151384,4703.868317467763,6321220404,47.588836,-120.675444
Marmota flaviventris,-1558.1641349128527,-4237.922342172956,4494.651474815373,6333890071,44.868744,-110.187047
Marmota flaviventris,-1295.1928714118037,-4659.759347451924,4147.1522011322295,6334030652,40.612603,-105.533417
Marmota flaviventris,-2105.765815056872,-3744.3248614437293,4704.841633231633,6334103695,47.601816,-119.352907
Marmota flaviventris,-1323.32186094077,-4728.532183382806,4059.501911903322,6334395881,39.582122,-105.63475
Marmota flaviventris,-2428.0743811898233,-4489.16038054693,3813.3511517843244,6334518519,36.765938,-118.407845
Marmota flaviventris,-1630.1117674536079,-4302.603061969698,4406.8237594003795,6334533090,43.764792,-110.750015
Marmota flaviventris,-1912.026908574494,-3673.2813193807524,4841.581413056369,6334536569,49.458867,-117.498008
Marmota flaviventris,-1756.2013619214624,-4346.811188653974,4314.016967543737,6334540578,42.619969,-111.999724
Marmota flaviventris,-1976.0857595460284,-3808.763142756509,4709.369546231894,6334602494,47.662242,-117.421463
Marmota flaviventris,-1342.3839423947757,-4591.063558152777,4208.312474838301,6334666426,41.341145,-106.298425
Marmota flaviventris,-2168.877942256766,-3714.02073843275,4700.188459600417,6334824425,47.539791,-120.283661
Marmota flaviventris,-2048.493676414472,-3586.4979791535525,4850.820449459539,6334830898,49.586864,-119.733635
Marmota flaviventris,-1812.22347363279,-4660.890482389702,3947.3660993706712,6334851925,38.285659,-111.246821
Marmota flaviventris,-2256.5685015920353,-4093.0185779988965,4329.532382077307,6352514731,42.809878,-118.868886
Marmota flaviventris,-1976.3378709425626,-3811.0177387607,4707.439382977431,6352626400,47.636475,-117.410592
Marmota flaviventris,-1628.616944760222,-4248.16538408333,4459.871169259652,6352679559,44.429082,-110.975299
Marmota flaviventris,-2281.1820648908597,-3497.54273033528,4811.772684362442,6352690069,49.048156,-123.113364
Marmota flaviventris,-2043.5763910574906,-3590.9284948894992,4849.616604246207,6352706766,49.570167,-119.643951
Marmota flaviventris,-1434.4650246551694,-4885.548792899726,3829.291868598489,6352745390,36.945102,-106.362972
Marmota flaviventris,-1313.6077817913117,-4671.725033124263,4127.853308945808,6352762083,40.384363,-105.705059
Marmota flaviventris,-1994.704037131656,-3556.6477154148824,4895.014398585789,6352785825,50.20384,-119.285375
Marmota flaviventris,-2042.7563437899134,-3597.729684317192,4844.9190672462655,6352932810,49.505068,-119.587494
Marmota flaviventris,-2442.000664839367,-4271.203784779609,4047.6170905220097,6352945807,39.44358,-119.758155
Marmota flaviventris,-1350.5864346183782,-4833.969283032161,3924.080832883516,6353019113,38.01936,-105.610093
Marmota flaviventris,-1593.5512959485031,-4216.1253125903395,4502.736361968497,6353029533,44.971427,-110.704879
Marmota flaviventris,-2003.9064672875286,-3553.4935570322527,4893.546315318873,6353089950,50.183217,-119.41977
Marmota flaviventris,-2066.7544235344603,-3604.8215279718743,4829.445209747047,6353159941,49.291239,-119.826966
Marmota flaviventris,-1629.663702476175,-4303.1930438485715,4406.4133911700055,6353194011,43.759682,-110.742195
Marmota flaviventris,-1883.3740139448287,-4316.342109767065,4290.9027307463375,6353297345,42.338119,-113.57336
Marmota flaviventris,-1629.6617653646485,-4302.497994217618,4407.092768474403,6353406721,43.768142,-110.745238
Marmota flaviventris,-1971.3995062514666,-3812.371014164655,4708.414209347567,6398720675,47.649487,-117.343751
Marmota flaviventris,-1324.6680548716251,-4665.537610643248,4131.315344748373,6399243273,40.42525,-105.85063
Marmota flaviventris,-2040.6602517381282,-3482.014269080526,4929.60804695192,6399382867,50.692408,-120.372751
Marmota flaviventris,-2013.1638654226333,-3572.5864661894266,4875.8127858065045,6400209309,49.934803,-119.401398
Marmota flaviventris,-2283.143520650169,-3499.686059960433,4809.283343234126,6451551547,49.014011,-123.119836
Martes americana,-1757.7499656096047,-3547.488919963636,4991.531884182661,3743064428,51.579937,-116.358016
Martes americana,-1756.9843732199506,-3563.757322290634,4980.200075273906,3760365670,51.416238,-116.24397
Martes americana,-1666.8092594803088,-3664.754153700907,4937.719819422736,3772417771,50.807708,-114.457065
Martes americana,101.12647255466403,-4210.86926675945,4779.969307902178,3772728609,48.61367,-88.624273
Martes americana,-1881.9654875419703,-3674.3574151894863,4852.530949805512,3772792048,49.610598,-117.121026
Martes americana,882.1360929441828,-4373.19114613137,4548.273105542454,3802353947,45.55325,-78.595643
Martes americana,901.5221987531054,-4365.501183837469,4551.8578919762485,4022242217,45.599308,-78.331839
Martes americana,888.0979775407092,-4370.300669574022,4549.890896437671,4028830794,45.574031,-78.513216
Martes americana,640.534616020093,-4326.9885330239085,4632.131126213618,4029172087,46.64082,-81.579519
Martes americana,-198.1237235754415,-4319.358434565733,4679.064311759339,4039390233,47.259131,-92.626247
Martes americana,898.54170232677,-4367.099545169726,4550.9139193612,4039469952,45.587176,-78.373503
Martes americana,1391.4048773945754,-4105.240080023829,4669.127272007689,4046540876,47.127619,-71.27674
Martes americana,-1893.7947438559954,-3532.378130402192,4952.332717182596,4067208740,51.016136,-118.196853
Martes americana,887.9845514566714,-4370.343246553058,4549.872138133093,4080832722,45.57379,-78.514753
Martes americana,181.22243595681144,-4369.132669169467,4633.313207368935,4091844383,46.656306,-87.624853
Martes americana,887.9787507525161,-4370.341670043277,4549.874784537787,4096897550,45.573824,-78.514822
Martes americana,301.7451411670662,-4373.090856318368,4623.286640675028,4103265969,46.525092,-86.052823
Martes americana,884.362055358107,-4398.442690360918,4523.423347900441,4138179345,45.235006,-78.631542
Martes americana,-450.66262631338003,-4004.5868957686366,4934.565849308313,4138240796,50.762844,-96.420858
Martes americana,-381.0623207019978,-4091.03110762665,4869.087092448615,4138685976,49.840923,-95.321506
Martes americana,1437.1248983721766,-4356.211524833716,4421.29464151193,4162411594,43.945267,-71.74215
Martes americana,900.6332518667926,-4364.41434577758,4553.075915650885,4177271085,45.614966,-78.340206
Martes americana,-458.9539938684296,-4007.2858755939064,4931.609703986644,4407280578,50.720833,-96.533611
Martes americana,-1707.3312142124248,-3781.2992501018334,4834.930116954399,4413747507,49.366927,-114.300115
Martes americana,-1693.4601234120905,-3816.919771654654,4811.763647233966,4420693483,49.048032,-113.925517
Martes americana,-1803.7712760680743,-3550.283915797212,4973.092240300877,4424212241,51.313857,-116.933482
Martes americana,727.8279496924469,-4370.79365223928,4577.792312334488,4440669328,45.933653,-80.545811
Martes americana,-488.26975748635147,-4063.9442203549074,4882.182211618652,4440810322,50.023879,-96.851063
Martes americana,727.8354559712702,-4370.780819589597,4577.803371248728,4442517327,45.933796,-80.545688
Martes americana,-198.17104598582546,-4318.489874301779,4679.863947997134,4506483216,47.269728,-92.627401
Martes americana,900.8824327629089,-4364.478056091779,4552.965546751912,4507819451,45.613547,-78.337234
Martes americana,899.637611262468,-4367.15490635999,4550.644275477404,4507918817,45.583711,-78.359853
Martes americana,-198.22613219593055,-4318.668125366604,4679.697121944387,4512321140,47.267517,-92.628022
Martes americana,420.86232925723056,-4356.2699119016615,4629.853181705647,4516479719,46.61099,-84.48174
Martes americana,-198.15445935978758,-4318.630451587368,4679.734924387871,4522678642,47.268018,-92.627096
Martes americana,-198.1173159532016,-4318.640740776151,4679.727001749712,4528025502,47.267913,-92.626598
Martes americana,-216.39286541085414,-4325.006237631852,4673.034164429176,4528062443,47.179286,-92.864289
Martes americana,186.36502607378299,-4370.653000604122,4631.675026925371,4597178596,46.634846,-87.558382
Martes americana,439.6025087358202,-4355.120695937744,4629.192854894398,4600072376,46.602346,-84.236131
Martes americana,904.3817776074242,-4362.580744269977,4554.0900276272405,4606854185,45.628006,-78.288229
Martes americana,-1761.4968882902676,-3532.255791121585,5001.004985831264,4852923006,51.717239,-116.504925
Martes americana,-699.6910613331048,-3979.6805296074835,4925.680504319284,4853082888,50.636684,-99.971597
Martes americana,-1810.8286624694163,-3392.042259359573,5079.832870831035,4855459282,52.87643,-118.095357
Martes americana,842.3139353631406,-4105.0856328175,4798.805300406117,4867795592,48.870545,-78.404542
Martes americana,-12.213249883483819,-4262.238285564013,4735.285499658607,4875015647,48.009453,-90.164178
Martes americana,-1676.4761426632542,-3830.5926042899096,4806.843160819564,4910816504,48.980563,-113.636808
Martes americana,-1676.4754732646122,-3830.592530942561,4806.843452735558,4910977725,48.980567,-113.6368
Martes americana,1460.0010841244382,-4318.17231857819,4451.015366306655,4923656753,44.317663,-71.319283
Martes americana,-284.57521412740124,-4342.343128860645,4653.259742204224,4925861154,46.918291,-93.749514
Martes americana,933.3607995636363,-4413.525960797697,4498.819771993553,4935925530,44.921661,-78.059174
Martes americana,887.9800055875444,-4370.341982312197,4549.874239689892,4936956591,45.573817,-78.514807
Martes americana,-88.23002376950376,-4314.361743534856,4687.030119223254,4945780081,47.364791,-91.171553
Martes americana,629.8982353172172,-4305.507428962815,4653.55639505612,4946614026,46.922197,-81.676643
Martes americana,1153.802890572821,-4254.0630559255915,4600.156468598895,5006817500,46.223597,-74.825094
Martes americana,-2052.4231956555623,-3153.2393497388407,5141.438880203772,5006895504,53.80438,-123.059844
Martes americana,901.6491225485462,-4365.507987233495,4551.826227228521,5007215674,45.598901,-78.330259
Martes americana,1436.3670476286547,-4345.257921515498,4432.305994589135,5007561135,44.082964,-71.708197
Martes americana,-1706.726201973156,-3635.8431116189954,4945.450805423953,5008321983,50.917861,-115.146154
Martes americana,-198.17767644305948,-4318.278857252475,4680.058380965277,5008454381,47.272305,-92.627617
Martes americana,-198.1921024218806,-4318.675492297815,4679.6917646829315,5037184777,47.267446,-92.627567
Martes americana,1381.998219146383,-4103.080625658223,4673.816794794357,5063351131,47.189642,-71.385463
Martes americana,-203.82982393225242,-4320.774611202259,4677.511442181959,5069822442,47.238558,-92.70089
Martes americana,-199.3108965346272,-4319.414834857091,4678.961827223694,5069877818,47.257773,-92.641927
Martes americana,-199.29053891468425,-4316.924969303828,4681.260003479583,5070015101,47.288234,-92.643179
Martes americana,1264.494805303355,-4020.305923250489,4777.860012653709,5077094273,48.584986,-72.54023
Martes americana,1117.0749943932085,-3941.492643042443,4879.193819825275,5087291257,49.982066,-74.176517
Martes americana,900.8875571783436,-4364.479026831054,4552.963602243106,5087443772,45.613522,-78.337172
Martes americana,1266.696648204386,-4395.3321961813845,4434.66882825725,5087867243,44.112553,-73.923477
Martes americana,1143.4096355496556,-4250.470998444212,4606.068152599818,5087872255,46.300496,-74.943427
Martes americana,887.9834696694666,-4370.341440533335,4549.874084019054,5104742037,45.573815,-78.514762
Martes americana,-1804.1295002822824,-3725.219308831392,4843.305790160105,5153347682,49.482731,-115.840979
Martes americana,-198.14396712184038,-4318.979638916092,4679.413101725353,5153893597,47.263753,-92.626745
Martes americana,896.9281435938822,-4367.75158817843,4550.606453965392,5154315815,45.583225,-78.3955
Martes americana,-2219.3180577075987,-2928.277900404458,5204.764070196964,5187591018,54.78014,-127.158193
Martes americana,-1754.369138365734,-3263.64461861962,5182.717999214553,5206676764,54.437804,-118.260211
Martes americana,1442.8326139884705,-4248.922608781529,4522.681045826004,5760380324,45.225527,-71.24374
Martes americana,1173.8539596065307,-4234.564264874733,4613.055982517383,5843994281,46.391533,-74.506215
Martes americana,1440.339447793107,-4334.959342915955,4441.092534509291,5868272323,44.19307,-71.620347
Martes americana,-170.15450856482417,-4070.6567990856565,4898.015291620701,5897270745,50.246023,-92.393585
Martes americana,-372.48502461678066,-4095.1338410088924,4866.301147723744,6133332643,49.802089,-95.197206
Martes americana,879.4669902433208,-4405.133454572861,4517.863454128817,6133368940,45.164046,-78.709575
Martes americana,-1803.7709124013968,-3550.4710221669156,4972.958791906995,6147216328,51.311937,-116.932258
Martes americana,899.6398580427839,-4367.153470423214,4550.645209337757,6147564114,45.583723,-78.359821
Martes americana,-198.16621486643245,-4318.577174953481,4679.783591677478,6159143099,47.268663,-92.627284
Martes americana,-1775.9564056267664,-3628.546914750906,4926.396173922919,6185909305,50.646833,-116.07898
Martes americana,423.56070946249037,-4345.962237135763,4639.284609556412,6188372656,46.734603,-84.433491
Martes americana,887.8808893692801,-4370.257181592161,4549.975035394413,6235369985,45.575112,-78.515838
Martes americana,-259.2833322206285,-4295.911159946819,4697.62414302745,6252242846,47.505641,-93.453945
Martes americana,-1048.8905450984007,-3598.7885175147667,5151.534039515266,6273179740,53.958399,-106.24911
Martes americana,1620.4771550848732,-4109.39177658684,4590.937392956467,6274192431,46.10389,-68.478945
Martes americana,-1967.9932113310472,-3406.1487427208694,5011.477485960941,6320596879,51.869513,-120.018319
Martes americana,1471.4076369585123,-3655.901265256688,5005.906374900768,6334328945,51.788443,-68.076464
Martes americana,-2302.5699904597914,-2840.5769535709856,5217.187665740309,6334362316,54.974338,-129.028204
Martes americana,1600.1644648853735,-4137.256124846668,4573.001046622915,6422652910,45.871733,-68.85505
Martes americana,1248.047775458732,-4235.541603038918,4592.637282518233,6479336719,46.125943,-73.581825
Martes americana,1804.4504173887367,-3889.2454460897384,4712.481478046707,6479345608,47.703812,-65.110633
Martes americana,-1804.1835877136798,-3560.5427833192393,4965.602662281318,6479416884,51.206224,-116.872057
Martes americana,-1191.989360849187,-3078.0599262820883,5449.262480695538,6479665546,58.7953,-111.169067
Martes americana,1686.9251264236814,-3826.1289025629803,4806.742594365761,6479686103,48.979185,-66.207507
Martes americana,-461.05648195054863,-4008.4073081250676,4930.502094340734,6499333650,50.705102,-96.561461
Mustela frenata,-1025.217204765112,-4944.513375569916,3884.645452488714,48061708,37.570553,-101.713974
Mustela frenata,-930.2312008656753,-4556.964818601915,4354.135354423178,48061797,43.112221,-101.537498
Mustela frenata,-943.2037099399879,-4549.616900446342,4359.025802906643,48061798,43.172497,-101.712357
Mustela frenata,-839.1957666193944,-4905.007637402772,3978.24127875447,48061929,38.640274,-99.70871
Mustela frenata,-1448.6347712874394,-4744.179219831516,3997.9962430214027,255678979,38.868091,-106.980047
Mustela frenata,-545.1304059484888,-4234.187958111247,4729.084298844076,255679271,47.92616,-97.336188
Mustela frenata,1484.0559412787882,-4392.695419032047,4369.388749979503,476839658,43.30042,-71.33265
Mustela frenata,1495.9033560858404,-4531.0712412084295,4221.542334979297,476849026,41.49981,-71.7297
Mustela frenata,-2716.916039214294,-4195.648387256274,3950.2727723603307,583513111,38.3189693,-122.9253056
Mustela frenata,-2708.709352769433,-4254.116500850798,3892.9602578353906,583513121,37.6649561,-122.485994
Mustela frenata,-2397.690895338386,-3768.1326471041853,4543.347648366395,583518427,45.4900283,-122.4689011
Mustela frenata,-2714.8635233543464,-4228.779291582184,3916.20924904724,583520719,37.9295565,-122.7003403
Mustela frenata,-2650.9713249204938,-4486.147677759429,3665.5945189642034,583523835,35.1245271,-120.5798505
Mustela frenata,-2611.844320786644,-4559.511980814908,3602.6202784164334,735664453,34.435,-119.805556
Mustela frenata,-2641.1087905392938,-4539.954768773966,3605.98227723044,735672864,34.471667,-120.188611
Mustela frenata,-2568.722259443698,-4606.722767163206,3573.4471354724233,735678809,34.1175,-119.144167
Mustela frenata,-2314.3567384801127,-3772.5729757888653,4582.70653206996,812665003,45.9972339,-121.5278271
Mustela frenata,-2363.8748888038185,-3641.385084683328,4662.849268934818,812665347,47.0447,-122.99039
Mustela frenata,-2477.9966818200473,-4684.074374631865,3536.768698612248,1065356485,33.72,-117.88
Mustela frenata,-2560.3607489107276,-4607.627150717461,3578.278637150275,1065398265,34.17,-119.06
Mustela frenata,736.2787472391605,-5592.592322453969,2961.512763921554,1133410847,27.7,-82.5
Mustela frenata,-734.2184647596387,-5664.779997200852,2821.5144796716086,1147130728,26.287,-97.385
Mustela frenata,-2719.4884517416467,-4191.791170321312,3952.596927962367,1264846501,38.345615,-122.974106
Mustela frenata,-1522.018830293433,-5197.153015984455,3356.011373394514,1323889718,31.787,-106.323
Mustela frenata,411.17655506368203,-4612.494494741038,4375.566421187892,1343160451,43.376807,-84.905886
Mustela frenata,417.3033651163207,-4564.603144643517,4424.930413356863,1343160455,43.990697,-84.776448
Mustela frenata,376.1846832333989,-4595.264690641529,4396.792084772855,1343160520,43.64,-85.32
Mustela frenata,432.4845278896261,-4629.990677324087,4354.985257231712,1343160531,43.122692,-84.663522
Mustela frenata,-1388.8655667694577,-4709.854165274134,4059.320055005453,1656052764,39.58,-106.43
Mustela frenata,-2401.5807274286944,-4363.882723139641,3972.2400126381917,1656059990,38.57121,-118.82536
Mustela frenata,-2240.2332918983684,-3629.3292416625986,4732.766335153302,1702672400,47.9756,-121.6853
Mustela frenata,-2383.784644177682,-3626.7853872931155,4664.0917287696275,1702673140,47.0611,-123.3158
Mustela frenata,-2096.0531538751757,-3636.228251274034,4793.1365941775475,1702673176,48.7931,-119.9607
Mustela frenata,-1309.805228522265,-4777.399619396754,4006.3220376800623,1852463114,38.964324,-105.331869
Mustela frenata,-1731.4208465359436,-5189.71780673148,3264.7762662014648,1893529423,30.826667,-108.45
Mustela frenata,-1731.785080216656,-5187.7933525710605,3267.6403866759792,1893529432,30.856667,-108.46
Mustela frenata,-2437.0886058470423,-4686.994967383249,3561.240013345359,2381408154,33.985,-117.473
Mustela frenata,-2417.164165684194,-4762.369829997124,3473.7449716613964,2381408957,33.041239,-116.910295
Mustela frenata,-2424.0089062196503,-4762.587204199626,3468.673676585798,2381409046,32.98685,-116.97468
Mustela frenata,-2437.358936023574,-4735.800708629134,3495.887039767055,2381409064,33.279105,-117.233372
Mustela frenata,-2419.4237238412725,-4786.773526554487,3438.4504038401637,2381409152,32.6634,-116.81383
Mustela frenata,-2460.1349723589133,-4718.642662223924,3503.1272420073997,2381409212,33.357025,-117.535958
Mustela frenata,-2392.5019738206497,-4770.603532749335,3479.515680128672,2381409449,33.10317,-116.63419
Mustela frenata,-2411.8584431801855,-4768.61962692966,3468.8555509561256,2381410343,32.9888,-116.82924
Mustela frenata,-2380.6741315303398,-4783.972085135632,3469.258551590344,2381410414,32.993121,-116.456566
Mustela frenata,-2422.0025929538733,-4783.660493040502,3440.96626788547,2381411044,32.69028,-116.85343
Mustela frenata,-1279.8087488708131,-4687.590880452429,4120.4774521274085,2562039384,40.297336,-105.270759
Mustela frenata,-962.9811536111874,-3914.1371317363555,4933.756270979527,2628735011,50.751335,-103.821767
Mustela frenata,-961.1722827455194,-3913.192564886499,4934.858146155391,2628736689,50.767,-103.8
Mustela frenata,1341.417762644622,-4605.81175697782,4192.475351749109,2804490538,41.151718,-73.762085
Mustela frenata,-2293.316978234898,-3709.721290433797,4644.18112419393,2845115278,46.798891,-121.723991
Mustela frenata,1292.5709567103024,-4503.931976057445,4316.666561896312,3020143073,42.652359,-73.987197
Mustela frenata,1346.3541292387197,-4569.748165028068,4230.187394972225,3020143132,41.6037,-73.5838
Mustela frenata,-1811.9141119435842,-4525.004358295159,4102.566993728065,3356345276,40.086477,-111.822281
Mustela frenata,-1422.260260289371,-4774.0208368867225,3971.857743002692,3861470680,38.566813,-106.58967
Mustela frenata,1179.1900016431339,-4626.844736902849,4218.005672150846,3872375375,41.457357,-75.702069
Mustela frenata,-2412.3187821401593,-4764.2102019788945,3474.589526026273,4023220301,33.0503,-116.855
Mustela frenata,-2315.2614862960645,-3652.767352627784,4678.312521340166,4092999665,47.24917,-122.368062
Mustela frenata,1761.7368515710841,-4087.4338730067107,4558.390146673625,4137260989,45.683333,-66.683333
Mustela frenata,1820.2185469216922,-4097.89826728391,4525.9018285985,4137261191,45.266667,-66.05
Mustela frenata,1799.9999522233188,-4075.3656355349954,4554.2450788658625,4137264678,45.63,-66.17
Mustela frenata,1806.6049353820251,-4073.5722456363037,4553.234113980122,4137265002,45.617,-66.083
Mustela frenata,-2718.8085318675444,-4281.102344292521,3856.163380150635,4173689470,37.24808,-122.41849
Mustela frenata,-2716.690006775144,-4228.1322840906505,3915.641189511098,4501743305,37.92308,-122.721848
Mustela frenata,-1789.5672600826795,-4964.297565512755,3569.7271369618365,5099422840,34.0771,-109.8236
Mustela frenata,-1573.000823142567,-4963.065196410249,3671.975680236941,5099429583,35.194721,-107.585564
Mustela frenata,-1434.4109945208925,-4978.222869654404,3708.0338844898497,5099442622,35.592516,-106.073657
Mustela frenata,-1342.7195885147094,-4939.73171386748,3792.8759314414933,5099444435,36.536421,-105.206742
Mustela frenata,305.90434342032864,-4516.205590438772,4483.309349938235,5099458886,44.725,-86.125
Mustela frenata,-1372.3282972036784,-4648.862802349251,4134.554730476422,5099485910,40.46353,-106.446419
Mustela frenata,-1607.2823233465765,-4810.85335837623,3855.137692344491,5099498149,37.236493,-108.474219
Mustela frenata,-869.1847999054028,-4611.216069566175,4309.403354649634,5099501734,42.56361,-100.674642
Mustela frenata,-844.683213575724,-4624.455953948939,4300.077967707915,5099504028,42.449848,-100.35129
Mustela frenata,-1470.99893154271,-4986.49132524469,3682.5018039828706,5099519722,35.310643,-106.43589
Mustela frenata,-2061.1374058962074,-4483.46004006492,4029.8947620048284,5099608843,39.2375,-114.6892
Mustela frenata,-1468.9516894052072,-5005.603688376045,3657.3030745054693,5099644101,35.03341,-106.35493
Mustela frenata,-1916.8583958644974,-4156.623297028633,4431.4658733290535,5099646556,44.072447,-114.757148
Mustela frenata,-2428.827503035619,-4463.1215930600465,3843.318323498113,5146990721,37.1031,-118.555
Mustela frenata,-2405.9382638495963,-4123.98386778988,4218.29008704127,5147337916,41.46077,-120.25935
Mustela frenata,-2058.347261516253,-3717.384985817903,4746.99995238062,5174737445,48.167167,-118.973667
Mustela frenata,-2033.7441635216237,-3546.331853156,4886.426935329157,5174758477,50.083333,-119.833333
Mustela frenata,-2059.3370606656335,-3543.034950532263,4878.0925923513705,5174793483,49.966667,-120.166667
Mustela frenata,-2304.0928918000377,-3643.3065501502933,4691.186039507061,5189238874,47.42,-122.31
Mustela frenata,-2077.704005111658,-4361.044817668905,4153.81599196493,5195978535,40.691594,-115.474225
Mustela frenata,-1714.8660920148236,-3987.3336344444247,4663.706455574092,5195981894,47.056014,-113.271496
Mustela frenata,-2454.8908445609177,-4719.986828810992,3504.994779856197,5196127614,33.377135,-117.479187
Mustela frenata,-1305.0936336326126,-4700.638099760864,4097.61945429363,5196141435,40.028345,-105.516878
Mustela frenata,-1428.8914317748602,-4726.140501312822,4026.365404149058,5196146637,39.196532,-106.822057
Mustela frenata,-1980.2093553213997,-3928.6154317032397,4608.091234834463,5196188599,46.326837,-116.750281
Mustela frenata,-1966.7558581623503,-3873.0284018350926,4660.608921872787,5196188664,47.015141,-116.921837
Mustela frenata,-2208.5328057637385,-3742.195071100858,4659.196499974136,5196188811,46.996514,-120.547847
Mustela frenata,-2235.4686024570174,-3578.982607584545,4773.187273899238,5196188868,48.5215,-121.989315
Mustela frenata,-1811.7513142193366,-4232.834622586421,4403.455616096932,5196188869,43.722864,-113.172047
Mustela frenata,-1907.5686013089235,-3974.2690664382576,4599.578301163025,5196195021,46.216082,-115.640062
Mustela frenata,-1914.8610577150087,-4024.0519542018205,4553.02823725139,5196195022,45.614353,-115.447626
Mustela frenata,-1907.2819059930832,-3854.075157567969,4700.865190639513,5196195058,47.548807,-116.329615
Mustela frenata,-2008.608486493951,-3886.785295386232,4631.214219319948,5196198537,46.628811,-117.328965
Mustela frenata,-1993.9408251985858,-3875.9691583992517,4646.591890667999,5196198538,46.830571,-117.222953
Mustela frenata,-1996.5032050160598,-3870.1252688464588,4650.361113448521,5196198581,46.88014,-117.288105
Mustela frenata,-2714.4438894592404,-4228.635759774048,3916.6550922713354,5222772303,37.93464,-122.697198
Nerodia sipedon,-452.8665705278553,-4936.196326084687,4002.328176114974,6178327870,38.918145,-95.241872
Nerodia sipedon,531.4731162129098,-5230.399415586755,3598.6402167832925,6178378928,34.391613,-84.197956
Nerodia sipedon,239.40562593018996,-5416.323025594493,3346.0249488557806,6178393919,31.681403,-87.46913
Nerodia sipedon,899.1586121718467,-5072.539333183396,3748.41454926506,6178626892,36.040357,-79.948159
Nerodia sipedon,325.11070117836294,-5154.441513470152,3730.3872246554065,6178668131,35.840113,-86.390913
Nerodia sipedon,1249.173638425231,-5063.313089129475,3659.532608433902,6178715830,35.057901,-76.141269
Nerodia sipedon,697.580246850276,-4762.8391845396145,4173.547391739522,6178923242,40.926037,-81.667526
Nerodia sipedon,1004.922971565585,-4909.971481869161,3933.4543340591595,6179119891,38.126442,-78.43303
Nerodia sipedon,987.552518131664,-5075.516155714877,3722.046333226727,6179238670,35.747635,-78.989426
Nerodia sipedon,636.7528046343896,-5241.578286239982,3565.1305817157954,6179259101,34.027207,-83.073584
Nerodia sipedon,280.24294184228035,-5112.05145863837,3791.8527011816195,6179401452,36.524969,-86.862183
Nerodia sipedon,325.41057168216827,-5154.521749369764,3730.2502094080755,6179471283,35.838593,-86.387649
Nerodia sipedon,511.4546030807083,-5262.549885528254,3554.3967168834083,6179481667,33.910811,-84.448994
Nerodia sipedon,522.618807284003,-5270.107963152967,3541.551181143957,6184767612,33.771725,-84.336687
Nerodia sipedon,233.5782839813683,-4991.015802665886,3952.841455518947,6184828668,38.348419,-87.320527
Nerodia sipedon,-453.37910499886794,-4936.0964555186265,4002.393321332164,6184852295,38.918898,-95.247877
Nerodia sipedon,1144.4477934690556,-4798.064103271063,4032.192113305478,6184858686,39.26418,-76.58432
Nerodia sipedon,1110.8436416704014,-4827.00950519691,4006.9637844852755,6184892694,38.971747,-77.040117
Nerodia sipedon,1152.1465700959377,-4787.726830556661,4042.2745090680655,6184991929,39.381391,-76.469283
Nerodia sipedon,303.69338055355365,-5313.981060797438,3501.3038636730066,6185022518,33.337395,-86.729111
Nerodia sipedon,988.5428913982247,-4919.283275381624,3925.96333886272,6185040388,38.040853,-78.637595
Nerodia sipedon,277.468586878095,-5128.872249915372,3769.2749643693205,6185151296,36.272708,-86.903355
Nerodia sipedon,930.0430564160167,-5080.383807433609,3730.210907181546,6185186733,35.838157,-79.625989
Nerodia sipedon,1108.6817778739087,-4843.080805008064,3988.125645118296,6185257220,38.754171,-77.105978
Nerodia sipedon,1097.331001446874,-4932.103000230254,3880.718721842742,6185406480,37.526012,-77.456712
Nerodia sipedon,345.8199188304436,-5180.850416102161,3691.7408738143586,6185514015,35.412528,-86.181192
Nerodia sipedon,564.9655952199643,-5278.5136723709065,3522.4792996536657,6185585621,33.565638,-83.890822
Nerodia sipedon,562.0316031650028,-5127.676180258681,3739.0922156492697,6185589540,35.936743,-83.744924
Nerodia sipedon,1012.5561243173038,-5069.6535622425645,3723.3178730302125,6185604978,35.761726,-78.705006
Nerodia sipedon,1113.9347817463613,-4940.326016210406,3865.4988404147466,6185608064,37.353623,-77.293552
Nerodia sipedon,1019.1603759033634,-5057.088756275642,3738.571728483543,6185618920,35.930962,-78.605744
Nerodia sipedon,-41.046311403645554,-4963.061396520212,3994.507467056287,6185619268,38.827805,-90.473846
Nerodia sipedon,-117.12582345559092,-4777.91729360424,4212.783047658024,6185732571,41.394717,-91.404267
Nerodia sipedon,-155.92220769661145,-5200.335152871251,3677.221191692986,6185774105,35.252468,-91.717391
Nerodia sipedon,-360.18105580153906,-5131.131771726849,3759.190002898818,6185799536,36.160292,-94.015305
Nerodia sipedon,393.2551803008394,-5151.527632201302,3727.850124067549,6185841210,35.811972,-85.634645
Nerodia sipedon,298.885776576395,-5305.089988544301,3515.172916896805,6185844751,33.486817,-86.775397
Nerodia sipedon,1097.4719001527772,-4932.03584555985,3880.7642257891966,6185909322,37.526528,-77.454987
Nerodia sipedon,256.2537804477936,-5112.898644852965,3792.407490914493,6185992073,36.531178,-87.130789
Nerodia sipedon,1348.3143621199595,-4611.173386088247,4184.361541981039,6186027384,41.054881,-73.700997
Nerodia sipedon,-137.25294491350692,-5119.731684122185,3789.3617195228826,6186086032,36.497097,-91.535653
Nerodia sipedon,-244.52404735763562,-4641.71608753685,4357.112906804558,6186097485,43.148913,-93.015535
Nerodia sipedon,260.9975222540207,-5320.350951562485,3495.0678355738473,6187917376,33.270293,-87.191524
Nerodia sipedon,696.2174506929229,-5186.485851806619,3633.923348123603,6187924301,34.777028,-82.3545
Nerodia sipedon,1005.3689920774616,-4858.5890022467,3996.6359887653016,6187926009,38.852381,-78.309006
Nerodia sipedon,1204.839674126669,-4748.88056154628,4072.62174790339,6187953285,39.735383,-75.763855
Nerodia sipedon,-17.68850858520608,-4965.690493243426,3991.4105491233713,6187973975,38.792063,-90.204095
Nerodia sipedon,977.7022287529323,-4914.608041153833,3934.5240224701984,6188017157,38.138672,-78.748588
Nerodia sipedon,1019.7775795974617,-5057.258527821836,3738.173752061438,6188039877,35.926542,-78.599397
Nerodia sipedon,1092.13058559327,-4827.381450049891,4011.657045337169,6188061540,39.026057,-77.252194
Nerodia sipedon,774.965207203628,-4784.839486005655,4134.548723919263,6188066320,40.463459,-80.800113
Nerodia sipedon,1235.837883267174,-4773.438727797673,4034.4442700228838,6188118935,39.290345,-75.484895
Nerodia sipedon,-373.43998698346553,-5136.368958777865,3750.734544739526,6188150984,36.066164,-94.158376
Nerodia sipedon,1006.1602781448031,-4887.6325890579965,3960.8638323905084,6188204396,38.440472,-78.367682
Nerodia sipedon,689.6506178358496,-4750.262226129734,4189.169838762933,6188207425,41.11225,-81.739423
Nerodia sipedon,979.9591983988095,-4918.089991137936,3929.6086240514915,6188216474,38.08249,-78.731059
Nerodia sipedon,573.4523391116161,-4697.042643748245,4265.99296146341,6188225869,42.035782,-83.039323
Nerodia sipedon,1328.582959251834,-4616.12841956249,4185.209536471332,6188244066,41.064995,-73.94348
Nerodia sipedon,527.0112122226159,-5130.242626632551,3740.67145092314,6188271442,35.954286,-84.134786
Nerodia sipedon,291.4770793668786,-5148.552943842244,3741.2827781837814,6188272075,35.961078,-86.75975
Nerodia sipedon,1111.9180854977712,-4778.915160587468,4063.9095940642765,6188390166,39.633573,-76.901937
Nerodia sipedon,294.29040084298657,-5224.996874473133,3633.5318839106267,6188396202,34.772742,-86.776304
Nerodia sipedon,1328.5937825539556,-4616.134197731926,4185.199727511967,6188406628,41.064878,-73.943375
Nerodia sipedon,523.1904406696063,-4868.003369504866,4076.587799490972,6188457283,39.78178,-83.865662
Nerodia sipedon,-197.57244180548147,-4950.910682730167,4004.897211108517,6188555540,38.947846,-92.285249
Nerodia sipedon,980.1009921506228,-4907.771261703981,3942.4530964432947,6188564527,38.229391,-78.706382
Nerodia sipedon,861.8030919773514,-5020.941301391216,3825.858989602151,6188567642,36.906483,-80.260557
Nerodia sipedon,655.1145952349723,-5158.904971535095,3680.526795372917,6188631450,35.28888,-82.762908
Nerodia sipedon,1513.7519537913372,-4419.965145702686,4331.53740175977,6195228941,42.834462,-71.094667
Nerodia sipedon,680.0719436777694,-4879.950101291002,4038.9778768903543,6195340921,39.343045,-82.066333
Nerodia sipedon,339.21280670949005,-5175.301515452324,3700.12729856671,6195421983,35.505122,-86.249938
Nerodia sipedon,850.0904996491017,-4774.1631362647595,4132.126041206197,6195465469,40.434828,-79.903693
Nerodia sipedon,973.9591373994756,-5076.641881989925,3724.0923632986455,6195506727,35.77031,-79.139705
Nerodia sipedon,537.5298836038293,-4809.745307414892,4143.327748526626,6195521459,40.567311,-83.623171
Nerodia sipedon,228.7360966987577,-4913.13083458378,4049.51581426799,6195572131,39.465695,-87.334458
Nerodia sipedon,972.0547718905948,-4946.851835705406,3895.3202134998096,6195579229,37.691772,-78.883037
Nerodia sipedon,1025.744752246975,-4426.303302747642,4466.031785041452,6195584079,44.506717,-76.952669
Nerodia sipedon,1103.6469793361803,-4811.363922140668,4027.7156904879375,6195587682,39.212203,-77.080794
Nerodia sipedon,679.3435479025384,-4879.937391588955,4039.1158101461533,6195604553,39.344649,-82.074702
Nerodia sipedon,1160.8263180258823,-4808.21866657998,4015.3790161587176,6195661989,39.069157,-76.427068
Nerodia sipedon,-18.746537250519744,-4995.128179527937,3954.503276911585,6195663143,38.367478,-90.215028
Nerodia sipedon,1520.4035039397047,-4525.192893018941,4219.094167692418,6195703863,41.47042,-71.428349
Nerodia sipedon,699.2197766620407,-5143.7304841368095,3693.627152294046,6195718030,35.433345,-82.258872
Nerodia sipedon,686.9370103084805,-5164.303727685842,3667.1293516531423,6195753149,35.141405,-82.4232
Nerodia sipedon,759.9800691507986,-5087.227425672341,3759.295219008231,6195801545,36.161464,-81.503428
Nerodia sipedon,1278.9028637381205,-4982.36238037638,3759.019247810535,6195848171,36.15839,-75.60378
Nerodia sipedon,622.3473167235151,-5113.615052827936,3748.783541168525,6195917391,36.044461,-83.061001
Nerodia sipedon,1092.012678136741,-4515.780175098262,4359.471395783618,6195969753,43.177992,-76.405628
Nerodia sipedon,409.7778025916105,-5149.983876507276,3728.203502210643,6195973851,35.815891,-85.450631
Nerodia sipedon,1075.8741962814845,-4800.198151313319,4048.499172728247,6196015356,39.453853,-77.367005
Nerodia sipedon,548.1869588248933,-5166.588147672096,3687.22268112274,6234188521,35.362687,-83.943445
Nerodia sipedon,564.7547889079162,-5004.340513885225,3902.2277200555545,6234189675,37.770317,-83.561242
Nerodia sipedon,849.5326466536844,-4775.370049530297,4130.845954764717,6234196169,40.419705,-79.91268
Nerodia sipedon,1158.836232758447,-4937.313568454325,3856.1362063703696,6234200115,37.247773,-76.791203
Nerodia sipedon,1105.9088570148788,-4835.870900283168,3997.6332204753276,6234690435,38.863898,-77.118615
Nerodia sipedon,1069.3269961761773,-4799.608128444848,4050.9325739010283,6235250753,39.482201,-77.439942
Nerodia sipedon,636.6642845640358,-5241.626020264084,3565.07620986263,6235271416,34.026617,-83.0746
Nerodia sipedon,304.0744043991888,-5124.330186964188,3773.397941012089,6236511665,36.318713,-86.604088
Nerodia sipedon,-17.159521430950885,-5076.624130410305,3849.3306066168843,6273201657,37.170925,-90.193665
Nerodia sipedon,85.27083791165784,-5038.701892237296,3897.943721379718,6470264017,37.721594,-89.030466
Notophthalmus viridescens,269.3908487225888,-5468.8080123436885,3257.195208216333,6130264263,30.747305,-87.179917
Notophthalmus viridescens,252.07061355057743,-5128.394381315552,3771.708446467296,6130639785,36.299858,-87.186065
Notophthalmus viridescens,239.44561749490867,-5324.199900524307,3490.746960923532,6130666466,33.223829,-87.424968
Notophthalmus viridescens,609.857901531516,-5249.948121451911,3557.5091274205556,6130851987,33.944545,-83.373959
Notophthalmus viridescens,441.8680925100443,-5171.919001174113,3694.0167248935313,6130977544,35.437645,-85.116736
Notophthalmus viridescens,575.4674999783089,-5457.541133782743,3236.330492890911,6131251515,30.52922,-83.98072
Notophthalmus viridescens,322.78213810262383,-5464.563325114458,3259.465061450016,6147195400,30.77106,-86.619567
Notophthalmus viridescens,1034.8635927267617,-5027.937152898922,3773.4146950242257,6147264084,36.3189,-78.369645
Notophthalmus viridescens,423.1922667761792,-5472.024710521253,3235.3681401755616,6147295172,30.519173,-85.577695
Notophthalmus viridescens,-338.6943601506044,-5154.302336927291,3729.3708155164004,6159466198,35.828838,-93.759558
Notophthalmus viridescens,306.56274271967044,-5300.002284670703,3522.179466883957,6159491736,33.562402,-86.689586
Notophthalmus viridescens,13.63713383492717,-5442.093525664265,3312.5798429896436,6159517565,31.328622,-89.856425
Notophthalmus viridescens,902.1203852784801,-4953.146681861499,3904.1349730903084,6162796352,37.792019,-79.677818
Notophthalmus viridescens,920.0621293314123,-5095.9422307493505,3711.4163857903245,6162848709,35.629933,-79.765617
Notophthalmus viridescens,554.4263449087454,-5003.2065977577795,3905.1617505426825,6162914945,37.803705,-83.676613
Notophthalmus viridescens,887.7776229007568,-5665.565033129044,2775.4237293320816,6162991111,25.8256,-81.094336
Notophthalmus viridescens,326.369335558726,-5149.194620259206,3737.516682127056,6163136975,35.919245,-86.373296
Notophthalmus viridescens,-393.5754219720777,-5201.51327013735,3657.7467404786225,6163180870,35.038283,-94.327072
Notophthalmus viridescens,667.122917563771,-4954.818772144545,3948.9835499458154,6163342884,38.304193,-82.331741
Notophthalmus viridescens,984.665802826499,-5137.962374379092,3636.1420524900095,6170861511,34.801324,-79.151082
Notophthalmus viridescens,985.0744152712418,-4809.960911344453,4060.0070883428134,6170917991,39.588017,-78.425935
Notophthalmus viridescens,687.0588032507392,-5172.4016341962515,3655.675678327748,6171029745,35.015538,-82.433599
Notophthalmus viridescens,1007.1900930282333,-4918.360066671066,3922.3788063824986,6171038452,37.999933,-78.426878
Notophthalmus viridescens,177.39035552652317,-5500.704657648463,3209.4445096882614,6171364982,30.248918,-88.152928
Notophthalmus viridescens,543.3477214027472,-5162.837605885367,3693.1875444634184,6171386023,35.428493,-83.992189
Notophthalmus viridescens,873.0339523239991,-4880.832845501464,4000.6293982373636,6178319224,38.898512,-79.858758
Notophthalmus viridescens,923.1324217733132,-4635.943853789118,4271.487357591413,6178328138,42.102345,-78.73828
Notophthalmus viridescens,1146.5797281315772,-4587.3252421792195,4269.842523932296,6178370455,42.082411,-75.966714
Notophthalmus viridescens,1205.090405665831,-4704.087788077214,4124.205175050391,6178442802,40.341305,-75.631017
Notophthalmus viridescens,554.4372024926143,-5003.212046353838,3905.1532284136356,6178449206,37.803608,-83.676497
Notophthalmus viridescens,702.0696642193262,-4740.549472958101,4198.0998095206205,6178506845,41.218929,-81.575798
Notophthalmus viridescens,1146.6282724270998,-4587.315259330011,4269.840213177339,6178663015,42.082383,-75.966114
Notophthalmus viridescens,1146.6589657292884,-4587.330170971341,4269.815950188734,6178665489,42.082089,-75.965797
Notophthalmus viridescens,1039.9219588724914,-4851.853189823909,3995.977486614231,6178709127,38.844777,-77.902543
Notophthalmus viridescens,406.6887575166219,-5215.241053929064,3636.704295595104,6178732860,34.807482,-85.541052
Notophthalmus viridescens,926.6600886771433,-4920.967027018758,3938.9259613154036,6178733677,38.189022,-79.335599
Notophthalmus viridescens,494.0781010110734,-5002.6295319357205,3913.9925556882854,6178792612,37.904287,-84.35955
Notophthalmus viridescens,1107.4770072126673,-4575.674112965405,4292.604596292437,6178792691,42.358828,-76.394027
Notophthalmus viridescens,340.1429349594618,-4934.618740382633,4015.4195049258688,6178818591,39.069626,-86.056843
Notophthalmus viridescens,940.3756752308051,-4810.956495757112,4069.4157215801997,6178868964,39.6979,-78.940103
Notophthalmus viridescens,1074.4098747796318,-4682.37089821491,4184.59069948347,6178934061,41.057614,-77.076705
Notophthalmus viridescens,1496.9985626232683,-4461.731369794781,4294.380236654702,6179032025,42.380442,-71.452385
Notophthalmus viridescens,1049.459155142427,-4854.255437476184,3990.562962678082,6179033980,38.782284,-77.800767
Notophthalmus viridescens,1034.3931056129477,-5069.751318198355,3717.1771015602517,6179036340,35.693698,-78.468092
Notophthalmus viridescens,1100.55757216998,-4569.652162836016,4300.791237749732,6179037599,42.458542,-76.458738
Notophthalmus viridescens,322.2451329508448,-4928.531010400954,4024.362469197212,6179051767,39.173293,-86.25912
Notophthalmus viridescens,1100.4716380197283,-4569.623289967624,4300.843904558391,6179065001,42.459184,-76.459674
Notophthalmus viridescens,788.1926893797005,-4576.063780144881,4362.12628131419,6179074034,43.210742,-80.227124
Notophthalmus viridescens,521.9996797013694,-5420.697951199212,3306.554579306648,6179078821,31.265208,-84.49952
Notophthalmus viridescens,1073.8849443454292,-4922.6528429386235,3899.2323916245273,6179083438,37.736247,-77.693633
Notophthalmus viridescens,927.1370842064586,-4926.121990594377,3932.364694499872,6179123621,38.113986,-79.341145
Notophthalmus viridescens,1057.2975199989728,-4798.76792826364,4055.083409074312,6179163128,39.530583,-77.574719
Notophthalmus viridescens,1153.0485562859774,-4823.15275206318,3999.6786979443277,6179200403,38.887527,-76.554914
Notophthalmus viridescens,1146.5868580773613,-4587.331986576989,4269.833363433442,6179223433,42.0823,-75.96665
Notophthalmus viridescens,361.22363154405423,-5218.665913586442,3636.591357310104,6179263737,34.806245,-86.040438
Notophthalmus viridescens,939.8696265392863,-4810.851156388664,4069.657155813029,6179274674,39.700722,-78.945672
Notophthalmus viridescens,774.8608307869711,-4790.232316616885,4128.31904961678,6179276757,40.389862,-80.81151
Notophthalmus viridescens,1212.3101464587644,-4742.346032267389,4078.015614083438,6179294763,39.798491,-75.660286
Notophthalmus viridescens,698.7444782155328,-4734.452762815617,4205.528066784041,6179575632,41.307801,-81.604485
Notophthalmus viridescens,1157.0179154347486,-4594.880750756227,4258.888770485836,6184741971,41.94982,-75.866416
Notophthalmus viridescens,822.7096556524598,-4652.934728516703,4273.534879269951,6184756330,42.127168,-79.972872
Notophthalmus viridescens,814.3301810170475,-4557.89797723511,4376.321002289282,6184829007,43.386144,-79.870214
Notophthalmus viridescens,776.7438053831476,-4577.355937672779,4362.824178250608,6184857687,43.219354,-80.369069
Notophthalmus viridescens,1103.2537117679394,-4727.885001793719,4125.492429633305,6184899674,40.356495,-76.865052
Notophthalmus viridescens,998.5617441761113,-4850.601959511602,4008.027969354456,6184963159,38.984058,-78.367404
Notophthalmus viridescens,554.4577638841595,-5005.102052251943,3902.7276569457676,6185003196,37.776005,-83.678633
Notophthalmus viridescens,1326.6823393583727,-4600.905687234134,4202.538989383515,6185052967,41.272025,-73.914955
Notophthalmus viridescens,-179.49961215720518,-5184.0156912919765,3699.1234544620715,6185313260,35.494033,-91.983108
Notophthalmus viridescens,1004.4823321275683,-4921.437611859422,3919.211681792198,6185414360,37.963797,-78.46418
Notophthalmus viridescens,865.9529924838022,-5005.069908845601,3845.6668800162693,6185506695,37.129587,-80.184135
Notophthalmus viridescens,1126.4624714406668,-4537.542449415663,4327.995373133401,6185524647,42.791039,-76.057956
Notophthalmus viridescens,554.3905967848191,-5005.105586139276,3902.7326666672193,6185714690,37.776062,-83.679397
Notophthalmus viridescens,1308.1561865984888,-4568.100030466788,4243.930092825619,6185757389,41.769195,-74.019999
Notophthalmus viridescens,1108.32920738284,-4571.548140171181,4296.778688719838,6185788589,42.409649,-76.372116
Notophthalmus viridescens,795.9877069793612,-5094.915489552621,3741.3891610379105,6185836813,35.96226,-81.12036
Notophthalmus viridescens,702.0710983306883,-5117.848029167815,3728.8712572183676,6185838266,35.823297,-82.188867
Notophthalmus viridescens,1426.3233566703386,-4473.82457055392,4305.838887348448,6185967650,42.520102,-72.316927
Notophthalmus viridescens,552.1881076316026,-5004.243757164344,3904.1498232456897,6185993005,37.792188,-83.70323
Notophthalmus viridescens,1348.4708651570313,-4368.49465675821,4437.074924922391,6186090734,44.142699,-72.845542
Notophthalmus viridescens,965.1708822648192,-4602.845928755719,4297.907357522088,6186091412,42.423398,-78.157232
Notophthalmus viridescens,1316.044293126375,-4593.795307220286,4213.647496358447,6186127860,41.405081,-74.013892
Notophthalmus viridescens,494.2905166910895,-4941.684856380239,3990.636640313035,6187914017,38.783134,-84.288006
Notophthalmus viridescens,1084.4383836231784,-4811.215467433176,4033.1070216067856,6187929476,39.274808,-77.297913
Notophthalmus viridescens,1172.6813204258626,-4586.379551878361,4263.765267520451,6187934492,42.008814,-75.657452
Notophthalmus viridescens,1210.9507770016778,-4538.658048267668,4303.944059377584,6187942085,42.496986,-75.061017
Notophthalmus viridescens,1173.354595240614,-4586.692782103442,4263.243066739846,6187974834,42.002494,-75.650497
Notophthalmus viridescens,1218.3539482876988,-4625.329695983586,4208.526106586674,6188037446,41.343704,-75.242977
Notophthalmus viridescens,927.0818439969381,-4926.664363345898,3931.698187189122,6188049036,38.106368,-79.342912
Notophthalmus viridescens,1400.3979683828873,-4384.053993877733,4405.531663555627,6188079710,43.748704,-72.284963
Notophthalmus viridescens,922.6728897856891,-4921.930481851544,3938.65817251924,6188131781,38.185958,-79.382471
Notophthalmus viridescens,934.0689708042175,-4926.323827893344,3930.47094254473,6188264242,38.092343,-79.263728
Notophthalmus viridescens,1331.4510772609935,-4356.884780639024,4453.5992373331055,6188303242,44.35015,-73.007003
Notophthalmus viridescens,595.3552687189297,-4933.755576689632,3986.647857934032,6188307027,38.737131,-83.119398
Notophthalmus viridescens,1014.0050203597311,-4849.089014424245,4005.9808634781066,6188427495,38.960378,-78.188933
Notophthalmus viridescens,775.7498146571039,-4570.655839745286,4370.019513610805,6188444763,43.308215,-80.367327
Notophthalmus viridescens,963.77247977265,-4862.809593419587,4001.746942905903,6188567245,38.911427,-78.78968
Notophthalmus viridescens,1155.5378986807202,-4490.486565926284,4369.212251153009,6188630857,43.298239,-75.569158
Notophthalmus viridescens,889.2325893801419,-4684.132065310092,4225.8638556389305,6195927230,41.551722,-79.250917
Notophthalmus viridescens,985.1500844827881,-4960.415202101517,3874.7275340959336,6234347479,37.458105,-78.767088
Notophthalmus viridescens,992.2660074201381,-4954.615927013179,3880.3276042086013,6235292240,37.521577,-78.675137
Otospermophilus beecheyi,-2585.328308884221,-4368.149917552311,3850.3372531178393,5938078341,37.182287,-120.619545
Otospermophilus beecheyi,-2678.967057118017,-4307.1561135902975,3855.03499980423,5938257378,37.235333,-121.880806
Otospermophilus beecheyi,-2345.439202020105,-4743.732816090445,3547.6283696085393,6129814223,33.837498,-116.309128
Otospermophilus beecheyi,-2422.5728524358137,-4772.0638433765935,3456.631391840364,6129881709,32.857832,-116.914958
Otospermophilus beecheyi,-2674.0128406564463,-4303.506904822715,3862.5427865364923,6129967895,37.320187,-121.855028
Otospermophilus beecheyi,-2666.752246846522,-4251.542504842224,3924.6110524657574,6129994620,38.025413,-122.097724
Otospermophilus beecheyi,-2374.232541943356,-4655.322510728593,3644.2756876446992,6130010234,34.890453,-117.021758
Otospermophilus beecheyi,-2683.05282001705,-4279.437217424591,3882.962502625702,6130169726,37.55146,-122.086229
Otospermophilus beecheyi,-2468.8499234088654,-4700.780357357296,3520.965381432383,6130181594,33.5493,-117.708456
Otospermophilus beecheyi,-2469.487370720179,-4701.741108244403,3519.2351166944873,6130225533,33.530631,-117.709725
Otospermophilus beecheyi,-2476.5634160820387,-4688.810070401065,3531.493579140002,6130263220,33.662983,-117.842383
Otospermophilus beecheyi,-2665.276562453569,-4459.224100728997,3688.0041207665145,6130269183,35.371305,-120.866745
Otospermophilus beecheyi,-2345.4397745965043,-4743.735641258355,3547.624213367774,6130283595,33.837453,-116.30912
Otospermophilus beecheyi,-2687.73920780696,-4249.270552516686,3912.737002663122,6130290818,37.889978,-122.314081
Otospermophilus beecheyi,-2464.5865655300527,-4683.020982664107,3547.5175357725743,6130321570,33.836298,-117.756995
Otospermophilus beecheyi,-2688.8975874087378,-4250.803700279555,3910.2750281526933,6130428335,37.861928,-122.315897
Otospermophilus beecheyi,-2707.9825826514193,-4339.7103194632655,3797.828037823466,6130534192,36.591869,-121.964195
Otospermophilus beecheyi,-2677.632115241212,-4434.6281106789875,3708.6537860903145,6130567296,35.599372,-121.123614
Otospermophilus beecheyi,-2675.6608496659333,-4307.450736996169,3857.0014642975666,6130659355,37.257549,-121.847326
Otospermophilus beecheyi,-2528.3593870599934,-4624.181293824514,3579.6786589562053,6130737166,34.185219,-118.668475
Otospermophilus beecheyi,-2392.042157557277,-4706.162273909862,3566.500259045796,6130779414,34.042071,-116.943262
Otospermophilus beecheyi,-2420.4521849901716,-4760.736551259166,3473.6942639441822,6130804690,33.040695,-116.94968
Otospermophilus beecheyi,-2468.7237478519005,-4701.240915221315,3520.4388992735785,6130867442,33.543619,-117.70494
Otospermophilus beecheyi,-2528.451949041901,-4422.610864946639,3825.858989602151,6130956824,36.906483,-119.757046
Otospermophilus beecheyi,-2703.075623168546,-4340.053386053596,3800.9304007458645,6131059782,36.626626,-121.91551
Otospermophilus beecheyi,-2688.9439952278294,-4249.787181069166,3911.347879673429,6131114442,37.87415,-122.322535
Otospermophilus beecheyi,-2590.898946945987,-4254.7997827019135,3971.60856398404,6131133631,38.563947,-121.338722
Otospermophilus beecheyi,-2469.4903305351795,-4701.706875922746,3519.278774119984,6131168484,33.531102,-117.709925
Otospermophilus beecheyi,-2570.381755977983,-4256.351118709709,3983.2607135952803,6131180308,38.69809,-121.127495
Otospermophilus beecheyi,-2471.512693367958,-4674.649024682872,3553.7353070016306,6131181814,33.903644,-117.865655
Otospermophilus beecheyi,-2417.978248749157,-4701.939651644386,3554.560145861604,6131185736,33.912582,-117.214549
Otospermophilus beecheyi,-2409.7734710721097,-4763.209416144669,3477.726413297238,6131244435,33.083963,-116.835479
Otospermophilus beecheyi,-2673.6710396367944,-4285.285458246487,3882.9840126925747,6131248966,37.551704,-121.960823
Otospermophilus beecheyi,-2477.568371061032,-4682.233471401477,3539.505306632991,6131280654,33.749594,-117.885216
Otospermophilus beecheyi,-2468.7313022553017,-4701.0828757717445,3520.6446401288417,6131417675,33.545839,-117.705805
Otospermophilus beecheyi,-2492.0708571625896,-4677.533647647507,3535.536019853816,6131426108,33.706673,-118.047555
Otospermophilus beecheyi,-2499.01781849218,-4643.684515048649,3575.03247499004,6131431190,34.134723,-118.287098
Otospermophilus beecheyi,-2675.5730455049666,-4307.389891809676,3857.1303228929855,6131483516,37.259005,-121.846846
Otospermophilus beecheyi,-2453.00011707516,-4757.195028425201,3455.6676658546394,6131615647,32.847515,-117.277443
Otospermophilus beecheyi,-2697.9755352871075,-4268.254889964748,3884.930029609502,6133053147,37.573782,-122.297092
Otospermophilus beecheyi,-2673.09954220758,-4436.340177338744,3709.8757119419915,6133073633,35.612888,-121.070902
Otospermophilus beecheyi,-2704.034119082968,-4338.662553473691,3801.836379908765,6133101328,36.636779,-121.932869
Otospermophilus beecheyi,-2419.16339191826,-4708.8365449506,3544.60999347145,6133135059,33.804824,-117.191819
Otospermophilus beecheyi,-2683.4698928870002,-4279.459822922821,3882.6493644978864,6133159789,37.547908,-122.090101
Otospermophilus beecheyi,-2698.470927836591,-4344.913373949939,3798.649174926412,6133164785,36.601067,-121.842943
Otospermophilus beecheyi,-2420.7271463734064,-4761.101295365712,3473.002687553703,6133262592,33.033276,-116.950536
Otospermophilus beecheyi,-2476.468259656042,-4688.9761063934,3531.339853690862,6133266301,33.661322,-117.840636
Otospermophilus beecheyi,-2685.4532422071193,-4262.666543469961,3899.7138296006497,6133277934,37.741722,-122.210671
Otospermophilus beecheyi,-2704.0795010005886,-4338.6036197056,3801.8713567167565,6133298686,36.637171,-121.93365
Otospermophilus beecheyi,-2672.983695149932,-4311.577026034937,3854.2463392611244,6133404431,37.226425,-121.79705
Otospermophilus beecheyi,-2697.9592790397064,-4268.131364177043,3885.0770283804154,6133421424,37.57545,-122.297685
Otospermophilus beecheyi,-2451.4970789114464,-4763.091601446736,3448.604587074843,6133446936,32.771939,-117.234251
Otospermophilus beecheyi,-2425.302238399508,-4694.249748557711,3559.7305347817605,6133474422,33.96863,-117.323312
Otospermophilus beecheyi,-2445.1740463599644,-4768.971575875727,3444.965474598325,6147167273,32.733025,-117.145378
Otospermophilus beecheyi,-2675.554339752103,-4307.389465039456,3857.143775020349,6147189042,37.259157,-121.846669
Otospermophilus beecheyi,-2673.3251197118097,-4313.062790363908,3852.346726395947,6147194181,37.204973,-121.791487
Otospermophilus beecheyi,-2525.659393793732,-4567.622147535865,3653.440251811813,6147201110,34.990995,-118.94033
Otospermophilus beecheyi,-2536.0749928502732,-4630.12789355416,3566.509841518545,6147237802,34.042175,-118.710986
Otospermophilus beecheyi,-2676.980735767984,-4298.246924486389,3866.3420239481966,6147241751,37.363163,-121.914963
Otospermophilus beecheyi,-2535.9839849434816,-4630.345158639402,3566.2924823480566,6147253449,34.039816,-118.708987
Otospermophilus beecheyi,-2508.8840820055066,-4543.5352199949375,3694.7992499461147,6147267757,35.446283,-118.906938
Otospermophilus beecheyi,-2703.1417933270886,-4340.050077645401,3800.8871199202963,6147330675,36.626141,-121.916159
Otospermophilus beecheyi,-2468.8233577395554,-4700.995457176201,3520.696815910985,6147359543,33.546402,-117.707123
Otospermophilus beecheyi,-2666.672577193571,-4301.642495721002,3869.6876275390014,6147396868,37.401028,-121.795586
Otospermophilus beecheyi,-2705.3776420052327,-4339.292379988625,3800.161389308131,6147416690,36.618009,-121.941912
Otospermophilus beecheyi,-2683.320524894484,-4279.234727735823,3883.0006741304005,6147438827,37.551893,-122.090022
Otospermophilus beecheyi,-2465.015253542162,-4685.848925554209,3543.483141820259,6147476157,33.792629,-117.746848
Otospermophilus beecheyi,-2452.8192493785555,-4757.188330379539,3455.8052677858136,6147588546,32.848988,-117.275755
Otospermophilus beecheyi,-2535.959492397085,-4630.33132122201,3566.3278646682215,6147592697,34.0402,-118.708826
Otospermophilus beecheyi,-2534.2145730764737,-4631.74239183484,3565.735834714111,6147615885,34.033775,-118.684862
Otospermophilus beecheyi,-2614.8550715773804,-4557.338546190499,3603.1862926762137,6147657420,34.441172,-119.845825
Otospermophilus beecheyi,-2703.2101677855358,-4340.058915452071,3800.828400344235,6147668751,36.625483,-121.916757
Otospermophilus beecheyi,-2665.6144833007993,-4282.582555236019,3891.4957553211575,6159156413,37.64832,-121.899437
Otospermophilus beecheyi,-2689.7697944052343,-4246.5575428840275,3914.286731673784,6159159226,37.90764,-122.350172
Otospermophilus beecheyi,-2688.5524936499337,-4250.0609597219,3911.3195289075934,6159168533,37.873827,-122.317098
Otospermophilus beecheyi,-2453.1096696956565,-4757.172670255007,3455.6206770277813,6159202442,32.847012,-117.278595
Otospermophilus beecheyi,-2405.816301948518,-4668.772153066625,3606.156906417942,6159277767,34.473572,-117.262032
Otospermophilus beecheyi,-2675.668708557378,-4301.30256607053,3863.8512299051317,6159292830,37.334985,-121.884095
Otospermophilus beecheyi,-2446.170730485793,-4768.521506500568,3444.880916524342,6159366210,32.732121,-117.157055
Otospermophilus beecheyi,-2703.0158721587727,-4314.812245076049,3829.6022788635587,6159437426,36.948595,-122.065103
Otospermophilus beecheyi,-2670.1319671834112,-4304.812757282707,3863.7721894851334,6159437676,37.334091,-121.809949
Otospermophilus beecheyi,-2517.514008487733,-4645.847002759296,3559.2108638991763,6159462695,33.962995,-118.452592
Otospermophilus beecheyi,-2520.2845996959936,-4659.791134061924,3538.9638671693906,6159594428,33.743738,-118.407087
Otospermophilus beecheyi,-2692.7903646991554,-4344.106778335459,3803.599542522943,6159601640,36.656542,-121.793617
Otospermophilus beecheyi,-2531.9780844571733,-4423.865660582424,3822.074400979872,6159633552,36.86393,-119.784455
Otospermophilus beecheyi,-2548.651769508834,-4529.737576052151,3684.5087568844388,6162827039,35.332764,-119.364233
Otospermophilus beecheyi,-2585.4467214314027,-4368.616652470281,3849.7281623611293,6162858935,37.175412,-120.618012
Otospermophilus beecheyi,-2693.3104349822206,-4343.918705253858,3803.446110126835,6162896613,36.654822,-121.799683
Otospermophilus beecheyi,-2464.316777195038,-4693.714739492685,3533.5446644384747,6163018475,33.685148,-117.700588
Otospermophilus beecheyi,-2674.187816710183,-4303.314678866137,3862.6358131839847,6163032178,37.321239,-121.857856
Otospermophilus beecheyi,-2519.667967165839,-4641.1344047533275,3563.8319126932424,6163174761,34.013116,-118.497498
Otospermophilus beecheyi,-2702.570753003708,-4340.863200157912,3800.3646051663527,6163254332,36.620286,-121.905911
Otospermophilus beecheyi,-2667.127493039384,-4301.712555814837,3869.2962089630546,6163256935,37.396597,-121.799545
Otospermophilus beecheyi,-2446.310434923685,-4747.960862266413,3473.065797828673,6163312046,33.033953,-117.259059
Otospermophilus beecheyi,-2679.3155580233583,-4431.8483699141325,3710.7602046347415,6171079118,35.622673,-121.155454
Otospermophilus beecheyi,-2360.8134847823003,-4721.770811401246,3566.6781778493423,6171245454,34.044002,-116.564353
Otospermophilus beecheyi,-2703.1957139247625,-4340.0696373662295,3800.8264370670745,6179424264,36.625461,-121.916556
Otospermophilus beecheyi,-2452.1478382288255,-4681.91196329824,3557.5868896025513,6184853029,33.945388,-117.643265
Otospermophilus beecheyi,-2452.556504655762,-4757.193840183929,3455.984156222974,6251505020,32.850903,-117.273228
Otospermophilus beecheyi,-2360.5808163517663,-4823.19250322325,3428.4435850689606,6499046345,32.556565,-116.078184
Ovis canadensis,-2126.6228165560406,-4657.671841523012,3791.216367139223,5938067734,36.517848,-114.540725
Ovis canadensis,-2125.3705290780986,-4664.710519178379,3783.2564036911763,5938212832,36.428826,-114.495316
Ovis canadensis,-1523.8824229415861,-4780.416303245754,3926.213883423739,6129885232,38.043714,-107.681038
Ovis canadensis,-2367.1909838111596,-4736.432158533857,3542.9324553887413,6129893887,33.78667,-116.55513
Ovis canadensis,-1538.3138310787485,-4279.102351484002,4462.356636611797,6130124347,44.460391,-109.773233
Ovis canadensis,-1979.5435453781258,-4021.028057384898,4527.967959620813,6130405119,45.293074,-116.210925
Ovis canadensis,-2123.9344417694933,-4665.043516484782,3783.6522839772215,6130593916,36.433251,-114.479165
Ovis canadensis,-2349.0980258490617,-4731.502576305066,3561.513016268226,6130865181,33.987961,-116.403495
Ovis canadensis,-2089.216233419171,-5332.846508259944,2790.2825625794535,6130944348,25.974149,-111.393448
Ovis canadensis,-1804.0267198559748,-3392.5825310965292,5081.89182228644,6131116245,52.907121,-118.002088
Ovis canadensis,-1288.1636133701058,-4694.23651046929,4110.295758049999,6131268802,40.177387,-105.345025
Ovis canadensis,-2353.1667620897347,-4738.387295858663,3549.654230191833,6131490849,33.859435,-116.409806
Ovis canadensis,-1791.1864034885257,-3461.291749846108,5039.926965748863,6133076380,52.285809,-117.361146
Ovis canadensis,-2123.885829992096,-4667.226190823844,3780.9868810304224,6133272774,36.403463,-114.468565
Ovis canadensis,-1638.41110462319,-4342.738617997977,4364.170422620303,6147649852,43.23597,-110.670288
Ovis canadensis,-1942.9319459045014,-4762.241973789379,3759.763285944984,6159147481,36.166678,-112.194812
Ovis canadensis,-2149.1912267126336,-4693.04529539022,3734.4418667472382,6159156301,35.885107,-114.605524
Ovis canadensis,-1595.8550278925284,-4204.3416774924735,4512.927089874967,6159235667,45.101118,-110.785415
Ovis canadensis,-1529.3991428957531,-5182.125933715777,3375.835037216356,6159360529,31.996975,-106.442894
Ovis canadensis,-2370.6513983073837,-4769.991129139393,3495.275340414855,6159437474,33.272525,-116.427047
Ovis canadensis,-2394.1269572111823,-4361.242459906292,3979.632325773661,6162770207,38.656292,-118.764816
Ovis canadensis,-2367.236477272396,-4739.783355538708,3538.4174899108,6162847032,33.737829,-116.539368
Ovis canadensis,-1979.1870279750221,-4670.363807530473,3854.902559505531,6163096075,37.233837,-112.966054
Ovis canadensis,-2372.8875094953314,-4767.323902363893,3497.3962896572616,6163117308,33.295342,-116.461364
Ovis canadensis,-1740.9793048268878,-3577.728265388979,4975.801910132545,6163155749,51.35286,-115.948289
Ovis canadensis,-1459.5293939074302,-4689.8044842285835,4057.7408711876997,6163232828,39.561576,-107.286835
Ovis canadensis,-1285.9211537819717,-4693.07611730063,4112.322515702765,6163238534,40.201247,-105.323178
Ovis canadensis,-1549.6829351697302,-4777.573793800124,3919.569437440222,6170902105,37.967878,-107.971305
Ovis canadensis,-2370.391652209161,-4770.072799617525,3495.340045140614,6170988943,33.273221,-116.424154
Ovis canadensis,-2367.281289109557,-4739.770431731624,3538.4048217228965,6178415330,33.737692,-116.539864
Ovis canadensis,-1385.3672125244266,-4679.8665745835415,4095.04086185174,6178552767,39.998067,-106.49018
Ovis canadensis,-1587.8786449938239,-4681.5560338163,4018.883879970682,6178623965,39.109767,-108.735782
Ovis canadensis,-1552.3492117548867,-4230.652052991876,4503.5039981060345,6178759371,44.981186,-110.149555
Ovis canadensis,-1363.1715554510167,-4928.191538169015,3800.584771216925,6178855092,36.622753,-105.461809
Ovis canadensis,-2370.71267774139,-4769.553396856126,3495.831077699819,6179191645,33.278503,-116.429733
Ovis canadensis,-1933.3851123801057,-4772.467285863841,3751.710428892909,6179557105,36.077022,-112.053474
Ovis canadensis,-1808.4126371795232,-3392.3979423403334,5080.455989787915,6184722887,52.885716,-118.061095
Ovis canadensis,-974.5406657120267,-4189.502429826129,4699.797124454624,6185028266,47.534578,-103.094978
Ovis canadensis,-1973.0540890748741,-4667.03578892771,3862.0703820787962,6185125268,37.314845,-112.916885
Ovis canadensis,-1866.1914350527022,-5014.184761791357,3459.0510016524363,6185235091,32.88374,-110.414382
Ovis canadensis,-1564.0512000347924,-4721.844886608933,3980.9141965322788,6185587069,38.671056,-108.326797
Ovis canadensis,-2367.3107419698235,-4739.766076035182,3538.3909514209677,6185775271,33.737542,-116.54017
Ovis canadensis,-1952.2784255282747,-4682.8795066992525,3853.440229798621,6185777715,37.217321,-112.631109
Ovis canadensis,-2174.4044055696886,-4683.764847659111,3731.4964106306447,6185780512,35.852419,-114.902749
Ovis canadensis,-2164.2170665170092,-4797.537725527043,3590.2018593414427,6185787431,34.2997,-114.28061
Ovis canadensis,-1605.7655420257547,-4547.125719880607,4163.5222878376,6185800795,40.806818,-109.450092
Ovis canadensis,-2364.7538264420386,-4799.1868226556035,3459.1181406904816,6185849793,32.884459,-116.231336
Ovis canadensis,-1970.1662097057822,-4666.381464611397,3864.334646810778,6185933724,37.340453,-112.889679
Ovis canadensis,-2367.1874492441516,-4739.809153352638,3538.415733010037,6185987737,33.73781,-116.538769
Ovis canadensis,-2259.2233710543924,-4651.372187044837,3721.6125089730654,6188175728,35.742828,-115.906363
Ovis canadensis,-2129.4563226546093,-4657.207643411961,3790.1960194334215,6188250668,36.506431,-114.571721
Ovis canadensis,-2134.7183176814815,-3465.744300139211,4901.157748928834,6188368666,50.290236,-121.63091
Ovis canadensis,-1405.8844974528433,-4271.809631115172,4512.746878012421,6188460580,45.098822,-108.216762
Ovis canadensis,-2126.5998073855444,-4658.480916325435,3790.235077292296,6195388527,36.506868,-114.536731
Ovis canadensis,-1707.2423214455714,-3592.8633101165474,4976.586181345696,6195413584,51.364155,-115.415944
Ovis canadensis,-1302.2014862738954,-4724.267929383527,4071.279522486976,6195513837,39.719688,-105.410385
Ovis canadensis,-2046.4321277931672,-3623.6588674990608,4823.998868989171,6195878586,49.216198,-119.455239
Ovis canadensis,-1806.0777928131367,-4053.5444311064643,4571.281404708141,6234189758,45.849526,-114.015611
Ovis canadensis,-1766.2920791608158,-3621.2501588984173,4935.231778493223,6234270668,50.772313,-116.001155
Ovis canadensis,-1400.3915939177616,-4782.704242490548,3969.180852798828,6234739227,38.53603,-106.320205
Ovis canadensis,-1807.3258662488781,-3376.8531274605093,5091.187415370343,6235304773,53.045954,-118.156139
Ovis canadensis,-2361.54835383541,-4750.696625310541,3527.566310707388,6235679256,33.620559,-116.431749
Ovis canadensis,-1517.2247075561863,-4744.55334739631,3972.026667857223,6235692583,38.568756,-107.733362
Ovis canadensis,-1397.255885573181,-4947.102853684894,3763.4561874653637,6235809834,36.207827,-105.771761
Ovis canadensis,-1738.4336678705254,-3491.6266847244183,5037.4740303660155,6236290474,52.249762,-116.468092
Ovis canadensis,-2126.036133143097,-4658.943023193843,3789.9832977047276,6251491104,36.504051,-114.528847
Ovis canadensis,-1675.8405773378308,-4697.297012049645,3964.4308884901648,6251588789,38.48144,-109.634723
Ovis canadensis,-1716.6524193868863,-3591.5430513729443,4974.301570152869,6251747354,51.33126,-115.546434
Ovis canadensis,-1518.56927962086,-4743.654073572581,3972.586877960943,6252252098,38.5752,-107.751245
Ovis canadensis,-1273.4950614552572,-4793.497442282617,3998.7930340237053,6253017910,38.877295,-104.878164
Ovis canadensis,-1715.9536341076896,-3605.0566768766816,4964.758061756575,6273268995,51.194102,-115.453757
Ovis canadensis,-1575.5150850947175,-4689.418885970898,4014.5804087371166,6273301676,39.059907,-108.570925
Ovis canadensis,-1584.9633713501657,-4685.293372285941,4015.678056912579,6273352362,39.072621,-108.689895
Ovis canadensis,-2177.8398344902444,-3752.340517166703,4665.480407012129,6273392461,47.079436,-120.130667
Ovis canadensis,-1704.0355748176173,-3652.6764914925448,4933.9609177547345,6273459777,50.754244,-115.00985
Ovis canadensis,-1387.6393249451044,-4936.294529919143,3781.1647077896087,6273547903,36.40545,-105.701178
Ovis canadensis,-1723.4397438439717,-3601.581358115758,4964.687331533529,6273866529,51.193087,-115.57219
Ovis canadensis,-1692.428622089027,-3805.2295626559066,4821.37599283657,6274090349,49.1801,-113.97777
Ovis canadensis,-1780.4175900894395,-3626.2708533569944,4926.461816828695,6320214504,50.647764,-116.150002
Ovis canadensis,-2375.6096152025475,-4765.940136144078,3497.4343031035773,6320226498,33.295751,-116.494218
Ovis canadensis,-1570.4100832829527,-4231.043440428645,4496.869656239371,6320227349,44.896898,-110.363102
Ovis canadensis,-1758.1363666621487,-5106.764296726482,3379.299936906628,6320389006,32.033725,-108.997356
Ovis canadensis,-1065.744528467703,-4475.379528329022,4407.371076631974,6320443865,43.771608,-103.394654
Ovis canadensis,-1757.0410522608374,-3761.832413556117,4832.305532834832,6320670474,49.330695,-115.035892
Ovis canadensis,-1708.2200610427624,-3594.822702506721,4974.835383233376,6320784008,51.338944,-115.416551
Ovis canadensis,-1739.110984952934,-3570.94820857091,4981.322615871981,6320892765,51.432428,-115.96685
Ovis canadensis,-972.9162975723077,-4488.942287211605,4415.0406736154855,6320967535,43.867203,-102.228928
Ovis canadensis,-2167.353749659503,-3780.7256503551926,4647.412657625814,6321076736,46.841361,-119.824093
Ovis canadensis,-2359.864909810268,-4514.340486171897,3826.4240110098735,6321090527,36.912838,-117.598253
Ovis canadensis,-2344.7804388854333,-4749.79877010341,3539.939189678518,6333887008,33.754287,-116.27366
Ovis canadensis,-1804.6126382383818,-3387.111805544288,5085.331844858333,6333989014,52.958447,-118.048157
Ovis canadensis,-1754.9935968610691,-3984.2545210332473,4651.394040100259,6333993442,46.893732,-113.772642
Ovis canadensis,-1323.6196398806603,-4728.214933161741,4059.77434402775,6334358428,39.585301,-105.639094
Ovis canadensis,-1715.9835675926004,-3765.504367161033,4844.185213874547,6334390802,49.494906,-114.499299
Ovis canadensis,-1794.7835877637795,-3391.3915830189735,5085.95793665257,6334438409,52.967795,-117.888574
Ovis canadensis,-2043.8593979976122,-3622.9327289524176,4825.6347077228775,6353364498,49.238725,-119.429301
Ovis canadensis,-1771.1151762761192,-3631.020411264968,4926.316568697045,6441177504,50.645704,-116.001889
Ovis canadensis,-2112.377699229469,-3475.904658033708,4903.641544172557,6452287618,50.325211,-121.287898
Ovis canadensis,-1419.041874246401,-4834.097864424405,3899.6885934623174,6469912695,37.741435,-106.359519
Ovis canadensis,-2223.9682584951966,-4649.320742932536,3745.3350910459985,6500334180,36.006115,-115.563777
Pecari tajacu,-798.6932921441386,-5643.887280161337,2845.7650155264864,5938135252,26.530501,-98.054713
Pecari tajacu,-794.8096285155285,-5663.516836391196,2807.5982312307256,5938463088,26.147497,-97.988633
Pecari tajacu,-1869.9934257872299,-5058.289016957496,3392.1364857737008,6129851264,32.170003,-110.288795
Pecari tajacu,-1538.769577335828,-5066.495285694616,3542.9601800722216,6129963206,33.78697,-106.894312
Pecari tajacu,-1538.1110978636673,-5065.470504847274,3544.71098184723,6130265840,33.805917,-106.890716
Pecari tajacu,-833.1607247874963,-5656.069883945013,2811.488894568011,6130600854,26.186482,-98.379626
Pecari tajacu,-762.3465953106358,-5666.12012238037,2811.345506523873,6130740480,26.185045,-97.662828
Pecari tajacu,-1921.3639069291175,-5028.837408251659,3407.1847892646283,6130783461,32.330022,-110.910317
Pecari tajacu,-737.0398021032989,-5669.115221216041,2812.0558437501827,6130803615,26.192164,-97.407457
Pecari tajacu,-1867.9895444523013,-5094.486796273282,3338.6483004490756,6131444128,31.603479,-110.136413
Pecari tajacu,-833.866749988479,-5656.466710078974,2810.481049697621,6131523309,26.176382,-98.386046
Pecari tajacu,-1951.187421685508,-5025.787233042562,3394.7140473565796,6131597898,32.197392,-111.217964
Pecari tajacu,-751.1165431546008,-5688.754168985823,2768.3303764405237,6147236641,25.754751,-97.52156
Pecari tajacu,-762.2595789984911,-5666.071278146411,2811.467541136974,6147438537,26.186268,-97.662029
Pecari tajacu,-1006.4424334570009,-5669.365262122479,2726.742430530155,6147718339,25.340211,-100.066444
Pecari tajacu,-1921.665553277392,-5021.869299646886,3417.2771863412872,6162860114,32.4375,-110.93982
Pecari tajacu,-1771.8469207023911,-5109.484976197494,3368.007556002061,6162929966,31.914008,-109.12532
Pecari tajacu,-1909.1675096447254,-5074.832031177423,3345.2821114414282,6162946847,31.673553,-110.616455
Pecari tajacu,-1320.2577195792235,-5322.756938049691,3242.6734744671385,6163039021,30.595467,-103.930512
Pecari tajacu,-1958.5244252570135,-4942.061777466346,3511.404361940576,6163171871,33.44619,-111.618276
Pecari tajacu,-1958.5213073907682,-4942.064990743927,3511.4015784921285,6163224418,33.44616,-111.618232
Pecari tajacu,-1810.9731119338805,-5046.04137851286,3442.0336901119927,6178415224,32.701687,-109.742548
Pecari tajacu,-794.8949821463669,-5663.496593792192,2807.614900434211,6178688733,26.147664,-97.989508
Pecari tajacu,-1977.236777990461,-4924.971525657733,3524.903307170266,6178699202,33.591804,-111.874065
Pecari tajacu,-1919.8527951444848,-5028.567381181374,3408.434900004992,6178883706,32.343328,-110.896317
Pecari tajacu,-833.6563128251327,-5656.324874710272,2810.828915728965,6179022865,26.179868,-98.384167
Pecari tajacu,-1537.4704857112556,-5066.056360912338,3544.151602754018,6179206991,33.799863,-106.88224
Pecari tajacu,-1893.0389108672541,-5106.553813491654,3305.943883603259,6179488417,31.258783,-110.340132
Pecari tajacu,-905.8058687717984,-5624.7589330457795,2851.5532263834243,6179508314,26.588697,-99.148315
Pecari tajacu,-1494.4096369763608,-5197.204735286427,3368.3164795051484,6179528935,31.917281,-106.042115
Pecari tajacu,-812.2877420966397,-5541.215566777754,3037.2474045123267,6184821278,28.472013,-98.339601
Pecari tajacu,-833.6342822512108,-5656.323906638487,2810.837397702484,6184969856,26.179953,-98.38395
Pecari tajacu,-833.5528299719144,-5656.412522211402,2810.683224394614,6184970649,26.178408,-98.383013
Pecari tajacu,-1958.2996499863207,-5029.721299496567,3384.777579093115,6184989037,32.091853,-111.27323
Pecari tajacu,-791.7782139453079,-5664.972177717493,2805.5178871797893,6185202767,26.126657,-97.956537
Pecari tajacu,-665.1307150363151,-5570.282424646067,3019.8191951293798,6185715850,28.293862,-96.809277
Pecari tajacu,-1706.061822480605,-5067.308537406797,3464.3167254562313,6185815845,32.940149,-108.607354
Pecari tajacu,-833.6771516330512,-5656.322547170483,2810.827418909467,6185978044,26.179853,-98.384377
Pecari tajacu,-1291.680632972129,-5356.053652308991,3199.0629168038677,6185983749,30.140898,-103.558709
Pecari tajacu,-1939.570523806599,-4856.251129622141,3639.319205414896,6187942371,34.836128,-111.771603
Pecari tajacu,-1221.446189869071,-5370.318739560709,3202.7330470170064,6188337319,30.179072,-102.813591
Pecari tajacu,-730.8302546877638,-5668.097740167197,2815.7251777156744,6188583377,26.228945,-97.347038
Pecari tajacu,-1963.6560376848142,-4930.038508862138,3525.4118052332274,6195571991,33.597294,-111.71761
Pecari tajacu,-1248.5218594237824,-5420.191407275368,3106.8426746001614,6195608280,29.186448,-102.971616
Pecari tajacu,-1917.002586674748,-5032.8542075732585,3403.7086740307136,6195677515,32.293033,-110.851722
Pecari tajacu,-1906.9977995545976,-5037.681926028865,3402.1865519594107,6195681316,32.276841,-110.733994
Pecari tajacu,-730.9227037976123,-5668.0628275774425,2815.7714597220843,6195785936,26.229409,-97.348002
Pecari tajacu,-1978.3763439445258,-4804.681629265308,3686.572203660006,6195918819,35.355514,-112.379911
Pecari tajacu,-1958.6991346337275,-4941.988383897759,3511.4102071791804,6234544729,33.446253,-111.620318
Pecari tajacu,-1947.8729146952644,-4997.2401672867645,3438.4785804669136,6234593062,32.663701,-111.295326
Pecari tajacu,-1958.6777135179345,-4942.006103131906,3511.3972177542923,6235000533,33.446113,-111.620033
Pecari tajacu,-901.2183049036912,-5630.565827703934,2841.5290173560907,6235030480,26.48793,-99.093529
Pecari tajacu,-811.5807489395725,-5567.079994279918,2989.7675754005413,6235031770,27.987372,-98.294272
Pecari tajacu,-1366.013271164479,-5356.288058778398,3167.63935827106,6235336018,29.814654,-104.307157
Pecari tajacu,-1958.6754031647813,-4942.006821029496,3511.3974960993314,6235348584,33.446116,-111.620007
Pecari tajacu,-1958.693829417061,-4941.994639740685,3511.404361940576,6235701354,33.44619,-111.62024
Pecari tajacu,-900.9772690959835,-5630.498122234168,2841.739605552785,6251486620,26.490046,-99.091245
Pecari tajacu,-1247.117015662716,-5420.909324280034,3106.1542744776466,6251913996,29.179357,-102.955855
Pecari tajacu,-765.8327830745615,-5635.440900072063,2871.421101099711,6253222330,26.788679,-97.738849
Pecari tajacu,-1930.9662408096933,-5024.302657125872,3408.4461732772916,6273269134,32.343448,-111.023027
Pecari tajacu,-1958.7047052804437,-4941.978265176171,3511.421340955256,6273611121,33.446373,-111.620414
Pecari tajacu,-989.960540950158,-5343.08422706033,3325.8355641219287,6274191387,31.468285,-100.496666
Pecari tajacu,-1924.6916234605674,-4897.106436265439,3592.1670111710805,6320215457,34.321096,-111.456132
Pecari tajacu,-1924.4729859708027,-4897.125064958874,3592.2587537784093,6320259880,34.322095,-111.453842
Pecari tajacu,-1915.7773865486208,-5034.107868138447,3402.5443578024,6320798926,32.280647,-110.834796
Pecari tajacu,-1935.514052966475,-5030.812856954991,3396.2421113258533,6334327850,32.213633,-111.043325
Pecari tajacu,-1959.7626805689883,-4856.232339170427,3628.5108286350496,6334372475,34.717788,-111.976845
Pecari tajacu,-1566.727727472566,-5139.5216706533765,3423.5119912935033,6334426947,32.503961,-106.953277
Pecari tajacu,-1806.4651364050164,-5085.376214318001,3386.057530444419,6334460874,32.105441,-109.556434
Pecari tajacu,-1550.2382047475078,-5173.163701672656,3380.07277346437,6334935475,32.041924,-106.681858
Pecari tajacu,-1924.4948498193273,-4897.113912996874,3592.2622434656373,6352342096,34.322133,-111.454108
Pecari tajacu,-1944.4199584752528,-4849.069759666694,3646.3004018657753,6352473791,34.912655,-111.850205
Pecari tajacu,-1531.510655841854,-5187.2271579537255,3367.031727279624,6398587263,31.90367,-106.449051
Pecari tajacu,-1991.872947411999,-4934.294976630894,3503.5593864869484,6398659750,33.361678,-111.982912
Pecari tajacu,-1773.0992132908204,-5109.094965414215,3367.940163346735,6398891834,31.913294,-109.139209
Pecari tajacu,-1976.2385173441382,-4919.893966260411,3532.545514639164,6400016466,33.67435,-111.884497
Pecari tajacu,-2008.2829410077095,-4847.923249285748,3613.0586664998373,6400037758,34.548897,-112.502092
Pecari tajacu,-1006.330385873806,-5524.612407598478,3009.2706807386835,6400253421,28.18618,-100.323472
Pecari tajacu,-1535.6984530849331,-5066.0643784538215,3544.908335095743,6400347492,33.808053,-106.863862
Pecari tajacu,-1927.3095172798567,-5025.985291500422,3408.0350649459797,6400391125,32.339072,-110.98027
Pecari tajacu,-1794.9788871668331,-5137.247299729442,3313.0792483315745,6422334993,31.33388,-109.25966
Pecari tajacu,-1958.6749543743622,-4942.014250449919,3511.3872901082786,6422595734,33.446006,-111.619973
Pecari tajacu,-1927.1130593601936,-5029.080386930777,3403.577360353224,6423070005,32.291636,-110.966529
Pecari tajacu,-1912.1817353801157,-5094.29500865425,3313.8304883256365,6423080447,31.34179,-110.574
Pecari tajacu,-1537.6663662925828,-5066.496553779842,3543.4373066539492,6431704482,33.792133,-106.882885
Pecari tajacu,-750.699845029214,-5487.933561151142,3147.822755610851,6441511095,29.609462,-97.789203
Pecari tajacu,-829.8469437244502,-5656.36383899247,2811.8775401156763,6441620830,26.190377,-98.34634
Pecari tajacu,-1531.5079539161607,-5187.2243405420595,3367.0372967427847,6451630135,31.903729,-106.449032
Pecari tajacu,-833.2522128847477,-5477.429370992089,3145.347574624037,6451911480,29.583862,-98.649785
Pecari tajacu,-1022.9565278717007,-5650.594347202843,2759.3652522131574,6452050830,25.665267,-100.261415
Pecari tajacu,-1531.5078642205065,-5187.219036206069,3367.0455093344917,6452257493,31.903816,-106.449047
Pecari tajacu,-1779.7423709988343,-5108.6280835367825,3365.1432847128794,6470262844,31.883667,-109.2073
Pecari tajacu,-1931.154516927327,-5024.52987588319,3408.0045316557125,6470761621,32.338747,-111.02403
Pecari tajacu,-990.4051696469783,-5343.081937376586,3325.706863223823,6479126344,31.466928,-100.50128
Pecari tajacu,-1881.4650570983495,-5102.715297290219,3318.4543033460236,6480060816,31.39049,-110.239859
Pecari tajacu,-818.4329242372197,-5658.703086766079,2810.5159764758496,6480351598,26.176732,-98.229769
Pecari tajacu,-1797.3800773136736,-5137.039137354873,3312.100072255913,6480844150,31.323571,-109.284247
Pecari tajacu,-1356.0468882258504,-5528.639500129463,2860.9500597211872,6499775715,26.683238,-103.78126
Pecari tajacu,-1772.9628262681865,-5108.55516597925,3368.830666937012,6500104880,31.922729,-109.139719
Pecari tajacu,-1914.7625806305143,-5035.435657073009,3401.1505601740614,6500291711,32.265822,-110.819686
Pekania pennanti,1192.5097222061163,-4507.969726925038,4341.184473533544,4508016414,42.952884,-75.182742
Pekania pennanti,-2607.493454835207,-4078.3571587880992,4142.189505325758,4510133229,40.553837,-122.592773
Pekania pennanti,726.498217545941,-4482.483364958559,4468.701864350519,4510144606,44.540397,-80.793843
Pekania pennanti,892.8336377188209,-4768.259825920937,4129.9272944621725,4512371898,40.408854,-79.39445
Pekania pennanti,1199.4546686058218,-4665.7860533128905,4169.112871145138,4516234388,40.873275,-75.5829
Pekania pennanti,1546.2632334425248,-4472.349012356714,4265.784506307512,4516346788,42.033258,-70.927762
Pekania pennanti,-246.32315431027413,-4492.933513130601,4510.28008885435,4519303528,45.067403,-93.138075
Pekania pennanti,1526.7312415880804,-4457.562013311297,4288.238069781164,4519345310,42.305708,-71.093481
Pekania pennanti,1135.2670856009454,-4291.976497931608,4569.448491364281,4524998829,45.825866,-75.184054
Pekania pennanti,1248.0890770879373,-4288.151263544292,4543.5432787962645,4525101986,45.492538,-73.772084
Pekania pennanti,976.8156912991905,-4422.960282211738,4480.290903154234,4525268653,44.686806,-77.546076
Pekania pennanti,-457.20894860633416,-4031.8829874040403,4911.683284055844,4525269214,50.438626,-96.469611
Pekania pennanti,1341.1377995807895,-4481.909393371584,4324.764816937518,4528002833,42.751461,-73.341051
Pekania pennanti,1081.8874784348607,-4323.03382594799,4553.092482411573,4528107426,45.615179,-75.949674
Pekania pennanti,1079.3736727103067,-4353.440053888202,4524.6287473713455,4535658769,45.250402,-76.075123
Pekania pennanti,1532.715723362301,-4482.015544810824,4260.5248851649185,4597017765,41.969607,-71.120841
Pekania pennanti,-93.25244823425383,-4418.255125769116,4589.126142762986,4597051704,46.080402,-91.209115
Pekania pennanti,1198.3656377853404,-4273.9134645853,4570.26658140302,4597459378,45.836425,-74.336997
Pekania pennanti,1086.980554574857,-4325.27191571658,4549.752659075765,4599985784,45.572255,-75.89318
Pekania pennanti,1372.6972791283786,-4315.806765562441,4480.989541594183,4606850747,44.695644,-72.356072
Pekania pennanti,1369.292870524308,-4325.581507086969,4472.5982146796905,4607061514,44.58958,-72.434455
Pekania pennanti,779.5061293114072,-4672.099741164548,4260.705027651356,4852711582,41.971786,-80.52786
Pekania pennanti,-1459.8540720036258,-3389.8660250250255,5193.0133401054245,4853190085,54.597314,-113.299246
Pekania pennanti,371.49970662219073,-4360.3276101201045,4630.257469091904,4936289678,46.616283,-85.130163
Pekania pennanti,1084.1466855314713,-4566.512554536547,4308.28761611718,4953078416,42.549988,-76.644533
Pekania pennanti,1524.159331926743,-4446.83920878301,4300.268888314794,5063186256,42.452175,-71.080789
Pekania pennanti,1299.3747000133885,-4461.0306344966775,4358.965954985737,5063200309,43.171759,-73.760621
Pekania pennanti,1526.5790337937556,-4458.31112598947,4287.513438712147,5063728865,42.296897,-71.098183
Pekania pennanti,1106.1182408324726,-4578.418166426696,4290.028281994085,5069898007,42.327481,-76.417944
Pekania pennanti,1142.4674903180148,-4586.764672665964,4271.546675482709,5087266042,42.103064,-76.013424
Pekania pennanti,849.9453290451546,-4398.346313028252,4530.109907936289,5087408605,45.320463,-79.062858
Pekania pennanti,820.2498363820927,-4445.756739106128,4489.119106493504,5087507682,44.798585,-79.546388
Pekania pennanti,1236.2555623996698,-4296.329949947701,4539.049930910179,5087614865,45.434922,-73.946992
Pekania pennanti,1129.375480911048,-4319.244348302682,4545.150427923119,5088119786,45.51316,-75.346639
Pekania pennanti,-209.26245408629424,-4490.961497410734,4514.1142191754025,5104402717,45.116245,-92.667845
Pekania pennanti,-455.026349165215,-4033.1714139966616,4910.828086643126,5104617893,50.426552,-96.436947
Pekania pennanti,1101.383236175294,-4362.890164100092,4510.199276389919,5108193527,45.066374,-75.832066
Pekania pennanti,1106.5652940656535,-4365.440657859945,4506.461388090456,5108291048,45.018799,-75.776085
Pekania pennanti,1015.5031518818936,-4642.2986784454815,4243.532662570033,5108566833,41.764403,-77.660909
Pekania pennanti,1452.2330997830625,-4469.59247168503,4301.571258346003,5133375219,42.468051,-72.000296
Pekania pennanti,1386.6519119906247,-4545.017483995205,4243.791426876216,5133446818,41.767523,-73.033432
Pekania pennanti,1513.822633654453,-4442.356118263008,4308.545727045745,5134670935,42.553139,-71.182419
Pekania pennanti,-213.61529456809848,-4497.812510407265,4507.083786311046,5134817693,45.026718,-92.719114
Pekania pennanti,976.4674770211271,-4597.730610757139,4300.829876535947,5166814265,42.459013,-78.009662
Pekania pennanti,1090.347831370453,-4586.991907702299,4284.9037299543625,5167326167,42.265175,-76.6287
Pekania pennanti,-110.05603687197954,-4293.5971264285245,4705.599272606008,5176413244,47.611922,-91.468318
Pekania pennanti,1229.3082896063418,-4294.960980017851,4542.231218124707,5177092615,45.475708,-74.027763
Pekania pennanti,-2669.1336120979545,-4009.8653320054327,4169.707293039564,5205961522,40.880345,-123.649392
Pekania pennanti,971.4714272999082,-4118.925872831457,4762.399190506497,5216387680,48.375231,-76.729005
Pekania pennanti,-2543.4370249888984,-4101.903552044278,4158.733999586844,5216765925,40.749951,-121.801504
Pekania pennanti,-2548.5394918685306,-4148.4109850347695,4109.183116789368,5216969639,40.164292,-121.564117
Pekania pennanti,1554.534773623532,-4421.071637717702,4315.93562758306,5230250242,42.643422,-70.627334
Pekania pennanti,303.9305383811049,-4361.643450214318,4633.944946880502,5759898446,46.664584,-86.013926
Pekania pennanti,1148.479463645906,-4586.686895072736,4270.017725704318,5759956956,42.084534,-75.942505
Pekania pennanti,922.0448937923849,-4495.47483059826,4419.3090399932835,5827776343,43.920471,-78.409094
Pekania pennanti,30.756090379392145,-4443.3501787962105,4565.681370964656,5828640456,45.77727,-89.603415
Pekania pennanti,1072.2065604832821,-4390.287480023482,4490.6015258630005,5840411622,44.817376,-76.275737
Pekania pennanti,1557.639918108799,-4332.124896590485,4404.112270995408,5844244554,43.731036,-70.223666
Pekania pennanti,-2602.495120856577,-4008.059363451683,4213.339817133486,5892878521,41.401392,-122.996289
Pekania pennanti,1639.4000310724002,-4273.856015509573,4431.283722183663,5897805192,44.070167,-69.013784
Pekania pennanti,1597.040390690632,-4141.315591005847,4570.417956365921,5904020678,45.838379,-68.911565
Pekania pennanti,1247.540352288157,-4518.0148861358,4315.198452880874,5908630050,42.63441,-74.563799
Pekania pennanti,1524.147208176693,-4334.916571085431,4413.074522281892,5908759736,43.842682,-70.628437
Pekania pennanti,975.4806467243802,-4736.212768550395,4148.069339893419,5920245126,40.623469,-78.361979
Pekania pennanti,1309.8931577531175,-4351.882583487525,4464.868533841388,5920454541,44.49205,-73.248489
Pekania pennanti,1767.9192552356492,-4067.7390430733126,4573.588712827322,5935278412,45.879324,-66.509288
Pekania pennanti,-107.83824296553553,-4437.735138652953,4569.970555944142,5935446681,45.832604,-91.39203
Pekania pennanti,981.7336320823254,-4437.413879509771,4464.897565146363,5935576522,44.492416,-77.52483
Pekania pennanti,1617.4146512135055,-4103.531611742622,4597.254755519465,5936103517,46.185891,-68.488028
Pekania pennanti,862.8818052587814,-4491.602617781349,4435.165616273029,5936384944,44.118776,-79.125396
Pekania pennanti,1776.3227889161974,-4133.648482247317,4510.807101225774,5938305525,45.074114,-66.745703
Pekania pennanti,1130.1735878448158,-4319.1172543384855,4545.072819470663,5938646708,45.512164,-75.336317
Pekania pennanti,1098.4353696479368,-4334.090008110617,4538.59633256578,6131583281,45.429109,-75.778359
Pekania pennanti,-250.1950040313683,-4465.70428669409,4537.029955095867,6133419653,45.40904,-93.206694
Pekania pennanti,1101.142011623465,-4583.630299396339,4285.740621919517,6133569592,42.275346,-76.491612
Pekania pennanti,1552.3825022758897,-4326.82282748984,4411.175117337545,6159270544,43.819003,-70.26297
Pekania pennanti,1297.782157860442,-4551.001930778907,4265.430344814364,6159442293,42.02897,-74.083755
Pekania pennanti,-200.26001976380917,-4434.633564386944,4569.865884659459,6159624372,45.831253,-92.585617
Pekania pennanti,854.817697325567,-4437.432061955161,4490.905980929551,6162780239,44.821236,-79.096228
Pekania pennanti,1360.4394821854155,-4269.392497624687,4528.934228514976,6163369191,45.305428,-72.32555
Pekania pennanti,-221.89479705305564,-4510.044170592668,4494.4429474653825,6171135537,44.866098,-92.816689
Pekania pennanti,1035.468632274839,-4403.573483260163,4486.212034532057,6179015788,44.761753,-76.767695
Pekania pennanti,1086.1780384395734,-4388.770822146598,4488.7259962225,6179475366,44.793603,-76.099175
Pekania pennanti,1082.2684933182409,-4319.386603810537,4556.462158832242,6184784117,45.65852,-75.933525
Pekania pennanti,-249.26592370328237,-4466.649813349363,4536.150248158,6185174069,45.397772,-93.194136
Pekania pennanti,-13.933008004560307,-4523.510182812186,4486.358726958852,6185734169,44.763611,-90.176478
Pekania pennanti,1072.3619817133997,-4369.490869677773,4510.802860872522,6185775936,45.07406,-76.210981
Pekania pennanti,1520.5896522127969,-4380.684970720007,4368.88537576447,6186128098,43.2942,-70.857483
Pekania pennanti,1086.9530474492349,-4325.267529348066,4549.7634006490425,6188427536,45.572393,-75.893509
Pekania pennanti,1420.2594906573265,-4494.774159760057,4285.979626833111,6234817679,42.278251,-72.464497
Pekania pennanti,977.5108540178456,-4439.046560859884,4464.201080873572,6235144235,44.483636,-77.581248
Pekania pennanti,1537.5588297447673,-4329.066816894332,4414.164300251601,6235764084,43.856272,-70.446439
Pekania pennanti,1542.6085097148055,-4499.900573401402,4238.0428200921515,6252469233,41.698246,-71.0778
Pekania pennanti,954.9829589133303,-4407.489385857576,4500.1997723895975,6252521972,44.939191,-77.774543
Pekania pennanti,1106.1829623387925,-4578.237297700839,4290.204613937398,6273283800,42.329626,-76.416662
Pekania pennanti,1198.7024847100363,-4273.62588737046,4570.447161670778,6320097804,45.838756,-74.331808
Pekania pennanti,-252.14960034497915,-4472.681607565671,4530.043371322959,6333906123,45.319612,-93.226662
Pekania pennanti,1469.2785825158269,-4312.4863642423115,4453.474478972777,6399596387,44.348581,-71.185851
Pekania pennanti,935.6415144852182,-4450.2503974619085,4462.017423311945,6400070541,44.456117,-78.126794
Pekania pennanti,846.4994593542395,-4422.941212470159,4506.74858695528,6413513534,45.022453,-79.165277
Pseudacris crucifer,672.2513621413472,-4883.568154075834,4035.9129475588147,6129908559,39.307413,-82.162164
Pseudacris crucifer,499.02031901395577,-5479.037320448834,3212.6129384066007,6130441604,30.281909,-84.795967
Pseudacris crucifer,213.08823429228207,-5490.662918806228,3224.4328565082437,6130568330,30.405081,-87.777512
Pseudacris crucifer,423.10793981575466,-5353.547755084888,3427.865113298342,6130652640,32.550393,-85.481125
Pseudacris crucifer,975.7484494960627,-5131.11992197365,3648.188103608228,6147357130,34.93336,-79.233027
Pseudacris crucifer,783.8434140718581,-5317.142659029701,3421.0139689016432,6147568530,32.477327,-81.613962
Pseudacris crucifer,349.01583964160915,-5218.484480950853,3638.043539518432,6159443363,34.822152,-86.173717
Pseudacris crucifer,508.9820350707427,-5297.142915274057,3502.994055492322,6159565640,33.355591,-84.511519
Pseudacris crucifer,770.2763540709268,-5321.963294235326,3416.5968686470046,6159652018,32.430251,-81.764463
Pseudacris crucifer,799.0908400153746,-5268.600781510186,3491.85520377796,6162866303,33.235744,-81.375656
Pseudacris crucifer,1158.2274494256264,-4907.189164843249,3894.5804402424988,6162872224,37.683365,-76.719717
Pseudacris crucifer,258.89662106941347,-4841.078111150283,4133.604769570729,6162910307,40.452302,-86.938788
Pseudacris crucifer,1056.9488823106992,-4940.23020035167,3881.5895915710744,6163066250,37.535888,-77.923783
Pseudacris crucifer,228.82206301006428,-4911.87708180006,4051.031612619751,6163178021,39.483355,-87.332778
Pseudacris crucifer,-137.85098452301833,-4959.580058607573,3996.6630928820564,6163238883,38.852694,-91.59212
Pseudacris crucifer,696.5914059910093,-4744.142828956113,4194.952009408593,6163253148,41.181305,-81.646842
Pseudacris crucifer,608.5001124157069,-5252.341087571489,3554.207906506856,6163299691,33.908765,-83.391566
Pseudacris crucifer,-394.2127462644712,-5063.514529888642,3846.449017726176,6163300450,37.13841,-94.451702
Pseudacris crucifer,323.8752679032087,-5224.098856248223,3632.306303254734,6163374411,34.759325,-86.452409
Pseudacris crucifer,262.3337148351903,-5244.129393169972,3608.3294000726905,6170825464,34.497275,-87.136208
Pseudacris crucifer,658.0183725219777,-5198.01311597169,3624.5585382619,6170830548,34.674557,-82.785282
Pseudacris crucifer,747.3635379954103,-5084.584967015936,3765.3946121154386,6170881727,36.229435,-81.63819
Pseudacris crucifer,-405.3638070171668,-5171.7767055297245,3698.399521655022,6171062193,35.486037,-94.48168
Pseudacris crucifer,245.20790389489127,-5096.543878386982,3815.0841025095465,6171115408,36.785395,-87.245476
Pseudacris crucifer,262.3552557663822,-5244.125288867008,3608.3337988765275,6171162547,34.497323,-87.135971
Pseudacris crucifer,406.67841175668036,-5287.983235981119,3530.099020575932,6171171419,33.647916,-85.602259
Pseudacris crucifer,266.47037360069254,-5105.160317359815,3802.115832497108,6171171570,36.639911,-87.012085
Pseudacris crucifer,881.5904518002245,-4771.198825311942,4128.948192253575,6178298695,40.397291,-79.531338
Pseudacris crucifer,464.2670326806261,-4912.916653324412,4029.5730803065253,6178299877,39.233765,-84.601622
Pseudacris crucifer,1100.4636171953105,-4569.667069086511,4300.7994413379865,6178316806,42.458642,-76.459894
Pseudacris crucifer,991.53689960092,-5026.8762364231825,3786.439357772832,6178320186,36.464411,-78.841809
Pseudacris crucifer,563.8702899735496,-4989.55378240836,3921.244251282621,6178353930,37.986986,-83.55235
Pseudacris crucifer,409.06295306236996,-4900.146696659333,4051.0471462731643,6178369506,39.483536,-85.228028
Pseudacris crucifer,159.33786214157286,-4917.8938050844745,4047.058820585307,6178370143,39.437079,-88.144288
Pseudacris crucifer,1091.6687308384585,-4923.533307128421,3893.177659108823,6178383740,37.667426,-77.498362
Pseudacris crucifer,508.15507730800897,-4923.5913263876655,4011.206800677781,6178386043,39.020845,-84.107468
Pseudacris crucifer,378.97163106147843,-4781.665037639585,4193.067266374733,6178387517,41.158788,-85.468486
Pseudacris crucifer,1271.1789070189702,-4649.903833415935,4165.603396389445,6178402674,40.831549,-74.710213
Pseudacris crucifer,234.0710513981413,-4860.066333395714,4112.750795704543,6178424488,40.20629,-87.242645
Pseudacris crucifer,919.7998498936212,-4790.6365632305,4097.9900786668795,6178444253,40.032698,-79.131502
Pseudacris crucifer,1146.6180519131963,-4587.325418724502,4269.832042999853,6178450873,42.082284,-75.966264
Pseudacris crucifer,1094.9863104897204,-4565.005999333548,4307.142711307143,6178461494,42.536013,-76.511567
Pseudacris crucifer,1126.8591418723636,-4766.689134745853,4074.1399456513445,6178470399,39.75314,-76.699299
Pseudacris crucifer,1100.3695378573875,-4569.650270349647,4300.841361469446,6178471017,42.459153,-76.460961
Pseudacris crucifer,466.50497768316166,-5010.436504333247,3907.3843260574063,6178482592,37.829007,-84.680717
Pseudacris crucifer,1091.2247284543346,-4565.861418086973,4307.190642694147,6178499101,42.536598,-76.558646
Pseudacris crucifer,885.5299380855326,-4773.471045163752,4125.477431693809,6178508398,40.356318,-79.490492
Pseudacris crucifer,147.99157199495951,-4915.985658048956,4049.8069872714764,6178538086,39.469087,-88.27568
Pseudacris crucifer,1300.0977642680705,-4673.636910545906,4129.965733684181,6178541134,40.409308,-74.454662
Pseudacris crucifer,1054.955899720317,-4846.034131716366,3999.096694700285,6178581350,38.880803,-77.718629
Pseudacris crucifer,698.7831242631999,-4734.247245088693,4205.753000033706,6178586664,41.310494,-81.603668
Pseudacris crucifer,844.6615805526748,-4941.933391609325,3931.105989020449,6178597072,38.0996,-80.300885
Pseudacris crucifer,1100.4116809517127,-4569.6188894050665,4300.863921085491,6178611784,42.459428,-76.460372
Pseudacris crucifer,864.660333126678,-5071.941494652523,3757.3295187961126,6178638116,36.139571,-80.325274
Pseudacris crucifer,840.7471977606195,-4889.64833094841,3996.7782623994194,6178652053,38.854024,-80.243718
Pseudacris crucifer,373.3518601154221,-4773.635658126302,4202.709140743725,6178672453,41.274061,-85.527931
Pseudacris crucifer,1108.6101868840678,-4568.826109599372,4299.600512077533,6178676625,42.444029,-76.360972
Pseudacris crucifer,1300.0697308452602,-4673.683988107008,4129.921283018544,6178682201,40.408783,-74.45513
Pseudacris crucifer,1164.2389905197194,-4811.299624071932,4010.6977734599177,6178686899,39.014953,-76.39704
Pseudacris crucifer,1148.3373655062965,-4691.641357118976,4154.464562471355,6178689887,40.699287,-76.246543
Pseudacris crucifer,176.12993229171244,-4752.952212516324,4238.888609313121,6178702240,41.708434,-87.877764
Pseudacris crucifer,1073.8006036163924,-4922.552965204482,3899.3817071565413,6178705439,37.737945,-77.694328
Pseudacris crucifer,1117.0384642031702,-4757.532479057247,4087.525279418278,6178713637,39.909895,-76.786653
Pseudacris crucifer,1236.368962598439,-4775.185008203584,4032.2144108948905,6178777681,39.264439,-75.484007
Pseudacris crucifer,566.3544302746461,-5126.3214371593085,3740.2973560810156,6178787963,35.95013,-83.695547
Pseudacris crucifer,697.7388370542491,-4730.767968173051,4209.839435922877,6178798227,41.359438,-81.609959
Pseudacris crucifer,1105.1529489081145,-4572.597619537406,4296.480082462618,6178822896,42.406012,-76.412724
Pseudacris crucifer,1146.6658901158883,-4587.326903826396,4269.81760073574,6178856435,42.082109,-75.965706
Pseudacris crucifer,835.9022299057314,-4738.581708503733,4175.747116810344,6178859361,40.952225,-79.99575
Pseudacris crucifer,107.7959476607476,-5411.817901942552,3360.1131170779768,6178873700,31.830407,-88.858898
Pseudacris crucifer,1256.3101357273,-4646.012797096434,4174.446437764228,6178896035,40.936739,-74.868741
Pseudacris crucifer,521.7136670772296,-4734.529473470519,4231.051718438483,6178915450,41.614096,-83.711756
Pseudacris crucifer,1146.557156164045,-4587.322741446879,4269.851271781107,6178955764,42.082517,-75.966972
Pseudacris crucifer,1300.0690782758556,-4673.684169630941,4129.921283018544,6178971543,40.408783,-74.455138
Pseudacris crucifer,927.3391602432406,-4817.977399489983,4064.09756152095,6178987946,39.635768,-79.105241
Pseudacris crucifer,1098.5781639445775,-4518.701770557609,4354.792010663785,6179004632,43.120311,-76.335463
Pseudacris crucifer,1146.5664460797695,-4587.321110851085,4269.850529039794,6179033062,42.082508,-75.966858
Pseudacris crucifer,1123.574909969492,-4532.934972173445,4333.5704781867125,6179037618,42.8594,-76.078719
Pseudacris crucifer,827.941543941944,-4779.324006160827,4130.657087392669,6179123610,40.417474,-80.17196
Pseudacris crucifer,1343.598581949757,-4563.771203135929,4237.509691515439,6179131174,41.691825,-73.59529
Pseudacris crucifer,1077.9892487555167,-4808.041098474565,4038.6177220212912,6179156096,39.338857,-77.362952
Pseudacris crucifer,1298.760755250721,-4673.916534103427,4130.069958551868,6179183489,40.410539,-74.470761
Pseudacris crucifer,238.5938230171213,-4932.222568467673,4025.6684727376223,6179213916,39.188445,-87.230504
Pseudacris crucifer,914.9625372395304,-4604.943604361467,4306.63338186292,6179230391,42.529797,-78.762181
Pseudacris crucifer,509.3690108039373,-4889.380259217205,4052.6851618756605,6179266584,39.502625,-84.052458
Pseudacris crucifer,514.6504208701422,-4734.786104126893,4231.629546893548,6179272413,41.621047,-83.796555
Pseudacris crucifer,1204.959201751597,-4749.64345840371,4071.6966328343324,6179280847,39.724565,-75.764694
Pseudacris crucifer,-289.3585015823114,-5104.6881396717745,3801.076661149284,6179297209,36.628265,-93.244331
Pseudacris crucifer,230.47773727125505,-4859.047614297251,4114.157194893257,6179299813,40.222853,-87.284342
Pseudacris crucifer,1035.5855091612116,-4934.0633795808935,3895.1680771401275,6179328333,37.690043,-78.146536
Pseudacris crucifer,1054.975306049657,-4846.099266942016,3999.0126441719235,6179328460,38.879832,-77.71857
Pseudacris crucifer,1084.670104687843,-4592.595683106064,4280.339797865287,6179335518,42.209737,-76.711503
Pseudacris crucifer,698.70138270767,-4734.3478283125705,4205.653355666855,6179350746,41.309301,-81.604812
Pseudacris crucifer,1208.5119015824298,-4959.3661605048965,3812.340409702414,6179361137,36.754592,-76.304921
Pseudacris crucifer,1100.0534313342714,-4569.804047703326,4300.75883344805,6179389186,42.458147,-76.465146
Pseudacris crucifer,662.8684413144749,-4820.261979582134,4112.837585825835,6179414270,40.207312,-82.169962
Pseudacris crucifer,-379.28478128088244,-5133.654490102347,3753.8630450001974,6179419585,36.100978,-94.225451
Pseudacris crucifer,1184.934484073578,-4923.541296816836,3865.8019215513236,6179451902,37.357052,-76.468131
Pseudacris crucifer,731.6414174236805,-5489.19254330114,3150.114154845006,6185147504,29.633167,-82.40793
Pseudacris crucifer,-139.9640417071571,-5462.547927400229,3275.779806025107,6235646575,30.941974,-91.467739
Pseudacris regilla,-2708.254950565083,-4210.5293243112865,3940.374482397821,5938121184,38.205598,-122.749533
Pseudacris regilla,-2708.3183413945953,-4210.463936765094,3940.400782730564,5938165556,38.205899,-122.750548
Pseudacris regilla,-2500.5102910940805,-4642.97329628687,3574.9126400203204,5938208547,34.133421,-118.305039
Pseudacris regilla,-2690.9760169173583,-4222.183236235676,3939.7423679351746,5938292583,38.198364,-122.511086
Pseudacris regilla,-2682.3783460727823,-4338.0048059467235,3817.893901325757,5938411244,36.816953,-121.730317
Pseudacris regilla,-2687.7214860376357,-4304.546999291754,3851.8542903460702,5938482982,37.199413,-121.980295
Pseudacris regilla,-2464.3955206348714,-4683.104589366191,3547.5398873880945,5938571458,33.83654,-117.754743
Pseudacris regilla,-2511.7811680829295,-4626.00277849258,3588.984088390518,6129848817,34.286444,-118.500637
Pseudacris regilla,-2556.1064529968285,-4249.979509945573,3999.2183105787303,6129851583,38.882208,-121.024372
Pseudacris regilla,-2701.883078132444,-4256.495089148072,3895.103402714405,6129861305,37.689308,-122.406037
Pseudacris regilla,-2518.674433390006,-4637.448029016575,3569.3287893433485,6129882077,34.072775,-118.507114
Pseudacris regilla,-2616.4567546097464,-4231.860657010208,3979.3545406992316,6129932542,38.653093,-121.727496
Pseudacris regilla,-2532.2423836870285,-4624.943673560283,3575.9470992075917,6130057360,34.144661,-118.701522
Pseudacris regilla,-2593.5609228868,-4571.094123510569,3601.1516745284616,6130230759,34.418988,-119.569838
Pseudacris regilla,-2681.289929953368,-3996.3811674381313,4174.850297406356,6130241097,40.941547,-123.858825
Pseudacris regilla,-2316.6659244195534,-3494.5521404021133,4796.969612403412,6130329375,48.845453,-123.541848
Pseudacris regilla,-2691.3666211470368,-4191.075778144674,3972.553670134871,6130377479,38.574818,-122.7072
Pseudacris regilla,-2504.838853328071,-4653.225384402509,3558.5149951191256,6130383250,33.95545,-118.293653
Pseudacris regilla,-2701.870140424822,-4256.483573645912,3895.1249609275337,6130523806,37.689553,-122.405983
Pseudacris regilla,-2613.3788675483906,-4559.762112714613,3601.1905669904913,6130539640,34.419412,-119.818717
Pseudacris regilla,-2708.45178592357,-4210.370656158168,3940.408733972543,6130715267,38.20599,-122.75241
Pseudacris regilla,-2715.9179542128286,-4286.897086315589,3851.760138819751,6130718307,37.19835,-122.355867
Pseudacris regilla,-2606.038714406878,-4561.138824768764,3604.764620592724,6130880334,34.458385,-119.741791
Pseudacris regilla,-2690.527947107279,-4346.3352678522115,3802.654629983661,6130969842,36.64595,-121.758903
Pseudacris regilla,-2616.3677664529864,-4558.854373218786,3600.169391032482,6131142494,34.40828,-119.851904
Pseudacris regilla,-2500.4458038625057,-4412.641060653972,3855.661134157721,6131149931,37.242406,-119.538283
Pseudacris regilla,-2621.0397482557078,-4235.699411999776,3972.2480107523297,6131166835,38.571302,-121.749114
Pseudacris regilla,-2695.5609986453824,-4195.939653731114,3964.567372930641,6131269204,38.483008,-122.717553
Pseudacris regilla,-2690.4379338353024,-4190.845049923586,3973.426055860162,6131417305,38.584854,-122.699644
Pseudacris regilla,-2421.549502456723,-4731.794367214828,3512.2604122164785,6133160521,33.455417,-117.101612
Pseudacris regilla,-2708.6460357434366,-4210.264173960812,3940.388986913714,6133185408,38.205764,-122.754939
Pseudacris regilla,-2573.48344797793,-4176.144598541613,4065.3108570849504,6133192787,39.649938,-121.642799
Pseudacris regilla,-2361.014143308265,-3642.530370553885,4663.404104768141,6133279208,47.052023,-122.950487
Pseudacris regilla,-2621.033539413937,-4235.728038619681,3972.2215821622744,6133334480,38.570998,-121.74888
Pseudacris regilla,-2698.922161407709,-3989.403193980445,4170.160003189135,6133351807,40.88573,-124.079247
Pseudacris regilla,-2459.558334060204,-3810.5979708007294,4474.334479669774,6133422123,44.61151,-122.840304
Pseudacris regilla,-2323.8677696541804,-3522.4403318796813,4773.028999198235,6147199790,48.519351,-123.414127
Pseudacris regilla,-2468.5666099616087,-3887.79921003084,4402.379961378125,6147241000,43.70948,-122.413595
Pseudacris regilla,-2678.4843128739935,-4432.981602525218,3710.006607411679,6147255713,35.614336,-121.141099
Pseudacris regilla,-2678.485134394247,-4432.964083980929,3710.026946619336,6147340146,35.614561,-121.141207
Pseudacris regilla,-2433.7566488677753,-4767.403202257954,3455.205986749552,6147366336,32.842573,-117.044286
Pseudacris regilla,-2696.454939015251,-4236.2628132908285,3920.8368071455075,6147394342,37.982337,-122.477462
Pseudacris regilla,-2698.981146788032,-4225.381160480704,3930.827895954608,6147450796,38.096422,-122.568588
Pseudacris regilla,-2682.497331804722,-4337.9458802862555,3817.87725499989,6147504996,36.816766,-121.731802
Pseudacris regilla,-2595.972355985024,-4259.099811056803,3963.6787781169787,6147608562,38.4728,-121.362808
Pseudacris regilla,-2410.136846394897,-3760.933471673629,4542.727477295116,6159159363,45.482073,-122.65316
Pseudacris regilla,-2715.0400062043054,-4286.513916402477,3852.8053855438193,6159189670,37.210152,-122.349808
Pseudacris regilla,-2687.6754420841935,-4304.516068211986,3851.9209838987863,6159247803,37.200166,-121.980039
Pseudacris regilla,-2704.127954931838,-4346.568795626395,3792.7278887260686,6159273416,36.534764,-121.886955
Pseudacris regilla,-2670.834400616073,-4329.3766360210075,3835.7391305508054,6159293567,37.017685,-121.670838
Pseudacris regilla,-2565.9515876794594,-4167.165515860082,4079.2618379786886,6159295004,39.81308,-121.622878
Pseudacris regilla,-2683.8170605699843,-4340.323907788789,3814.245336963523,6159297270,36.775977,-121.730362
Pseudacris regilla,-2715.0981544906326,-4286.640974125789,3852.6230415270193,6159399119,37.208093,-122.349595
Pseudacris regilla,-2447.9891647187465,-4757.203551536798,3459.207502932243,6159465754,32.885416,-117.229705
Pseudacris regilla,-2430.8398876766228,-3745.3971802005344,4544.5319376921125,6159481208,45.505223,-122.984401
Pseudacris regilla,-2681.394002382516,-4243.02120240678,3923.856573524449,6159497384,38.0168,-122.291001
Pseudacris regilla,-2714.9685971352415,-4286.437916375475,3852.940258465685,6159504768,37.211675,-122.349586
Pseudacris regilla,-2588.9382512838633,-4208.0118875436765,4022.410696958702,6159543357,39.150655,-121.601502
Pseudacris regilla,-2635.0256787289454,-4237.007368030399,3961.585713495621,6159573270,38.448761,-121.877781
Pseudacris regilla,-2364.8474866396186,-3337.3704836500337,4884.588800449148,6159632126,50.057578,-125.321235
Pseudacris regilla,-2661.739900642774,-4284.976995318884,3891.512042971418,6159645363,37.648505,-121.847703
Pseudacris regilla,-2700.964684942096,-3990.6357835517942,4167.657488735014,6159679541,40.855968,-124.09115
Pseudacris regilla,-2622.582784902356,-4238.500182855881,3968.2400212111543,6162830004,38.525214,-121.747256
Pseudacris regilla,-2692.4449856765254,-4294.280884018481,3860.0058054277865,6162843873,37.291503,-122.08705
Pseudacris regilla,-2624.044801098259,-4235.158902280563,3970.8400980070114,6162932341,38.555109,-121.781772
Pseudacris regilla,-2513.7516756376713,-4646.966072585184,3560.4089600983293,6162956832,33.975987,-118.410937
Pseudacris regilla,-2678.014316825866,-3964.7624567327257,4206.976480827509,6162995839,41.325144,-124.037213
Pseudacris regilla,-2422.678765413904,-4768.135437801725,3461.974173223907,6163029531,32.91505,-116.93502
Pseudacris regilla,-2571.985985625006,-4257.232083007747,3981.2832367008914,6163036231,38.675307,-121.138068
Pseudacris regilla,-2653.5002989852305,-4221.96038337122,3965.3171139527626,6163084824,38.491622,-122.149344
Pseudacris regilla,-2703.238426176111,-4213.588279776269,3940.5493207742497,6163090708,38.207599,-122.682306
Pseudacris regilla,-2398.1669584363726,-4700.50496989796,3569.8461307325356,6163121402,34.078392,-117.030378
Pseudacris regilla,-2619.496325752829,-4236.097647610528,3972.8414074756897,6163166317,38.578128,-121.731605
Pseudacris regilla,-2617.6078547046673,-4557.141518837299,3601.436300416145,6163170710,34.422091,-119.872925
Pseudacris regilla,-2653.49882588759,-4221.958039538857,3965.320595243699,6163185567,38.491662,-122.149344
Pseudacris regilla,-2410.8595990655917,-4768.79048844168,3469.314975700374,6163298389,32.993726,-116.818856
Pseudacris regilla,-2653.494146837912,-4221.960571606842,3965.32103040493,6163320231,38.491667,-122.149283
Pseudacris regilla,-2624.0361821915963,-4235.139213065407,3970.866793306283,6163361024,38.555416,-121.781807
Pseudacris regilla,-2700.537113228871,-4205.284504536131,3951.2573524966974,6170905425,38.330256,-122.707645
Pseudacris regilla,-2425.7012211393394,-4750.6197906861935,3483.86829828299,6170988657,33.149911,-117.049189
Pseudacris regilla,-2697.5249559740387,-4206.589007444744,3951.9262599420726,6170988949,38.337925,-122.670503
Pseudacris regilla,-2604.5526620865685,-4563.318419822855,3603.079732589976,6171005180,34.44001,-119.71593
Pseudacris regilla,-2624.1056684775563,-4235.167986577094,3970.790185317517,6171022872,38.554535,-121.782312
Pseudacris regilla,-2514.183921277004,-4624.691714647354,3588.991346345341,6171054251,34.286523,-118.53043
Pseudacris regilla,-2449.447618865196,-4759.664122060379,3454.787538660556,6171061787,32.838094,-117.231535
Pseudacris regilla,-2540.0050488135466,-4668.063994267284,3513.873365262967,6171066523,33.472805,-118.551667
Pseudacris regilla,-2705.0400385545963,-4283.395721039865,3863.2929757489733,6171087385,37.328671,-122.273134
Pseudacris regilla,-2328.6148397242523,-3650.3309568567884,4673.584273692562,6171140315,47.186565,-122.53457
Pseudacris regilla,-2672.4106017086874,-4246.63665803924,3926.073330969477,6171142383,38.042109,-122.182228
Pseudacris regilla,-2344.4884420951475,-3650.652736051144,4665.389766709958,6171163567,47.078239,-122.709013
Pseudacris regilla,-2419.585523256618,-4778.093378662379,3450.3887737626264,6171171489,32.791024,-116.857263
Pseudacris regilla,-2672.3277536898418,-4246.69178876861,3926.0700907831106,6171183783,38.042072,-122.181092
Pseudacris regilla,-2716.9057408885483,-4281.135615042121,3857.4673259046813,6171192496,37.262813,-122.400138
Pseudacris regilla,-2711.7362873090115,-3989.4037239448026,4161.838219482384,6171357862,40.786812,-124.205308
Pseudacris regilla,-2648.376751622818,-4276.064976298356,3910.386429704326,6171370197,37.863197,-121.771964
Pseudacris regilla,-2727.399002347476,-4126.087441158996,4015.775172937529,6171433536,39.073746,-123.465237
Pseudacris regilla,-2694.4430465458095,-4282.580798470914,3871.592889647181,6178291479,37.4226,-122.1766
Pseudacris regilla,-2273.363258033134,-3650.5641543447427,4700.52698978696,6187974585,47.544301,-121.912297
Pseudacris regilla,-2345.226054410467,-3352.823497738566,4883.466235821015,6235995873,50.041856,-124.97194
Pseudacris regilla,-2670.1472781298976,-4313.264721558972,3854.3240762198157,6334327931,37.227303,-121.759778
Puma concolor,-1081.0700104964133,-5624.11476429556,2791.1241248134083,5007272016,25.982568,-100.880708
Puma concolor,-2538.769956153522,-3877.4609333592043,4371.463936678747,5063960926,43.326069,-123.214799
Puma concolor,-2538.7839768117055,-3877.449564584758,4371.46587803943,5063970677,43.326093,-123.215021
Puma concolor,-2538.4926245603565,-3877.733783714877,4371.382965077117,5063981550,43.325068,-123.210083
Puma concolor,-2250.023661414069,-3548.779183512321,4788.873871738938,5064012366,48.734942,-122.375822
Puma concolor,845.5798948390851,-5634.689119731803,2850.443175209323,5069923860,26.577534,-81.46549
Puma concolor,-1842.676528196338,-5391.294718881588,2851.006418139255,5069954295,26.583198,-108.869781
Puma concolor,-1140.2539962781307,-4621.337486148586,4234.715314252783,5069977642,41.65818,-103.860139
Puma concolor,-1139.4675729123135,-4612.082531277921,4245.004299719824,5076850391,41.782149,-103.877669
Puma concolor,-2538.9565163572497,-3877.4079956120477,4371.402540751453,5076864424,43.32531,-123.217087
Puma concolor,-2484.169828021782,-3914.952823876702,4369.416183203827,5076871533,43.300759,-122.396507
Puma concolor,-2484.1961411975476,-3914.9048769634383,4369.444182738182,5076874497,43.301105,-122.397099
Puma concolor,-2538.782523825163,-3877.450151152285,4371.466201599469,5076879471,43.326097,-123.215002
Puma concolor,-1110.7041041108573,-4624.400528534381,4239.222720556171,5076913455,41.712459,-103.505667
Puma concolor,-2538.700993894909,-3877.8021823908757,4371.20127968491,5076915363,43.322822,-123.211775
Puma concolor,-1972.292707784515,-4602.993134252374,3938.5617692912942,5076944235,38.184855,-113.194188
Puma concolor,-1151.025428056997,-4619.496539524517,4233.809787291424,5077009416,41.647281,-103.991307
Puma concolor,-2708.462011957495,-4223.859164656059,3925.9394310931,5087338190,38.04058,-122.66918
Puma concolor,-1118.9226464720784,-4546.930418960738,4320.091319175889,5087985883,42.69425,-103.824828
Puma concolor,-2441.8442289613586,-4728.303920516415,3502.8976471479496,5088137893,33.354553,-117.313247
Puma concolor,-2428.364955731456,-3740.6047584902726,4549.799205702678,5104435204,45.572853,-122.991249
Puma concolor,-2460.1000402197833,-4693.361400440916,3536.9506197626415,5108138887,33.721967,-117.661996
Puma concolor,-2387.3004843326507,-4774.9885268806975,3477.072633026269,5108260003,33.076946,-116.563191
Puma concolor,-2610.2291782389866,-4536.36769627888,3632.881073047217,5108283470,34.765617,-119.916153
Puma concolor,-2404.57687904397,-3921.0314083976227,4408.318937736238,5133125414,43.783414,-121.518754
Puma concolor,-2482.924991831832,-3859.737388097596,4418.966384748347,5134161628,43.916193,-122.752714
Puma concolor,-1105.3947111391872,-4622.910715150595,4242.234338412809,5134379290,41.748751,-103.447631
Puma concolor,-2331.735025404198,-3502.894319831917,4783.565227429224,5167835044,48.662608,-123.6501
Puma concolor,-1750.5917105565743,-3895.524513272446,4727.586123922178,5168087046,47.906057,-114.198453
Puma concolor,-2353.0346527916945,-3675.412500447673,4641.586367180071,5828033639,46.764814,-122.627765
Puma concolor,-2464.1295254088927,-4687.989956658099,3541.2665782115832,6129906843,33.768646,-117.727584
Puma concolor,-2654.676627924352,-4464.340676731918,3689.458964795032,6129915936,35.387352,-120.73742
Puma concolor,-1127.633619908053,-4623.631207572812,4235.590868496303,6130406478,41.66872,-103.70601
Puma concolor,-2457.365482614053,-4706.000013083736,3522.026673861275,6130705279,33.560753,-117.572533
Puma concolor,-1122.819982153796,-4627.615836418618,4232.5169920369135,6131489690,41.631724,-103.638381
Puma concolor,-1785.7903659094243,-4509.99765050206,4130.45119704475,6133084503,40.415042,-111.601713
Puma concolor,-2361.6605332595877,-3673.325481376254,4638.856816414297,6133084667,46.72899,-122.737842
Puma concolor,-1669.4108342123598,-4239.286501927259,4453.231472859811,6147276019,44.345525,-111.494284
Puma concolor,-2709.2455267471582,-4229.765540812401,3919.0337170320345,6147288177,37.961767,-122.640337
Puma concolor,-2697.521296514042,-4292.883980004811,3858.014919456468,6147414953,37.269001,-122.144039
Puma concolor,-2360.176172120328,-3675.357086817481,4638.003002436867,6159387509,46.717789,-122.707052
Puma concolor,-1118.0114664087894,-4625.075013462893,4236.56519016256,6162888838,41.680451,-103.589327
Puma concolor,-1120.7812822538292,-4625.744470869764,4235.102187343855,6162915978,41.662837,-103.619843
Puma concolor,843.1504756187949,-5579.584294813057,2957.5478867157362,6163073790,27.659735,-81.40685
Puma concolor,-1131.2130453165305,-4542.143937525099,4321.925337923727,6163332823,42.716695,-103.984909
Puma concolor,-1868.5818085737403,-5104.921142463812,3322.3388273279247,6170817983,31.431423,-110.104414
Puma concolor,-1293.5365309249958,-4753.177390891294,4040.274874752929,6171032834,39.358129,-105.223872
Puma concolor,-1130.1103909046003,-4613.398380404656,4246.0757197354105,6171146085,41.795072,-103.764283
Puma concolor,-2391.3208820205,-4769.870870398636,3481.3315625795676,6171151838,33.122667,-116.62638
Puma concolor,-2466.4639563519995,-4688.572239339646,3538.869740211907,6178329355,33.74272,-117.747002
Puma concolor,-2014.7176502905752,-4110.044267537248,4431.501104385428,6178379877,44.072888,-116.113801
Puma concolor,-2462.9938679304937,-4687.882794437958,3542.1983628569965,6178486924,33.778727,-117.717247
Puma concolor,-2366.431113025095,-3672.245376048748,4637.280540906798,6178582579,46.708313,-122.798131
Puma concolor,-2387.9387710444807,-4772.177462297041,3480.4918939374334,6178675621,33.113651,-116.582818
Puma concolor,-1853.0016505590434,-5082.055668993843,3365.835437146392,6178886789,31.890998,-110.032693
Puma concolor,-2695.564967753858,-3985.8254632438493,4175.748796425922,6185405897,40.952245,-124.070008
Puma concolor,-1128.6864505285268,-4617.441463377576,4242.057797620431,6188062502,41.746623,-103.736017
Puma concolor,-2708.907177448589,-4286.556885623016,3857.072089028524,6188128457,37.258347,-122.291007
Puma concolor,-1121.2216275828196,-4619.1716971094775,4242.153701145295,6188164121,41.747779,-103.643658
Puma concolor,-2366.0845746370965,-3618.654660071761,4679.394764975781,6188380580,47.26351,-123.178968
Puma concolor,-1135.2384887915782,-4613.080605978684,4245.052888479364,6195468682,41.782735,-103.825266
Puma concolor,-1401.100301645393,-3882.9613311985813,4852.760284088136,6195485124,49.613781,-109.841113
Puma concolor,-1926.2425639707694,-3763.418871546079,4766.132720740747,6234306442,48.425804,-117.104872
Puma concolor,-1032.8256893802195,-5651.581853359147,2753.660614493967,6234600563,25.608362,-100.35651
Puma concolor,-1128.4736283725424,-4537.596641426791,4327.41459990344,6235627846,42.783922,-103.965802
Puma concolor,-1134.9959134902504,-4625.551279869463,4231.52605608613,6236421004,41.619802,-103.786583
Puma concolor,-1548.919560305715,-4710.740844221271,3999.940252549437,6251696343,38.890549,-108.201172
Puma concolor,-2335.196772738435,-4506.582001474991,3850.6269393763787,6253256886,37.185557,-117.392048
Puma concolor,-973.1044085099679,-5689.549300895637,2696.636737214316,6274070038,25.041009,-99.705596
Puma concolor,-1131.7582703284777,-4626.232367633839,4231.648665458597,6320060385,41.621277,-103.746803
Puma concolor,-2397.707453502122,-4773.477857192568,3471.9823219581695,6320111112,33.022331,-116.670278
Puma concolor,-1132.5519298276438,-4618.88569437913,4239.454469407702,6320395309,41.715251,-103.777124
Puma concolor,-2401.033074616807,-4760.752940834441,3487.1227022589587,6320509800,33.184875,-116.763588
Puma concolor,-2038.1217132292259,-3592.041308967727,4851.087738477879,6321088579,49.590572,-119.570546
Puma concolor,-2121.5177734660324,-3639.6462099524474,4779.319086744883,6321157872,48.604826,-120.237533
Puma concolor,-2392.1875674975017,-4770.644616529454,3479.6755185457096,6321241842,33.104886,-116.630975
Puma concolor,-1329.5857500652344,-4651.527723160737,4145.508980037071,6352318019,40.593139,-105.951976
Puma concolor,-2396.7753718784697,-4495.190398787643,3826.027211753944,6352629861,36.908375,-118.065942
Puma concolor,-1118.3939728922953,-4618.850922155671,4243.2492514554615,6398619590,41.760986,-103.611441
Puma concolor,-1984.5087784629277,-4658.373803027051,3866.6563784686514,6398924421,37.36672,-113.074437
Puma concolor,-1114.618946640331,-4619.087398836097,4243.985077186466,6399632933,41.769858,-103.566529
Puma concolor,-1121.8040235166552,-4616.744749960023,4244.640947855994,6399722707,41.777767,-103.657387
Puma concolor,-1125.7293562039586,-4619.575650048413,4240.519703967645,6400186402,41.728086,-103.695296
Puma concolor,-2344.4095868938984,-3688.3467628787125,4635.687109298851,6400409523,46.687419,-122.441106
Puma concolor,-2470.853900630742,-3685.1174112724943,4572.1487067408025,6400493557,45.860725,-123.841667
Puma concolor,-1376.2146172004561,-4791.254500186019,3967.3248885777507,6400650439,38.514695,-106.025903
Puma concolor,-1108.494090600845,-4631.368429807306,4232.188612073504,6400869499,41.627773,-103.460234
Puma concolor,-2483.2252014815945,-3880.4576424503816,4400.612936120667,6422456637,43.6875,-122.616439
Puma concolor,-1780.1094613994956,-5107.909481536214,3366.0398339214403,6422809818,31.893163,-109.213476
Puma concolor,-2377.103790965175,-4771.868211381173,3488.324020194552,6431266067,33.197785,-116.480168
Puma concolor,-2586.4585232963786,-4570.073825222781,3607.549122182339,6431403726,34.488761,-119.507931
Puma concolor,-1143.9172907741943,-4613.307557186072,4242.475662199507,6441996772,41.75166,-103.926201
Puma concolor,-1554.0640584437936,-5073.306511851798,3526.4995489483304,6452565495,33.609039,-107.030965
Puma concolor,-2383.4983754388845,-3875.093390094733,4460.082941157232,6469592214,44.431749,-121.594905
Puma concolor,-1587.771110871827,-4157.270256597003,4559.14904809792,6470247882,45.693103,-110.903175
Puma concolor,-1697.8761241748005,-4637.546197073921,4024.939138252877,6470293832,39.179983,-110.108446
Puma concolor,-2398.946744892158,-4763.087200340851,3485.3705637705007,6479093994,33.166049,-116.732282
Puma concolor,-1453.4351200804458,-5000.55361580522,3670.3873115587567,6479934582,35.177243,-106.206762
Puma concolor,-1526.4662355704568,-4825.116141973257,3870.1302533390153,6480868922,37.406039,-107.555207
Puma concolor,-2524.104148949821,-4631.717168973097,3572.932610835471,6499010534,34.111911,-118.588651
Sternotherus odoratus,812.0308470573613,-5214.021645376024,3569.921191658863,6130784244,34.079207,-81.147877
Sternotherus odoratus,745.8352535344484,-5291.688666505838,3468.6472811510102,6130857580,32.986567,-81.977312
Sternotherus odoratus,1129.1060288895615,-5071.266798651792,3687.428068734993,6131079596,35.364952,-77.447962
Sternotherus odoratus,-806.8380603172983,-5485.289760348848,3138.5285914123733,6162850914,29.513369,-98.367704
Sternotherus odoratus,-492.2649326254449,-5320.400118719793,3469.981403770215,6178359094,33.000872,-95.286187
Sternotherus odoratus,916.1466436362148,-5045.931964777575,3780.079240421749,6179084413,36.393322,-79.709394
Sternotherus odoratus,921.4411092945711,-5261.417078504934,3472.490422995581,6179175733,33.027781,-80.066431
Sternotherus odoratus,1095.333064227062,-4927.529718772544,3887.0875316490833,6179548447,37.598267,-77.467575
Sternotherus odoratus,1157.2481548175374,-4907.568253477601,3894.3938777822223,6184729362,37.681245,-76.731537
Sternotherus odoratus,1295.4548426108086,-4671.482145016346,4133.860719621202,6184889154,40.455327,-74.500704
Sternotherus odoratus,843.1178688083512,-5593.6073464089595,2930.9490345574445,6185413923,27.389994,-81.428399
Sternotherus odoratus,875.8238099631297,-5526.175698282118,3046.9768517819825,6185442219,28.571598,-80.9943
Sternotherus odoratus,955.7341981108675,-5121.492944306156,3666.9654066627186,6185538487,35.139602,-79.42948
Sternotherus odoratus,1047.6680839230744,-5160.229449396962,3586.666522717539,6185912739,34.261222,-78.523378
Sternotherus odoratus,1304.4304548214302,-4719.208794312786,4076.430138478109,6187942244,39.779935,-74.548737
Sternotherus odoratus,306.58417978864713,-5227.566137171829,3628.816825340618,6188095053,34.721136,-86.643585
Sternotherus odoratus,1001.2692703175029,-5195.00456656223,3549.5268038701806,6188332802,33.858055,-79.090758
Sternotherus odoratus,-765.9911557858148,-5453.1181490595445,3204.139998709912,6188428740,30.19371,-97.995934
Sternotherus odoratus,-60.84756509498601,-5495.4864055685475,3222.6820925605944,6188480016,30.386827,-90.634369
Sternotherus odoratus,1309.0580395758782,-4709.641577757622,4086.0000474493263,6188502851,39.892015,-74.46658
Sternotherus odoratus,295.16565109706323,-5232.348614012141,3622.8660407935467,6188570041,34.656051,-86.77127
Sternotherus odoratus,1079.1966176818212,-4929.664929235535,3888.8933484381855,6188573879,37.618767,-77.65168
Sternotherus odoratus,1532.0998713550803,-4429.452573578869,4315.364760050616,6195248396,42.636443,-70.920049
Sternotherus odoratus,431.6450993462437,-5431.43531652544,3301.960938637523,6195310761,31.21689,-85.45616
Sternotherus odoratus,611.2294737368869,-5252.871665177031,3552.95523885301,6195429783,33.895192,-83.362853
Sternotherus odoratus,929.9019349915937,-4455.824164021958,4457.652581829853,6195430874,44.401149,-78.21193
Sternotherus odoratus,247.9040049151504,-5361.306687629055,3432.8832393788794,6195897731,32.603948,-87.352559
Sternotherus odoratus,1285.4005901322162,-4683.525778633743,4123.358428931248,6196030550,40.331315,-74.652971
Sternotherus odoratus,1420.7568773136209,-4553.113944039804,4223.784610729314,6234197403,41.52674,-72.669953
Sternotherus odoratus,-759.9478387521019,-5472.890249906158,3171.7037573732455,6234290328,29.856791,-97.905357
Sternotherus odoratus,734.1244548182057,-5582.836601605923,2980.3942514849505,6234455891,27.891954,-82.508776
Sternotherus odoratus,15.27184645020383,-4986.520080955629,3965.367244355774,6234508348,38.492198,-89.824525
Sternotherus odoratus,918.0523934699248,-4454.7549169423055,4461.1760290869415,6234579108,44.445517,-78.355299
Sternotherus odoratus,1092.5722257670395,-4386.363507950612,4489.527173019348,6234729160,44.803757,-76.013172
Sternotherus odoratus,306.62974122407184,-5227.729491486096,3628.577640800981,6234743025,34.718519,-86.643192
Sternotherus odoratus,821.88623666222,-4438.694949748269,4495.802852299225,6234784747,44.883356,-79.5097
Sternotherus odoratus,-40.950073155024796,-5495.079095417168,3223.690735212556,6234850390,30.397343,-90.426968
Sternotherus odoratus,1244.66889568264,-4697.856839479511,4119.55016786459,6235054512,40.286403,-75.160772
Sternotherus odoratus,1490.3288724841302,-4479.430331740314,4278.244603175756,6235250959,42.184303,-71.597458
Sternotherus odoratus,-512.1228962946641,-5386.768477370434,3363.0653636193883,6235630557,31.861662,-95.430817
Sternotherus odoratus,1528.0610973563162,-4437.983015527236,4308.026133429952,6235692652,42.546796,-71.000681
Sternotherus odoratus,1029.0756045387309,-5052.272108217524,3742.3659727968798,6236147948,35.973114,-78.487159
Sternotherus odoratus,585.5092670481298,-5318.627671409908,3458.1977561717067,6236235641,32.874603,-83.717803
Sternotherus odoratus,338.7600465259654,-5135.084696643956,3755.782198004594,6236421818,36.122342,-86.225683
Sternotherus odoratus,1088.6495807082724,-4934.9874631315715,3879.49661152518,6251437118,37.512155,-77.559891
Sternotherus odoratus,815.7022372678059,-5507.744685213071,3096.6322791543894,6251644632,29.081324,-81.575677
Sternotherus odoratus,378.19262390422546,-4992.601871089702,3939.625619991508,6251668897,38.197028,-85.668083
Sternotherus odoratus,-852.8290298982523,-5437.640504253397,3208.5045616210527,6252307405,30.239133,-98.913547
Sternotherus odoratus,995.915862995685,-5064.890754676901,3734.271865665305,6252357362,35.88322,-78.875778
Sternotherus odoratus,585.3857293768416,-5318.6499529368375,3458.1844016252744,6252451019,32.87446,-83.719144
Sternotherus odoratus,1251.4450214004112,-4825.283418062814,3967.4019740199765,6252979866,38.515581,-75.460587
Sternotherus odoratus,1303.849383172748,-4717.774491773951,4078.2758318245856,6253232304,39.801537,-74.55082
Sternotherus odoratus,-488.17661360280636,-5223.508268647048,3614.7473066570856,6273368038,34.567337,-95.339218
Sternotherus odoratus,569.596699232751,-5278.481274945388,3521.7819580365144,6273448770,33.558112,-83.84109
Sternotherus odoratus,1522.1548754755247,-4365.312528400935,4383.702110560133,6273644590,43.477552,-70.776683
Sternotherus odoratus,810.8473874602487,-5214.182110534159,3569.9558207507093,6273760434,34.079583,-81.160842
Sternotherus odoratus,1521.747404794652,-4367.142392759632,4382.0206853733425,6274070071,43.456717,-70.788914
Sternotherus odoratus,1220.8144780893588,-4954.913595894157,3814.209799812809,6274078458,36.775578,-76.158883
Sternotherus odoratus,1108.6778014941956,-4843.323416958379,3987.8321104196502,6274169638,38.750786,-77.106647
Sternotherus odoratus,981.6406529986361,-5061.303018707239,3742.9061584392994,6320537570,35.979117,-79.023749
Sternotherus odoratus,275.8317114339829,-5233.221273228569,3623.12918650064,6320548498,34.658928,-86.982856
Sternotherus odoratus,1221.9040637683781,-4679.1518167976965,4147.558542562428,6320563005,40.617417,-75.36473
Sternotherus odoratus,1085.4062044896389,-4834.6349499091175,4004.7411154842584,6320693087,38.946041,-77.346541
Sternotherus odoratus,1102.7670822310915,-4829.455616394418,4006.2471642799787,6320881517,38.963458,-77.137497
Sternotherus odoratus,1217.634496741332,-4701.269961166167,4123.733758896126,6334107672,40.335743,-75.479401
Sternotherus odoratus,786.63255092246,-4427.402469506515,4513.210579234506,6334383104,45.10473,-79.925188
Sternotherus odoratus,482.821261752405,-5184.3433571887645,3671.4058225222093,6334686026,35.18845,-84.679354
Sternotherus odoratus,-0.8383076440386118,-5382.282558115081,3408.927528054521,6334746318,32.348572,-90.008924
Sternotherus odoratus,836.0212893471167,-5325.667965789157,3395.3029690445883,6334885411,32.203651,-81.078538
Sternotherus odoratus,1229.216758449923,-4943.224431765029,3826.658007664731,6352509441,36.91547,-76.035662
Sternotherus odoratus,1227.9164678353707,-4721.696553527419,4097.262004571277,6353320414,40.024147,-75.422654
Sternotherus odoratus,1329.1161255656589,-4610.688090799558,4191.033140384109,6353368793,41.134495,-73.919395
Sternotherus odoratus,1261.4726018413112,-4817.423727601468,3973.772594553383,6398691891,38.588841,-75.326207
Sternotherus odoratus,-11.374164850125265,-5493.426761434222,3226.745446236769,6399091792,30.429198,-90.118631
Sternotherus odoratus,1074.83895840931,-4757.830355574564,4098.478333569209,6399116701,40.038433,-77.270028
Sternotherus odoratus,-782.1723136660587,-5477.288381578212,3158.681938157124,6399247593,29.721852,-98.127053
Sternotherus odoratus,1266.1127108006326,-4750.46296256833,4052.136889900565,6399364708,39.496235,-75.076211
Sternotherus odoratus,788.4354399077243,-4446.667797837649,4493.914572224156,6399383484,44.859394,-79.945425
Sternotherus odoratus,1076.8973263384216,-4848.939967243951,3989.7150866029046,6399404426,38.772503,-77.478454
Sternotherus odoratus,680.5764806079656,-4867.179462703806,4054.273407351188,6399510878,39.521139,-82.039957
Sternotherus odoratus,340.17481435535575,-4718.644616035223,4267.133371822064,6399570108,42.049592,-85.876587
Sternotherus odoratus,1086.442920830872,-4826.339459475396,4014.454176020029,6399612569,39.058445,-77.31378
Sternotherus odoratus,486.10354334947993,-4685.863658395821,4289.071956699473,6399941542,42.315849,-84.077418
Sternotherus odoratus,492.9989182832446,-5267.131438538263,3550.215712518161,6400539255,33.865516,-84.652744
Sternotherus odoratus,1094.0055942834003,-4816.848294816792,4023.7889350802966,6400574110,39.16664,-77.204021
Sternotherus odoratus,296.4448532753251,-5324.150510995824,3486.444451716808,6412983446,33.177587,-86.813103
Sternotherus odoratus,1464.1687790953524,-4519.302339031855,4245.217224644819,6413001088,41.784717,-72.048653
Sternotherus odoratus,-728.2356648254417,-5438.851290365863,3237.0237236448015,6413109007,30.536458,-97.626267
Sternotherus odoratus,371.16492232551576,-4709.165322739223,4275.014817895129,6413166393,42.145116,-85.493403
Sternotherus odoratus,1221.6664945616112,-5037.2070814829385,3704.568655592864,6413180648,35.554202,-76.367361
Sternotherus odoratus,1015.3710380273577,-4482.919585549335,4411.599117588865,6413246527,43.824288,-77.237965
Sternotherus odoratus,1153.0671669750284,-4810.71503294616,4014.624529131889,6413268596,39.060418,-76.52121
Sternotherus odoratus,793.5957627418729,-4445.44258391098,4494.218411268687,6413339958,44.863249,-79.878242
Sternotherus odoratus,1284.6632419343873,-4607.931325642932,4207.892867298148,6413471758,41.336119,-74.421853
Sternotherus odoratus,988.4087737048593,-5066.222583800152,3734.4597945531564,6413505027,35.885306,-78.960394
Sternotherus odoratus,440.8574547771588,-4702.350619400948,4275.897155739875,6413670635,42.155819,-84.644029
Sternotherus odoratus,297.7761918445124,-5306.656021072861,3512.902552485503,6413712871,33.462339,-86.788289
Sternotherus odoratus,1282.693997164491,-4667.667724713993,4142.140419032038,6422145382,40.553256,-74.634187
Sternotherus odoratus,466.3329690650787,-5299.065205681765,3506.0226236539406,6451761854,33.388205,-84.970763
Sternotherus odoratus,1124.0496978153,-4808.797466182668,4025.1375548860337,6480059489,39.182285,-76.843415
Tamias striatus,298.07689241486264,-5306.557525951485,3513.0258353239265,6131301026,33.463668,-86.784993
Tamias striatus,425.6777345968877,-5349.124187167196,3434.4463929735143,6131580016,32.620637,-85.45005
Tamias striatus,1387.6257253287279,-4250.895486381743,4538.076193712782,6147458991,45.422444,-71.921692
Tamias striatus,527.4629413595155,-5270.972351104815,3539.546079521834,6147709194,33.750035,-84.285471
Tamias striatus,403.06581582362986,-5117.329435855132,3773.622996898665,6159170416,36.321225,-85.496403
Tamias striatus,698.3154063239868,-4734.210671551566,4205.871852581255,6162830762,41.311917,-81.609144
Tamias striatus,704.6832170007219,-4717.227052190595,4223.854120520285,6162867877,41.527575,-81.503696
Tamias striatus,422.5929801964329,-5350.305085777891,3432.9875898210535,6162898453,32.605062,-85.483878
Tamias striatus,515.3243127146444,-4685.406396257319,4286.159222930667,6163080156,42.280434,-83.723552
Tamias striatus,722.1089214022415,-4743.888665393517,4190.922591227336,6163104596,41.133175,-81.344946
Tamias striatus,438.3994087638588,-5193.136980517001,3664.5446360577603,6163281300,35.112984,-85.174589
Tamias striatus,426.71206468540015,-5346.942740769522,3437.713378171814,6170990884,32.655527,-85.437188
Tamias striatus,699.3084436722561,-4721.193713170254,4220.314058575236,6171040443,41.485063,-81.574547
Tamias striatus,696.3425793695618,-4744.149905773262,4194.985317421974,6171063457,41.181703,-81.649796
Tamias striatus,-125.74394434213818,-4757.404858634639,4235.686556058916,6171071144,41.669872,-91.514044
Tamias striatus,820.5750994750433,-5128.918523263069,3689.2552659754983,6178346102,35.385105,-80.910288
Tamias striatus,721.4890667381296,-4744.297480426022,4190.566557576443,6178395957,41.128924,-81.352997
Tamias striatus,602.4162259324024,-4835.885655137724,4103.785782767417,6178472039,40.100805,-82.899127
Tamias striatus,767.1907693509497,-4615.8473807909695,4323.785888587139,6178489060,42.739473,-80.563249
Tamias striatus,1332.8312841828783,-4635.404878861938,4162.491502286076,6178562010,40.794572,-73.958317
Tamias striatus,490.7064407069226,-5251.67664877796,3573.353144513774,6178615415,34.116479,-84.661893
Tamias striatus,491.75911522640854,-4866.141332506715,4082.7190246622336,6178626904,39.853568,-84.229434
Tamias striatus,984.0767969417313,-4437.716505783174,4464.080891034336,6178629715,44.482121,-77.496816
Tamias striatus,1288.0473987253863,-4683.905047496174,4122.101470652326,6178640379,40.316488,-74.62405
Tamias striatus,356.4794098567665,-4704.222375650767,4281.70146092091,6178701211,42.226272,-85.666488
Tamias striatus,1334.721590391317,-4644.482488016589,4151.753102525238,6178761244,40.667131,-73.966519
Tamias striatus,1290.4261590841527,-4653.921251049309,4155.185970165523,6178768969,40.707845,-74.50252
Tamias striatus,730.355881401873,-4740.821528932302,4192.9637068535585,6178799120,41.157551,-81.242047
Tamias striatus,1083.2902751875822,-4796.8978921815415,4050.432806669645,6178806325,39.476378,-77.274283
Tamias striatus,1146.1734013399337,-4389.874506493173,4472.699574192257,6178856776,44.59086,-75.367044
Tamias striatus,1319.8723967733886,-4735.831042113584,4052.1098611052576,6178903020,39.49592,-74.426888
Tamias striatus,358.4669334005591,-4701.1156025381515,4284.946519958935,6179083419,42.265695,-85.639551
Tamias striatus,298.77613368305026,-5304.879855634111,3515.4993484434412,6179166124,33.490337,-86.77645
Tamias striatus,403.1230468425833,-5117.34065144759,3773.6016742395773,6179279093,36.320987,-85.495776
Tamias striatus,195.67126390781868,-4733.205945274972,4260.073633843881,6179357248,41.964149,-87.632734
Tamias striatus,1394.9924526679858,-4395.411469332308,4395.919380736957,6179363809,43.629156,-72.391878
Tamias striatus,1524.8785848719767,-4465.761927774073,4280.358493808651,6179464273,42.209964,-71.147022
Tamias striatus,1314.2821259645787,-4351.20427897365,4464.239794823846,6184807251,44.484124,-73.193048
Tamias striatus,1120.6153484376712,-4520.62397645061,4347.175316692809,6184825333,43.026539,-76.077621
Tamias striatus,1001.2228163418617,-4433.502597775959,4464.455254253057,6184857798,44.48684,-77.2743
Tamias striatus,539.2545590719645,-5262.536783617818,3550.3048110362242,6184874564,33.866481,-84.149296
Tamias striatus,900.0436856591422,-4501.394778449872,4417.8184143451135,6184877389,43.901863,-78.692947
Tamias striatus,1521.5063198484058,-4454.211061473249,4293.5737408583245,6184909319,42.370624,-71.140434
Tamias striatus,1314.4456828860482,-4355.465940028263,4460.033870014149,6185057621,44.431131,-73.206595
Tamias striatus,1332.9092938623703,-4635.393182001818,4162.479548570035,6185108931,40.79443,-73.957388
Tamias striatus,-253.49154389015177,-4492.09897872105,4510.714126635263,6185154522,45.07293,-93.229806
Tamias striatus,722.3746168530835,-4742.907105423633,4191.987623064482,6185267999,41.145893,-81.340045
Tamias striatus,512.1495577825231,-4683.809154845207,4288.284944022358,6185288012,42.306278,-83.759803
Tamias striatus,195.53750607443425,-4733.261256746314,4260.018320239941,6185313243,41.96348,-87.634378
Tamias striatus,813.6277908868805,-4684.467005968699,4240.699449096179,6185377370,41.730252,-80.146803
Tamias striatus,-394.435175225787,-5090.331134227702,3810.8664324709885,6185464512,36.738049,-94.430832
Tamias striatus,1200.1293081274903,-4332.853852834776,4513.958380781297,6185509354,45.114259,-74.518143
Tamias striatus,1291.194534218322,-4270.106601135079,4548.489795462312,6185518454,45.556033,-73.175737
Tamias striatus,1467.5130557590933,-4232.713099375725,4529.933595454484,6185558570,45.318208,-70.878189
Tamias striatus,430.4920946253559,-5205.290528442027,3648.2023245228925,6185573157,34.933516,-85.272238
Tamias striatus,1188.9882849218309,-4498.401083722753,4352.062462552444,6185775455,43.08669,-75.19453
Tamias striatus,65.74834397387251,-4718.61832415944,4280.195252070738,6185832363,42.207982,-89.201703
Tamias striatus,705.3650526037699,-4968.931551404575,3924.5295908807766,6185842064,38.024483,-81.920555
Tamias striatus,358.3364951358501,-4701.248175395396,4284.811977120192,6185894007,42.26406,-85.641254
Tamias striatus,517.7276471827391,-5254.445681023798,3565.4609517130334,6185905836,34.030792,-84.372733
Tamias striatus,1516.636785688889,-4447.85542341107,4301.877278863897,6185908356,42.471782,-71.171569
Tamias striatus,316.117240820765,-5224.610372190354,3632.2540492832095,6185929966,34.758753,-86.537516
Tamias striatus,-329.7942292455047,-4450.823673456488,4546.5544672678325,6185968497,45.531182,-94.237721
Tamias striatus,1312.8527110329044,-4649.826194468092,4152.744544280248,6185989467,40.678887,-74.233267
Tamias striatus,1344.220629647255,-4638.782330375179,4155.0598695936005,6185991825,40.706349,-73.839534
Tamias striatus,843.197953702083,-4532.845726210924,4396.826123799008,6185999657,43.640423,-79.462309
Tamias striatus,1105.8119934922836,-4836.1033247206215,3997.37884085962,6186026155,38.86096,-77.120304
Tamias striatus,1096.7622449386606,-4742.317622568971,4110.631250115524,6186085716,40.181336,-76.978071
Tamias striatus,1126.7678550316184,-4789.991380707045,4046.7431229690246,6187903843,39.433403,-76.762755
Tamias striatus,243.8003144668818,-5115.561465269516,3789.6365830238783,6187911937,36.500172,-87.27143
Tamias striatus,1098.2618423268711,-4339.088918174004,4533.859439323828,6187948726,45.36844,-75.796233
Tamias striatus,486.5743517544632,-5288.664406654281,3518.9525890071723,6187973816,33.527583,-84.7434
Tamias striatus,1295.4960507036594,-4648.589703966175,4159.574122006762,6187977876,40.759925,-74.4276
Tamias striatus,1161.047137042895,-4641.845914674825,4206.541237128025,6188050360,41.319932,-75.956953
Tamias striatus,1516.6487640835464,-4447.867680273106,4301.860383004454,6188064519,42.471576,-71.171479
Tamias striatus,806.0639825009453,-4325.675653731028,4607.444424462523,6188107179,46.318414,-79.444339
Tamias striatus,1365.9775572966148,-4595.194189209202,4196.194562469357,6188107721,41.196154,-73.444776
Tamias striatus,784.2636361144605,-4625.3154905821675,4310.584680913554,6188201814,42.578036,-80.376517
Tamias striatus,1548.3983597110898,-4322.605158702098,4416.706951030763,6188236013,43.887992,-70.291992
Tamias striatus,1419.5949134342995,-4507.781165310862,4272.518271125068,6188246892,42.114842,-72.519691
Tamias striatus,984.0798798913726,-4437.711353013296,4464.085333750612,6188287129,44.482177,-77.496764
Tamias striatus,729.0375645067674,-4744.016025863659,4189.578654896486,6188309969,41.11713,-81.263407
Tamias striatus,700.6691020371451,-4721.9897444653925,4219.197647929231,6188332786,41.471662,-81.559792
Tamias striatus,506.66021539940425,-5253.486846225397,3568.462485769691,6188343247,34.06337,-84.49128
Tamias striatus,1097.7174411905332,-4344.828311367766,4528.491635602374,6188359838,45.299769,-75.820986
Tamias striatus,1542.9617257303128,-4493.834127955098,4244.346483622045,6188364843,41.774216,-71.050048
Tamias striatus,146.61088322468908,-4700.689764861295,4297.880188316768,6188377908,42.423067,-88.213568
Tamias striatus,1104.8321806159238,-4335.9450603732075,4535.270600061045,6188504195,45.386507,-75.704794
Tamias striatus,1160.948156132362,-4641.826701283684,4206.589757000334,6188545555,41.320513,-75.958047
Tamias striatus,-306.94755461412217,-4754.271031543774,4229.946014669399,6188577289,41.600797,-93.694031
Tamias striatus,1436.7769499292738,-4484.351300235016,4291.388882624119,6188596364,42.344034,-72.234648
Tamias striatus,518.8353828069133,-5266.5245903416035,3547.433116290179,6188613536,33.835384,-84.373621
Tamias striatus,850.105660560902,-4774.439961299333,4131.803063011083,6188651625,40.431012,-79.90409
Tamias striatus,1091.8159825370628,-4341.057446851763,4533.531871850789,6188680526,45.364247,-75.8824
Tamias striatus,827.0560287396604,-5142.718345696325,3668.53914683233,6195240211,35.156911,-80.863875
Tamias striatus,856.0111864653942,-4527.468077266787,4399.889860854897,6195248489,43.678508,-79.293436
Tamias striatus,340.02526444460426,-5361.122295480132,3425.2742491839463,6234790379,32.522755,-86.370918
Tamias striatus,-290.5098720868436,-5110.917703092335,3792.608255029102,6273171032,36.533425,-93.253251
Tamias striatus,195.55268731867378,-4733.27819141027,4259.998807380091,6431243824,41.963244,-87.634203
Tamias striatus,1139.8870034678323,-4794.473616796247,4037.751043198091,6499196848,39.32878,-76.626213
Taxidea taxus,-2727.643063669072,-4189.148045423871,3949.779120459371,5063269420,38.313311,-123.069004
Taxidea taxus,-913.1074919558235,-5202.879831812911,3561.7452594937267,5063684896,33.99048,-99.954062
Taxidea taxus,-2662.1277292410023,-4445.93599030151,3706.2760627111024,5087378691,35.573078,-120.912238
Taxidea taxus,-1494.9338539581613,-4990.530328563055,3667.3604870069094,5087599847,35.143947,-106.675803
Taxidea taxus,-2720.5567045439398,-4198.519306615086,3944.7129146515636,5104446451,38.255267,-122.942432
Taxidea taxus,-1776.5660444080318,-3635.1960055488726,4921.27180927607,5108525649,50.574212,-116.045342
Taxidea taxus,-2274.2605379616584,-4595.191709964803,3781.7595486517303,5133979253,36.412097,-116.331811
Taxidea taxus,-1124.2030708016257,-4620.834601442338,4239.552826819223,5134334994,41.716436,-103.673839
Taxidea taxus,-2671.5067960303654,-4345.199718164881,3817.3346693342,5134589315,36.810671,-121.583947
Taxidea taxus,-2722.884067456961,-4206.941281872095,3934.1200459247357,5134744132,38.134053,-122.9124
Taxidea taxus,-2733.6271007131404,-4211.249629219989,3922.041887119338,5134801010,37.996088,-122.988607
Taxidea taxus,-2587.2076903560574,-4514.087569382894,3676.835992070187,5153103940,35.248226,-119.818781
Taxidea taxus,-672.7352629299496,-5010.664780438629,3876.9084144147523,5153623455,37.482817,-97.646842
Taxidea taxus,-2691.894097967443,-4341.985465227383,3806.654898301082,5154132399,36.690801,-121.797608
Taxidea taxus,-15.29200816176806,-4569.948612248065,4439.041446706237,5154639689,44.167349,-90.191723
Taxidea taxus,390.94378243237975,-4523.827336886541,4468.993434174291,5168312673,44.544076,-85.060838
Taxidea taxus,-1247.902734871848,-3867.4104783256425,4906.692173563961,5168372280,50.368203,-107.883406
Taxidea taxus,-1068.6019427413212,-5289.360487206465,3386.8139385011827,5176610072,32.113472,-101.421647
Taxidea taxus,-1773.7998103233158,-3934.9394045318545,4686.111313790667,5176648661,47.352593,-114.264994
Taxidea taxus,-1349.0941145876698,-4939.364112431448,3791.0922389842535,5187525136,36.516459,-105.276654
Taxidea taxus,-1780.9857479337668,-3639.761175775147,4916.297537644987,5198894150,50.503825,-116.073146
Taxidea taxus,-1107.039171438538,-3811.3022079026937,4983.793021646681,5198954710,51.468078,-106.196583
Taxidea taxus,-1069.0173021749797,-4497.892423521706,4383.596569456865,5205821858,43.476244,-103.369477
Taxidea taxus,-969.0254797584706,-5507.7035372242135,3052.2032198567967,5205868060,28.625131,-99.978496
Taxidea taxus,-2086.7179463475904,-3318.3782915954316,5022.322854609858,5206364935,52.027754,-122.163187
Taxidea taxus,-1610.2124408288835,-4294.91083423736,4421.618476421035,5206419569,43.949312,-110.551611
Taxidea taxus,-1073.2794457790653,-4483.961495194128,4396.807213258509,5206695181,43.640188,-103.461037
Taxidea taxus,-2091.6565180088983,-4176.196008408312,4332.910458306612,5215709964,42.851303,-116.604095
Taxidea taxus,-1342.7997220393218,-3893.372156499462,4860.894494551727,5216392263,49.726813,-109.028994
Taxidea taxus,-2091.6579529215055,-4176.197235035278,4332.908583358452,5216909283,42.85128,-116.604104
Taxidea taxus,-1643.801682193391,-4319.286207845218,4385.366098059966,5216987519,43.498178,-110.83545
Taxidea taxus,-2050.1173022066496,-4009.642545726948,4506.610570302995,5231212591,45.020697,-117.080514
Taxidea taxus,-2584.271880812509,-4369.19666917097,3849.85875608762,5231435011,37.176886,-120.603266
Taxidea taxus,-2536.2743513266055,-4513.840778888168,3712.4529582644545,5237622334,35.641403,-119.331123
Taxidea taxus,-2240.268253699314,-4103.694677549942,4327.891088577986,5282232249,42.789761,-118.630786
Taxidea taxus,-2179.8186600877507,-4012.033648291715,4443.166634708376,5282505763,44.219091,-118.516124
Taxidea taxus,-2732.50427987921,-4212.273710304475,3921.7245797731644,5292575083,37.992467,-122.971497
Taxidea taxus,-652.7757062506511,-4107.038272328045,4826.579910934767,5292748968,49.251746,-99.031091
Taxidea taxus,-1246.854602312228,-3980.37839923273,4815.775589590085,5760031100,49.103111,-107.393179
Taxidea taxus,-1774.5787195253622,-3796.6289727208905,4798.565612907828,5760250879,48.867268,-115.051812
Taxidea taxus,-1253.498655829492,-4727.371503543234,4082.9465973728425,5760445774,39.856234,-104.850666
Taxidea taxus,-1253.0875901270733,-3975.015194135619,4818.5868081355475,5760923860,49.141742,-107.496986
Taxidea taxus,-2186.008464603106,-4065.829957234436,4390.916405628332,5761166459,43.567028,-118.264861
Taxidea taxus,-2639.5199303048216,-4520.942958749047,3630.9451153850405,5827609531,34.744426,-120.278211
Taxidea taxus,76.92858270430095,-4590.8160407078785,4416.813693514791,5827884163,43.889324,-89.039981
Taxidea taxus,-1767.0295061183685,-4497.997857748426,4151.550930179597,6130500962,40.664734,-111.447283
Taxidea taxus,-2724.048020632444,-4212.737120252741,3927.1059912625915,6133188731,38.053902,-122.887593
Taxidea taxus,-2071.950466315319,-4146.6505819070535,4370.590731970115,6171430196,43.315275,-116.549852
Taxidea taxus,-1999.5851879236088,-3854.0133242331844,4662.4021172081475,6179036835,47.038799,-117.421726
Taxidea taxus,-2646.7018687797954,-4285.678680996793,3900.984566840089,6185167009,37.756175,-121.698188
Taxidea taxus,-1287.0741515494133,-3697.418169857976,5026.1607749150735,6186047713,52.083886,-109.193047
Taxidea taxus,-2617.6352863314887,-4400.81925288024,3790.847997600049,6188377721,36.513726,-120.744451
Taxidea taxus,-2016.3393331379143,-4096.758321632606,4443.050762421286,6188408778,44.217637,-116.205453
Taxidea taxus,-2320.6599783699767,-4689.795551092101,3634.5712379077163,6188535594,34.784122,-116.327669
Taxidea taxus,-1920.7065197431118,-5075.806834815664,3337.188123305657,6234316237,31.588062,-110.726852
Taxidea taxus,-2368.049844980253,-3899.3891269528135,4447.11788667319,6234418321,44.268694,-121.269782
Taxidea taxus,-1276.1687842877639,-5404.122885686979,3123.5560183997272,6234487936,29.358758,-103.286828
Taxidea taxus,-2086.201968286146,-5334.548025349196,2789.285184852823,6234919618,25.964172,-111.359166
Taxidea taxus,109.09371235637538,-4372.647070432455,4632.25747223103,6252029469,46.642475,-88.570817
Taxidea taxus,-971.9575900398879,-5209.807273091102,3535.952453029926,6273260968,33.711175,-100.567787
Taxidea taxus,-1469.7422970514028,-4595.294942274928,4160.874319591734,6273402010,40.775364,-107.736165
Taxidea taxus,-1686.8818980375595,-3812.786853712159,4817.347714241767,6320218077,49.124711,-113.865918
Taxidea taxus,-2637.68694577193,-4178.18638155755,4021.8303378870696,6320457797,39.143925,-122.264197
Taxidea taxus,-1779.064232597964,-4099.849487358499,4540.475500096252,6321149377,45.453195,-113.457663
Taxidea taxus,-1443.175614977122,-4296.847959320493,4477.063199073267,6334052419,44.645992,-108.565575
Taxidea taxus,-2586.1319296629094,-4508.256432436038,3684.7386218637703,6352772378,35.335298,-119.840457
Taxidea taxus,-2250.429114353613,-4125.627697161461,4301.687812401229,6352900081,42.469472,-118.611388
Taxidea taxus,-1013.282225608321,-4695.634969202217,4184.976044967161,6398909753,41.06221,-102.177267
Taxidea taxus,-1302.8579387992588,-4624.807873227925,4183.714432978688,6399705962,41.047164,-105.733097
Taxidea taxus,-1254.7741299166566,-4727.292411557152,4082.6463804992345,6399790774,39.852717,-104.865346
Taxidea taxus,-1263.2283985952986,-3961.1963944761674,4827.3108732552955,6400527806,49.261818,-107.68752
Taxidea taxus,-948.6739376532411,-4500.259161928804,4408.791032150512,6400571660,43.789295,-101.903908
Taxidea taxus,-800.6812723942376,-4650.797810421424,4280.039994707277,6413065682,42.206097,-99.768284
Taxidea taxus,-2435.6195114115194,-3977.911363366361,4339.784776980274,6422662692,42.935688,-121.478553
Taxidea taxus,-1690.0323812604458,-3635.028086172367,4951.77892203465,6422824316,51.00822,-114.935114
Taxidea taxus,-1982.5442120911869,-4060.1476449687993,4491.600235755123,6422885592,44.830039,-116.025962
Taxidea taxus,-1504.297925572306,-4154.568706416077,4589.814783241753,6431118569,46.089331,-109.904451
Taxidea taxus,-1562.8499165021742,-4232.37171272668,4498.253322510596,6431392814,44.914467,-110.267223
Taxidea taxus,-1931.4450435527933,-5063.162711916614,3350.172611384372,6431506924,31.725246,-110.880356
Taxidea taxus,-988.7617772536427,-5575.519110732374,2919.878409005712,6431805312,27.27792,-100.056274
Taxidea taxus,-1148.8544289405295,-4617.614681585995,4236.451496616318,6441148584,41.679082,-103.97142
Taxidea taxus,-1089.154679542173,-5281.192387250499,3393.0078370903,6441306123,32.179261,-101.652891
Taxidea taxus,-2642.1287145265765,-4284.031646501971,3905.8906586489575,6441620668,37.812002,-121.663747
Taxidea taxus,-1219.3376658781158,-3867.542273685055,4913.764905600122,6441920002,50.468028,-107.498737
Taxidea taxus,-1363.1798876805506,-4600.1326872158525,4191.69094561001,6452662835,41.14235,-106.506395
Taxidea taxus,-1545.8607872727766,-4778.960061025765,3919.3887649951807,6470180427,37.965817,-107.924953
Taxidea taxus,-1176.23043799182,-4888.683172610722,3912.4176571848475,6470295805,37.886339,-103.528381
Taxidea taxus,-2733.3060932978537,-4211.489158965938,3922.0084132916695,6470402319,37.995706,-122.984046
Taxidea taxus,-653.7384210436117,-4107.49594342675,4826.060119938585,6479201534,49.244585,-99.043199
Taxidea taxus,-1044.1404733127154,-3833.678424019569,4980.204166786194,6481039702,51.416297,-105.235528
Taxidea taxus,-1736.888779301424,-4499.896383850968,4162.199302366385,6481126776,40.791101,-111.105799
Taxidea taxus,-1781.7814508741562,-4493.0790364102695,4150.572100755363,6481328876,40.65313,-111.631363
Taxidea taxus,-674.7485325199223,-4017.08239409113,4898.726016692781,6498606335,50.256019,-99.534953
Taxidea taxus,-1592.480133342247,-4807.052704783759,3866.006265905275,6498669070,37.359364,-108.328998
Taxidea taxus,-1255.9095662400139,-3968.529765562483,4823.195599490948,6498881395,49.20514,-107.560872
Taxidea taxus,-2188.9985939415046,-4308.624106464038,4151.360812383877,6499096956,40.66248,-116.932869
Taxidea taxus,-2735.4792867165547,-4209.969768998183,3922.124519408264,6499164258,37.997031,-123.014289
Taxidea taxus,-498.25453151669103,-4572.014062561671,4408.875476041349,6499349791,43.790347,-96.219505
Taxidea taxus,-1395.355921970744,-3589.8944942782755,5074.977093608319,6499700784,52.804135,-111.240604
Taxidea taxus,-1648.287839141502,-3639.6986668345908,4962.40807911423,6499747142,51.160391,-114.364052
Terrapene carolina,910.1706620257249,-5543.270990495824,3005.5763543108565,6131571785,28.148493,-80.675589
Terrapene carolina,917.6146389642548,-5697.50028315782,2699.3012109530273,6133379517,25.06746,-80.850758
Terrapene carolina,248.55366892276172,-5256.245659046023,3591.636921391457,6147456945,34.315324,-87.292654
Terrapene carolina,986.4521943682647,-4849.089877295855,4012.8534186798215,6162787436,39.039908,-78.501206
Terrapene carolina,951.2777023732426,-5662.091932293793,2761.4378162287953,6162817682,25.685948,-80.462909
Terrapene carolina,589.5283496317566,-5280.922454071411,3514.8353430484162,6163033499,33.483177,-83.630239
Terrapene carolina,156.3297839633562,-5096.22995722475,3820.177267013721,6163238409,36.842608,-88.24297
Terrapene carolina,501.23525574618174,-5511.1265874422825,3156.8972243741596,6170860935,29.703372,-84.803264
Terrapene carolina,960.579682797919,-5127.711867528314,3656.994777994983,6178371675,35.030024,-79.389696
Terrapene carolina,840.0722610401232,-5337.939432135199,3374.9717546617367,6178441352,31.987821,-81.056283
Terrapene carolina,921.5569254501979,-5566.555947332614,2958.7059414629434,6178624418,27.671494,-80.599804
Terrapene carolina,264.1380681939412,-5481.50096137504,3236.221781808646,6178859956,30.528085,-87.241212
Terrapene carolina,742.3492885043054,-5616.1920265348535,2914.9713179756886,6179010641,27.228279,-82.470283
Terrapene carolina,737.8003949925754,-5586.125960589171,2973.3147259006996,6179046674,27.819942,-82.476077
Terrapene carolina,293.1450406072452,-5239.03235872766,3613.358418293058,6179077023,34.55217,-86.797409
Terrapene carolina,548.9291040456751,-5480.374196114628,3202.1756102640593,6179143049,30.173273,-84.280177
Terrapene carolina,544.6847572494308,-5365.243282358031,3392.231738252795,6179235315,32.171015,-84.203137
Terrapene carolina,838.4058736545162,-5347.2050594741395,3360.6884373046555,6179241447,31.836497,-81.088957
Terrapene carolina,332.44613233296366,-5464.477985571071,3258.6366848704415,6179382266,30.76239,-86.518549
Terrapene carolina,864.2409621312754,-5523.941841247474,3054.3259851507846,6179466332,28.646882,-81.10795
Terrapene carolina,237.3464823608568,-5491.396774979831,3221.487426132448,6179473090,30.374373,-87.52513
Terrapene carolina,1084.6401729259912,-4821.484888376653,4020.770112317799,6179492124,39.131632,-77.32181
Terrapene carolina,997.6802588828454,-5048.412620079741,3756.0507515384415,6179535635,36.125332,-78.821105
Terrapene carolina,1063.5739301453405,-4989.637897661936,3816.0289929465152,6179536392,36.796006,-77.967114
Terrapene carolina,813.646579978045,-5580.8535408628595,2963.4112316730448,6179548536,27.719285,-81.705146
Terrapene carolina,518.2844089960598,-5210.774810559184,3628.906209136706,6184845048,34.722114,-84.319816
Terrapene carolina,1042.6461956977523,-5135.966549312197,3622.773750128568,6184963827,34.655042,-78.524405
Terrapene carolina,411.07475710460716,-5495.403101838362,3197.0792017174244,6185100293,30.120271,-85.722049
Terrapene carolina,1178.6657033321815,-4904.101697089198,3892.336937377434,6185391369,37.657875,-76.485695
Terrapene carolina,922.3266395592874,-5673.055803179687,2748.727806394437,6185639144,25.559178,-80.765636
Terrapene carolina,435.10910382075707,-5428.055563432829,3307.0600233040286,6185907039,31.270526,-85.41701
Terrapene carolina,1082.7361145052716,-4735.228538886606,4122.5048599774,6186001481,40.321246,-77.12042
Terrapene carolina,868.9457164430295,-5523.975000499826,3052.9308320703403,6187894371,28.632586,-81.060376
Terrapene carolina,992.1004127931583,-4803.977388338653,4065.37712309006,6187938432,39.650712,-78.331516
Terrapene carolina,320.6893565081723,-5478.34712281897,3236.452420197294,6187963241,30.530493,-86.649865
Terrapene carolina,203.36156615083024,-4879.586329318598,4091.2143011356875,6187967854,39.95316,-87.613523
Terrapene carolina,491.8235130434129,-5496.05324972974,3184.5347286268106,6188020429,29.989931,-84.886412
Terrapene carolina,750.8242555349252,-5073.592907262781,3779.5067242102714,6188020688,36.386926,-81.582083
Terrapene carolina,1212.8365063381677,-5015.228036626248,3737.147104304151,6188023563,35.915141,-76.405125
Terrapene carolina,1173.0652556402374,-5092.557797641188,3644.1084113087354,6188063182,34.888619,-77.028249
Terrapene carolina,1114.1500554112195,-4847.780146667353,3980.885634288238,6188127581,38.670727,-77.056658
Terrapene carolina,481.7476935193141,-4905.166387558069,4036.956155302753,6188140807,39.319539,-84.390838
Terrapene carolina,570.6997147629786,-5210.095922623117,3622.009862260573,6188185380,34.646691,-83.748898
Terrapene carolina,380.47173544264007,-4983.645351814921,3950.7307419691656,6188209691,38.324219,-85.634276
Terrapene carolina,307.6347600166423,-5304.818560034908,3514.827738199428,6188216401,33.483095,-86.681045
Terrapene carolina,988.7997728490219,-4803.417491434538,4066.8425764801723,6188220039,39.667831,-78.367958
Terrapene carolina,1190.3653507640574,-4931.961324310234,3853.3804583619626,6188251145,37.216646,-76.430752
Terrapene carolina,915.7020989667187,-5104.485701256825,3700.7389155802375,6188297514,35.511879,-79.829792
Terrapene carolina,987.9535155122435,-5073.656057434724,3724.475156544928,6188305751,35.774553,-78.981125
Terrapene carolina,433.30828652425146,-5339.939503570305,3447.759150044588,6188308925,32.762897,-85.36091
Terrapene carolina,945.8627748820564,-5256.2673770780675,3473.722787073647,6188373347,33.041001,-79.798828
Terrapene carolina,71.99670859004367,-5498.531437848008,3217.2537404791005,6188392742,30.330251,-89.249823
Terrapene carolina,706.747126586977,-4938.963135249515,3961.9319501203913,6188426138,38.452737,-81.856472
Terrapene carolina,960.1438242592164,-4958.059540457721,3884.0085684368014,6188483429,37.563327,-79.040152
Terrapene carolina,60.85238224440515,-4975.973533418355,3978.1575524321133,6188501937,38.63931,-89.299351
Terrapene carolina,258.7565654320393,-5482.0476901105785,3235.7304110318787,6188540447,30.522955,-87.297604
Terrapene carolina,288.61726539324775,-4994.978604022944,3944.190911853452,6188562596,38.249289,-86.693042
Terrapene carolina,976.9304258455413,-5638.695650142851,2800.084184054968,6188571704,26.072242,-80.170811
Terrapene carolina,496.62015963003535,-5293.157280168608,3510.7844642080404,6188574176,33.439509,-84.640026
Terrapene carolina,1233.5422375555943,-4968.533359260663,3792.3347605080594,6188576406,36.530364,-76.057037
Terrapene carolina,310.9978140465782,-5005.437165182077,3929.202498567578,6188635840,38.07785,-86.444669
Terrapene carolina,404.542160085772,-5485.2046702141215,3215.373772402169,6188651373,30.310665,-85.781986
Terrapene carolina,301.40482295171097,-4946.559111189639,4003.805842181368,6188651687,38.935227,-86.513152
Terrapene carolina,449.4813194703683,-4979.185188407146,3949.1055357728173,6195226785,38.305591,-84.841773
Terrapene carolina,58.96237452208811,-5498.424000904165,3217.7026081272925,6195238386,30.334928,-89.385612
Terrapene carolina,382.1418168804206,-5410.713306113333,3341.8411512992207,6195299815,31.637199,-85.960086
Terrapene carolina,1092.6399184741633,-4827.0276323280505,4011.9440892135653,6195341764,39.02938,-77.245539
Terrapene carolina,828.7067129024985,-5148.360211788345,3660.2439048979295,6195384593,35.065716,-80.855811
Terrapene carolina,96.9726211871591,-5171.353058243342,3719.873248837219,6195456597,35.723559,-88.925722
Terrapene carolina,129.80721295892317,-5203.7180872413155,3673.4481465863732,6195487872,35.210927,-88.571048
Terrapene carolina,1093.9582802897226,-4939.960253876236,3871.666450094328,6195548125,37.423433,-77.513317
Terrapene carolina,453.87550680635775,-4918.206626535944,4024.3004028895048,6195563878,39.172573,-84.727407
Terrapene carolina,1308.262129353638,-4676.603152043179,4124.025495662741,6195576023,40.339185,-74.371237
Terrapene carolina,97.3868096777185,-5491.059854440827,3229.3235536140564,6195617546,30.456091,-88.983936
Terrapene carolina,-3.4080154857275153,-5203.178318163755,3676.503352983442,6195662846,35.244563,-90.037528
Terrapene carolina,857.7779595095843,-5312.126039942263,3411.053655049176,6195740604,32.371208,-80.827315
Terrapene carolina,251.02522125571724,-5222.341991186965,3640.588358364115,6195741359,34.850035,-87.24805
Terrapene carolina,1264.2713375393366,-4733.73064942615,4072.2432704146513,6195758913,39.730957,-75.046627
Terrapene carolina,697.5160684512202,-4932.510625278111,3971.5945658448486,6195813451,38.563786,-81.95106
Terrapene carolina,487.99906345234905,-5507.272432175613,3165.684823469572,6195922768,29.794397,-84.93625
Terrapene carolina,690.3025050062582,-5089.4617324405135,3769.696918226069,6196027014,36.277415,-82.275897
Terrapene carolina,378.69955074631076,-4974.704596673316,3962.152692133325,6196028456,38.455272,-85.646753
Terrapene carolina,496.05608939178984,-4893.909200900774,4048.8682639959416,6234183019,39.458152,-84.212157
Terrapene carolina,554.0218434574994,-5132.8490404124295,3733.1854568165486,6234262464,35.871162,-83.839543
Terrapene carolina,865.8400066443814,-4822.867767540456,4071.85715729209,6234294278,39.726442,-79.822221
Terrapene carolina,252.9648640347092,-5253.843396875963,3594.8423426270283,6234324588,34.350233,-87.243421
Terrapene carolina,155.38486730695894,-5048.122316398293,3883.5640526932166,6234361624,37.558284,-88.236951
Terrapene carolina,1111.8167716970247,-5010.762468945613,3774.3709509872897,6234368368,36.329574,-77.489565
Terrapene carolina,1051.2270039884204,-4940.862403377614,3882.338680055174,6234374668,37.544384,-77.988747
Terrapene carolina,626.2052407002792,-4854.954865220752,4077.625949356597,6234391176,39.79393,-82.650413
Terrapene carolina,895.7466020572454,-4985.564327448692,3864.1350250025434,6234419447,37.338195,-79.81445
Terrapene carolina,973.0977930634984,-4802.10703849478,4072.17408832816,6234470842,39.730148,-78.544712
Terrapene carolina,902.8722566296311,-5094.72978486844,3717.297840779016,6234536884,35.695035,-79.950556
Terrapene carolina,153.91198812323924,-5045.999025180315,3886.3811016765585,6234545889,37.590249,-88.252918
Terrapene carolina,296.3410446884339,-4913.96145904236,4044.12139950777,6234573775,39.402883,-86.548904
Terrapene carolina,723.3281595117566,-5259.881019618726,3521.391935412676,6234632612,33.553903,-82.169913
Terrapene carolina,1148.3083526400696,-5043.262173610987,3719.76446904358,6234644202,35.722354,-77.172916
Terrapene carolina,1173.9346384672965,-5099.340324369948,3634.3305918062388,6235789802,34.781487,-77.035643
Terrapene carolina,660.7553686269483,-5526.839354440529,3099.5487127508577,6253352728,29.11134,-83.182423
Terrapene carolina,326.1453659397166,-4890.741146473824,4069.8935327771633,6441804846,39.703485,-86.184806
Thamnophis elegans,-2576.3865661860787,-4240.8293777880535,3995.9168634673983,6131459424,38.844077,-121.279497
Thamnophis elegans,-2704.7501814261086,-4310.552380947536,3833.1733272655947,6178836679,36.988791,-122.107113
Thamnophis elegans,-1280.330482954558,-4747.041108184869,4051.6796148384888,6179063807,39.490906,-105.094155
Thamnophis elegans,-2740.0466917055883,-4095.8195116173306,4038.08863018204,6179289683,39.332705,-123.781976
Thamnophis elegans,-2323.540038288756,-3527.9511571724724,4769.116842010891,6179318281,48.466262,-123.369256
Thamnophis elegans,-2743.604641393312,-4012.6318880791496,4118.3943512214655,6184732568,40.272778,-124.362053
Thamnophis elegans,-2675.9154906836234,-4254.2300601128445,3915.4509334212216,6184733538,37.920911,-122.169939
Thamnophis elegans,-2726.1490558281334,-4171.440909136112,3969.5018826888713,6184771769,38.539721,-123.165698
Thamnophis elegans,-2012.7210240765596,-4652.350866411968,3859.318414527811,6185056569,37.283733,-113.394492
Thamnophis elegans,-2682.2367115188363,-4247.339820953363,3918.6048280481027,6185191476,37.956875,-122.272812
Thamnophis elegans,-1285.2895786215654,-4719.518658770451,4082.1474077110192,6185202244,39.846872,-105.234191
Thamnophis elegans,-1420.3670073725873,-4970.211928903542,3724.1514571550133,6185477792,35.770965,-105.948662
Thamnophis elegans,-2692.8591306669205,-4332.9824243255825,3816.2188279168204,6185615596,36.798138,-121.860098
Thamnophis elegans,-2720.0953292213167,-4287.755163670072,3847.855270932944,6185758664,37.154276,-122.390503
Thamnophis elegans,-2678.643775677045,-4344.533298954591,3813.0894386283135,6185784210,36.763,-121.656116
Thamnophis elegans,-2690.025533132061,-4192.605709424897,3971.84757085072,6186086135,38.566696,-122.684712
Thamnophis elegans,-2725.8895870309125,-4184.414210029035,3956.0026299158303,6186139560,38.384678,-123.08178
Thamnophis elegans,-2683.4120512030754,-4339.829442835515,3815.0928298317363,6187898293,36.785493,-121.729414
Thamnophis elegans,-1313.9273612579334,-4939.361388097277,3803.427020042442,6187969378,36.654608,-104.89637
Thamnophis elegans,-1263.047026230233,-4759.379986521865,4042.6188891736415,6188066695,39.385398,-104.8626
Thamnophis elegans,-1628.460248211847,-4946.332586971393,3670.376586773643,6188247174,35.177125,-108.222878
Thamnophis elegans,-2685.548488700357,-4348.216358710635,3804.023783095722,6188418127,36.661298,-121.700337
Thamnophis elegans,-2514.803008563825,-4183.730503732931,4094.132146124545,6188450877,39.9874,-121.0097
Thamnophis elegans,-1868.9524213715108,-3725.5930792133677,4818.373811198594,6188461712,49.138814,-116.640738
Thamnophis elegans,-2721.268390672254,-4181.7007781146285,3962.048722305291,6188544744,38.454078,-123.054322
Thamnophis elegans,-2726.3820515671946,-4181.121484327974,3959.143489678132,6188639248,38.420722,-123.107147
Thamnophis elegans,-1794.6903600852818,-4441.314620560253,4200.424274081384,6195379171,41.246726,-112.003136
Thamnophis elegans,-2301.3710751456892,-3621.579963692709,4709.310233010746,6195405110,47.66145,-122.434347
Thamnophis elegans,-1777.5287230290812,-4417.094244544057,4233.133969448618,6195418576,41.639148,-111.920859
Thamnophis elegans,-2707.316631977947,-4345.800026483373,3791.3337908591147,6195617191,36.519162,-121.921797
Thamnophis elegans,-2341.2842389187413,-3528.983873772029,4759.665330769075,6195890898,48.338231,-123.562058
Thamnophis elegans,-2711.039589167752,-4300.849113133498,3839.6242500668445,6195979089,37.061457,-122.225275
Thamnophis elegans,-1566.6667884479739,-3861.887546747101,4818.8310698686255,6234195888,49.1451,-112.081108
Thamnophis elegans,-2723.517621964577,-4192.206003256175,3949.3814349577256,6234212275,38.308753,-123.010258
Thamnophis elegans,-1262.7697225140644,-4736.200971282594,4069.836129035296,6234300862,39.702814,-104.928964
Thamnophis elegans,-2695.452078759941,-3978.4678425327343,4182.832156173503,6234312162,41.036644,-124.118036
Thamnophis elegans,-1796.8907853625926,-4462.819189726496,4176.623219176633,6234394584,40.962658,-111.931481
Thamnophis elegans,-2589.809947229321,-4158.638190498892,4072.881776756305,6234496610,39.738424,-121.912765
Thamnophis elegans,-1287.0239098643824,-4721.059775534053,4079.818277932142,6234587389,39.819595,-105.249043
Thamnophis elegans,-1265.9230787120675,-4839.680989585889,3945.2097292162484,6234875380,38.260957,-104.658528
Thamnophis elegans,-1892.9708576645266,-3994.3962978495774,4588.160053598375,6235251905,46.067878,-115.356583
Thamnophis elegans,-1483.6660100762097,-4848.513292761904,3857.513078413746,6235277949,37.26333,-107.014337
Thamnophis elegans,-2680.433401168336,-4259.642362539016,3906.4660314460193,6235307220,37.818552,-122.18067
Thamnophis elegans,-2048.8165756874973,-3609.606982200351,4833.512305034101,6235429732,49.347351,-119.579288
Thamnophis elegans,-1789.1109439261538,-4529.220799654496,4107.918464134627,6235677557,40.149411,-111.554772
Thamnophis elegans,-1279.6655807929938,-4682.409105140225,4126.409347497057,6235831173,40.367317,-105.285238
Thamnophis elegans,-1252.7220529483698,-4740.638685843663,4067.7740151115486,6235951031,39.678714,-104.802161
Thamnophis elegans,-1266.0206272542075,-4737.7312626925195,4067.044059701129,6235988972,39.670185,-104.961058
Thamnophis elegans,-1881.0519785282922,-4912.84917415173,3593.787636434421,6236325500,34.338745,-110.95105
Thamnophis elegans,-2682.5791699496044,-4337.714677347095,3818.0824381562943,6236407968,36.819071,-121.73395
Thamnophis elegans,-1280.544768188579,-4747.042414385276,4051.610364086051,6236463373,39.490099,-105.096562
Thamnophis elegans,-2044.0243962281604,-3480.011566091464,4929.628474557811,6251435261,50.692698,-120.428331
Thamnophis elegans,-1782.6222954497885,-4325.9499121626795,4324.137860765133,6251487867,42.743783,-112.395408
Thamnophis elegans,-1630.463324541325,-3650.191846566787,4960.588872327603,6251660900,51.134311,-114.069303
Thamnophis elegans,-1632.287282077595,-3662.1917365107734,4951.135530711857,6252011234,50.999025,-114.023165
Thamnophis elegans,-1314.5608310404355,-4482.362382918769,4332.448547803711,6252357049,42.845637,-106.345047
Thamnophis elegans,-1254.4501825831253,-4747.649055299732,4059.0560869254036,6252731638,39.57692,-104.800758
Thamnophis elegans,-2716.840424074466,-4041.0465821723833,4108.341972195743,6253002802,40.154394,-123.913378
Thamnophis elegans,-1928.6352540691798,-3670.4120683410333,4837.168018067539,6253229996,49.397842,-117.719892
Thamnophis elegans,-1782.6262575446374,-4325.947952966111,4324.138187410082,6253265818,42.743787,-112.395462
Thamnophis elegans,-1806.0816994096692,-4506.3952331058645,4125.5574202494945,6253286301,40.357262,-111.84002
Thamnophis elegans,-2711.137571635936,-4235.040955866045,3912.02176623273,6253353562,37.881828,-122.62607
Thamnophis elegans,-1796.8746034213252,-4510.580536181018,4125.004001923132,6273168985,40.350731,-111.720795
Thamnophis elegans,-2670.9311471359433,-4236.3026718997035,3938.2254390768367,6273263650,38.181007,-122.230873
Thamnophis elegans,-1566.5362605593261,-4967.089078068554,3669.2973938565297,6273264316,35.165252,-107.504397
Thamnophis elegans,-1809.456041539827,-4504.859735114776,4125.755776867321,6273299317,40.359603,-111.883728
Thamnophis elegans,-2699.510994453859,-4314.7773897802035,3832.1129415952378,6273314885,36.976853,-122.031875
Thamnophis elegans,-1557.2924952064463,-4238.375264631835,4494.526485649866,6273422337,44.867158,-110.174683
Thamnophis elegans,-2740.8564119274506,-4095.3421559411818,4038.0232645001756,6273732881,39.331945,-123.792887
Thamnophis elegans,-2594.8676156019687,-4274.656655832234,3947.622786174836,6273769645,38.2886,-121.25923
Thamnophis elegans,-2702.050730848093,-4283.89800361683,3864.827663972672,6273973706,37.34603,-122.241508
Thamnophis elegans,-1767.9739832781609,-4504.293683067384,4144.316534823112,6273987677,40.579018,-111.430434
Thamnophis elegans,-1265.3958549715126,-4717.567874439701,4090.608733422549,6274038991,39.946056,-105.01504
Thamnophis elegans,-2701.8397262459152,-4167.079233200872,3990.6473018274696,6274200108,38.783257,-122.958461
Thamnophis elegans,-1295.6363648433512,-4712.981840230518,4086.426521232249,6320189463,39.897014,-105.37135
Thamnophis elegans,-1271.2531295124672,-4740.147164600211,4062.5944257721285,6320189929,39.618217,-105.012794
Thamnophis elegans,-2044.6907201283757,-4128.579037812764,4400.434991819715,6320250750,43.685287,-116.347047
Thamnophis elegans,-1796.514655382228,-4463.007075680723,4176.584258110701,6320274333,40.962194,-111.92649
Thamnophis elegans,-2324.0620979758273,-3450.422395023767,4825.253753985182,6320341991,49.233478,-123.962581
Thamnophis elegans,-1758.622472876262,-4438.295808641963,4218.8304590920925,6320381998,41.467255,-111.615364
Thamnophis elegans,-1978.0976529711454,-4669.120989411176,3856.966682670136,6320540338,37.257156,-112.9602
Thamnophis elegans,-2733.9183405829867,-4167.28008133329,3968.528740027495,6320619556,38.528533,-123.26663
Thamnophis elegans,-1981.5154247416954,-4189.6673651409155,4371.502844636082,6320705641,43.32655,-115.311945
Thamnophis elegans,-2702.511618250826,-4314.690040182536,3830.095813429001,6320887001,36.954149,-122.061024
Thamnophis elegans,-2713.3992741326324,-4222.121108974918,3924.3994253850296,6320905467,38.022997,-122.727338
Thamnophis elegans,-1949.1416687566696,-3578.526643190156,4897.42248011871,6320975371,50.237687,-118.57612
Thamnophis elegans,-1270.8512000471321,-4777.001768484487,4019.3213930851903,6320999604,39.114838,-104.89764
Thamnophis elegans,-2716.0716563890164,-4293.214762320896,3844.6085485557032,6334140724,37.11765,-122.319199
Thamnophis elegans,-1272.0069888422045,-4790.100850353624,4003.3342595211197,6334220694,38.929775,-104.87162
Thamnophis elegans,-1634.6400230413515,-4062.893421061785,4627.159190458188,6334286828,46.575733,-111.916598
Thamnophis elegans,-1982.259561556539,-4060.7939625494673,4491.1415646822925,6334750310,44.824223,-116.019123
Thamnophis elegans,-2673.718076716585,-4212.694192717563,3961.5896322764324,6334821382,38.448806,-122.402531
Thamnophis elegans,-1641.9987771912588,-4126.853628731155,4567.567434905405,6352262322,45.801595,-111.696695
Thamnophis elegans,-2679.3708542645513,-4211.149854561557,3959.4118070012955,6352500795,38.423802,-122.466817
Thamnophis elegans,-2661.9838788540255,-3915.1200999752573,4263.265129119751,6353132980,42.002761,-124.212722
Thamnophis elegans,-1900.2295785059423,-3676.2490114059883,4843.9729442664175,6398778625,49.491967,-117.334153
Thamnophis elegans,-2022.9416798682737,-3862.6268114758163,4645.1667574800085,6399527264,46.811841,-117.642029
Thamnophis elegans,-2711.783504054589,-4307.763953844514,3831.3382876969686,6400762636,36.968133,-122.190854
Thamnophis elegans,-1630.1870887598864,-4058.8898315486167,4632.2409825773575,6479139573,46.642259,-111.882059
Thamnophis elegans,-2210.856140671936,-3760.0775025339594,4643.671546294872,6479951322,46.792197,-120.454742
Thamnophis sirtalis,-2496.3334697718815,-3795.1877079787155,4467.059726327977,6129925049,44.519681,-123.335433
Thamnophis sirtalis,789.1288124167058,-5386.400689577684,3309.63992881526,6130644106,31.297675,-81.665237
Thamnophis sirtalis,868.2304932145177,-5562.539918772791,2982.294182737362,6130846027,27.911288,-81.128555
Thamnophis sirtalis,1002.1331180521181,-5070.586938947864,3724.866499346239,6131320923,35.778891,-78.820336
Thamnophis sirtalis,-2411.4066464306507,-3734.326769519339,4563.953844385236,6131338595,45.754999,-122.851975
Thamnophis sirtalis,-2369.421978586469,-3650.212323655797,4653.121813288383,6131470713,46.916475,-122.988366
Thamnophis sirtalis,-2712.588745393589,-4236.210128931905,3909.7492466366934,6131654641,37.855939,-122.632811
Thamnophis sirtalis,802.15720785518,-5450.751890450922,3199.312546830822,6133390702,30.143494,-81.628187
Thamnophis sirtalis,-1794.7593174883348,-4467.725083398573,4172.29249947046,6133491801,40.911102,-111.886147
Thamnophis sirtalis,-2248.6853565781466,-3498.7898592242077,4826.140986106632,6133546548,49.245699,-122.729007
Thamnophis sirtalis,1123.1830522749017,-4721.518791273925,4127.405149050319,6147272327,40.379072,-76.61885
Thamnophis sirtalis,834.556680367352,-5148.722250617289,3658.405043585265,6147407879,35.045514,-80.792999
Thamnophis sirtalis,-1797.0109238994996,-4466.164444871809,4172.994131367332,6147440707,40.919452,-111.917937
Thamnophis sirtalis,-2585.140248036355,-4130.332504164618,4104.528771089466,6147471364,40.109541,-122.042102
Thamnophis sirtalis,-2616.365894731479,-4555.598592506845,3604.289680160715,6159162172,34.453205,-119.869561
Thamnophis sirtalis,-2577.7025211858,-4237.731355473629,3998.3541364898438,6159362046,38.872225,-121.311069
Thamnophis sirtalis,-2333.7639947559,-3438.6367535785125,4828.982918109925,6159568506,49.284865,-124.164296
Thamnophis sirtalis,-2566.088655676538,-4329.063585691349,3906.9362180520397,6159591342,37.823905,-120.657697
Thamnophis sirtalis,-1801.800507507258,-4464.557419865319,4172.648452188316,6159675751,40.915338,-111.977956
Thamnophis sirtalis,306.2383230698359,-5312.267908791299,3503.6810477534805,6162815621,33.362988,-86.7007
Thamnophis sirtalis,560.2778633923474,-5257.778603359912,3554.0970728893476,6162936581,33.907564,-83.917418
Thamnophis sirtalis,-2705.6416777078703,-4219.484016273215,3932.5832321697194,6163117451,38.116484,-122.669037
Thamnophis sirtalis,850.5409200515977,-5633.00259208581,2852.2999615310027,6163353308,26.596207,-81.41363
Thamnophis sirtalis,865.7862685810954,-5632.428287009171,2848.845179807564,6170866653,26.561466,-81.261203
Thamnophis sirtalis,-2394.0493616393505,-3753.9532265945213,4556.985402242608,6170906985,45.665253,-122.527322
Thamnophis sirtalis,642.55481320821,-5400.698582031781,3318.0312336896873,6170931748,31.386033,-83.215058
Thamnophis sirtalis,-2682.6077903079827,-4395.506547722066,3751.3851791023535,6170939012,36.073403,-121.396003
Thamnophis sirtalis,-2345.2655480069834,-3650.1678776209865,4665.3785595804375,6170958483,47.078091,-122.721108
Thamnophis sirtalis,680.4104159027572,-5495.964501000921,3149.7887229695525,6171137827,29.6298,-82.942588
Thamnophis sirtalis,454.1130771986097,-4975.132667083135,3953.680486295889,6171160244,38.358041,-84.784689
Thamnophis sirtalis,-692.1070422940265,-4970.49083658911,3924.915516933853,6171172219,38.028889,-97.927078
Thamnophis sirtalis,1006.2760644783688,-5069.81668817496,3724.798029428983,6171187400,35.778132,-78.773627
Thamnophis sirtalis,937.7051437967164,-5678.763772331104,2731.6852327884408,6171261582,25.389405,-80.62365
Thamnophis sirtalis,1230.2740690647126,-4715.889515151088,4103.238346178836,6178322779,40.094369,-75.378648
Thamnophis sirtalis,603.5295691748715,-5355.676145131614,3397.3869690215156,6178352795,32.225803,-83.57048
Thamnophis sirtalis,1504.9514325810715,-4474.269280177054,4278.526466403302,6178368482,42.187724,-71.409278
Thamnophis sirtalis,-2443.271830326642,-3382.5626260390754,4814.399856029137,6178406173,49.084217,-125.841103
Thamnophis sirtalis,-2418.964897528266,-3744.21629545993,4551.835485495475,6178430737,45.59902,-122.864632
Thamnophis sirtalis,521.7832774942059,-4866.702832539673,4078.3205956318793,6178458646,39.802061,-83.880413
Thamnophis sirtalis,1366.518549906599,-4622.980288642316,4165.385148250184,6178508826,40.828955,-73.532713
Thamnophis sirtalis,1302.4723004087566,-4630.0042793593475,4178.083221940354,6178572286,40.980048,-74.28811
Thamnophis sirtalis,-2638.1088161313114,-4541.226844455218,3606.5764585167167,6178622347,34.478149,-120.153343
Thamnophis sirtalis,-2464.562225884466,-3659.390217407011,4596.145058760299,6178692835,46.171478,-123.959867
Thamnophis sirtalis,-2441.7803944232,-3736.0206554472334,4546.384420301427,6178719263,45.528999,-123.167742
Thamnophis sirtalis,685.7025105289092,-5087.454646781842,3773.2440172442643,6178757209,36.316995,-82.323762
Thamnophis sirtalis,542.2546429916764,-5150.551296555904,3710.4628246861203,6178772980,35.619383,-83.989989
Thamnophis sirtalis,389.40899515781723,-4893.177290078135,4061.3950524457987,6178792770,39.604216,-85.449875
Thamnophis sirtalis,516.2778768351842,-5259.317407736277,3558.4815143892706,6178840475,33.955087,-84.393555
Thamnophis sirtalis,-2437.2128625542045,-3740.551853429501,4545.109286263962,6178859718,45.512632,-123.08686
Thamnophis sirtalis,1288.4087987443766,-4653.7940374332675,4155.954397505593,6178866458,40.716962,-74.525183
Thamnophis sirtalis,1241.8152844156418,-4642.556390764126,4182.620959116939,6178895522,41.034126,-75.024805
Thamnophis sirtalis,-632.9671033554941,-5033.049652973457,3854.544975279307,6178925493,37.229798,-97.168008
Thamnophis sirtalis,365.9238624227973,-5272.412565373961,3557.7406590522846,6178940642,33.947055,-86.029839
Thamnophis sirtalis,177.11123252816415,-4743.552285191906,4249.364241700215,6178946239,41.834753,-87.861726
Thamnophis sirtalis,1124.4957801956762,-4747.177704189072,4097.507317241755,6178993080,40.027028,-76.673592
Thamnophis sirtalis,110.22857680544043,-5313.713298580992,3513.125925869494,6179040444,33.464747,-88.811617
Thamnophis sirtalis,429.9947010353152,-4675.747344605547,4306.070651553821,6179056853,42.52293,-84.7457
Thamnophis sirtalis,1505.0078243355015,-4474.263784359571,4278.512377723677,6179068703,42.187553,-71.408608
Thamnophis sirtalis,1275.963453962463,-4681.501445731765,4128.585061185128,6179106836,40.393003,-74.754105
Thamnophis sirtalis,530.8469141541406,-4803.171613075411,4151.806491005694,6179124913,40.667764,-83.693261
Thamnophis sirtalis,-2255.785542990915,-3515.6408213758505,4810.556550835501,6179156483,49.031472,-122.685967
Thamnophis sirtalis,318.0212977919593,-4874.827767123051,4089.5806416690507,6179238073,39.933997,-86.267459
Thamnophis sirtalis,1004.9182923680439,-4910.6410211520715,3932.6196252269388,6179258811,38.1169,-78.434617
Thamnophis sirtalis,703.9559805597993,-4739.1985323787885,4199.309035759367,6179274530,41.233388,-81.551117
Thamnophis sirtalis,1055.419728498118,-4839.931239626947,4006.358436542786,6179310236,38.964745,-77.698372
Thamnophis sirtalis,-2481.621094489838,-3692.2331087043844,4560.561867143965,6179324816,45.711296,-123.905809
Thamnophis sirtalis,870.7035330261906,-5631.504998639536,2849.1717985321743,6179331899,26.56475,-81.210925
Thamnophis sirtalis,786.3463507119762,-4821.3991565070455,4089.6849169627417,6179401808,39.93522,-80.7369
Thamnophis sirtalis,277.9846565455063,-5142.74122476723,3750.2920360263097,6179406309,36.061241,-86.905957
Thamnophis sirtalis,811.0182870597744,-4776.122393137507,4137.711608305069,6179425282,40.500856,-80.362711
Thamnophis sirtalis,1101.934119388672,-4730.730663964291,4122.58192292555,6179426900,40.322155,-76.887838
Thamnophis sirtalis,1004.6899011835603,-4910.546441665384,3932.796076125056,6179433825,38.118917,-78.436958
Thamnophis sirtalis,-2262.6029431975694,-3490.3289412607014,4825.762627078655,6179437750,49.240487,-122.953292
Thamnophis sirtalis,683.721352034991,-5090.031295812375,3770.127272400692,6179450648,36.282216,-82.349506
Thamnophis sirtalis,1306.5655214318529,-4610.460898346635,4198.36753663846,6179481076,41.22213,-74.17772
Thamnophis sirtalis,925.7683639876801,-5557.472383632477,2974.4254522645806,6179495609,27.831237,-80.542463
Thamnophis sirtalis,1137.9695878344187,-4812.426161153071,4016.880977859676,6179519305,39.086557,-76.695938
Thamnophis sirtalis,-2492.139639606614,-3793.121424292756,4471.1545496605395,6179521708,44.571352,-123.305535
Thamnophis sirtalis,349.13146180371353,-4923.434141533981,4028.3565639145936,6179541027,39.219642,-85.943821
Thamnophis sirtalis,719.6701303718487,-5222.463806548609,3577.387289967054,6179551029,34.160312,-82.153897
Thamnophis sirtalis,483.1141540749069,-4857.209619196803,4094.3703495155355,6184718326,39.990196,-84.319854
Thamnophis sirtalis,594.2447213524547,-4964.371969475383,3948.6247339433617,6184725854,38.300081,-83.174065
Thamnophis sirtalis,-2050.791229465918,-3619.8316462452076,4825.0209653083175,6184747180,49.230272,-119.53343
Thamnophis sirtalis,47.00426145636173,-4656.218462514312,4348.237960188383,6184780594,43.039613,-89.421622
Thamnophis sirtalis,-39.50365004682223,-4766.553233681421,4227.074977072396,6184792694,41.566278,-90.474838
Thamnophis sirtalis,568.8525766850215,-4925.031559240037,4001.2777979247962,6184844662,38.906005,-83.4114
Thamnophis sirtalis,169.80001978926848,-4725.43156555131,4269.802993376661,6184846664,42.081932,-87.942063
Thamnophis sirtalis,-2467.6978065008493,-3788.0404156159284,4488.983233999504,6184848507,44.796863,-123.082008
Thamnophis sirtalis,-44.21394555310519,-4971.934700340723,3983.423601908774,6184857235,38.699967,-90.509501
Thamnophis sirtalis,-266.28220508911824,-4499.799432592667,4502.294080062855,6184896441,44.965805,-93.386612
Thamnophis sirtalis,-2431.6246754884187,-3753.196507477274,4537.672370664686,6184903709,45.41727,-122.938435
Thamnophis sirtalis,578.008187773252,-4844.598025021587,4097.014723002769,6184905339,40.021243,-83.196212
Thamnophis sirtalis,848.1059767633371,-4764.481669727625,4143.692049451215,6184913878,40.571624,-79.906731
Thamnophis sirtalis,633.6457631710887,-5178.387994303959,3656.848910871406,6184961112,35.028422,-83.023767
Thamnophis sirtalis,-2370.128363785718,-3802.821128913842,4528.884645289866,6184963683,45.304794,-121.933442
Thamnophis sirtalis,-809.8931913380511,-4468.252525240401,4468.617853317118,6184963947,44.539337,-100.273609
Thamnophis sirtalis,-2406.0802822286487,-3737.9110856078514,4563.830794545069,6184994299,45.753413,-122.769242
Thamnophis sirtalis,615.2904967560133,-4688.993361268309,4269.017684697605,6185029835,42.072417,-82.52435
Thamnophis sirtalis,104.50758636837028,-5186.061631855293,3699.134499402166,6185593234,35.494155,-88.845553
Thamnophis sirtalis,490.6719112512017,-5004.0461343739835,3912.609933310925,6334625740,37.88853,-84.399763
Trachemys scripta,-500.68413943281314,-5493.197765204288,3188.0788626620383,5938031988,30.026738,-95.207903
Trachemys scripta,548.4792438107644,-5465.85506738273,3226.9725798575873,5938151016,30.431567,-84.269753
Trachemys scripta,285.9044349392248,-5136.422476751204,3758.347499112416,5938156529,36.150908,-86.81408
Trachemys scripta,717.5059948739079,-5594.231073719548,2963.024969659904,5938166542,27.715361,-82.691249
Trachemys scripta,696.2770647358777,-5186.185832523366,3634.3400899384956,5938173548,34.781591,-82.353416
Trachemys scripta,-495.2162065903934,-5519.060491347711,3143.9601351245565,5938234070,29.569515,-95.127325
Trachemys scripta,-714.2977704462426,-5674.728717447324,2806.596837486924,5938350568,26.137465,-97.174287
Trachemys scripta,-1122.9780037179307,-5375.144591525339,3230.556322530072,5938649691,30.468953,-101.800529
Trachemys scripta,-2445.5246088620493,-4768.849589759858,3444.8854998932547,5938658688,32.73217,-117.149308
Trachemys scripta,-694.3589667835736,-5579.886368743949,2995.41096793581,5938687133,28.044861,-97.093401
Trachemys scripta,-676.9198827281788,-5314.991813771799,3447.084945513161,5938698941,32.755687,-97.258142
Trachemys scripta,-635.6524383083535,-5538.172944930485,3084.532304805719,5938703302,28.956884,-96.547561
Trachemys scripta,-2517.541911659199,-4640.720909167942,3565.872305050791,6129846221,34.035256,-118.479362
Trachemys scripta,-41.034309217055096,-5495.069577049455,3223.7058889622717,6129848780,30.397501,-90.427847
Trachemys scripta,739.9304742909611,-5602.830507463126,2941.1811109711484,6129908829,27.49368,-82.476843
Trachemys scripta,-721.6156606483704,-5595.254646647822,2960.0928038070715,6129915332,27.685578,-97.348827
Trachemys scripta,-2685.239276682834,-4302.675677259218,3855.67441220848,6129956863,37.242556,-121.967706
Trachemys scripta,-944.2132070823646,-5480.215351215729,3108.931368420368,6130067624,29.207966,-99.775792
Trachemys scripta,1118.063435594811,-4829.549612626143,4001.891780501571,6130097388,38.913101,-76.965381
Trachemys scripta,-2676.771031604559,-4261.674141661231,3906.7612525384898,6130129714,37.821913,-122.13306
Trachemys scripta,1275.4569997767835,-4708.2115229344345,4098.256559404896,6130188605,40.035828,-74.842345
Trachemys scripta,-2491.60126623936,-4654.789740565109,3565.7550015223514,6130234193,34.033983,-118.159113
Trachemys scripta,969.2123717876351,-5657.485164284342,2764.6414096504054,6130280626,25.717922,-80.27874
Trachemys scripta,732.8375504340354,-5485.367051456042,3156.4933969757844,6130282140,29.699191,-82.390422
Trachemys scripta,-667.3911035719598,-5308.85705693671,3458.3780871332933,6130289591,32.876534,-97.165223
Trachemys scripta,969.0096741275366,-5657.614952456081,2764.4468580296607,6130342218,25.71598,-80.280953
Trachemys scripta,-721.6225457381687,-5595.262614168181,2960.0760648421947,6130374782,27.685408,-97.348886
Trachemys scripta,-439.57337253017863,-5521.8618164552745,3147.3116241982043,6130376630,29.604175,-94.55149
Trachemys scripta,963.8069104118586,-5666.413054852944,2748.1980388814623,6130384790,25.553897,-80.346877
Trachemys scripta,-2492.2958670880353,-4670.226189301455,3545.024933810219,6130403137,33.809315,-118.086894
Trachemys scripta,-1970.3827025321168,-4942.85209328413,3503.6492859811706,6130441476,33.362646,-111.733845
Trachemys scripta,959.347884711439,-5657.2488119504305,2768.56292062553,6130473014,25.757073,-80.375427
Trachemys scripta,-2684.799646420112,-4302.693325465234,3855.9608575887805,6130516545,37.245792,-121.963387
Trachemys scripta,-2491.1301530120436,-4643.208222442979,3581.150805742414,6130607848,34.201225,-118.214027
Trachemys scripta,-738.4258816212351,-5453.720816730164,3209.580907251507,6130608790,30.250338,-97.710873
Trachemys scripta,737.3557882959759,-5487.726257468818,3151.336239475428,6130649894,29.645812,-82.347313
Trachemys scripta,-728.8199767229797,-5430.379677611339,3251.0846079720413,6130698645,30.683384,-97.64408
Trachemys scripta,815.7188635801388,-5419.934226358945,3247.871433295939,6130834543,30.649789,-81.441025
Trachemys scripta,-618.4777320437994,-5323.999327209508,3444.164570475124,6131044527,32.724463,-96.626229
Trachemys scripta,553.1900917145454,-5461.11313692253,3234.1887944024625,6131074947,30.506862,-84.215884
Trachemys scripta,287.3773278178227,-5142.392274100126,3750.062546199604,6131189196,36.058688,-86.801411
Trachemys scripta,-2677.860391721069,-4306.957434882787,3856.025739830687,6131229854,37.246525,-121.871375
Trachemys scripta,687.0774352046718,-5177.849999146736,3647.951084382321,6131287484,34.93076,-82.441266
Trachemys scripta,-885.2028267584437,-5635.343415078247,2837.0889445540024,6131299254,26.443325,-98.927106
Trachemys scripta,-500.2672244214762,-5364.01663171013,3401.001530223733,6131308126,32.264237,-95.328195
Trachemys scripta,-1970.36215774406,-4942.85422672114,3503.657830095937,6131380929,33.362738,-111.733631
Trachemys scripta,921.3973449994055,-5270.616833177847,3458.5225545206176,6131476977,32.878081,-80.083887
Trachemys scripta,841.3900879452408,-5503.505454807448,3097.296168997987,6131496621,29.088156,-81.307778
Trachemys scripta,799.7458609237901,-5390.559955905127,3300.3065084026393,6131547193,31.199494,-81.561129
Trachemys scripta,-691.6136329681273,-5580.457136711791,2994.9827808674463,6131575336,28.040498,-97.064924
Trachemys scripta,737.3738753394191,-5487.733871836566,3151.3187476899266,6131612685,29.645631,-82.347138
Trachemys scripta,975.2179136001697,-5621.225010299121,2835.583279372766,6131657375,26.428203,-80.157805
Trachemys scripta,-664.2897485073522,-5317.914625613024,3445.0335694150444,6133080772,32.733753,-97.120247
Trachemys scripta,959.3550925568024,-5657.247589649953,2768.56292062553,6133095838,25.757073,-80.375354
Trachemys scripta,-2430.186922679903,-4768.04181737351,3456.8369759493344,6133131535,32.860033,-117.007138
Trachemys scripta,-2714.4675301209077,-4317.205844001149,3818.7894493044596,6133146668,36.827014,-122.15986
Trachemys scripta,-808.3076357661449,-5654.502134698782,2821.878364551969,6133225671,26.29065,-98.135282
Trachemys scripta,-694.4215656984476,-5591.301505085959,2974.0341790224657,6133325536,27.827258,-97.079698
Trachemys scripta,737.5946526745403,-5487.593263103757,3151.511928703685,6133333859,29.64763,-82.34468
Trachemys scripta,-2491.1313372812833,-4643.205955673176,3581.1529209590794,6133335102,34.201248,-118.21405
Trachemys scripta,-1045.6043325133014,-5602.3046740941945,2847.9197755781665,6133363511,26.552162,-100.57195
Trachemys scripta,-2700.552076566827,-4314.191755087086,3832.0387669968372,6133373372,36.976018,-122.045307
Trachemys scripta,-512.8282029174061,-5518.802676410857,3141.588353494184,6133382862,29.544994,-95.308897
Trachemys scripta,-2498.5300489698684,-4648.186693565322,3569.5183408737857,6133385124,34.074833,-118.25927
Trachemys scripta,-2580.619008952173,-4254.89526045226,3978.193683431343,6133398622,38.639726,-121.237058
Trachemys scripta,839.5474153023454,-5511.504786534855,3083.5415118236947,6133410191,28.946701,-81.338922
Trachemys scripta,-1491.3591468844152,-4995.523461453367,3662.013977410598,6133411862,35.085167,-106.622422
Trachemys scripta,-1042.754802104004,-5603.375473495655,2846.8577160430455,6133448940,26.541485,-100.541816
Trachemys scripta,-2466.2723037806936,-4683.311388073418,3545.9622806261686,6133479629,33.819461,-117.771679
Trachemys scripta,965.8674004632271,-5655.063399186943,2770.7600483578626,6133572086,25.779014,-80.307583
Trachemys scripta,-745.3701955283802,-5440.974936754405,3229.5461196437227,6147238349,30.458413,-97.80051
Trachemys scripta,-536.851344928622,-5459.973034840077,3238.8637238922242,6147249239,30.555672,-95.615552
Trachemys scripta,-2622.4567106109366,-4237.792076033665,3969.079521873476,6147272425,38.534865,-121.750307
Trachemys scripta,-447.8063197063244,-5339.34563844486,3446.8261898344063,6147302576,32.75292,-94.794128
Trachemys scripta,-556.823662535937,-5513.328855225267,3143.7088721218997,6147303051,29.566917,-95.767084
Trachemys scripta,-2512.6551102377907,-4633.1257048926145,3579.1708019227967,6147306102,34.179698,-118.472038
Trachemys scripta,-525.4627797138546,-5505.349956980825,3163.0308009856712,6147390217,29.766897,-95.452128
Trachemys scripta,-2423.9979430684966,-4727.31082539131,3516.6062420770495,6147398362,33.502274,-117.147148
Trachemys scripta,-1533.0171563987585,-5199.929168154782,3346.6921241783825,6147415724,31.688454,-106.426308
Trachemys scripta,911.3250280077764,-5264.045128623217,3471.176847529124,6147499692,33.013692,-80.17816
Trachemys scripta,-2431.3820451282872,-4690.601246271249,3560.3924543207077,6147521685,33.975808,-117.400051
Trachemys scripta,-740.8650260082552,-5451.32436530391,3213.088048460413,6147546004,30.286857,-97.739395
Trachemys scripta,-2405.2851152017142,-3754.3060664409736,4550.773846693661,6147563780,45.585376,-122.646618
Trachemys scripta,-1906.85092583527,-5037.397756673814,3402.6896005037297,6147568011,32.282192,-110.733603
Trachemys scripta,-2616.7161524680646,-4232.620092028784,3978.37615914388,6147574446,38.641827,-121.725438
Trachemys scripta,-614.7263733482943,-5297.702715019722,3485.1413972549462,6147575688,33.163587,-96.618796
Trachemys scripta,-546.1996238491469,-5510.624468297063,3150.3074564223402,6147605414,29.635167,-95.660529
Trachemys scripta,-2445.5275444567537,-4768.855314261485,3444.875491308903,6147663243,32.732063,-117.149308
Trachemys scripta,-2697.581703038695,-4206.154042515997,3952.3504722803395,6147691424,38.342789,-122.673743
Trachemys scripta,-2669.022952120819,-4296.5636889910065,3873.7075363498598,6159147204,37.44655,-121.848527
Trachemys scripta,-174.9733129210545,-5497.171176034461,3215.6253716530437,6159154015,30.313286,-91.823092
Trachemys scripta,-2669.028101610279,-4296.55993298363,3873.7081543105137,6159389711,37.446557,-121.848599
Trachemys scripta,-1048.7357587140066,-5452.54846720739,3124.0393164661577,6159414811,29.363745,-100.887237
Trachemys scripta,-2596.0780624324366,-4221.526964001538,4003.603616199092,6162873791,38.932889,-121.58993
Trachemys scripta,-818.266560511663,-5487.356717754909,3131.9497470004053,6179440452,29.445405,-98.481366
Trachemys scripta,-819.1651209352484,-5618.9363815555525,2888.992138160291,6185726940,26.965836,-98.294518
Trachemys scripta,917.502828477346,-5547.395346433565,2995.721375525557,6188154402,28.048024,-80.608671
Trachemys scripta,-2599.8359652796184,-4186.915165887466,4037.368880468758,6334957425,39.324337,-121.837927
Trachemys scripta,1267.1435034438973,-5629.363439446235,2700.80871925122,6400120015,25.082428,-77.314417
Trachemys scripta,870.1892184750462,-5309.6328121791985,3411.791795165297,6499967393,32.379068,-80.692607
Urocyon cinereoargenteus,-745.0219579175837,-5430.031582129666,3247.9920611005946,5938441604,30.65105,-97.81243
Urocyon cinereoargenteus,940.6220050198042,-5678.504413016691,2731.221522451069,5938475362,25.384789,-80.594582
Urocyon cinereoargenteus,-2635.290105075065,-4542.6881847358545,3606.796812690196,6129857437,34.480553,-120.118744
Urocyon cinereoargenteus,-729.6923866681288,-5423.1786747254155,3262.8875574434805,6129890545,30.806889,-97.663163
Urocyon cinereoargenteus,-2512.5231654834597,-4380.717160504332,3884.108344555964,6129928884,37.564459,-119.836061
Urocyon cinereoargenteus,1680.682547888148,-4223.212761281594,4464.250583899827,6129948703,44.48426,-68.299273
Urocyon cinereoargenteus,-2472.849252965375,-4177.4740844218,4125.952008418211,6130119653,40.361919,-120.623345
Urocyon cinereoargenteus,-841.9986075600265,-5424.648987609058,3233.260712620686,6130121733,30.497175,-98.822883
Urocyon cinereoargenteus,-2519.4853425318906,-4378.465649388985,3882.136692024778,6130301401,37.542093,-119.917265
Urocyon cinereoargenteus,-2511.721505342174,-4379.087781135002,3886.4634842480136,6130470050,37.591184,-119.837369
Urocyon cinereoargenteus,863.9915240326219,-5071.8532317352665,3757.6025031679114,6130484902,36.142611,-80.332451
Urocyon cinereoargenteus,-2456.051701330705,-4646.773670898744,3600.702378913064,6130539725,34.41409,-117.858686
Urocyon cinereoargenteus,-736.0795541882587,-5446.740656068911,3221.94913757332,6130610076,30.379186,-97.696398
Urocyon cinereoargenteus,963.610780075276,-5664.030452391066,2753.173882737306,6130718736,25.603508,-80.344821
Urocyon cinereoargenteus,-2401.577873213822,-4772.29791373261,3470.9291942001046,6130721151,33.011036,-116.71305
Urocyon cinereoargenteus,-732.3322855795117,-5443.493946019849,3228.2837875286873,6130828213,30.445244,-97.662196
Urocyon cinereoargenteus,-2518.6806984968634,-4379.920615145633,3881.017401883053,6130866491,37.529399,-119.901127
Urocyon cinereoargenteus,1539.1932042513104,-4501.496333665187,4237.5899008354845,6130895915,41.692791,-71.122942
Urocyon cinereoargenteus,981.1436429038102,-4951.658896000817,3886.9248075210876,6130993728,37.59642,-78.792331
Urocyon cinereoargenteus,-2568.796701604493,-4137.77996740594,4107.287861452788,6131082199,40.141992,-121.832639
Urocyon cinereoargenteus,-2515.077545487723,-4377.0716426226345,3886.5642803393434,6131258965,37.592328,-119.881795
Urocyon cinereoargenteus,1540.9951090255904,-4499.546060092797,4239.006069438923,6131311021,41.709849,-71.094801
Urocyon cinereoargenteus,-2517.937046587846,-4381.282843633682,3879.962216720552,6131410675,37.517434,-119.886118
Urocyon cinereoargenteus,-2401.5955672346918,-4772.263170869217,3470.964720230011,6133060206,33.011417,-116.713387
Urocyon cinereoargenteus,-2527.1680444031995,-4382.4617030596855,3872.6223965473246,6133133983,37.434259,-119.97011
Urocyon cinereoargenteus,-2520.6667723936607,-4385.317930468795,3873.6260533170785,6133243093,37.445627,-119.890152
Urocyon cinereoargenteus,-818.2330602293055,-5486.441497055593,3133.5614703100387,6133331218,29.462051,-98.482418
Urocyon cinereoargenteus,-1563.184658600347,-4844.078504026254,3831.593702315619,6133376335,36.971008,-107.884896
Urocyon cinereoargenteus,-820.4061487416135,-5478.62225442486,3146.646639536294,6133381017,29.597297,-98.516577
Urocyon cinereoargenteus,-2699.169267027234,-3990.740571016404,4168.720198389041,6133385995,40.868605,-124.072769
Urocyon cinereoargenteus,-2698.977966193742,-4283.946237289529,3866.920700465813,6133600799,37.369711,-122.211807
Urocyon cinereoargenteus,-1550.5163963246462,-5151.588870148985,3412.738511424948,6147172322,32.38915,-106.750654
Urocyon cinereoargenteus,-782.7800316014063,-5283.657721282906,3472.74669910304,6147212403,33.03053,-98.427138
Urocyon cinereoargenteus,-2524.370781431727,-4379.658359826527,3877.6149807236957,6147305920,37.490825,-119.958517
Urocyon cinereoargenteus,-1947.4263497745258,-5023.3846466658015,3400.4250371863236,6147430180,32.258106,-111.189925
Urocyon cinereoargenteus,-737.3475440230562,-5450.488655658456,3215.3141593845976,6147448968,30.310044,-97.704259
Urocyon cinereoargenteus,-1315.9087742799106,-5325.377244208514,3240.1380270471054,6147619507,30.568981,-103.879835
Urocyon cinereoargenteus,1309.1372235679717,-4445.263136956426,4372.133175323288,6147648456,43.334343,-73.590213
Urocyon cinereoargenteus,-801.5795651081283,-5461.476908932252,3181.1151038084613,6147709039,29.95443,-98.349673
Urocyon cinereoargenteus,1313.5345824486137,-4355.860965832019,4459.916510062709,6159184430,44.429653,-73.219017
Urocyon cinereoargenteus,583.0225257182339,-5310.530631570336,3471.0376366924834,6159186443,33.012199,-83.73481
Urocyon cinereoargenteus,983.3622685071579,-4955.396499608478,3881.5972627543347,6159197783,37.535975,-78.775888
Urocyon cinereoargenteus,-2668.2913172955305,-3938.0107833351267,4238.165363227227,6159249503,41.699722,-124.120522
Urocyon cinereoargenteus,-2518.6114403707265,-4377.846920300888,3883.401329314697,6159267509,37.556438,-119.912173
Urocyon cinereoargenteus,-1485.6248482234516,-4993.023119894223,3667.7502728812183,6159362275,35.148234,-106.569855
Urocyon cinereoargenteus,1010.1874618450698,-4716.836433851187,4161.817929451319,6159370464,40.786571,-77.911784
Urocyon cinereoargenteus,1534.854476932876,-4501.468063040029,4239.193336207631,6159426513,41.712105,-71.17229
Urocyon cinereoargenteus,-2698.9800040281602,-4283.945990395486,3866.919551646766,6159442823,37.369698,-122.211828
Urocyon cinereoargenteus,-818.2258224074577,-5486.432346722724,3133.5793811642407,6159503480,29.462236,-98.482358
Urocyon cinereoargenteus,-818.1704004653942,-5486.520181105757,3133.4400629019515,6159512112,29.460797,-98.481658
Urocyon cinereoargenteus,-692.7853019343446,-5316.505176511402,3441.594741283267,6159537704,32.696996,-97.424288
Urocyon cinereoargenteus,-2701.3813700681253,-4231.264179312037,3922.84275341201,6159640131,38.005228,-122.55553
Urocyon cinereoargenteus,-818.2692474108865,-5486.485920974428,3133.4742391423047,6159694706,29.46115,-98.48272
Urocyon cinereoargenteus,-2511.8842086465506,-4381.346972812632,3883.811215269752,6162936768,37.561088,-119.826218
Urocyon cinereoargenteus,-844.8095804874754,-5469.944005232275,3155.2753417122744,6162974105,29.686581,-98.779719
Urocyon cinereoargenteus,975.7700386949772,-5654.3094859391995,2768.8283078733184,6163066857,25.759723,-80.208844
Urocyon cinereoargenteus,891.7917761974243,-5055.300828826712,3773.3796638620975,6163151855,36.318509,-79.995539
Urocyon cinereoargenteus,684.1588894241121,-4878.6121387075755,4039.9038780340434,6163185281,39.353814,-82.017107
Urocyon cinereoargenteus,1548.9623260945466,-4422.412864579606,4316.56498818424,6163223497,42.651117,-70.697053
Urocyon cinereoargenteus,-751.8615129669021,-5451.741325272377,3209.8245929199843,6163291611,30.252875,-97.852253
Urocyon cinereoargenteus,-2522.6686651116893,-4382.966738170516,3874.983678395555,6163304575,37.461007,-119.923091
Urocyon cinereoargenteus,-816.9526073892691,-5658.119321155187,2812.121497113463,6170932616,26.192822,-98.215923
Urocyon cinereoargenteus,-2300.7935981747673,-4587.644659925508,3774.866676126775,6171259835,36.335108,-116.634661
Urocyon cinereoargenteus,-2539.9492659661646,-4271.188565705788,3986.898430130809,6171368658,38.74002,-120.738695
Urocyon cinereoargenteus,-2417.2200514902506,-4699.303809718139,3558.5592669392904,6178402931,33.95593,-117.220308
Urocyon cinereoargenteus,-1921.0530594859742,-4968.589167372274,3494.628729663267,6178480410,33.26557,-111.138473
Urocyon cinereoargenteus,-2461.526139187888,-3837.664143734781,4450.053495820538,6178923775,44.305574,-122.676624
Urocyon cinereoargenteus,1202.146700574078,-4656.04729858716,4179.21284374169,6178933631,40.993506,-75.522944
Urocyon cinereoargenteus,-717.5065488329986,-5332.527268789203,3411.6111164197423,6179056796,32.377144,-97.663283
Urocyon cinereoargenteus,-743.5621722677131,-5445.10672508502,3222.9925811400544,6179075943,30.390064,-97.775988
Urocyon cinereoargenteus,1350.7995435163125,-4349.807763863145,4454.690352914495,6179169944,44.363874,-72.748218
Urocyon cinereoargenteus,-908.7882038869343,-5279.129246697046,3448.862352547761,6179217671,32.774696,-99.767582
Urocyon cinereoargenteus,-818.2718984230713,-5486.441344864119,3133.5515951223992,6179234886,29.461949,-98.482815
Urocyon cinereoargenteus,1311.85517667699,-4360.014786241722,4456.3505460025,6179286736,44.384762,-73.254342
Urocyon cinereoargenteus,-818.3186721382294,-5486.4773329327145,3133.476369102356,6179366194,29.461172,-98.483238
Urocyon cinereoargenteus,-903.3929998643956,-5283.912287826398,3442.9500652827724,6179421472,32.711481,-99.702079
Urocyon cinereoargenteus,-2692.3173097863037,-4209.563828859856,3952.3098314602344,6179445394,38.342323,-122.601825
Urocyon cinereoargenteus,-611.789375873896,-5449.996090980151,3242.37713684672,6179551598,30.592371,-96.404925
Urocyon cinereoargenteus,-738.8007184479045,-5447.600431731469,3219.8720726602487,6184730073,30.357536,-97.723303
Urocyon cinereoargenteus,-1971.9799049431808,-4935.505009203153,3513.095314435448,6184753514,33.464417,-111.779168
Urocyon cinereoargenteus,-903.9748355022836,-5625.556726528633,2850.560320895614,6184760139,26.578712,-99.128861
Urocyon cinereoargenteus,-2555.8715097794425,-3947.5581344458683,4298.145964290352,6184841266,42.426305,-122.921294
Urocyon cinereoargenteus,-2529.4020843761473,-4382.588384853681,3871.020185193643,6184885565,37.416115,-119.991307
Urocyon cinereoargenteus,-2513.585957475383,-4386.5151076282,3876.870384035242,6184905184,37.482386,-119.813818
Urocyon cinereoargenteus,1395.058502784414,-4383.848908480445,4407.429369950373,6184976898,43.772334,-72.347532
Urocyon cinereoargenteus,989.1265753334613,-4962.752521653051,3870.719462383294,6185036437,37.41271,-78.728082
Urocyon cinereoargenteus,-806.9911484601179,-5436.249181306791,3222.6872722505523,6185050129,30.386881,-98.443685
Urocyon cinereoargenteus,1350.892297378677,-4349.680530260367,4454.786461238551,6185062899,44.365083,-72.746629
Urocyon cinereoargenteus,-2088.024491035793,-5335.952062149552,2785.232924721755,6185119310,25.923645,-111.371025
Urocyon cinereoargenteus,-907.7108116790968,-5287.246991733498,3436.6893168343536,6185159163,32.644589,-99.741533
Urocyon cinereoargenteus,-818.2254969031486,-5486.433445893613,3133.577541672612,6185215804,29.462217,-98.482353
Urocyon cinereoargenteus,290.64290027339075,-5427.968639921535,3323.0161417342615,6185489615,31.438562,-86.935
Urocyon cinereoargenteus,-2521.678415918421,-4373.324129947108,3886.505776502973,6185527896,37.591664,-119.967943
Urocyon cinereoargenteus,-1986.2001008674256,-4932.569603480958,3509.2049520948985,6185689738,33.422488,-111.93319
Urocyon cinereoargenteus,-2649.4171008881126,-4223.1143952417515,3966.8182413492254,6185758160,38.508872,-122.102555
Urocyon cinereoargenteus,1311.8571197188885,-4360.01517628106,4456.349592403981,6185819353,44.38475,-73.25432
Urocyon cinereoargenteus,-435.3122948198787,-5169.466104531286,3698.2261328585914,6185887153,35.484122,-94.813428
Urocyon cinereoargenteus,-2392.4507103599617,-4775.344156103613,3473.0420266594256,6186021857,33.033698,-116.610901
Urocyon cinereoargenteus,-831.1269782478084,-5474.771194237847,3150.533517747368,6188651306,29.637506,-98.632182
Urocyon cinereoargenteus,920.7807551305655,-5120.903152776854,3676.719574639695,6273364657,35.246944,-79.806667
