species,x_km,y_km,z_km,source_key,latitude,longitude
Agraulis vanillae,708.4920277345273,-5521.301944025798,3098.873508101129,727598528,29.10439,-82.68778
Agraulis vanillae,-2498.193233479969,-4667.12300891535,3544.9607215772166,813431592,33.80862,-118.15902
Agraulis vanillae,-2500.5820157236553,-4654.173760519111,3560.2681527115687,863589248,33.97446,-118.24813
Agraulis vanillae,-800.9109178570106,-5661.525792752547,2809.879095144934,863602525,26.17035,-98.05195
Agraulis vanillae,-2514.8864981653423,-4640.54551627587,3567.973702592975,1039028084,34.058064,-118.454933
Agraulis vanillae,911.5435439160256,-5637.659227275887,2824.1175496663554,1039038601,26.313113,-80.81543
Agraulis vanillae,-736.3452924168737,-5576.888949228935,2990.9627861244157,1039047177,27.999545,-97.521549
Agraulis vanillae,842.3261433650903,-5506.631456294363,3091.4801960275527,1039049030,29.02832,-81.30312
Agraulis vanillae,671.9241103716374,-5459.7934723077915,3213.8647076882307,1039053867,30.294946,-82.98402
Agraulis vanillae,-2489.3432337714635,-4664.477165393643,3554.6555624525636,1039069261,33.913616,-118.087997
Agraulis vanillae,848.710251070111,-5505.652210225031,3091.4782514923463,1039070378,29.0283,-81.23669
Agraulis vanillae,814.347752745927,-5396.088613244055,3287.676770196995,1039077630,31.0668,-81.418
Agraulis vanillae,881.8703662171454,-5620.273037318272,2867.8543848770832,1039078291,26.752752,-81.082497
Agraulis vanillae,910.7245809031011,-5660.101192396572,2779.1344622466936,1039090046,25.86268,-80.85931
Agraulis vanillae,791.6662887133798,-5648.960495309466,2837.6509544736573,1039116246,26.44897,-82.022314
Agraulis vanillae,-2520.8098523343865,-4641.305262509511,3562.8017455722743,1039119412,34.00194,-118.5075
Agraulis vanillae,984.7846800448593,-5605.5080680770725,2863.255413397348,1039134761,26.706444,-80.035866
Agraulis vanillae,-446.4917909011436,-5528.844946995902,3134.050376495757,1039135694,29.467101,-94.617004
Agraulis vanillae,734.087234072655,-5584.660371359489,2976.984648770614,1039140595,27.857266,-82.51157
Agraulis vanillae,819.6845122317384,-5486.274657972968,3133.4742391423047,1039172016,29.46115,-81.5025
Agraulis vanillae,984.0141408482384,-5606.860568211873,2860.8711730728055,1039187245,26.682444,-80.04586
Agraulis vanillae,834.0899341654371,-5460.111546763047,3175.0951179935046,1039193879,29.891964,-81.314607
Agraulis vanillae,282.28176141245245,-5490.772557328672,3218.9263521456464,1223138566,30.34768,-87.057003
Agraulis vanillae,737.1763131021456,-5486.476136923101,3153.554155560347,1230322639,29.668765,-82.347431
Agraulis vanillae,708.0535713673028,-5576.41410032939,2998.66954688225,1265947879,28.07807,-82.76371
Agraulis vanillae,979.2107830809131,-5635.81447436288,2805.083703303227,1449838134,26.122308,-80.143379
Agraulis vanillae,1100.911473464757,-5174.688304378693,3549.696889848126,1449838185,33.859897,-77.989433
Agraulis vanillae,-915.1082044190191,-5479.0916088844415,3119.5969684134734,1457647201,29.317915,-99.48192
Agraulis vanillae,924.3854270923252,-5286.5524554247995,3433.311498815509,1845035400,32.60852,-80.08176
Agraulis vanillae,-812.0814855012965,-5648.673723272949,2832.448050466089,1933477786,26.396721,-98.181071
Agraulis vanillae,55.9099347221455,-5254.469768598873,3602.3845796579394,1988587433,34.43243,-89.39037
Agraulis vanillae,59.39883850237264,-5254.000172296288,3603.0136132372,1988587440,34.439289,-89.352273
Agraulis vanillae,835.5545234670087,-5460.373262504929,3174.259851069622,2013242584,29.8833,-81.3
Agraulis vanillae,-565.1718351272606,-4905.882550572494,4025.251585484395,2235724205,39.183608,-96.571669
Agraulis vanillae,867.7460570306956,-5321.194311376105,3394.357230870625,2284399343,32.1936,-80.7381
Agraulis vanillae,-1384.1340145891304,-5007.705065224559,3687.386084892537,2466440764,35.364489,-105.450845
Agraulis vanillae,-1269.3568147701133,-4746.697892795173,4055.532704960962,2466442097,39.535822,-104.971649
Agraulis vanillae,-1266.8830385718861,-4860.459811632492,3919.271732830187,2466442158,37.964482,-104.609141
Agraulis vanillae,1119.0604071774155,-4826.245519351644,4005.5974737488955,2466444557,38.955944,-76.94553
Agraulis vanillae,1137.7900308665864,-4831.904695161021,3993.4801855297765,2466451006,38.815947,-76.749691
Agraulis vanillae,-274.1118372423232,-5232.481475539773,3624.3279981941737,2466452899,34.672036,-92.998789
Agraulis vanillae,-531.9153291793394,-5077.186769577071,3811.691713543085,2466453505,36.747311,-95.980818
Agraulis vanillae,-470.89953163930414,-5103.8816523716705,3783.9660198478455,2466459889,36.436758,-95.271358
Agraulis vanillae,-3.8684783117612627,-5469.400208289997,3267.322990784707,2466462034,30.853342,-90.040525
Agraulis vanillae,-102.29022955902876,-5514.88892201412,3188.3051949993956,2466464269,30.029089,-91.062601
Agraulis vanillae,-976.6757442911863,-4976.978026496057,3855.586511020872,2466465682,37.241563,-101.102566
Agraulis vanillae,1095.3847480998404,-4931.901747782515,3881.524253888858,2466466424,37.535147,-77.477762
Agraulis vanillae,-764.0444859281494,-4788.325074098265,4132.545479236988,2466468335,40.439784,-99.06592
Agraulis vanillae,1285.1395669574322,-4784.47914011493,4005.8618025242713,2466470737,38.959001,-74.964897
Agraulis vanillae,-994.0882737590935,-4950.11482665958,3885.602248884606,2466471703,37.58141,-101.35517
Agraulis vanillae,-261.16798590698215,-5284.520714783586,3548.9977779420897,2466478929,33.852326,-92.829331
Agraulis vanillae,-571.6615855226416,-5317.959784398473,3461.540104178444,2466480801,32.9104,-96.13553
Agraulis vanillae,509.04431734829285,-5269.15544081674,3544.9439985935164,2466482789,33.808439,-84.481875
Agraulis vanillae,-1259.384643660492,-4739.962092790728,4066.5049868279402,2466495958,39.663887,-104.879433
Agraulis vanillae,490.3758273288618,-5455.632363921964,3253.5150510449794,2466497395,30.708803,-84.86381
Agraulis vanillae,-320.7423707831434,-5378.772432314783,3399.3653205609357,2466505945,32.246837,-93.412572
Agraulis vanillae,1126.4668494132238,-4868.053877578012,3952.5785269679527,2466506623,38.345404,-76.971084
Agraulis vanillae,716.0576973138875,-5165.020525990392,3660.543329875075,2466511521,35.069006,-82.107054
Agraulis vanillae,1018.1598382535158,-5204.442191404723,3530.8476531523434,2466511686,33.656004,-78.930864
Agraulis vanillae,1095.658492126683,-4932.238281568249,3881.019341892128,2466512008,37.529421,-77.475559
Agraulis vanillae,1233.9680295365329,-4769.370461414192,4039.824431030258,2466512253,39.35289,-75.494089
Agraulis vanillae,-0.8400773037195358,-5490.234241152269,3232.194363157441,2466520915,30.486046,-90.008767
Agraulis vanillae,1072.835858669465,-4803.742861603051,4045.099611830112,2466527146,39.414269,-77.410541
Agraulis vanillae,-1260.7196120486797,-4745.824250453018,4059.2476363589003,2466529602,39.579155,-104.876923
Agraulis vanillae,-2693.0323476589892,-4317.485965809137,3833.6203305988574,2562733386,36.993824,-121.953857
Agraulis vanillae,-538.9893873886357,-5501.982877207663,3166.6114363580436,2570273226,29.804,-95.595
Agraulis vanillae,-493.784325472655,-5257.058973929873,3565.005065104163,2621927473,34.025845,-95.365927
Agraulis vanillae,970.2043783562019,-5659.347339433854,2760.4789956706527,2834314418,25.67638,-80.272121
Agraulis vanillae,970.3650624368743,-5659.3178839552575,2760.4829040628915,2838273379,25.676419,-80.270491
Agraulis vanillae,-601.9027904980369,-5448.037265213183,3247.5153759938644,2839734693,30.646067,-96.304508
Agraulis vanillae,767.8813869649772,-5463.759971192991,3185.5043999999994,3042578555,30.0,-82.0
Agraulis vanillae,845.1937060789724,-5534.522139122424,3040.471249731804,3042584525,28.505,-81.31727
Agraulis vanillae,737.5916919998602,-5569.645503331609,3004.123930996892,3053883347,28.13368,-82.45618
Agraulis vanillae,718.6298784712257,-5591.439587960773,2968.017446315121,3053896346,27.76609,-82.67631
Agraulis vanillae,946.1040534326382,-5659.285553944635,2768.95779467101,3385626205,25.761016,-80.509214
Agraulis vanillae,906.4828994990003,-5179.713547047522,3597.0278638239224,3385627336,34.374043,-80.0734
Agraulis vanillae,-2444.8021430843855,-4771.51972639873,3441.6994510612367,3704100071,32.698115,-117.129417
Agraulis vanillae,973.1243834673111,-5592.262501524935,2892.988451068699,3749871342,27.006167,-80.128654
Agraulis vanillae,-2697.5961260865624,-4250.12234280452,3905.0209143350353,4057115969,37.802102,-122.403714
Agraulis vanillae,523.9425495754446,-5270.946212164372,3540.1078179755896,4509828035,33.756111,-84.323333
Agraulis vanillae,-495.4270015785891,-4763.653370382277,4201.417830046168,4509832013,41.258611,-95.9375
Agraulis vanillae,945.5554251910089,-5640.169454329496,2807.8758152770592,4509832017,26.150278,-80.483056
Agraulis vanillae,-1061.3649681998822,-5443.340289907121,3135.8099467648467,4509842639,29.485278,-101.033333
Agraulis vanillae,842.3321882683259,-5506.629822033973,3091.4814599752353,4509842990,29.028333,-81.303056
Agraulis vanillae,726.4585068389994,-5532.92386948972,3073.884288965606,4509842992,28.8475,-82.52
Agraulis vanillae,729.0676394694003,-5537.818520954509,3064.4378825045815,4509844575,28.750556,-82.5
Agraulis vanillae,718.3095259163334,-5591.231607008928,2968.4867645720865,4509846835,27.77086,-82.67927
Agraulis vanillae,838.1602456835069,-5546.98717616495,3019.6314012963217,4509846839,28.291944,-81.4075
Agraulis vanillae,-2486.996430803509,-4649.209896391573,3576.2339439895018,4509847189,34.147778,-118.143611
Agraulis vanillae,-1160.4869717843324,-5382.623502130774,3204.744506556757,4509880103,30.2,-102.166667
Agraulis vanillae,-915.9903774686502,-5449.818494662377,3170.2039576813,5012921665,29.84124,-99.540939
Agraulis vanillae,372.9958983544475,-5342.432370843444,3450.9482106302735,5013835999,32.797009,-86.006226
Agraulis vanillae,809.9122531301563,-5539.2272273585595,3041.505711912551,5014913394,28.515587,-81.681503
Agraulis vanillae,948.8746575176694,-5674.586837583195,2736.504017304875,5015666274,25.437384,-80.507126
Agraulis vanillae,782.0997480757842,-5650.663119120834,2836.9137152801877,5028540046,26.441565,-82.119843
Agraulis vanillae,-663.2528465704236,-5286.975697672419,3492.5258429129626,5064992878,33.242955,-97.15042
Agraulis vanillae,-661.993938871862,-5314.933422560265,3450.0724439243554,5065004961,32.78764,-97.09983
Agraulis vanillae,-615.6696689736586,-5321.761624715518,3448.1237214010393,5065004987,32.766796,-96.599159
Agraulis vanillae,840.2512091637687,-5532.678403544513,3045.193051044284,5919106324,28.553333,-81.364444
Agraulis vanillae,798.0711482187074,-5558.846165805896,3008.6649658882593,5919355172,28.18,-81.83
Ancyloxypha numitor,-107.05537514400436,-5493.526927317677,3224.818471660973,6178336254,30.409102,-91.116413
Ancyloxypha numitor,374.9685430866863,-5472.6210765771375,3240.3040402987763,6184890333,30.570715,-86.080381
Ancyloxypha numitor,742.226797008684,-5494.257043612906,3138.788309234891,6196057564,29.516053,-82.30641
Ancyloxypha numitor,489.9550468733382,-5084.068622801728,3808.1417279775333,6234361661,36.707478,-84.495367
Ancyloxypha numitor,1005.9540580416327,-5214.67551524358,3519.2284429269585,6235122047,33.530559,-79.081293
Ancyloxypha numitor,741.9459821468489,-5261.399249379549,3515.2449740924044,6236190439,33.487594,-81.973256
Ancyloxypha numitor,622.2728064052916,-5113.648046168263,3748.7509045021147,6251437811,36.044098,-83.061868
Ancyloxypha numitor,455.8519035803898,-4909.375944948426,4034.8457223097544,6251903923,39.29501,-84.695107
Ancyloxypha numitor,832.783531700766,-5218.136368565171,3559.1119058078134,6252325032,33.961922,-80.932403
Ancyloxypha numitor,-437.9659541658198,-4893.391226046427,4056.1880209774426,6273213598,39.543464,-95.114432
Ancyloxypha numitor,913.5843761985926,-5112.823127601723,3689.736627877957,6273821695,35.390415,-79.869027
Ancyloxypha numitor,1050.2548233909092,-4908.2806612873,3923.709837087176,6320363954,38.015125,-77.922204
Ancyloxypha numitor,774.6184748665875,-5546.1625914780925,3038.0585670723663,6320527842,28.480312,-82.049077
Ancyloxypha numitor,929.8493893394166,-5139.339554435356,3648.6055126635347,6320722340,34.937939,-79.744544
Ancyloxypha numitor,690.2444976936572,-4787.370171259507,4146.613377976753,6352356870,40.60622,-81.795616
Ancyloxypha numitor,1110.3104560733966,-4799.257205812236,4040.308663118555,6352520666,39.358522,-76.973768
Ancyloxypha numitor,1079.23752288429,-4830.734418489509,4011.110130237866,6352606416,39.019726,-77.406321
Ancyloxypha numitor,332.7707946274188,-4658.175393047851,4333.63804851351,6353274644,42.860229,-85.913845
Ancyloxypha numitor,850.6660796501734,-4524.7041967287605,4403.767964222818,6393688309,43.726751,-79.352407
Ancyloxypha numitor,448.46244588514884,-4671.73362942204,4308.542614392401,6393695303,42.553101,-84.516701
Ancyloxypha numitor,1400.4855008088516,-4362.968797771999,4426.386422508724,6395886313,44.0089,-72.203697
Ancyloxypha numitor,375.16403029480455,-4673.873971318559,4313.224684650832,6398648412,42.610287,-85.410803
Ancyloxypha numitor,378.9066949070188,-4689.965943903188,4295.393147461633,6398670104,42.392775,-85.381053
Ancyloxypha numitor,712.0340940796469,-4607.948500249895,4341.6092866114,6398862757,42.958104,-81.215957
Ancyloxypha numitor,1532.7168354801906,-4481.967697054074,4260.574819725248,6399030864,41.970211,-71.120641
Ancyloxypha numitor,1348.126909104177,-4596.371186385546,4200.676003167988,6399399481,41.249737,-73.653458
Ancyloxypha numitor,1310.074001873142,-4351.6578121141665,4465.034549201078,6399472487,44.494143,-73.245489
Ancyloxypha numitor,330.9996094546069,-4860.510515605651,4105.5608527831155,6399485534,40.121678,-86.104186
Ancyloxypha numitor,790.7067188965635,-4989.898034619964,3881.4241739940103,6399581842,37.534012,-80.995693
Ancyloxypha numitor,-1277.0586154862572,-4727.024610900074,4076.0413087007305,6399731892,39.775385,-105.118183
Ancyloxypha numitor,1499.389679248078,-4447.399313264094,4308.3898463138,6399817728,42.551236,-71.369056
Ancyloxypha numitor,-92.58118180111356,-4787.3477006268095,4202.675796175211,6400217788,41.273662,-91.107889
Ancyloxypha numitor,544.5486951238476,-5296.656925457142,3498.3775185538866,6400254515,33.3059,-84.130051
Ancyloxypha numitor,494.5470494180467,-4683.823140096545,4290.335317651229,6400389953,42.331216,-83.972689
Ancyloxypha numitor,525.1924381597147,-4682.660876641524,4287.961420879172,6400789508,42.302344,-83.60063
Ancyloxypha numitor,587.3394307444161,-4694.085284930348,4267.358534336039,6400843851,42.052319,-82.868028
Ancyloxypha numitor,660.3171294091275,-4743.333778541609,4201.728106818968,6400956658,41.262323,-82.074816
Ancyloxypha numitor,571.0390999290041,-4681.781224001291,4283.058725562689,6402099305,42.2427579,-83.0459552
Ancyloxypha numitor,568.9502850605179,-4680.932692909306,4284.263977308101,6402107303,42.257401,-83.069901
Ancyloxypha numitor,1285.1725804987136,-4615.882835253193,4199.013005365268,6406402308,41.229848,-74.441521
Ancyloxypha numitor,675.9124889004202,-4802.0737125004025,4131.946695776517,6413016587,40.432709,-81.988007
Ancyloxypha numitor,-564.5853959535049,-4900.738645747853,4031.594868836272,6413025678,39.257243,-96.57174
Ancyloxypha numitor,1550.4246691053984,-4480.832426344452,4255.358650234661,6413238792,41.907148,-70.913733
Ancyloxypha numitor,1448.7780399172743,-4441.064458656897,4332.175180528301,6413345708,42.842284,-71.932475
Ancyloxypha numitor,-241.42003464250593,-4505.733695874104,4497.758703889675,6413367027,44.908186,-93.067011
Ancyloxypha numitor,1310.9815466397004,-4351.500388112654,4464.921599121651,6413489888,44.492719,-73.233961
Ancyloxypha numitor,345.23561027143376,-4648.56052618352,4342.9771513889345,6413509918,42.974915,-85.7526
Ancyloxypha numitor,1420.7677096125678,-4556.570280825994,4220.05207561388,6413515974,41.481918,-72.682188
Ancyloxypha numitor,531.4246187560909,-5246.562305419786,3575.041954943409,6413676478,34.134826,-84.216233
Ancyloxypha numitor,840.2486812912365,-4763.840618757385,4146.029165640665,6413743673,40.5993,-79.997025
Ancyloxypha numitor,617.8827635911325,-4699.399059308025,4257.184809414464,6413820531,41.929219,-82.509646
Ancyloxypha numitor,1310.0544097853387,-4351.686009542526,4465.01281604334,6413943549,44.493869,-73.245828
Ancyloxypha numitor,162.87048052668106,-4650.027227001484,4352.0653860431985,6414127054,43.086726,-87.993995
Ancyloxypha numitor,90.33574923793724,-5051.325752473979,3881.4560057380845,6422073586,37.534373,-88.975456
Ancyloxypha numitor,646.9673847339993,-4743.894999630534,4203.1710130862275,6422103692,41.279588,-82.233973
Ancyloxypha numitor,489.5328245383539,-4697.772655834731,4275.633615906353,6422127790,42.152622,-84.050947
Ancyloxypha numitor,416.0162774312889,-4699.235882353484,4281.806360473477,6422190919,42.227546,-84.94088
Ancyloxypha numitor,-207.73821337267546,-4437.078558786977,4567.157959555926,6422227677,45.796313,-92.680556
Ancyloxypha numitor,-203.5139867195849,-5483.779926489433,3236.741093247726,6422295949,30.533507,-92.125385
Ancyloxypha numitor,1421.8369520460542,-4571.146579545051,4203.89721089698,6422361301,41.288279,-72.721902
Ancyloxypha numitor,-268.9228502572797,-4513.247426674698,4488.655845116793,6422373793,44.792714,-93.40995
Ancyloxypha numitor,-280.10783199742815,-4567.96008661264,4432.271807915776,6422398919,44.082536,-93.50899
Ancyloxypha numitor,171.08905042667826,-4651.641302333668,4350.024696587949,6422412368,43.061602,-87.89359
Ancyloxypha numitor,821.8345487792252,-4538.3062712417695,4395.238024557704,6422472006,43.620691,-79.735635
Ancyloxypha numitor,701.1869602508308,-5239.724503350526,3555.7526777659486,6422582864,33.925506,-82.377886
Ancyloxypha numitor,1436.717466717291,-4569.080654144395,4201.08295876555,6422636799,41.254605,-72.544587
Ancyloxypha numitor,962.4941182782607,-5247.810349060489,3481.931179999229,6422658634,33.129106,-79.606964
Ancyloxypha numitor,505.1880429811313,-4687.177018049545,4285.42994020139,6422822911,42.27157,-83.848358
Ancyloxypha numitor,721.4312074524499,-4776.173123416615,4154.209965534229,6422846939,40.696267,-81.410521
Ancyloxypha numitor,728.7854724777204,-4624.890825672584,4320.764945630858,6422915941,42.702493,-81.045027
Ancyloxypha numitor,897.4211586801675,-4857.450251497532,4023.6259080407976,6423153597,39.164749,-79.53255
Ancyloxypha numitor,1347.9782932049595,-4596.448772529616,4200.6388004965,6423194982,41.249292,-73.655425
Ancyloxypha numitor,385.1195518837348,-4671.261052161821,4315.1774289118575,6423221947,42.634153,-85.28694
Ancyloxypha numitor,1361.7740968436772,-4427.297262511512,4374.284328687505,6425609310,43.360946,-72.902842
Ancyloxypha numitor,571.0183707349685,-4681.7804312453845,4283.062355788017,6426316311,42.242802,-83.046204
Ancyloxypha numitor,179.97487585193736,-4596.55410694401,4407.83989224605,6430799106,43.777447,-87.757769
Ancyloxypha numitor,858.798913126775,-4502.078041074693,4425.326074829149,6430875662,43.995643,-79.200226
Ancyloxypha numitor,-371.6327023916248,-5140.762311195783,3744.89053564714,6431032427,36.001173,-94.134797
Ancyloxypha numitor,1107.3525095787338,-4528.188899573179,4342.698336171805,6431233533,42.971488,-76.258217
Ancyloxypha numitor,808.3155923489988,-4362.314454440444,4572.3726481360745,6431274775,45.863617,-79.502433
Ancyloxypha numitor,765.6665331605515,-4680.701077900621,4253.768365698266,6431557383,41.887934,-80.709867
Ancyloxypha numitor,-729.4211192898572,-5457.985379459351,3204.3866118212604,6431645835,30.196276,-97.612071
Ancyloxypha numitor,939.9850613658944,-5063.030346178431,3751.2537807728654,6431657734,36.071941,-79.48241
Ancyloxypha numitor,600.6121497440023,-5179.718333549835,3660.537687327511,6431670946,35.068944,-83.385829
Ancyloxypha numitor,1189.6472007575312,-4966.523829149851,3808.9544132076335,6432670301,36.716595,-76.52956
Ancyloxypha numitor,851.3672665815897,-4422.352548917665,4506.409306770996,6434444305,45.0181364,-79.1030433
Ancyloxypha numitor,-437.4582468404147,-4098.799968753413,4857.800142872879,6439760310,49.6837833,-96.0920238
Ancyloxypha numitor,792.663745804683,-4523.546750966527,4415.76291342555,6440921443,43.876213,-80.060936
Ancyloxypha numitor,615.8663937816132,-4813.220087367769,4128.362157714275,6441139629,40.390371,-82.708448
Ancyloxypha numitor,590.5526265399378,-4711.613715120322,4247.55187425113,6441345920,41.812881,-82.855816
Ancyloxypha numitor,1430.4137459552535,-4568.243463788369,4204.143349199042,6441710682,41.291225,-72.613557
Ancyloxypha numitor,-192.93999949609946,-5503.1472442777,3204.3560498282072,6441856803,30.195958,-92.007964
Ancyloxypha numitor,132.37867469907627,-4661.120233469454,4341.219550460908,6441885408,42.953315,-88.373202
Ancyloxypha numitor,1581.2166253397113,-4484.482009435035,4240.156626880691,6441985938,41.723711,-70.577483
Ancyloxypha numitor,1179.7388004914758,-4653.744523469627,4188.153698536959,6442077306,41.100122,-75.775005
Ancyloxypha numitor,655.8898395635027,-4377.330991818245,4582.4158515026,6451726811,45.993471,-81.478321
Ancyloxypha numitor,1156.7512814902482,-4745.115352248319,4090.9118661131542,6451811466,39.949612,-76.299808
Ancyloxypha numitor,1171.174082622824,-4853.985215812031,3956.8841179074534,6452160838,38.394792,-76.434892
Ancyloxypha numitor,410.6835781563817,-5280.168381315268,3541.3152914233156,6482089304,33.769173,-85.552574
Ancyloxypha numitor,-219.49400666684548,-4792.081704098401,4192.556314703492,6499174225,41.152685,-92.622513
Atalopedes campestris,713.8561746540487,-5600.027620997316,2952.9397446701923,4064229501,27.612956,-82.735475
Atalopedes campestris,-2456.8597145213243,-4572.258755163231,3694.325831416715,4145284466,35.441057,-118.250938
Atalopedes campestris,-2583.6105590046855,-4162.588190788951,4072.783957317316,4863809780,39.73728,-121.826802
Atalopedes campestris,-498.908984311883,-4763.017806170625,4201.726351531224,4900453402,41.262302,-95.979721
Atalopedes campestris,1082.233935195315,-4857.332836620635,3978.0448154182513,4903269400,38.638012,-77.439423
Atalopedes campestris,-831.9117050896397,-5656.5833648272455,2810.825622725814,4903312498,26.179835,-98.366493
Atalopedes campestris,-498.92210525929505,-4763.017744266379,4201.724863715457,4904647584,41.2622842,-95.9798772
Atalopedes campestris,1093.352340472907,-4873.439971233873,3955.23913765525,4904647768,38.375919,-77.355113
Atalopedes campestris,-2010.7825199833903,-4842.244203418096,3619.278638274558,4905542399,34.6168395,-112.5510783
Atalopedes campestris,1259.6427433656363,-4665.097089075267,4152.098558351571,4906427330,40.671227,-74.8896633
Atalopedes campestris,885.3902395061501,-4993.755389446761,3855.9362499704416,4906691432,37.245514,-79.945969
Atalopedes campestris,1003.5395665353741,-5060.472894049816,3738.218232883482,4907098696,35.927036,-78.783234
Atalopedes campestris,503.1627160148001,-4916.80037834861,4020.156023136541,4907342964,39.1245128,-84.1569542
Atalopedes campestris,917.3315603571712,-4975.493269132254,3872.043732561625,4907371516,37.4277055,-79.5536891
Atalopedes campestris,-2678.719015985838,-4313.193863124336,3848.4511510710213,4907983521,37.161,-121.842444
Atalopedes campestris,-2302.093716510479,-3750.8658964500614,4606.638978358113,4909118596,46.307927,-121.539519
Atalopedes campestris,-2213.805934227073,-4649.567999841635,3751.0443652544395,4910827960,36.069611,-115.460592
Atalopedes campestris,-2153.048526147437,-3848.16868325628,4598.4489731796975,4910931231,46.201406,-119.226992
Atalopedes campestris,1101.8288112236423,-4800.6102207701815,4041.023126470795,4912585429,39.3668326,-77.0734406
Atalopedes campestris,-2453.2173201913643,-3775.872223943988,4507.135105367801,4919096817,45.027371,-123.012136
Atalopedes campestris,-2479.879572287094,-4692.449563085185,3524.3251175980154,4919308945,33.585562,-117.855688
Atalopedes campestris,885.3744967648028,-4993.747723287446,3855.949793023421,4925241003,37.245667,-79.946129
Atalopedes campestris,-2169.381189381426,-3864.1154589400912,4577.3518659608935,4926375450,45.927958,-119.310607
Atalopedes campestris,1214.4922524009062,-4797.763223210724,4012.0106869925276,4928929528,39.030151,-75.794708
Atalopedes campestris,1284.522723519144,-4998.836436534083,3735.1557910239335,4930241378,35.893032,-75.588821
Atalopedes campestris,-2144.8590444188753,-3851.23271870825,4599.710790430529,4935750233,46.217804,-119.114655
Atalopedes campestris,-2699.2949103739415,-4248.725153301141,3905.367420386072,4946117929,37.806046,-122.428562
Atalopedes campestris,-2496.3467184077545,-3838.4619555695126,4429.922799193881,4946587678,44.053135,-123.037994
Atalopedes campestris,-2705.6626736833737,-4194.585096058425,3959.115873252323,4950021476,38.420405,-122.823514
Atalopedes campestris,-2443.9084445442463,-4261.65144801398,4056.5245691358878,4950064896,39.547389,-119.832767
Atalopedes campestris,-2159.948415611282,-3827.763610285442,4612.2230773619685,4950084209,46.380674,-119.435372
Atalopedes campestris,-2649.968605505872,-4243.712534785229,3944.404066727625,4950160673,38.25173,-121.982545
Atalopedes campestris,-2359.903098048357,-4857.487541787569,3380.1516650703347,4952190410,32.042761,-115.911776
Atalopedes campestris,-2159.943075750115,-3827.850456794726,4612.153501306409,4952348512,46.379767,-119.434755
Atalopedes campestris,-2586.557955512691,-4252.949821453263,3976.416588921751,4952463118,38.619268,-121.30712
Atalopedes campestris,-2570.898440856044,-3939.3371732890464,4296.726308670877,4952524582,42.409011,-123.129354
Atalopedes campestris,-2137.3272657361745,-3856.8894339397307,4598.476832950475,4952553272,46.201768,-118.993392
Atalopedes campestris,-2144.5790956823644,-3851.4098424817835,4599.693017721302,4952631199,46.217573,-119.110356
Atalopedes campestris,-2699.3187293302353,-3990.1223250300113,4169.2151969479255,4952727057,40.874492,-124.078361
Atalopedes campestris,-1998.3904922238441,-3933.28267698618,4596.245854301879,4953131174,46.172787,-116.933845
Atalopedes campestris,-2496.2736216222092,-3838.8983989531594,4429.585784041827,4953138134,44.048918,-123.03425
Atalopedes campestris,-2704.328186612974,-4193.4654540496185,3961.2131569079256,4953197113,38.444483,-122.817606
Atalopedes campestris,-2156.1965930162164,-3844.5017413189144,4600.040841442446,4953215584,46.222094,-119.285976
Atalopedes campestris,-2159.974555498497,-3827.823358219722,4612.161249083123,4980570662,46.379868,-119.435286
Atalopedes campestris,-2696.4285755281862,-4286.046799078382,3866.371542268337,5133352929,37.363497,-122.174731
Atalopedes campestris,-2717.1557019494776,-4288.509887084857,3849.0909276628304,5133539410,37.16822,-122.357926
Atalopedes campestris,-2679.432366476151,-4247.891891505286,3919.924718823194,5140515055,37.971931,-122.242399
Atalopedes campestris,-2557.7782768817024,-4044.540256699818,4205.855148233718,5140655871,41.311717,-122.309372
Atalopedes campestris,-2104.757874203532,-3890.441614938834,4585.216620990526,5177175934,46.029738,-118.413718
Atalopedes campestris,-2151.219560915935,-3839.3023161085866,4606.708722714443,5187569749,46.308835,-119.262574
Atalopedes campestris,-2153.0473562877023,-3848.1683261651856,4598.449819750022,5187992064,46.201417,-119.226981
Atalopedes campestris,-2409.9747683952287,-4707.475628139623,3552.6677238164657,5230689689,33.892077,-117.110009
Atalopedes campestris,-2686.8243324775076,-4248.574699977974,3914.120738402343,5231284738,37.905748,-122.309508
Atalopedes campestris,-2153.0165331758462,-3849.352725622791,4597.472841821828,5238430547,46.188724,-119.219119
Atalopedes campestris,-2442.712933089435,-4263.094312751124,4055.7284841054234,5282322092,39.538105,-119.812303
Atalopedes campestris,-2496.464582605779,-3838.257834157194,4430.033240959182,5282384537,44.054517,-123.040623
Atalopedes campestris,753.799327281667,-5148.036703478759,3676.8543353664,5285078206,35.248428,-81.669685
Atalopedes campestris,-2710.7636466443955,-4362.131735542025,3770.055742755767,5292872541,36.281418,-121.858097
Atalopedes campestris,-2142.4174583377226,-3837.6017936858552,4612.224304713103,5759506943,46.38069,-119.173307
Atalopedes campestris,-2710.7546878978455,-4362.12699923523,3770.0676644140403,5759696660,36.281551,-121.85804
Atalopedes campestris,-2097.4135142139708,-3890.5791778402595,4588.46415928313,5760303853,46.07182,-118.329133
Atalopedes campestris,-2699.111030368233,-3990.2362067898757,4169.24067300571,5760344251,40.874795,-124.075556
Atalopedes campestris,-2688.6535618206954,-4155.723457572655,4011.3411346290027,5760642535,39.0224,-122.9019
Atalopedes campestris,-2151.512072580235,-3839.0446675700505,4606.786838092348,5828606636,46.309852,-119.267536
Atalopedes campestris,-2160.267928451096,-3828.159678283908,4611.744689870016,5828712829,46.374438,-119.436462
Atalopedes campestris,-2137.2079640399165,-3856.8603909455674,4598.556640172762,5828819126,46.202805,-118.992219
Atalopedes campestris,-2125.0277949449833,-3829.706485342835,4626.808644898956,5830390657,46.571147,-119.025021
Atalopedes campestris,-2695.672921021371,-4199.344652313953,3960.884386552043,5839827425,38.440708,-122.697503
Atalopedes campestris,-2220.7037293830385,-3774.6323563900623,4627.135036939694,5840499024,46.575417,-120.469286
Atalopedes campestris,-2160.172096173566,-3827.848124662444,4612.048176147853,5840505955,46.378394,-119.43737
Atalopedes campestris,-2540.3297192874693,-3939.7434041423294,4314.498807103705,5844083017,42.625858,-122.81375
Atalopedes campestris,-2702.736182281555,-4273.563132708401,3875.774556062195,5867999108,37.469968,-122.310552
Atalopedes campestris,-2159.9492442706537,-3827.7560255496287,4612.228983986006,5892649647,46.380751,-119.43543
Atalopedes campestris,-2598.261532756287,-4175.219696176214,4050.4728891499317,5897547432,39.476845,-121.894225
Atalopedes campestris,-2498.2258734939155,-3834.4465606367726,4432.340260889705,5936019009,44.083393,-123.085124
Atalopedes campestris,-2500.164022129363,-3832.3931722373336,4433.023298553261,5938189192,44.091945,-123.119493
Atalopedes campestris,-2496.2070750314792,-3837.895775895809,4430.492002204871,5938286493,44.060258,-123.040392
Atalopedes campestris,-1279.3346734872873,-4750.929640818793,4047.4341836378294,5956830939,39.44145,-105.071167
Atalopedes campestris,-2700.2346954687173,-3989.855463270795,4168.877438984336,6130233796,40.870475,-124.089162
Atalopedes campestris,-2602.922153773359,-4247.4509513159965,3971.612998170659,6130827070,38.563998,-121.500793
Atalopedes campestris,-2603.690568058712,-4287.997385801987,3927.2925756600907,6171170954,38.056033,-121.266305
Atalopedes campestris,-2151.888887118859,-3838.6815592185217,4606.913417255359,6251476060,46.3115,-119.274127
Atalopedes campestris,-2384.140566715205,-4789.900144986756,3458.6823341955237,6273200420,32.879792,-116.461517
Atalopedes campestris,-2153.67626002785,-3844.6437877680764,4601.102676733723,6320790662,46.235898,-119.256492
Atalopedes campestris,-2151.169061801269,-3838.506133737588,4607.39573495542,6320974654,46.31778,-119.267068
Atalopedes campestris,-2150.918983893327,-3838.843803423289,4607.23115410149,6321012841,46.315637,-119.262078
Atalopedes campestris,-2379.641318841358,-3911.329759626186,4430.41305464885,6352853432,44.05927,-121.316206
Atalopedes campestris,-2151.4687127886186,-3838.934306568464,4606.899054398829,6352898585,46.311313,-119.267746
Atalopedes campestris,-2157.205316466527,-3841.0506100415405,4602.450278208934,6398782677,46.253422,-119.319375
Atalopedes campestris,-2707.6784241374244,-4230.734863895718,3919.0704500627935,6399155749,37.962186,-122.619321
Atalopedes campestris,-2453.0127002787467,-3776.673187320663,4506.575358087535,6400476623,45.020249,-123.004401
Atalopedes campestris,-2265.068893300658,-3850.2205301651834,4542.578332552308,6400884670,45.48016,-120.468124
Atalopedes campestris,-2382.7823515181403,-3912.8257263774212,4427.402876401709,6430786968,44.021611,-121.340042
Atalopedes campestris,-2153.919779062885,-3842.3204349881153,4602.929109807347,6441760379,46.25965,-119.274025
Atalopedes campestris,-2449.886165412471,-4260.084126606282,4054.5646055322895,6469598498,39.524534,-119.902316
Atalopedes campestris,-2380.4707293957345,-3910.7081605870517,4430.516213590174,6481223523,44.060561,-121.329117
Atalopedes campestris,-2654.995296788483,-4238.138963523528,3947.015483827266,6498464528,38.281642,-122.065214
Atalopedes campestris,-2149.4500211006457,-3850.474699511315,4598.202075256275,6498762216,46.198198,-119.17156
Atalopedes campestris,-1974.6115552281778,-3809.0927691682855,4709.721288091969,6499668353,47.666939,-117.401961
Atalopedes campestris,-2220.3685546445436,-3773.7333541696025,4628.029081893391,6500362492,46.587115,-120.471471
Battus philenor,-831.914287450879,-5656.583778413517,2810.8240261178903,5994268304,26.179819,-98.366518
Battus philenor,-2585.8966004511926,-4130.445372659028,4103.938708720201,6130271487,40.102603,-122.048936
Battus philenor,-741.5806546004941,-5518.552181358888,3096.028598708155,6130548437,29.075112,-97.653533
Battus philenor,-692.5518253396577,-5591.093104851347,2974.8618441500566,6130640629,27.835675,-97.061089
Battus philenor,-741.5784924488415,-5518.552144777868,3096.02918180406,6130824428,29.075118,-97.653511
Battus philenor,-1984.057769404971,-4916.6932268327155,3532.618803459906,6131092969,33.675142,-111.9758
Battus philenor,-821.228506786459,-5472.762462549355,3156.6133589385677,6131201790,29.700433,-98.533982
Battus philenor,-818.2631191498892,-5486.4015137546085,3133.623625674863,6131633786,29.462693,-98.482786
Battus philenor,-1913.2552570639707,-5033.090651465715,3405.467067102974,6159174662,32.311742,-110.813563
Battus philenor,-807.1976975402562,-5489.550788578271,3130.977027444121,6159234729,29.43536,-98.364975
Battus philenor,-1988.1083588771778,-4912.969432377168,3535.521127014756,6159362323,33.706512,-112.031472
Battus philenor,-1821.773260661942,-5452.637744447561,2745.839934198716,6159384348,25.530393,-108.474918
Battus philenor,-818.3172439837954,-5486.377847253356,3133.6509274397217,6162772709,29.462975,-98.483375
Battus philenor,-2645.1539262863325,-4225.827603809048,3966.7738653488823,6162799016,38.508362,-122.04448
Battus philenor,-799.6156457953828,-5483.710734741841,3143.132915794967,6162926624,29.560962,-98.296202
Battus philenor,-728.9848006249648,-5430.193007054674,3251.3594381842395,6162976393,30.686258,-97.646048
Battus philenor,-1043.0873672286068,-5648.100840357107,2756.9328557588906,6163027625,25.641,-100.463451
Battus philenor,-946.040485930673,-5481.222282365945,3106.599880891093,6163052426,29.183947,-99.79258
Battus philenor,-1945.0332902000614,-4955.669293589568,3499.7057708133743,6163170685,33.320194,-111.429337
Battus philenor,-818.2798171046975,-5486.441933293929,3133.5484970222697,6163198878,29.461917,-98.482895
Battus philenor,-816.6108048328491,-5493.873916006276,3120.937249951295,6163299359,29.33174,-98.454557
Battus philenor,-1904.9736492337304,-5047.069379479407,3389.3833073472106,6163313459,32.140757,-110.67859
Battus philenor,-765.0718643776086,-5438.336542385741,3229.3828859036066,6163324950,30.45671,-98.007888
Battus philenor,-1919.054625569203,-5023.665567885059,3416.104028832402,6163580842,32.425,-110.907
Battus philenor,-2644.6382165469468,-4227.3302919963135,3965.516414746909,6170866512,38.493912,-122.030296
Battus philenor,-738.8210671644546,-5508.629329332055,3114.3056164118016,6170894212,29.263353,-97.638962
Battus philenor,-2585.8691378714548,-4243.898137355999,3986.5226114030324,6170900723,38.735687,-121.354562
Battus philenor,-1931.5553926004711,-5062.377135201779,3351.295963650435,6170948101,31.737124,-110.884407
Battus philenor,-1886.3232348323995,-5097.391169003495,3323.874404001158,6170952516,31.447609,-110.307326
Battus philenor,-2682.3798315035897,-4252.392339580332,3913.023250569656,6170962335,37.89324,-122.243447
Battus philenor,-1831.3477354570011,-5110.46134670347,3334.5319649635553,6170980109,31.560024,-109.715279
Battus philenor,-831.7173814353516,-5480.939106268787,3139.6346667198827,6170980177,29.5248,-98.628647
Battus philenor,-2584.4453853610735,-4130.860875372462,4104.434627093035,6170993375,40.108434,-122.03188
Battus philenor,-734.0452933316035,-5480.117415761734,3165.3189012293983,6171040522,29.790605,-97.629187
Battus philenor,-818.1716402263944,-5478.826180457126,3146.8733659212076,6171065390,29.599642,-98.493408
Battus philenor,-737.532273807824,-5451.602075726925,3213.3835878555155,6171089864,30.289935,-97.704611
Battus philenor,-689.2675866587922,-5580.858890557842,2994.775011138647,6171153437,28.038381,-97.040698
Battus philenor,-754.4007784491522,-5455.207442411925,3203.333319435601,6171244628,30.185317,-97.873497
Battus philenor,-1931.462793560642,-5062.995100025219,3350.4156792686163,6171360889,31.727816,-110.881163
Battus philenor,-2687.297842320279,-4211.600889567828,3953.555536897097,6171403063,38.356608,-122.540742
Battus philenor,-842.7910697363425,-5484.439144578001,3130.556438058676,6171425347,29.431017,-98.736275
Battus philenor,-1926.2489508384979,-5077.446225809181,3331.4948496263855,6171429695,31.527975,-110.775422
Battus philenor,-1981.6967907072933,-4880.520306590276,3583.7344344046764,6176617309,34.229323,-112.099224
Battus philenor,-830.040164418075,-5478.054121135504,3145.108821812145,6178315894,29.581393,-98.615975
Battus philenor,-2573.9510269309535,-4255.271928531752,3982.1087447341506,6178316442,38.684817,-121.169123
Battus philenor,-2556.4049188494605,-4247.430851211633,4001.734397075266,6178384080,38.911282,-121.04251
Battus philenor,-830.0401572811373,-5478.050846589586,3145.114527192493,6178405720,29.581452,-98.61598
Battus philenor,-1291.4587886763675,-5393.011876252613,3136.4486651986313,6178414555,29.491877,-103.466959
Battus philenor,-2684.2442455417117,-4253.026886170698,3911.054623175548,6178429176,37.870809,-122.257555
Battus philenor,-1771.3233924094243,-5117.416800930617,3356.219875802785,6178431755,31.789206,-109.092591
Battus philenor,-2555.346161334947,-4218.673767698217,4032.7101020483888,6178436408,39.270197,-121.204238
Battus philenor,-1931.521237832252,-5062.3345737845,3351.379939748179,6178474873,31.738012,-110.88423
Battus philenor,-1931.6615248843543,-5062.157644734963,3351.5663297643778,6178495417,31.739983,-110.886283
Battus philenor,-680.4475544391089,-5386.455033247038,3333.5936210256523,6178549676,31.550121,-97.199791
Battus philenor,-2555.6820182244373,-4247.132673854977,4002.5125361546566,6178597424,38.920276,-121.037128
Battus philenor,-2702.069479329469,-4232.90424200151,3920.598849231993,6178599550,37.979622,-122.552078
Battus philenor,-762.9711529136562,-5470.730687760862,3174.70217366773,6178601558,29.887888,-97.9395
Battus philenor,-2644.4955981349967,-4227.658292285372,3965.2618482002918,6178615932,38.490987,-122.026908
Battus philenor,-2714.0234014487273,-4221.164070834222,3924.997323969071,6178669034,38.029823,-122.73924
Battus philenor,-1278.8484478773928,-5410.209097013179,3111.902521550901,6178711028,29.238583,-103.29929
Battus philenor,-2576.054235805862,-4256.5795774024,3979.3501988521857,6178753027,38.653043,-121.182053
Battus philenor,-534.3318238727574,-5523.066819803785,3130.4912610733713,6178780731,29.430344,-95.525911
Battus philenor,-826.1691794318274,-5496.825318370379,3113.215224804856,6178813390,29.252113,-98.547538
Battus philenor,-1902.9084242557276,-5036.031538749431,3406.9163475634464,6178824862,32.327165,-110.699509
Battus philenor,-2554.4290699773564,-4217.254565259513,4034.774986034519,6178839144,39.294188,-121.203667
Battus philenor,517.8437415197865,-4873.641647296794,4070.529214092489,6178857101,39.710916,-83.934853
Battus philenor,-859.1414151098128,-5396.567098074257,3275.4683198747216,6178858559,30.938708,-99.045661
Battus philenor,-2576.293924087815,-4255.499287104807,3980.3503066735366,6178874678,38.664561,-121.190857
Battus philenor,-1916.3510147541347,-5029.244076774811,3409.4069769028324,6178888125,32.353676,-110.85892
Battus philenor,-731.5141328187786,-5491.719858412186,3145.735716789488,6178921279,29.587876,-97.587312
Battus philenor,-2557.254391929758,-4218.772483282079,4031.3970083502522,6178976792,39.254945,-121.2226
Battus philenor,-2622.2028959855165,-4237.808200535954,3969.229995532234,6179032402,38.536595,-121.747728
Battus philenor,-2554.0952046155394,-4248.363922761362,4002.2187340545283,6179058167,38.91688,-121.014075
Battus philenor,-535.4081501964532,-5518.737063262713,3137.9344271273576,6179063293,29.507229,-95.54129
Battus philenor,-773.9739764286152,-5494.5868620332785,3130.5323235929072,6179075511,29.430768,-98.017998
Battus philenor,-754.0483048971523,-5446.437111866335,3218.3049995369092,6179080403,30.341205,-97.882378
Battus philenor,-2589.919329433512,-4242.818285805878,3985.042533064782,6179090884,38.718625,-121.400905
Battus philenor,171.59602007545075,-5410.708806117654,3359.2466642050235,6179096364,31.821236,-88.183522
Battus philenor,-1977.1167411871777,-4905.1122803593635,3552.55345328717,6179097919,33.890839,-111.953017
Battus philenor,804.5978095886951,-5382.80406567831,3311.766278740027,6179163132,31.320057,-81.498622
Battus philenor,-2555.8566793101054,-4247.346583246574,4002.1740049986597,6179189292,38.916363,-121.037583
Battus philenor,-1996.846372137211,-4923.265897811382,3516.2210674540047,6179353845,33.49812,-112.077172
Battus philenor,-2555.727902082679,-4247.384779244252,4002.215705985594,6179365155,38.916845,-121.03608
Battus philenor,-2554.1597232411727,-4248.318776474046,4002.2254823170656,6179382650,38.916958,-121.014983
Battus philenor,-1908.922720637941,-5031.203141342323,3410.6835278074127,6179391169,32.367267,-110.777584
Battus philenor,-1549.3731145151528,-5146.81903107194,3420.4458690484707,6179421043,32.471271,-106.753638
Battus philenor,-2685.730756661093,-4250.070575580106,3913.247185521285,6179475112,37.895792,-122.289863
Battus philenor,-2685.7308320454517,-4250.070366356345,3913.2473610158513,6179489446,37.895794,-122.289865
Battus philenor,199.28168507490548,-5368.6134921993535,3424.621017141343,6179492143,32.515788,-87.87417
Battus philenor,-804.9964512258831,-5641.687817769039,2848.3490674472455,6179535778,26.556478,-98.120558
Battus philenor,-1927.5346971838762,-5062.420541505623,3353.544599639554,6179537111,31.760905,-110.84451
Battus philenor,345.1478985599092,-5064.0272567093725,3850.487501745936,6184530365,37.183983,-86.100933
Battus philenor,-698.075006932666,-5467.179294756137,3195.683803720758,6184744106,30.105764,-97.27642
Battus philenor,-1816.866648099226,-5046.352507821342,3438.4698747418693,6184803044,32.663608,-109.800683
Battus philenor,-2603.0547227469374,-4086.449924512411,4137.002085389226,6184815441,40.492465,-122.496998
Battus philenor,-815.0243942398826,-5464.152033704158,3173.094848730189,6184816313,29.871217,-98.483603
Battus philenor,-2570.8990641701175,-4243.892373855315,3996.1992756442146,6184836741,38.847338,-121.206978
Battus philenor,-1949.4953434578574,-5066.435234510826,3334.73462962509,6185179920,31.562163,-111.046046
Battus philenor,-718.6576887673536,-5677.418837629801,2800.035642305161,6195750019,26.071756,-97.214233
Battus philenor,-1989.8589038423365,-5050.113404064298,3335.651252539286,6413334704,31.571838,-111.505562
Boloria bellona,227.11391809243975,-4850.730145007274,4124.1471188845635,5134526781,40.34062,-87.319337
Boloria bellona,900.0175676189394,-4858.485545068063,4021.7955835695334,5141090135,39.143522,-79.505125
Boloria bellona,519.0053045691106,-4991.236672209644,3925.29528895549,6188556513,38.033225,-84.06353
Boloria bellona,463.58376428916705,-4996.525571457182,3925.5032081173244,6191849357,38.035599,-84.699203
Boloria bellona,1193.004152811056,-4709.264025845659,4121.811077175778,6195326221,40.313063,-75.784254
Boloria bellona,495.6592584719344,-5004.010756339991,3912.0265054830807,6195378816,37.881882,-84.343168
Boloria bellona,944.7642697027717,-4926.402076930075,3927.8157009703827,6195457452,38.062008,-79.143869
Boloria bellona,856.7329345584747,-5026.805019574112,3819.2922254921486,6195654648,36.832663,-80.32785
Boloria bellona,677.7341673477347,-4787.342013284477,4148.708952906704,6234208431,40.631048,-81.942299
Boloria bellona,911.3230255836263,-4777.381039352773,4115.32184373849,6234323746,40.236572,-79.200129
Boloria bellona,578.0319182062017,-4851.933573381642,4088.3215175306764,6234806662,39.919231,-83.206126
Boloria bellona,740.9400057319884,-5078.055731591325,3775.4616968571954,6234953319,36.341751,-81.698544
Boloria bellona,811.1369659768278,-4775.804169123601,4138.055641274653,6235066068,40.504925,-80.360697
Boloria bellona,673.9023385435072,-4782.810520112816,4154.555607580815,6235797516,40.700367,-81.97977
Boloria bellona,762.6484658270599,-5081.381703127436,3766.6537449533075,6235821595,36.243474,-81.464369
Boloria bellona,839.0777697041718,-4778.955358965231,4128.83607122918,6235861810,40.395967,-80.041644
Boloria bellona,799.7617469988392,-4935.249675219368,3948.8536211110595,6236401780,38.302704,-80.795184
Boloria bellona,921.7127335370776,-4722.82621779198,4175.537244840447,6236437650,40.949726,-78.95689
Boloria bellona,-96.83749937527308,-4770.819132879455,4221.333963303959,6236556381,41.497308,-91.162823
Boloria bellona,592.6330003230873,-4750.900848252293,4203.270201483738,6273161190,41.280775,-82.889585
Boloria bellona,621.7514861816869,-5140.941589774516,3711.320221920358,6289912307,35.628869,-83.104073
Boloria bellona,969.4044030299219,-4808.80037648974,4065.1503258964194,6321004897,39.648063,-78.602517
Boloria bellona,-1638.9466206059433,-3650.611672348513,4957.483385972623,6334046368,51.089825,-114.177755
Boloria bellona,-170.59380715752926,-4497.141132099329,4509.586735014341,6334300817,45.058575,-92.172407
Boloria bellona,1428.1307663218286,-4343.157092152808,4437.024015806678,6334983338,44.142061,-71.797936
Boloria bellona,1298.6615190016137,-4551.38871315159,4264.74995404633,6395893310,42.020733,-74.074802
Boloria bellona,-58.616985731206235,-4635.883777946806,4369.771021006808,6398679178,43.305144,-90.72442
Boloria bellona,905.854117230073,-4867.152662395324,4009.988330271407,6398696084,39.006742,-79.456978
Boloria bellona,1201.6973105414127,-4725.458745933356,4100.697055867079,6398721160,40.0645,-75.731963
Boloria bellona,1195.0428822768627,-4750.847242048852,4073.214470404628,6398822395,39.742315,-75.880574
Boloria bellona,841.5082534778487,-4865.604091844695,4025.8556618972634,6398932664,39.190617,-80.187737
Boloria bellona,26.89807035443659,-4666.029354073173,4337.879630697022,6399175365,42.91229,-89.669713
Boloria bellona,812.6502020632494,-4972.816999208669,3898.7746627812808,6399205592,37.731042,-80.71885
Boloria bellona,52.450242876388565,-4231.486033458223,4762.512787420906,6400167115,48.376769,-89.289842
Boloria bellona,-1694.7710478242861,-3820.5587264472806,4808.412965095816,6400314588,49.002078,-113.921713
Boloria bellona,-413.6461767197195,-4062.3136710878052,4890.425094800626,6400534661,50.139401,-95.814119
Boloria bellona,827.2277633141526,-4996.339367219177,3865.4935370345124,6400552716,37.353563,-80.599005
Boloria bellona,799.0093437535784,-5062.537350350631,3784.4488072342497,6400691428,36.442155,-81.031113
Boloria bellona,786.8197969403298,-5064.861433063236,3783.893021834634,6413061612,36.435942,-81.169756
Boloria bellona,205.57758807663785,-4087.8598076871326,4882.304084922829,6413187002,50.025585,-87.121033
Boloria bellona,1338.8145356490732,-4401.097505503876,4407.6830099111885,6417217302,43.775493,-73.080231
Boloria bellona,-1774.3329636658723,-4316.898477566148,4336.575053900623,6419952303,42.896273,-112.343658
Boloria bellona,-796.1955960426851,-3978.785125867012,4911.730308628426,6422262082,50.43929,-101.316005
Boloria bellona,988.4124649300935,-4669.362276040979,4220.1717813299565,6422449335,41.483355,-78.048039
Boloria bellona,-113.65968437383393,-4146.603226168174,4835.547155240777,6422522694,49.375449,-91.570102
Boloria bellona,-249.74930863008652,-4536.106091934256,4466.667654441413,6422528011,44.514736,-93.151414
Boloria bellona,817.9293852575951,-4840.754530911221,4060.5221612339537,6422676686,39.594028,-80.40947
Boloria bellona,-2100.272928608714,-3315.981046628361,5018.254323311274,6423129010,51.968326,-122.349313
Boloria bellona,491.8593032759907,-4995.212081546252,3923.7334027470124,6423163746,38.015394,-84.376433
Boloria bellona,1252.97796812846,-4571.762097847449,4256.6172792192165,6429013301,41.922359,-74.673356
Boloria bellona,852.0627664301514,-4859.8259238894725,4030.612132323411,6431004506,39.24583,-80.05553
Boloria bellona,1393.1355040708793,-4394.896238126339,4397.02327183716,6431453647,43.642873,-72.411937
Boloria bellona,21.37911601464236,-4633.58182890606,4372.5525151686215,6431561015,43.339528,-89.735642
Boloria bellona,793.2887031745457,-5063.484783700458,3784.3847595516777,6431616621,36.441439,-81.095934
Boloria bellona,1278.8914099168894,-4537.339149081587,4285.643864990395,6431777603,42.27417,-74.259014
Boloria bellona,-563.6401012114703,-4035.440109314555,4897.681705676583,6432671307,50.241332,-97.9512072
Boloria bellona,-364.95243678899453,-4457.0867917622,4537.724118901253,6441126139,45.417933,-94.681015
Boloria bellona,822.6521668346893,-4766.691980394721,4146.280755824462,6441152165,40.60228,-80.208153
Boloria bellona,832.1355895608446,-4870.777059427192,4021.546260783464,6442090954,39.140631,-80.305047
Boloria bellona,802.5122627797457,-4534.894130516597,4402.324661218398,6442108382,43.708792,-79.964615
Boloria bellona,-1438.0299591714556,-4575.871360313077,4193.235535963765,6451952454,41.160798,-107.446037
Boloria bellona,832.1510730923148,-4870.798552971672,4021.517024407308,6452006612,39.140292,-80.304912
Boloria bellona,728.1184064151194,-4777.401603466451,4151.629876941479,6452180668,40.66567,-81.334301
Boloria bellona,645.7962305093334,-4812.986965402825,4124.058296047703,6469685935,40.339572,-82.35782
Boloria bellona,853.6871088061179,-4923.53231683897,3952.189390069504,6469820012,38.340942,-80.163331
Boloria bellona,829.9454705946137,-4768.241370040824,4143.0445185332155,6469832418,40.563958,-80.126191
Boloria bellona,631.4938251756755,-5131.102089008457,3723.2727580202163,6470005938,35.761226,-82.983789
Boloria bellona,1170.546866133391,-4640.873221482576,4204.981439434503,6470078695,41.301257,-75.843805
Boloria bellona,1104.3779525840603,-4779.592767833024,4065.1685624586253,6470201863,39.648276,-76.989507
Boloria bellona,738.125828632952,-4802.787511011996,4120.455741158926,6470291659,40.29708,-81.262748
Boloria bellona,847.450952004229,-5020.359870713093,3829.8259467184885,6470617386,36.951112,-80.418634
Boloria bellona,1173.3321224135054,-4709.087529128977,4127.655448701114,6470644523,40.382027,-76.008881
Boloria bellona,492.8955102650285,-4875.773494961658,4071.073564978578,6470676027,39.71728,-84.227538
Boloria bellona,-393.1325353250706,-4073.575700823339,4882.743178686337,6470715034,50.031732,-95.512428
Boloria bellona,83.24775617827616,-4659.014601924522,4344.69859481907,6470775922,42.996078,-88.976342
Boloria bellona,675.3536199363199,-4785.715187335331,4150.973471780361,6479254015,40.657888,-81.967538
Boloria bellona,508.1215378236664,-5008.581749840937,3904.570973568984,6479398644,37.796981,-84.207152
Boloria bellona,635.6089558021506,-4832.989972714586,4102.189940583176,6479686976,40.082045,-82.507764
Boloria bellona,-92.18014409666175,-4375.688981353051,4629.7518172335385,6479772337,46.609663,-91.206839
Boloria bellona,584.589954210377,-4827.362746051688,4116.37906820376,6479879655,40.249028,-83.095147
Boloria bellona,1041.3036185490926,-4424.028951677262,4464.684506031237,6480200217,44.48973,-76.755116
Boloria bellona,-134.52932073427468,-4753.732882165784,4239.537554563705,6480335878,41.716252,-91.621022
Boloria bellona,705.8538252262232,-4740.294320368532,4197.753359044905,6480770803,41.214787,-81.530599
Boloria bellona,1163.2280691244066,-4648.390110234914,4198.704916036467,6481062642,41.226164,-75.950642
Boloria bellona,476.6670402431946,-4994.688695770795,3926.273869047174,6497052394,38.044399,-84.5485
Boloria bellona,1324.0325531216433,-4382.76546205394,4430.356400175806,6497058383,44.058561,-73.190444
Boloria bellona,1175.5315299571962,-4281.92293939681,4568.699453107121,6497063629,45.8162,-74.648598
Boloria bellona,1339.1726008308049,-4400.463366483828,4408.207349376309,6497070330,43.782024,-73.073665
Boloria bellona,242.6101511954944,-4081.18704942085,4886.185190089899,6498276304,50.079945,-86.598
Boloria bellona,998.893487683348,-4883.791774870654,3967.435296214291,6498640605,38.515964,-78.440589
Boloria bellona,645.7847924705884,-4812.992857522933,4124.0532107290255,6498924367,40.339512,-82.357963
Boloria bellona,1073.4514663626499,-4354.35621131865,4525.156026480414,6498931531,45.257138,-76.151377
Boloria bellona,53.016387408971234,-4658.510761076906,4345.712816244786,6498937392,43.00855,-89.347971
Boloria bellona,860.2660513057,-4447.050025225273,4480.33944292084,6499216250,44.68742,-79.051567
Boloria bellona,243.23574652394478,-4081.48059295824,4885.908888896274,6499220295,50.076073,-86.589493
Boloria bellona,-315.98074959766194,-4766.6293901029585,4215.347382241212,6499631499,41.425466,-93.792599
Boloria bellona,465.34578554051194,-4996.65894930685,3925.1249373579026,6500114077,38.03128,-84.679312
Boloria bellona,847.720084436415,-4758.5014241613835,4150.63705765448,6500133630,40.6539,-79.898811
Boloria bellona,733.6410518374134,-4773.060847486901,4155.648455166047,6500273681,40.713332,-81.261765
Boloria bellona,706.2377255569228,-4740.0550630801445,4197.95895687963,6500372773,41.217245,-81.525638
Boloria selene,-1589.6356062665993,-3488.1369834811717,5088.782973701839,1806594690,53.01,-114.5
Boloria selene,1595.9813662686024,-4282.979904006697,4438.31947363815,1847729851,44.158298,-69.562926
Boloria selene,158.4959535961436,-4742.9262431802235,4250.797903232217,1848163823,41.85206,-88.08604
Boloria selene,272.6688289980877,-4204.307663900016,4779.037759491112,2248965166,48.601,-86.2893
Boloria selene,1473.519055283733,-4224.025701417823,4536.088799522649,2446390381,45.396985,-70.769065
Boloria selene,-351.3379481716392,-4107.582363432915,4857.373971959215,2466528244,49.67786,-94.888838
Boloria selene,-526.3745779728912,-3960.81255988196,4962.322722155685,2466528265,51.159167,-97.57
Boloria selene,1240.170077157387,-4377.124148637647,4460.102632991087,2466528752,44.431997,-74.180989
Boloria selene,-332.93469036847836,-4319.073300094688,4671.671376502832,2466529511,47.161258,-94.407914
Boloria selene,516.5760057643496,-4317.995381537139,4655.944398827151,2466537600,46.95365,-83.17794
Boloria selene,-162.8699633547725,-4646.546730509446,4355.781214191804,3097756205,43.1325,-92.0075
Boloria selene,1782.4792894103446,-3961.73862036205,4660.1660717653,3397360156,47.0093,-65.7759
Boloria selene,1376.835907455738,-4240.787310588141,4550.80201722428,3397362145,45.585738,-72.013192
Boloria selene,1758.090046723491,-4002.212727660095,4634.777858737652,3397366043,46.6755,-66.2851
Boloria selene,1514.3704601532834,-4378.90731554018,4372.82585532528,3397366250,43.342908,-70.922928
Boloria selene,1751.428626220126,-3954.7083206866864,4677.876975212752,3397366768,47.2434,-66.1128
Boloria selene,1086.5591606750988,-4329.730385701422,4545.610751831296,3397367784,45.519068,-75.912373
Boloria selene,1783.4323492161602,-3988.409143379673,4636.994143888062,3397368527,46.704557,-65.908012
Boloria selene,1517.3251387036635,-4380.16074100376,4370.545668003565,3397373796,43.314718,-70.893477
Boloria selene,897.87726110512,-4410.842990587739,4508.662070509478,3397373975,45.046804,-78.493999
Boloria selene,723.8806255569751,-4545.426280470355,4405.093631062808,3397379651,43.743251,-80.951363
Boloria selene,1793.1995252076078,-3968.570120902755,4650.230079033783,3397381940,46.878416,-65.684155
Boloria selene,938.2927324658947,-4442.982714398514,4468.698297875471,3397382259,44.540352,-78.075191
Boloria selene,1528.0010684192694,-4376.1873477876325,4370.806580214968,3397382584,43.317943,-70.752707
Boloria selene,1750.9204536332406,-3962.3737720808826,4671.576263430976,3397388492,47.16,-66.16
Boloria selene,1895.2167526775743,-4086.147027190499,4505.69740020676,3397390667,45.00908,-65.117417
Boloria selene,683.19471664515,-4512.936888679344,4444.817065709543,3397397623,44.239805,-81.391595
Boloria selene,1310.9408405810723,-4201.3179256236945,4606.529597213834,3397403437,46.306503,-72.670467
Boloria selene,235.74019897830462,-4189.639177753797,4793.860995950298,3397405995,48.80299,-86.77951
Boloria selene,1633.7169110971552,-4015.1127769877503,4669.003273948554,3397406934,47.12598,-67.85899
Boloria selene,776.2744675333763,-4566.650987082164,4374.111320361509,3397409101,43.358806,-80.35264
Boloria selene,-490.6429325126506,-4144.740094576422,4813.5384272760775,3397410353,49.07239,-96.751099
Boloria selene,1806.2405252623785,-3990.403318770271,4626.438116750782,3397412755,46.5663,-65.6463
Boloria selene,1806.2894094031483,-3991.178823608889,4625.750025361447,3397412756,46.5573,-65.6499
Boloria selene,1762.2671289476432,-4155.6830232791735,4496.050078228371,3397413398,44.886494,-67.020046
Boloria selene,942.360758099918,-4461.046249709626,4449.806252998265,3397418903,44.302467,-78.072077
Boloria selene,1088.9695718722078,-4352.022179567958,4523.693330649465,3397425399,45.238454,-75.951812
Boloria selene,789.0705674513016,-4523.855633856432,4416.090009644837,3397426096,43.880294,-80.10576
Boloria selene,1004.8762303908139,-4415.21952159195,4481.719922912,3397434774,44.704885,-77.178247
Boloria selene,1067.3071420360545,-4351.941790796555,4528.930474599355,3397435441,45.30538,-76.220269
Boloria selene,-2197.2241229330575,-3560.1526282743926,4804.92170036822,3397436747,48.954241,-121.681695
Boloria selene,1823.3545738715327,-3923.325251695396,4676.8205222168235,3397438493,47.229407,-65.073481
Boloria selene,1032.7257711543032,-4398.728185230149,4491.594478994409,3397438575,44.829966,-76.787489
Boloria selene,728.1546715108791,-4563.94350249877,4385.19824067665,3397446616,43.496097,-80.93514
Boloria selene,821.5045306675751,-3414.0476915706818,5315.934705717423,3397450909,56.552842,-76.470423
Boloria selene,1348.7180844926615,-4123.992319856203,4665.125936564515,3397454160,47.074755,-71.890089
Boloria selene,950.6925668399693,-4429.0560254200855,4479.888335296171,3397457237,44.681714,-77.885342
Boloria selene,34.11717067850443,-4261.192081184897,4736.119845990962,3397463761,48.02067,-89.541272
Boloria selene,429.2796465824878,-4346.953491077682,4637.83003797196,3397471396,46.7155202,-84.3600914
Boloria selene,514.290526515487,-4316.625632955401,4657.467286941073,3397481058,46.973718,-83.205705
Boloria selene,-0.5569129245982033,-4188.600675737634,4800.5600921908745,3397482572,48.894543,-90.007618
Boloria selene,524.4093155283814,-4307.803650871529,4664.501656661987,3397491228,47.066512,-83.059265
Boloria selene,1076.4466830167194,-4270.105798553733,4604.043020808725,3397493384,46.274141,-75.851162
Boloria selene,470.60652821333554,-4359.139167711115,4622.357444184437,3397496390,46.512948,-83.8382927
Boloria selene,585.0602898594404,-4364.46740377529,4604.224350342846,3397497749,46.2765003,-82.3649714
Boloria selene,527.079401677512,-4309.05872808499,4663.041208473209,3397499887,47.0472332,-83.0262846
Boloria selene,436.6886321636877,-4362.273074034704,4622.729690969206,3397504495,46.5178127,-84.2834077
Boloria selene,565.6959182368315,-4365.796612984072,4605.383935333126,3397510791,46.2915902,-82.6170633
Boloria selene,1208.5349748473798,-4302.944084637009,4540.24983329502,3397517419,45.450302,-74.311947
Boloria selene,896.4185025732448,-4346.109564725159,4571.380387730414,3397528803,45.850804,-78.345737
Boloria selene,-462.58580594983204,-3967.5365769027953,4963.307467077737,3397547877,51.17329,-96.650244
Boloria selene,1804.1419250079343,-4081.103428790577,4547.463012232193,3397551611,45.542847,-66.151116
Boloria selene,1431.9404462108464,-4203.90015578027,4567.988963254349,3397554759,45.807033,-71.190033
Boloria selene,1069.7816826830585,-4321.565216049029,4557.345100440425,3397558497,45.669882,-76.096222
Boloria selene,1035.1491368036043,-4380.534604438047,4508.784312159209,3397569636,45.04836,-76.704526
Boloria selene,1084.6820864789868,-4339.169448078342,4537.050407678156,3397570269,45.409302,-75.965127
Boloria selene,1791.898079081454,-4057.3801675979053,4573.458273499915,3397574841,45.877639,-66.171868
Boloria selene,484.4933366551792,-4368.59462269586,4611.984427441942,3397589980,46.377563,-83.671547
Boloria selene,456.63819710366784,-4331.200375404412,4649.939568932055,3397593901,46.874594,-83.981543
Boloria selene,796.6075364036353,-4562.4756616488685,4374.812613070883,3397599619,43.367481,-80.096002
Boloria selene,1610.083317712867,-4008.1408297673515,4683.181816719489,3397602237,47.31372,-68.11451
Boloria selene,484.1454478031098,-4368.633069356255,4611.984542512682,3397605915,46.3775645,-83.6761095
Boloria selene,102.52509959325211,-4201.745127814565,4787.96194789781,3397616881,48.722509,-88.602226
Boloria selene,512.5396704574682,-4295.344706945194,4677.293027425446,3397635094,47.235665,-83.195386
Boloria selene,1305.2208387523735,-3999.0983112334234,4784.701076227644,3397638110,48.678076,-71.924416
Boloria selene,946.528123302531,-4427.0330615469775,4482.768777602167,3397643673,44.718158,-77.931501
Boloria selene,855.7070562065817,-4397.89733129138,4529.461074681607,3397643704,45.312165,-78.989425
Boloria selene,519.2525605050654,-4377.865679644026,4599.393655589975,3397648857,46.2136822,-83.2358286
Boloria selene,542.3104519944816,-4303.154836237185,4666.745221104694,3397655433,47.096142,-82.817096
Boloria selene,995.8371095493148,-4320.352479831713,4575.217593834622,3397656513,45.90037,-77.020082
Boloria selene,664.9212234206968,-4521.165076749142,4439.222819943384,3397678787,44.169623,-81.633568
Boloria selene,741.3837559777802,-4231.967804834976,4704.31203842708,3427466783,47.594753,-80.063385
Boloria selene,937.0827794651949,-4314.66389767418,4592.962491052401,3427468342,46.130163,-77.746482
Boloria selene,951.130385367322,-4431.03654833685,4477.836444870615,3427484221,44.655767,-77.885185
Boloria selene,1200.2753508643777,-4331.091066873568,4515.6109644468725,3427492708,45.135323,-74.51035
Boloria selene,188.82316115815112,-4541.776361442355,4463.895879848804,3427498327,44.479789,-87.619314
Boloria selene,-1788.138255797387,-3709.142964749782,4861.540206033321,3427505638,49.735797,-115.73822
Boloria selene,-1783.5923774888654,-3713.412690690466,4859.950364896748,3427509907,49.71368,-115.655479
Boloria selene,-2040.5041793209168,-3375.743827783288,5003.044016699668,3427517702,51.746847,-121.151309
Boloria selene,1333.082872501598,-4130.788001920211,4663.607366396999,3427532345,47.054706,-72.114135
Boloria selene,888.1273177841597,-4425.11524025388,4496.591832438851,3427541888,44.893371,-78.651425
Boloria selene,1144.6409050570321,-4340.360128524393,4521.152981581509,3427559988,45.206019,-75.226307
Boloria selene,604.9432217610375,-4044.633263614862,4885.154919854948,3753816327,50.0655087,-81.4935052
Boloria selene,600.1868875045706,-4044.9882712148274,4885.447647399314,3753819328,50.06961,-81.56015
Boloria selene,596.7506536858364,-4040.6507231413766,4889.456362478351,3753820331,50.12581,-81.5989
Boloria selene,-1514.4985972511026,-3659.0170572874918,4990.755584386102,3828202305,51.5687038,-112.4850838
Boloria selene,1068.6732026230306,-4329.375646945522,4550.186504233416,4142864993,45.577829,-76.134161
Boloria selene,-754.6070609182009,-3593.854118055579,5206.201483944392,4146405305,54.802561,-101.858217
Boloria selene,1667.9885094201366,-4069.7323800813465,4609.213145064702,4417396592,46.34145,-67.713624
Boloria selene,999.8436121066951,-4402.725961818378,4495.116237222049,4532926306,44.8746418,-77.205336
Calycopis cecrops,-529.765488586006,-5451.545524275443,3254.1900764296256,6129878949,30.715864,-95.550411
Calycopis cecrops,916.0067838925742,-5527.894781034218,3032.006594873249,6130682614,28.41841,-80.591226
Calycopis cecrops,843.2267995589699,-5468.573897017032,3158.072391039654,6159252321,29.71554,-81.234313
Calycopis cecrops,-106.08837957936959,-5495.724761041814,3221.1034966712164,6163264332,30.370371,-91.105889
Calycopis cecrops,768.5214345534897,-5504.014819156086,3115.276681904752,6170868848,29.273364,-82.051225
Calycopis cecrops,532.0748031721168,-5409.165111783274,3323.790355448644,6171062743,31.446723,-84.382149
Calycopis cecrops,743.3295141512959,-5492.24699821025,3142.0434869236815,6178614282,29.549699,-82.292331
Calycopis cecrops,894.1356245690762,-5571.913345854746,2957.03504897045,6178697326,27.654528,-80.883361
Calycopis cecrops,-373.70494991379843,-5136.557351235452,3750.4501486563436,6178731632,36.063,-94.161164
Calycopis cecrops,-103.07138696066431,-5497.181580035078,3218.7146650472905,6178807504,30.345474,-91.074162
Calycopis cecrops,-349.4469872420369,-5355.061182757407,3433.796683222485,6179140236,32.6137,-93.733569
Calycopis cecrops,569.809543123216,-5321.900486745784,3455.7843427242574,6179419922,32.848764,-83.888691
Calycopis cecrops,534.1680480808219,-5406.799229991987,3327.3021673188955,6179426092,31.48375,-84.357738
Calycopis cecrops,340.5424586526896,-5247.037798934254,3597.5517091610213,6184866775,34.379751,-86.286606
Calycopis cecrops,894.385029905419,-5571.5033542088495,2957.732057167799,6185264963,27.661605,-80.880201
Calycopis cecrops,-622.646811827863,-5261.473190218798,3538.2147964767296,6185313623,33.735637,-96.749038
Calycopis cecrops,596.2483385159486,-5301.816624758298,3482.0944165732985,6185358493,33.130859,-83.583412
Calycopis cecrops,915.5901267049193,-5290.398628290768,3429.742002445238,6185376814,32.57042,-80.181286
Calycopis cecrops,65.6529141740323,-5312.863268972175,3515.5265195620664,6185385599,33.49063,-89.292012
Calycopis cecrops,323.47862626162544,-5138.959252541213,3751.82788900962,6185483253,36.078329,-86.398193
Calycopis cecrops,563.0124070051569,-5481.791585318713,3197.300607444449,6185497939,30.122573,-84.135946
Calycopis cecrops,422.7269771189504,-5202.210239464778,3653.5001925415495,6185607505,34.991653,-85.354403
Calycopis cecrops,-664.1731089824344,-5293.391285245604,3482.6191167378524,6185638053,33.136494,-97.15165
Calycopis cecrops,901.3861095855477,-5517.883049705346,3054.541350333647,6185675408,28.649089,-80.722268
Calycopis cecrops,860.0373786602307,-5213.675113996281,3559.1685324919,6185678539,33.962536,-80.632958
Calycopis cecrops,-567.3505422882713,-5252.987640756878,3560.0544009745304,6185759935,33.972142,-96.164353
Calycopis cecrops,322.67284902880004,-5231.253382437602,3622.1020707473467,6185781972,34.647699,-86.470368
Calycopis cecrops,562.2961191874516,-5459.447947069568,3235.4295413842738,6185782027,30.519814,-84.119553
Calycopis cecrops,-622.7273777631663,-5261.342765557849,3538.394557701802,6185800269,33.737581,-96.750069
Calycopis cecrops,125.71028718145007,-5380.4160592525395,3409.5561415984284,6185878841,32.355264,-88.661561
Calycopis cecrops,-385.4963737772191,-5133.884786430708,3752.915223547871,6188047919,36.090429,-94.294203
Calycopis cecrops,-677.5239785652875,-5128.5525018893295,3718.691116980704,6188065745,35.710465,-97.525665
Calycopis cecrops,-170.17547716985888,-5200.924001034594,3675.756108899195,6188120319,35.236335,-91.874063
Calycopis cecrops,1.2705676865715299,-5209.5437657649145,3667.4794161542477,6188243128,35.145255,-89.986026
Calycopis cecrops,-645.0158108030832,-5150.041488492376,3694.6962527789356,6188386803,35.445146,-97.138825
Calycopis cecrops,498.3494647643409,-5189.525783466234,3661.9971440985173,6188565637,35.084982,-84.514714
Calycopis cecrops,-380.45177962727007,-5109.323814988214,3786.79544293723,6188580095,36.468393,-94.258514
Calycopis cecrops,94.89198571965011,-5062.914244877299,3866.2188233133083,6195275229,37.361769,-88.926256
Calycopis cecrops,882.5529400388727,-5535.692687056032,3027.698781612949,6195290977,28.37437,-80.941595
Calycopis cecrops,106.33326141742236,-5173.09577676365,3717.1933567711885,6195428918,35.693878,-88.822448
Calycopis cecrops,526.1580808339751,-5219.619856517976,3615.03518061634,6195435914,34.570481,-84.243806
Calycopis cecrops,748.7336997887464,-5547.581173804225,3041.955636844665,6195514745,28.520192,-82.313477
Calycopis cecrops,444.59306303246575,-5194.560145331763,3661.7803094276,6195532726,35.082599,-85.108079
Calycopis cecrops,319.28404452370086,-5229.002124386127,3625.6513362091778,6195561417,34.686508,-86.505845
Calycopis cecrops,1243.549973027807,-4956.399913659538,3804.9226654605873,6195651844,36.671376,-75.915351
Calycopis cecrops,754.4471796003968,-5270.458268760837,3498.9758816146414,6195779324,33.312339,-81.853656
Calycopis cecrops,869.3968142644118,-5524.615280282676,3051.643543058641,6195801495,28.619397,-81.05683
Calycopis cecrops,569.2891571464422,-5164.901392875811,3686.388013639155,6195825183,35.353483,-83.710097
Calycopis cecrops,-636.1682580574234,-5107.154310054118,3755.265360851781,6195869746,36.116588,-97.100426
Calycopis cecrops,1170.9254393750446,-4947.008219780734,3840.0255752434305,6234340659,37.06598,-76.683523
Calycopis cecrops,300.4473492671611,-4928.130682156735,4026.538525778831,6234374955,39.198541,-86.511236
Calycopis cecrops,332.30196746068543,-5153.379528390568,3731.220707551913,6234498580,35.84936,-86.310542
Calycopis cecrops,-411.42726567208155,-4922.351367080078,4023.796435425619,6234789523,39.166727,-94.777875
Calycopis cecrops,1094.3253343120566,-4851.835470356474,3981.4441803133454,6234968744,38.677161,-77.289695
Calycopis cecrops,583.8326582308175,-5156.625957682683,3695.68684947923,6235005348,35.456082,-83.540485
Calycopis cecrops,1099.8924373155278,-4822.635919261508,4015.242526456185,6235071832,39.067576,-77.152374
Calycopis cecrops,958.5629483764733,-4929.693917123701,3920.335200866223,6235291883,37.976614,-78.996332
Calycopis cecrops,982.489028475411,-5067.6214894865225,3734.1238434065463,6235333785,35.881577,-79.027858
Calycopis cecrops,455.8633635150548,-4909.52728815058,4034.66027447008,6235406913,39.292855,-84.695137
Calycopis cecrops,526.195619357448,-5002.614656084356,3909.823257204406,6235442302,37.856782,-83.995473
Calycopis cecrops,1116.4239972537393,-4844.647436654098,3984.0609687295573,6235610229,38.707312,-77.023031
Calycopis cecrops,1190.1724206119693,-4971.508692146093,3802.281428669887,6235697405,36.641767,-76.53685
Calycopis cecrops,-218.28907079169235,-5218.442119200894,3648.282453401931,6235748833,34.934395,-92.395304
Calycopis cecrops,886.4081358859883,-5523.469568385444,3048.822342058074,6235810824,28.590498,-80.882892
Calycopis cecrops,550.2581135745587,-5136.697565005832,3728.445690067908,6235981427,35.818577,-83.885625
Calycopis cecrops,386.89588621199914,-4987.413730065979,3945.3477651607636,6236109145,38.262538,-85.564195
Calycopis cecrops,564.1617948602366,-5146.777496372498,3712.4326258844285,6236309301,35.641178,-83.744522
Calycopis cecrops,569.2786548466901,-5164.841704257328,3686.4732621813,6236401474,35.354423,-83.71014
Calycopis cecrops,566.5846560851031,-4935.126326699692,3989.1431531949274,6236521671,38.765906,-83.450745
Calycopis cecrops,-411.4238603010748,-4922.353061178959,4023.794711209125,6251471214,39.166707,-94.777834
Calycopis cecrops,1099.1867585483408,-4853.396458915586,3978.201152794448,6251490145,38.639812,-77.239048
Calycopis cecrops,337.9291349083034,-4935.023575358012,4015.108882722633,6251862268,39.066028,-86.082747
Calycopis cecrops,554.9759343337688,-5150.7982588440855,3708.238414486929,6251980115,35.594778,-83.850355
Calycopis cecrops,550.2598783039525,-5136.747899770166,3728.3760821855335,6251991539,35.817805,-83.885665
Calycopis cecrops,-80.25461125583725,-4947.715075561143,4012.907656315381,6252090185,39.040536,-90.929287
Calycopis cecrops,-194.06657139956258,-4976.189771082628,3973.616319892408,6252138733,38.587043,-92.233348
Calycopis cecrops,1083.19699844812,-4819.757019567261,4023.2300039349657,6252240992,39.160157,-77.333742
Calycopis cecrops,550.2871924463461,-5136.63803486628,3728.523412058993,6252335074,35.819439,-83.885234
Calycopis cecrops,1018.8859633865,-4874.4195910014005,3973.871937311662,6252433669,38.589984,-78.193618
Calycopis cecrops,804.3187270166014,-5450.636594749089,3198.9662747565635,6252466739,30.139893,-81.605774
Calycopis cecrops,-625.8715710360873,-5324.250895107784,3442.439587297096,6252691719,32.706025,-96.704414
Calycopis cecrops,492.2402278415866,-5078.458804493427,3815.325524622386,6252790222,36.788106,-84.463781
Calycopis cecrops,915.4878552110617,-5636.161201295305,2825.831210396679,6252853596,26.330307,-80.77396
Calycopis cecrops,-412.5834826413818,-4922.30145508277,4023.7391049643097,6252966742,39.166062,-94.791288
Calycopis cecrops,1109.9538300256302,-4837.451140080035,3994.5991153340083,6253078936,38.828863,-77.077161
Calycopis cecrops,-208.9986860321782,-5230.897280723655,3630.948404677782,6253159248,34.744462,-92.288016
Calycopis cecrops,1084.4810040810287,-4834.366320962887,4005.316012027591,6253245318,38.952689,-77.3563
Calycopis cecrops,-671.8508393622158,-5155.979792550692,3681.608610123386,6253252536,35.3008,-97.424106
Calycopis cecrops,731.3239660079836,-5491.101349430621,3146.859443429435,6253264679,29.599498,-82.413793
Calycopis cecrops,1182.7488308566988,-4926.66139378187,3862.494769420901,6253287669,37.319644,-76.500417
Calycopis cecrops,1130.370540049776,-4818.433738589363,4011.8215163051245,6253320750,39.027961,-76.797553
Calycopis cecrops,1053.478405798465,-4798.868620753959,4055.958128351025,6253324639,39.540783,-77.618466
Calycopis cecrops,494.0660680973825,-5002.732655561932,3913.862264695385,6253483306,37.902802,-84.359802
Calycopis cecrops,843.8773138955275,-5004.070539390238,3851.8699673764418,6273184199,37.19959,-80.427807
Calycopis cecrops,1083.6420549132395,-4802.372219834764,4043.8464472158403,6273501930,39.399683,-77.284324
Calycopis cecrops,540.0572730478258,-5170.1019466996395,3683.4952330956235,6273546059,35.321592,-84.036638
Calycopis cecrops,482.9957538049582,-5463.889838664774,3240.736962855772,6352456074,30.575237,-84.948311
Calycopis cecrops,-199.32482829509945,-4956.705550839302,3997.6359044792225,6352957765,38.863929,-92.302804
Calycopis cecrops,-58.52652471650982,-5005.314114892651,3941.2128065911947,6400416751,38.215193,-90.669922
Calycopis cecrops,-538.6327809979877,-5120.879670982331,3751.8287877022985,6452684973,36.078339,-96.0045
Celastrina ladon,-1905.4868292477065,-5034.169933254316,3408.2262478244,6133123946,32.341107,-110.732187
Celastrina ladon,-2722.9227814554492,-4216.157383522671,3924.2147715531087,6147433071,38.020889,-122.855605
Celastrina ladon,-1921.366835267578,-5026.711903680282,3410.3181745124953,6147545327,32.363377,-110.918423
Celastrina ladon,-1913.2636466189656,-5032.160750968559,3406.8362926056893,6162776554,32.326313,-110.817163
Celastrina ladon,-2446.0469681094714,-4709.982215630547,3524.5815195458113,6162908375,33.58833,-117.44432
Celastrina ladon,-1942.2459225011876,-4950.993767061587,3507.8618309052968,6163373500,33.408017,-111.419787
Celastrina ladon,-2697.6928329165785,-4291.149227237329,3859.824454361679,6170913386,37.289453,-122.156114
Celastrina ladon,-2704.217804274137,-4229.193287535324,3923.1216312256192,6171081782,38.008411,-122.595537
Celastrina ladon,-2683.243293476722,-4212.899345303844,3954.925746967707,6171106770,38.372324,-122.493522
Celastrina ladon,-2686.3034516076705,-4352.956231130685,3798.0651581323204,6171146436,36.594525,-121.679633
Celastrina ladon,-2521.236767512772,-4372.555714100899,3887.656725960094,6171154188,37.604728,-119.967957
Celastrina ladon,-1904.9106081131151,-5034.592404234989,3407.9242990411203,6171210666,32.337893,-110.724859
Celastrina ladon,-2517.4854487457733,-4372.238043309424,3890.444015490843,6171297315,37.636375,-119.932853
Celastrina ladon,-2520.992348249731,-4372.531610394722,3887.842335517566,6171352328,37.606835,-119.96569
Celastrina ladon,527.9644447092279,-5135.981006100465,3732.653986076873,6176617317,35.8652639,-84.1307705
Celastrina ladon,-1931.6475969416545,-5062.178173610551,3351.543350387685,6178356140,31.73974,-110.886068
Celastrina ladon,669.6441971783289,-5085.00080347892,3779.4307253185057,6178359052,36.386077,-82.497883
Celastrina ladon,-2598.636771459014,-3919.483683300744,4298.195867574876,6178365244,42.426913,-123.544572
Celastrina ladon,-1902.021821090348,-5035.708123189306,3407.8893497029544,6178480393,32.337521,-110.691898
Celastrina ladon,-2703.879785853557,-4254.5232520390755,3895.8720629903655,6178566938,37.698044,-122.437208
Celastrina ladon,-2467.101030573976,-4486.946315013247,3790.8413842849327,6178582583,36.513652,-118.80374
Celastrina ladon,-2521.3002208305475,-4372.326284411224,3887.87360761175,6178693008,37.60719,-119.969882
Celastrina ladon,-2684.1414421731065,-4400.387876128317,3744.5593048727683,6178711273,35.997491,-121.382288
Celastrina ladon,-1902.8081562890782,-5035.510746130793,3407.7420347846896,6178713531,32.335953,-110.70047
Celastrina ladon,-2693.0779584734755,-4298.030945340076,3855.387688956956,6178823794,37.239317,-122.070605
Celastrina ladon,-2683.9228262697197,-4253.717127829816,3910.5245158051443,6178885088,37.86477,-122.250262
Celastrina ladon,345.1128707522852,-5272.419626330784,3559.8091971340964,6178986439,33.969483,-86.254975
Celastrina ladon,-2706.5441480797936,-4232.651164019025,3917.784581609977,6179006491,37.94752,-122.596645
Celastrina ladon,648.8793998871571,-5073.936249150898,3797.878301582613,6179018342,36.592432,-82.712297
Celastrina ladon,-2393.976371424717,-4700.3662263606775,3572.840270824525,6179038486,34.110908,-116.990517
Celastrina ladon,563.8449169887223,-5147.08890342864,3712.049010919061,6179052064,35.636933,-83.748383
Celastrina ladon,-2488.917331332579,-3849.7963544790473,4424.263970030449,6179094839,43.982367,-122.88292
Celastrina ladon,-2703.0130152077454,-4273.189373363563,3875.993595024079,6179249605,37.47245,-122.315467
Celastrina ladon,-2675.635976293687,-4316.457092652516,3846.9368878797786,6179357282,37.143914,-121.793472
Celastrina ladon,1303.9021457600031,-4712.043420396169,4084.879328482186,6179435937,39.87888,-74.532333
Celastrina ladon,-2658.357192903304,-4265.832347152604,3914.7879317535458,6179472223,37.913353,-121.930101
Celastrina ladon,-2691.484112185475,-4291.710411249178,3863.5331174335765,6179508222,37.331387,-122.093286
Celastrina ladon,972.0533505863984,-4895.324340491511,3959.8819445385675,6181336345,38.429199,-78.768997
Celastrina ladon,-2542.1743682836923,-3808.203837341438,4429.975862708147,6184761713,44.053799,-123.725174
Celastrina ladon,-2379.625445832254,-3911.441421812945,4430.322998490179,6184768932,44.058143,-121.31531
Celastrina ladon,-2550.7723912122465,-4298.440267548293,3950.5347238350096,6184810699,38.321972,-120.685662
Celastrina ladon,-1913.3283135188929,-5032.75179218295,3405.926789090405,6184831596,32.316634,-110.815571
Celastrina ladon,-148.42111985861118,-5055.016686127012,3874.858785018473,6184841426,37.459592,-91.681787
Celastrina ladon,-1912.705882972304,-5032.6239013159275,3406.4653238840156,6184865110,32.322365,-110.809863
Celastrina ladon,-1965.677572373302,-4905.298455597913,3558.639047817967,6184865187,33.956795,-111.837229
Celastrina ladon,-2557.677959366741,-4044.109907403629,4206.329949336693,6184880822,41.317402,-122.311111
Celastrina ladon,-2703.6991094516006,-4313.032469028698,3831.1245315614938,6184885360,36.965727,-122.082255
Celastrina ladon,-2494.023666392446,-4379.329242360129,3897.5728945282444,6185010491,37.717378,-119.66147
Celastrina ladon,-2518.7106721285154,-3737.4548784947297,4503.030169896633,6185132489,44.975162,-123.97645
Celastrina ladon,834.5689089588295,-4784.936574488421,4122.818191965264,6185182253,40.324942,-80.106231
Celastrina ladon,-2704.0258567194596,-4254.593157603906,3895.69433594835,6185221644,37.696024,-122.438183
Celastrina ladon,-70.27097899188908,-4987.956419979727,3962.9668017246854,6185250487,38.464622,-90.807137
Celastrina ladon,-2704.6484663312954,-4305.632377093926,3838.770589208178,6185302881,37.051837,-122.135609
Celastrina ladon,-57.65616199020033,-4989.265253184537,3961.522577245703,6185323596,38.448036,-90.662083
Celastrina ladon,1045.4910742233715,-4816.897424170676,4036.607579195011,6185404061,39.315487,-77.754088
Celastrina ladon,1166.8768005659492,-4859.379494717975,3951.529145570469,6185448205,38.333372,-76.497291
Celastrina ladon,-1919.043391243645,-5022.94003425544,3417.177051964895,6185508442,32.436433,-110.909647
Celastrina ladon,164.11593120550626,-4912.917901104133,4052.907201973978,6185547589,39.505213,-88.086747
Celastrina ladon,-2695.4403124281125,-3990.6755198458227,4171.194498835814,6185643526,40.898037,-124.036453
Celastrina ladon,-1906.1168231650427,-5027.1923893818275,3418.1586367905848,6185689734,32.446893,-110.764789
Celastrina ladon,-148.86779222055577,-5055.3867437996505,3874.358834792098,6185759735,37.453928,-91.686722
Celastrina ladon,-2704.9467378382856,-4305.952537587076,3838.2012739280453,6185805584,37.045422,-122.136536
Celastrina ladon,-2709.306563283366,-4349.58120771618,3785.571871370213,6185906900,36.454711,-121.918327
Celastrina ladon,-1287.5461521699478,-4711.702710579895,4090.4566496693083,6185940844,39.944272,-105.283822
Celastrina ladon,174.3515152634949,-5193.800907741044,3685.618918112813,6186003809,35.345003,-88.077351
Celastrina ladon,-2466.62151028906,-4486.7177878697175,3791.423867977599,6186013467,36.52017,-118.80027
Celastrina ladon,-2663.101334581241,-3927.2618947704054,4251.383118623093,6186046183,41.859126,-124.141446
Celastrina ladon,-2574.7519648126067,-4172.036432985229,4068.724302679518,6186073586,39.689819,-121.680608
Celastrina ladon,-2424.7285074748665,-3671.2388958720994,4607.868245094683,6187461465,46.323933,-123.443406
Celastrina ladon,989.4122882915434,-4804.01025995032,4065.993344282205,6187461510,39.65791,-78.362346
Celastrina ladon,-2519.2400526031515,-3892.253065424164,4369.616546304001,6187954459,43.303235,-122.912748
Celastrina ladon,352.48824412559713,-4990.708368075185,3944.4055511895604,6188016460,38.251747,-85.959971
Celastrina ladon,615.2101271832935,-4738.577999224225,4213.923133418157,6188029665,41.408386,-82.60266
Celastrina ladon,572.9793936980786,-4841.874846830315,4100.938394039434,6188114397,40.067336,-83.2511
Celastrina ladon,-2379.1471975203576,-3775.3380131935623,4547.112779373758,6188116846,45.53835,-122.218361
Celastrina ladon,791.6728766121139,-4666.654436591266,4264.427693789307,6188121694,42.016832,-80.371745
Celastrina ladon,-1487.2762991652385,-5028.595372632561,3618.147442816168,6188131660,34.604479,-106.476308
Celastrina ladon,-2441.804042151065,-3733.7426452573827,4548.242738508859,6188135996,45.55286,-123.184002
Celastrina ladon,643.860317571114,-4874.350241873395,4051.654815095115,6188152104,39.490617,-82.475276
Celastrina ladon,-2255.0060226746236,-3598.0010146996074,4749.641003865367,6188213656,48.202791,-122.076959
Celastrina ladon,-2471.295362741763,-4696.373723804865,3525.1278283381034,6188272616,33.594228,-117.753952
Celastrina ladon,448.8518696228226,-4892.290111233988,4056.3262438240436,6188283006,39.545076,-84.757972
Celastrina ladon,-2518.7830936047503,-3892.427339185299,4369.724735748371,6188312080,43.304572,-122.906837
Celastrina ladon,-2604.9714602043146,-4561.071516860692,3605.6210892550175,6188334029,34.467727,-119.732047
Celastrina ladon,1073.41114111596,-4828.194377979103,4015.7291617160326,6188380808,39.073213,-77.465775
Celastrina ladon,-2327.6389204720804,-3638.5677504356822,4683.233382084479,6188430265,47.314404,-122.607574
Celastrina ladon,-2307.898316618315,-3582.33204264502,4736.059081775326,6188509966,48.019853,-122.791443
Celastrina ladon,-2303.9925195008336,-3643.373900445389,4691.183030037838,6188516746,47.41996,-122.308394
Celastrina ladon,638.6765506391362,-4737.203724518094,4211.976527208221,6188573308,41.385049,-82.321601
Celastrina ladon,-1976.526405902878,-3813.031706573183,4705.729029716192,6195282335,47.613653,-117.400456
Celastrina ladon,-1766.4353834209903,-4020.879652705477,4615.407455938734,6195288194,46.422202,-113.716636
Celastrina ladon,-2653.70724063378,-4462.135713585763,3692.822211294195,6195292249,35.424461,-120.740662
Celastrina ladon,-2398.034987007444,-3505.8296301312125,4748.509232934025,6195312529,48.187522,-124.372657
Celastrina ladon,-1902.2382676729926,-3674.1803740057153,4844.753996019726,6195317001,49.502782,-117.372018
Celastrina ladon,129.88535157079235,-4748.980129353862,4245.005377632277,6195354994,41.782162,-88.433342
Celastrina ladon,-2057.9221503595177,-4054.7506265679494,4462.477664827457,6195575032,44.461916,-116.909324
Celastrina ladon,-1884.2741986796823,-4946.76659544026,3545.245284053538,6195823905,33.8117,-110.852351
Celastrina ladon,-2638.257958468777,-4537.0907389175445,3611.669378705953,6195868941,34.533729,-120.177432
Celastrina ladon,326.65935169057326,-4880.800687020025,4081.7681770545696,6236095282,39.84243,-86.171052
Celastrina ladon,-2682.1764224980334,-4208.471988828062,3960.3593634318922,6273563709,38.43468,-122.510497
Cercyonis pegala,-780.4362124659498,-5459.521271399407,3189.717845685827,6335011367,30.043764,-98.135292
Cercyonis pegala,1261.6995450749894,-5006.769484703206,3732.308496718859,6353095455,35.86143,-75.856025
Cercyonis pegala,1277.7686548468832,-5001.033443496416,3734.5314152378746,6367234303,35.886101,-75.667503
Cercyonis pegala,-767.085429082596,-5376.883714763375,3330.2334140535895,6398638650,31.514667,-98.119233
Cercyonis pegala,-2690.0076674517904,-4192.6338919433265,3971.8299216930427,6398683244,38.566493,-122.684364
Cercyonis pegala,-188.68195905137856,-4957.312560776396,3997.399707656784,6398909581,38.861201,-92.179702
Cercyonis pegala,300.33723454163993,-5323.54848421621,3487.03057219529,6399011754,33.183885,-86.770982
Cercyonis pegala,645.7206081687931,-4912.48316422535,4005.035229191629,6399062690,38.949442,-82.511695
Cercyonis pegala,-2042.3018450328007,-4127.1375298610665,4402.895878063135,6400074579,43.715899,-116.328371
Cercyonis pegala,-1314.652529630321,-5021.457196232154,3694.1046929428453,6403682307,35.438616,-104.67115
Cercyonis pegala,172.3859831314086,-4756.807710564815,4234.715646558618,6406394306,41.658184,-87.924518
Cercyonis pegala,456.8750076894098,-4909.765132395615,4034.256400098846,6413189722,39.288162,-84.683688
Cercyonis pegala,556.4953153237626,-4941.985740724999,3982.065171763381,6413344968,38.684315,-83.575238
Cercyonis pegala,-240.55067088000362,-5179.26748357358,3702.3069616138014,6413424852,35.529205,-92.659187
Cercyonis pegala,520.6983941302381,-5146.305546918514,3719.43080723158,6413477990,35.718658,-84.222528
Cercyonis pegala,-194.31467876200412,-5145.0602021772465,3752.379305356387,6413614529,36.084465,-92.162875
Cercyonis pegala,642.5743556384541,-4874.5031008559,4051.6750667963847,6413625884,39.490853,-82.490366
Cercyonis pegala,-2739.011224851607,-4149.556712332909,3983.5599318884647,6413852391,38.701538,-123.427733
Cercyonis pegala,-1895.2223643914806,-4331.2895314611405,4270.575641976494,6414009879,42.091295,-113.632522
Cercyonis pegala,192.22271956479474,-4759.892034666187,4230.393761115144,6417237301,41.606182,-87.687433
Cercyonis pegala,831.6848394496885,-4504.276614474246,4428.2666629063115,6420441307,44.032415,-79.53854
Cercyonis pegala,969.9540629652176,-4902.200304598344,3951.8823893191206,6422057465,38.337422,-78.80796
Cercyonis pegala,704.6730182182401,-4736.657424779079,4202.054914843196,6422104823,41.266233,-81.538164
Cercyonis pegala,-78.77922037471686,-5062.763709901519,3866.777803523082,6422241301,37.368094,-90.89148
Cercyonis pegala,-1784.5463724968904,-4314.124921883083,4335.144003660421,6422268580,42.878708,-112.472531
Cercyonis pegala,821.9222270525615,-4554.966072661285,4377.953980943498,6422271973,43.406355,-79.771315
Cercyonis pegala,568.8354106914279,-4680.528429266168,4284.720880997049,6422325997,42.262953,-83.070694
Cercyonis pegala,-2098.249922655883,-3564.055608462459,4846.092034984406,6422347307,49.521315,-120.486401
Cercyonis pegala,-2705.7439057560177,-4310.9144988112175,3832.0646171588546,6422367869,36.976309,-122.114422
Cercyonis pegala,-2698.00391410435,-4291.248939508754,3859.4961521317823,6422513569,37.285742,-122.158491
Cercyonis pegala,1280.2819504417373,-4684.769274505639,4123.538298803401,6422599374,40.333437,-74.715088
Cercyonis pegala,704.8678618097616,-4611.085773283769,4339.447248035767,6422756564,42.931542,-81.308832
Cercyonis pegala,-2493.3608351207927,-3791.815100421612,4471.581724600123,6422913651,44.576745,-123.327477
Cercyonis pegala,-2703.4535757381714,-4313.1952937009855,3831.114492142149,6422961926,36.965614,-122.07894
Cercyonis pegala,1346.3517342955133,-4461.329175443737,4344.379371736705,6426326301,42.992153,-73.207097
Cercyonis pegala,497.1786162306806,-4623.2828541195595,4355.206333119532,6429013311,43.125416,-83.862114
Cercyonis pegala,1300.863559182181,-4496.359598713533,4322.0663448316,6430006323,42.718421,-73.864059
Cercyonis pegala,769.5647816615821,-4740.787962220823,4185.982880252346,6430779625,41.07422,-80.77969
Cercyonis pegala,-2102.7133026302927,-3564.6430846070207,4843.724762616306,6430786603,49.488531,-120.535524
Cercyonis pegala,-2261.4981671151977,-3909.8578346242225,4493.149327903494,6430928852,44.849686,-120.045488
Cercyonis pegala,813.6689481210436,-4564.744824349664,4369.302079407418,6430969445,43.299349,-79.893138
Cercyonis pegala,-2020.689093594207,-3648.137517880972,4816.395059308998,6430980488,49.111621,-118.981897
Cercyonis pegala,821.7850822028093,-4538.024977711378,4395.537704310363,6431057675,43.624414,-79.735617
Cercyonis pegala,569.4109188165093,-4680.619284988189,4284.545185221721,6431322398,42.260818,-83.063885
Cercyonis pegala,864.3914912294103,-4450.617422388057,4476.001009729949,6431351330,44.632567,-79.008943
Cercyonis pegala,-2492.8815876372905,-3845.2688857219573,4425.96901437358,6431373605,44.003681,-122.955276
Cercyonis pegala,1585.1875576329555,-4485.777310076453,4237.302852193405,6431437014,41.689334,-70.53757
Cercyonis pegala,158.49753626224333,-4647.9485092206005,4354.446729070207,6431452913,43.116057,-88.04694
Cercyonis pegala,1462.32362216605,-4517.930063680036,4247.313350040082,6431526574,41.810003,-72.064729
Cercyonis pegala,1179.5848442052175,-4340.526365560278,4512.002171417349,6431634760,45.089335,-74.796436
Cercyonis pegala,810.6324343300414,-4538.1198677879365,4397.5102332658635,6431680372,43.648925,-79.872222
Cercyonis pegala,779.9411725953684,-4547.960249092029,4392.892267020301,6431690555,43.591557,-80.268862
Cercyonis pegala,-371.5491144844281,-4937.3211838511315,4009.309655376863,6431725681,38.998888,-94.303578
Cercyonis pegala,1156.0804897800701,-4654.589618356257,4193.808116201487,6431726945,41.167638,-76.051456
Cercyonis pegala,771.4645241322039,-4555.37989293928,4386.696895009664,6431808411,43.514679,-80.388021
Cercyonis pegala,-771.6211138433227,-4242.20579840218,4690.207239595235,6431853636,47.406992,-100.308912
Cercyonis pegala,736.9649224356148,-4736.934642852012,4196.198996964441,6431916539,41.196207,-81.156905
Cercyonis pegala,1388.6551659586487,-4434.133978006058,4358.881258399449,6432092321,43.1707146,-72.6108041
Cercyonis pegala,1399.7019104176136,-4387.2156435185225,4402.604523338097,6432104312,43.7122739,-72.3051821
Cercyonis pegala,1374.8615102092547,-4462.404220047519,4334.334727997441,6434456309,42.868777,-72.875996
Cercyonis pegala,1353.1409755361713,-4421.32707577966,4382.993214571536,6439748301,43.468767,-72.983343
Cercyonis pegala,-360.6457647566838,-4101.446288909086,4861.874751701692,6440883304,49.7404523,-95.0251712
Cercyonis pegala,1665.9864173572846,-4102.441566022542,4580.853150258037,6440932536,45.973246,-67.89811
Cercyonis pegala,-2102.7014418981,-3564.62397277749,4843.743976369633,6440945485,49.488797,-120.535517
Cercyonis pegala,-285.578512006561,-4507.021441294273,4493.879812686499,6440950362,44.858953,-93.625587
Cercyonis pegala,848.3455715368417,-4520.834468662724,4408.187680655428,6440959923,43.781779,-79.371908
Cercyonis pegala,1584.7306222144307,-4490.220375559043,4232.765403800182,6440964391,41.634713,-70.560567
Cercyonis pegala,556.8193062411677,-5149.6921434167425,3709.4981086268826,6440984555,35.608711,-83.828771
Cercyonis pegala,-2213.9637095372736,-3711.7638341604866,4680.910922240203,6441003880,47.283606,-120.814899
Cercyonis pegala,1472.5993246760836,-4351.96961373832,4413.792568725824,6441033302,43.851636,-71.305447
Cercyonis pegala,792.7923522609464,-4523.256296301599,4416.037351952759,6441057354,43.879637,-80.05873
Cercyonis pegala,1488.7466534510884,-4455.9758654607695,4303.215729886983,6441079388,42.488103,-71.525467
Cercyonis pegala,-2500.2712975511445,-3801.629473514765,4459.373264756294,6441154679,44.422812,-123.332284
Cercyonis pegala,447.14025156750967,-4660.090889313284,4321.269677819809,6441165629,42.70867,-84.519193
Cercyonis pegala,859.8303495390194,-4499.627423150412,4427.61763847352,6441173637,44.024297,-79.181811
Cercyonis pegala,-290.00616672996574,-4505.598224247394,4495.023269638853,6441197050,44.873462,-93.682805
Cercyonis pegala,1192.3818855854283,-4341.086102966685,4508.098270361317,6441209108,45.039628,-74.641135
Cercyonis pegala,1275.8769320470549,-4994.516997789639,3743.88717013988,6441239452,35.99002,-75.669945
Cercyonis pegala,556.8159440825984,-5149.640866040091,3709.5697978205903,6441279722,35.609504,-83.828747
Cercyonis pegala,-2388.874004988411,-3870.9106488389752,4460.8390316927025,6441296926,44.441272,-121.680183
Cercyonis pegala,696.4901479477869,-4744.12202732887,4194.992347228075,6441303881,41.181787,-81.648003
Cercyonis pegala,704.7413365689465,-4740.69285834087,4197.490202619217,6441307516,41.211641,-81.544455
Cercyonis pegala,1517.6007311196645,-4434.0881415687845,4315.727459349302,6441326449,42.640877,-71.106095
Cercyonis pegala,864.1184053059688,-4451.156418377376,4475.517741047039,6441373527,44.62646,-79.013629
Cercyonis pegala,681.6497580600839,-4560.57909056506,4396.160267291769,6441427351,43.632149,-81.499181
Cercyonis pegala,848.3381851206701,-4520.813388240126,4408.210721148938,6441434528,43.782066,-79.37195
Cercyonis pegala,140.04816643663682,-4718.469753402136,4278.572522113462,6441439006,42.188283,-88.299912
Cercyonis pegala,1186.674499219542,-4800.520025051176,4017.0342607030548,6441479653,39.088333,-76.115005
Cercyonis pegala,1011.7811596880117,-4476.97565031771,4418.454598730209,6441481928,43.909804,-77.26528
Cercyonis pegala,-2498.138973348425,-3840.21316580758,4427.394001065777,6441497464,44.0215,-123.044844
Cercyonis pegala,-517.9109872452503,-4078.1315542615007,4867.274839692614,6441500911,49.815658,-97.237655
Cercyonis pegala,635.0637773511828,-4781.329340872593,4162.371543061087,6441593478,40.793147,-82.434167
Cercyonis pegala,698.1672302894137,-4729.633986827973,4211.042388633624,6441655916,41.373853,-81.602897
Cercyonis pegala,658.2556034834631,-4641.507094084193,4314.262924964839,6441658891,42.622975,-81.928177
Cercyonis pegala,-1994.3215286224904,-4497.532739457622,4047.7937234569054,6441678666,39.445637,-113.913728
Cercyonis pegala,-1429.94003656347,-4984.228611418127,3701.687422059192,6441717686,35.522359,-106.007812
Cercyonis pegala,455.733881170117,-4909.308326868229,4034.941326831572,6442064882,39.296121,-84.6964
Cercyonis pegala,-370.7679647915356,-5117.441375972862,3776.7814352226887,6451669019,36.356487,-94.143943
Cercyonis pegala,-2324.395657959307,-3797.8222443359505,4556.6966275323175,6479264271,45.661537,-121.468042
Cercyonis pegala,500.89925883368943,-5014.8014101766175,3897.5145770949857,6479735689,37.716715,-84.295978
Colias eurytheme,-821.0028794076948,-5494.333605348003,3118.9750936526125,5938618132,29.311501,-98.498666
Colias eurytheme,-2680.8530557680333,-4208.684282212621,3961.0297443610643,6130006708,38.442377,-122.496373
Colias eurytheme,-794.283430344249,-5465.786926014858,3175.5377877397477,6130224967,29.896556,-98.268295
Colias eurytheme,-741.538877898638,-5518.541929291742,3096.056878820419,6130474651,29.075403,-97.653121
Colias eurytheme,-723.2285720262072,-5439.799759317134,3236.552508583111,6130612192,30.531538,-97.573137
Colias eurytheme,-734.9591686952529,-5448.362615903053,3219.4615940647986,6130694290,30.353258,-97.682563
Colias eurytheme,-734.9648612219158,-5448.356007982941,3219.471477233907,6130776176,30.353361,-97.682631
Colias eurytheme,-908.8875761833715,-5296.99134076963,3421.338808032391,6131001838,32.48079,-99.73632
Colias eurytheme,-741.5626193345076,-5518.530342629982,3096.0718448956245,6131013159,29.075557,-97.653379
Colias eurytheme,-2521.276320647302,-4372.4883404373595,3887.706850748907,6131238849,37.605297,-119.968728
Colias eurytheme,-670.6754722677014,-5318.483182589415,3442.9179742029132,6131680783,32.711138,-97.18722
Colias eurytheme,-2699.9215095647332,-4287.724391283977,3862.071531737285,6133052988,37.314858,-122.198061
Colias eurytheme,156.9946766790781,-4719.266329082529,4277.105460046524,6133508791,42.170479,-88.094658
Colias eurytheme,-819.822228679699,-5489.1545083050805,3128.390548987465,6133588615,29.408655,-98.494513
Colias eurytheme,-2368.4654832921415,-4770.410499493502,3496.1847849410524,6147242877,33.282308,-116.403981
Colias eurytheme,-2691.122644520971,-4222.6381781899045,3939.1545866996557,6147244983,38.191638,-122.509703
Colias eurytheme,-666.5296655703776,-5300.484909439624,3471.3615569967496,6147572352,33.015673,-97.167256
Colias eurytheme,-2686.9818560460153,-4188.951318766528,3977.7592290083517,6147680479,38.634724,-122.677939
Colias eurytheme,-1912.310114334792,-4935.897844958574,3545.382295384179,6147680487,33.813183,-111.177814
Colias eurytheme,-2492.29459281004,-4649.716685659281,3571.884031632178,6159162556,34.100522,-118.191753
Colias eurytheme,-806.0444613101004,-5413.342520459362,3261.2525526636887,6159402842,30.789771,-98.469094
Colias eurytheme,-729.9471827177323,-5443.184077820415,3229.3462705448915,6159569736,30.456328,-97.637966
Colias eurytheme,-2662.59688955202,-4265.590180549853,3912.1696467589463,6159661727,37.883513,-121.97256
Colias eurytheme,-753.5321468852118,-5453.5563739825275,3206.3476587984883,6159698386,30.216683,-97.866896
Colias eurytheme,-2657.5334846130795,-4266.034491733522,3915.1268974552545,6162933849,37.917217,-121.920913
Colias eurytheme,-2584.7523274219698,-4253.709111375358,3976.778511731123,6162956828,38.623434,-121.28482
Colias eurytheme,-771.0881889101781,-5427.143110823158,3246.735866873897,6163033195,30.637919,-98.086458
Colias eurytheme,-2505.8497587503302,-4633.475522326567,3583.4863890140423,6163036005,34.226625,-118.405156
Colias eurytheme,-529.9958867432194,-5129.101063754938,3741.8150365164583,6163093153,35.966992,-95.899501
Colias eurytheme,-1971.1523617219386,-5057.309143608303,3335.8560704160045,6163174429,31.574,-111.294
Colias eurytheme,-2429.744765751692,-4720.749167059064,3521.4515195712743,6163336308,33.554546,-117.234642
Colias eurytheme,-909.1312068136774,-5303.0178051298835,3411.9255174974705,6170887539,32.380492,-99.728024
Colias eurytheme,-2670.401471763125,-4317.85460912405,3849.0051550691605,6170897192,37.167252,-121.734952
Colias eurytheme,-667.168649078563,-5300.595032906187,3471.0706446994673,6170953849,33.012553,-97.173908
Colias eurytheme,-2370.416087597162,-4769.876514431943,3495.591328861052,6171002563,33.275924,-116.425329
Colias eurytheme,-741.5278186037365,-5518.533328738307,3096.0748575444222,6171045188,29.075588,-97.65302
Colias eurytheme,-2666.975714742916,-4292.5336072003,3879.581020897093,6171112974,37.513112,-121.852921
Colias eurytheme,-2664.5712033468403,-4263.828067334146,3912.7463046031703,6171197301,37.890084,-122.002278
Colias eurytheme,-677.6932609436528,-5308.0661556977975,3457.588561481049,6171307112,32.86808,-97.275725
Colias eurytheme,-2496.593895306752,-4640.303243655768,3581.111260281124,6171431467,34.200795,-118.281312
Colias eurytheme,-733.555596262478,-5456.583187988454,3205.8305054121624,6178314952,30.211301,-97.656651
Colias eurytheme,-2666.382576564639,-4259.336946499571,3916.4021577531666,6178369200,37.931756,-122.04693
Colias eurytheme,-2684.2943888839054,-4212.750478822844,3954.371020359838,6178465862,38.365961,-122.504608
Colias eurytheme,-2499.2072453123183,-4642.373552782082,3576.6023082089123,6178493125,34.151781,-118.295662
Colias eurytheme,-1952.787041255397,-4853.94178675004,3635.330113211765,6178518881,34.792432,-111.915393
Colias eurytheme,-142.2148711636088,-5472.753748416932,3258.603146945909,6178528771,30.762039,-91.488552
Colias eurytheme,-755.114025608145,-5446.437175520644,3218.055007471749,6178539621,30.3386,-97.893378
Colias eurytheme,-525.5668595800339,-5128.088613127414,3743.826889921805,6178655160,35.98935,-95.851691
Colias eurytheme,-628.3104234530191,-5308.034597424831,3466.9508006314036,6178699010,32.96838,-96.750672
Colias eurytheme,-2686.1081771861286,-4245.333141961756,3918.1274231311536,6178744924,37.95143,-122.322365
Colias eurytheme,-2675.7014759731223,-4218.360463780383,3954.214174620191,6178963508,38.364162,-122.386912
Colias eurytheme,-829.264467655106,-5490.208240845985,3124.049782655354,6179015583,29.363853,-98.589272
Colias eurytheme,-2489.0971166336444,-3849.6217256987134,4424.31477662609,6179096308,43.983002,-122.885992
Colias eurytheme,-2586.345250195379,-4081.019262035596,4152.812680505067,6179106468,40.679695,-122.364472
Colias eurytheme,-2406.246853854607,-4695.565177436204,3570.9098101801383,6179139393,34.089942,-117.132914
Colias eurytheme,-530.680079386675,-5112.661554128989,3764.1497865986858,6179287335,36.215558,-95.925922
Colias eurytheme,-2681.6744078445654,-4208.491169206643,3960.6789290093484,6179309350,38.438349,-122.505518
Colias eurytheme,-762.3734577194165,-5443.876688071599,3220.674843214226,6179354994,30.365903,-97.971992
Colias eurytheme,-782.126787792157,-5477.286529297656,3158.6964231261295,6179363847,29.722002,-98.126589
Colias eurytheme,-2606.571854395972,-4247.19162189439,3969.496142391158,6179423105,38.539655,-121.53813
Colias eurytheme,-2678.7043017118153,-4202.094195694604,3969.4710937576765,6179489860,38.539367,-122.516243
Colias eurytheme,567.0271448563751,-5126.058632591808,3740.5556060436334,6183934350,35.952999,-83.687798
Colias eurytheme,-2039.4446252566993,-4876.686483459314,3556.4515591013223,6184530371,33.933081,-112.694825
Colias eurytheme,-2557.5674047244147,-4043.996191461765,4206.506496299678,6184762678,41.319516,-122.31072
Colias eurytheme,-722.0257406435787,-5595.942937103209,2958.69136683944,6184931075,27.671346,-97.352063
Colias eurytheme,566.4399366985294,-5126.335502269931,3740.2651304362494,6184952491,35.949772,-83.69462
Colias eurytheme,-745.396834896653,-5440.931405106593,3229.613310154684,6185331718,30.459114,-97.800847
Colias eurytheme,-674.3100574988224,-5320.7545808329705,3438.6959398263657,6185406908,32.666023,-97.222707
Colias eurytheme,-664.988418452543,-5276.917831421322,3507.3753339825366,6185448679,33.402776,-97.182458
Colias eurytheme,-2430.3266105534776,-4719.869936120498,3522.228482341678,6185553486,33.562931,-117.244568
Colias eurytheme,-2681.5757707765656,-4208.606232071704,3960.623448224877,6185635151,38.437712,-122.503853
Colias eurytheme,-732.0153911501451,-5446.865651829164,3222.6636758620025,6185695037,30.386635,-97.654235
Colias eurytheme,-2704.1359123603825,-4346.465223208621,3792.8409089491674,6185706881,36.536029,-121.887643
Colias eurytheme,-2424.818321518133,-4749.284232178741,3486.3029873041446,6185880623,33.176067,-117.047266
Colias eurytheme,-788.570084906796,-5407.760060083299,3274.758232821988,6185989238,30.931263,-98.296506
Colias eurytheme,-665.8613443392894,-5316.412860291205,3447.047446543548,6188066819,32.755286,-97.138914
Colias eurytheme,-46.48256538562681,-5513.945846396984,3191.2370178026654,6188096394,30.059548,-90.482992
Colias eurytheme,-1954.0409892208104,-4854.702301834239,3633.6403925935947,6188253801,34.77393,-111.925022
Colias eurytheme,-2663.8721348026006,-4264.100989568105,3912.9248817047296,6188345906,37.892119,-121.993874
Colias eurytheme,550.4765999169497,-5136.598040334144,3728.5505514417714,6188440783,35.81974,-83.883098
Colias eurytheme,-2449.5281343435395,-4702.034655584121,3532.76593428192,6188464504,33.676732,-117.517291
Colias eurytheme,-2392.1334874333024,-4706.01131829491,3566.6381902371068,6188483120,34.043568,-116.944888
Colias eurytheme,-679.8973077011925,-5311.7104579007055,3451.553967720391,6188485363,32.80349,-97.294179
Colias eurytheme,-757.5638660516465,-5450.611337155391,3210.402804914585,6195239243,30.258895,-97.912675
Colias eurytheme,-651.0515192531788,-5333.794767444933,3422.94002689685,6195256643,32.497862,-96.959189
Colias eurytheme,-652.6372756389203,-5326.0341179853485,3434.7020671639157,6195281981,32.623367,-96.986037
Colias eurytheme,-693.8964832929602,-5284.761034193822,3489.9228661415627,6195523712,33.21497,-97.480225
Colias eurytheme,-629.2628603527767,-5306.805376639751,3468.659406272906,6195687786,32.986697,-96.762362
Colias eurytheme,-2689.218665335397,-4287.572991335338,3869.6994642557024,6195702474,37.401162,-122.096444
Colias eurytheme,-2188.9599601995337,-4653.908078560604,3760.23230913052,6195742915,36.171903,-115.18989
Colias eurytheme,-1413.9454956242396,-4974.885044936568,3720.3534851876425,6195834543,35.728879,-105.866036
Colias eurytheme,-2661.2206570362505,-4309.361211270067,3864.849763579688,6195862713,37.34628,-121.69716
Colias eurytheme,-754.3940289127542,-5455.155828701211,3203.4228043462235,6234648915,30.186248,-97.873501
Colias eurytheme,-379.2238558229596,-5186.100209081787,3681.0741663560716,6234748094,35.294911,-94.182203
Colias eurytheme,-1954.4806001620823,-5065.430466426698,3333.3426021133355,6234922765,31.547472,-111.098953
Colias eurytheme,-736.759077255229,-5451.201850979939,3214.2398124023584,6235750484,30.298853,-97.697189
Colias eurytheme,-797.6804850465325,-5428.306696296145,3238.3553517796336,6398921669,30.550363,-98.359688
Colias eurytheme,-2701.4240428325584,-4234.270945434027,3919.567684214275,6400184483,37.967858,-122.537483
Colias eurytheme,-2515.2358314271755,-4601.408289106733,3618.0635150480875,6431080489,34.603562,-118.662033
Colias eurytheme,-2649.069646089924,-4223.36480018723,3966.7836977054744,6431735546,38.508475,-122.097643
Colias philodice,152.77468179525764,-4872.388020436385,4101.980985400566,6188035174,40.079589,-88.204068
Colias philodice,374.453297584463,-4991.774143002208,3941.0314338837907,6188179728,38.213117,-85.710045
Colias philodice,885.907653155831,-4980.631696790791,3872.7546605330235,6188687410,37.435757,-79.91425
Colias philodice,-576.4599457825917,-4775.355712084025,4177.729632665599,6196003737,40.975836,-96.883189
Colias philodice,1248.5377164986658,-4720.314664829931,4092.6197190979315,6234600992,39.96965,-75.18438
Colias philodice,-77.20790719398356,-4808.203791830413,4179.110953895793,6234961439,40.992292,-90.91995
Colias philodice,480.80096750233315,-4996.43224464436,3923.5504818983,6235147648,38.013306,-84.503417
Colias philodice,1248.2021803406044,-4720.269151177738,4092.7745585495163,6235556967,39.971467,-75.18805
Colias philodice,902.6121774093994,-4889.282217098482,3983.7123124586014,6236230928,38.703294,-79.540369
Colias philodice,-562.4421214421544,-4552.488499140481,4421.341476848258,6236403006,43.945852,-97.04298
Colias philodice,1089.7610430088148,-4799.857078098011,4045.1880090609143,6239714306,39.415298,-77.208397
Colias philodice,644.5450856243056,-5120.568662759343,3735.5175454335617,6239724301,35.897048,-82.825698
Colias philodice,1309.9028195847989,-4668.6970792225975,4132.453909649763,6239738305,40.438702,-74.3274
Colias philodice,-2064.368310126478,-3623.8573914483763,4816.201222568256,6252069889,49.108958,-119.668455
Colias philodice,1369.8136544391991,-4615.22008546637,4172.9015378387685,6252153152,40.91835,-73.468925
Colias philodice,448.6806414956002,-4981.279168290124,3946.555036887663,6253285334,38.276367,-84.853065
Colias philodice,565.540003382415,-4683.397966900126,4282.020681627708,6253494303,42.230149,-83.114631
Colias philodice,637.6381362162776,-4646.844015365619,4311.613553390515,6260544307,42.590603,-82.186691
Colias philodice,-1712.2482373818602,-4297.798805294723,4380.2836132455395,6260556307,43.4352,-111.722397
Colias philodice,565.1838676584431,-4906.0894239429335,4024.9977502715915,6273187662,39.180663,-83.428467
Colias philodice,1408.6650353194634,-4543.085794243178,4238.606777479091,6273682139,41.705039,-72.773015
Colias philodice,1249.7850067531454,-4642.586386032038,4180.213178152814,6274310425,41.005426,-74.933147
Colias philodice,495.38024842652305,-5003.905962028149,3912.195887519625,6289898302,37.883812,-84.346214
Colias philodice,-1706.2084119185304,-4294.585983102165,4385.788095487319,6318795302,43.50341,-111.667572
Colias philodice,-2072.210417080776,-3470.928905078791,4924.261330687873,6320105643,50.616565,-120.838003
Colias philodice,767.4733668683556,-4623.282769868695,4315.78430770821,6320111162,42.641572,-80.574745
Colias philodice,-1565.789336594174,-4531.395011362744,4195.773603768707,6320311564,41.191123,-109.062204
Colias philodice,-1320.6008748382353,-4316.4623307480615,4495.989257803775,6320801604,44.885722,-107.011239
Colias philodice,-1152.8946818205018,-4388.16036481155,4472.654200248931,6321013432,44.590287,-104.72055
Colias philodice,-2047.9887162932723,-3473.646879366139,4932.47125740057,6321040019,50.733073,-120.522702
Colias philodice,1356.664286935489,-4475.303176770618,4326.762833599512,6321319303,42.775936,-73.1356
Colias philodice,1358.0189716292093,-4475.425335792441,4326.211468030627,6328268305,42.769181,-73.120152
Colias philodice,1363.5359923330232,-4465.429928919783,4334.796220954025,6328276303,42.87444,-73.01975
Colias philodice,1418.92381042972,-4292.052974447913,4489.397466743824,6328288301,44.802113,-71.706462
Colias philodice,1298.617991597611,-4337.230098555532,4482.385471348978,6330853310,44.713307,-73.331678
Colias philodice,1393.0560012707979,-4409.285525847101,4382.6189953675075,6333552303,43.46413,-72.466751
Colias philodice,625.1807569110756,-5147.457226525149,3701.700454110185,6333860533,35.522503,-83.075099
Colias philodice,853.9181256889648,-4531.31788889619,4396.332011355224,6334135815,43.634283,-79.327878
Colias philodice,1132.1473050994762,-4783.924758626799,4052.4140352425666,6334609545,39.499465,-76.685534
Colias philodice,1583.6536508468614,-4487.281400671762,4236.283734008159,6334650823,41.677062,-70.561018
Colias philodice,-235.1673766236031,-4501.298925204254,4502.527892262792,6334652650,44.968777,-92.990661
Colias philodice,1252.66653608279,-4300.237698407736,4530.842682796294,6334898483,45.329836,-73.759069
Colias philodice,1368.43586480164,-4462.824377721656,4335.935307083738,6345495319,42.88842,-72.952889
Colias philodice,1350.9098870105638,-4343.359313998561,4460.944460129098,6345506308,44.4426,-72.722801
Colias philodice,568.775882585772,-4680.612953965786,4284.636449015704,6345513307,42.261927,-83.071536
Colias philodice,68.32959103011227,-4492.425767939414,4516.989585578104,6349515317,45.152901,-89.128601
Colias philodice,467.0422270727209,-5022.8737501528285,3891.3190537186815,6352475550,37.646313,-84.687737
Colias philodice,1428.1207382988362,-4343.142944311193,4437.041091966371,6352635873,44.142275,-71.798
Colias philodice,1014.8107245779514,-4890.03971908931,3955.6824782441718,6352700908,38.381005,-78.276047
Colias philodice,855.0411217864574,-4513.075885989166,4414.83905222316,6353398708,43.864688,-79.271974
Colias philodice,1362.6424963902482,-4438.735755669384,4362.405695032379,6353592309,43.2141898,-72.9340963
Colias philodice,1380.4070930880068,-4427.041372591834,4368.699357061545,6356630307,43.2919016,-72.6818657
Colias philodice,1399.5906501163547,-4457.35891861663,4331.610625669521,6359066309,42.83536,-72.567946
Colias philodice,1384.884874265031,-4335.33738531153,4458.328921269666,6360090301,44.409663,-72.284382
Colias philodice,1386.3657625383516,-4381.468143275899,4412.536686714042,6360096302,43.8359761,-72.4418056
Colias philodice,1353.5380921134727,-4444.972537021823,4358.888265142504,6362974315,43.170801,-73.063989
Colias philodice,840.6299744266045,-4533.965415681254,4396.163325580532,6392527305,43.632187,-79.496223
Colias philodice,835.3997390580807,-4515.419676474445,4416.202616611533,6395555303,43.881699,-79.518204
Colias philodice,831.8803022952662,-4518.788007991599,4413.420808302997,6395899310,43.847,-79.569
Colias philodice,1356.6133810467213,-4475.310243878577,4326.771485192844,6398694834,42.776042,-73.136222
Colias philodice,1093.9711807771723,-4852.350615155216,3980.9136756414655,6398734250,38.67105,-77.29498
Colias philodice,1398.6975246315749,-4454.257217500707,4335.088350265747,6399571362,42.878025,-72.567
Colias philodice,480.9844590953639,-4996.2812555863875,3923.720262055169,6399593131,38.015244,-84.501167
Colias philodice,1318.2642255968478,-4599.237737069393,4207.011385663911,6399719769,41.325562,-74.006285
Colias philodice,-1145.010569781548,-4204.417723724863,4647.7495123117615,6399856453,46.84579,-105.234203
Colias philodice,-1019.1315091298833,-3925.532545821935,4913.3815573868105,6400205706,50.462612,-104.553612
Colias philodice,-1863.8781588450556,-4473.673082808703,4135.451666603138,6400363280,40.474133,-112.618203
Colias philodice,-1793.2021339810838,-4480.541514083674,4159.197876626682,6400481585,40.755458,-111.812273
Colias philodice,480.7474582374297,-4996.393845864011,3923.6059369013997,6400640307,38.013939,-84.503983
Colias philodice,1073.364637400274,-4354.201179300041,4525.325797667849,6400845615,45.259307,-76.15198
Colias philodice,1345.5140066134866,-4467.069082766144,4338.737027924048,6401516305,42.922819,-73.237313
Colias philodice,1376.8548021992601,-4446.170136550511,4350.355744095496,6402556322,43.065677,-72.793706
Colias philodice,454.90227709149775,-4695.355832123002,4282.108202477247,6405874305,42.231212,-84.466258
Colias philodice,-203.0497792174881,-4436.710486774088,4567.726346158009,6413181744,45.803645,-92.620361
Colias philodice,658.3069184999831,-4641.5455231189435,4314.213750794805,6413486356,42.622374,-81.927622
Colias philodice,813.7272533128465,-4564.656427143996,4369.383570828541,6414041657,43.300356,-79.892237
Colias philodice,1232.0034821669522,-4711.801887779055,4107.413239488776,6414107323,40.143467,-75.346822
Colias philodice,650.7991592699741,-4636.746905882391,4320.508270419235,6416624310,42.699352,-82.010338
Colias philodice,1341.585133252167,-4454.089515570213,4353.2733715219065,6419951307,43.101603,-73.237541
Colias philodice,1277.269591069317,-4585.412360461224,4234.658074264849,6419968309,41.657491,-74.434787
Colias philodice,1345.6932820326151,-4466.961854021731,4338.791826659175,6420418310,42.923492,-73.234825
Colias philodice,209.74505156142018,-4521.425458033737,4483.578032159956,6421320302,44.728401,-87.344002
Colias philodice,-1557.3131690502116,-4238.423076282332,4494.474235059941,6422550902,44.866495,-110.17472
Colias philodice,377.0903554379693,-4689.131614007862,4296.463743594856,6422746704,42.405813,-85.402285
Colias philodice,1366.2181576208773,-4432.12300705866,4368.007180141277,6425593303,43.28335,-72.867894
Colias philodice,1380.348816563903,-4426.748690796594,4369.014339964874,6425602312,43.2957935,-72.6814766
Colias philodice,1346.90763915796,-4607.289345774571,4189.090333899173,6428144302,41.111301,-73.704102
Colias philodice,457.59525459121016,-4695.333830695798,4281.845388495079,6428159303,42.22802,-84.433678
Colias philodice,1352.8787992746902,-4447.54603549315,4356.467186416037,6428163306,43.140954,-73.081002
Colias philodice,1614.2833029270955,-4448.35793517729,4265.671603407071,6429016317,42.031891,-70.054459
Colias philodice,1356.0010416091418,-4429.323227973146,4374.026754258588,6430019301,43.35776,-72.97846
Colias philodice,1354.9338243884151,-4481.626504765066,4320.75587519046,6430026315,42.702382,-73.178315
Colias philodice,-242.20409747026488,-4509.712724915694,4493.726899087161,6430826305,44.857013,-93.074243
Colias philodice,1236.3615474442736,-4538.342104349047,4297.04714863257,6431039011,42.412919,-74.760959
Colias philodice,1299.730685170135,-4496.801842004814,4321.94706925556,6431449056,42.716961,-73.878884
Colias philodice,897.1730097509779,-4901.4446652446995,3969.9715255648985,6431821408,38.545121,-79.627261
Colias philodice,-2053.8102490552733,-3610.9141784035965,4830.415653622039,6431821484,49.304622,-119.630287
Colias philodice,1497.4833590198969,-4420.47808065286,4336.665799621124,6441593510,42.897387,-71.28565
Colias philodice,-1296.793170882556,-4442.718709342717,4378.393663352575,6452163910,43.411798,-106.272092
Colias philodice,-1291.3858790941001,-4689.380057964215,4114.82567223951,6490868304,40.230727,-105.396768
Cupido comyntas,1039.1343414417574,-4861.143900153812,3984.8755227875336,5131104343,38.7167,-77.933862
Cupido comyntas,707.7395436202195,-4843.040863482572,4078.4571914771477,5139823304,39.80366,-81.685911
Cupido comyntas,1504.2871204156384,-4451.78157032566,4302.152279863865,5143535303,42.475135,-71.329541
Cupido comyntas,1299.1144423400344,-4496.904063751929,4322.025987519321,5150616301,42.717927,-73.886478
Cupido comyntas,493.20335610455305,-5002.592905230049,3914.1496910244277,5159467312,37.906078,-84.369431
Cupido comyntas,1376.0272737888768,-4461.261715238435,4335.1408258111305,5199586338,42.878669,-72.858195
Cupido comyntas,1144.8454468107777,-4340.33539709489,4521.1249344957505,5199586416,45.205661,-75.223702
Cupido comyntas,325.1718346197197,-4882.073170964405,4080.364929880297,5199594307,39.825996,-86.189427
Cupido comyntas,619.8956287690909,-4617.611366875799,4345.474404896412,5199595417,43.005618,-82.353987
Cupido comyntas,1270.5529954449507,-4599.027986787769,4221.894100067662,5199596344,41.504034,-74.556358
Cupido comyntas,1379.924019526842,-4394.951143662793,4401.13249912195,5199598528,43.693962,-72.568787
Cupido comyntas,979.3909247731665,-5058.063472837535,3747.871456026218,5199600504,36.034317,-79.041451
Cupido comyntas,-220.3402408618921,-5218.06630290454,3648.6966668149466,5199602324,34.938939,-92.417959
Cupido comyntas,118.26352405877843,-5080.566059366644,3842.3450372092193,5199605312,37.092126,-88.666531
Cupido comyntas,1270.409624014054,-4597.908112482963,4223.15681760141,5200423305,41.519199,-74.554436
Cupido comyntas,885.907653155831,-4980.631696790791,3872.7546605330235,5202590312,37.435757,-79.91425
Cupido comyntas,802.6780283735856,-5161.590026759634,3647.389409988903,5202962316,34.924599,-81.160743
Cupido comyntas,200.73918579283085,-4746.432232126886,4245.09575566814,5202967310,41.783252,-87.578253
Cupido comyntas,1111.1237302730708,-4805.729950609218,4032.3835169188733,5202974301,39.2664033,-76.9815111
Cupido comyntas,463.88197752244355,-4760.405759465894,4208.69381707095,5207972304,41.345713,-84.434334
Cupido comyntas,1094.6929318253049,-4926.0713852749,3889.115737782173,5208632312,37.621292,-77.471077
Cupido comyntas,1317.3760643670723,-4423.400858737156,4391.78759477659,5208632337,43.577842,-73.41543
Cupido comyntas,763.9316894396169,-4557.019473937334,4386.3122344064,5208632345,43.509909,-80.483512
Cupido comyntas,1347.8518884354398,-4464.3011170950895,4340.859817181614,5213606308,42.948895,-73.200001
Cupido comyntas,1353.5380921134727,-4444.972537021823,4358.888265142504,5214968308,43.170801,-73.063989
Cupido comyntas,-71.72270238167178,-4986.729339065098,3964.484768863146,5217923314,38.482059,-90.824012
Cupido comyntas,1398.8510727737905,-4619.154014697358,4158.89227972814,5218572315,40.75183,-73.151742
Cupido comyntas,1250.1914266363844,-4680.017373391866,4138.141117844171,5218577319,40.505936,-75.043591
Cupido comyntas,1352.1468395202091,-4482.088707839157,4321.149484698911,5218583312,42.707199,-73.212601
Cupido comyntas,1244.5458885381936,-4636.987162330298,4187.983848749196,5220297302,41.098095,-74.976151
Cupido comyntas,838.4094820773206,-4763.316367725214,4147.003719675369,5221593306,40.610844,-80.017403
Cupido comyntas,901.263015633563,-4853.841057914683,4027.121191475395,5228143309,39.205303,-79.481094
Cupido comyntas,1252.4508516920105,-4653.9670761364005,4166.738586474054,5228808303,40.845043,-74.937714
Cupido comyntas,1251.9898488482745,-4654.783058104726,4165.965581955704,5228827302,40.835854,-74.945526
Cupido comyntas,1122.6609049223528,-4806.730982038712,4027.9924141618635,5232111305,39.215415,-76.8536526
Cupido comyntas,461.4041569803954,-5011.6324714227785,3906.4561055999925,5232123307,37.818439,-84.739799
Cupido comyntas,1251.3118796231108,-4642.424807788264,4179.935838457764,5236633301,41.002121,-74.915077
Cupido comyntas,611.4655534535989,-4677.976929419912,4281.634600760808,5238765307,42.22546,-82.553001
Cupido comyntas,1299.81191831114,-4333.988252804778,4485.174236442096,5238775314,44.74861,-73.30542
Cupido comyntas,1030.804250158776,-4859.775451104507,3988.706343211296,5239608314,38.760868,-78.024513
Cupido comyntas,1314.3007696736702,-4352.249537897853,4463.215273362977,5282653385,44.471211,-73.196632
Cupido comyntas,1473.183611861909,-4403.811711508549,4361.871798322261,5294590311,43.207602,-71.503641
Cupido comyntas,1119.97769512768,-4828.141183691844,4003.0558080587193,5905479314,38.926556,-76.94015
Cupido comyntas,891.3947329697328,-5174.038376789827,3608.946582483224,6182247336,34.50401,-80.224915
Cupido comyntas,857.6214758379097,-5076.112536666902,3753.307880916798,6184530329,36.094799,-80.410301
Cupido comyntas,570.3274235054978,-5147.426043874674,3710.5909074587753,6186176303,35.6208,-83.677498
Cupido comyntas,1131.4732300295314,-4816.459863422962,4013.880397251472,6216325323,39.0518,-76.7799
Cupido comyntas,489.94202546068,-4991.65622015744,3928.4956562440616,6216341329,38.069775,-84.394249
Cupido comyntas,495.8666774427546,-5003.817504950135,3912.2474033519297,6242177304,37.884399,-84.340599
Cupido comyntas,494.0735367591879,-5002.733290798853,3913.8605099165948,6253482302,37.902782,-84.359718
Cupido comyntas,802.9746941869838,-4581.459068633669,4353.7590163681625,6277337303,43.107585,-80.058959
Cupido comyntas,902.4028625701573,-4481.837386289351,4437.178816112965,6326854308,44.144001,-78.615898
Cupido comyntas,1298.2286859713956,-4339.173918331616,4480.616599874293,6326866301,44.690926,-73.343449
Cupido comyntas,1401.71513523639,-4380.281819806288,4408.863684488461,6330861304,43.7902001,-72.2550323
Cupido comyntas,839.2351126996807,-4531.7074914877385,4398.757184351428,6333527308,43.664425,-79.508156
Cupido comyntas,1351.9984294625674,-4444.846888340149,4359.4941811661,6345496304,43.178273,-73.081702
Cupido comyntas,603.6384726147216,-4884.264195977868,4045.903729446052,6356609313,39.42363,-82.954631
Cupido comyntas,1396.1161964279274,-4421.583144747213,4369.235080633268,6356620308,43.2985211,-72.4764727
Cupido comyntas,889.1147694550407,-5011.964998356259,3831.3750679966174,6403697301,36.968547,-79.940472
Cupido comyntas,278.22707447043433,-5323.929678966889,3488.2826144285646,6417219306,33.19734,-87.00846
Cupido comyntas,290.8041290528369,-5328.907795114378,3479.644780630987,6417231301,33.104556,-86.876407
Cupido comyntas,1380.3467183904652,-4426.7294561658555,4369.034491580451,6419973303,43.2960425,-72.6814306
Cupido comyntas,41.44461074796791,-5095.062769398711,3824.705328493232,6420425310,36.893509,-89.533951
Cupido comyntas,1397.5069433876909,-4387.558212225664,4402.960413993268,6421310305,43.716702,-72.332497
Cupido comyntas,1318.2062389995315,-4717.336647656902,4074.1649934450734,6424848306,39.753433,-74.387582
Cupido comyntas,1307.1135282512173,-4697.160590411153,4100.962050766678,6424850315,40.067614,-74.449318
Cupido comyntas,569.6148142900117,-4680.608035585741,4284.530372191214,6425606313,42.260638,-83.061409
Cupido comyntas,456.54972077686256,-4911.933254329907,4031.653158090861,6426316304,39.25792,-84.689783
Cupido comyntas,1342.5467603341126,-4435.920216386349,4371.490953879317,6426324310,43.326403,-73.161377
Cupido comyntas,1252.97796812846,-4571.762097847449,4256.6172792192165,6429013302,41.922359,-74.673356
Cupido comyntas,1613.2889604117813,-4448.266423632493,4266.143186096161,6429014304,42.037601,-70.065399
Cupido comyntas,1354.9338243884151,-4481.626504765066,4320.75587519046,6430029313,42.702382,-73.178315
Cupido comyntas,1395.167842038645,-4459.130060432361,4331.214486303716,6430033315,42.830502,-72.626198
Cupido comyntas,1380.2344268639777,-4426.400983443192,4369.402749844656,6432101327,43.300593,-72.681547
Cupido comyntas,-606.8748826315858,-4079.9477245341814,4855.459048491367,6432681303,49.6512536,-98.4604708
Cupido comyntas,1386.6937568025212,-4433.118775912637,4360.537979787951,6434444306,43.191147,-72.63015
Cupido comyntas,1349.6191978204856,-4467.280365697322,4337.244203962584,6434450304,42.904488,-73.189801
Cupido comyntas,1384.4178488565844,-4432.964807553864,4361.417586569035,6434459305,43.201998,-72.656381
Cupido comyntas,568.9477680220642,-4679.916356995847,4285.374482873447,6434471325,42.270896,-83.068441
Cupido comyntas,1101.8008899516676,-4800.626296804032,4041.0116415339317,6497056466,39.366699,-77.073799
Cupido comyntas,788.9246279396511,-4587.229381625991,4350.250298713277,6497059375,43.064379,-80.241575
Cupido comyntas,-540.5260637315572,-4588.748710759067,4386.453005973199,6497061370,43.5116546,-96.7181285
Cupido comyntas,1596.4824601379714,-4306.381485944549,4415.436035281596,6497062569,43.872135,-69.659007
Cupido comyntas,1208.538815582661,-4302.943335151106,4540.249521269307,6497063339,45.450298,-74.311897
Cupido comyntas,1353.2417851796267,-4421.280061708802,4383.009515898579,6497063515,43.468969,-72.981978
Cupido comyntas,746.1237417470709,-5085.635579216008,3764.221466265108,6497064599,36.216357,-81.653566
Cupido comyntas,567.1918398488355,-4680.309932659855,4285.177415315711,6497068444,42.268501,-83.090202
Cupido comyntas,1348.5266868625124,-4478.060234658035,4326.454141588868,6497068529,42.772154,-73.240808
Cupido comyntas,1345.385748584577,-4467.589153529668,4338.241287946882,6497070386,42.916731,-73.240663
Cupido comyntas,1175.5315299571962,-4281.92293939681,4568.699453107121,6497071624,45.8162,-74.648598
Cupido comyntas,1407.0571080779043,-4360.830756016113,4426.409215342479,6497075406,44.009185,-72.117287
Cupido comyntas,1345.6350461574873,-4466.919844082163,4338.853138650254,6497076477,42.924245,-73.235361
Cupido comyntas,1183.4234114334238,-4291.997739622198,4557.194044807249,6497076500,45.667938,-74.584984
Cupido comyntas,1122.5563078807234,-4806.175581006178,4028.684245489408,6497078644,39.2234459,-76.8533686
Cupido comyntas,1347.0407195824475,-4460.515387481264,4345.001370253766,6500549303,42.999801,-73.196095
Cupido comyntas,1347.8317709011267,-4466.9333584997175,4338.157329759883,6509639302,42.9157,-73.20958
Cupido comyntas,1196.9978234163873,-4943.029768330127,3837.10907452682,6509647308,37.0331167,-76.3873742
Cupido comyntas,955.2583466036341,-4836.633549904064,4035.3699365564908,6509875302,39.301102,-78.827599
Cupido comyntas,795.6056299795987,-4564.190332562987,4373.206080138549,6511843301,43.34761,-80.111855
Cupido comyntas,853.3962380475891,-4532.36788403511,4395.350879546564,6511867304,43.622093,-79.336665
Danaus plexippus,-2565.081888526648,-4597.54290048961,3587.8555312313774,5938132111,34.274161,-119.158219
Danaus plexippus,-521.9080052568265,-5505.551612960614,3163.268341565896,5938133710,29.769358,-95.415267
Danaus plexippus,960.5329154827061,-5660.175323469559,2762.163093580464,5938201708,25.693186,-80.36865
Danaus plexippus,-2686.8657303566006,-4249.445423865046,3913.1469773451063,5938227282,37.89465,-122.304603
Danaus plexippus,-521.9152999787884,-5505.549812300644,3163.270271981489,5938228552,29.769378,-95.415344
Danaus plexippus,-553.1868368954443,-5513.6983669776555,3143.7028757741996,5938575518,29.566855,-95.729287
Danaus plexippus,-2481.0982659027327,-4654.695126063165,3573.194342323924,5938683592,34.114754,-118.059013
Danaus plexippus,-2686.8201683969783,-4287.687690737528,3871.238145486602,5938705276,37.418583,-122.072746
Danaus plexippus,-2675.75622132522,-4263.308946160481,3905.672618551742,5938708008,37.80952,-122.11338
Danaus plexippus,-2519.2383917119673,-4619.0518160203765,3592.708083927888,6129881330,34.326988,-118.608123
Danaus plexippus,-2448.4344711244275,-4745.754079181065,3474.5848658830264,6129890430,33.05025,-117.290162
Danaus plexippus,-2684.6233477076735,-4280.33338206577,3880.8886545472656,6129916382,37.527939,-122.09592
Danaus plexippus,-2686.3673401104284,-4286.71147876701,3872.6332567740783,6129930146,37.434382,-122.074271
Danaus plexippus,-2699.49912272252,-4235.204001814707,3919.8857992434523,6129973534,37.971487,-122.513245
Danaus plexippus,-2693.781625940355,-4277.835756616376,3877.2947941622874,6129974299,37.487196,-122.198894
Danaus plexippus,-521.8920415865775,-5505.554013551077,3163.2667972331456,6129998980,29.769342,-95.4151
Danaus plexippus,-112.73746052907272,-5493.6375821433985,3224.4363089899175,6130001335,30.405117,-91.175628
Danaus plexippus,-2685.6283037008047,-4282.670436621445,3877.6136573061603,6130007867,37.49081,-122.091495
Danaus plexippus,-2454.0812450159124,-4763.906962606517,3445.6391024260997,6130040406,32.740227,-117.254828
Danaus plexippus,-2434.7384024489966,-4676.825883827894,3576.185355050124,6130073232,34.14725,-117.50132
Danaus plexippus,-2680.0924734668,-4293.762639347149,3869.167851139396,6130081230,37.395144,-121.971698
Danaus plexippus,-2732.538727605806,-4089.434165099935,4049.631272242607,6130148684,39.46704,-123.750641
Danaus plexippus,-2687.814281175455,-4245.150539094301,3917.1551437253647,6130177231,37.940342,-122.339919
Danaus plexippus,-815.7712219379205,-5487.013814540058,3133.2012131655247,6130187584,29.45833,-98.456397
Danaus plexippus,-2508.9589702812987,-4646.328797638251,3564.6187340808174,6130254078,34.021653,-118.368487
Danaus plexippus,-2695.884141920613,-4281.14663316684,3872.1757873762176,6130340125,37.429201,-122.199063
Danaus plexippus,-1993.946151554407,-4915.744859992159,3528.368510493126,6130341640,33.629223,-112.078676
Danaus plexippus,-2688.9550581044928,-4276.398978932076,3882.2268864867233,6130357082,37.543116,-122.161253
Danaus plexippus,-2447.6494246925718,-4747.487047723109,3472.770098232947,6130450984,33.030781,-117.274155
Danaus plexippus,753.7295360678223,-5583.740210959099,2973.80062759003,6130510644,27.824883,-82.312312
Danaus plexippus,-527.1628271536989,-5482.725976890206,3201.8070437923166,6130540776,30.169439,-95.492093
Danaus plexippus,-2689.915338815149,-4272.159761483876,3886.226906916585,6130572797,37.588499,-122.196089
Danaus plexippus,859.2501518512546,-5333.847716298849,3376.612332731518,6130624474,32.005218,-80.848624
Danaus plexippus,-527.1454173613113,-5482.7196789450945,3201.8206946580553,6130656843,30.169581,-95.491919
Danaus plexippus,-2502.673958443611,-4649.949366401538,3564.3157937123865,6130668478,34.018366,-118.289818
Danaus plexippus,-2154.1723953114747,-4691.485546701397,3733.5315434648946,6130693551,35.875003,-114.662996
Danaus plexippus,819.0575647542913,-5659.721704532646,2808.282048252683,6130697236,26.154348,-81.765498
Danaus plexippus,-2436.0269176717125,-4691.721914210917,3555.737822979829,6130720150,33.925345,-117.439156
Danaus plexippus,-2599.5702129183674,-4567.624583902304,3601.2211121113205,6130763548,34.419745,-119.645484
Danaus plexippus,975.3645411023268,-5635.622566570366,2806.808762420503,6130804827,26.139588,-80.181012
Danaus plexippus,-2602.6878818210644,-4565.010670729919,3602.28351127742,6130859638,34.431328,-119.689125
Danaus plexippus,-2691.6666814261234,-4278.3056737556735,3878.244985517022,6130860631,37.497966,-122.175769
Danaus plexippus,943.3116870313468,-5677.493601669512,2732.395028869226,6130909491,25.396471,-80.566521
Danaus plexippus,-2469.6971368225827,-4661.402907669367,3572.3482633163508,6130933726,34.105564,-117.915467
Danaus plexippus,-2685.070772297089,-4254.8563709907585,3908.496557459493,6130944853,37.841672,-122.254395
Danaus plexippus,814.8543448473881,-5391.815587718629,3294.5546276234627,6130956003,31.139039,-81.406037
Danaus plexippus,-2679.3748925261393,-4284.781183496942,3879.6073930912808,6130961505,37.513411,-122.018715
Danaus plexippus,-2688.2819041906446,-4275.100581282996,3884.1226233465313,6131001810,37.564621,-122.162629
Danaus plexippus,-1989.1155391939458,-4915.72211131393,3531.1256881841423,6131073567,33.659008,-112.030403
Danaus plexippus,-2684.647925174831,-4289.139716390648,3871.136672969875,6131153747,37.417434,-122.043173
Danaus plexippus,913.8780220285399,-5291.413288603922,3428.633182438223,6131196627,32.558588,-80.201133
Danaus plexippus,-2694.0796992841388,-4278.6409911667715,3876.1990367226945,6131198907,37.474778,-122.19689
Danaus plexippus,977.26595771186,-5607.881240482016,2861.183735838165,6131205736,26.68559,-80.114536
Danaus plexippus,-731.6710379436996,-5448.815931436517,3219.4433629488544,6131210525,30.353068,-97.647971
Danaus plexippus,943.3454421724434,-5677.411173726174,2732.554641879849,6131283439,25.39806,-80.566055
Danaus plexippus,-2570.0611868890396,-4593.924755502132,3588.926575747769,6131286838,34.285818,-119.224736
Danaus plexippus,-791.9290423582319,-5664.929093065641,2805.5623129927994,6131290480,26.127102,-97.958093
Danaus plexippus,-2688.784012151106,-4253.307385836292,3907.629709589751,6131328526,37.831801,-122.299564
Danaus plexippus,-2511.6993973133085,-4632.486256292536,3580.6689811366477,6131340334,34.195986,-118.466218
Danaus plexippus,-2679.199723375303,-4297.718794903551,3865.391976485166,6131386865,37.352414,-121.939431
Danaus plexippus,-695.4556052747149,-5592.54219542356,2971.458635615924,6131388216,27.80107,-97.088576
Danaus plexippus,-2364.201980458905,-4736.295361900273,3545.1104877159473,6131394483,33.810241,-116.526853
Danaus plexippus,-2499.077595034449,-4669.206657384343,3541.591943506762,6131403743,33.772166,-118.156817
Danaus plexippus,-2688.119959247856,-4273.021702721053,3886.5215479198905,6131410850,37.591843,-122.173633
Danaus plexippus,-2682.2861564715067,-4285.248348836816,3877.078886645213,6131425826,37.484749,-122.043883
Danaus plexippus,-2516.5260780901317,-4628.039004813006,3583.0300861001956,6131523726,34.221662,-118.535422
Danaus plexippus,982.725033689034,-5651.336765106147,2772.435284221782,6131553300,25.795746,-80.135336
Danaus plexippus,-2192.7733835684526,-4893.946925347379,3439.5903113414724,6131595553,32.675578,-114.13516
Danaus plexippus,753.7294170329352,-5583.742269586347,2973.796792387023,6131608894,27.824844,-82.312316
Danaus plexippus,-2509.977741874998,-4648.329944747026,3561.2910004291452,6133095974,33.985553,-118.367897
Danaus plexippus,-2512.581775822156,-4658.154197874277,3546.5878557156984,6133166806,33.826233,-118.34217
Danaus plexippus,-2677.4806544173557,-4437.361120762339,3705.4927821876863,6133188757,35.564418,-121.106563
Danaus plexippus,-2684.109081053393,-4253.798289336156,3910.308387368564,6133223244,37.862308,-122.251563
Danaus plexippus,-2434.751299568222,-4676.820365865519,3576.1837906284695,6133249152,34.147233,-117.501472
Danaus plexippus,-2345.61297864615,-4748.095040748559,3541.672820589603,6133254353,33.773041,-116.289896
Danaus plexippus,-2683.2849121132244,-4290.765932348089,3870.2794374442774,6133277227,37.407728,-122.020324
Danaus plexippus,-2682.3274936146963,-4276.310926547477,3886.905865359591,6133295075,37.596205,-122.098103
Danaus plexippus,1210.0704838138593,-4749.855521043407,4069.933056340533,6133333702,39.703947,-75.707391
Danaus plexippus,-1986.381442107701,-4932.600041060284,3509.059522302187,6133347454,33.420921,-111.93488
Danaus plexippus,-1034.4522875029625,-5649.512230915156,2757.294534012896,6133383926,25.644608,-100.376184
Danaus plexippus,-2682.3709784688613,-4324.115298559388,3833.6230837564212,6133388344,36.993855,-121.812497
Danaus plexippus,967.118179107731,-5633.746730467183,2813.420219993294,6133458485,26.205839,-80.259252
Danaus plexippus,-2447.908538020189,-4778.215993767676,3430.1820412433026,6133578789,32.575116,-117.126334
Danaus plexippus,781.1876294593085,-5521.373697501423,3081.222405117271,6147183839,28.92287,-81.946998
Danaus plexippus,-2678.0515493178564,-4306.813770875449,3856.053445152343,6147249379,37.246838,-121.874066
Danaus plexippus,-2669.4523557880375,-4301.402680199409,3868.0372584333354,6147301145,37.382347,-121.823756
Danaus plexippus,-2678.345978559053,-4299.574729979275,3863.91939488101,6147359569,37.335756,-121.920131
Danaus plexippus,783.832052034029,-5521.098847167479,3081.043323890058,6147470769,28.92103,-81.9197
Danaus plexippus,-828.3379890907538,-5656.956516043296,2811.13007189312,6163581117,26.182886,-98.330516
Danaus plexippus,804.5123895618958,-5416.937040780557,3255.6575435598897,6163581497,30.731216,-81.552299
Danaus plexippus,739.8756011937112,-5617.74925387587,2912.598589749844,6178346688,27.204284,-82.497144
Danaus plexippus,-2492.115552463921,-4676.859434262269,3536.3963345469197,6178876517,33.715974,-118.051409
Danaus plexippus,560.5131833048644,-5483.938233405444,3194.0569113922893,6185012247,30.088853,-84.164066
Danaus plexippus,-2684.166869834163,-4255.56440534191,3908.3465732390036,6185060837,37.839964,-122.241387
Danaus plexippus,735.394246356306,-5551.140623122141,3038.714566132629,6185321497,28.487024,-82.453612
Danaus plexippus,-2684.9972569911106,-4302.765551594151,3855.7426609723757,6188341929,37.243327,-121.964849
Danaus plexippus,-2354.4132152350658,-4748.686510590052,3535.034365567609,6252417303,33.70125,-116.372354
Danaus plexippus,-2491.477332642393,-4676.720164768949,3537.0301569325184,6334146910,33.722827,-118.046027
Danaus plexippus,-2485.6093828890694,-4685.92808661462,3528.9626085363248,6352476454,33.63564,-117.943322
Danaus plexippus,-853.9751146108523,-5595.632628498279,2923.9314492970348,6441804456,27.318938,-98.677217
Enodia anthedon,-1505.5035452740924,-3473.3570451001633,5124.353914602078,769057879,53.545,-113.434
Enodia anthedon,194.83369206600347,-4738.435171167042,4254.294899364702,1848175243,41.894295,-87.645454
Enodia anthedon,127.22751774302883,-4708.658759894339,4289.7667735293835,1848175396,42.3243,-88.45225
Enodia anthedon,152.60402220736682,-4912.689685760181,4053.633579087915,1848175593,39.51368,-88.22078
Enodia anthedon,-98.88872406683879,-4850.341851234683,4129.668034611398,1848175648,40.405792,-91.167984
Enodia anthedon,182.45174656280514,-4823.085683008053,4158.642685326111,1848175780,40.748867,-87.8336
Enodia anthedon,218.68261346882514,-4768.636690247563,4219.245804722528,1848175855,41.47224,-87.37434
Enodia anthedon,158.4959535961436,-4742.9262431802235,4250.797903232217,1848175870,41.85206,-88.08604
Enodia anthedon,-131.84300584568237,-4726.939734688918,4269.474358291203,1848223501,42.07795,-91.59767
Enodia anthedon,-297.3964861179377,-4774.357407906699,4207.947219403847,1848224748,41.33677,-93.56437
Enodia anthedon,505.64690596117566,-4688.574897170267,4283.846375606173,1848228753,42.252327,-83.844635
Enodia anthedon,539.7779193072564,-4653.930599480975,4317.328213457996,1848228757,42.66045,-83.38421
Enodia anthedon,410.05137191329015,-4698.601418608921,4283.077831550074,1848229009,42.24299,-85.01238
Enodia anthedon,421.31512974627077,-4671.502189455362,4311.532672384389,1848229675,42.589615,-84.84653
Enodia anthedon,544.3881193588323,-5125.9029684094385,3744.130535068148,1848233457,35.992725,-83.93772
Enodia anthedon,484.2678727879508,-4648.221353868506,4330.0434180852835,1932676314,42.816143,-84.052184
Enodia anthedon,398.5295631571261,-4405.415593365851,4585.110769294044,1932686168,46.0283669,-84.8308901
Enodia anthedon,418.53181227461084,-4434.181251320871,4555.504459686769,1932686374,45.6461986,-84.6079625
Enodia anthedon,-151.22822184238268,-4631.409138090597,4372.29145302629,3097757281,43.3363,-91.8702
Enodia anthedon,1110.4743112401184,-4407.956902536117,4463.912620015922,3347412177,44.48,-75.86
Enodia anthedon,-694.0770577662109,-3976.8822239189353,4928.733908889545,3347417629,50.68,-99.9
Enodia anthedon,-701.6300490151143,-3958.936170221118,4942.093969575188,3347499558,50.87,-100.05
Enodia anthedon,791.6385623748758,-4549.9491797783285,4388.7383127355615,3348014179,43.54,-80.13
Enodia anthedon,-580.7512953895047,-3990.656828466903,4932.254975160077,3348059687,50.73,-98.28
Enodia anthedon,1911.591738697117,-4137.06356735391,4451.9967648118645,3349936311,44.33,-65.2
Enodia anthedon,1910.2875823005402,-4134.241114313761,4455.177313116001,3350044434,44.37,-65.2
Enodia anthedon,-1464.2042477112775,-3479.803547348079,5131.94176920641,3350364084,53.66,-112.82
Enodia anthedon,-692.6888217333808,-3977.124260226909,4928.733908889545,3350507037,50.68,-99.88
Enodia anthedon,98.96823071968436,-4414.820390591037,4592.310892982666,3704466324,46.121708,-88.7158
Enodia anthedon,80.09108401849042,-4746.027925037849,4249.536149122526,3714687509,41.836828,-89.033203
Enodia anthedon,1335.2620384232396,-4412.162610377376,4397.686837191929,3742783192,43.65112,-73.1625
Enodia anthedon,1416.5586950648778,-4319.410494718647,4463.83328219457,3742783222,44.479,-71.843
Enodia anthedon,1375.8570497055907,-4461.20882695028,4335.249278968139,3742783240,42.88,-72.86
Enodia anthedon,1408.0276639848607,-4292.947021905762,4491.972517084361,3742783250,44.83476,-71.84122
Enodia anthedon,1334.3919374597642,-4411.545286523365,4398.570162208771,3742783266,43.6621,-73.17063
Enodia anthedon,1391.2134192076028,-4421.242849067932,4371.142873604088,3742783290,43.3221,-72.533
Enodia anthedon,1421.2094643368648,-4319.119174691707,4462.636703000501,3742783312,44.46392,-71.78617
Enodia anthedon,1322.1848289544898,-4368.469762825337,4445.003075256615,3742783315,44.24214,-73.16075
Enodia anthedon,1360.8948936419358,-4366.4488605581855,4435.295093482154,3742783342,44.120398,-72.689265
Enodia anthedon,1344.850893582307,-4430.539708674329,4376.236635919989,3742784576,43.3851,-73.1148
Enodia anthedon,1355.1787870257892,-4476.142669284734,4326.3599467775775,3742784598,42.771,-73.156
Enodia anthedon,1353.3613196944066,-4470.139591941791,4333.130311516945,3742784603,42.854,-73.156
Enodia anthedon,1313.6173411099296,-4363.717663810789,4452.205157150603,3742784621,44.33262,-73.24654
Enodia anthedon,1335.2621682091892,-4358.7375147346465,4450.644374635157,3742784626,44.313,-72.968
Enodia anthedon,1384.7204889062896,-4427.260619928057,4367.111825968599,3742784631,43.27229,-72.63181
Enodia anthedon,1346.0579963701073,-4389.650537406082,4416.8822895268595,3742784636,43.89018,-72.95218
Enodia anthedon,1343.4088268410208,-4435.507986901159,4371.644399053873,3742784641,43.3283,-73.1497
Enodia anthedon,1312.9704965936796,-4364.137913474459,4451.984038260557,3742784651,44.32984,-73.25585
Enodia anthedon,1340.8596246243542,-4438.56713513609,4369.321501517081,3742784657,43.299589,-73.190806
Enodia anthedon,1340.9973094055133,-4427.250686905375,4380.745450393174,3742784660,43.44092,-73.14864
Enodia anthedon,1370.5249737801932,-4405.122879484819,4393.894268477748,3742784677,43.604,-72.718
Enodia anthedon,1350.4547345923852,-4400.965920501333,4404.262038762033,3742784687,43.7329,-72.94115
Enodia anthedon,1323.2859407601934,-4383.078257273224,4430.2700187779255,3742784715,44.05748,-73.20052
Enodia anthedon,1398.0422704593063,-4418.512236328358,4371.725123690074,3742784717,43.329298,-72.442334
Enodia anthedon,1386.4413376617551,-4435.0827457150235,4358.620720544632,3742784720,43.167502,-72.64035
Enodia anthedon,1349.396006020739,-4402.97067912352,4402.582508868094,3742784741,43.712,-72.96106
Enodia anthedon,1351.8053777922253,-4446.137547101348,4358.237747359024,3742784745,43.16278,-73.08861
Enodia anthedon,1393.61730443932,-4397.608010523897,4394.158363580081,3742784749,43.60728,-72.41641
Enodia anthedon,1395.7676198627498,-4349.273478492503,4441.329315678115,3742784756,44.19604,-72.20754
Enodia anthedon,1348.4535919661032,-4313.011405869246,4491.030912032664,3742784760,44.82282,-72.63826
Enodia anthedon,1409.678326821729,-4328.7139472318595,4456.994021491043,3742784763,44.39286,-71.96177
Enodia anthedon,1349.0377250413585,-4335.912124537104,4468.748862308645,3742784770,44.54099,-72.71745
Enodia anthedon,1359.7466252100326,-4365.893392033348,4436.193991960553,3742784771,44.13166,-72.70093
Enodia anthedon,1397.0153698380964,-4403.651768828679,4387.020889510968,3742784773,43.518697,-72.39888
Enodia anthedon,1399.3568943618686,-4430.625840727443,4359.026046189399,3742785164,43.1725,-72.47194
Enodia anthedon,1427.366880810949,-4317.216915753423,4462.51218705047,3742785185,44.462351,-71.704978
Enodia anthedon,1367.6739572196807,-4395.959180522178,4403.948678130033,3742785191,43.729,-72.718
Enodia anthedon,1320.2532620174468,-4418.518700742704,4395.836319177129,3742785203,43.628124,-73.363856
Enodia anthedon,1344.8488761721778,-4343.149597145402,4462.979521211317,3742785231,44.46824,-72.79495
Enodia anthedon,1431.7800867595533,-4309.606886686887,4468.450222958426,3742785232,44.537222,-71.621972
Enodia anthedon,1308.659614261808,-4326.301689741051,4490.019691830014,3742785246,44.81,-73.17
Enodia anthedon,1317.000086482597,-4320.655900055871,4493.016413857695,3742785250,44.848,-73.048
Enodia anthedon,1385.7871377517947,-4290.835463301976,4500.8974844345485,3742785252,44.948056,-72.10139
Enodia anthedon,1379.5967572810277,-4355.527491888839,4440.252941486287,3742785261,44.18254,-72.4246
Enodia anthedon,1354.676619505162,-4302.871311269898,4498.877956212412,3742785263,44.9224,-72.52439
Enodia anthedon,1351.9950983827223,-4321.865065478035,4481.444492507641,3742785265,44.7014,-72.62892
Enodia anthedon,1391.2933785552675,-4307.270174061257,4483.467353746206,3742785269,44.727,-72.099
Enodia anthedon,1325.849326554385,-4306.531046056539,4503.961261190409,3742785276,44.987,-72.888
Enodia anthedon,1315.781733373671,-4322.338451004142,4491.754876968325,3742785278,44.832,-73.069
Enodia anthedon,1310.6178355210116,-4359.392857568195,4457.322955797018,3742785283,44.397,-73.267
Enodia anthedon,1308.4326999730638,-4325.55153312269,4490.808494427099,3742785285,44.82,-73.17
Enodia anthedon,1422.265343659481,-4301.616005788354,4479.175611722324,3742785288,44.6727,-71.7043
Enodia anthedon,1410.428666981974,-4318.7443259033835,4466.418201703711,3742785304,44.51159,-71.91384
Enodia anthedon,1410.401292034876,-4318.394887218545,4466.764704251672,3742785305,44.51596,-71.9128
Enodia anthedon,1381.5864234535015,-4426.691969339844,4368.680612357526,3742785318,43.29167,-72.66667
Enodia anthedon,1361.104635100901,-4311.505934055245,4488.659475009292,3742785324,44.79276,-72.47955
Enodia anthedon,1402.8455372036033,-4292.932321633792,4493.607638668208,3742785327,44.8555,-71.90363
Enodia anthedon,1363.714324973815,-4401.100759586946,4400.039599083381,3742785345,43.68037,-72.78401
Enodia anthedon,1320.2543548111782,-4418.515891935707,4395.83881426414,3742785347,43.628155,-73.363833
Enodia anthedon,1383.6805445190435,-4314.94061672245,4478.4449035972075,3742785367,44.66346,-72.22041
Enodia anthedon,1352.3219872426178,-4475.633853903122,4327.78002887091,3742785388,42.7884,-73.1877
Enodia anthedon,1403.709280437387,-4343.75642781721,4444.224733458925,3742785389,44.23237,-72.09147
Enodia anthedon,1335.8686933203765,-4350.8620632756565,4458.161871246113,3742785390,44.40756,-72.93166
Enodia anthedon,1343.5627280632661,-4411.111715940031,4396.2126603399465,3742785401,43.6328,-73.06
Enodia anthedon,1402.2212346012263,-4291.749960781712,4494.931702822749,3742785493,44.8723,-71.9065
Enodia anthedon,1351.7680044573221,-4351.020496356033,4453.2119904730125,3742785500,44.34528,-72.74111
Enodia anthedon,1325.671701929949,-4384.4554815002075,4428.1935141909025,3742785507,44.0315,-73.17693
Enodia anthedon,1431.3645562911006,-4279.746993421169,4497.18960118133,3742785509,44.90096,-71.50745
Enodia anthedon,987.8521578550066,-4806.647810212279,4063.254615758178,3757724301,39.625925,-78.3864
Enodia anthedon,673.526989519955,-5167.1066704922305,3665.668176447552,3903911404,35.125337,-82.573427
Epargyreus clarus,81.6998930886234,-5393.668571993432,3389.8993484522643,6178619986,32.146238,-89.132186
Epargyreus clarus,532.6050929355805,-5407.817971288149,3325.896831543253,6178679775,31.468931,-84.375194
Epargyreus clarus,498.0891520571029,-5256.470533795922,3565.2738819921947,6179475738,34.028762,-84.586967
Epargyreus clarus,512.8931161454452,-5270.470202250089,3542.4338565853222,6184915650,33.781275,-84.441792
Epargyreus clarus,-398.56488738094805,-5454.544653392542,3267.8497187556336,6185025815,30.85886,-94.179189
Epargyreus clarus,-478.0056823767529,-5346.463558761519,3431.703820571944,6185069644,32.591358,-95.109
Epargyreus clarus,779.6563671129965,-5300.115903798491,3448.2837013795593,6185114088,32.768507,-81.631706
Epargyreus clarus,-5.760204570086164,-5387.275721134185,3401.026353058574,6185298514,32.264501,-90.061262
Epargyreus clarus,-514.842754999788,-5336.621671245821,3441.6797069586714,6185481417,32.697904,-95.510473
Epargyreus clarus,-606.689180393823,-5449.733502392234,3243.7765214290243,6185591183,30.606992,-96.352272
Epargyreus clarus,634.1720398436478,-5125.158772162025,3730.995378406227,6185639875,35.84686,-82.946243
Epargyreus clarus,-437.1197020580642,-5324.702460482483,3470.766947388127,6185675401,33.009296,-94.693047
Epargyreus clarus,-664.1764567203452,-5318.252871558736,3444.5332279095674,6185864489,32.728404,-97.118597
Epargyreus clarus,422.5872787883496,-5350.362573618734,3432.8986953161902,6185972242,32.604113,-85.483987
Epargyreus clarus,340.29118355724796,-5364.434606298859,3420.057951967167,6186080345,32.467136,-86.370324
Epargyreus clarus,519.1040958955297,-5128.467781907373,3744.2091657972305,6187461525,35.993599,-84.2202
Epargyreus clarus,-189.5441832663184,-5158.277483530148,3734.434299217651,6187912971,35.885023,-92.104423
Epargyreus clarus,348.7002148233237,-5045.564967135994,3874.3303230712722,6188057024,37.453605,-86.046561
Epargyreus clarus,379.65280360658346,-5355.352078639485,3430.134252795778,6188141510,32.574606,-85.944959
Epargyreus clarus,673.8147866178039,-5167.054566799722,3665.688730201566,6188144676,35.125563,-82.570215
Epargyreus clarus,1170.7353612788559,-4925.695570143271,3867.383481606094,6188187841,37.374948,-76.630063
Epargyreus clarus,980.2571177068572,-5065.959235284003,3736.9648298188736,6188193104,35.913117,-79.048675
Epargyreus clarus,1106.0954734935774,-5148.611431900877,3585.820165107846,6188225995,34.252013,-77.875225
Epargyreus clarus,-632.9909083208393,-5032.9381021904055,3854.686718681639,6188320548,37.231399,-97.168432
Epargyreus clarus,628.651827224164,-5300.069339270987,3479.0537519165705,6188320790,33.098211,-83.235637
Epargyreus clarus,673.8234831137183,-5167.0234952368855,3665.7309288806155,6188342487,35.126027,-82.570076
Epargyreus clarus,525.5898541972509,-5268.992694709342,3542.770726132574,6188404918,33.78492,-84.303505
Epargyreus clarus,611.3542815391684,-5246.097997884261,3562.927850618913,6188516599,34.003308,-83.353015
Epargyreus clarus,-632.9995470853722,-5032.939388932293,3854.6836200135785,6188571635,37.231364,-97.168527
Epargyreus clarus,936.1422045211095,-5056.3498571414175,3761.2121749215057,6192905338,36.18282,-79.510921
Epargyreus clarus,966.1155607257488,-5073.994768742734,3729.73872272206,6192905350,35.832919,-79.219621
Epargyreus clarus,1049.386126192256,-4854.320463721428,3990.503066447642,6194101359,38.781593,-77.801749
Epargyreus clarus,470.8198829593541,-4925.842116018577,4012.999030095223,6195236934,39.041594,-84.540164
Epargyreus clarus,106.08990585219887,-5154.671030743758,3742.708194124248,6195359510,35.976917,-88.820944
Epargyreus clarus,1034.6329432314972,-5071.472226513693,3714.7620728867423,6195407265,35.66696,-78.469299
Epargyreus clarus,60.957784832969814,-5121.741076443595,3788.641659489069,6195411800,36.489042,-89.318111
Epargyreus clarus,550.4516135296672,-5129.077383073564,3738.893064702876,6195447870,35.934531,-83.874473
Epargyreus clarus,827.6866362379836,-5139.655412626794,3672.687054640864,6195491199,35.20255,-80.85167
Epargyreus clarus,833.4707014233228,-5206.486188682145,3575.972774869577,6195508428,34.14494,-80.905078
Epargyreus clarus,1019.0576916840765,-5074.266464374282,3715.251592991177,6195519441,35.672379,-78.644427
Epargyreus clarus,923.965101396002,-4872.9463256013505,3998.8042873949216,6195544115,38.877425,-79.263536
Epargyreus clarus,-520.9070468403094,-5134.835900109334,3735.220108263756,6195552513,35.893746,-95.792594
Epargyreus clarus,988.8225839230612,-5065.307214027668,3735.5917676748913,6195558335,35.897872,-78.953939
Epargyreus clarus,1107.7611946814434,-5149.653326779267,3583.8092693705958,6195572263,34.230137,-77.859891
Epargyreus clarus,1106.1782171871296,-4941.160463800651,3866.659559939493,6195577080,37.366756,-77.381249
Epargyreus clarus,548.2973682665963,-5279.1351827333065,3524.181443691108,6195597321,33.584011,-84.070451
Epargyreus clarus,-2696.901462984448,-4222.376128378424,3935.4816044710233,6195605078,38.149622,-122.567044
Epargyreus clarus,699.9160243041621,-5140.932262671355,3697.3891003280237,6195671572,35.474878,-82.247091
Epargyreus clarus,656.5956498696611,-5011.423621523537,3878.6941833412934,6195708008,37.503058,-82.535637
Epargyreus clarus,-373.25445720218306,-5117.906595797101,3775.906025916517,6195825109,36.346712,-94.171258
Epargyreus clarus,971.971972865157,-5070.034562783867,3733.600560560684,6195834507,35.875769,-79.147548
Epargyreus clarus,496.3209209255639,-5252.2273917694365,3571.7679233505446,6195890671,34.099261,-84.601738
Epargyreus clarus,397.0865308953285,-5330.143126699277,3467.225067047049,6195981413,32.97132,-85.739433
Epargyreus clarus,995.4613316007784,-5063.825643475487,3735.837218006843,6195997402,35.900597,-78.878448
Epargyreus clarus,482.7690724503359,-4995.288365934686,3924.7651259050454,6234199129,38.027172,-84.4798
Epargyreus clarus,145.07677956434495,-4914.153892300727,4052.1349163736245,6234211660,39.496212,-88.308992
Epargyreus clarus,588.0831536723541,-4934.4409862695675,3986.878915526183,6234231755,38.739795,-83.203587
Epargyreus clarus,1110.744172058509,-4924.488790120792,3886.5679808656573,6234259321,37.59237,-77.289341
Epargyreus clarus,564.8717554627428,-5144.801529005258,3715.062618140243,6234261488,35.670287,-83.734326
Epargyreus clarus,374.37014803115954,-4992.0112375992285,3940.7390075496733,6234269185,38.20977,-85.711197
Epargyreus clarus,657.6528666814015,-5161.367022069298,3676.6202278884707,6234287132,35.24585,-82.738595
Epargyreus clarus,-638.5018128351875,-5319.921018149203,3446.811414240409,6234310967,32.752762,-96.843955
Epargyreus clarus,512.972166099872,-5270.602148997259,3542.2260901119394,6234316887,33.779027,-84.441079
Epargyreus clarus,-2688.1476148395254,-4190.198862000481,3975.657056060027,6234323579,38.610526,-122.68148
Epargyreus clarus,1020.8992895054981,-5064.916188214701,3727.484644733667,6234361108,35.807919,-78.603989
Epargyreus clarus,535.0038357331398,-4852.30025220376,4093.73989011168,6234471001,39.982796,-83.708109
Epargyreus clarus,1014.3159494689455,-5076.646087991449,3713.2978309868245,6234472688,35.650753,-78.701064
Epargyreus clarus,608.4217102843405,-5251.019794716748,3556.173121154958,6234473127,33.930063,-83.390762
Epargyreus clarus,1123.42313220099,-4813.876762468459,4019.236757330841,6234573047,39.113857,-76.863887
Epargyreus clarus,529.4828541919898,-5134.281963065031,3734.775730956175,6234579748,35.888813,-84.112075
Epargyreus clarus,-1886.4286168726549,-5097.391944623644,3323.8134072187836,6234601708,31.446966,-110.308365
Epargyreus clarus,400.79602895631444,-4852.3564615053,4108.984356667478,6234603587,40.161953,-85.278189
Epargyreus clarus,-870.5443192373781,-5105.72864458329,3709.911147966034,6234641918,35.61328,-99.676078
Epargyreus clarus,659.2169485012687,-5046.965478236127,3831.882775605079,6234660662,36.974262,-82.558355
Epargyreus clarus,549.1988736736596,-5166.853811114349,3686.699800825415,6234680462,35.356921,-83.932658
Epargyreus clarus,608.6573369073656,-5166.909168776792,3677.2733128660134,6234702880,35.253042,-83.28157
Epargyreus clarus,1216.4173939921027,-4954.003067356031,3816.7964920726304,6234724139,36.804626,-76.20439
Epargyreus clarus,521.355987464465,-4866.57101247949,4078.532535668526,6234745224,39.804542,-83.885222
Epargyreus clarus,-250.86993511597984,-4970.097906243432,3978.057843682895,6234745268,38.638162,-92.889601
Epargyreus clarus,1008.9331027647532,-5197.196572474607,3544.143748619844,6234757387,33.799778,-79.013806
Epargyreus clarus,1100.2533685302317,-4931.46085363306,3880.7073458069485,6234771866,37.525883,-77.422783
Epargyreus clarus,504.8332475903576,-4873.973485285963,4071.76607708918,6234801157,39.725377,-84.086542
Epargyreus clarus,541.9558382715076,-4995.709552844286,3916.493720493014,6234813174,37.9328,-83.808523
Epargyreus clarus,1262.6235894537176,-4800.355507954571,3994.010740882234,6234825666,38.822071,-75.263446
Epargyreus clarus,-542.0678082572597,-5324.528711750138,3456.1987238405472,6234876597,32.8532,-95.813014
Epargyreus clarus,-418.80498079487717,-4906.233377024582,4042.6760404351967,6234877668,39.386063,-94.879044
Epargyreus clarus,405.5934915297889,-5127.590906437109,3759.396034674928,6234921821,36.162587,-85.477309
Epargyreus clarus,833.7532624077535,-4795.523055769516,4110.665061603155,6234923870,40.181734,-80.137101
Epargyreus clarus,1246.9566205049007,-4723.587638846102,4089.3241659712844,6234960876,39.930989,-75.212122
Epargyreus clarus,588.7726005962963,-4934.535570933024,3986.660087549628,6235170280,38.737272,-83.195823
Epargyreus clarus,-429.9651128439124,-5369.240345915102,3402.372883622845,6235234123,32.278823,-94.578437
Epargyreus clarus,1012.7577082052112,-5067.444455728023,3726.2691317535937,6235249583,35.794441,-78.698017
Epargyreus clarus,-395.8013003339094,-4935.173295591248,4009.633275352554,6235343158,39.002633,-94.585312
Epargyreus clarus,1020.5994382946351,-5065.045105137941,3727.391581139322,6235592037,35.806887,-78.607531
Epargyreus clarus,668.1387480531542,-5143.444388542828,3699.77344779308,6235602968,35.501213,-82.598664
Epargyreus clarus,612.601953076687,-5311.485590454795,3464.475833247381,6235645295,32.941854,-83.420842
Epargyreus clarus,-672.7506411003372,-5152.044195799795,3686.950000895342,6235707757,35.35968,-97.439553
Epargyreus clarus,899.1016023501744,-5074.87497501834,3745.2654680624973,6235751743,36.005341,-79.953315
Epargyreus clarus,-48.67462730446295,-4983.954999726957,3968.3216189002214,6235754937,38.526152,-90.559548
Epargyreus clarus,579.4246748821923,-5302.042588146325,3484.5895840540124,6399830553,33.157659,-83.763278
Euptoieta claudia,-1122.706459854667,-5375.336096129442,3230.3320554280376,5938089617,30.466613,-101.797347
Euptoieta claudia,-799.2929321342169,-5484.738482917907,3141.421288575776,5938398203,29.543267,-98.291368
Euptoieta claudia,-693.4476115775384,-5303.928404581339,3460.8130574693114,6130002067,32.902612,-97.44873
Euptoieta claudia,-741.5781918658323,-5518.551367345712,3096.030639543673,6130129939,29.075133,-97.653509
Euptoieta claudia,-601.1227132224128,-5448.1453461809615,3247.478544996454,6130165525,30.645682,-96.296279
Euptoieta claudia,-1868.9840105522212,-5097.9067009578175,3332.8665089239557,6130333954,31.542448,-110.133842
Euptoieta claudia,-741.5789308536507,-5518.551758735717,3096.0297648999303,6130445315,29.075124,-97.653516
Euptoieta claudia,-831.9117050896397,-5656.5833648272455,2810.825622725814,6130588178,26.179835,-98.366493
Euptoieta claudia,-700.5774122963334,-5595.230457188688,2965.188113763725,6130632693,27.737338,-97.136849
Euptoieta claudia,-787.0858241217173,-5468.551090954292,3172.56962110632,6130772306,29.86577,-98.190306
Euptoieta claudia,-566.5255106230883,-5505.047590365752,3156.462102306778,6131152643,29.698867,-95.875636
Euptoieta claudia,-715.7392210392771,-5668.7688125655395,2818.2495714233337,6131190804,26.254256,-97.196092
Euptoieta claudia,-831.1029313438082,-5474.460190949601,3151.0802377751693,6147348038,29.643163,-98.632419
Euptoieta claudia,-709.0210864629333,-5408.515302101737,3291.656794922539,6159403051,31.108596,-97.468514
Euptoieta claudia,-668.3522173003745,-5300.493431998781,3470.9981015040757,6159522384,33.011775,-97.186638
Euptoieta claudia,-782.1175417081977,-5477.330395367451,3158.6226461249844,6159674632,29.721238,-98.12643
Euptoieta claudia,-849.2305300796811,-5448.247240608342,3191.4201606278066,6170813821,30.061451,-98.85953
Euptoieta claudia,-754.2807470039932,-5455.123911888778,3203.5038302327353,6170898713,30.187091,-97.872379
Euptoieta claudia,-741.6211225887175,-5518.491402775704,3096.1272386157416,6171100388,29.076127,-97.654029
Euptoieta claudia,-544.0931271795197,-5503.361532678052,3163.3412144871327,6171227512,29.770113,-95.646233
Euptoieta claudia,-1307.8299308875203,-5384.021692529439,3145.098474757923,6178397284,29.581286,-103.653251
Euptoieta claudia,888.768169735601,-5571.782172955335,2958.8997426880455,6178515572,27.673462,-80.936967
Euptoieta claudia,-704.3708348976236,-5598.164430840409,2958.7446429011648,6178879676,27.671887,-97.17137
Euptoieta claudia,-727.3963103865854,-5440.3402280661185,3234.7095604086176,6178881121,30.512298,-97.61552
Euptoieta claudia,-746.6046644181364,-5542.518829322441,3051.691273925446,6178970858,28.619886,-97.671844
Euptoieta claudia,-723.8945325093647,-5411.045212746418,3284.2532699374083,6179037473,31.030863,-97.619838
Euptoieta claudia,-830.745641272135,-5477.806431035536,3145.3539567575704,6179103982,29.583928,-98.623572
Euptoieta claudia,-745.0615841592088,-5579.860518573958,2983.2520776406354,6179238768,27.921037,-97.605541
Euptoieta claudia,891.3947329697328,-5174.038376789827,3608.946582483224,6182247344,34.50401,-80.224915
Euptoieta claudia,-786.4163043456199,-5507.566716204125,3104.514679059726,6184769396,29.16247,-98.126239
Euptoieta claudia,-1842.288296876967,-5114.590515652841,3322.1515344820755,6184776191,31.429449,-109.809147
Euptoieta claudia,-665.115777630447,-5276.898695286481,3507.3799753816684,6184946651,33.402826,-97.183845
Euptoieta claudia,-818.5209478829719,-5451.598391264633,3193.720646505429,6185105488,30.085358,-98.538795
Euptoieta claudia,-893.8340108816227,-5441.798438671828,3190.2419412228833,6185226313,30.049209,-99.327738
Euptoieta claudia,-1954.720915109197,-4855.273246966403,3632.5116615097627,6185643499,34.761573,-111.929593
Euptoieta claudia,-510.78062031830797,-5341.132663913977,3435.281379167632,6185687428,32.629553,-95.46267
Euptoieta claudia,-769.1594982109908,-5428.522832418291,3244.8862312726087,6185786671,30.618588,-98.064475
Euptoieta claudia,-670.5701308408763,-5315.049338207623,3448.237138266479,6185866198,32.768009,-97.190697
Euptoieta claudia,-1954.6052905929696,-4855.279814068641,3632.5651012419567,6185944687,34.762158,-111.928392
Euptoieta claudia,-741.2100659702453,-5450.550301806646,3214.321417540148,6187904348,30.299703,-97.744042
Euptoieta claudia,-761.0130608273291,-5460.155447331217,3193.323463400927,6187909404,30.08123,-97.934526
Euptoieta claudia,-1481.491720649996,-4995.003233504425,3666.7258022114615,6187914704,35.136967,-106.52008
Euptoieta claudia,-709.0995536108891,-5408.3272412694305,3291.948876287307,6188210423,31.111664,-97.469588
Euptoieta claudia,-1954.0532273708188,-4854.557568536189,3633.8271736623788,6188226282,34.775975,-111.925738
Euptoieta claudia,-725.3668973218738,-5572.285318570182,3002.2045770390605,6188266300,28.114108,-97.416718
Euptoieta claudia,-617.9598650445632,-5301.746233562425,3478.414237806961,6188321205,33.091346,-96.648271
Euptoieta claudia,-691.1267161824933,-5310.916232906651,3450.545718999367,6188330862,32.792703,-97.414419
Euptoieta claudia,-678.7091849591816,-5315.373570961822,3446.1443343322176,6188582701,32.745629,-97.276605
Euptoieta claudia,-1951.1060044163717,-4853.1546495912935,3637.283111933719,6188597166,34.813822,-111.901528
Euptoieta claudia,999.3926825969527,-5124.297994695942,3651.3747352475675,6188612423,34.968324,-78.964126
Euptoieta claudia,-844.6878166343623,-5053.051820488326,3787.2051596878837,6188621778,36.472975,-99.490039
Euptoieta claudia,-1954.0360092869366,-4854.679900402354,3633.672999695598,6188652804,34.774287,-111.925063
Euptoieta claudia,-829.068680188738,-5485.4895183315,3132.379765846216,6195230407,29.449846,-98.594551
Euptoieta claudia,-1452.2127800107507,-5005.051694100178,3664.7358309482315,6195256815,35.115086,-106.180055
Euptoieta claudia,-794.1338902380628,-5466.445271053504,3174.441776537975,6195258050,29.885187,-98.265778
Euptoieta claudia,-684.8403726997893,-5305.818211930392,3459.63002292812,6195270398,32.889941,-97.354702
Euptoieta claudia,56.54713404744369,-5440.84633655589,3314.173606390408,6195345274,31.345403,-89.404542
Euptoieta claudia,-1954.0502100506103,-4854.700504574427,3633.637835167864,6195372529,34.773902,-111.925123
Euptoieta claudia,-726.3070592673471,-5439.270186345629,3236.7531610037004,6195399354,30.533633,-97.605728
Euptoieta claudia,-749.742445616856,-5453.687673784873,3207.0126522551836,6195400674,30.223604,-97.827637
Euptoieta claudia,-1990.3665646880747,-4914.969677218814,3531.4681281117087,6195433161,33.662708,-112.045983
Euptoieta claudia,-685.2142368039523,-5305.635264491694,3459.8365596572285,6195493175,32.892153,-97.358924
Euptoieta claudia,849.7542987799843,-5084.918921641436,3743.163143881826,6195607663,35.981973,-80.512817
Euptoieta claudia,-1954.044653853677,-4854.619678000209,3633.7488083790868,6195631300,34.775117,-111.925397
Euptoieta claudia,-608.7433943199683,-5465.8973578698815,3216.076908716625,6195648886,30.31799,-96.35491
Euptoieta claudia,-542.8031127819291,-5506.159795187275,3158.6899531759827,6195666387,29.721935,-95.630088
Euptoieta claudia,-2001.1064205367315,-4848.6939008483,3616.0052100682337,6195755114,34.581076,-112.426449
Euptoieta claudia,-778.6187394688241,-5443.228455173905,3217.8828401622263,6232627301,30.336806,-98.140569
Euptoieta claudia,-1992.6574511882745,-4900.972452473234,3549.5828532377964,6232643301,33.858662,-112.125877
Euptoieta claudia,-741.3798303581383,-5518.713445129051,3095.7892349718213,6234226861,29.072649,-97.651264
Euptoieta claudia,-1679.0163442657697,-5085.604730857461,3450.6929400985623,6234235552,32.794278,-108.27068
Euptoieta claudia,-494.3875545910223,-4769.570361391516,4194.822122960466,6234257674,41.179753,-95.917833
Euptoieta claudia,-702.854047444273,-5411.00353209067,3288.888884315026,6234343217,31.079527,-97.40091
Euptoieta claudia,-1695.9422399238479,-5091.805011024264,3433.2280405221727,6234361428,32.607629,-108.421518
Euptoieta claudia,-508.74876219362903,-5331.281486664377,3450.849973063672,6234379847,32.795958,-95.451064
Euptoieta claudia,-664.2009441434749,-5302.256722311883,3469.101308145209,6234393516,32.991435,-97.140112
Euptoieta claudia,-740.0524694237847,-5445.87689759221,3222.499075011292,6234416818,30.384919,-97.738649
Euptoieta claudia,-1537.819184037953,-5188.563625031863,3362.093513850931,6234427058,31.851372,-106.509102
Euptoieta claudia,-813.1246151231425,-5499.828752335178,3111.3445943748416,6234440815,29.232833,-98.409997
Euptoieta claudia,-607.9428179090336,-5466.287007598381,3215.5660482085254,6234541407,30.312668,-96.346172
Euptoieta claudia,-936.4248013184884,-5465.431025053902,3137.184315836625,6234683218,29.499478,-99.722423
Euptoieta claudia,-876.3098498732156,-4958.886273193293,3902.7273932761104,6234704254,37.776002,-100.021563
Euptoieta claudia,-748.9749851392121,-5451.260632019594,3211.315481715629,6234773751,30.268398,-97.823162
Euptoieta claudia,-299.6695220986513,-5356.719415901608,3435.914493479912,6234788129,32.636314,-93.201945
Euptoieta claudia,-651.2178893487736,-5333.714993621246,3423.0326841982487,6234815204,32.49885,-96.961053
Euptoieta claudia,714.938028721566,-5599.565154333714,2953.554947370507,6234857332,27.6192,-82.723989
Euptoieta claudia,815.8488265728936,-5419.506527447928,3248.5524192794505,6234890713,30.656908,-81.439016
Euptoieta claudia,-790.6499190410511,-5465.750205533748,3176.5075989056922,6234892506,29.906617,-98.231045
Euptoieta claudia,-568.3994238520952,-5420.262377997601,3299.6107313296566,6234960537,31.192179,-95.98648
Euptoieta claudia,-666.5685613411945,-5300.887643917072,3470.7390667228615,6235125519,33.008997,-97.167131
Euptoieta claudia,-1613.5336483669282,-4797.156989860313,3869.566785817178,6235203564,37.39966,-108.590472
Euptoieta claudia,-1901.527817495726,-5035.78202124252,3408.055827520726,6235207860,32.339293,-110.686701
Euptoieta claudia,-1680.6861264849833,-5086.023800041434,3449.2621209949284,6235310850,32.778972,-108.286235
Euptoieta claudia,-836.6084917032774,-5455.354853605292,3182.600003539964,6235467512,29.969844,-98.718696
Euptoieta claudia,-806.0511128495546,-5413.309360932177,3261.305949461886,6236162568,30.79033,-98.469214
Euptoieta claudia,-832.7258059132051,-5470.297237776872,3157.8741254543957,6251998336,29.713487,-98.655503
Euptoieta claudia,-619.6870925303216,-5290.419196460432,3495.3119693028393,6352424375,33.272919,-96.680831
Euptoieta claudia,-777.3047888903208,-5462.571292114231,3185.257489342904,6413694950,29.997436,-98.09862
Euptoieta claudia,-610.7533003420035,-5228.09703952154,3589.391993241319,6480327221,34.290884,-96.663168
Euptoieta claudia,-651.0378960071872,-5333.788425688752,3422.9525000544013,6500105200,32.497995,-96.959053
Eurema lisa,-741.5398095160557,-5518.542294806454,3096.056004178968,6129815589,29.075394,-97.65313
Eurema lisa,902.84517626609,-5519.662206325059,3050.8937781308086,6129918033,28.611716,-80.710455
Eurema lisa,-831.9475138411409,-5656.7280876456725,2810.5237601435642,6130116649,26.17681,-98.366637
Eurema lisa,-766.9046050654579,-5472.151094269902,3171.304598723928,6130154316,29.852652,-97.977861
Eurema lisa,743.6514677291935,-5618.458087635638,2910.2687748218973,6130432090,27.180728,-82.460234
Eurema lisa,-627.8873632323546,-5536.818875754173,3088.551007489248,6130501042,28.998197,-96.469827
Eurema lisa,-817.2025333789444,-5464.480013894125,3171.969628932177,6130595625,29.859548,-98.505441
Eurema lisa,823.2325200382855,-5634.147633777249,2858.0450990897743,6130804624,26.654003,-81.687063
Eurema lisa,-693.709332341179,-5590.989473076903,2974.7869173847457,6131187442,27.834913,-97.072901
Eurema lisa,-792.0102256904057,-5481.198633281119,3149.433992735276,6159252626,29.62613,-98.222092
Eurema lisa,-831.9692844648492,-5656.595623121712,2810.7839112718652,6178485808,26.179417,-98.367046
Eurema lisa,-827.5875854689433,-5655.428011129072,2814.424617749033,6184752882,26.215907,-98.325293
Eurema lisa,101.3056801335932,-5491.863248588823,3227.8364809341765,6185300616,30.440578,-88.943213
Eurema lisa,778.153837998254,-5556.063947573637,3019.0036675298143,6185378340,28.285533,-82.027306
Eurema lisa,-791.8806130203409,-5665.018923759264,2805.3945921829604,6185570833,26.125422,-97.957488
Eurema lisa,-748.8372726210852,-5672.351352189622,2802.3964755407856,6185789454,26.095395,-97.520433
Eurema lisa,-461.85267147466584,-5535.123797073982,3120.713025991728,6185905039,29.329427,-94.769731
Eurema lisa,-719.7530458076562,-5596.424791988298,2958.333691513988,6186095569,27.667714,-97.328549
Eurema lisa,-801.5546988503237,-5477.048467052141,3154.2357686118175,6234433470,29.67582,-98.326013
Eurema lisa,-769.805522367766,-5428.287165357696,3245.127276059052,6235035015,30.621107,-98.071505
Eurema lisa,716.0451901997835,-5557.011922629283,3032.5980457398564,6235128165,28.424458,-82.657647
Eurema lisa,-777.5220257132358,-5500.196460011155,3119.7838916323963,6235152426,29.319843,-98.046166
Eurema lisa,-542.4515059777574,-5506.324733316591,3158.4628262187725,6235270635,29.719583,-95.626297
Eurema lisa,-929.3163395371391,-5569.090024730254,2951.5014089775927,6236386538,27.598359,-99.47368
Eurema lisa,-511.2869327634931,-5545.441816382726,3094.578139775532,6252423609,29.060188,-95.267749
Eurema lisa,867.0885227110608,-5515.80093902262,3068.199899702979,6252979477,28.789153,-81.066168
Eurema lisa,-58.92572441756031,-5380.836150402775,3410.701278505336,6253282357,32.367456,-90.627423
Eurema lisa,-753.2172283953003,-5453.6514548111645,3206.2599311287922,6273493721,30.21577,-97.863514
Eurema lisa,-560.9572088483252,-5515.232771667082,3139.63176405259,6320351449,29.52477,-95.807612
Eurema lisa,-741.3689798935134,-5518.582312141504,3096.025586045441,6321164321,29.075081,-97.651333
Eurema lisa,-625.0583079702452,-5261.453089347851,3537.8194739000965,6334673348,33.731362,-96.77496
Eurema lisa,-560.2780844082752,-5515.282525794481,3139.665628450787,6335036511,29.52512,-95.800577
Eurema lisa,-739.0177909241273,-5443.462165101382,3226.8135197877223,6352299814,30.429908,-97.731347
Eurema lisa,-639.8485431916192,-5305.931021632153,3468.0604039051254,6352645470,32.980275,-96.876163
Eurema lisa,-712.2060585315492,-5334.701973918029,3409.3211214761627,6353165882,32.352762,-97.604272
Eurema lisa,-461.82963997589167,-5535.127577084272,3120.7097299682273,6398567284,29.329393,-94.769491
Eurema lisa,-624.9521698431831,-5301.141719807164,3478.086310258227,6398699483,33.087826,-96.723572
Eurema lisa,-636.0544077930431,-5463.511356818421,3214.8454976749053,6398793262,30.305162,-96.640403
Eurema lisa,-648.386216542174,-5299.793091850443,3475.8512090493587,6398987461,33.063838,-96.975007
Eurema lisa,-779.2564903851328,-5472.846246492727,3167.091159742729,6399111019,29.808972,-98.103644
Eurema lisa,-396.88298475142824,-5116.725637574131,3775.096790266951,6399174297,36.337677,-94.435313
Eurema lisa,-820.7829945179999,-5494.39337220285,3118.927680642964,6399241492,29.311012,-98.496332
Eurema lisa,-459.78291440529716,-5536.845474744547,3117.9632759381957,6399464875,29.301066,-94.746984
Eurema lisa,-544.933253469564,-5508.160387251554,3154.8328049602446,6399961625,29.682,-95.65
Eurema lisa,-542.4363237302933,-5506.337085843677,3158.4438987320873,6400006652,29.719387,-95.626128
Eurema lisa,-665.310402039908,-5324.090864475582,3435.283345726025,6400031699,32.629574,-97.122887
Eurema lisa,-517.0396514675413,-5515.784741673219,3146.194814694833,6400058883,29.592624,-95.355154
Eurema lisa,-459.42079245744134,-5535.423839960094,3120.5397893852705,6400152361,29.32764,-94.744475
Eurema lisa,-547.3808087424923,-5234.00310516111,3591.008058339845,6400504518,34.308477,-95.970385
Eurema lisa,-793.5079533782521,-5485.204378370473,3142.074344300002,6400651972,29.550018,-98.231494
Eurema lisa,-815.8735948220815,-5487.0400574088235,3133.1285985960603,6400944391,29.45758,-98.457403
Eurema lisa,-612.7547874384784,-5475.394976525859,3199.1146511471015,6400945325,30.141436,-96.385437
Eurema lisa,-260.1561742734311,-5402.146177588207,3367.3266207236206,6412940997,31.906794,-92.757116
Eurema lisa,-604.5308249755263,-5450.144908989762,3243.4882583947833,6412945983,30.60398,-96.329383
Eurema lisa,-638.1975549714526,-5462.9360112388285,3215.39844305739,6412960550,30.310922,-96.663272
Eurema lisa,-733.47349302069,-5443.71935425744,3227.644552424635,6413031358,30.438576,-97.67368
Eurema lisa,-664.1614506509172,-5293.418783272016,3482.57954425304,6413043993,33.136069,-97.151489
Eurema lisa,-508.24007216191893,-5511.36535269362,3155.3600599384245,6413085631,29.687458,-95.268728
Eurema lisa,-784.5149543264215,-5665.2676169517645,2806.961389907835,6413119750,26.141117,-97.884065
Eurema lisa,-742.2422133950416,-5451.33849330391,3212.7462174524344,6413361087,30.283297,-97.753587
Eurema lisa,-727.8440824088966,-5450.9853625674405,3216.6371723362427,6413549035,30.323827,-97.605446
Eurema lisa,-221.31542940259868,-4950.6063932249535,4004.031587006526,6413655955,38.937837,-92.559687
Eurema lisa,-560.9047195874521,-5277.400227839785,3524.795860814998,6414030558,33.590644,-96.066865
Eurema lisa,-677.396252973366,-5542.481379273411,3067.863687738193,6414071471,28.785703,-96.968072
Eurema lisa,-617.4723875616644,-5307.362837580824,3469.9251707410567,6422213040,33.000269,-96.636106
Eurema lisa,-744.5297694883689,-5451.738179128605,3211.538475287903,6422285326,30.27072,-97.776628
Eurema lisa,-568.6366591945106,-5504.500912793859,3157.035821866631,6422308756,29.704807,-95.897959
Eurema lisa,-782.0700474388967,-5477.2983623572545,3158.6899531759827,6422348493,29.721935,-98.12599
Eurema lisa,-811.4450922102628,-5499.181133727428,3112.9273763551937,6422420699,29.249146,-98.393848
Eurema lisa,-70.3679046874646,-4987.266146462352,3963.8337341540823,6422485428,38.47458,-90.808362
Eurema lisa,-744.5711607694815,-5450.899484873623,3212.9521817220198,6422500535,30.285442,-97.778237
Eurema lisa,-560.235348588925,-5515.300306351514,3139.64202013984,6422783654,29.524876,-95.800119
Eurema lisa,-491.78389249269424,-5343.1851764004505,3434.861555209562,6422891556,32.62507,-95.258657
Eurema lisa,-888.2701561073667,-5445.5671909857365,3185.3613967501615,6422937460,29.998515,-99.264382
Eurema lisa,-487.94255973738615,-5529.6608110189245,3126.422316827317,6422969980,29.388338,-95.042773
Eurema lisa,-842.5006780291703,-5487.485928832815,3125.291013339347,6431064614,29.376662,-98.728537
Eurema lisa,-753.8348133575053,-5453.54883640267,3206.2893339215,6431252613,30.216076,-97.870027
Eurema lisa,-788.0417921060025,-5177.385192242222,3628.1435796730475,6431253074,34.71377,-98.654476
Eurema lisa,-514.5650791331698,-5524.655965038769,3130.9986229597203,6431355706,29.435583,-95.321163
Eurema lisa,-548.2662446890321,-5491.122469327179,3183.823374727657,6431359948,29.982545,-95.701853
Eurema lisa,-734.8273793015196,-5458.709937267156,3201.91625016756,6431529309,30.170575,-97.666815
Eurema lisa,-727.8858196150723,-5442.832684180406,3230.403648973026,6431713946,30.46736,-97.617136
Eurema lisa,-70.47028137619371,-4987.265600380975,3963.8326024665553,6431742696,38.474567,-90.809538
Eurema lisa,777.0894642532404,-5555.860184259523,3019.6527461255855,6431801887,28.292162,-82.037783
Eurema lisa,-753.1015154841808,-5454.039277126874,3205.627364590311,6431887861,30.209187,-97.861769
Eurema lisa,-754.2340100060713,-5676.503948944834,2792.523429703196,6440953511,25.996568,-97.568528
Eurema lisa,-197.66328917968087,-5346.600559568885,3458.9803136482,6441079760,32.882983,-92.117255
Eurema lisa,-290.5878956949034,-5456.496188883247,3275.967207597728,6441098901,30.943939,-93.04843
Eurema lisa,-636.5829090233818,-5256.718297506996,3542.7994679733024,6441101564,33.785231,-96.904835
Eurema lisa,-1012.7393883363882,-5665.420051088806,2732.604564460504,6441142358,25.398557,-100.135033
Eurema lisa,-741.5893539794264,-5518.503087174891,3096.114021896319,6441358028,29.075991,-97.653689
Eurema lisa,-816.9396882698472,-5464.953753796026,3171.2210809525277,6441448952,29.851786,-98.502019
Eurema lisa,-452.1169648154355,-4936.287978265062,4002.299885745612,6441460690,38.917818,-95.233147
Eurema lisa,-818.8633398898033,-5489.653009094052,3127.7669030806264,6441632525,29.402217,-98.483963
Eurema lisa,-733.3112813117351,-5446.755127501411,3222.5558607129624,6441647088,30.385511,-97.667778
Eurema lisa,-822.7606328626441,-5479.404164456908,3144.6697876281364,6442015784,29.576853,-98.539458
Eurema lisa,-707.974543108878,-5270.913574486823,3507.990203275624,6451629573,33.4094,-97.650025
Eurema lisa,-782.0839859968248,-5477.281893019008,3158.715060421068,6451733845,29.722195,-98.126157
Eurema lisa,-515.8488208317458,-5551.812863211872,3082.3736074004923,6470597916,28.934699,-95.308418
Eurema lisa,-753.2649087112326,-5455.805872752934,3202.581362872188,6500043102,30.177494,-97.860939
Eurytides marcellus,753.1148274092284,-5601.639977223096,2940.1021669305696,6131007426,27.482742,-82.342761
Eurytides marcellus,810.1595414343152,-5450.640173323937,3197.4859418060905,6163580687,30.1245,-81.5457
Eurytides marcellus,782.8248374054868,-5457.846129873896,3191.9984376937045,6165266313,30.06746,-81.837673
Eurytides marcellus,801.2187671061669,-5466.268327617767,3172.9658345776706,6178317147,29.869879,-81.661245
Eurytides marcellus,894.086699292088,-5571.533251254716,2957.765936308935,6178473754,27.661949,-80.88324
Eurytides marcellus,894.5051719580288,-5571.48997465357,2957.7209282406156,6178559327,27.661492,-80.878975
Eurytides marcellus,892.9420967385238,-5571.689727654083,2957.816951791238,6178656464,27.662467,-80.894967
Eurytides marcellus,683.5401327129498,-5161.520455539159,3671.6798068049234,6178673093,35.191465,-82.456216
Eurytides marcellus,-485.8843337346906,-5467.179939463831,3234.750848741351,6178715199,30.512729,-95.078701
Eurytides marcellus,893.4820659093236,-5571.7423348379925,2957.5547808535885,6178779129,27.659805,-80.889638
Eurytides marcellus,893.4171777414401,-5571.739513382229,2957.5796982007296,6178815794,27.660058,-80.890284
Eurytides marcellus,894.4286957934466,-5571.854285933771,2957.057702199965,6178816537,27.654758,-80.880328
Eurytides marcellus,528.3173460180458,-5482.100862596884,3202.6870037342687,6179019621,30.178593,-84.495329
Eurytides marcellus,922.4845607831847,-5558.967872264702,2972.6505949947996,6179095106,27.813189,-80.577897
Eurytides marcellus,892.8440571244272,-5571.71777756898,2957.7937092462707,6179333196,27.662231,-80.895995
Eurytides marcellus,770.1495200422083,-5599.044249714639,2940.6336623581033,6179496733,27.48813,-82.168102
Eurytides marcellus,175.3727286862113,-5194.730567889018,3684.2600156272933,6184750278,35.330022,-88.066444
Eurytides marcellus,559.815446870969,-5073.705781958805,3812.3312334108496,6184993876,36.754489,-83.703647
Eurytides marcellus,561.3531011413921,-5133.985644686036,3730.5264006134694,6185038707,35.841657,-83.760033
Eurytides marcellus,59.603511352070335,-5077.749426797024,3847.4226840541496,6185053489,37.149395,-89.327483
Eurytides marcellus,623.2440053814693,-5258.850704863484,3542.006395165082,6185093553,33.77665,-83.241211
Eurytides marcellus,748.8803683941911,-5481.400668943166,3159.6167536618473,6185133188,29.731533,-82.220297
Eurytides marcellus,-61.46361397154301,-4972.972354351324,3981.8992097606438,6185198858,38.682403,-90.708113
Eurytides marcellus,625.5801650909366,-5021.507974609654,3870.7699812380843,6185238026,37.413282,-82.898671
Eurytides marcellus,-336.8651352766856,-5115.3996593987695,3782.71877555488,6185238844,36.422817,-93.767667
Eurytides marcellus,442.3127956830232,-4945.539780347941,3991.9605210283016,6185258857,38.798409,-84.889252
Eurytides marcellus,614.0784225308785,-5247.195318766351,3560.842892824101,6185275609,33.980693,-83.325047
Eurytides marcellus,1199.4240461072545,-4972.476802212067,3798.1060462762225,6185308123,36.594983,-76.438592
Eurytides marcellus,753.7921663143587,-5125.065349661408,3708.8078490777243,6185406513,35.601076,-81.632953
Eurytides marcellus,730.1701714886566,-5539.119077397338,3061.8237207191605,6185452442,28.723744,-82.490531
Eurytides marcellus,1.2339923753669926,-5209.442509395261,3667.6232560400545,6185488366,35.146837,-89.986428
Eurytides marcellus,655.0566121233003,-4885.732997424803,4036.1202958367617,6185516417,39.309823,-82.363586
Eurytides marcellus,-384.29965008053256,-5443.221986458545,3288.373658019981,6185583063,31.074117,-94.038467
Eurytides marcellus,1032.3279565836829,-4843.463027931068,4008.1065376057563,6185731059,38.984967,-77.968108
Eurytides marcellus,857.5694128508048,-5540.833657659114,3025.4735513588753,6185765002,28.351628,-81.201989
Eurytides marcellus,893.5683702737488,-5524.340863842069,3045.1513455669847,6185795039,28.552906,-80.811922
Eurytides marcellus,800.6481032113763,-5134.280780408988,3686.173708932385,6185806502,35.35112,-81.136589
Eurytides marcellus,714.0585626496951,-5513.249923715841,3111.904365084403,6185880387,29.238602,-82.620314
Eurytides marcellus,556.4318390029829,-5468.421126102268,3221.258624485094,6186059220,30.371988,-84.189942
Eurytides marcellus,1005.0663436884714,-5065.436685862459,3731.078390489922,6186125588,35.847781,-78.777331
Eurytides marcellus,752.7777506309535,-5490.1892605228,3143.3899967189154,6186160477,29.56362,-82.192672
Eurytides marcellus,749.0676816067149,-5481.575433207441,3159.269141448133,6186167520,29.727933,-82.21862
Eurytides marcellus,483.41377962265943,-4917.835947864334,4021.31245207851,6186406411,39.13792,-84.385971
Eurytides marcellus,494.07056818857006,-5002.7309069340035,3913.8639317347947,6187461549,37.902821,-84.359749
Eurytides marcellus,1138.5504884547513,-4871.260244083972,3945.1590017797553,6187904113,38.260376,-76.844528
Eurytides marcellus,1056.7092933254116,-4833.27905726959,4014.0418724318665,6187933187,39.05367,-77.667367
Eurytides marcellus,1079.635289860487,-4955.403314620711,3855.919962863775,6188017913,37.24533,-77.709022
Eurytides marcellus,1003.133458022188,-4917.863167597044,3924.041062459242,6188063612,38.018906,-78.471107
Eurytides marcellus,547.9999875757859,-5003.709397434868,3905.424613190781,6188107979,37.806697,-83.749947
Eurytides marcellus,675.0399730666055,-4881.255478585307,4038.244558867207,6188128349,39.334518,-82.126376
Eurytides marcellus,650.6680990534157,-5456.323979493949,3224.1142636933573,6188130160,30.401759,-83.199577
Eurytides marcellus,495.1465552223105,-4917.1343182831115,4020.742856051776,6188131002,39.131316,-84.249802
Eurytides marcellus,476.2774954561795,-5102.69103521204,3784.8985555977715,6188139741,36.447183,-84.667548
Eurytides marcellus,459.9454872936791,-4924.452796724664,4015.9641347036772,6188168114,39.075935,-84.664036
Eurytides marcellus,280.21672125346896,-5142.492782366949,3750.466597919683,6188170355,36.063183,-86.881012
Eurytides marcellus,471.53496334135417,-5207.274421411489,3640.2885885788974,6188176431,34.84675,-84.8258
Eurytides marcellus,1092.0121521489393,-4931.67817857537,3882.758417954947,6188232595,37.549145,-77.514558
Eurytides marcellus,598.0575024070168,-4958.537991453726,3955.373729599034,6188250255,38.377463,-83.122681
Eurytides marcellus,392.3733953141319,-5146.304485713929,3735.150115945513,6188286772,35.892969,-85.639992
Eurytides marcellus,389.08882244734724,-4998.55984023381,3931.000196072969,6188291698,38.098391,-85.549061
Eurytides marcellus,433.3291277399038,-5206.610959943393,3645.9815288241584,6188377987,34.909158,-85.242425
Eurytides marcellus,-53.66932456068149,-4982.712908941665,3969.8167212536064,6188404223,38.543341,-90.617115
Eurytides marcellus,1067.3025120719724,-4848.449941602608,3992.887631924539,6188408717,38.809108,-77.585328
Eurytides marcellus,12.927933460482404,-5368.158346556172,3431.102150113457,6188427827,32.584936,-89.862017
Eurytides marcellus,58.00452048776902,-5127.098479394061,3781.434884785871,6188558684,36.408469,-89.351822
Eurytides marcellus,548.3516699042283,-5469.620788736333,3220.60739662785,6188578923,30.3652,-84.274995
Eurytides marcellus,238.78309490937394,-5226.520307039371,3635.4121146533053,6188674331,34.79333,-87.384157
Eurytides marcellus,949.0219816442748,-4848.98602995134,4021.9951379098097,6191849371,39.145836,-78.9263
Eurytides marcellus,1128.1897313235813,-4812.772330918572,4019.2242473589445,6195232296,39.113712,-76.807175
Eurytides marcellus,593.8262290686015,-4936.171815069655,3983.883953061327,6195264106,38.705272,-83.140228
Eurytides marcellus,1108.8439301592432,-4830.52525588677,4003.279158448296,6195279047,38.929138,-77.071761
Eurytides marcellus,1139.8712086037165,-4838.164600510496,3985.299242947868,6195287849,38.721584,-76.742879
Eurytides marcellus,897.1431855688062,-5578.172168777542,2944.2966035609506,6195310653,27.52527,-80.863303
Eurytides marcellus,1150.2416903155158,-4870.338367329674,3942.9051943020477,6195351323,38.234567,-76.711783
Eurytides marcellus,1076.404996738018,-4847.146448919053,3992.0266426223006,6195377176,38.799172,-77.479513
Eurytides marcellus,1106.1782171871296,-4941.160463800651,3866.659559939493,6195430871,37.366756,-77.381249
Eurytides marcellus,1079.5375216111017,-4827.167456601128,4015.32143358937,6195446440,39.06849,-77.393921
Eurytides marcellus,1158.1702738357872,-4907.146506967052,3894.65119178106,6195525802,37.684169,-76.720238
Eurytides marcellus,472.7078975242807,-4912.839833046881,4028.685287798429,6195578285,39.223458,-84.503984
Eurytides marcellus,1157.8341015029378,-4838.501617337545,3979.7079568853146,6195627725,38.657163,-76.542412
Eurytides marcellus,1043.114734893143,-4843.282672750488,4005.530892573559,6195712714,38.955174,-77.845667
Eurytides marcellus,675.8948671840558,-4881.964868999268,4037.243896032123,6195714908,39.322884,-82.117661
Eurytides marcellus,987.871447820606,-5040.008302251388,3769.9044345308457,6195742742,36.27973,-78.910278
Eurytides marcellus,509.36506611906015,-4922.912971891038,4011.8858695483736,6195750176,39.028706,-84.092728
Eurytides marcellus,-122.45903267477547,-5477.052452887976,3252.1767084996472,6195780297,30.694805,-91.280838
Eurytides marcellus,166.73110520690074,-5094.990125050679,3821.3910417372863,6195859340,36.856249,-88.125692
Eurytides marcellus,174.66262877103085,-5090.9939443111325,3826.35946491905,6195901995,36.912112,-88.035058
Eurytides marcellus,1162.6767885294382,-4842.139714479664,3973.8669832483215,6195951526,38.589927,-76.497965
Eurytides marcellus,1056.566111419751,-4881.538805302522,3955.249685443691,6195954541,38.37604,-77.787217
Eurytides marcellus,1080.867380069411,-4879.813548090241,3950.809862832462,6196011384,38.325126,-77.510758
Eurytides marcellus,494.071931609598,-5002.731321419173,3913.863229823516,6216344314,37.902813,-84.359734
Eurytides marcellus,1001.2368503727657,-4920.002114943349,3921.843582817401,6234251304,37.993825,-78.497192
Eurytides marcellus,853.7154077111367,-4830.7738522504515,4065.0396210525887,6234252286,39.64677,-79.97792
Eurytides marcellus,238.5076759793169,-5344.73490569635,3459.2883669921766,6234268358,32.886282,-87.444883
Eurytides marcellus,591.1278452425272,-4834.006193501087,4107.63984806963,6234344853,40.146133,-83.028183
Eurytides marcellus,298.4095341567868,-5195.097031350992,3675.822590176228,6234369420,35.237067,-86.712508
Eurytides marcellus,1095.240343910706,-4830.2176397928815,4007.393076674845,6235013592,38.976713,-77.224346
Eurytides marcellus,-447.49091385734795,-4848.477396304683,4108.743354021411,6235104699,40.159117,-95.273183
Eurytides marcellus,-406.89629851309525,-5442.48343243588,3286.8773356477345,6235784639,31.058407,-94.275649
Eurytides marcellus,420.8911561905043,-5346.598968138212,3438.9654313792503,6498447349,32.668902,-85.498885
Heliconius charithonia,982.7882986724371,-5634.3645650302815,2806.744776070866,5938213335,26.138947,-80.105583
Heliconius charithonia,-1033.1378110638605,-5651.86011576315,2752.972325482654,5938632132,25.601498,-100.359073
Heliconius charithonia,980.8758685026795,-5635.579826664897,2804.9733826819456,5938689942,26.121203,-80.126545
Heliconius charithonia,732.1519310756557,-5530.427019012143,3077.025132637055,6129870149,28.879753,-82.458685
Heliconius charithonia,970.406720793731,-5653.9840402731215,2771.376625118395,6129873723,25.785172,-80.261078
Heliconius charithonia,975.5456981530965,-5635.18436962248,2807.6254808743483,6130160400,26.14777,-80.178475
Heliconius charithonia,975.2558721881318,-5629.304323279636,2819.4967546257603,6130621105,26.266763,-80.17128
Heliconius charithonia,964.8633673841316,-5684.523691170299,2710.1627656805413,6130730309,25.175345,-80.366705
Heliconius charithonia,-831.7989254511399,-5656.678590881291,2810.66735789937,6130762000,26.178249,-98.365236
Heliconius charithonia,928.593278882626,-5550.947211027226,2985.70807556273,6130799809,27.946037,-80.50318
Heliconius charithonia,949.4268940885381,-5669.7501564894965,2746.320240876174,6130909388,25.53518,-80.493747
Heliconius charithonia,971.0360405922703,-5629.542057632751,2820.4783918499247,6131038516,26.276608,-80.213389
Heliconius charithonia,964.3428925189208,-5656.532083492474,2768.2920192324314,6131204488,25.754368,-80.325057
Heliconius charithonia,974.3689927721063,-5625.068263024542,2828.244195948394,6131228490,26.354522,-80.172793
Heliconius charithonia,970.8148352988471,-5602.738709152264,2873.428377775915,6131424542,26.808903,-80.169678
Heliconius charithonia,839.6397219236101,-5640.229143454598,2841.227459456721,6131531080,26.4849,-81.532775
Heliconius charithonia,-831.8984562534084,-5656.614667830725,2810.7665480866485,6131550057,26.179243,-98.366316
Heliconius charithonia,963.3882271376431,-5631.346020084199,2819.499646315261,6131697699,26.266792,-80.292046
Heliconius charithonia,979.4827548950534,-5622.3524024466205,2831.875725600146,6133038980,26.390975,-80.117553
Heliconius charithonia,983.2232798865259,-5619.736040800724,2835.7700794126495,6133112004,26.430079,-80.076035
Heliconius charithonia,971.5292456208849,-5625.359889051037,2828.6410470818773,6133321876,26.358505,-80.201376
Heliconius charithonia,974.053811549122,-5631.352098579026,2815.8206341515543,6133406392,26.229902,-80.186659
Heliconius charithonia,980.7969308141571,-5622.865649859195,2830.4014545319365,6133468566,26.376175,-80.105441
Heliconius charithonia,963.9669439613589,-5662.397740120298,2756.40575628984,6133581852,25.635742,-80.338587
Heliconius charithonia,892.3668203184934,-5524.506494233571,3045.2032087930006,6159485382,28.553437,-80.824337
Heliconius charithonia,968.8495321892456,-5618.605166892769,2842.9491188236184,6162779740,26.5022,-80.21636
Heliconius charithonia,890.9147067991358,-5506.215718970095,3078.5731388182244,6162787941,28.895653,-80.809102
Heliconius charithonia,981.5479287343336,-5620.1611338279035,2835.508000885383,6162860531,26.427447,-80.093344
Heliconius charithonia,967.7399968159848,-5637.567852639661,2805.541148356922,6163035364,26.12689,-80.259589
Heliconius charithonia,984.32233279795,-5622.700211824061,2829.506141146596,6163114608,26.367188,-80.070296
Heliconius charithonia,980.7892377288811,-5622.928218330428,2830.2798187345443,6163157323,26.374954,-80.105625
Heliconius charithonia,970.8576105066012,-5629.934247547708,2819.7569040767094,6163262550,26.269372,-80.215821
Heliconius charithonia,954.9153733987741,-5642.453183287548,2800.1092538921275,6163276855,26.072493,-80.394414
Heliconius charithonia,982.8130819935235,-5619.433772730277,2836.5111756237075,6163338260,26.437522,-80.07957
Heliconius charithonia,981.2661506040137,-5621.089525357027,2833.7647078185114,6163344680,26.409941,-80.097735
Heliconius charithonia,816.8215915625054,-5659.04151452182,2810.303320667238,6163581179,26.174601,-81.786697
Heliconius charithonia,930.2526675215216,-5560.434937304469,2967.481493160551,6170833389,27.760643,-80.502456
Heliconius charithonia,708.8184552829046,-5584.139942247306,2984.076177399974,6171110904,27.929425,-82.765892
Heliconius charithonia,965.250933073142,-5684.227913212557,2710.6450886337157,6171218617,25.180138,-80.362416
Heliconius charithonia,966.7445448851321,-5640.603240025839,2799.7773488658486,6178496392,26.06917,-80.274553
Heliconius charithonia,856.1714190452914,-5527.639507333797,3049.9057539291243,6178836722,28.601595,-81.195469
Heliconius charithonia,965.9940693682272,-5657.129386048442,2766.495200995302,6178917329,25.736428,-80.309809
Heliconius charithonia,928.8515288854954,-5551.092454505864,2985.3576885345874,6179061621,27.94247,-80.500831
Heliconius charithonia,865.921317627493,-5665.689715668599,2782.066398762396,6179211299,25.891986,-81.310386
Heliconius charithonia,746.0971261114607,-5571.708279237133,2998.1926320978846,6179384986,28.073209,-82.373
Heliconius charithonia,1077.7146534386975,-5652.39617275571,2734.721514461307,6179510615,25.419634,-79.205258
Heliconius charithonia,980.8101548249709,-5622.909576785124,2830.3096051788725,6185313512,26.375253,-80.105386
Heliconius charithonia,958.7971218501866,-5643.045349184319,2797.588317794178,6185320884,26.047256,-80.357092
Heliconius charithonia,983.3107743830573,-5625.2993365271195,2824.68766859757,6185633108,26.318833,-80.08479
Heliconius charithonia,944.2310668653375,-5567.149237647205,2950.4288142247938,6186014092,27.587475,-80.373805
Heliconius charithonia,965.6412079970019,-5631.980678847395,2817.4605268193477,6186015632,26.246344,-80.270852
Heliconius charithonia,805.4658945210297,-5643.0663382562625,2845.484163456182,6186109428,26.527678,-81.876728
Heliconius charithonia,960.2446541867977,-5660.0505381880475,2762.519002457776,6188569143,25.696738,-80.371278
Heliconius charithonia,975.2246710079788,-5597.909895379331,2881.335588568085,6195597702,26.888606,-80.117552
Heliconius charithonia,701.7924013836981,-5587.425605606141,2979.5831347445874,6195711807,27.883701,-82.841019
Heliconius charithonia,978.5048340228996,-5632.57793361942,2811.8227613373556,6195932197,26.189828,-80.144797
Heliconius charithonia,979.8883703412878,-5622.316843176849,2831.806000819484,6196020448,26.390275,-80.11348
Heliconius charithonia,979.8661465139745,-5622.302454668225,2831.8422577581796,6234412953,26.390639,-80.113675
Heliconius charithonia,967.5879230342805,-5630.455366642288,2819.8402623419483,6234563723,26.270208,-80.249024
Heliconius charithonia,974.8974512576928,-5597.418302971083,2882.401157155784,6234830697,26.899351,-80.119952
Heliconius charithonia,974.3635834027016,-5647.2963829819955,2783.597007430234,6235088552,25.907288,-80.210777
Heliconius charithonia,984.0110413314449,-5619.312226243649,2836.336634499489,6235124854,26.435769,-80.067508
Heliconius charithonia,957.7409159623074,-5661.255641368193,2760.918331035152,6235812173,25.680764,-80.397922
Heliconius charithonia,732.1142750556099,-5609.40888373654,2930.5790883364357,6235958752,27.386247,-82.56405
Heliconius charithonia,980.8473293219864,-5622.915728540002,2830.2845008897616,6236180954,26.375001,-80.105029
Heliconius charithonia,976.675075330089,-5641.592160445828,2794.332983397394,6236290437,26.014675,-80.178277
Heliconius charithonia,969.0818206258712,-5657.216704778166,2765.236465438127,6236471316,25.723862,-80.279572
Heliconius charithonia,965.3072411720409,-5642.42291750354,2796.604848713723,6251644137,26.037412,-80.291809
Heliconius charithonia,958.0383490802536,-5664.528593779935,2754.093582581849,6251670490,25.61268,-80.400442
Heliconius charithonia,978.840391462582,-5627.642138862281,2821.572004153073,6251900583,26.287577,-80.133007
Heliconius charithonia,971.8751439923888,-5603.882150780273,2870.8390192300017,6251969863,26.782815,-80.16112
Heliconius charithonia,977.0738322224154,-5593.612396304886,2889.044862228338,6252064410,26.966368,-80.091728
Heliconius charithonia,949.438847916035,-5669.759575640114,2746.2966624497312,6252365324,25.534945,-80.493645
Heliconius charithonia,704.9994839526424,-5587.026519312078,2979.5743873592937,6252525846,27.883612,-82.808137
Heliconius charithonia,964.222207271036,-5638.470201758525,2804.9389384733463,6252904463,26.120858,-80.295845
Heliconius charithonia,849.6148906894625,-5646.266038124752,2826.232031152994,6253314335,26.334329,-81.442689
Heliconius charithonia,976.6899094417961,-5639.010674647978,2799.5336328892654,6253329258,26.06673,-80.173722
Heliconius charithonia,765.6624680808153,-5513.785142155558,3098.65898749676,6273150033,29.102182,-82.094275
Heliconius charithonia,981.793017893555,-5648.857246299514,2777.8134225722165,6274149737,25.849478,-80.140267
Heliconius charithonia,957.9018528185477,-5641.8074966798395,2800.3902121760443,6274243545,26.075306,-80.363853
Heliconius charithonia,823.5907322103745,-5544.8211241956915,3027.6079891835134,6274336324,28.373442,-81.551437
Heliconius charithonia,837.4105725852463,-5503.998314707165,3097.498864293669,6320123751,29.090242,-81.349029
Heliconius charithonia,942.4822511968403,-5564.9490805459445,2955.1348643991228,6320169138,27.635237,-80.387573
Heliconius charithonia,959.9925508943651,-5660.438468711022,2761.8116832690066,6321198496,25.689679,-80.374406
Heliconius charithonia,967.7391817584233,-5637.56605494735,2805.5450418541413,6334733306,26.126929,-80.259594
Heliconius charithonia,966.4166061692131,-5642.876485809936,2795.306251359792,6334888557,26.024415,-80.281631
Heliconius charithonia,743.7926017530233,-5579.199233678981,2984.80512030028,6352996895,27.936845,-82.406372
Heliconius charithonia,984.510841556346,-5605.775544641817,2862.8258898562444,6353332460,26.70212,-80.039047
Heliconius charithonia,980.4812525791053,-5632.6788436374545,2810.931996234945,6353416756,26.180901,-80.125456
Heliconius charithonia,-1025.4536108057982,-5650.749546902218,2758.120298309549,6399350775,25.652846,-100.285653
Heliconius charithonia,970.1748401347365,-5619.296583884236,2841.1300237042883,6400002368,26.483921,-80.204418
Heliconius charithonia,957.3861283178577,-5639.200006092874,2805.8132906991696,6400189812,26.129616,-80.364574
Heliconius charithonia,958.3059911458338,-5587.248734487188,2907.585654109395,6400191448,27.153606,-80.267521
Heliconius charithonia,962.5497694376113,-5639.817495324167,2802.803897968689,6400404377,26.099475,-80.314628
Heliconius charithonia,968.7297061024474,-5619.225079465573,2841.7644857547984,6400553470,26.490296,-80.218605
Heliconius charithonia,806.205463428245,-5531.220334877864,3057.0226507910425,6400945505,28.67452,-81.707225
Heliconius charithonia,753.7351814939764,-5583.739396526534,2973.800725928551,6413449373,27.824884,-82.312254
Heliconius charithonia,974.8663557854934,-5628.084997032197,2822.0644897337197,6413656817,26.292517,-80.173042
Heliconius charithonia,824.5929414350283,-5662.705258967292,2800.63720618668,6419962311,26.077779,-81.714925
Heliconius charithonia,948.7904946285288,-5638.316160971114,2810.505398662657,6470229566,26.176626,-80.448013
Hermeuptychia sosybius,-107.03556665601938,-5493.174877662125,3225.4187759994443,6178334703,30.415362,-91.116278
Hermeuptychia sosybius,823.0498253720092,-5361.004432743837,3342.450236986853,6178641203,31.643633,-81.271797
Hermeuptychia sosybius,-548.6198822777677,-5504.785850246068,3160.0794447889507,6178677466,29.736325,-95.691438
Hermeuptychia sosybius,-385.71680565852444,-5482.703189664653,3221.9468353079706,6178852072,30.379162,-94.024218
Hermeuptychia sosybius,772.3023136167604,-5554.752737026044,3022.916521599844,6179080342,28.325501,-82.084652
Hermeuptychia sosybius,-112.69549311696856,-5496.371992117843,3219.774492067899,6184977531,30.356519,-91.174606
Hermeuptychia sosybius,-96.25278720975733,-5489.954577187092,3231.2361831123235,6185106008,30.476047,-91.004437
Hermeuptychia sosybius,-503.7324609155012,-5506.267495147932,3164.9684057466925,6185256410,29.786973,-95.227067
Hermeuptychia sosybius,78.88707517289171,-5497.979215966178,3218.03581394801,6185434583,30.3384,-89.177955
Hermeuptychia sosybius,-542.4450959255055,-5499.728035043446,3169.936590555238,6185679572,29.838468,-95.632936
Hermeuptychia sosybius,802.940106509397,-5382.001255646012,3313.47292116004,6186006622,31.338025,-81.514635
Hermeuptychia sosybius,550.3562350263693,-5129.14209101472,3738.8183366441044,6187461551,35.933701,-83.875603
Hermeuptychia sosybius,432.59317931649673,-5207.3069756629575,3645.0748047328434,6187985709,34.899215,-85.2511
Hermeuptychia sosybius,747.1493361783087,-5535.897570808236,3063.5533428757562,6188044238,28.741483,-82.313553
Hermeuptychia sosybius,-451.4252868814982,-5129.054296307629,3752.1687549428866,6188091574,36.082122,-95.029833
Hermeuptychia sosybius,612.687399575672,-5311.403849132795,3464.5860404232953,6188092951,32.943035,-83.419832
Hermeuptychia sosybius,737.3640706471606,-5268.044251457979,3506.2454451559206,6188160259,33.390605,-82.032119
Hermeuptychia sosybius,868.4074552303571,-5562.566292188804,2982.1934656193384,6188296189,27.910263,-81.126817
Hermeuptychia sosybius,566.3854311177071,-5175.641695376794,3671.7425991172477,6188344458,35.192156,-83.754808
Hermeuptychia sosybius,113.56924826206695,-5324.6680470324445,3496.393190766496,6188687413,33.28455,-88.77813
Hermeuptychia sosybius,-233.34451393460412,-5203.475775376222,3668.6705115841187,6195238552,35.158356,-92.56765
Hermeuptychia sosybius,-166.47677996503558,-5183.682090686769,3700.19980461909,6195291656,35.505923,-91.839453
Hermeuptychia sosybius,859.1348797479271,-5511.899960511491,3077.433868240125,6195567080,28.883951,-81.140646
Hermeuptychia sosybius,322.39821602328067,-5452.167890780367,3280.1947824368604,6195802941,30.988278,-86.61592
Hermeuptychia sosybius,825.3398957787601,-5324.461012376881,3399.806187680689,6195809914,32.251525,-81.188758
Hermeuptychia sosybius,653.6531187645467,-5180.905519714458,3649.754611723791,6195970513,34.950546,-82.809225
Hermeuptychia sosybius,243.86335386854913,-5115.554818589384,3789.641499182258,6196023873,36.500227,-87.270722
Hermeuptychia sosybius,877.2610782638966,-5237.4120888189445,3519.897831206735,6196033363,33.537781,-80.491286
Hermeuptychia sosybius,939.1884044463612,-5275.284778174809,3446.5995966732335,6216338310,32.750497,-79.905084
Hermeuptychia sosybius,243.36048000785394,-5185.23571541005,3693.759518713124,6234162813,35.434806,-87.312889
Hermeuptychia sosybius,564.7720664244199,-5144.818931073299,3715.0536751349814,6234164825,35.670188,-83.735444
Hermeuptychia sosybius,550.6966664157663,-5136.578443929508,3728.5450514422796,6234169807,35.819679,-83.880648
Hermeuptychia sosybius,-385.53470493417336,-5133.890053000581,3752.904081464173,6234182647,36.090305,-94.294624
Hermeuptychia sosybius,-387.75394604256024,-5183.909247266703,3683.2709543432484,6234186925,35.31912,-94.277731
Hermeuptychia sosybius,996.4195451903784,-4960.296426128584,3871.9969763128724,6234284680,37.427176,-78.641648
Hermeuptychia sosybius,406.6198309723711,-5197.028960448417,3662.6907359205034,6234436616,35.092605,-85.526245
Hermeuptychia sosybius,1.022524224577455,-5209.525321517283,3667.5056930551436,6234522900,35.145544,-89.988754
Hermeuptychia sosybius,298.58651523162024,-5195.045542220599,3675.8809878521865,6234686557,35.23771,-86.71053
Hermeuptychia sosybius,497.2942845689175,-5142.571222444378,3727.789257227327,6234725729,35.811297,-84.476587
Hermeuptychia sosybius,298.81711925920666,-5195.056509825211,3675.8467485244482,6234782144,35.237333,-86.708002
Hermeuptychia sosybius,-385.51810775035995,-5133.8874239412735,3752.9093829416734,6234927807,36.090364,-94.294442
Hermeuptychia sosybius,19.131505191767083,-5216.381716663269,3657.697212898807,6234991473,35.037739,-89.789864
Hermeuptychia sosybius,1009.7058364733721,-4912.663758159404,3928.8652372836823,6235081937,38.073997,-78.385667
Hermeuptychia sosybius,550.2822912004787,-5136.6168313209055,3728.5533465218614,6235140625,35.819771,-83.885263
Hermeuptychia sosybius,564.7842961548034,-5144.800367912296,3715.077523124365,6235255400,35.670452,-83.735287
Hermeuptychia sosybius,550.6983078910946,-5136.567534400385,3728.559838316567,6235294473,35.819843,-83.880617
Hermeuptychia sosybius,478.83088315379507,-5265.414040386115,3554.6995791937693,6235326805,33.914093,-84.803878
Hermeuptychia sosybius,983.2474639853428,-4960.708439045436,3874.8353948299814,6235401064,37.459327,-78.788878
Hermeuptychia sosybius,564.774012760034,-5252.961484056175,3560.502645864865,6235473763,33.977003,-83.863397
Hermeuptychia sosybius,1064.846809176336,-4929.391177848989,3893.193678512407,6235528784,37.667608,-77.810275
Hermeuptychia sosybius,440.8641610784451,-5243.255296634766,3592.167286676041,6235623836,34.321099,-85.193753
Hermeuptychia sosybius,451.290834006099,-5220.651517977241,3623.65663945433,6235652763,34.664695,-85.05944
Hermeuptychia sosybius,526.7705404977062,-5118.8147538888015,3756.328186236064,6235722698,36.128421,-84.124449
Hermeuptychia sosybius,460.3944426957024,-5010.679375226226,3907.79762596464,6235740637,37.833713,-84.750253
Hermeuptychia sosybius,-397.8826216959609,-5184.961473198882,3680.708772841592,6236115502,35.290885,-94.388153
Hermeuptychia sosybius,296.6844023956532,-5466.106844700388,3259.3569085591303,6236117350,30.769928,-86.8932
Hermeuptychia sosybius,311.0857106739773,-5138.122865578258,3754.0208082153435,6236316823,36.102734,-86.535278
Hermeuptychia sosybius,689.9144022670255,-5173.490505805801,3653.5964793008,6236331349,34.99271,-82.404098
Hermeuptychia sosybius,564.7768312397355,-5144.756374101417,3715.1395817270554,6236358429,35.671139,-83.735316
Hermeuptychia sosybius,540.0566488442882,-5276.5424736558225,3529.333006309067,6251564873,33.639641,-84.156099
Hermeuptychia sosybius,550.355482862092,-5136.649959951704,3728.4969037253104,6251606893,35.819145,-83.884495
Hermeuptychia sosybius,-122.28388662633677,-5476.969781770639,3252.3225224937746,6251881068,30.69633,-91.279026
Hermeuptychia sosybius,-122.2835871824589,-5476.969220677382,3252.3234786435096,6252029441,30.69634,-91.279023
Hermeuptychia sosybius,550.2778460982071,-5136.725163475124,3728.404754944454,6252299687,35.818123,-83.88544
Hermeuptychia sosybius,490.7497173665577,-5003.948479571796,3912.7250680789184,6253095773,37.889842,-84.398772
Hermeuptychia sosybius,1007.9819421137768,-5215.27989179208,3517.7522914951205,6256748304,33.514635,-79.06105
Hermeuptychia sosybius,743.049634431805,-5191.662223143606,3617.2190604429525,6273265129,34.594336,-81.854934
Hermeuptychia sosybius,680.2857034982319,-5124.245398520981,3724.120511883297,6273298029,35.770622,-82.437735
Hermeuptychia sosybius,982.8952469732187,-5051.416973420165,3755.9095601195654,6273298414,36.12376,-78.989079
Hermeuptychia sosybius,673.280403475802,-5169.589226954663,3662.211606738089,6273649838,35.087339,-82.579641
Hermeuptychia sosybius,550.2497835650938,-5136.6739804383515,3728.4794117778933,6274146761,35.818951,-83.885689
Hermeuptychia sosybius,732.877242078537,-5221.211267456741,3576.534213215857,6274226443,34.151041,-82.009859
Hermeuptychia sosybius,815.4476202099905,-5431.808962596581,3228.0411555968035,6320815521,30.442713,-81.462258
Hermeuptychia sosybius,758.3485651369434,-5529.1636025069365,3072.9481675005013,6320858599,28.837889,-82.190364
Hermeuptychia sosybius,399.90908441427763,-5116.321351637406,3775.3253741445324,6321085447,36.340229,-85.530654
Hermeuptychia sosybius,560.4737067387699,-5192.822425061928,3648.3170936071197,6334060322,34.934775,-83.839777
Hermeuptychia sosybius,568.4210715008519,-4909.788933397058,4020.0277666507527,6334294668,39.123026,-83.396095
Hermeuptychia sosybius,713.7470622421134,-5514.0429136065395,3110.5705276883987,6334766316,29.224856,-82.624547
Hermeuptychia sosybius,464.2348938742866,-5266.898674035212,3554.43630558111,6451710968,33.91124,-84.962854
Hermeuptychia sosybius,-546.2791097409154,-5510.594488038049,3150.3461162771887,6498149783,29.635567,-95.661378
Hermeuptychia sosybius,492.74689054293424,-5280.138996676232,3530.8760679633924,6498150528,33.656311,-84.668552
Hermeuptychia sosybius,375.8970444242254,-5134.767512505472,3752.6813259573396,6498411623,36.087826,-85.81306
Hermeuptychia sosybius,-588.2210392549335,-5496.000335222587,3168.237594292525,6498531741,29.820855,-96.108947
Hermeuptychia sosybius,-553.1277210269636,-5114.274709026327,3758.7227956478278,6498602798,36.155088,-96.172757
Hermeuptychia sosybius,-517.355592217973,-5474.098785543051,3218.126598969394,6498705515,30.339346,-95.398972
Hermeuptychia sosybius,-388.92097450355493,-5437.991279044095,3296.474549319167,6498826508,31.159214,-94.090785
Hermeuptychia sosybius,353.3831699584702,-5094.110400126903,3809.8441826650164,6499008981,36.726578,-86.031696
Hermeuptychia sosybius,301.4088049220079,-5220.1090179629655,3639.9680908731393,6499010251,34.843238,-86.695414
Hermeuptychia sosybius,734.3366679283895,-5541.257978728295,3056.9531892054333,6499193256,28.673808,-82.451055
Hermeuptychia sosybius,657.3871694363364,-5179.254562014693,3651.4267651135906,6499369627,34.968895,-82.7663
Hermeuptychia sosybius,1261.9981068051611,-5008.6662817625565,3729.6616449796716,6499399347,35.832064,-75.857955
Hermeuptychia sosybius,514.5542775596971,-5466.611915431152,3231.2754743581677,6499538008,30.476457,-84.622779
Hermeuptychia sosybius,-553.1198664636828,-5480.3289686574435,3201.5318112264135,6499556580,30.166576,-95.763245
Hermeuptychia sosybius,298.454225040303,-5195.130707031511,3675.77136695025,6499571243,35.236503,-86.712038
Hermeuptychia sosybius,298.55298630954707,-5195.027226560352,3675.90959618701,6499685072,35.238025,-86.710887
Hermeuptychia sosybius,564.8465913848397,-5144.644343831695,3715.2841120645026,6499831431,35.672739,-83.734413
Hermeuptychia sosybius,298.55858113176566,-5195.029604055771,3675.9057817487865,6499846879,35.237983,-86.710827
Hermeuptychia sosybius,609.8484369268508,-5249.98416247781,3557.4575622749853,6500015472,33.943986,-83.374106
Hermeuptychia sosybius,-102.81380081142092,-5497.105548884602,3218.8527515967944,6500057328,30.346913,-91.071493
Hermeuptychia sosybius,998.3194365450528,-5054.530532892444,3747.643596228412,6500379410,36.031783,-78.827322
Hesperia leonardus,-360.50696414489397,-4101.597363437442,4861.757596458661,3337533323,49.738822,-95.023063
Hesperia leonardus,1045.2281105755226,-4420.8995453892885,4466.866747074166,3337869146,44.517247,-76.697892
Hesperia leonardus,647.6872310565533,-4598.339960587545,4361.825763056964,3337958954,43.207034,-81.982495
Hesperia leonardus,-158.6125662423883,-4567.954220676493,4438.286766457442,3338041227,44.157888,-91.988676
Hesperia leonardus,760.0901698837339,-4412.28052389212,4532.526518599293,3338120990,45.35138,-80.225763
Hesperia leonardus,-146.26742116461043,-4556.650229928295,4450.314331963273,3343864136,44.308852,-91.83855
Hesperia leonardus,1073.3518001412388,-4353.745934358019,4525.766828049365,3344108828,45.264942,-76.150747
Hesperia leonardus,-158.5752325352761,-4567.789333544286,4438.457798567299,3344118880,44.160032,-91.98828
Hesperia leonardus,489.33719758222134,-4697.74614453257,4275.685137877811,3344130391,42.153247,-84.053274
Hesperia leonardus,-256.71553401363735,-4480.988898861042,4521.569279858225,3355104054,45.211333,-93.278887
Hesperia leonardus,-304.0845540840042,-4110.918575796988,4857.739615995513,3355172189,49.682942,-94.230463
Hesperia leonardus,1586.326336801814,-4491.145803462502,4231.185561386729,3355451989,41.615706,-70.546171
Hesperia leonardus,1617.1630925071745,-4504.921841344635,4204.784877408846,3355721457,41.298904,-70.253032
Hesperia leonardus,758.5512921230205,-4411.957103893254,4533.099114325848,3384088541,45.358708,-80.24447
Hesperia leonardus,1349.8828284175768,-4343.368061762483,4461.246839089091,3892305137,44.446409,-72.735188
Hesperia leonardus,-1285.7141379267873,-4703.425335650222,4100.5465973667715,3902909689,40.062732,-105.288695
Hesperia leonardus,950.2350748439142,-4418.041808129831,4490.847694347995,3903036992,44.820497,-77.861706
Hesperia leonardus,960.6904230617242,-4360.606631500068,4544.440212615031,3903398164,45.504046,-77.575576
Hesperia leonardus,960.6671128044998,-4360.601159938996,4544.450390530409,3922909159,45.5041766,-77.575853
Hesperia leonardus,-365.21191748870115,-4099.577955111498,4863.109496501749,3922922507,49.757638,-95.09077
Hesperia leonardus,1203.4140182979766,-4582.483457265343,4259.388828708976,3922923100,41.955867,-75.285706
Hesperia leonardus,749.0932289612884,-4402.266480314899,4544.079917903915,3922932740,45.499423,-80.343
Hesperia leonardus,657.0249490444237,-4441.528657383357,4520.054704497833,4011914380,45.192002,-81.585393
Hesperia leonardus,-666.6770319432702,-4070.694678760649,4855.382548993074,4168363312,49.650191,-99.301031
Hesperia leonardus,-360.65304194549384,-4101.430767493217,4861.887305612183,4169929318,49.740627,-95.025291
Hesperia leonardus,-364.8892100372712,-4099.969600599881,4862.803539958473,4171811982,49.753379,-95.085812
Hesperia leonardus,-684.1341183071972,-4051.705877107211,4868.818452485198,4172099013,49.837177,-99.584043
Hesperia leonardus,792.9176252480981,-4414.839789005642,4524.403210000295,4177350053,45.247521,-79.818071
Hesperia leonardus,-365.40348251023653,-4099.4891345436445,4863.169980620195,4399872503,49.75848,-95.093536
Hesperia leonardus,6.721886295926417,-4589.480555000579,4418.865938359483,4400404975,43.914939,-89.916083
Hesperia leonardus,882.1615093183169,-4373.228939098602,4548.2318374710385,4400459076,45.55272,-78.595419
Hesperia leonardus,1473.607885484259,-4403.874623810221,4361.664960456778,4405442226,43.20505,-71.498923
Hesperia leonardus,-1294.3662666260825,-4707.506671843099,4093.134499628689,4407072041,39.975691,-105.37401
Hesperia leonardus,1327.3924188513454,-4523.939258937021,4285.061968922009,4407077940,42.267098,-73.647511
Hesperia leonardus,-1285.1699213415902,-4703.356976089195,4100.795600664509,4407394855,40.065658,-105.282738
Hesperia leonardus,775.8131739939698,-4617.146798169925,4320.858999421764,4407584329,42.703644,-80.461765
Hesperia leonardus,-1282.3958114269371,-4712.597877088483,4091.043309642811,4407586653,39.951154,-105.22277
Hesperia leonardus,889.2124149299648,-4370.043584118374,4549.920162345455,4413962580,45.574407,-78.498527
Hesperia leonardus,1035.9726387221638,-4416.578787533848,4473.29248261306,4414134724,44.598348,-76.799097
Hesperia leonardus,960.6323920135001,-4360.608370422432,4544.450811362543,4416759200,45.504182,-77.576308
Hesperia leonardus,1045.1135558151439,-4420.925025662252,4466.868332803429,4416930190,44.517267,-76.699372
Hesperia leonardus,443.33611181160256,-4518.431711784695,4469.561621409826,4424538376,44.551246,-84.396232
Hesperia leonardus,443.25223625394904,-4518.439470339969,4469.562096851007,4424591273,44.551252,-84.397295
Hesperia leonardus,1534.9869864927314,-4366.8309492256,4377.7112218442235,4600141337,43.40335,-70.632889
Hesperia leonardus,942.7159435458492,-4435.992094817909,4474.708249056571,4852326810,44.616232,-78.002265
Hesperia leonardus,1480.6810124155152,-4418.504475019943,4344.439558030281,4863937385,42.992893,-71.473531
Hesperia leonardus,1244.4458925715235,-4272.188099599253,4559.552213954987,4905215450,45.698294,-73.759684
Hesperia leonardus,924.3490812703825,-4310.338188615543,4599.599613596222,4910223722,46.216359,-77.896281
Hesperia leonardus,-1279.9623232110623,-4716.2459498093,4087.5999953205965,4910868893,39.910771,-105.184009
Hesperia leonardus,567.9211766171081,-4365.575883753814,4605.319301635272,4919153627,46.290749,-82.587973
Hesperia leonardus,495.332106861954,-4376.948378233084,4602.9036626755405,4921694562,46.259319,-83.5434
Hesperia leonardus,537.1282825092361,-4379.267493313779,4596.005065250839,4924080638,46.16966,-83.007452
Hesperia leonardus,763.3563428666868,-4410.739074217769,4533.477808774541,4925807381,45.363555,-80.181214
Hesperia leonardus,949.3142774785794,-4428.604237655255,4480.627192533951,4925882459,44.69106,-77.90119
Hesperia leonardus,960.6419022619993,-4360.618214282282,4544.439355362275,4925957717,45.504035,-77.576216
Hesperia leonardus,908.4078032143399,-4862.620869128779,4014.905562507044,4936083879,39.063673,-79.418295
Hesperia leonardus,905.6485942605627,-4449.898761117681,4468.551752994994,4936133747,44.538503,-78.496211
Hesperia leonardus,-1121.0653048482473,-4248.213523018161,4613.637130809982,4936356123,46.399111,-104.782839
Hesperia leonardus,-203.58846096516808,-4430.168894696774,4574.04727049256,4936584876,45.885248,-92.631177
Hesperia leonardus,925.6357001281874,-4364.507264070421,4547.969659331751,4936825173,45.549353,-78.025989
Hesperia leonardus,1045.1108907394776,-4420.929260656003,4466.864764911822,4936827427,44.517222,-76.699417
Hesperia leonardus,1320.5575149644185,-4190.053163535617,4614.036786382787,4937002778,46.404323,-72.50698
Hesperia leonardus,916.7173711700257,-4334.062124336862,4578.786727230391,4937015964,45.946513,-78.057132
Hesperia leonardus,798.868596838344,-4541.701705644302,4395.964935211677,4937164978,43.629722,-80.023933
Hesperia leonardus,1302.1794091631357,-4452.749717431635,4366.589271953739,4945579643,43.265836,-73.698764
Hesperia leonardus,776.1344748531209,-4617.1249167224405,4320.82467938734,4945765042,42.703224,-80.457843
Hesperia leonardus,775.9295422700516,-4617.320556711818,4320.652421993291,4946082441,42.701116,-80.460713
Hesperia leonardus,1470.5624843746346,-4404.6447369002435,4361.915158611447,4946525639,43.208137,-71.537572
Hesperia leonardus,1302.200124421133,-4452.752473112807,4366.580284252517,4946659758,43.265725,-73.698528
Hesperia leonardus,951.1669550530466,-4430.952521300265,4477.911824419433,4952182653,44.65672,-77.88451
Hesperia leonardus,949.3070864295252,-4428.612177369783,4480.620868560984,4952200565,44.69098,-77.9013
Hesperia leonardus,951.1290488845877,-4431.250811039871,4477.624695271345,4953118139,44.65309,-77.88577
Hesperia leonardus,-666.7439177013304,-4068.5817926546088,4857.1440038735855,4976249572,49.674664,-99.306694
Hesperia leonardus,-688.0327392112714,-4064.013178209182,4857.9996878131815,5064053275,49.686557,-99.608996
Hesperia leonardus,-364.57348576019706,-4099.944858720803,4862.848080971371,5108231732,49.753999,-95.081465
Hesperia leonardus,871.0241174176505,-4380.347551350326,4543.525662515118,5134175588,45.492312,-78.753538
Hesperia leonardus,-11.983739939432192,-4556.843988043485,4452.50293523614,5230051512,44.336364,-90.150678
Hesperia leonardus,1234.728710694534,-4580.973349071339,4252.044368978547,5285078315,41.867111,-74.915306
Hesperia leonardus,1413.8860397588887,-4407.649673570279,4377.591090009226,5291894771,43.401863,-72.214796
Hesperia leonardus,899.6527988566191,-4367.07628086008,4550.716726883379,5291967913,45.584642,-78.359458
Hesperia leonardus,596.2684156063017,-4376.745018048753,4591.1131714665025,5292103683,46.10617,-82.242037
Hesperia leonardus,-346.02057637696123,-4091.8293460861655,4871.032282063961,5292301841,49.868056,-94.833648
Hesperia leonardus,951.177127527158,-4430.745539903668,4478.1144650813,5759598299,44.659282,-77.883835
Hesperia leonardus,-664.3267008273504,-4070.0953424786376,4856.207065949618,5759980531,49.661645,-99.270152
Hesperia leonardus,1210.470648810791,-4642.595317096667,4191.75651245598,5760615178,41.143133,-75.386535
Hesperia leonardus,-360.65675455872463,-4101.439189355177,4861.879925614181,5763404345,49.7405243,-95.0253322
Hesperia leonardus,675.5055108304325,-4500.040787715135,4459.044554993289,5827770795,44.418673,-81.463016
Hesperia leonardus,893.9941205502957,-4424.913304644826,4495.627863655547,5828899074,44.881135,-78.577915
Hesperia leonardus,900.2224988346532,-4364.262967504502,4553.30224482607,5837717561,45.617876,-78.344985
Hesperia leonardus,608.0285530608381,-4391.738961992904,4575.224945076873,5837744800,45.900465,-82.117608
Hesperia leonardus,1261.796286741625,-4613.5772562723105,4208.625447916379,5837837624,41.344894,-74.703878
Hesperia leonardus,532.4386244492066,-5135.732868278983,3732.359862948775,5839223311,35.862,-84.0811
Hesperia leonardus,-194.2682060157591,-5145.172648626435,3752.227526368208,5840485401,36.082776,-92.162311
Hesperia leonardus,366.33657784438253,-4596.889051651789,4395.925578102367,5936350271,43.629233,-85.443598
Hesperia leonardus,-428.3704146223266,-4442.253182003849,4546.717341613662,6171014211,45.533273,-95.508052
Hesperia leonardus,-365.22852978451687,-4099.582687223369,4863.104259763232,6497069655,49.7575651,-95.0909945
Hesperia leonardus,757.678719675346,-4419.038810864575,4526.342019280158,6498465579,45.272292,-80.270794
Hesperia leonardus,951.26740966028,-4429.629017069194,4479.199729430947,6498835347,44.673005,-77.879755
Hesperia leonardus,1191.5626342229496,-4624.5502079352,4217.044817486245,6498942381,41.445828,-75.551426
Hesperia leonardus,775.7858309122972,-4617.1995685198735,4320.807519283062,6509857301,42.703014,-80.462202
Hylephila phyleus,-831.8885092938616,-5656.589552980639,2810.820034597122,5938055015,26.179779,-98.366254
Hylephila phyleus,706.4364849540833,-5578.849064574004,2994.5189491978363,5938061526,28.035772,-82.78318
Hylephila phyleus,-731.6589424870781,-5452.434862412454,3213.3133044733445,5938707585,30.289203,-97.64283
Hylephila phyleus,957.8459562996292,-5638.882281351736,2806.2948652512127,6129827729,26.13444,-80.3595
Hylephila phyleus,-689.1056260230572,-5579.005638269209,2998.2632729667316,6129833446,28.073929,-97.041375
Hylephila phyleus,948.9880447848907,-5674.582403598192,2736.4738926776827,6130084454,25.437084,-80.506005
Hylephila phyleus,-741.5786490995721,-5518.551851119229,3096.029667717288,6130247450,29.075123,-97.653513
Hylephila phyleus,-741.5816897359472,-5518.552587473628,3096.0276268815724,6130338640,29.075102,-97.653543
Hylephila phyleus,-1972.8820403554082,-4937.9454873830455,3509.157156377288,6130384328,33.421973,-111.778438
Hylephila phyleus,-799.2929321342169,-5484.738482917907,3141.421288575776,6130652643,29.543267,-98.291368
Hylephila phyleus,-721.8551629717268,-5595.912980025396,2958.7896466886236,6130871635,27.672344,-97.350384
Hylephila phyleus,-825.2329506971987,-5479.155632786844,3144.4550018184755,6130886244,29.574632,-98.565121
Hylephila phyleus,-105.93576728795821,-5493.537991970059,3224.8365964290524,6130898256,30.409291,-91.104738
Hylephila phyleus,-817.6687713662246,-5654.665965551564,2818.851490952064,6133524641,26.260292,-98.22798
Hylephila phyleus,798.5037252680182,-5436.641892359877,3224.1386236711587,6147237273,30.402013,-81.644455
Hylephila phyleus,-784.5390386103753,-5665.2152183088965,2807.060412035164,6159152684,26.142109,-97.884376
Hylephila phyleus,-740.912142746708,-5451.489944682018,3212.796244619128,6159371439,30.283818,-97.739649
Hylephila phyleus,-823.0143401859232,-5479.358847914331,3144.6823593661566,6162894119,29.576983,-98.542122
Hylephila phyleus,-715.6859211634847,-5590.331154350905,2970.815439676368,6162920746,27.794531,-97.295442
Hylephila phyleus,-764.3670489458623,-5472.384510659144,3171.514450804396,6163126144,29.854828,-97.951467
Hylephila phyleus,980.1506883532782,-5622.6581255380415,2831.03750613076,6163342563,26.38256,-80.111474
Hylephila phyleus,-810.6147183810247,-5485.305158914435,3137.5283618810795,6170814899,29.503033,-98.40629
Hylephila phyleus,-818.1699775050892,-5478.827483870615,3146.871528926904,6170914846,29.599623,-98.493389
Hylephila phyleus,-741.5621677118511,-5518.537927383799,3096.058433738365,6170927417,29.075419,-97.653364
Hylephila phyleus,-2431.6162487864453,-4770.167067706283,3452.8975794954613,6170932691,32.817867,-117.010438
Hylephila phyleus,-2086.153618370905,-5336.698759267642,2785.204222865286,6170938493,25.923358,-111.350883
Hylephila phyleus,-536.3582026698743,-5492.29521863488,3183.8288646638352,6170980149,29.982602,-95.577618
Hylephila phyleus,-733.8980965127994,-5404.462250529045,3292.8611413509143,6171001889,31.121247,-97.733169
Hylephila phyleus,-818.1716158905998,-5478.826017494268,3146.873655972908,6171083334,29.599645,-98.493408
Hylephila phyleus,-611.7712348072621,-5450.032693025596,3242.319035951275,6171083942,30.591764,-96.404694
Hylephila phyleus,-2431.6119670255966,-4770.072248776131,3453.031582964621,6171245349,32.819301,-117.010858
Hylephila phyleus,-791.9290423582319,-5664.929093065641,2805.5623129927994,6178358943,26.127102,-97.958093
Hylephila phyleus,-2487.98069128144,-4647.069599596296,3578.330524978944,6178367362,34.170564,-118.164018
Hylephila phyleus,-749.6297256085352,-5451.037224224816,3211.541932511068,6178392055,30.270756,-97.830233
Hylephila phyleus,-601.0722195729461,-5448.151772521952,3247.4771100195608,6178476526,30.645667,-96.295747
Hylephila phyleus,-736.7710418162375,-5450.404537573036,3215.588894498443,6178539689,30.312906,-97.698425
Hylephila phyleus,752.1349970714408,-5569.787180356498,3000.2527962480403,6178642683,28.094209,-82.309393
Hylephila phyleus,897.2830903192332,-5517.144033358505,3057.083234176207,6178717053,28.675141,-80.762554
Hylephila phyleus,984.4090796258565,-5623.515273192836,2827.8557010205654,6178721466,26.350623,-80.070849
Hylephila phyleus,713.8312125229777,-5525.14268875233,3090.79219596402,6178780428,29.021244,-82.638343
Hylephila phyleus,963.7434425680484,-5666.162552566969,2748.7367342967386,6178836776,25.559267,-80.347082
Hylephila phyleus,-2436.902294832177,-4767.120610085067,3453.378262516472,6178840855,32.823011,-117.075644
Hylephila phyleus,-754.7238841110511,-5466.511077908212,3183.9286461126226,6178938974,29.983638,-97.860743
Hylephila phyleus,-2423.1169310329487,-4692.880144124757,3563.0230733323215,6178955394,34.004341,-117.30907
Hylephila phyleus,-630.2155679408894,-5320.245257028263,3447.8358244949313,6178963396,32.763717,-96.755555
Hylephila phyleus,834.2214953314636,-5530.392052322544,3050.9984224859913,6179172744,28.612788,-81.421997
Hylephila phyleus,949.4268940885381,-5669.7501564894965,2746.320240876174,6179232209,25.53518,-80.493747
Hylephila phyleus,-744.4689037758326,-5450.6368410341165,3213.4214177648537,6179290884,30.290329,-97.777552
Hylephila phyleus,-2438.72532015113,-4762.629339810475,3458.284793666889,6179306105,32.875535,-117.114916
Hylephila phyleus,884.8363694781885,-5571.2036470765715,2961.1666031695668,6179364606,27.696484,-80.975478
Hylephila phyleus,962.5945679844632,-5655.340990600165,2771.3323704315544,6179371801,25.78473,-80.340271
Hylephila phyleus,-2518.077983186563,-4628.2536170683225,3581.662303506923,6179406590,34.206787,-118.549133
Hylephila phyleus,-744.4378664752034,-5427.990412135693,3251.5358645412894,6179498153,30.688103,-97.80928
Hylephila phyleus,-746.8029323726448,-5682.44202206589,2782.425412430092,6179555028,25.895575,-97.487068
Hylephila phyleus,850.6466742636152,-5510.741521319698,3081.8632757545793,6184768822,28.929455,-81.224992
Hylephila phyleus,-497.2052241242232,-5518.72881955787,3144.2284126574523,6184841728,29.572289,-95.148116
Hylephila phyleus,-668.2860349287748,-5311.971709884601,3453.419096863612,6184862444,32.823448,-97.170568
Hylephila phyleus,-702.3270427316246,-5384.46627272761,3332.268418447729,6184924243,31.536137,-97.431464
Hylephila phyleus,-588.5306993451559,-5496.08335479044,3168.03606399946,6185034828,29.818766,-96.112047
Hylephila phyleus,-665.0119477493296,-5276.921159579045,3507.3658655200247,6185067227,33.402674,-97.182705
Hylephila phyleus,-2354.1215971677875,-4748.68164727709,3535.235105086982,6185124007,33.70342,-116.369553
Hylephila phyleus,815.1297658431296,-5657.608931010527,2813.676914335383,6185301002,26.208412,-81.80143
Hylephila phyleus,-521.9258294070069,-5505.552474280429,3163.2639016085727,6185327817,29.769312,-95.41545
Hylephila phyleus,840.9532883466019,-5531.694905854514,3046.7855462831135,6185568310,28.569639,-81.355824
Hylephila phyleus,-807.9381489331927,-5452.831485968088,3194.3102327123615,6185572990,30.091486,-98.428113
Hylephila phyleus,-2735.8626375142735,-4209.740659060202,3922.103050888165,6185704741,37.996786,-123.019382
Hylephila phyleus,-738.8767702008504,-5474.292487701071,3174.2614900531757,6185763348,29.883317,-97.686878
Hylephila phyleus,-2442.3620283165455,-4690.306251535952,3553.258802721481,6185833441,33.898481,-117.507142
Hylephila phyleus,822.71548718605,-5661.247833502362,2804.1336138790643,6185906804,26.112792,-81.731429
Hylephila phyleus,-2513.345866702919,-4655.992554655728,3548.884192953501,6185949004,33.851096,-118.360565
Hylephila phyleus,-762.3763081264796,-5443.876288893044,3220.674843214226,6185995918,30.365903,-97.972022
Hylephila phyleus,-2442.351803424353,-4690.314792213172,3553.254557153703,6186013331,33.898435,-117.507001
Hylephila phyleus,-617.9494287974456,-5301.75325644362,3478.4053876619705,6187938060,33.091251,-96.648151
Hylephila phyleus,-683.708685548356,-5576.333018893522,3004.464282593659,6187940171,28.137151,-96.990091
Hylephila phyleus,-2410.7674497404128,-4694.386874485367,3569.4096578578706,6188059688,34.073653,-117.182428
Hylephila phyleus,-816.0319735413176,-5486.507646333962,3134.0195906462777,6188160708,29.466783,-98.45983
Hylephila phyleus,-716.264831470607,-5291.424053164775,3475.276868173972,6188167035,33.057675,-97.708892
Hylephila phyleus,-1490.5508862545482,-4994.389532859316,3663.889242216326,6188174420,35.105779,-106.617474
Hylephila phyleus,-2683.8858803655394,-4219.065316320003,3947.9105318481475,6188194241,38.291897,-122.461778
Hylephila phyleus,-628.2838318312013,-5299.1776753531885,3480.478202973741,6188344829,33.113504,-96.761567
Hylephila phyleus,856.300069182185,-5527.442620671769,3050.2264500160018,6188372846,28.60488,-81.193858
Hylephila phyleus,766.4998598270673,-5511.606892470416,3102.325024467155,6188434134,29.139922,-82.08265
Hylephila phyleus,-831.4912087831483,-5478.970942588838,3143.1278863038597,6188442530,29.56091,-98.629388
Hylephila phyleus,-693.6492178678,-5591.020055864464,2974.743455686583,6188474847,27.834471,-97.072256
Hylephila phyleus,-664.8582596248365,-5301.966675241995,3469.418683138346,6188677966,32.994838,-97.147492
Hylephila phyleus,706.2880214172216,-5575.926701937888,2999.9919625052426,6195341322,28.09155,-82.780939
Hylephila phyleus,-2702.605105969849,-4254.170183398655,3897.1418785495857,6195356378,37.712478,-122.427131
Hylephila phyleus,-2696.8720318219703,-4213.323849430604,3945.1915686659813,6195435748,38.260749,-122.622569
Hylephila phyleus,1004.6653108316034,-5215.731736530607,3518.031153278278,6195541759,33.517643,-79.097101
Hylephila phyleus,767.9124586945297,-5323.056426007661,3415.425869638764,6195566912,32.417775,-81.791055
Hylephila phyleus,-1489.814903783197,-4999.153032376954,3657.6869249594347,6195599247,35.037626,-106.594765
Hylephila phyleus,-521.8920439656662,-5505.562220930809,3163.2525121435037,6195676892,29.769194,-95.415092
Hylephila phyleus,-2697.784307614617,-4232.96514497243,3923.483024139941,6195841859,38.012536,-122.510475
Hylephila phyleus,-661.3711959102616,-5288.4297577800835,3490.680731307828,6195849380,33.223117,-97.128403
Hylephila phyleus,-2666.382576564639,-4259.336946499571,3916.4021577531666,6196027307,37.931756,-122.04693
Hylephila phyleus,-794.2457899836068,-5465.796036113058,3175.5315218686674,6234209156,29.896491,-98.267895
Hylephila phyleus,835.6630318983209,-5333.889651833046,3382.460880611082,6234212402,32.067264,-81.095825
Hylephila phyleus,-744.1137031007054,-5451.849178895077,3211.4464742723435,6273367930,30.269762,-97.772179
Hylephila phyleus,-2470.933550731605,-4691.037563740121,3532.4788878527606,6413795710,33.67363,-117.777345
Hylephila phyleus,-1049.1163032115232,-5452.670585865986,3123.6983839745317,6498101578,29.360227,-100.890855
Junonia coenia,-662.2691026743092,-5484.915369633026,3172.8309367635416,5938121099,29.86848,-96.884777
Junonia coenia,-802.1215617403922,-5476.764164524311,3154.585300170358,5938138263,29.679438,-98.332245
Junonia coenia,-735.3938112726357,-5439.408104287837,3234.4688199188354,5938171225,30.509785,-97.699555
Junonia coenia,-741.5398338695712,-5518.541746313652,3096.056976002798,5938350559,29.075404,-97.653131
Junonia coenia,-662.2874789534156,-5484.912314102613,3172.832383140416,5938519124,29.868495,-96.88497
Junonia coenia,754.2855940665518,-5619.872730165331,2904.7954952122154,5938525410,27.125409,-82.355585
Junonia coenia,-769.9287721243247,-5428.338444648528,3245.0122566615005,5938569925,30.619905,-98.072705
Junonia coenia,-797.3462754293972,-5418.242238105754,3255.24854595514,5938631287,30.726937,-98.371537
Junonia coenia,-831.9395905958359,-5656.731136989135,2810.519968100969,6129818110,26.176772,-98.366554
Junonia coenia,-663.2736184552589,-5314.491080317679,3450.5080486737784,6129845332,32.7923,-97.114
Junonia coenia,-647.4073182360428,-5299.786185535259,3476.0442001766146,6129944991,33.065909,-96.964589
Junonia coenia,-752.2578489931082,-5432.861204952128,3241.5860911029054,6130107216,30.584107,-97.8833
Junonia coenia,-787.0946901956869,-5468.551772840015,3172.5662461344314,6130527421,29.865735,-98.190396
Junonia coenia,-659.2013021375747,-5314.515734566395,3451.2503936955636,6130530495,32.800242,-97.070733
Junonia coenia,-782.1695788144262,-5477.297236781074,3158.667260033115,6130610597,29.7217,-98.127012
Junonia coenia,-5.166561482578545,-5519.916482087517,3181.2337963592768,6130646587,29.955662,-90.053628
Junonia coenia,-741.5783601488706,-5518.551889948189,3096.029667717288,6130737044,29.075123,-97.65351
Junonia coenia,814.2633638540059,-5396.343262068099,3287.2796811185435,6130910245,31.062631,-81.419275
Junonia coenia,-741.5792413942102,-5518.551880570334,3096.029473351999,6130942633,29.075121,-97.653519
Junonia coenia,-748.4815136766217,-5462.779036174899,3191.7978876003144,6131071351,30.065376,-97.80179
Junonia coenia,-755.9361829833099,-5443.1042457711,3223.496515680244,6131135175,30.395318,-97.906641
Junonia coenia,-823.3064600863516,-5497.639206914683,3112.536385819773,6131196415,29.245116,-98.517113
Junonia coenia,-817.2390635156537,-5493.712757339113,3121.056485004875,6131316347,29.33297,-98.461212
Junonia coenia,-502.0977088790353,-5362.352540014922,3403.3551470587618,6131411124,32.289272,-95.349228
Junonia coenia,-741.5640319448415,-5518.526990509074,3096.0774814636047,6131460714,29.075615,-97.653398
Junonia coenia,-641.8461310888558,-5462.690419826565,3215.0894312318537,6131498391,30.307703,-96.701319
Junonia coenia,816.5846694941755,-5344.597043697109,3370.196588884488,6131565909,31.937203,-81.313132
Junonia coenia,-734.9653588644702,-5448.351801797415,3219.4784818037706,6131581491,30.353434,-97.682642
Junonia coenia,-670.92721211662,-5317.006085487085,3445.1496473465654,6131694552,32.734994,-97.191866
Junonia coenia,831.4160232605743,-5453.16543096001,3187.708786656294,6133289883,30.022894,-81.331167
Junonia coenia,-817.6652050762502,-5654.662206178324,2818.860066782942,6147283777,26.260378,-98.22795
Junonia coenia,810.7710725185642,-5483.579067037503,3140.50378334315,6147431515,29.533783,-81.589503
Junonia coenia,-716.9656316662924,-5606.749661589316,2939.3998783688635,6147546781,27.475623,-97.287175
Junonia coenia,-787.1040893091481,-5468.483735515094,3172.681187367734,6147676670,29.866927,-98.190593
Junonia coenia,-794.2453094101845,-5465.808147104652,3175.5107962659754,6159326179,29.896276,-98.267872
Junonia coenia,-543.6896954178374,-5490.0519860751,3186.4531747644974,6162843249,30.009853,-95.655663
Junonia coenia,-730.6140072404573,-5432.552953047865,3247.048615963795,6162887345,30.641188,-97.659644
Junonia coenia,-741.5633245069446,-5518.526104168348,3096.0792307426777,6162911301,29.075633,-97.653392
Junonia coenia,-831.8542944580087,-5656.6154601164635,2810.7780237579436,6163229350,26.179358,-98.365877
Junonia coenia,-799.6718635390494,-5483.705475195895,3143.127789582851,6163252454,29.560909,-98.296785
Junonia coenia,-821.947845131947,-5480.735115187243,3142.5622454796126,6163261493,29.555062,-98.529105
Junonia coenia,-829.4978659841902,-5490.580227236348,3123.33398602941,6170856376,29.356467,-98.59108
Junonia coenia,-625.345541590007,-5303.72376873448,3474.076894406897,6170901560,33.0448,-96.72452
Junonia coenia,483.8278168757689,-5464.136734703544,3240.1965245580323,6170996567,30.569592,-84.939881
Junonia coenia,-649.7935856943475,-5299.765631458454,3475.6302561232956,6171005828,33.061467,-96.990033
Junonia coenia,-638.7672470909969,-5288.24793179662,3495.1628496494977,6171113468,33.271315,-96.887388
Junonia coenia,-526.6018172206359,-5511.577197522765,3151.977228903225,6171119180,29.652445,-95.457739
Junonia coenia,859.1906920377355,-5526.597194122932,3050.945417129859,6171141025,28.612245,-81.163269
Junonia coenia,-645.8413316006317,-5525.753781620715,3104.6235277369974,6171169533,29.163591,-96.666394
Junonia coenia,-743.3704996506511,-5444.493460195287,3224.072640592535,6171174767,30.401325,-97.774873
Junonia coenia,-704.5594095058706,-5598.118632654049,2958.7863969684827,6171184559,27.672311,-97.173328
Junonia coenia,-741.6130570360119,-5518.495594516486,3096.1216992575196,6171349346,29.07607,-97.653941
Junonia coenia,551.1781999702174,-5377.711931042177,3371.37510643382,6178349628,31.949693,-84.148014
Junonia coenia,-841.2730007053201,-5424.0108783711585,3234.519880797309,6178583619,30.510318,-98.81642
Junonia coenia,-825.9660692989177,-5478.124941357481,3146.057899804361,6178705852,29.591208,-98.574206
Junonia coenia,-731.0405535219229,-5491.720718344768,3145.8443048705735,6178771743,29.588999,-97.582456
Junonia coenia,-634.8057030626038,-5538.161631609815,3084.7269881144325,6178863927,28.958885,-96.538928
Junonia coenia,-698.1702949773633,-5465.344892022804,3198.799240360186,6178918956,30.138156,-97.279819
Junonia coenia,-744.4834896137869,-5580.824855434772,2981.592090868799,6178952969,27.904143,-97.598411
Junonia coenia,-773.8019007921342,-5414.803739678257,3266.6319365325307,6178971698,30.846103,-98.132783
Junonia coenia,-800.7148387530106,-5503.298720588699,3108.4259792771245,6179129801,29.202759,-98.278289
Junonia coenia,-593.6244467886121,-5453.430895435417,3239.9775638980614,6179155874,30.567305,-96.21238
Junonia coenia,-797.5200866093354,-5501.261673003902,3112.849955630755,6179157553,29.248348,-98.248726
Junonia coenia,-811.6608581642151,-5484.968271656535,3137.8468477481015,6179160216,29.506324,-98.417493
Junonia coenia,-504.9256294474618,-5350.083406763576,3422.1938546899364,6179209135,32.489906,-95.391443
Junonia coenia,810.4248050513631,-5529.000664205822,3059.920982680184,6179243187,28.704233,-81.661133
Junonia coenia,231.7075646045774,-5497.3311662023125,3211.761943744145,6179298110,30.273047,-87.586463
Junonia coenia,-749.5794244947481,-5451.0281293730695,3211.5691100823433,6179362343,30.271039,-97.829727
Junonia coenia,-745.3705700318665,-5427.380548225072,3252.340115633038,6179430699,30.696514,-97.819811
Junonia coenia,-636.5857089669611,-5256.712975609906,3542.806861355967,6179440201,33.785311,-96.904872
Junonia coenia,718.2387792255045,-5572.565488782536,3003.398085323347,6179556149,28.126278,-82.655731
Junonia coenia,831.5074191228551,-5453.154872262453,3187.703010122077,6181669402,30.022834,-81.330212
Junonia coenia,939.7257210898022,-5275.069081813987,3446.7832657261506,6182186359,32.752461,-79.899023
Junonia coenia,776.8410533512986,-5556.035087235628,3019.394842830607,6184817379,28.289528,-82.040543
Junonia coenia,-835.1182615391857,-5480.373949988861,3139.7184566780325,6184872094,29.525666,-98.664275
Junonia coenia,-603.9783348715869,-5502.722976848296,3153.5699042115766,6184882021,29.668928,-96.263706
Junonia coenia,-802.1491573176952,-5476.737920216248,3154.6238464129674,6184965333,29.679837,-98.332567
Junonia coenia,376.5183411283603,-5474.032389049752,3237.7394076895134,6185015298,30.543931,-86.065243
Junonia coenia,-817.8963583168543,-5491.866546585886,3124.131961236637,6185022587,29.364701,-98.470724
Junonia coenia,-510.56355880146486,-5341.16377696857,3435.265272100577,6185025923,32.629381,-95.460331
Junonia coenia,336.41812950145936,-5451.052944271228,3280.6398416425036,6185047963,30.992947,-86.468403
Junonia coenia,-732.4022447988914,-5421.604562547416,3264.8957179144354,6185078162,30.827918,-97.693488
Junonia coenia,-644.0155666978291,-5434.175205902064,3262.6273018975944,6185079597,30.804164,-96.758719
Junonia coenia,720.2348351031482,-5565.463484906186,3016.0621860560614,6185247577,28.255497,-82.62625
Junonia coenia,-665.0490029352876,-5439.4201339769625,3249.641758634059,6185254077,30.668297,-96.970654
Junonia coenia,707.7758828626827,-5188.47127729697,3628.8527434961775,6185256762,34.721529,-82.232047
Junonia coenia,-749.2752905130233,-5272.243271139748,3497.3976837965834,6185353491,33.295357,-98.088538
Junonia coenia,735.3236345579778,-5488.727007217775,3150.067955199711,6185426188,29.632689,-82.36953
Junonia coenia,-197.04220296864239,-5506.679798688374,3198.031440534015,6185493127,30.130172,-92.049306
Junonia coenia,894.5942450199676,-5169.2400887086205,3615.025749803489,6185529314,34.570378,-80.181581
Junonia coenia,521.4153790988054,-5270.991161489708,3540.414002290418,6185535459,33.759423,-84.350584
Junonia coenia,-473.02417006526457,-5318.770285344628,3475.1523586666717,6185602231,33.056339,-95.082222
Junonia coenia,-782.0853894731965,-5477.355256481856,3158.587495628479,6185734910,29.720874,-98.126064
Junonia coenia,792.2242386672921,-5253.664397990088,3515.8419018262043,6185779160,33.494031,-81.424714
Junonia coenia,-707.247857983468,-5396.011176078021,3312.4940731564056,6185800345,31.327719,-97.467115
Junonia coenia,-548.3591430610364,-5502.24358349844,3164.54908758721,6185908052,29.782628,-95.691362
Junonia coenia,-548.7245548063012,-5491.142697173494,3183.7095300778096,6185932230,29.981363,-95.706567
Junonia coenia,-640.4531002381938,-5553.407298443598,3056.017070251099,6251810131,28.664213,-96.578639
Junonia coenia,-797.6771560254357,-5428.309070677193,3238.352191722871,6479295804,30.55033,-98.35965
Junonia coenia,-793.2586940815685,-5496.922540608111,3121.591958680043,6480051811,29.338494,-98.211641
Limenitis archippus,934.933735297739,-5679.278252373852,2731.5655899855406,6130401026,25.388214,-80.651704
Limenitis archippus,803.7505614505773,-5443.497643515644,3211.2414374638574,6133260406,30.267627,-81.600775
Limenitis archippus,841.0194981553464,-5543.3988887218675,3025.420316900964,6185013560,28.351084,-81.373131
Limenitis archippus,739.4644024209166,-5488.905362383628,3148.787615896945,6185493565,29.619443,-82.327318
Limenitis archippus,-650.0715543911608,-5290.819900924739,3489.181118805331,6188283731,33.206997,-97.0047
Limenitis archippus,-346.57386408822157,-5365.328791172141,3418.023792928844,6188480307,32.445456,-93.695891
Limenitis archippus,627.5037724424325,-5495.692883146615,3161.226325238293,6188632617,29.748204,-83.48612
Limenitis archippus,735.8828292875967,-5489.940746735108,3147.821498842441,6195228922,29.609449,-82.365464
Limenitis archippus,774.3141598860979,-5544.761490119602,3040.6924752700615,6195367326,28.507264,-82.050178
Limenitis archippus,-542.4976385299764,-5506.327112453193,3158.4507551218394,6195461658,29.719458,-95.62677
Limenitis archippus,-191.9348271209422,-5363.65209806646,3432.8050225322654,6195590006,32.603113,-92.049418
Limenitis archippus,542.3587795292484,-5460.30419321145,3237.387558131159,6195664615,30.540257,-84.327555
Limenitis archippus,-191.95037189696876,-5363.65429957921,3432.8007135590474,6195912411,32.603067,-92.049583
Limenitis archippus,754.1574108474666,-5270.621699207288,3498.7921677611203,6195939698,33.310362,-81.856992
Limenitis archippus,-726.074511069718,-5257.203112582628,3524.8240193098763,6234331398,33.590948,-97.863399
Limenitis archippus,-622.911776979864,-5261.21720518026,3538.5487940245275,6235145408,33.739249,-96.752209
Limenitis archippus,1189.6600856750927,-4971.53489765474,3802.4074967880597,6235148871,36.64318,-76.542503
Limenitis archippus,526.4778218407604,-5466.437194204397,3229.649924466428,6235210398,30.459496,-84.498756
Limenitis archippus,796.5293036766535,-5569.304426704513,2989.6726243438984,6235291396,27.986405,-81.860679
Limenitis archippus,1097.130983062772,-4932.223613916522,3880.6219808176893,6235739100,37.524915,-77.459223
Limenitis archippus,975.1110247093809,-5628.698952017665,2820.75516958188,6235743294,26.279384,-80.171675
Limenitis archippus,-44.12832500308081,-4971.948392922267,3983.4074607962893,6235845778,38.699781,-90.508513
Limenitis archippus,-1925.6290195675465,-5077.608297819228,3331.606216615957,6235894786,31.52915,-110.7687
Limenitis archippus,610.4931639076999,-5249.016765466254,3558.774258414487,6236004502,33.958261,-83.365952
Limenitis archippus,235.0178359899043,-5108.763337871392,3799.349536968824,6236269329,36.608913,-87.366086
Limenitis archippus,-675.8914488579857,-4960.5882715140915,3940.239571340166,6236346855,38.204054,-97.758902
Limenitis archippus,-1539.8215640647118,-5067.137477667866,3541.5844565578946,6236391319,33.772085,-106.903183
Limenitis archippus,-214.68804007147835,-5215.685940617901,3652.435125223781,6236493664,34.979962,-92.357078
Limenitis archippus,103.5872908970737,-5169.101933995874,3722.822584921575,6251997371,35.756237,-88.851963
Limenitis archippus,-1951.3618362260934,-4856.676180622212,3632.4422349673505,6252248725,34.760813,-111.889747
Limenitis archippus,514.9889952065338,-5073.994918904346,3818.2607332955236,6252362415,36.821074,-84.204567
Limenitis archippus,908.6730246397,-5639.352549060681,2821.6607328614796,6252396290,26.288467,-80.846565
Limenitis archippus,-704.7736630135308,-5241.919473310526,3551.8062234485483,6252723591,33.882744,-97.657471
Limenitis archippus,-792.3276981013706,-5176.238801140281,3628.8457975048555,6252881648,34.721453,-98.702724
Limenitis archippus,-528.590493902155,-5112.398473003648,3764.801066811324,6253109433,36.222818,-95.903055
Limenitis archippus,-686.53244425567,-5284.042270079724,3492.4666957141453,6253214482,33.242319,-97.402721
Limenitis archippus,-1984.250159584293,-4737.238647719803,3769.757873977716,6273307659,36.278095,-112.726967
Limenitis archippus,743.3406674096491,-5579.14184234701,2985.0249722280732,6273329706,27.939083,-82.410855
Limenitis archippus,1146.374232190177,-4786.989567414602,4044.788020516228,6273705898,39.410642,-76.5326
Limenitis archippus,525.7268649685672,-5052.575363515259,3845.106837153736,6274010331,37.12327,-84.059678
Limenitis archippus,1087.9288186338047,-4826.084600074441,4014.3581614235422,6274277517,39.057333,-77.296343
Limenitis archippus,928.2453285465951,-5266.084348095868,3463.5919763229285,6320372856,32.932383,-80.003244
Limenitis archippus,1261.3121050867824,-5009.229595600844,3729.137133680605,6320477796,35.826246,-75.86686
Limenitis archippus,-949.8949180560829,-5480.221512987036,3107.1892351324127,6320727393,29.190018,-99.833461
Limenitis archippus,-536.267857028967,-5507.988638863581,3156.6170292489883,6320872309,29.700471,-95.560895
Limenitis archippus,-424.1243176977448,-5524.736678489516,3144.384888363302,6321008078,29.573907,-94.389886
Limenitis archippus,229.89369548639627,-4911.556080561202,4051.360127902151,6333863067,39.487183,-87.32013
Limenitis archippus,-221.97217670882392,-5485.107399000474,3233.2767131618716,6334119486,30.497342,-92.31739
Limenitis archippus,854.9637114780996,-5662.068475235959,2792.806968530436,6334402612,25.999405,-81.413293
Limenitis archippus,-740.0906106974933,-4955.705334835501,3934.8448065861267,6334475842,38.14234,-98.493842
Limenitis archippus,946.9486891293861,-5570.119489408295,2943.9446638052577,6334990701,27.521701,-80.351671
Limenitis archippus,1398.2805582521278,-4420.529802849778,4369.608777935212,6351630304,43.303139,-72.4470478
Limenitis archippus,46.29249505846534,-4656.091257295666,4348.381806869488,6352290547,43.041383,-89.430364
Limenitis archippus,740.2474195548867,-5489.023727889871,3148.3972751515566,6352319304,29.615405,-82.319454
Limenitis archippus,-728.6583982181274,-5430.299394757565,3251.2549195163465,6352438726,30.685165,-97.642517
Limenitis archippus,559.2646520761103,-4674.071313879882,4293.021492070686,6352579965,42.363902,-83.176851
Limenitis archippus,-244.33683277340424,-4476.485144059512,4526.713310652905,6352650631,45.277037,-93.124235
Limenitis archippus,688.7752393147981,-5515.052573152587,3114.4079557352975,6352674721,29.264408,-82.881186
Limenitis archippus,-2002.1956407493915,-4849.007423363494,3614.981708668427,6353060721,34.569897,-112.436139
Limenitis archippus,-213.49093301315003,-5228.221020005362,3634.5398219269377,6353089007,34.783778,-92.338336
Limenitis archippus,515.5171413708531,-4685.421308154183,4286.119733713118,6353156841,42.279954,-83.721242
Limenitis archippus,-2233.9515141706524,-3893.9834054653984,4520.631261225823,6353174691,45.19936,-119.842597
Limenitis archippus,-2234.69833226429,-3893.6199101885177,4520.575238665561,6353190345,45.198645,-119.853173
Limenitis archippus,-2096.3208725321456,-4805.416517634103,3619.8292806585264,6353210734,34.622857,-113.568815
Limenitis archippus,1344.325408045732,-4404.346671442014,4402.757400166147,6362991315,43.714176,-73.026397
Limenitis archippus,840.1363403908688,-4532.523266708937,4397.744523727387,6362997319,43.651837,-79.498988
Limenitis archippus,-1933.2582004908065,-5076.73049484903,3328.524198887911,6398603166,31.496638,-110.84722
Limenitis archippus,1035.2913656391806,-4430.654613118297,4459.50945925266,6398653333,44.424527,-76.847927
Limenitis archippus,502.9918918762863,-5503.821093026258,3169.3383634985084,6398733413,29.832266,-84.778268
Limenitis archippus,-544.391312549288,-5525.204882832044,3124.9803569346213,6398738845,29.373456,-95.627117
Limenitis archippus,849.9344571218678,-4441.680483444982,4487.631784277576,6398908496,44.779738,-79.167162
Limenitis archippus,-217.0367233369334,-4872.112190534129,4099.411054438105,6398919572,40.04939,-92.550654
Limenitis archippus,1352.0322890657858,-4594.314910895805,4201.670182025409,6398981599,41.26163,-73.6017
Limenitis archippus,-514.4471346934432,-4086.68943316684,4860.459520675554,6398987783,49.720762,-97.174858
Limenitis archippus,775.9674509664768,-4565.086970187425,4375.798052851961,6399383898,43.379673,-80.353142
Limenitis archippus,810.1022026681744,-4567.914624972108,4366.651294742405,6399537856,43.266602,-79.943375
Limenitis archippus,1499.0538355612102,-4447.378497041044,4308.5281978679905,6399572050,42.552925,-71.37286
Limenitis archippus,180.14106893368162,-4714.445027692729,4281.507959332105,6399748329,42.223922,-87.811767
Limenitis archippus,968.8928891347373,-5619.011215063128,2842.1317112435827,6399871347,26.493986,-80.216624
Limenitis archippus,660.9455082496792,-4732.983945837033,4213.284601501649,6399920387,41.40073,-82.050245
Limenitis archippus,-262.0195947267413,-4574.267938711395,4426.8692872654,6400003967,44.014938,-93.278389
Limenitis archippus,1101.5713571358253,-4994.2981935634725,3799.115585051869,6400073595,36.606292,-77.561664
Limenitis archippus,903.3480330141766,-5526.939313390927,3037.541322685286,6400167598,28.47502,-80.717396
Limenitis archippus,787.5379108003898,-4411.641713996927,4528.4605061821885,6400396966,45.299371,-79.878541
Limenitis archippus,882.6707650402136,-5519.853358994758,3056.4463589952047,6400526037,28.668613,-80.914842
Limenitis archippus,165.9675117957342,-4644.355282873072,4358.000908806096,6400712481,43.15986,-87.953388
Limenitis archippus,580.3648990301815,-4673.889341728811,4290.418177162332,6400713474,42.332224,-82.921715
Limenitis archippus,810.8758438785696,-4475.37638537795,4461.304708792378,6413219050,44.447138,-79.730216
Limenitis archippus,179.7243074310541,-4698.467957288943,4299.052355732008,6413237658,42.437349,-87.809408
Limenitis archippus,-638.1975549714526,-5462.9360112388285,3215.39844305739,6413357675,30.310922,-96.663272
Limenitis archippus,-542.472392602585,-5506.467798031164,3158.2098128824937,6413473820,29.716963,-95.626367
Limenitis archippus,708.3081631824368,-5585.122376037553,2982.3582481538315,6413634421,27.91194,-82.772303
Limenitis archippus,1064.0251188330212,-4434.9061259908685,4448.5066404152385,6413646877,44.286138,-76.508571
Limenitis archippus,906.7623167746303,-4783.610936805871,4109.087688992071,6413683037,40.163169,-79.266586
Limenitis archippus,541.4614360662441,-5139.544492546521,3725.809315043544,6413706590,35.789343,-83.985958
Limenitis archippus,1232.535148108018,-4654.7866677082075,4171.75877975725,6413749834,40.904751,-75.169083
Limenitis archippus,1024.9223672905773,-4392.386308631662,4499.581067882879,6413807927,44.931331,-76.865579
Limenitis archippus,1331.0802663845009,-4347.072634262008,4463.287797864884,6413824814,44.472125,-72.975332
Limenitis archippus,1395.9823634884015,-4435.19097855226,4355.464080241669,6413885580,43.128592,-72.528534
Limenitis archippus,298.50669197022205,-4931.609791000078,4022.4211308412996,6431424055,39.150776,-86.536155
Limenitis arthemis,-1931.461241381629,-5062.998195612023,3350.4118961625263,6185216836,31.727776,-110.881136
Limenitis arthemis,-218.19653685147048,-5226.2192426995225,3637.1384120240295,6195373045,34.812237,-92.390731
Limenitis arthemis,505.89477701374625,-5251.895687945734,3570.9123886206808,6195776276,34.08997,-84.497895
Limenitis arthemis,-1886.8369175222047,-5097.324021179603,3323.6858153950334,6234412374,31.445621,-110.31265
Limenitis arthemis,1106.4341996122184,-4952.792612642414,3851.6751975939824,6234794309,37.197391,-77.407119
Limenitis arthemis,1106.4408072278031,-4952.789690011771,3851.6770576323793,6234813055,37.197412,-77.407039
Limenitis arthemis,-198.4142456210628,-5143.8424378666805,3753.834025528277,6235290326,36.100655,-92.208984
Limenitis arthemis,-387.6158377173494,-5183.942138388233,3683.2391991114223,6235291049,35.31877,-94.276186
Limenitis arthemis,307.17125215393486,-5101.36104398064,3804.1443782386045,6235310485,36.66265,-86.554176
Limenitis arthemis,-591.204225123941,-5251.943729611109,3557.7124328522677,6235513838,33.946749,-96.422671
Limenitis arthemis,-1101.8452182195144,-5651.022770965906,2727.9354623577583,6251608932,25.352083,-101.033191
Limenitis arthemis,-1884.5204180354206,-5100.184651886555,3320.610251195682,6251631839,31.413206,-110.279293
Limenitis arthemis,1569.6240792710441,-4479.483917297106,4249.736134647249,6252638118,41.839242,-70.689392
Limenitis arthemis,607.9042447536533,-5253.155833730942,3553.105591651689,6252683497,33.896821,-83.398995
Limenitis arthemis,-309.2962498245041,-5056.449320223189,3863.471137660586,6252783201,37.330686,-93.500345
Limenitis arthemis,1102.2773280799686,-4850.611010865693,3980.7424738290742,6252821317,38.669078,-77.197242
Limenitis arthemis,1020.8998881111347,-4965.216126093214,3859.293376942987,6253146872,37.28345,-78.381317
Limenitis arthemis,-1933.38815195115,-5076.6851714068935,3328.5178464280034,6253296239,31.496571,-110.848671
Limenitis arthemis,1077.5995956729855,-4828.6190543636285,4014.0964448950845,6273273034,39.054302,-77.419492
Limenitis arthemis,965.4000337404257,-5056.459141398207,3753.6617929565696,6273520674,36.098738,-79.190938
Limenitis arthemis,707.4410593176311,-5243.818926781755,3548.470563551912,6273864602,33.846617,-82.316644
Limenitis arthemis,-428.41733543925506,-5216.76430752867,3632.021733975099,6273932819,34.75621,-94.694777
Limenitis arthemis,655.7110275009186,-5173.315401832516,3660.1371465088037,6276863303,35.064543,-82.776353
Limenitis arthemis,-1893.6715687151943,-4907.784929511672,3594.0796047354434,6320294689,34.341925,-111.099136
Limenitis arthemis,1154.6876865262072,-4866.646671692325,3946.1626485952397,6320332967,38.271872,-76.652497
Limenitis arthemis,-1900.813422206168,-5033.665999788489,3411.578529978706,6320355557,32.376797,-110.687544
Limenitis arthemis,1055.5360041557572,-4817.763640442296,4032.9580184326906,6320490964,39.273077,-77.642185
Limenitis arthemis,1027.8239999449643,-4846.993987366159,4004.9944121372846,6320702914,38.94897,-78.027558
Limenitis arthemis,1282.662523695034,-4607.044045212682,4209.474450030085,6333529301,41.355065,-74.442088
Limenitis arthemis,331.32120073245824,-4860.54728257324,4105.491384169809,6333861471,40.120861,-86.100442
Limenitis arthemis,-1279.3776941384622,-5409.023352048609,3113.7456900670636,6333907853,29.257581,-103.307411
Limenitis arthemis,1318.4875027207268,-4600.1701011028035,4205.921881795538,6334285788,41.312516,-74.006791
Limenitis arthemis,399.6757408299254,-4768.014507217294,4206.667337790679,6334409868,41.321442,-85.20842
Limenitis arthemis,480.76162459336973,-4996.719453311904,3923.1895308396925,6338251310,38.009186,-84.504178
Limenitis arthemis,1344.3384332764592,-4405.663551532502,4401.43567227686,6345508310,43.697733,-73.031024
Limenitis arthemis,1276.5168422075233,-4590.923269051888,4228.910192817517,6349502301,41.588341,-74.461287
Limenitis arthemis,620.905607407723,-4618.131132541709,4344.777807784434,6349504305,42.997052,-82.342529
Limenitis arthemis,882.001037865,-4560.043863111592,4360.943391673504,6352253320,43.196148,-79.05306
Limenitis arthemis,77.5631429619947,-4650.9982343627,4353.384029980165,6352306667,43.102966,-89.044586
Limenitis arthemis,1266.6341949593386,-4743.587320305661,4060.0209704473823,6352335391,39.588179,-75.049667
Limenitis arthemis,-418.4703234337663,-5287.720769673936,3529.113880288018,6352515364,33.637274,-94.524958
Limenitis arthemis,146.38042361059493,-4740.539012681165,4253.894188917833,6352539671,41.889454,-88.231358
Limenitis arthemis,634.7797440558005,-4876.475155076625,4050.5305662510796,6352561034,39.477517,-82.583406
Limenitis arthemis,1300.852034231843,-4496.499961688754,4321.923785682175,6352588437,42.716676,-73.864672
Limenitis arthemis,999.0276237703697,-4551.364402350493,4344.741535884258,6352629631,42.996606,-77.619872
Limenitis arthemis,-1890.079898292544,-5094.685532459762,3325.8879164958457,6352673766,31.468837,-110.354375
Limenitis arthemis,694.743371949901,-4731.598142056558,4209.401833859065,6352735686,41.354195,-81.646914
Limenitis arthemis,1521.424861662862,-4454.190897672698,4293.623524143827,6352766797,42.37123,-71.141293
Limenitis arthemis,714.4554915344968,-4730.836369326215,4206.957775751261,6352788912,41.32492,-81.412033
Limenitis arthemis,1260.0485525932436,-4663.616169038985,4153.638766511027,6353068690,40.689492,-74.880438
Limenitis arthemis,34.1413255254419,-4544.448735369636,4465.038991001771,6353077474,44.494199,-89.569559
Limenitis arthemis,17.8190364477151,-4824.043603371057,4161.494794468966,6353143916,40.782733,-89.788362
Limenitis arthemis,-1691.8992198573721,-5061.509756129916,3479.705324898234,6353150446,33.105206,-108.483117
Limenitis arthemis,1173.5930263430846,-4856.91682156977,3952.5677130884083,6353185095,38.34528,-76.415813
Limenitis arthemis,131.97722784452426,-4773.7631614738075,4217.051152068648,6353254747,41.445904,-88.416383
Limenitis arthemis,207.04639073127342,-5421.839084190437,3339.243307533549,6353288377,31.609762,-87.813081
Limenitis arthemis,498.3783221075502,-5286.1241591146045,3521.116804673713,6353335356,33.550934,-84.614047
Limenitis arthemis,669.9807743845415,-5138.051915772938,3706.926139330884,6353413033,35.580266,-82.570784
Limenitis arthemis,1390.0490463370206,-4417.488374358575,4375.307216740536,6357207310,43.3736,-72.532799
Limenitis arthemis,1395.9800137100708,-4349.24992435947,4441.285627659924,6392518309,44.195492,-72.204913
Limenitis arthemis,1467.596567884882,-4280.050684871907,4485.206748694809,6392944305,44.7490217,-71.0735514
Limenitis arthemis,-664.7309056903746,-4069.8630812444067,4856.346409866298,6395898301,49.663581,-99.2762145
Limenitis arthemis,1530.4622961069206,-4462.507488324076,4281.759592331652,6398624542,42.226978,-71.070074
Limenitis arthemis,564.1559946289467,-4644.0810251897365,4324.811276214757,6398649357,42.75203,-83.073732
Limenitis arthemis,1042.951208160327,-4539.476938256905,4346.855764125153,6398651466,43.022608,-77.060764
Limenitis arthemis,1387.9642306072426,-4386.385627425705,4407.145283712063,6398680166,43.768796,-72.441301
Limenitis arthemis,1471.1048130890936,-4438.153415400333,4327.63191826129,6398689451,42.786585,-71.661305
Limenitis arthemis,132.85186172632348,-4685.313964537487,4315.082451845306,6398749538,42.632992,-88.375816
Limenitis arthemis,656.7899780533936,-4892.928774826387,4027.111627318271,6398760807,39.205192,-82.354745
Limenitis arthemis,1372.8623192069138,-4529.10579989647,4265.231861871451,6398809462,42.026567,-73.136897
Limenitis arthemis,1390.0537661018602,-4417.468636616375,4375.325645198782,6398915461,43.373828,-72.53267
Limenitis arthemis,1377.6030701314467,-4496.726356787761,4297.838408201514,6398957453,42.422558,-72.967194
Limenitis arthemis,99.29388411730953,-5384.713345918171,3403.638646587656,6398980632,32.292288,-88.943588
Limenitis arthemis,1214.2753804721754,-4302.874245647933,4538.784160565064,6399051451,45.431516,-74.240881
Limenitis arthemis,1372.970082033876,-4528.873913821635,4265.443395032131,6399051600,42.029128,-73.134834
Limenitis arthemis,82.40886772064006,-4834.069511927431,4149.0642152239725,6399174144,40.635258,-89.023344
Limenitis arthemis,-176.8796476914503,-4513.838490008406,4492.630499610292,6399177532,44.843105,-92.244049
Limenitis arthemis,785.2841025260353,-4551.182661362358,4388.600960546762,6399209059,43.538296,-80.210289
Limenitis arthemis,782.1645974309549,-4448.716247785803,4492.982908813443,6399220845,44.847575,-80.028283
Limenitis arthemis,1080.0303950894543,-4432.905777850851,4446.642985450585,6399345380,44.26273,-76.307266
Limenitis arthemis,648.5086739278329,-4585.840450383402,4374.843653565822,6399464472,43.367865,-81.950865
Limenitis arthemis,1350.83033863933,-4481.19087937188,4322.492201094557,6399474543,42.723634,-73.224856
Limenitis arthemis,368.2005277784205,-4554.27413216991,4439.906376272943,6399484218,44.178194,-85.377847
Limenitis arthemis,520.0988415845562,-4682.43441453694,4288.829476467903,6399522319,42.3129,-83.661883
Limenitis arthemis,1403.166141002147,-4360.2758628349475,4428.190636185566,6399569619,44.031464,-72.161475
Limenitis arthemis,988.080200603528,-4669.934802113481,4219.616047801274,6399576166,41.476684,-78.053364
Limenitis arthemis,-291.71601201388347,-4501.013463606614,4499.50360578188,6399580413,44.930347,-93.708221
Limenitis arthemis,133.30724438224922,-4709.459501394613,4288.7030105845115,6399654257,42.311362,-88.378603
Limenitis arthemis,770.9267744838385,-4554.4067416862745,4387.801758209228,6399701378,43.528382,-80.392582
Limenitis arthemis,-15.255183028586517,-4532.324785287695,4477.449324083418,6399709249,44.650873,-90.192849
Limenitis arthemis,30.678214674634212,-4507.907059120119,4501.9535674145745,6399726385,44.961477,-89.610084
Limenitis arthemis,1418.7803220073808,-4478.119428279511,4303.865926539493,6399727882,42.496033,-72.420495
Limenitis arthemis,703.6765604585211,-4849.231414094739,4071.7990029586967,6399969826,39.725762,-81.743387
Limenitis arthemis,-1537.3259066733503,-5158.987964335443,3407.524815784976,6399978623,32.333641,-106.593521
Limenitis arthemis,-1931.1308665436134,-5064.082795427727,3348.9628464664775,6400069143,31.712456,-110.873786
Limenitis arthemis,524.9082019367437,-4729.438044736649,4236.347517639994,6400498527,41.67783,-83.666808
Limenitis arthemis,-1884.2613658197615,-5100.170509009413,3320.7789769852416,6400529345,31.414984,-110.276784
Limenitis arthemis,652.0623902038893,-4730.369877586148,4217.602232333513,6413297311,41.452516,-82.15147
Limenitis arthemis,324.17580975126344,-5322.676350773473,3486.227135309221,6417218302,33.175252,-86.514725
Limenitis arthemis,398.5052180307945,-4699.39078040613,4283.301648718373,6430798872,42.245709,-85.152952
Lycaena hyllus,583.2861105311871,-4696.265394760997,4265.515418435288,42728780,42.03,-82.92
Lycaena hyllus,1087.906092937231,-4340.753777253174,4534.762409199601,43721037,45.38,-75.93
Lycaena hyllus,1070.9032201930434,-4338.845634774813,4540.63189217681,43721141,45.4552,-76.1355
Lycaena hyllus,611.1438770048981,-4692.72143924692,4265.515418435288,150012224,42.03,-82.58
Lycaena hyllus,1088.8562091141373,-4341.331456943526,4533.9813041634425,150018395,45.37,-75.92
Lycaena hyllus,1069.9088548995915,-4412.363275281663,4469.462887062668,150018792,44.55,-76.37
Lycaena hyllus,614.754647938684,-4688.493769665766,4269.64354768879,150019049,42.08,-82.53
Lycaena hyllus,616.832471102794,-4697.979403794572,4258.903656317274,150019210,41.95,-82.52
Lycaena hyllus,1079.0107422189164,-4353.562727495347,4524.597277727256,150019276,45.25,-76.08
Lycaena hyllus,1087.5212048883836,-4339.218070942951,4536.324204837843,150019362,45.4,-75.93
Lycaena hyllus,617.6773592590456,-4691.005994459978,4266.461129493243,165158241,42.041451,-82.498863
Lycaena hyllus,1513.2426490458613,-4467.421880757519,4282.7551359043455,727597370,42.23907,-71.2873
Lycaena hyllus,-1599.082797894666,-3692.432987062396,4939.496530134248,769023366,50.833,-113.416
Lycaena hyllus,1368.496578958988,-4329.364089913912,4469.180777281097,813420863,44.54644,-72.45844
Lycaena hyllus,1418.0496895416336,-4552.483571395339,4225.373538498561,1039036549,41.54583,-72.69875
Lycaena hyllus,1366.0178174632993,-4590.487051458852,4201.330394344017,1039062464,41.257565,-73.428269
Lycaena hyllus,1083.9942612263947,-4825.433802679168,4016.204450381846,1039071041,39.078719,-77.339151
Lycaena hyllus,1262.7629197089636,-4637.948415155699,4181.461160484486,1039087459,41.0203,-74.7694
Lycaena hyllus,386.42210920329364,-4632.0370280225325,4357.139434792567,1039103037,43.14924,-85.231211
Lycaena hyllus,1311.278548744049,-4532.510713591675,4280.963481327283,1039131970,42.21731,-73.864573
Lycaena hyllus,24.249872043335643,-4514.489817841703,4495.391724642792,1039138482,44.878138,-89.692235
Lycaena hyllus,-1724.2687562906758,-3748.829145819796,4854.166295174617,1039198762,49.6333,-114.7
Lycaena hyllus,-1835.3573385564446,-4648.836828184134,3950.8901167209547,1457648433,38.326046,-111.54407
Lycaena hyllus,-1835.290054821861,-4648.8421884881545,3950.915065004823,1457648456,38.326332,-111.54333
Lycaena hyllus,351.51859119329305,-4730.8919186247085,4252.628535860421,1457674244,41.874166,-85.750571
Lycaena hyllus,501.7117709181224,-4882.42363009251,4062.0164850618116,1570726961,39.61147,-84.13295
Lycaena hyllus,-1291.7462249507053,-4737.6629925212255,4059.0262612229876,1848123734,39.576572,-105.25125
Lycaena hyllus,194.83369206600347,-4738.435171167042,4254.294899364702,1848195569,41.894295,-87.645454
Lycaena hyllus,152.60402220736682,-4912.689685760181,4053.633579087915,1848195716,39.51368,-88.22078
Lycaena hyllus,130.00434476422188,-4737.290537077992,4258.043020840814,1848195761,41.939594,-88.42804
Lycaena hyllus,7.3865034868405,-4753.090009657986,4242.385405562903,1848195774,41.750572,-89.91096
Lycaena hyllus,-105.12866131094879,-4791.1546213429,4198.039838857295,1848225959,41.218212,-91.256996
Lycaena hyllus,-253.40163106828584,-4751.1441728837635,4237.00009340595,1848227113,41.685688,-93.05297
Lycaena hyllus,-297.3964861179377,-4774.357407906699,4207.947219403847,1848227548,41.33677,-93.56437
Lycaena hyllus,-296.247743506225,-4748.769462097109,4236.883170444855,1848229621,41.68428,-93.56972
Lycaena hyllus,465.89710077789067,-4673.67752593919,4304.5826051657,1932650644,42.504775,-84.307258
Lycaena hyllus,552.6189831473224,-4645.419299050457,4324.863573010392,1932684055,42.7526705,-83.2159767
Lycaena hyllus,552.5491623874367,-4645.357677401541,4324.93868185769,1932685124,42.7535904,-83.2167367
Lycaena hyllus,552.582891133273,-4645.323258605066,4324.971341080429,1932685162,42.7539904,-83.2162767
Lycaena hyllus,520.29747624013,-4651.850336418139,4321.959291046369,1932687641,42.7171106,-83.6181385
Lycaena hyllus,1043.021538563698,-4467.6370139404025,4420.642341497368,2466438669,43.93712,-76.85901
Lycaena hyllus,56.597754130552325,-4229.501074299259,4764.228215189342,2466441348,48.4,-89.233333
Lycaena hyllus,133.87796100953543,-4652.559928020639,4350.346645660545,2466442147,43.065565,-88.351762
Lycaena hyllus,-58.588146199409344,-5091.432918687284,3829.3121305672953,2466449844,36.94533,-90.659285
Lycaena hyllus,1504.5055478391337,-4460.617070202379,4292.914108064339,2466454088,42.362595,-71.361448
Lycaena hyllus,126.94345537413948,-4649.102739349209,4354.248753549892,2466454119,43.113618,-88.435931
Lycaena hyllus,1600.6137967202715,-4243.625105320418,4474.308278261616,2466454146,44.611179,-69.334489
Lycaena hyllus,1542.2771713051002,-4341.818107004695,4399.971566071165,2466454280,43.679524,-70.444219
Lycaena hyllus,-1227.9188370242614,-4298.085367651841,4539.650937212636,2466457179,45.442625,-105.944095
Lycaena hyllus,-516.15573202006,-4780.640221306685,4179.571205806288,2466464346,40.997776,-96.162235
Lycaena hyllus,293.2981599315288,-4734.464694621272,4253.06634964033,2466470661,41.879454,-86.45508
Lycaena hyllus,1068.6721189973587,-4340.695749778214,4539.389104231151,2466471371,45.439269,-76.168945
Lycaena hyllus,415.9710277616563,-4683.160540965853,4299.387000640994,2466476307,42.441427,-84.924154
Lycaena hyllus,298.4884639966267,-4558.219241770436,4441.091657519818,2466477931,44.193059,-86.253417
Lycaena hyllus,-564.1447671761421,-4641.9975145404205,4327.048981274163,2466479945,42.779442,-96.92921
Lycaena hyllus,-556.758731269782,-4280.5779402937105,4685.76838329672,2466480891,47.348041,-97.410645
Lycaena hyllus,440.0497513026471,-4864.558194400877,4090.49910394113,2466483225,39.94477,-84.831071
Lycaena hyllus,307.8932188494014,-4965.252252333252,3980.1036376159304,2466484087,38.66172,-86.451656
Lycaena hyllus,-44.899857942431886,-4690.3859779930735,4311.382204105796,2466486762,42.587777,-90.548461
Lycaena hyllus,1136.8392091187566,-4798.660208967648,4033.634829921796,2466488114,39.28094,-76.671914
Lycaena hyllus,551.9037321817715,-4648.870739262075,4321.244756978497,2466490101,42.708365,-83.229659
Lycaena hyllus,1099.2848174710823,-4570.52552866215,4300.188648373764,2466490285,42.451197,-76.476312
Lycaena hyllus,-1177.5385971239773,-4978.894589028603,3796.546411319427,2466493449,36.577515,-103.306297
Lycaena hyllus,140.2407967892733,-4779.537044057773,4210.238864135007,2466504680,41.364224,-88.319314
Lycaena hyllus,1344.356439344695,-4404.935145258463,4402.159158837478,2466507343,43.706733,-73.028165
Lycaena hyllus,-511.8843365238423,-4067.0452561442467,4877.17853273525,2466525993,49.953889,-97.173611
Lycaena hyllus,-362.8286212008266,-4299.810416607108,4687.188805942422,2466526159,47.366898,-94.823333
Lycaena hyllus,1124.0459979838915,-4421.424126861883,4447.165660788617,2466541265,44.269294,-75.736034
Lycaena hyllus,-346.2951397903081,-4300.147550849203,4688.130101304852,2466548298,47.379398,-94.60415
Lycaena hyllus,-358.0335265855937,-4329.904665826593,4659.773675659711,2466548732,47.004125,-94.726951
Lycaena hyllus,1159.0098354496254,-4406.050464416457,4453.444580998398,2466549841,44.348205,-75.26224
Lycaena hyllus,442.3703628128191,-4638.863389462527,4344.537725200062,2884451445,42.9941,-84.552644
Lycaena hyllus,459.4579843257249,-4651.069648449458,4329.688512536324,2884453454,42.811792,-84.358315
Lycaena hyllus,430.3140808900765,-4631.56191926656,4353.529270541893,2884456438,43.104755,-84.691941
Lycaena hyllus,-161.9204536108897,-4623.300258715297,4380.482806054939,3097756313,43.437667,-92.005833
Lycaena hyllus,-117.64503951256357,-4628.511835254483,4376.3901751631665,3097765222,43.387,-91.456
Lycaena hyllus,-146.60203628674364,-4632.971396805158,4370.7936360596195,3357500319,43.317783,-91.812417
Lycaena hyllus,1308.3910124066672,-4349.122125758709,4467.997630210533,3750511611,44.531512,-73.256598
Lycaena hyllus,1351.3725343628566,-4398.496963658606,4406.446398599803,3750829528,43.760093,-72.921206
Lycaena hyllus,1338.061429046012,-4308.326878361097,4498.629152416111,3750875534,44.91924,-72.746478
Lycaena hyllus,344.064804728563,-4751.981701280241,4229.662214707254,4131057128,41.597384,-85.858755
Lycaena hyllus,929.5927599672361,-4452.46579864819,4461.071479158574,4417379026,44.4442,-78.2071
Lycaena hyllus,1723.0187639567832,-4127.804275976654,4536.760003345903,4417397122,45.405582,-67.343477
Lycaena hyllus,1803.1325335412291,-4073.6712296020705,4554.521809067883,4417405112,45.633559,-66.124341
Lycaena hyllus,1832.5356729047992,-4060.3911223349883,4554.644889656272,4417405131,45.635142,-65.709392
Lycaena hyllus,361.1020126038506,-4630.373446162006,4361.077873100717,4454124563,43.197807,-85.540785
Lycaena hyllus,1101.687993886554,-4398.456320671601,4475.446199983606,4875839166,44.625556,-75.938333
Lycaena hyllus,611.747947196537,-4693.342761282829,4264.745162831225,4875839611,42.020675,-82.57372
Lycaena hyllus,1142.1157414534187,-4348.332504156606,4514.125518425123,4875909647,45.116389,-75.283333
Lycaena hyllus,764.0584252070486,-4520.119337326916,4424.306615603268,4875937975,43.9829,-80.4057
Lycaena hyllus,668.2196671554568,-4665.672724334788,4286.575980372036,4875968670,42.2855,-81.8495
Lycaena hyllus,-955.0278673288236,-3868.738032114582,4970.969818976272,5068564723,51.28333,-103.86667
Lycaena hyllus,-1102.737996364361,-3518.8412255709245,5195.332373416956,5068564726,54.63333,-107.4
Lycaena hyllus,-1067.0067420026212,-3526.681123662662,5197.477272119605,5068564727,54.66667,-106.83333
Lycaena hyllus,-798.2357294304821,-3871.545591245587,4996.369440388178,5068565724,51.65,-101.65
Lycaena hyllus,-952.1256876292392,-3726.2800040239376,5079.177801204181,5068568718,52.86667,-104.33333
Lycaena hyllus,-891.3249726939646,-3944.420638728831,4923.09239680707,5068568722,50.6,-102.73333
Lycaena hyllus,-1252.9175180032605,-3972.540272570072,4820.671592793569,5068568724,49.17041,-107.50499
Lycaena hyllus,581.8264754528644,-4808.5910455793155,4138.681340537582,5104168321,40.512326,-83.100904
Lycaena hyllus,79.13500101851348,-5116.395141865749,3795.5225639671544,6416402903,36.56605,-89.11388
Lycaena phlaeas,127.22751774302883,-4708.658759894339,4289.7667735293835,1848196051,42.3243,-88.45225
Lycaena phlaeas,361.5387050361587,-4642.940754061722,4347.659605892691,1848230481,43.032497,-85.54745
Lycaena phlaeas,505.64690596117566,-4688.574897170267,4283.846375606173,1848232018,42.252327,-83.844635
Lycaena phlaeas,-65.37653875074612,-4560.772114231046,4448.014923526098,2466524854,44.279961,-90.821252
Lycaena phlaeas,-2521.2218372227876,-4136.207099052338,4138.234455771861,2466542728,40.50704,-121.364364
Lycaena phlaeas,-825.5660821284957,-4644.098466533899,4282.586041967392,2466544744,42.237016,-100.079983
Lycaena phlaeas,891.3389972197805,-4425.413530072065,4495.662688588611,3397374788,44.881577,-78.612204
Lycaena phlaeas,467.63411406902287,-4672.786915416517,4305.361065944237,3397378827,42.514272,-84.285092
Lycaena phlaeas,1587.0926669982302,-4507.23857326436,4213.750163419249,3397382180,41.406312,-70.601771
Lycaena phlaeas,1375.2369221018212,-4572.176553971388,4218.255338060945,3397383061,41.460353,-73.259561
Lycaena phlaeas,1582.4028114986754,-4509.7040389838585,4212.875971662494,3397385847,41.395831,-70.66462
Lycaena phlaeas,1232.7002054799225,-4278.458991816281,4556.8620769597155,3397392856,45.663666,-73.927367
Lycaena phlaeas,1563.1305581129413,-4498.164097375732,4232.362902806294,3397394479,41.62987,-70.83745
Lycaena phlaeas,343.51685264627866,-4613.87694479871,4379.941647999475,3397396072,43.430965,-85.742015
Lycaena phlaeas,775.891474666839,-4617.337123800291,4320.641553564981,3397399196,42.700983,-80.461206
Lycaena phlaeas,1235.253066707353,-4278.397262358075,4556.228687885897,3397401179,45.655516,-73.895585
Lycaena phlaeas,1605.461061535361,-4477.371393107078,4238.56028832404,3397401957,41.704479,-70.273576
Lycaena phlaeas,325.07682347566373,-4678.691085566103,4312.0677075343665,3397403001,42.596151,-86.02546
Lycaena phlaeas,-1706.501124421029,-3625.40442691107,4953.185821606213,3397404590,51.028333,-115.206667
Lycaena phlaeas,1613.501114449197,-4448.273193359107,4266.055892811462,3397409895,42.036544,-70.063012
Lycaena phlaeas,1022.2385191158916,-4406.199843901502,4486.667413048973,3397412109,44.767521,-76.938447
Lycaena phlaeas,1147.3486391721888,-4809.272183201468,4017.9902062787255,3397415476,39.09941,-76.581756
Lycaena phlaeas,1454.36332827739,-4524.7070305712705,4242.830037432357,3397421243,41.755932,-72.181189
Lycaena phlaeas,1418.1983678259155,-4524.363210406115,4255.420550250823,3397421993,41.907896,-72.595977
Lycaena phlaeas,1599.613312744819,-4451.103448889195,4268.33321879322,3397422666,42.064125,-70.232854
Lycaena phlaeas,1550.77154862613,-4513.606644476091,4220.452083911204,3397423287,41.48672,-71.038456
Lycaena phlaeas,1503.6442076496621,-4508.559447389528,4242.8409039031485,3397428053,41.756063,-71.556004
Lycaena phlaeas,1075.4004960937186,-4821.225523054484,4023.562023695774,3397435069,39.164008,-77.425708
Lycaena phlaeas,213.82118263197367,-4799.310687531607,4184.572923976853,3397435241,41.057402,-87.449018
Lycaena phlaeas,1608.8888749904543,-4448.207963420496,4267.865465519252,3397435982,42.058459,-70.115261
Lycaena phlaeas,775.8969036806252,-4617.306312922239,4320.673505043477,3397441275,42.701374,-80.461078
Lycaena phlaeas,1076.4864284091789,-4383.458651198844,4496.245139264352,3397448486,44.88897,-76.202395
Lycaena phlaeas,1505.4362058287497,-4516.004327014185,4234.279145054862,3397448711,41.65293,-71.563893
Lycaena phlaeas,360.3811635475846,-4630.139559219874,4361.385812879286,3397451160,43.201606,-85.549427
Lycaena phlaeas,-134.23284869089306,-4713.798205961834,4283.904894541982,3397454869,42.253038,-91.631147
Lycaena phlaeas,343.57342355591584,-4613.948314757444,4379.862027627177,3397456719,43.429979,-85.741382
Lycaena phlaeas,1494.8629467947515,-4518.05187420961,4235.8405496345795,3397458181,41.671726,-71.692454
Lycaena phlaeas,898.9756511064851,-4904.537676335898,3965.7415561023095,3397461383,38.496499,-79.613285
Lycaena phlaeas,837.9069834716581,-4400.174376660455,4530.5772779754725,3397465799,45.326441,-79.218485
Lycaena phlaeas,516.8747388149243,-4733.22692019291,4233.102474074254,3397466751,41.638769,-83.767918
Lycaena phlaeas,471.9157315469636,-4360.335870600034,4621.095083154487,3397468329,46.4964541,-83.8229662
Lycaena phlaeas,981.1547514758452,-4835.234551229,4030.8305990124527,3397469131,39.248367,-78.529415
Lycaena phlaeas,526.6249130085263,-4353.720158913058,4621.421870869425,3397484357,46.5007234,-83.1030236
Lycaena phlaeas,849.967365398509,-4440.127016503816,4489.162581679113,3397484720,44.799136,-79.163052
Lycaena phlaeas,429.0890602019928,-4342.171634571996,4642.324978285209,3397486982,46.774512,-84.356411
Lycaena phlaeas,888.4705495553998,-4370.307596874279,4549.811503892566,3397491277,45.573011,-78.508543
Lycaena phlaeas,775.7477023804381,-4617.221192105149,4320.791257987825,3397506154,42.702815,-80.462706
Lycaena phlaeas,888.0908710331901,-4370.14336610042,4550.043372781564,3397545125,45.57599,-78.512903
Lycaena phlaeas,1582.4283903616079,-3895.298097893952,4786.682175327579,3397557680,48.705066,-67.891012
Lycaena phlaeas,1459.518609606801,-4383.277016716287,4387.076606649995,3397562113,43.519388,-71.583567
Lycaena phlaeas,1729.6926108223358,-3967.1663064287686,4675.415286247882,3397565756,47.2108,-66.4427
Lycaena phlaeas,1762.2671289476432,-4155.6830232791735,4496.050078228371,3397569394,44.886494,-67.020046
Lycaena phlaeas,1543.081049308722,-4369.337444026163,4372.36141063072,3397570540,43.337165,-70.548749
Lycaena phlaeas,1622.670321395818,-4457.123076609014,4253.322000236759,3397578389,41.882542,-69.995344
Lycaena phlaeas,334.64380588033254,-4678.188339626428,4311.881319313727,3397583177,42.593874,-85.908443
Lycaena phlaeas,343.6014432964006,-4613.950520868024,4379.857505538708,3397588463,43.429923,-85.741038
Lycaena phlaeas,1480.772023322877,-4501.137372889215,4258.735692080653,3397589174,41.947969,-71.789968
Lycaena phlaeas,1061.814643305827,-4813.941967751502,4035.8723374333276,3397595396,39.306941,-77.561395
Lycaena phlaeas,1609.5529217395977,-4448.168768644408,4267.655928897437,3397596834,42.055921,-70.107536
Lycaena phlaeas,427.95726347948965,-4336.307894003253,4647.907008398259,3397599940,46.8478609,-84.3636387
Lycaena phlaeas,570.2988741922018,-4680.046272577814,4285.052999707595,3397603504,42.266989,-83.052332
Lycaena phlaeas,1156.5576498080175,-4301.178360433981,4555.435461520933,3397607248,45.645311,-74.949547
Lycaena phlaeas,1512.528573816616,-4535.02604633304,4211.359543205333,3397610781,41.377654,-71.55535
Lycaena phlaeas,1521.9205405390057,-4473.273590789139,4273.562258808373,3397617681,42.1275,-71.2104
Lycaena phlaeas,1556.256425959669,-3933.760870036531,4763.753192988288,3397617729,48.393566,-68.415485
Lycaena phlaeas,1527.2559672552263,-4464.704037479431,4280.614464989296,3397620723,42.213072,-71.115553
Lycaena phlaeas,1120.5285954924525,-4793.096336126485,4044.7986734783244,3397626839,39.410766,-76.841726
Lycaena phlaeas,429.5009879101409,-4348.353642578864,4636.49680579344,3397633322,46.6980352,-84.3590074
Lycaena phlaeas,414.7704293424513,-4596.452080941254,4392.077741596946,3397638734,43.581444,-84.843761
Lycaena phlaeas,1142.31911118966,-4832.082443289385,3991.971873541044,3397641541,38.79854,-76.69929
Lycaena phlaeas,1621.5579558585252,-4471.678141451193,4238.442818387073,3397665010,41.703064,-70.067912
Lycaena phlaeas,1101.9791479024636,-4785.67192588747,4058.6622556007433,3397665492,39.572325,-77.032743
Lycaena phlaeas,513.9005051288242,-4735.401735032394,4231.031766408516,3397682798,41.613856,-83.806323
Lycaena phlaeas,46.94171921218614,-4600.756914208015,4406.879329076526,3427442948,43.765484,-89.415429
Lycaena phlaeas,1600.4441003470645,-4449.783648173629,4269.397767342402,3427463583,42.077022,-70.217973
Lycaena phlaeas,1574.7336450473506,-4486.640977800081,4240.285345723617,3427465497,41.725262,-70.659806
Lycaena phlaeas,855.3417852436729,-4437.972489394704,4490.272123543224,3427467948,44.8132,-79.091
Lycaena phlaeas,1210.333305529329,-4260.726067877896,4579.416970937419,3427473944,45.954665,-74.141881
Lycaena phlaeas,316.5171032876338,-4682.710868223366,4308.33946870794,3427474541,42.550621,-86.133105
Lycaena phlaeas,511.7774304050508,-4741.477091323616,4224.480084443384,3427479235,41.535095,-83.839556
Lycaena phlaeas,461.5746507607883,-4658.943959290987,4320.988678027115,3427484282,42.705231,-84.34201
Lycaena phlaeas,-1789.550375592949,-3314.84564742859,5138.001646225534,3427492998,53.7520681,-118.3628061
Lycaena phlaeas,1544.0336278849209,-4492.085057241038,4245.807947157966,3427527754,41.791842,-71.030968
Lycaena phlaeas,489.58739677679483,-4697.853325107208,4275.5387317125205,3427539117,42.151471,-84.05039
Lycaena phlaeas,1582.8768695144852,-4496.316799167327,4226.983461897992,3427541529,41.565178,-70.605966
Lycaena phlaeas,1527.5886825900423,-4376.607960857667,4370.529567850737,3427550483,43.314519,-70.759233
Lycaena phlaeas,1431.6518036516998,-4400.083256555466,4379.428453366777,3799402304,43.42461,-71.976705
Lycaena phlaeas,1353.426980095617,-4595.250954520493,4200.197281581568,3804751313,41.244011,-73.588858
Lycaena phlaeas,889.1609092783707,-4369.893119451586,4550.07473912884,3805234304,45.576393,-78.49879
Lycaena phlaeas,459.5572597064925,-4657.094486486676,4323.196872531241,3922904618,42.732261,-84.364357
Lycaena phlaeas,150.69658366311185,-4786.831288813819,4201.581830904014,3922906050,41.260573,-88.196839
Lycaena phlaeas,1584.7076947182281,-4490.070762398959,4232.932695026972,3922910562,41.636726,-70.560228
Lycaena phlaeas,571.2307869080066,-4680.811021635694,4284.093451069865,3971286343,42.255329,-83.042216
Lycaena phlaeas,1119.2489596000087,-4800.300423245969,4036.601385162561,4064232691,39.315415,-76.875273
Lycaena phlaeas,1294.1375837008682,-4472.5721745197825,4348.684765287282,4142863518,43.045111,-73.862214
Lycaena phlaeas,1584.673332761812,-4490.147445281164,4232.864216785843,4142865475,41.635902,-70.560925
Lycaena phlaeas,1206.1783763715953,-4581.119125690926,4260.074460649699,4403191309,41.964159,-75.249177
Lycaena phlaeas,1769.5402108105034,-3909.4146434585628,4709.029381678768,4417348498,47.6577,-65.6468
Lycaena phlaeas,701.6909017730852,-4349.537588311388,4602.054516834048,4538141301,46.248275,-80.835694
Lycaena phlaeas,858.877184845264,-5023.682915293081,3822.916828499165,5900794351,36.8734,-80.29819
Megisto cymela,721.2983272947973,-5545.994772266013,3051.46257370416,6178311418,28.617543,-82.589847
Megisto cymela,-831.5602240255381,-5478.850713362114,3143.319198584116,6179216667,29.562888,-98.63028
Megisto cymela,747.5621168540218,-5486.403729989439,3151.2343807911434,6184748572,29.644758,-82.24082
Megisto cymela,-191.02545011434776,-5499.6919918550775,3210.3972342704224,6184750140,30.258837,-91.989303
Megisto cymela,-707.463649138246,-5396.054723291003,3312.3770525219934,6184799493,31.326487,-97.469308
Megisto cymela,-743.2544183247235,-5444.274910705721,3224.468436188892,6184827641,30.405452,-97.773982
Megisto cymela,-821.9206162239947,-5480.604422407702,3142.797288306795,6184867294,29.557492,-98.529027
Megisto cymela,758.6203022207102,-5517.777001571493,3093.2806739228645,6185000025,29.04684,-82.171678
Megisto cymela,-388.8993793808987,-5438.016126566458,3296.4361073131267,6185181054,31.15881,-94.09054
Megisto cymela,-707.4614224241159,-5396.056006442184,3312.3754377785017,6185199243,31.32647,-97.469283
Megisto cymela,-353.67635039973356,-5449.391471780003,3281.5847933790674,6185203721,31.002861,-93.713402
Megisto cymela,546.4251780153529,-5477.13524295287,3208.1399883596,6185284541,30.235338,-84.302751
Megisto cymela,-544.8679235392281,-5525.294582481627,3124.7386854543006,6185356298,29.370962,-95.631921
Megisto cymela,-541.391945804878,-5525.107813690015,3125.672973584503,6185363477,29.380604,-95.596409
Megisto cymela,6.131632926044634,-5499.5466979933635,3216.3180267730654,6185518358,30.320502,-89.936119
Megisto cymela,-849.2422422005964,-5448.066815453259,3191.7250379844018,6185601907,30.064619,-98.859939
Megisto cymela,-448.14722329169575,-5420.747264142624,3317.2905049488254,6185748674,31.37823,-94.726043
Megisto cymela,-635.1256273184455,-5538.246065065311,3084.5095379961763,6185779993,28.95665,-96.542096
Megisto cymela,-245.1633364047648,-5443.770550200723,3300.759043754578,6185860530,31.204252,-92.578606
Megisto cymela,731.417444569289,-5488.956912600561,3150.5767191217033,6185904136,29.637953,-82.409905
Megisto cymela,-816.091536707662,-5477.352255403874,3149.9777782729925,6185924469,29.631756,-98.474375
Megisto cymela,768.8590173556025,-5480.929520319292,3155.633143190275,6185927238,29.690285,-82.014715
Megisto cymela,539.0814674979886,-5480.690641141967,3203.306790985921,6186087693,30.185041,-84.382449
Megisto cymela,-559.3984027927617,-5323.049532691261,3455.7155885786788,6186119178,32.848028,-95.999184
Megisto cymela,725.6605755383735,-5485.032011424128,3158.732925152003,6187926548,29.72238,-82.46363
Megisto cymela,-789.4956212697718,-5441.868850035855,3217.532161872316,6187930109,30.333152,-98.254766
Megisto cymela,-731.563713150527,-5491.717851165626,3145.72769108638,6188112783,29.587793,-97.587823
Megisto cymela,765.680126675171,-5514.063478960892,3098.1592959823474,6188283924,29.097039,-82.094489
Megisto cymela,-731.2817248269307,-5491.713645093017,3145.8005990384627,6188330235,29.588547,-97.584938
Megisto cymela,-919.7807389493286,-5450.446381390362,3168.0263202069464,6188350560,29.818665,-99.578606
Megisto cymela,-829.8518529016008,-5478.08809180221,3145.099345071317,6188412903,29.581295,-98.613997
Megisto cymela,-754.4928740581827,-5455.1892873797005,3203.3425467050224,6188475291,30.185413,-97.874472
Megisto cymela,-831.5489100061055,-5478.196146387012,3144.4628351525453,6188525090,29.574713,-98.63118
Megisto cymela,-510.77021839075644,-5266.704087133786,3548.3369304859943,6188555539,33.84517,-95.539279
Megisto cymela,-536.3056176924487,-5297.579903541319,3498.2533612796115,6188671722,33.304564,-95.780699
Megisto cymela,-488.7195338692527,-5283.723983265535,3526.0696555168397,6195223167,33.604397,-95.284553
Megisto cymela,-826.1677364389645,-5476.312188626322,3149.1593820649246,6195295277,29.623289,-98.579065
Megisto cymela,-815.2344094280564,-5464.790660892901,3171.9408916276584,6195308543,29.85925,-98.48478
Megisto cymela,-753.5390875541082,-5467.026545468247,3183.324162624832,6195313074,29.977362,-97.847826
Megisto cymela,785.8868457705986,-5371.37468841383,3334.736714043465,6195437275,31.562185,-81.676104
Megisto cymela,773.3151980097789,-5507.986229052284,3107.0604169817702,6195582838,29.188691,-82.007975
Megisto cymela,839.0814123326558,-5339.61451786451,3372.5676144098034,6195691497,31.962333,-81.069419
Megisto cymela,791.6293380614466,-5384.457107583172,3312.2043683014017,6195813763,31.324669,-81.636224
Megisto cymela,-553.1277210269636,-5114.274709026327,3758.7227956478278,6234163019,36.155088,-96.172757
Megisto cymela,-836.9771886995427,-5451.769701260179,3188.6406883961604,6234345268,30.032574,-98.728127
Megisto cymela,-732.1341421542538,-5337.971815674876,3399.9690620107353,6234379005,32.253257,-97.809724
Megisto cymela,831.8662282068861,-5453.105888797354,3187.693190005887,6234467834,30.022732,-81.326451
Megisto cymela,-843.5973594711164,-5477.66660352972,3142.1752346656253,6234666545,29.551061,-98.755148
Megisto cymela,-843.5965299161736,-5477.656133074839,3142.1937101614885,6234695593,29.551252,-98.755156
Megisto cymela,678.632111521043,-5503.234733854548,3137.4542308991217,6235002619,29.502267,-82.970054
Megisto cymela,379.48038834760575,-5355.4814492895575,3429.95134234473,6235201348,32.572654,-85.946892
Megisto cymela,915.1919875418287,-5290.443946488514,3429.778360868193,6235247132,32.570808,-80.185555
Megisto cymela,-218.43367282991926,-5218.3677486496,3648.380174831726,6235316385,34.935467,-92.396923
Megisto cymela,-767.1175706254835,-5470.419019208065,3174.239990423181,6235330423,29.883094,-97.982542
Megisto cymela,-194.0788249933708,-5145.172848915761,3752.237051966027,6235614780,36.082882,-92.160205
Megisto cymela,-831.1119052784821,-5474.778154286427,3150.5253993468955,6236098013,29.637422,-98.632017
Megisto cymela,-731.0631440811076,-5491.749726073435,3145.788415519396,6236481837,29.588421,-97.582648
Megisto cymela,-731.1692977162755,-5491.662700618217,3145.9156648570774,6236487469,29.589737,-97.583855
Megisto cymela,-734.9685482461791,-5445.663667752661,3224.0225775395825,6252125826,30.400803,-97.686422
Megisto cymela,494.0735367591879,-5002.733290798853,3913.8605099165948,6253490303,37.902782,-84.359718
Megisto cymela,523.800616126159,-5127.609073707922,3744.7311293938697,6256753304,35.999401,-84.167297
Megisto cymela,-451.0598378867786,-5223.72245493181,3619.257087602948,6273213907,34.616604,-94.935155
Megisto cymela,507.0349752105604,-5025.21866650013,3883.277741476821,6273417152,37.555036,-84.238464
Megisto cymela,-845.0413248346242,-5472.087119777123,3151.495017062298,6273723498,29.647455,-98.778704
Megisto cymela,678.2499014834573,-5503.589416742313,3136.9146836879577,6273764983,29.496692,-82.974422
Megisto cymela,494.0976409089768,-5002.764887853035,3913.8170789895676,6273908880,37.902287,-84.35948
Megisto cymela,707.8992200048327,-5204.1798594247275,3606.2645236798703,6274262363,34.474746,-82.253876
Megisto cymela,428.8676380209141,-5185.493073343872,3676.4775621562703,6274344764,35.244279,-85.272097
Megisto cymela,1284.327352969898,-4617.31910943246,4197.692297174795,6312308307,41.214057,-74.455861
Megisto cymela,-477.8312792387964,-5459.146521978451,3249.484520632316,6320190658,30.666653,-95.002269
Megisto cymela,570.1505387524247,-5181.825755222803,3662.425881208707,6320273850,35.089694,-83.721066
Megisto cymela,667.3886159363295,-5143.824553106159,3699.3802902456846,6320533516,35.49687,-82.607422
Megisto cymela,-783.3375809239182,-5454.859947295868,3196.9733060157123,6320919639,30.11917,-98.172012
Megisto cymela,-248.37970537228762,-5367.018509218149,3423.9119400689033,6321098303,32.508226,-92.649695
Megisto cymela,-195.79583502301924,-5014.327904003351,3925.2939752072625,6321158542,38.03321,-92.236108
Megisto cymela,-47.05567908340208,-5006.336667219416,3940.0675206394403,6333857412,38.202085,-90.53852
Megisto cymela,973.9358269522983,-4819.109568976745,4051.8372495514855,6333897598,39.492743,-78.574492
Megisto cymela,579.2548680204591,-5180.792121149632,3662.4595458497456,6334028888,35.090064,-83.62036
Megisto cymela,1109.002534977338,-4815.647647046524,4021.119775210203,6334349489,39.135686,-77.031376
Megisto cymela,335.66946681492396,-5108.882315356867,3791.622426687481,6334630308,36.522392,-86.240892
Megisto cymela,649.462031288731,-4793.229894192577,4146.43212666147,6334774706,40.604073,-82.283661
Megisto cymela,370.4997501094009,-4990.557915340774,3942.944934750655,6334867904,38.235022,-85.754142
Megisto cymela,-228.91270004181067,-5203.244388325107,3669.2778500408335,6334939770,35.165037,-92.519059
Megisto cymela,956.8205180114477,-5256.555759257176,3470.2837313121763,6334961953,33.004114,-79.683726
Megisto cymela,655.3399434016578,-4740.877162868154,4205.278399209135,6352243856,41.304812,-82.129777
Megisto cymela,729.0385381006145,-4743.957283351111,4189.645000877938,6352257129,41.117922,-81.263289
Megisto cymela,310.8570486387179,-4928.337637875922,4025.4948952997847,6352260068,39.186431,-86.390825
Megisto cymela,-731.3523451092184,-5491.859379517977,3145.529753885838,6352327443,29.585746,-97.585463
Megisto cymela,715.8618741621851,-4731.462892246526,4206.014004505047,6352335016,41.313619,-81.396503
Megisto cymela,314.06360365291744,-4878.918700138616,4085.0054467498194,6352427668,39.880358,-86.316863
Megisto cymela,423.4934169009053,-5177.136703184585,3688.856464008607,6352499346,35.380706,-85.323577
Megisto cymela,902.4419644110448,-4832.638444056329,4052.278038286143,6352528135,39.49788,-79.422473
Megisto cymela,1118.1288861181777,-4669.700355988882,4187.2950109805815,6352552889,41.089875,-76.534425
Megisto cymela,1049.293660169301,-4854.3366038847735,3990.5077472159346,6352597515,38.781647,-77.802831
Megisto cymela,1367.2532701448254,-4585.069108478043,4206.841201594861,6352598061,41.323524,-73.395584
Megisto cymela,952.1919218030913,-5255.068136878227,3473.808076232418,6352690505,33.041916,-79.729722
Megisto cymela,700.0998000945242,-4733.361007009333,4206.531466292466,6352772751,41.319815,-81.586521
Megisto cymela,-418.7117038220383,-5468.855934794189,3241.303503719801,6352784514,30.581155,-94.378192
Megisto cymela,493.9943819964472,-5002.759366257729,3913.8371713133324,6352807107,37.902516,-84.360645
Megisto cymela,-633.6154530075376,-5331.72368432801,3429.432480945389,6500249727,32.567117,-96.777175
Nymphalis antiopa,-2513.306010805208,-4645.518719051646,3562.611662343876,5938263813,33.999878,-118.414155
Nymphalis antiopa,-2448.312024545805,-4745.6828186823805,3474.768473525209,6129839416,33.05222,-117.289345
Nymphalis antiopa,-2513.5617777404523,-4640.7696016375585,3568.6156732935638,6129932985,34.065033,-118.44113
Nymphalis antiopa,-2445.290338504835,-4780.98315969309,3428.1931562885165,6130003005,32.553893,-117.08801
Nymphalis antiopa,-2513.5052223119283,-4640.726495122959,3568.7115636531726,6130208067,34.066074,-118.440813
Nymphalis antiopa,-2448.759455601215,-4769.997952320993,3440.995465433602,6130434685,32.690592,-117.174467
Nymphalis antiopa,-2488.464776713554,-4645.413776372549,3580.143437213309,6130447915,34.190272,-118.177155
Nymphalis antiopa,-2513.5846820302913,-4640.771079301982,3568.597618876976,6130488704,34.064837,-118.441341
Nymphalis antiopa,-2515.0467950150146,-4656.522127404856,3546.983849068259,6130588635,33.83052,-118.374046
Nymphalis antiopa,-2537.071027986292,-4613.539963714299,3587.2374791531543,6130636307,34.267435,-118.807209
Nymphalis antiopa,-2445.0616704534955,-4781.074099876527,3428.2294276851503,6130655356,32.55428,-117.085396
Nymphalis antiopa,-2512.7495082279474,-4658.129901207633,3546.5009321940133,6130671867,33.825292,-118.343893
Nymphalis antiopa,-2502.1981903433916,-4644.835790636708,3571.3103791101607,6130680917,34.094292,-118.311587
Nymphalis antiopa,-2688.366594185033,-4211.927585393504,3952.4807653356943,6130746407,38.344283,-122.549058
Nymphalis antiopa,-2513.977505999762,-4652.992576585915,3552.3696754759367,6130783748,33.888848,-118.382025
Nymphalis antiopa,-2514.4983243339707,-4638.1407402455225,3571.372534512999,6131195477,34.094967,-118.46367
Nymphalis antiopa,-2691.9665881188143,-4200.521298766481,3962.1572200934365,6131420689,38.455324,-122.654384
Nymphalis antiopa,-2488.506760335568,-4668.52306083585,3549.92671246682,6131441474,33.862386,-118.059374
Nymphalis antiopa,-2488.338207956349,-4671.082563551948,3546.6764409772404,6133046114,33.827192,-118.04473
Nymphalis antiopa,-2605.7860694606547,-4563.296167465834,3602.216009330071,6133075208,34.430592,-119.72773
Nymphalis antiopa,-2487.153849176558,-4673.940891300189,3543.740312838351,6133141527,33.795412,-118.018875
Nymphalis antiopa,-2369.918080183634,-4721.00969926605,3561.644120674051,6133317175,33.989383,-116.656372
Nymphalis antiopa,-2447.7015774218175,-4745.952595575949,3474.830079026901,6133479148,33.052881,-117.282197
Nymphalis antiopa,-2513.548609918599,-4640.140356628384,3569.443091862135,6133494240,34.074016,-118.444258
Nymphalis antiopa,-2665.8259831490823,-4301.909360924083,3869.9742644671946,6147404749,37.404273,-121.785848
Nymphalis antiopa,-2486.1657009744376,-4651.584138407389,3573.7233021447673,6147426995,34.1205,-118.123488
Nymphalis antiopa,-2666.9218798726615,-4301.742696255022,3869.4044233642067,6147494935,37.397822,-121.797387
Nymphalis antiopa,-2473.533746994197,-4674.734948169392,3552.2158009504433,6147507672,33.887181,-117.884576
Nymphalis antiopa,-2691.9325898099255,-4288.046653945964,3867.286898483158,6147612794,37.373855,-122.119614
Nymphalis antiopa,-2682.560806489936,-4253.790057789228,3911.379653449025,6147718567,37.874512,-122.236695
Nymphalis antiopa,-2685.7660001422123,-4287.806797642773,3871.837675864778,6159240569,37.425372,-122.061914
Nymphalis antiopa,-1901.163848474921,-5023.02799909509,3427.0277021401857,6159334654,32.541459,-110.731133
Nymphalis antiopa,358.4196430643863,-5369.126248647653,3410.831543073596,6159379279,32.368843,-86.180848
Nymphalis antiopa,-2683.868246081052,-4250.298649923253,3914.2771687523395,6159412625,37.907531,-122.270528
Nymphalis antiopa,-2513.4974828345767,-4645.053974138519,3563.0825293278895,6159541377,34.004986,-118.418381
Nymphalis antiopa,-2667.270329913656,-4254.7484307914665,3920.782818203182,6162763939,37.981721,-122.083295
Nymphalis antiopa,-2513.0666545709096,-4643.025589807322,3566.0289527365844,6162776446,34.036956,-118.424745
Nymphalis antiopa,-2445.3986524390793,-4768.8105948485345,3445.0288925910245,6162885350,32.733703,-117.1483
Nymphalis antiopa,-1101.6018666986583,-5651.010694345113,2728.0587584142368,6163004550,25.35331,-101.030837
Nymphalis antiopa,-2445.399338331474,-4768.811932418143,3445.026554178031,6163221772,32.733678,-117.1483
Nymphalis antiopa,-193.97179988591114,-4976.018976307522,3973.8348251976813,6163300614,38.589557,-92.232335
Nymphalis antiopa,-191.59267737856993,-5362.948267713493,3433.923594589896,6170904278,32.615055,-92.046036
Nymphalis antiopa,482.8446297918648,-4995.176043024745,3924.898787529462,6170922770,38.028698,-84.478818
Nymphalis antiopa,-2494.478114733754,-4667.9016117498195,3546.551368275273,6170930196,33.825838,-118.119584
Nymphalis antiopa,828.0563175443174,-5139.265235904897,3673.149697422059,6170934718,35.207642,-80.84697
Nymphalis antiopa,-2426.327325240383,-4759.370570486302,3471.466637209434,6170955524,33.0168,-117.012489
Nymphalis antiopa,-1902.3064288046048,-5022.725485168478,3426.837037450889,6170970524,32.539425,-110.743675
Nymphalis antiopa,502.4544225670407,-4881.834503503519,4062.632713318152,6170975947,39.618664,-84.123622
Nymphalis antiopa,980.7428875972487,-5065.945332684055,3736.8562193856865,6170984454,35.911911,-79.04335
Nymphalis antiopa,-1935.0918875710304,-4846.545385956004,3654.6094645259677,6170996757,35.003831,-111.765463
Nymphalis antiopa,-909.9589373370634,-5285.729713733526,3438.428311800659,6171026726,32.663164,-99.767945
Nymphalis antiopa,-2508.520648832837,-4661.543328939093,3545.0093196605503,6171049071,33.809146,-118.286069
Nymphalis antiopa,-2518.2780657730514,-4637.390558225883,3569.683112490689,6171049706,34.076622,-118.50363
Nymphalis antiopa,-2492.112663708559,-4660.219501504264,3558.2975984113823,6171050439,33.953093,-118.13622
Nymphalis antiopa,-2445.676231736652,-4769.827372750882,3443.4238387616856,6171095841,32.716545,-117.145981
Nymphalis antiopa,-2447.1395439488865,-4743.602156243517,3478.433521773979,6171140707,33.091553,-117.2884
Nymphalis antiopa,-2487.4272785731723,-4644.37647422563,3582.2096294252524,6171158665,34.212739,-118.172536
Nymphalis antiopa,-2517.43329721623,-4642.10158017743,3564.1514618571778,6171234367,34.016583,-118.471183
Nymphalis antiopa,-1287.25170580395,-4707.8199169069185,4095.0174365387984,6171238656,39.997792,-105.292503
Nymphalis antiopa,527.3058037951663,-5055.107261342148,3841.5611794278702,6171306446,37.083289,-84.044928
Nymphalis antiopa,-2694.7066993162293,-4281.851602546099,3872.215875711357,6171324924,37.429655,-122.183525
Nymphalis antiopa,-2447.487368979447,-4746.05248972529,3474.844525030707,6171355551,33.053036,-117.279663
Nymphalis antiopa,-2477.4996557882164,-4685.657748434662,3535.0191017561583,6171386061,33.701085,-117.867247
Nymphalis antiopa,-2474.129518003049,-4690.65990352481,3530.7429710031365,6171407581,33.654873,-117.809797
Nymphalis antiopa,-1824.06543139232,-4118.425824330831,4505.674995065877,6178277365,45.008795,-113.888723
Nymphalis antiopa,559.9825934438131,-5149.666979030105,3709.0568383086734,6178457896,35.60383,-83.793955
Nymphalis antiopa,-2412.4627761714446,-4697.243060702653,3564.503347164283,6178466590,34.020401,-117.184634
Nymphalis antiopa,608.5199682977088,-5244.874808344601,3565.213152485076,6178483102,34.028103,-83.382028
Nymphalis antiopa,604.4936417163686,-4837.690490379421,4101.352372827094,6178484407,40.072201,-82.877522
Nymphalis antiopa,284.971548813728,-4788.887139950795,4192.267203656995,6178523089,41.149232,-86.594525
Nymphalis antiopa,0.9614218184042135,-5209.515027513372,3667.5203317034075,6178534199,35.145705,-89.989426
Nymphalis antiopa,-2381.807255510508,-4732.166341198064,3538.834419198934,6178557164,33.742338,-116.717155
Nymphalis antiopa,889.6641504573826,-4994.6343877018435,3853.81345711681,6178560660,37.221536,-79.900175
Nymphalis antiopa,-2447.4845295630557,-4763.028185511297,3451.5409763251987,6178571651,32.803351,-117.196389
Nymphalis antiopa,-691.8464854439192,-5138.091680094344,3702.8523407235134,6178586952,35.535232,-97.668779
Nymphalis antiopa,-2510.1946526842353,-4643.796056935194,3567.0483760254842,6178608807,34.04802,-118.39335
Nymphalis antiopa,502.46296361821044,-4881.8396832942535,4062.625432707634,6178609347,39.618579,-84.123529
Nymphalis antiopa,-1292.801806961826,-4745.395602196129,4049.6465520155343,6178612192,39.467218,-105.239418
Nymphalis antiopa,-2682.7168771960382,-4160.538648371541,4010.324356195106,6178755590,39.010631,-122.813938
Nymphalis antiopa,-47.36993245751068,-4982.505220724125,3970.1575465758597,6178756062,38.54726,-90.544709
Nymphalis antiopa,-215.7761940804822,-5215.878494654187,3652.096013626907,6178798716,34.97624,-92.368924
Nymphalis antiopa,459.85651665555855,-5011.229465294401,3907.1555331125533,6178803400,37.826402,-84.756925
Nymphalis antiopa,1012.1071141919512,-4722.059114095861,4155.424171136286,6178850636,40.710671,-77.90249
Nymphalis antiopa,-2678.4938884224666,-4293.905943170292,3870.1156792230095,6178864454,37.405874,-121.955486
Nymphalis antiopa,-2512.8762300515623,-4661.851744683809,3541.517258564161,6178881081,33.771358,-118.325983
Nymphalis antiopa,830.5201607719652,-4990.691235586232,3872.078302833185,6178945931,37.428097,-80.551772
Nymphalis antiopa,-2673.9489481882356,-4253.450308992406,3917.6409510179556,6178964665,37.945882,-122.15569
Nymphalis antiopa,-2501.6568534214057,-4673.74470410019,3533.776529196855,6179010964,33.687654,-118.15825
Nymphalis antiopa,-2559.4089266844885,-4608.777440067892,3577.478103861216,6179033536,34.161299,-119.044885
Nymphalis antiopa,-2464.6298062300857,-4661.983322247063,3575.089446574717,6179074420,34.135342,-117.863864
Nymphalis antiopa,-2474.1295536921257,-4692.132804472353,3528.7853188340964,6179080240,33.633725,-117.802375
Nymphalis antiopa,547.9636759051715,-5280.003827786423,3522.9318071922207,6179084075,33.570522,-84.075002
Nymphalis antiopa,297.98238957287856,-4939.265992994941,4013.0550800637625,6179116132,39.042243,-86.547571
Nymphalis antiopa,1290.3125335957573,-4760.811242519478,4032.3098849695666,6179126673,39.265548,-74.835548
Nymphalis antiopa,-2487.2781785320217,-4644.650645728442,3581.9576730344297,6179165759,34.209999,-118.169699
Nymphalis antiopa,-2650.6497932216425,-4472.478669821727,3682.4914597811617,6179561363,35.310529,-120.653437
Nymphalis antiopa,865.5724182458098,-5054.523888374592,3780.519247444738,6185134470,36.398238,-80.282524
Nymphalis antiopa,538.5856149788443,-5305.204330237685,3486.3283952379784,6234354170,33.17634,-84.203179
Nymphalis antiopa,-2494.7423918033373,-4648.220415312576,3572.1226881069165,6234669599,34.103114,-118.222862
Nymphalis antiopa,-2585.615326220496,-4160.289747666353,4073.860052818868,6253099362,39.749866,-121.860904
Papilio cresphontes,974.0541857092891,-5631.351335608999,2815.8220305826126,6133183471,26.229916,-80.186654
Papilio cresphontes,958.8464320064285,-5657.530045034069,2768.1619242816664,6147573210,25.753069,-80.380833
Papilio cresphontes,915.1670487858457,-5545.803564395265,2999.3808073725513,6159407378,28.08532,-80.629514
Papilio cresphontes,967.929706215701,-5631.38727930428,2817.861338673811,6159408307,26.250363,-80.247229
Papilio cresphontes,964.2743827216362,-5611.746352283566,2858.0117078375197,6162779973,26.653667,-80.25
Papilio cresphontes,843.6366348807113,-5468.661428957748,3157.8113517742604,6176508306,29.712837,-81.230257
Papilio cresphontes,66.35056261210516,-5314.427092631305,3513.148930749289,6178411546,33.464995,-89.2847
Papilio cresphontes,3.2147669091300712,-5378.984145106383,3414.1283458073617,6178507065,32.403953,-89.965757
Papilio cresphontes,950.3194076365504,-5668.627521584137,2748.3282508982875,6178703064,25.555195,-80.483124
Papilio cresphontes,-190.36475621266197,-5499.178837150918,3211.3153856793624,6178762992,30.268397,-91.982613
Papilio cresphontes,-106.20632552264016,-5495.656187392847,3221.2166049595503,6178805322,30.37155,-91.107132
Papilio cresphontes,730.2105171014157,-5482.972899399851,3161.258280311609,6179039306,29.748535,-82.41411
Papilio cresphontes,965.9643756191098,-5657.089978822472,2766.586150153033,6179209704,25.737336,-80.310035
Papilio cresphontes,371.14490678264144,-5459.856763388996,3262.203045661348,6179503272,30.799722,-86.111185
Papilio cresphontes,420.0774234805539,-5346.911360875772,3438.5792105020614,6185125364,32.664776,-85.507813
Papilio cresphontes,817.2078020685666,-5655.6887828588615,2816.932539014762,6185483295,26.24105,-81.778062
Papilio cresphontes,423.46055285364736,-5351.7598462202795,3430.612312436166,6185542312,32.579708,-85.47587
Papilio cresphontes,552.1349673819935,-5480.084158496762,3202.1208164690397,6185632242,30.172703,-84.246693
Papilio cresphontes,-439.6245373662992,-5407.298486390351,3340.3003569894013,6185766268,31.620925,-94.648042
Papilio cresphontes,229.9204011707825,-5486.428056885069,3230.4793631018947,6185909475,30.46815,-87.600303
Papilio cresphontes,551.7510556681149,-5467.101968714532,3224.3014694541594,6185925292,30.403711,-84.237106
Papilio cresphontes,-221.99564590268372,-5255.160853925839,3594.9625119384955,6187955324,34.351542,-92.418928
Papilio cresphontes,75.91535869626148,-5495.118052604483,3222.9904709650905,6188263630,30.390042,-89.208506
Papilio cresphontes,975.464820080357,-5597.477545904899,2882.09414099427,6195240349,26.896255,-80.114418
Papilio cresphontes,983.7060230204031,-5615.617669450917,2843.74995041784,6195271784,26.510248,-80.064123
Papilio cresphontes,863.7679999013159,-5318.836518332129,3399.063998114843,6195448794,32.243633,-80.775812
Papilio cresphontes,863.7556673853221,-5318.839783234783,3399.0620231199277,6195556781,32.243612,-80.775947
Papilio cresphontes,-659.1933472139115,-5129.7787302806455,3720.2939990041973,6195658396,35.72822,-97.322565
Papilio cresphontes,335.0121015957891,-5149.992616485154,3735.652027639914,6195719738,35.898541,-86.278097
Papilio cresphontes,833.5605066625218,-5464.972421806346,3166.860660071112,6195801730,29.806583,-81.327639
Papilio cresphontes,965.7503953223974,-5683.570311430594,2711.845832387378,6234302454,25.192071,-80.356428
Papilio cresphontes,421.6059066757557,-5220.000698204188,3628.1667960391983,6234713281,34.714024,-85.382392
Papilio cresphontes,814.7857547453234,-5398.042752171046,3284.3586511334547,6234914936,31.031969,-81.416515
Papilio cresphontes,953.4228260776731,-5692.880306009664,2696.637140187535,6235251573,25.041013,-80.492546
Papilio cresphontes,-222.37046017288924,-5230.025811543862,3631.4094396948553,6235568604,34.749508,-92.434638
Papilio cresphontes,323.6384290780706,-5153.847601085225,3731.335712809742,6235887802,35.850636,-86.406801
Papilio cresphontes,-312.5792024348894,-5128.184626031402,3767.4619856367185,6236353436,36.252487,-93.488045
Papilio cresphontes,1068.7274667365764,-5178.101577159717,3554.5518406877004,6236396700,33.912492,-78.338263
Papilio cresphontes,969.268322228784,-5618.679653832479,2842.6591418617477,6236542742,26.499286,-80.21234
Papilio cresphontes,-347.61489250415775,-5519.916580426012,3162.1887928023466,6251803416,29.758174,-93.603424
Papilio cresphontes,979.7225699507294,-5598.602003221795,2878.463552857232,6251837179,26.85965,-80.07408
Papilio cresphontes,863.7599421517833,-5318.840291069971,3399.0601421719643,6252571156,32.243592,-80.775903
Papilio cresphontes,917.0873434841736,-5545.142947871125,3000.015603588372,6273630417,28.091791,-80.609103
Papilio cresphontes,800.9355263892746,-5441.819411570543,3214.7872253228506,6273679486,30.304555,-81.62723
Papilio cresphontes,824.613323169114,-5567.723921968046,2984.9985470137462,6273720033,27.938814,-81.575394
Papilio cresphontes,832.183451328888,-5541.457266309296,3031.414719018116,6273765362,28.412358,-81.459478
Papilio cresphontes,797.6982287184918,-5440.865198323319,3217.2063283617595,6273975138,30.329757,-81.659153
Papilio cresphontes,770.7196392193214,-5479.752541818802,3157.222901194885,6274012429,29.706744,-81.993944
Papilio cresphontes,795.7987246023924,-5569.275610735204,2989.9208503351147,6274019310,27.988933,-81.868003
Papilio cresphontes,464.0382311759845,-5006.553259296034,3912.652056025012,6274066493,37.88901,-84.704603
Papilio cresphontes,693.0935789045645,-5586.258162281403,2983.8053161865464,6274268077,27.926668,-82.927389
Papilio cresphontes,-466.73453313474704,-5508.721418593004,3166.370214866164,6276873301,29.8015,-94.842903
Papilio cresphontes,494.0713741197424,-5002.731925614032,3913.862527912162,6289910305,37.902805,-84.359741
Papilio cresphontes,831.5074191228551,-5453.154872262453,3187.703010122077,6312310301,30.022834,-81.330212
Papilio cresphontes,296.8407606355771,-5172.702588254844,3707.3962056899672,6320086060,35.585464,-86.715626
Papilio cresphontes,748.6630144937307,-5571.397030458802,2998.131409628578,6320201582,28.072585,-82.346658
Papilio cresphontes,-73.0551755422296,-4683.992035995581,4317.943338874874,6320341009,42.667973,-90.893557
Papilio cresphontes,834.1053365946398,-5465.097218046907,3166.501826059435,6320405336,29.802864,-81.322252
Papilio cresphontes,117.47873341094544,-4667.389378090831,4334.908104003876,6320757461,42.875813,-88.558163
Papilio cresphontes,985.2721648353335,-5611.556855944272,2851.2140472758215,6320824782,26.585286,-80.041563
Papilio cresphontes,122.99138398164538,-4647.389571641987,4356.190585653597,6320947801,43.137545,-88.484043
Papilio cresphontes,-61.468130116911304,-5014.256772129933,3929.7841953224956,6320962618,38.084496,-90.702335
Papilio cresphontes,814.4382334544537,-5657.634842662189,2813.825062199106,6321116934,26.209897,-81.808328
Papilio cresphontes,384.1825710700679,-4635.708998361864,4353.430712009813,6333850832,43.103541,-85.262461
Papilio cresphontes,746.8958829922676,-5605.439139074223,2934.4423197230285,6333860315,27.425382,-82.410338
Papilio cresphontes,753.1589849581077,-5485.463048589093,3151.5392771815427,6334113492,29.647913,-82.18212
Papilio cresphontes,622.2173373831598,-5242.0852747066965,3566.9511753653787,6334184782,34.046965,-83.230861
Papilio cresphontes,546.1155606275591,-5465.521107605711,3227.938962625273,6334457543,30.441647,-84.293938
Papilio cresphontes,-155.6562520393995,-4864.006935830378,4111.80748443704,6334569429,40.195183,-91.832934
Papilio cresphontes,794.5603558706542,-5445.2524673129365,3210.553307107438,6334633854,30.260462,-81.698105
Papilio cresphontes,981.2654221685458,-5596.985779545767,2881.079916367519,6334640906,26.886028,-80.055947
Papilio cresphontes,-731.6338210458825,-4771.781735867649,4157.470883460179,6334889681,40.734958,-98.716995
Papilio cresphontes,635.4115069252973,-4622.7604547813,4337.751851391979,6351658301,42.910721,-82.173576
Papilio cresphontes,454.49177593717053,-5121.473025764591,3762.140933251784,6352308110,36.193169,-84.92872
Papilio cresphontes,565.2579960044914,-4673.126134156349,4293.265500978872,6352604739,42.366872,-83.10305
Papilio cresphontes,723.9777010370951,-4604.100604439977,4343.715810486906,6352918716,42.983995,-81.063627
Papilio cresphontes,239.99130629039567,-4754.660523353646,4233.835212929868,6353030464,41.647587,-87.11045
Papilio cresphontes,873.5386151806625,-4565.203307978196,4357.2470866695885,6353279066,43.150567,-79.167555
Papilio cresphontes,1355.2857273404497,-4532.006493118511,4267.771183331688,6353382051,42.057317,-73.350831
Papilio cresphontes,432.95142022683933,-4560.073625949947,4428.096060759827,6353401788,44.030281,-84.57637
Papilio cresphontes,568.970953045368,-4680.933510102654,4284.26033969297,6367246301,42.2573568,-83.0696529
Papilio cresphontes,-452.0440381706518,-4932.740108352067,4006.6799648445403,6398681591,38.968464,-95.23605
Papilio cresphontes,1020.5361533075636,-4478.626242683421,4414.76681918955,6398760693,43.863787,-77.1633
Papilio cresphontes,1085.728367982,-4415.963560670931,4462.086156884814,6398838363,44.456983,-76.186985
Papilio cresphontes,93.70039893935557,-4577.117362196936,4430.685050597865,6398998376,44.062674,-88.827234
Papilio cresphontes,1093.5615434317463,-4412.192088233162,4463.903813584842,6399250832,44.479889,-76.079758
Papilio cresphontes,723.9813115494046,-4604.101571572781,4343.71418360436,6399300779,42.983975,-81.063585
Papilio cresphontes,616.4458091429548,-4618.345106502002,4345.185401259254,6399353455,43.002064,-82.397233
Papilio cresphontes,960.4722251913137,-4457.922997889992,4449.063809297074,6399484791,44.293138,-77.841322
Papilio cresphontes,-101.14643876153255,-4518.339747193273,4490.448580769713,6399543437,44.815437,-91.282395
Papilio cresphontes,557.2039716615794,-5464.445394343724,3227.865145243472,6399637506,30.440877,-84.177731
Papilio cresphontes,1118.2279496691149,-4399.353035917557,4470.459959290456,6399669235,44.562584,-75.738566
Papilio cresphontes,-5.528195876598898,-5519.214241860528,3182.451369804683,6399671460,29.968301,-90.057389
Papilio cresphontes,21.57668348824838,-4624.757510724095,4381.883789354546,6399726586,43.455021,-89.73269
Papilio cresphontes,703.0495461131544,-4614.322049384978,4336.301014683729,6399744311,42.892909,-81.336899
Papilio cresphontes,733.4999689266378,-5610.454847036698,2928.22938558858,6399811437,27.362451,-82.551507
Papilio cresphontes,867.3552163148908,-4568.832677740302,4354.677487624218,6399877681,43.1189,-79.250784
Papilio cresphontes,1096.0290345446756,-4410.415433671717,4465.0542200003365,6399931823,44.494391,-76.044174
Papilio cresphontes,1338.791433339567,-4400.888870217756,4407.898340443834,6400089766,43.778175,-73.07975
Papilio cresphontes,837.310014543103,-5555.714382858078,3003.781411042945,6499697742,28.130187,-81.42937
Papilio glaucus,1005.1850554115443,-4910.526450677182,3932.694510288649,6131375805,38.117756,-78.431367
Papilio glaucus,778.7856454317985,-5517.187704109606,3089.318029236969,6133391773,29.006084,-81.965424
Papilio glaucus,-123.03410650246535,-5477.443593884047,3251.4961808578505,6163344375,30.687688,-91.286759
Papilio glaucus,719.3910284723175,-4743.734766646155,4191.564164073303,6170821009,41.140836,-81.376756
Papilio glaucus,-647.189648095077,-5299.814910152114,3476.0409386549723,6170900828,33.065874,-96.962233
Papilio glaucus,-677.596758808903,-5308.190106743175,3457.4171794567965,6170984331,32.866245,-97.274532
Papilio glaucus,-183.73813078201565,-5502.358962106488,3206.250034089759,6171176629,30.215667,-91.912545
Papilio glaucus,384.0105571848104,-5464.924516267977,3252.2129470779228,6171246957,30.695184,-85.980534
Papilio glaucus,769.7035038917961,-5579.43765662636,2977.781906317835,6171343259,27.865376,-82.145418
Papilio glaucus,922.8105278480343,-5261.269361703122,3472.3505818068397,6178345153,33.026281,-80.051689
Papilio glaucus,-663.7772134254686,-5314.448050807127,3450.4774823039907,6178399145,32.791973,-97.119403
Papilio glaucus,976.339581833191,-5065.27355747043,3738.919354387586,6178435968,35.934823,-79.089948
Papilio glaucus,-645.6235329284398,-5306.79465833185,3465.667877582469,6178444763,32.954629,-96.936504
Papilio glaucus,583.9579678123177,-5156.385857551503,3696.0020440401263,6178455290,35.459562,-83.538812
Papilio glaucus,-468.8561607668609,-5455.384745240443,3257.10059893554,6178496268,30.746315,-94.912143
Papilio glaucus,530.9247452765319,-5264.207740102407,3549.082827094401,6178505725,33.853247,-84.240875
Papilio glaucus,640.7575042911067,-5067.039734469832,3808.4499838748,6178523598,36.710936,-82.79286
Papilio glaucus,-244.3418821066571,-5362.613442000948,3431.097090727215,6178541510,32.584882,-92.608818
Papilio glaucus,531.4852694660397,-5230.441867298468,3598.5767201533104,6178543932,34.390921,-84.197871
Papilio glaucus,671.4696655798541,-5169.067989649414,3663.2796421055928,6178567102,35.099078,-82.598638
Papilio glaucus,855.7378926893871,-5527.671787451185,3049.968917695586,6178573250,28.602242,-81.199908
Papilio glaucus,-393.1900251893613,-5185.169193741425,3680.920423758698,6178686014,35.293217,-94.336425
Papilio glaucus,980.6693978029489,-5064.947024525957,3738.228497649105,6178732838,35.92715,-79.042044
Papilio glaucus,689.3695680900338,-5163.391457030489,3667.9573865754437,6178752053,35.150512,-82.395355
Papilio glaucus,-277.53561388922725,-5246.60252848481,3603.5939034243797,6178763466,34.445617,-93.028019
Papilio glaucus,-670.8495189196915,-5315.9511509473095,3446.7923368524293,6178867528,32.752558,-97.192454
Papilio glaucus,-15.454464286923175,-5384.452093372734,3405.464717683184,6178894519,32.311717,-90.16445
Papilio glaucus,556.1111600836535,-5257.295345695472,3555.466095385606,6178923858,33.9224,-83.961767
Papilio glaucus,819.4555002977687,-5241.693809392432,3527.4483442406668,6179054739,33.619285,-81.114637
Papilio glaucus,980.6557524033964,-5065.9354289655,3736.8925131060037,6179071341,35.912314,-79.044279
Papilio glaucus,-498.8821511454625,-5387.971488316942,3363.128449826088,6179131723,31.86233,-95.290038
Papilio glaucus,78.56354243072569,-5480.91219228703,3247.026707607677,6179208240,30.640959,-89.178777
Papilio glaucus,856.9313248523845,-5527.821117430115,3049.3631347968135,6179212580,28.596037,-81.188062
Papilio glaucus,855.7349182186043,-5527.672355659858,3049.968722444975,6179264406,28.60224,-81.199939
Papilio glaucus,559.9695418067842,-5149.674909945107,3709.0477974552964,6179334228,35.60373,-83.794108
Papilio glaucus,-609.22902236074,-5257.987349657718,3545.7244899780653,6179439178,33.816887,-96.609238
Papilio glaucus,679.4996086742165,-5135.404892833675,3708.861010896603,6179444289,35.601664,-82.462598
Papilio glaucus,900.9998983285307,-5050.076617094754,3778.184547419861,6179474255,36.372157,-79.884119
Papilio glaucus,522.7411824575807,-5245.891243177295,3577.3062282387928,6179508403,34.159431,-84.309391
Papilio glaucus,-510.6940868680859,-5341.156417694815,3435.2573122013573,6179534107,32.629296,-95.461726
Papilio glaucus,-729.0543219016996,-5430.228619119348,3251.28437228906,6179561466,30.685473,-97.646719
Papilio glaucus,585.7608365601347,-5307.723159840518,3474.8686637803166,6179566089,33.053295,-83.702317
Papilio glaucus,-839.137149009731,-5461.437253014035,3171.483108298034,6179566656,29.854503,-98.735053
Papilio glaucus,593.4703356113473,-5065.626338171237,3817.9806039911527,6179587714,36.817927,-83.317896
Papilio glaucus,343.71957549713136,-5351.738233383499,3439.550532328136,6184732091,32.675153,-86.325181
Papilio glaucus,669.0574846024629,-5163.3951735223,3671.7115210786205,6184795705,35.191814,-82.61692
Papilio glaucus,-674.3950529887993,-5159.443647560633,3676.286943347581,6184820103,35.24218,-97.446958
Papilio glaucus,306.81003636940983,-5378.830813274914,3400.558750179854,6184839699,32.259528,-86.73537
Papilio glaucus,588.8122994535615,-5157.276068533945,3693.989274296381,6184842377,35.437342,-83.486676
Papilio glaucus,988.0265612585431,-5047.059428328256,3760.41856325169,6184851048,36.173978,-78.923692
Papilio glaucus,609.4759251854514,-5121.971222393395,3739.478977514206,6184861947,35.941039,-83.214142
Papilio glaucus,19.387683552837174,-5256.911265930405,3599.2028547357386,6184884995,34.397745,-89.788692
Papilio glaucus,582.2542446876714,-5069.619709627463,3814.4054745107233,6184899785,36.777775,-83.448192
Papilio glaucus,903.7197571218397,-5068.1308491139025,3753.2776911021474,6184901370,36.094463,-79.889611
Papilio glaucus,305.9450523551138,-5291.3001554261145,3535.2925508088356,6184912344,33.704041,-86.69082
Papilio glaucus,533.2126381437594,-5264.033333923342,3548.99851670089,6184930590,33.852334,-84.216035
Papilio glaucus,695.4535391623778,-5083.992943432758,3776.1241049083496,6184956743,36.349147,-82.210696
Papilio glaucus,351.27059446628306,-5354.055809115287,3435.178087380563,6184957514,32.62845,-86.2463
Papilio glaucus,1066.8374337657735,-4935.531721986689,3884.860054217731,6184974959,37.572988,-77.802909
Papilio glaucus,902.7256686799786,-5093.2502185708645,3719.360389611574,6185002969,35.717878,-79.949295
Papilio glaucus,-675.9901345076901,-5311.50250721474,3452.6412474477047,6185014164,32.815124,-97.25299
Papilio glaucus,-378.7910621812824,-5115.522437998153,3778.584476656099,6185016459,36.376624,-94.234874
Papilio glaucus,421.72103087690505,-5201.119469349128,3655.1690477118836,6185036451,35.009975,-85.364442
Papilio glaucus,684.2018388159794,-5090.675053203252,3769.170794237419,6185051039,36.271546,-82.34515
Papilio glaucus,878.247042066813,-5072.457883559276,3753.479223639806,6185066905,36.096706,-80.177172
Papilio glaucus,600.647957740811,-5192.012915327462,3643.0724735602034,6185076764,34.877262,-83.400963
Papilio glaucus,-393.42129683360173,-5184.407456359224,3681.96851416767,6185081474,35.304766,-94.339601
Papilio glaucus,612.8595293405066,-5310.183320766453,3466.4260307740215,6185084575,32.962755,-83.4165
Papilio glaucus,979.1018711833793,-5066.41307058437,3736.6524127532234,6185098242,35.909648,-79.062226
Papilio glaucus,549.9937459519256,-5148.567520927951,3712.076574040064,6185100143,35.637238,-83.902524
Papilio glaucus,508.2645669982903,-5040.425267037973,3863.357786565549,6185129018,37.329404,-84.241893
Papilio glaucus,1066.8629836026748,-4935.53813074896,3884.8448957222085,6185129040,37.572816,-77.802641
Papilio glaucus,249.59802605628798,-5412.6673476977685,3351.1917489503116,6185130167,31.736022,-87.359751
Papilio glaucus,985.3694024244253,-5055.213339985737,3750.1491113918946,6185136306,36.059651,-78.970128
Papilio glaucus,277.07143736444857,-5299.821428646064,3524.8939519846863,6185200879,33.591703,-87.007336
Papilio glaucus,432.06274195208795,-5185.345273160284,3676.311917507624,6185200931,35.242455,-85.2369
Papilio glaucus,928.1109373615691,-5240.039009825346,3502.906563574868,6185250708,33.354649,-79.95599
Papilio glaucus,608.2997894670508,-5244.602594294775,3565.6511500325278,6185278323,34.032856,-83.384061
Papilio glaucus,1017.359363870239,-5079.335099439534,3708.785246145232,6185301831,35.600826,-78.673882
Papilio glaucus,-145.10718700259926,-5455.277154761025,3287.6508632608907,6185352844,31.066528,-91.523675
Papilio glaucus,1006.0732073811624,-5073.366501942972,3720.0164203979184,6185361743,35.725145,-78.783487
Papilio glaucus,552.6808630150665,-5162.438053503668,3692.361078913006,6185406439,35.419372,-83.889297
Papilio glaucus,377.3305636748907,-5398.659292348196,3361.822812186373,6185419019,31.848506,-86.001906
Papilio glaucus,109.46001153480218,-5053.545534766519,3878.0728672362015,6185419280,37.496015,-88.759165
Papilio glaucus,609.2280011470514,-5252.746379604832,3553.4841837053586,6185430324,33.900923,-83.384237
Papilio glaucus,465.9986889643498,-4927.818831459185,4011.134492369606,6185441323,39.020008,-84.597895
Papilio glaucus,-609.6246161970431,-5299.95598223591,3482.6107366982374,6185444792,33.136404,-96.56158
Papilio glaucus,746.72931726957,-5117.497271608695,3720.6679684547394,6185457266,35.732363,-81.698167
Papilio glaucus,-218.85018360757127,-5232.860058324853,3627.5381923283444,6185462472,34.707147,-92.394845
Papilio glaucus,593.734094497947,-5154.601528978928,3696.933328064793,6185505482,35.469845,-83.429328
Papilio glaucus,662.997034044949,-5047.7668018998975,3830.1747187513943,6185505777,36.955037,-82.51734
Papilio glaucus,411.4664894514463,-5358.763554481432,3421.125783261625,6185552584,32.478519,-85.609225
Papilio glaucus,552.1671993430125,-5480.041591148181,3202.188107050121,6185591304,30.173403,-84.246315
Papilio glaucus,-601.9132458631896,-5258.383138701723,3546.3869417689452,6185623084,33.824058,-96.530075
Papilio glaucus,297.2079150805773,-5278.612535506733,3554.950110041218,6185642194,33.916808,-86.777411
Papilio glaucus,512.2480344949838,-5261.345661913669,3556.0648063126864,6185653216,33.928889,-84.439172
Papilio glaucus,156.48910346315193,-5165.145633111554,3726.464125538227,6185673411,35.796603,-88.264633
Papilio glaucus,291.1191809731236,-5232.074649045875,3623.5890521634014,6185674535,34.663956,-86.815275
Papilio glaucus,704.7798389634714,-5174.749874300107,3648.97276595744,6185689733,34.941968,-82.244268
Papilio glaucus,849.1374262959192,-5514.690673035816,3075.2082111090886,6399277178,28.861094,-81.246495
Papilio polyxenes,889.1679296148311,-5512.406658308578,3067.98082719843,5938393877,28.786905,-80.836943
Papilio polyxenes,937.9100180864946,-5679.078927655955,2730.959622752507,6130909890,25.382182,-80.622149
Papilio polyxenes,10.523970324070632,-5513.398597104012,3192.503451083109,6131483589,30.072708,-89.890634
Papilio polyxenes,979.4369896643552,-5064.311090027118,3739.4129882085776,6133344183,35.940306,-79.054141
Papilio polyxenes,736.1609807689417,-5488.339936888401,3150.546758457421,6147650366,29.637643,-82.360411
Papilio polyxenes,403.1065813339854,-5126.849894526645,3760.6739253430096,6159135392,36.176823,-85.504279
Papilio polyxenes,922.2457661709983,-5549.890948112343,2989.636489695326,6162956398,27.986037,-80.565163
Papilio polyxenes,-2368.5442962768343,-4787.426025957771,3472.794709198067,6163257676,33.031045,-116.32357
Papilio polyxenes,-2362.82992894039,-4751.310039717711,3525.881558285627,6170885269,33.602366,-116.441192
Papilio polyxenes,-916.1032538423067,-5308.661403533068,3401.2677137525193,6170900021,32.267068,-99.790968
Papilio polyxenes,975.6219874187176,-5597.4009312495455,2882.1897373679794,6170934249,26.897219,-80.112724
Papilio polyxenes,534.78966191245,-5493.88682140787,3181.3457436672816,6171359485,29.956824,-84.440192
Papilio polyxenes,-661.843614323535,-5282.090635997296,3500.1763774081833,6178345276,33.325259,-97.141915
Papilio polyxenes,891.0348788033564,-5571.153751390741,2959.4012659317104,6178398638,27.678555,-80.91323
Papilio polyxenes,-2179.516999581561,-4740.897735299929,3655.591257463072,6178400522,35.014611,-114.689502
Papilio polyxenes,-380.1013029841632,-5183.4821120608485,3684.669499845594,6178400938,35.334536,-94.193955
Papilio polyxenes,982.2970492495193,-5239.509431339344,3488.8947469964155,6178426783,33.203919,-79.381517
Papilio polyxenes,-2490.0402713943413,-4661.079856333354,3558.6215237638394,6178442354,33.956605,-118.112007
Papilio polyxenes,-2410.941884765168,-4696.7637489708795,3566.163575092346,6178463901,34.038417,-117.172328
Papilio polyxenes,-2179.542594006401,-4639.7066023090165,3783.1825035384436,6178519482,36.428,-115.1622
Papilio polyxenes,-1084.9874130054675,-5197.07027138887,3521.7915948481614,6178556711,33.558216,-101.792213
Papilio polyxenes,-808.5616380551222,-5492.925649862997,3124.6998275386745,6178707021,29.370561,-98.373834
Papilio polyxenes,-508.23513534738555,-5511.420172025013,3155.2651020590383,6178780165,29.686475,-95.268625
Papilio polyxenes,-497.0274902245857,-5502.868712417067,3171.932019690809,6178794608,29.859158,-95.161038
Papilio polyxenes,790.6008693100298,-5628.12018237245,2879.0565482281804,6178844417,26.865628,-82.003792
Papilio polyxenes,-269.42931845999,-5342.953789401345,3459.7696131900793,6179009480,32.891436,-92.886811
Papilio polyxenes,-2200.3542541682464,-4638.681835473643,3772.376587124886,6179146603,36.307314,-115.377279
Papilio polyxenes,-544.8679235392281,-5525.294582481627,3124.7386854543006,6179162840,29.370962,-95.631921
Papilio polyxenes,893.5247326167887,-5235.149653855853,3519.1724572138364,6179355835,33.529955,-80.314205
Papilio polyxenes,-388.4535744461513,-5107.752525409198,3788.102571123623,6179432466,36.483012,-94.349073
Papilio polyxenes,-2362.759185428941,-4751.619562936281,3525.5118338292145,6179530057,33.598374,-116.43902
Papilio polyxenes,-2039.2085616243648,-4876.951778290072,3556.223126310921,6179592031,33.930605,-112.691355
Papilio polyxenes,927.1247478680328,-5065.646387272359,3750.922487959804,6184780329,36.068255,-79.628401
Papilio polyxenes,-2379.731309854586,-4775.956621501317,3480.9295270247767,6184821177,33.11835,-116.485847
Papilio polyxenes,-2266.2550500046414,-4719.045034134834,3631.040504292572,6184826915,34.74547,-115.651992
Papilio polyxenes,373.0055883746453,-5491.743452241431,3208.0171158337184,6185114494,30.234059,-86.114372
Papilio polyxenes,-2315.026876875877,-4738.631508863342,3574.321629656078,6185137537,34.127,-116.037514
Papilio polyxenes,175.33858825373414,-5194.727538304696,3684.265912217175,6185173064,35.330087,-88.066819
Papilio polyxenes,-1381.3597050062208,-5228.793495281948,3367.6872002547625,6185446665,31.910614,-104.798493
Papilio polyxenes,-2221.1164741474604,-4645.859125035494,3751.3181321067173,6185450626,36.072657,-115.551773
Papilio polyxenes,974.3656822991541,-5060.722548630453,3745.590999110611,6185525139,36.00896,-79.10192
Papilio polyxenes,-2362.729166217532,-4751.354305958286,3525.8894304890073,6185746522,33.602451,-116.440005
Papilio polyxenes,1070.0185223892265,-5166.380006516299,3571.1806338646693,6185787256,34.092883,-78.298802
Papilio polyxenes,-508.74876219362903,-5331.281486664377,3450.849973063672,6185884379,32.795958,-95.451064
Papilio polyxenes,876.9207078768422,-5526.085793518619,3046.8244131301553,6185978267,28.570037,-80.983062
Papilio polyxenes,-521.9030687942676,-5505.553744626536,3163.2654459417863,6185995700,29.769328,-95.415214
Papilio polyxenes,-2236.776842269736,-4711.850802719123,3658.5577076873374,6186026220,35.047191,-115.3943
Papilio polyxenes,954.0024216057141,-4902.128297060724,3955.852710655996,6187926986,38.382958,-78.987328
Papilio polyxenes,1167.212869972485,-4937.291483025521,3853.637250376803,6187994991,37.219546,-76.699048
Papilio polyxenes,-1336.8736682431283,-5587.963489593201,2752.6688801613914,6188005722,25.598472,-103.454643
Papilio polyxenes,-733.3721051523936,-5430.081218421317,3250.5594051501107,6188105351,30.677892,-97.691672
Papilio polyxenes,494.29513327838606,-4875.655013824519,4071.0457670066257,6188165751,39.716955,-84.211118
Papilio polyxenes,563.6219153127039,-5223.523758842538,3603.7318167511016,6188193598,34.447121,-83.841571
Papilio polyxenes,691.5683626768006,-5084.930920395769,3775.5746402666987,6188246753,36.343012,-82.255093
Papilio polyxenes,-716.0975785636476,-5291.59817496416,3475.046207227852,6188266273,33.0552,-97.706863
Papilio polyxenes,-547.476480101465,-5504.376000389275,3160.9915342739705,6188321256,29.745772,-95.680074
Papilio polyxenes,-2400.188928191043,-4623.754955539165,3667.3882191272814,6188356240,35.144252,-117.433804
Papilio polyxenes,-2320.3318967558926,-4744.957675228628,3562.469603921354,6188374376,33.998337,-116.059097
Papilio polyxenes,-2361.8915475179197,-4751.504156243025,3526.2486725479393,6188411761,33.60633,-116.431186
Papilio polyxenes,496.6353728535693,-4858.680823832445,4091.005632876947,6188434983,39.950712,-84.163719
Papilio polyxenes,-550.626646048344,-5504.065094759521,3160.9857416617447,6188458026,29.745712,-95.712862
Papilio polyxenes,1110.9250552066733,-4810.924528193281,4026.239416058085,6188554621,39.19507,-76.997336
Papilio polyxenes,-781.0378651238818,-5480.721476354555,3153.002550196575,6195291675,29.663056,-98.110407
Papilio polyxenes,-2139.585804550359,-4646.409031384321,3797.737330005098,6195552477,36.590853,-114.7252
Papilio polyxenes,-515.8967790517659,-5551.833584431867,3082.328258608395,6195707893,28.934233,-95.308889
Papilio polyxenes,-2301.313015318291,-4585.630975123148,3776.9961735743386,6195733625,36.358885,-116.649927
Papilio polyxenes,1210.5922645157339,-4731.364255090861,4091.260415131333,6216341321,39.953701,-75.647903
Papilio polyxenes,-402.7842540245035,-5124.95273363863,3763.293431604462,6234189826,36.206013,-94.493797
Papilio polyxenes,1069.3069725438706,-4802.270845962589,4047.780929122061,6234297055,39.445488,-77.446913
Papilio polyxenes,534.8010972485108,-4852.31332863462,4093.750881137498,6234303073,39.982925,-83.710491
Papilio polyxenes,423.013812207009,-5349.96125088074,3433.4715753059763,6234363643,32.610229,-85.47911
Papilio polyxenes,909.5957848743086,-5560.185491947314,2974.3446224260797,6234421559,27.830415,-80.709228
Papilio polyxenes,143.8421240821332,-4868.8265991111475,4106.530180189202,6234444099,40.133079,-88.307775
Papilio polyxenes,-1753.8825653845995,-5096.929482946323,3396.315492175294,6234463851,32.214413,-108.988633
Papilio polyxenes,-841.4818142634052,-5424.1795681827225,3234.182663061953,6234470116,30.506798,-98.818304
Papilio polyxenes,-905.784837089501,-5455.5062814278435,3163.3460404890143,6234561580,29.770163,-99.426899
Papilio polyxenes,-857.3461040506595,-5486.730750165943,3122.5784958476315,6234564642,29.348672,-98.881112
Papilio polyxenes,-2331.7068531040854,-4743.883894710432,3556.467611882872,6234635545,33.933255,-116.174972
Papilio polyxenes,519.8124245566145,-4809.113309289922,4146.320941674022,6234820591,40.602756,-83.830905
Papilio polyxenes,1211.4957645744817,-4947.120463199802,3827.274521730222,6234852298,36.922405,-76.239695
Papilio polyxenes,1209.8389495895656,-4950.4822403751305,3823.4498078912816,6234988727,36.879392,-76.266778
Papilio polyxenes,656.9082126075261,-5511.182159818871,3128.1137976711193,6235041012,29.405798,-83.20267
Papilio polyxenes,848.3424789347573,-4770.837345240469,4136.324357853374,6235061354,40.484451,-79.917148
Papilio polyxenes,-637.8229819803778,-4997.489599588438,3899.747770733447,6235124241,37.742108,-97.273263
Papilio polyxenes,628.9312774950655,-5495.702736878297,3160.925498289108,6235136667,29.745088,-83.471441
Papilio polyxenes,-1316.7072686437634,-4808.254633172635,3966.9538037330353,6235162037,38.51043,-105.314607
Papilio polyxenes,-905.243172786792,-5346.278490574226,3344.7861260510663,6235183965,31.668312,-99.610292
Papilio polyxenes,7.86788775408836,-5501.677544925087,3212.667959451582,6235196361,30.282482,-89.918062
Papilio polyxenes,-2218.7651096921772,-4664.079708021626,3730.0395433441445,6235209150,35.836256,-115.441058
Papilio polyxenes,-2309.6851537234984,-4588.451029522261,3768.4512428878256,6235209925,36.26352,-116.719278
Papilio polyxenes,-801.4087162114461,-5476.9242744392695,3154.4884991572926,6235417666,29.678436,-98.324704
Papilio polyxenes,-519.4714944136464,-5508.458023068198,3158.6061331328883,6235419708,29.721067,-95.387308
Papilio polyxenes,-606.543874902499,-5449.602019759419,3244.0245812462276,6235422922,30.609584,-96.350915
Papilio polyxenes,-2212.4306293364616,-4665.053416742764,3732.5836171461674,6235480461,35.864483,-115.372938
Papilio polyxenes,-2320.7122894971103,-4745.141015970596,3561.977588027199,6236289859,33.993,-116.06193
Papilio polyxenes,-1883.0509308552653,-5074.243430910467,3360.9412261068364,6334429063,31.839173,-110.359882
Papilio polyxenes,-508.20513607343264,-5511.444119395728,3155.2281039766794,6353155100,29.686092,-95.268293
Papilio polyxenes,742.2791096086696,-5610.0941064714225,2926.7078722774163,6413395577,27.347045,-82.462897
Papilio polyxenes,-1322.1004889624337,-5148.3465112362055,3512.3114365051283,6422488812,33.455967,-104.402399
Papilio polyxenes,1270.9531422286675,-4273.249210530678,4551.238559407257,6499300107,45.591348,-73.436428
Papilio troilus,805.4425795524072,-5565.35447050966,2994.636037701334,6133522807,28.036965,-81.765079
Papilio troilus,689.2421010436797,-5587.573110744838,2982.234931709367,6162858916,27.910685,-82.967935
Papilio troilus,841.6582817510662,-5529.367109620028,3050.8136346701885,6171152224,28.610895,-81.3451
Papilio troilus,746.430556001033,-5605.520342125354,2934.405603996196,6171388478,27.42501,-82.41512
Papilio troilus,890.0204055792703,-5571.669824760764,2958.734893697019,6178463117,27.671788,-80.92423
Papilio troilus,119.534415008985,-5493.7787561250725,3223.950935119011,6178532582,30.400056,-88.753547
Papilio troilus,888.496421307735,-5571.719560106851,2959.099251887896,6178556460,27.675488,-80.939592
Papilio troilus,741.1580993285811,-5573.187086168447,2996.668734452029,6178603320,28.057678,-82.424888
Papilio troilus,-546.7518010000529,-5510.6061214086985,3150.243763976623,6178709356,29.634508,-95.666233
Papilio troilus,550.520357804757,-5464.639173026759,3228.683814488712,6178740308,30.449417,-84.2473
Papilio troilus,891.4104746178217,-5571.074835549023,2959.4367153449134,6179036575,27.678915,-80.909337
Papilio troilus,-524.3603087663653,-5501.53070889199,3169.8516140958823,6179161054,29.837587,-95.444512
Papilio troilus,1022.3461352937719,-5072.649678822917,3716.555763777141,6179377818,35.686818,-78.605204
Papilio troilus,-190.77214069627772,-5499.7590357830695,3210.297442346125,6179528410,30.257798,-91.986643
Papilio troilus,64.1343688023736,-5498.4856741460335,3217.4982833913978,6184940443,30.332799,-89.331732
Papilio troilus,707.926515143937,-5585.0502914918925,2982.5838496746273,6185338743,27.914236,-82.776064
Papilio troilus,-543.4131486948564,-5474.090757840871,3213.842817317632,6185452421,30.294718,-95.66918
Papilio troilus,789.3329748822853,-5604.26488207832,2925.5634869106157,6185583998,27.335459,-81.982908
Papilio troilus,411.455964024024,-5358.763703911512,3421.126815098656,6185754298,32.47853,-85.609337
Papilio troilus,574.5079436645976,-5461.88080071822,3229.172010142757,6185851292,30.45451,-83.995423
Papilio troilus,459.0271005457132,-4666.491761215258,4313.108147629985,6185874397,42.608863,-84.38208
Papilio troilus,539.0142959405542,-5215.315702380794,3619.3506106689174,6187983990,34.617626,-84.099306
Papilio troilus,856.9053476577012,-5527.756152033747,3049.488199433823,6188007974,28.597318,-81.188223
Papilio troilus,772.811843169426,-5118.507071195779,3713.9467345202092,6188084373,35.657935,-81.414113
Papilio troilus,616.3581425036675,-5491.59428459098,3170.5280290977616,6188126562,29.8446,-83.596114
Papilio troilus,119.3335977842759,-5493.768263400698,3223.9762545913054,6188412083,30.40032,-88.755638
Papilio troilus,529.9550941144669,-5407.701955378418,3326.5087238268293,6188537482,31.475383,-84.402883
Papilio troilus,945.50406756068,-4971.847392176876,3869.9494437017697,6188579300,37.403992,-79.232545
Papilio troilus,1000.5762161571472,-5058.8730822684465,3741.1767537551377,6195282222,35.9599,-78.812072
Papilio troilus,-199.86521754553763,-5135.123507483099,3765.6757145812994,6195408178,36.232569,-92.228896
Papilio troilus,554.1081167431494,-5254.816711906252,3559.4407775530644,6195531996,33.965488,-83.980539
Papilio troilus,1014.1762857231075,-4969.479583777735,3855.5767736579432,6195585667,37.241453,-78.465415
Papilio troilus,809.7827791228464,-4572.775541953165,4361.6199769384375,6195737347,43.204495,-79.957728
Papilio troilus,555.8151082035153,-5301.107396700358,3489.85430409622,6195763679,33.214233,-84.014472
Papilio troilus,320.1163827109161,-5067.950828924275,3847.4865856560527,6195769214,37.150116,-86.385722
Papilio troilus,879.2298190184023,-5577.991624470965,2950.03686288122,6195871804,27.583498,-81.042464
Papilio troilus,641.46685982371,-4895.417489123892,4026.5569665168377,6195873081,39.198755,-82.534828
Papilio troilus,-385.52743174345943,-5133.881994439991,3752.915852535942,6196006523,36.090436,-94.29455
Papilio troilus,565.1706353444255,-5084.736438568107,3796.8132207049034,6234194597,36.580503,-83.657583
Papilio troilus,-330.30329211789126,-5030.145470445694,3895.9324186962226,6234239956,37.69873,-93.75692
Papilio troilus,707.2640166728875,-4739.442199119744,4198.478103027354,6234243172,41.223452,-81.512421
Papilio troilus,112.12134095174524,-4945.241998959491,4015.1915902367296,6234296538,39.066986,-88.70118
Papilio troilus,433.2291821414541,-4874.169633255881,4079.7715612108364,6234297025,39.819048,-84.920746
Papilio troilus,1032.6006747663166,-4830.519144246979,4023.626942599552,6234299612,39.164761,-77.933717
Papilio troilus,1180.6996758298599,-4699.289149138931,4136.711604397605,6234352638,40.48903,-75.896332
Papilio troilus,908.3619543781386,-4744.5750946488315,4153.749975715173,6234356803,40.690811,-79.161718
Papilio troilus,854.4735692461269,-4986.57524162755,3872.1693414317992,6234540508,37.429128,-80.276528
Papilio troilus,782.55586433946,-4793.462312229099,4123.115146355315,6234639071,40.328445,-80.727983
Papilio troilus,624.44319326441,-4930.484810976782,3986.2442670752666,6234648243,38.732478,-82.78195
Papilio troilus,1129.4105089051238,-4776.315416398709,4062.141808839782,6234767526,39.612933,-76.696167
Papilio troilus,1145.2159958199015,-4786.805033748171,4045.3344758473118,6234859132,39.417003,-76.545212
Papilio troilus,1091.0426486467088,-4838.665068676254,3998.3370820484392,6235048998,38.872028,-77.293212
Papilio troilus,1094.3973902842104,-4802.287507517021,4041.049638022588,6235066047,39.367141,-77.162062
Papilio troilus,1003.4395173133692,-5110.2422483552955,3669.9164061182596,6235229659,35.172062,-78.890825
Papilio troilus,1123.0184830072167,-4756.936682912778,4086.5799895830223,6235233073,39.898813,-76.716812
Papilio troilus,168.89505645804013,-5470.048152125227,3261.870752039827,6235299658,30.796243,-88.231478
Papilio troilus,-286.12425411360226,-5089.240057243344,3821.9787650685776,6235302522,36.862855,-93.217862
Papilio troilus,1002.7667319209169,-4919.162649886563,3922.505683232477,6235483344,38.001381,-78.478172
Papilio troilus,739.6703297866126,-4800.161406537894,4123.237975680635,6235513510,40.329894,-81.240033
Papilio troilus,828.9708432760787,-4779.051338007289,4130.766124990172,6235513555,40.418762,-80.15943
Papilio troilus,1035.3917547013775,-4928.226829688371,3902.601357955171,6235636521,37.774568,-78.135053
Papilio troilus,758.5301432126906,-5260.885507610502,3512.4733205148987,6235647711,33.457712,-81.795466
Papilio troilus,552.0166904678299,-5218.472623435484,3612.834646309842,6235660575,34.546451,-83.961635
Papilio troilus,-395.10612100719237,-5174.815249299218,3695.2579637205795,6235662657,35.451347,-94.366161
Papilio troilus,868.7464984743626,-4834.704833896957,4057.1741175551447,6235679221,39.554965,-79.81325
Papilio troilus,958.5169599617226,-4933.624744923091,3915.398478242761,6235744613,37.920313,-79.0054
Papilio troilus,1038.9633775053758,-4808.61470486355,4048.151781992627,6235751031,39.449807,-77.807922
Papilio troilus,1044.9651016608805,-4841.02225832342,4007.7805030222794,6235840160,38.981195,-77.819234
Papilio troilus,1122.8767075016908,-4757.684818234309,4085.7479363967577,6235903978,39.88906,-76.720444
Papilio troilus,805.3811743691535,-5568.76560322902,2988.304527644819,6235995907,27.972473,-81.770673
Papilio troilus,898.936494311558,-4775.20461929833,4120.568789949292,6236107643,40.298413,-79.338789
Papilio troilus,1101.9228125976913,-4779.643191663553,4065.775474019498,6236114980,39.655365,-77.017582
Papilio troilus,500.16199768272054,-4935.910622671326,3997.0460881445724,6236119439,38.857117,-84.213897
Papilio troilus,565.417398546283,-4905.984445745139,4025.092907400444,6236230042,39.181767,-83.425636
Papilio troilus,991.7912670108885,-4897.453101417186,3952.3482047736575,6236256048,38.342763,-78.551763
Papilio troilus,317.0295277643842,-4653.508323106659,4339.827841629201,6236321946,42.936217,-86.102633
Papilio troilus,-206.03534918870122,-5147.875869008639,3747.88961975145,6236326149,36.034519,-92.291947
Papilio troilus,1031.3517160188194,-4842.574653158077,4009.4310688841383,6236417425,39.000293,-77.977014
Papilio troilus,536.2524684666834,-5260.234167866647,3554.1697932075654,6236478599,33.908352,-84.179114
Papilio troilus,829.7875114754075,-4764.719968490958,4147.125442682003,6236513866,40.612286,-80.120881
Papilio troilus,1241.257754107364,-4716.17505504989,4099.600610751119,6236545777,40.051617,-75.25463
Papilio troilus,-385.54576047342766,-5133.889682556418,3752.9034524750523,6236546875,36.090298,-94.294747
Papilio troilus,1053.4471987717402,-4931.057533000981,3894.1846046780693,6251546941,37.678867,-77.940886
Papilio troilus,1040.5221920047538,-5059.325126332661,3729.650917134479,6251582303,35.831945,-78.378356
Papilio troilus,-108.05971822069897,-5495.663411145829,3221.142638625072,6251635101,30.370779,-91.126446
Papilio troilus,885.9595651374161,-4934.722512921338,3931.073962556068,6251660751,38.099234,-79.821788
Papilio troilus,940.750787700313,-4939.504872301344,3912.292512278441,6251850558,37.884913,-79.216903
Papilio troilus,-40.3131218930424,-4980.412974353316,3972.8597491950095,6251871859,38.578339,-90.463761
Papilio troilus,834.7311855596342,-4780.267937435539,4128.197599904517,6251908480,40.388428,-80.094872
Papilio troilus,175.03208012326473,-5098.4517080300975,3816.399753889802,6251923703,36.80017,-88.033783
Papilio troilus,844.6610094030464,-5525.0437452235265,3057.808450874262,6252310494,28.682575,-81.308
Papilio troilus,633.2820833370071,-4868.458218849969,4060.39671755285,6252324820,39.592564,-82.588661
Papilio troilus,-72.78972046089805,-5546.576374201987,3133.6791972722745,6252390911,29.463267,-90.75187
Papilio troilus,175.1396190541291,-5098.597169430182,3816.200485744106,6252407638,36.797932,-88.032632
Papilio troilus,940.7266446494913,-4939.488339372701,3912.3191913397172,6252850526,37.885217,-79.217138
Papilio troilus,1110.8469215796968,-4826.931245726758,4007.057149021097,6253236655,38.972827,-77.039877
Papilio troilus,-71.19539212417571,-4987.794376197309,3963.1542496592547,6273586076,38.466775,-90.81778
Papilio troilus,1028.2817475988518,-4846.582332511503,4005.37507250193,6320707093,38.953372,-78.021392
Papilio troilus,806.4094369480499,-5382.109764215336,3312.4539899622014,6422330045,31.327297,-81.478678
Papilio troilus,663.4526170662906,-5457.971780171653,3218.715240811962,6469943046,30.34548,-83.069321
Phoebis sennae,-112.60600524377007,-5495.564265133949,3221.15606965003,5938153545,30.370919,-91.173846
Phoebis sennae,199.6380915499574,-5485.176594196879,3234.6152000747243,5938367797,30.511313,-87.915587
Phoebis sennae,825.7105183185918,-5523.68924088012,3065.4220655238764,5938402752,28.760652,-81.498076
Phoebis sennae,-692.7231669985545,-5483.137558882241,3169.3990367190795,5938435158,29.832895,-97.20043
Phoebis sennae,-469.0964900675675,-5460.465547017187,3248.5408451367857,5938535999,30.656787,-94.910098
Phoebis sennae,916.0054651343141,-5546.626115682368,2997.6033510709553,6129925624,28.067203,-80.622448
Phoebis sennae,-517.3704553340958,-5491.038498415423,3189.1342321301745,6130237573,30.037701,-95.382568
Phoebis sennae,-261.30726631478274,-5421.310385435238,3336.2951528635112,6130263103,31.578635,-92.759522
Phoebis sennae,-2281.8933870227384,-5109.680058270304,3045.3054694158545,6130534639,28.554484,-114.0647
Phoebis sennae,894.6484669302931,-5525.219156718741,3043.2401352053953,6130579804,28.53334,-80.802443
Phoebis sennae,758.5644413159612,-5508.861970765057,3109.1434359171944,6130690032,29.210151,-82.159737
Phoebis sennae,-348.25602037035145,-5424.446195495754,3323.229505484821,6131521365,31.440811,-93.673417
Phoebis sennae,182.1610408830652,-5500.231098360283,3209.988839465376,6147306626,30.254585,-88.103126
Phoebis sennae,-519.433945281169,-5508.440411515112,3158.6430217665143,6147404452,29.721449,-95.386938
Phoebis sennae,1008.3436682031545,-5198.372641890756,3542.5863507490913,6162853224,33.782925,-79.022492
Phoebis sennae,970.7779752666711,-5602.738733683754,2873.4407831890935,6162941030,26.809028,-80.170044
Phoebis sennae,-510.0737986214695,-5477.434160804748,3213.6105650321865,6163580750,30.292299,-95.320198
Phoebis sennae,938.478595577029,-5275.718528845487,3446.128996383859,6165266330,32.745465,-79.913369
Phoebis sennae,957.7962139161958,-5258.012029484906,3467.807526388576,6176709330,32.977564,-79.676231
Phoebis sennae,965.1577265847358,-5224.438539376014,3516.1720152424064,6176851304,33.497591,-79.53324
Phoebis sennae,-2427.818673904277,-4694.698714770128,3557.4223243599877,6178277319,33.943604,-117.345314
Phoebis sennae,768.7211134700951,-5322.507761560235,3416.098960439202,6178638207,32.424946,-81.781693
Phoebis sennae,-89.91481862997486,-5508.874265384224,3199.058108765078,6178640838,30.140848,-90.935088
Phoebis sennae,891.6594638475527,-5572.366634914458,2956.9285781534595,6178790015,27.653447,-80.908913
Phoebis sennae,741.2957629364406,-5573.156325082433,2996.691892357903,6178944570,28.057914,-82.423456
Phoebis sennae,-486.8858947583691,-5467.484384125503,3234.0856149005317,6179578581,30.505785,-95.088833
Phoebis sennae,804.554574997011,-5478.851609296462,3150.338094369932,6184883562,29.635484,-81.645977
Phoebis sennae,-2458.19885303463,-4665.170040382459,3575.3601249293197,6184999297,34.138283,-117.785907
Phoebis sennae,817.7733521072113,-5456.246604894654,3185.9649811064032,6185281110,30.004783,-81.47605
Phoebis sennae,854.1397090095281,-5497.829550641219,3103.8796238363907,6185582844,29.15593,-81.169157
Phoebis sennae,-2453.183425791197,-4671.474437346416,3570.57009318117,6185617919,34.086253,-117.705812
Phoebis sennae,746.8807724336824,-5605.440067422719,2934.4443923813383,6185782480,27.425403,-82.410491
Phoebis sennae,821.2772960751763,-5549.446369779012,3019.7519304696925,6187948714,28.293175,-81.581749
Phoebis sennae,774.0008545658193,-5439.852286924554,3224.6988856714224,6188066367,30.407855,-81.902114
Phoebis sennae,-2430.201250938712,-4768.794046520251,3455.789106917023,6188661320,32.848815,-117.003618
Phoebis sennae,885.2926245440009,-5552.115982895825,2996.667851310545,6195341474,28.057669,-80.940374
Phoebis sennae,754.1086143332865,-5270.596233365542,3498.8410470181047,6195343487,33.310888,-81.857473
Phoebis sennae,-8.983876436636029,-5517.372484557167,3185.635460358433,6195373296,30.001361,-90.093294
Phoebis sennae,-617.0404119272408,-5319.734812206726,3451.0050402052398,6195536086,32.797617,-96.616219
Phoebis sennae,-838.5143157192746,-5469.761956640558,3157.2695497373875,6195538637,29.707227,-98.715589
Phoebis sennae,-600.7950540058719,-5440.794748831937,3259.839096311709,6195816856,30.774975,-96.301308
Phoebis sennae,262.6520926640262,-5029.062180691384,3902.4736502167766,6217790309,37.773115,-87.010338
Phoebis sennae,-697.8600203964037,-5318.597312597525,3437.3343084489397,6234579439,32.651478,-97.47515
Phoebis sennae,-524.3864396160085,-5499.85463955921,3172.7544713298116,6234680153,29.867687,-95.446431
Phoebis sennae,-313.4013749999123,-5127.095299627794,3768.8760256023534,6234697440,36.268258,-93.497938
Phoebis sennae,967.9402104059191,-5127.492235108935,3655.361576869565,6234758370,35.012089,-79.309813
Phoebis sennae,-438.1499533065152,-5521.409712846611,3148.303119297448,6234792880,29.614431,-94.537183
Phoebis sennae,829.5012584785686,-5448.705634428204,3195.8234777925786,6234832217,30.107216,-81.343857
Phoebis sennae,-2439.888444645092,-4746.847754202963,3479.099582619485,6234946056,33.098703,-117.203247
Phoebis sennae,630.583406545093,-5496.793940356055,3158.6981613209555,6235057658,29.72202,-83.455728
Phoebis sennae,-2512.4614915451116,-4658.041910518254,3546.820540009856,6235421345,33.828752,-118.341601
Phoebis sennae,-668.5708714142335,-5319.300180220192,3442.0650360333525,6235747947,32.702022,-97.163812
Phoebis sennae,-2424.8818591460285,-4694.337545055247,3559.9011379456333,6235851829,33.97048,-117.318825
Phoebis sennae,-694.4094093477636,-5320.335916740639,3435.3419676833155,6235923341,32.6302,-97.4362
Phoebis sennae,-697.8567365781125,-5318.601071354261,3437.329159198939,6236025827,32.651423,-97.47511
Phoebis sennae,569.1904606204151,-5211.053698145494,3620.8693299068814,6236176631,34.634224,-83.766436
Phoebis sennae,-2447.3801511673328,-4747.427559642969,3473.0411876757244,6236492959,33.033689,-117.27188
Phoebis sennae,860.1082756490257,-5527.778234874102,3048.5463207715334,6236551540,28.587671,-81.155841
Phoebis sennae,-508.1968163149194,-5511.4149122182125,3155.2804615348427,6251646173,29.686634,-95.268235
Phoebis sennae,-3.085511282419581,-5196.706350814688,3685.646037358966,6252800967,35.345302,-90.034019
Phoebis sennae,-674.0577581533225,-5320.808267210278,3438.6623346786328,6252839543,32.665664,-97.219961
Phoebis sennae,1107.557098694691,-5154.229546051125,3577.287825912537,6252928133,34.159231,-77.872519
Phoebis sennae,862.4504711641489,-5168.404664933154,3624.0206310068647,6256756303,34.668675,-80.526356
Phoebis sennae,219.59352132062523,-5498.746476862669,3210.1898695033346,6273736742,30.256678,-87.713097
Phoebis sennae,350.39611997082847,-5350.912846297243,3440.160955553963,6320194988,32.681675,-86.253425
Phoebis sennae,-2354.6814573772954,-4746.286425002547,3538.0776610749394,6334912829,33.734154,-116.386482
Phoebis sennae,-674.1542136718854,-5320.789089987998,3438.673099573522,6352734305,32.665779,-97.221009
Phoebis sennae,-754.5445056400292,-5676.452064710541,2792.545017672825,6353143519,25.996784,-97.571676
Phoebis sennae,-1783.5774289045942,-5397.326971651827,2877.0586100841306,6399294398,26.845488,-108.286432
Phoebis sennae,-622.911776979864,-5261.21720518026,3538.5487940245275,6399645391,33.739249,-96.752209
Phoebis sennae,439.45828308889196,-5426.261945890496,3309.4275700916446,6413438401,31.29544,-85.369875
Phoebis sennae,-685.8451913269287,-5278.468591676764,3501.019684305287,6413686859,33.334336,-97.403115
Phoebis sennae,-2493.1387396845885,-4649.4508592272305,3571.640948078705,6422035581,34.097882,-118.201197
Phoebis sennae,-560.2757664736631,-5515.303746440002,3139.6287646288156,6422278500,29.524739,-95.800531
Phoebis sennae,-632.031400373924,-5250.991907178211,3552.0942314876374,6422326050,33.885864,-96.863343
Phoebis sennae,-1935.897279802895,-5053.305091444214,3362.4637551225997,6430781598,31.855292,-110.9616
Phoebis sennae,-526.8229194691204,-5484.883100418176,3198.166367771786,6430936530,30.131575,-95.486428
Phoebis sennae,975.8551515533431,-5591.925162971551,2892.72066134804,6431148776,27.003464,-80.100915
Phoebis sennae,-523.5648840302838,-5503.847339989573,3165.959159556152,6431384589,29.79724,-95.434028
Phoebis sennae,-574.29097028764,-5480.50914920151,3197.4931550578885,6431717680,30.124575,-95.982072
Phoebis sennae,1189.6472007575312,-4966.523829149851,3808.9544132076335,6432680301,36.716595,-76.52956
Phoebis sennae,-224.36330630848062,-5195.728888046006,3680.192326276437,6441183393,35.285195,-92.472625
Phoebis sennae,-740.7881759171028,-5448.0895542612625,3218.5876121131396,6441187978,30.34415,-97.743141
Phoebis sennae,-4.701771330680284,-4963.730338192711,3993.8843439349935,6441618718,38.820612,-90.054272
Phoebis sennae,-661.3221960742818,-5439.886036309175,3249.6224387804455,6451879354,30.668095,-96.931385
Phoebis sennae,-2434.426656897734,-4734.986889384,3499.031171513736,6451981679,33.312934,-117.209322
Phoebis sennae,246.78984843707906,-5223.503755224543,3639.2109611206843,6452247505,34.834942,-87.295013
Phoebis sennae,279.07238361109086,-5240.0904331656875,3612.9384144527694,6452250896,34.547584,-86.951469
Phoebis sennae,-385.54184803789127,-5133.880780461678,3752.91603224681,6452308653,36.090438,-94.294711
Phoebis sennae,1106.8164170412588,-4821.134303802037,4015.1431572670767,6452460307,39.066425,-77.070314
Phoebis sennae,-47.16619176898439,-4974.344950051947,3980.379479135644,6452478560,38.664897,-90.543256
Phoebis sennae,-2423.689733120644,-4713.392549434614,3535.450732534296,6470261607,33.705751,-117.212836
Phoebis sennae,732.849631544076,-5518.241058710815,3098.661027795923,6498661057,29.102203,-82.435105
Phoebis sennae,858.0026729087081,-5314.754284316416,3406.900562138446,6499562856,32.326997,-80.829413
Phoebis sennae,346.61790334066177,-5246.336762814571,3597.9938479521456,6499589967,34.384569,-86.220044
Phoebis sennae,714.3289923882646,-5580.127087333536,2990.2623479416575,6499610196,27.992411,-82.705069
Phoebis sennae,838.2969936342116,-5467.288043176083,3161.6091999304904,6499613624,29.75217,-81.282753
Phoebis sennae,532.1395582419302,-4722.525043756069,4243.151874647931,6499702055,41.759812,-83.570964
Phoebis sennae,963.3261200523326,-5664.836400405693,2751.614884525273,6500131875,25.587962,-80.348967
Phoebis sennae,780.4057580141317,-5509.285992733908,3102.980475736478,6500375479,29.146671,-81.937533
Phyciodes tharos,-682.4734906169703,-5539.862063970143,3071.467300243809,6159280227,28.822687,-97.023066
Phyciodes tharos,-542.8705741441638,-5506.072429358204,3158.8306494757285,6163271444,29.723392,-95.630872
Phyciodes tharos,-546.6727001495728,-5510.754524688058,3149.9978820974943,6163310256,29.631964,-95.665267
Phyciodes tharos,831.4688554526462,-5453.164466789887,3187.6966559304014,6163581622,30.022768,-81.330623
Phyciodes tharos,-548.7850596238058,-5504.793939859496,3160.036671891212,6170926477,29.735882,-95.693132
Phyciodes tharos,-531.3027168852828,-5544.278210560497,3093.2910753131277,6170990666,29.046947,-95.473883
Phyciodes tharos,-622.8668743261745,-5261.249263137685,3538.5090331490946,6178325416,33.738819,-96.751686
Phyciodes tharos,883.4942701640639,-5571.594385560849,2960.832147733391,6178417904,27.693087,-80.989563
Phyciodes tharos,-644.7603850324396,-5293.0065725004815,3486.849380033063,6178484604,33.181938,-96.94519
Phyciodes tharos,-260.69261335708535,-5250.6478920793425,3598.9566827653316,6178560232,34.395062,-92.842379
Phyciodes tharos,793.8429636287501,-5469.446658808353,3169.3405820808694,6178566983,29.832289,-81.74168
Phyciodes tharos,-292.9577093342374,-5484.600834271296,3228.479920787751,6178824700,30.44729,-93.057525
Phyciodes tharos,890.9985344452714,-5572.842492643828,2956.2309269536304,6178897030,27.646364,-80.916302
Phyciodes tharos,-644.7334620623553,-5292.944865865046,3486.9480264964336,6178937867,33.182998,-96.944983
Phyciodes tharos,-625.9715002807934,-5324.38288054626,3442.217272610716,6179170554,32.703649,-96.70531
Phyciodes tharos,-560.5981296856704,-5515.296711244448,3139.5835796497827,6179333826,29.524272,-95.803853
Phyciodes tharos,-649.4252616831441,-5299.916565390512,3475.4689408861727,6179358793,33.059736,-96.985913
Phyciodes tharos,28.818851255245594,-5213.149606469239,3662.238903192879,6180133305,35.087639,-89.683266
Phyciodes tharos,891.3947329697328,-5174.038376789827,3608.946582483224,6182247360,34.50401,-80.224915
Phyciodes tharos,-401.6562408548156,-5119.973019395045,3770.1858938952323,6184730378,36.28287,-94.485604
Phyciodes tharos,-559.8217663863046,-5509.305460045579,3150.2231774065667,6184738835,29.634295,-95.80213
Phyciodes tharos,-728.800329098896,-5430.423076699313,3251.0165207261452,6184824308,30.682672,-97.643816
Phyciodes tharos,-665.0952366577029,-5276.956936697388,3507.2962441307945,6184826883,33.401924,-97.183547
Phyciodes tharos,-11.895928757401025,-5452.683438532752,3295.1259362438755,6184864155,31.145042,-90.125
Phyciodes tharos,-769.0099470249338,-5334.0691687983,3397.9527562238945,6184867818,32.231818,-98.203776
Phyciodes tharos,-589.5594933721671,-5453.758542825672,3240.168281124948,6184880091,30.569297,-96.169801
Phyciodes tharos,-563.0966903891476,-5240.57227052467,3578.9771617541983,6184915023,34.177593,-96.132871
Phyciodes tharos,-615.1658488558314,-5323.8300515556375,3445.0192583252747,6184944098,32.7336,-96.591267
Phyciodes tharos,-614.3292516305062,-5297.876512710342,3484.947224326452,6185031552,33.161501,-96.614343
Phyciodes tharos,-934.107492651098,-5412.987245167303,3227.501418358573,6185104605,30.437083,-99.790978
Phyciodes tharos,-496.69077138778715,-5527.764936360725,3128.3967484378554,6185107374,29.408719,-95.134456
Phyciodes tharos,-327.70903841931283,-5349.823453216497,3444.0889848014135,6185175449,32.723655,-93.505333
Phyciodes tharos,-582.1714758254302,-5464.044350494628,3224.135362890401,6185332591,30.401979,-96.081686
Phyciodes tharos,-665.0406420055026,-5314.139088810317,3450.7100456191024,6185559879,32.794461,-97.133225
Phyciodes tharos,838.713059620198,-5466.82653943909,3162.296811019545,6185582861,29.759293,-81.277768
Phyciodes tharos,-497.08987196182863,-5502.95796060167,3171.767405205041,6185583234,29.857451,-95.161599
Phyciodes tharos,732.8060800082264,-5221.226613546172,3576.526391455482,6185599537,34.150956,-82.010648
Phyciodes tharos,552.1248633047223,-5480.097028438546,3202.1005330715657,6185602913,30.172492,-84.246811
Phyciodes tharos,547.737626848316,-5280.770881202041,3521.817076746128,6185697490,33.558491,-84.078283
Phyciodes tharos,-665.0525019880823,-5276.985335973755,3507.261618869454,6185849281,33.401551,-97.183052
Phyciodes tharos,628.6623206057272,-5300.088211762047,3479.0231048196633,6185964031,33.097882,-83.235549
Phyciodes tharos,-727.4081932327392,-5421.128724647895,3266.801769451706,6185969079,30.847882,-97.642313
Phyciodes tharos,-765.4985203871616,-5248.367401928548,3529.646548783077,6185985027,33.643028,-98.298338
Phyciodes tharos,596.3134945122988,-5301.868557399154,3482.004185236166,6186050886,33.12989,-83.582779
Phyciodes tharos,-2682.3483210725194,-4252.412781208446,3913.022636317342,6188022423,37.893233,-122.243019
Phyciodes tharos,1160.1800737583285,-4937.534405992035,3855.4493014143545,6188121280,37.240013,-76.776994
Phyciodes tharos,563.6219153127039,-5223.523758842538,3603.7318167511016,6188178163,34.447121,-83.841571
Phyciodes tharos,939.390094440982,-5132.946893049028,3655.1546579155747,6188202529,35.009817,-79.628964
Phyciodes tharos,302.5978730109969,-5294.669276951421,3530.5332323366356,6188219147,33.652607,-86.729023
Phyciodes tharos,-4.081991579815832,-5490.8051753600375,3231.2219040575987,6188243877,30.475898,-90.042595
Phyciodes tharos,610.0741055942052,-5253.2579830063605,3552.582621043572,6188254272,33.891155,-83.37577
Phyciodes tharos,529.871052964524,-5408.228153708092,3325.666554894953,6188301889,31.466503,-84.404306
Phyciodes tharos,867.852508384523,-5562.450811615521,2982.570388394204,6188348747,27.914099,-81.132216
Phyciodes tharos,57.97811916774485,-5124.7490166667285,3784.618763303459,6188441225,36.444055,-89.35182
Phyciodes tharos,-385.5402727710038,-5133.88740158525,3752.9071365533873,6188464748,36.090339,-94.294688
Phyciodes tharos,-660.9355620378412,-5286.944950647069,3493.01165204736,6188606459,33.248179,-97.125736
Phyciodes tharos,1039.1166150915897,-5059.247285334389,3730.1483476873473,6188621085,35.837463,-78.393455
Phyciodes tharos,548.2779830891171,-5279.243557430025,3524.022111773809,6188663557,33.582291,-84.07078
Phyciodes tharos,849.796441807659,-5084.671628189512,3743.4894911904175,6188687337,35.9856,-80.511902
Phyciodes tharos,527.4820509778498,-5121.075853654254,3753.145070030333,6195233064,36.092987,-84.119148
Phyciodes tharos,881.2432936351732,-5531.887031753059,3035.027060014918,6195296556,28.4493,-80.948695
Phyciodes tharos,174.5983759405653,-5091.693683572438,3825.4312135319965,6195327337,36.901672,-88.03605
Phyciodes tharos,1161.2529804096207,-4910.150172056854,3889.9447210747426,6195393984,37.630705,-76.694003
Phyciodes tharos,-648.5625556498511,-4871.346475536798,4054.516402280498,6195396392,39.523972,-97.583661
Phyciodes tharos,-207.955075557132,-5147.243334294597,3748.6522743230394,6195402330,36.043001,-92.313563
Phyciodes tharos,1100.3009298731954,-4846.175458179573,3986.6871487408725,6195460024,38.737584,-77.20813
Phyciodes tharos,169.2646511493977,-5202.6182267605855,3673.399814086025,6195571416,35.210395,-88.136567
Phyciodes tharos,-2691.9969414672587,-4244.759828913579,3914.7055561880916,6195621347,37.912414,-122.382584
Phyciodes tharos,486.3842400882717,-5250.104385273703,3576.253269051428,6195676669,34.147988,-84.707068
Phyciodes tharos,876.8023939702581,-5549.576363663749,3003.8596630785023,6195775539,28.130985,-81.021798
Phyciodes tharos,1.4529779376765142,-5209.279857056984,3667.854194129438,6195907587,35.149377,-89.984019
Phyciodes tharos,-514.778053657499,-5527.074208947896,3126.6927213803747,6195918839,29.391129,-95.321037
Phyciodes tharos,844.5110997348562,-5225.726844146483,3545.184492021381,6195995660,33.811042,-80.820001
Phyciodes tharos,1022.8953620324007,-4869.776268336369,3978.5320539563268,6216323325,38.643622,-78.13749
Phyciodes tharos,530.9462180946693,-4855.670438162498,4090.270631525891,6234162404,39.94209,-83.75975
Phyciodes tharos,-205.20373631400716,-4948.531826253514,4007.4527222209713,6234168251,38.977403,-92.374558
Phyciodes tharos,421.0139957096642,-5204.117038796168,3650.9815381079934,6234168766,34.964009,-85.374834
Phyciodes tharos,1198.9717241981778,-4747.671711999034,4075.7616772003294,6234236336,39.772113,-75.826928
Phyciodes tharos,718.3955402084995,-5551.8308266954,3041.5186090571015,6234267995,28.515719,-82.627012
Phyciodes tharos,594.9089967636094,-4936.529683740365,3983.2789378597886,6234283653,38.6983,-83.128333
Phyciodes tharos,-670.9829304352508,-5427.87601259968,3267.6745597728914,6234348967,30.857025,-97.047036
Phyciodes tharos,442.56531719041976,-5189.3239466365685,3669.4421982859803,6234372248,35.166845,-85.125393
Phyciodes tharos,473.7035246498229,-4919.375114066019,4020.58535384087,6234419946,39.12949,-84.499751
Phyciodes tharos,1017.0769029145757,-5080.324234489596,3707.5077040638544,6234427531,35.586697,-78.679093
Phyciodes tharos,474.45054653059873,-4900.104611369895,4043.9614991003245,6234432546,39.401022,-84.4696
Phyciodes tharos,217.93947221291518,-5016.737835934309,3921.045396528091,6234433842,37.984717,-87.512494
Phyciodes tharos,-626.4680653733558,-5317.160839538538,3453.272578181836,6234456650,32.82188,-96.719612
Phyciodes tharos,-614.3394753591376,-5297.914576154544,3484.8875566454244,6234527020,33.16086,-96.614405
Phyciodes tharos,-548.8980504912636,-5042.3823511985,3855.235957002659,6234563569,37.237603,-96.212578
Phyciodes tharos,6.0153355946011,-5211.752440384022,3664.3353347594034,6234645639,35.110683,-89.93387
Phyciodes tharos,-641.094323087553,-5313.985525867375,3455.4752248358523,6234682686,32.845455,-96.87908
Phyciodes tharos,-408.8875455019692,-5491.1096477263145,3204.7275923949915,6234695498,30.199824,-94.258588
Phyciodes tharos,-406.95493895114834,-5442.457762886931,3286.9125796912326,6234755701,31.058777,-94.276283
Phyciodes tharos,853.5698230018747,-4830.892229943929,4064.929513485487,6234799549,39.645484,-79.979835
Phyciodes tharos,-526.02366003881,-5483.877984396008,3200.0210141518737,6234842075,30.150862,-95.479153
Phyciodes tharos,-614.1569188853114,-5316.929563952745,3455.8391774832344,6235608164,32.849351,-96.589017
Phyciodes tharos,823.8280512052104,-5221.30642722622,3556.546030171833,6273368820,33.934105,-81.033677
Phyciodes tharos,845.0990411124061,-5225.491954000974,3545.3906102232813,6273917104,33.813273,-80.813313
Phyciodes tharos,-551.8095740928172,-5485.665508341857,3192.606028655181,6274006376,30.073774,-95.744128
Phyciodes tharos,894.4474603558341,-5288.304405148407,3438.539426679355,6422411416,32.664351,-80.400024
Pieris rapae,-2452.2395801992493,-4764.395468352518,3446.274799275826,6129830578,32.747024,-117.23493
Pieris rapae,-2448.9706871015305,-4745.607256740766,3474.4074988642687,6129899814,33.048347,-117.295997
Pieris rapae,-2432.8981776990263,-4771.75249375932,3449.802563180667,6130446605,32.784753,-117.014953
Pieris rapae,-2697.8655387071985,-4205.960437989634,3952.362769129322,6133298776,38.34293,-122.677681
Pieris rapae,-2466.519931914917,-4664.371840386977,3570.6677092315495,6147335087,34.087313,-117.869887
Pieris rapae,-2698.4344844740667,-4188.163745236549,3970.829750287057,6147419583,38.55499,-122.793689
Pieris rapae,-2689.886436600547,-4287.881149829933,3868.893812551977,6147631571,37.392042,-122.100994
Pieris rapae,-2442.3639560359916,-4690.306156687104,3553.257602887342,6147654676,33.898468,-117.507161
Pieris rapae,-1456.215379937065,-4968.368291808243,3712.7491719568966,6159216248,35.644681,-106.335719
Pieris rapae,-2430.732271239749,-4672.859663985693,3584.0865385655247,6159384442,34.233153,-117.482589
Pieris rapae,-2662.6939987620244,-4309.129074330738,3864.093738432292,6162895735,37.337728,-121.712719
Pieris rapae,-2444.322530464977,-4782.084346393834,3427.3473417081295,6163108633,32.544869,-117.073468
Pieris rapae,-2473.9657452443735,-4672.450621015652,3554.9193823777964,6163262034,33.916475,-117.900292
Pieris rapae,-2661.9142922588353,-4239.3963170994275,3941.000418283331,6163298555,38.212762,-122.124686
Pieris rapae,-2473.4937404264087,-4654.486081390363,3578.7345757812486,6170882101,34.174956,-117.987135
Pieris rapae,-2476.3534420594337,-4652.690558149585,3579.0916906086013,6170902555,34.178838,-118.023746
Pieris rapae,-2615.2801477696603,-4556.989848876612,3603.3188029363782,6171124764,34.442617,-119.851738
Pieris rapae,-2442.3674435344496,-4690.302662565756,3553.259817965611,6171151902,33.898492,-117.507212
Pieris rapae,-2683.4141090911266,-4260.788691309347,3903.1681461113726,6171200016,37.781017,-122.202429
Pieris rapae,972.2041200133713,-4475.085648045528,4429.241551480728,6171220822,44.044611,-77.743058
Pieris rapae,-2687.360647437595,-4250.304531334156,3911.8738823230947,6171242072,37.880143,-122.304138
Pieris rapae,-1489.1041479731537,-4997.621472445263,3660.0685218067465,6171374831,35.063789,-106.592087
Pieris rapae,-2626.5345117681168,-4235.863914647176,3968.4413167840034,6171406767,38.527528,-121.801833
Pieris rapae,-666.7589186075974,-4916.0103764817395,3997.252512971695,6176709321,38.859501,-97.7239
Pieris rapae,-2427.817558917264,-4694.699570973743,3557.421955375748,6178277332,33.9436,-117.345299
Pieris rapae,352.6186320973899,-5108.045180638993,3791.2118989217633,6178378521,36.517798,-86.051022
Pieris rapae,679.4996086742165,-5135.404892833675,3708.861010896603,6178502121,35.601664,-82.462598
Pieris rapae,-2500.3600539735617,-4662.922763166186,3548.958161900106,6178621444,33.851897,-118.201172
Pieris rapae,-2559.300755360932,-4614.724636852732,3569.880852256951,6178704289,34.078769,-119.012508
Pieris rapae,-2663.72918771639,-4312.887185916621,3859.184378303455,6178717294,37.282218,-121.700344
Pieris rapae,-2690.9923654088007,-4226.457630731229,3935.145374013868,6178745361,38.145777,-122.484973
Pieris rapae,-2275.533015552777,-3609.943145645721,4730.751854622286,6178841004,47.948545,-122.225342
Pieris rapae,609.3552309145213,-5252.714638951597,3553.50928716644,6178877289,33.901195,-83.382828
Pieris rapae,-2696.244421466929,-4216.806055230441,3941.898760998028,6178917793,38.223045,-122.595028
Pieris rapae,-1278.7514338404465,-4707.100197417599,4098.506512328562,6178971711,40.038764,-105.19842
Pieris rapae,1121.4077267184157,-4805.389663907292,4029.9414410319455,6179021573,39.238042,-76.86428
Pieris rapae,-2465.881566412179,-4631.887458113917,3613.142649477467,6179093094,34.549814,-118.029533
Pieris rapae,-2607.951091239514,-4560.0472374249,3604.7626035334974,6179096701,34.458363,-119.765808
Pieris rapae,-2448.1090432208725,-4748.455238852509,3471.12202130547,6179114404,33.013104,-117.273778
Pieris rapae,-2500.2033396686106,-4648.695595340785,3567.6835134084617,6179135794,34.054914,-118.272653
Pieris rapae,-1277.1424555300318,-4706.70774290378,4099.458805848616,6179364321,40.049951,-105.181387
Pieris rapae,-2395.2197327541467,-4768.580163226148,3480.4193408824563,6179464850,33.112872,-116.670013
Pieris rapae,-2445.9286590985957,-4749.715823595518,3470.9344158834133,6179504790,33.011092,-117.246799
Pieris rapae,-2516.35128283345,-4454.581555736972,3796.6343666921434,6179512448,36.5785,-119.461697
Pieris rapae,-2682.8794175233334,-4289.990102915175,3871.4204211887054,6179528055,37.420647,-122.021089
Pieris rapae,748.1114932417131,-5268.091652313494,3503.896783037702,6181669379,33.365311,-81.917579
Pieris rapae,1094.893917789145,-4932.7541376225245,3880.579474283916,6184772554,37.524433,-77.485291
Pieris rapae,-2619.472556031054,-4185.39337219025,4026.2388128256252,6184881046,39.195063,-122.040825
Pieris rapae,-2497.3857352498894,-4665.281938679293,3547.9518107889494,6184912660,33.841,-118.160719
Pieris rapae,1074.7054573864812,-4789.245218331536,4061.7596615542957,6184929491,39.608472,-77.352355
Pieris rapae,-1479.7759468774325,-4996.423780398145,3665.4830081985565,6185007650,35.123301,-106.497552
Pieris rapae,498.08897550785963,-4874.224535815595,4072.2961184825704,6185013405,39.731575,-84.165292
Pieris rapae,1215.2121125332892,-4947.61292991608,3825.459311894068,6185029285,36.901988,-76.200417
Pieris rapae,-2491.945300216458,-4664.903073542509,3552.272661953217,6185240629,33.887797,-118.110694
Pieris rapae,-1800.4947626449396,-4444.0576774334795,4195.035530124879,6185260275,41.182303,-112.055162
Pieris rapae,-1421.592045839635,-4976.275420001794,3715.5769577777396,6185268772,35.675981,-105.943257
Pieris rapae,925.5378622729044,-4809.762183044198,4074.226372912367,6185291164,39.754151,-79.107769
Pieris rapae,-1794.6892262896313,-4459.003106623461,4181.642620530799,6185326030,41.022463,-111.924127
Pieris rapae,-22.668663364249053,-4978.151799701766,3975.832481443953,6185605499,38.612545,-90.260902
Pieris rapae,-2502.547629666743,-4650.138793655555,3564.1573605364943,6185614750,34.016647,-118.287637
Pieris rapae,-1279.6729825278962,-4742.957363079577,4056.666813958822,6185625628,39.549048,-105.099154
Pieris rapae,-1282.9204702199215,-4725.18000810045,4076.3392998885593,6185637940,39.778872,-105.190034
Pieris rapae,-2701.7847278082318,-4000.810449167192,4157.35831557664,6185779795,40.733622,-124.031525
Pieris rapae,-2656.6621768299565,-4289.102957299635,3890.436354647391,6185794569,37.636288,-121.773995
Pieris rapae,-2462.8337414069774,-4713.848178019173,3507.6827744894595,6185837713,33.406088,-117.585617
Pieris rapae,-1256.183514056078,-4733.649047775554,4074.840217871707,6185924072,39.761332,-104.862204
Pieris rapae,-2685.2003985380306,-4256.590333257049,3906.5189983143932,6185970619,37.819155,-122.245108
Pieris rapae,-532.7467550416989,-5123.460230219797,3749.145141765797,6185990937,36.048483,-95.936386
Pieris rapae,-1793.404023392528,-4480.918095619125,4158.7051060287995,6186013585,40.749608,-111.812837
Pieris rapae,-2425.457417731112,-4694.0594951958365,3559.8756860334843,6186029159,33.970204,-117.325754
Pieris rapae,-2464.106807872785,-4667.686353915052,3568.00152333875,6186105658,34.058366,-117.829911
Pieris rapae,990.6300847838144,-4802.435358614636,4067.5569806858953,6187461747,39.676178,-78.344697
Pieris rapae,1125.8977531027008,-4811.392933311974,4021.5178005961043,6187461771,39.140301,-76.829399
Pieris rapae,-2521.0694158600413,-4630.401300333251,3576.7787082743434,6187999435,34.153698,-118.566535
Pieris rapae,-2304.7629922913097,-3632.3246540042287,4699.365732410588,6188007113,47.528832,-122.395723
Pieris rapae,1522.726380016023,-4383.112749158437,4365.704997986638,6188043668,43.254916,-70.842388
Pieris rapae,-396.92193987589127,-5116.714751615793,3775.1074493211354,6188045462,36.337796,-94.435756
Pieris rapae,-1272.4336263054138,-4711.884832705931,4094.9733966950853,6188053013,39.997275,-105.112122
Pieris rapae,493.165207975251,-4880.109640806148,4065.8419916458947,6188091426,39.656142,-84.229498
Pieris rapae,-2052.16089228747,-4133.725953407648,4392.11777437347,6188141378,43.581941,-116.401796
Pieris rapae,-2442.400057192757,-4775.1438309240275,3438.3770131110487,6188183922,32.662616,-117.088926
Pieris rapae,-2445.1547435198704,-4781.039135260945,3428.2118074913324,6188303109,32.554092,-117.08645
Pieris rapae,541.2468854314809,-5126.726944470516,3743.4577298973422,6188337740,35.985247,-83.973404
Pieris rapae,-2495.6315261352315,-4668.773371318799,3544.5918838001453,6188355776,33.804628,-118.126147
Pieris rapae,-619.9380472405719,-5300.79318192479,3479.514562366515,6188374045,33.103158,-96.67055
Pieris rapae,652.2217999752721,-4747.528818865662,4198.253204292764,6188374370,41.220763,-82.177597
Pieris rapae,694.5387893274622,-4842.616871182639,4081.229084324261,6188574049,39.836116,-81.838172
Pieris rapae,197.6762715045432,-5476.629038998329,3249.186296684408,6195483167,30.663535,-87.932834
Pieris rapae,-1285.9807821774964,-4692.917411238761,4112.484982202327,6195622936,40.20316,-105.324349
Pieris rapae,856.0948815233758,-4831.0348746711215,4064.2289211138545,6195959597,39.637302,-79.951087
Pieris rapae,1142.4325956801656,-4791.803643777931,4040.20033333515,6234303052,39.357262,-76.590225
Pieris rapae,-680.5751020015917,-5141.529785192059,3700.1678513542947,6234391311,35.50557,-97.540305
Pieris rapae,-1548.8069076569761,-5368.324837140154,3061.378567804971,6235339928,28.719179,-106.093296
Pieris rapae,-2703.853643057292,-4248.994287414244,3901.919547110673,6236035392,37.766811,-122.470695
Pieris rapae,-1804.6075673842506,-4017.7870498942643,4603.317486239558,6251987956,46.264702,-114.187452
Pieris rapae,823.7649175424067,-5217.736795359269,3561.7955057327154,6273217867,33.991025,-81.028319
Pieris rapae,-2064.6512677439828,-4131.261270124026,4388.581614856196,6320266843,43.538056,-116.554184
Pieris rapae,-2602.948708305454,-4247.6603548850735,3971.371634731004,6352806940,38.561222,-121.499795
Pieris rapae,-1801.6899969666435,-4483.203902824275,4152.655662369437,6441320500,40.677833,-111.893988
Pieris rapae,1016.3186473458398,-5068.240752072303,3724.2160538518883,6481409317,35.771681,-78.661042
Poanes hobomok,1068.529080844034,-4341.1119018404825,4539.024805921085,43750608,45.4346,-76.172
Poanes hobomok,843.6258494113079,-4524.140043492143,4405.7014677294455,1270737254,43.750818,-79.43725
Poanes hobomok,-441.6590858950285,-4125.8928235782305,4834.428486374523,1841730661,49.36,-96.11
Poanes hobomok,272.6768274444477,-4205.226503972191,4778.228806549776,1842145411,48.59,-86.29
Poanes hobomok,130.00434476422188,-4737.290537077992,4258.043020840814,1848134871,41.939594,-88.42804
Poanes hobomok,783.9559975688384,-5149.983482612986,3667.8108255970196,2274037013,35.1489,-81.3446
Poanes hobomok,911.2346962302614,-4556.2737475383365,4358.873018975953,2466442495,43.170613,-78.69031
Poanes hobomok,1067.8166152618617,-4602.095254251555,4274.370138002026,2466442785,42.137297,-76.936907
Poanes hobomok,-763.3221140342501,-4682.443006676634,4252.272330075863,2466461672,41.869864,-99.258795
Poanes hobomok,1112.263047205646,-4559.588843428102,4308.453739148678,2466465190,42.552016,-76.291044
Poanes hobomok,-583.1393181205196,-4176.2285402978105,4775.857707736004,2466469420,48.557772,-97.948986
Poanes hobomok,-345.4301223210978,-4317.653048657728,4672.076980496715,2466503938,47.166623,-94.574157
Poanes hobomok,-144.14701907609913,-4732.167125559236,4263.281489925963,2466505251,42.002959,-91.744753
Poanes hobomok,1244.3313007803163,-4680.250046275058,4139.643975986114,2466509642,40.523714,-75.111284
Poanes hobomok,-355.14973223002124,-4330.169084165809,4659.74865201,2466509734,47.003795,-94.688763
Poanes hobomok,-414.666956066419,-5235.810271508953,3606.119139183478,2466517301,34.47316,-94.528273
Poanes hobomok,-332.93469036847836,-4319.073300094688,4671.671376502832,2466524907,47.161258,-94.407914
Poanes hobomok,23.467601362594046,-4265.964916438183,4731.886065099443,2466538413,47.963776,-89.684812
Poanes hobomok,149.32326420261205,-4372.589588109298,4631.189478568489,3031046408,46.628487,-88.044118
Poanes hobomok,-122.75145892513456,-4621.113975748796,4384.060997767748,3097763940,43.482,-91.5216
Poanes hobomok,1357.9193264195694,-4475.219793382828,4326.455365946611,3403820319,42.772169,-73.120589
Poanes hobomok,1333.5148018535529,-4378.462881571745,4431.766487261413,3742777815,44.07621,-73.06124
Poanes hobomok,1349.3656640768406,-4344.775965064593,4460.032202539006,3742777843,44.43111,-72.74667
Poanes hobomok,1401.3960973500884,-4315.7882547059435,4472.1151425865155,3742777863,44.58348,-72.01067
Poanes hobomok,1360.5935811779236,-4330.4477804588805,4470.543619880431,3742777877,44.56364,-72.55768
Poanes hobomok,1340.904121949749,-4438.544849960263,4369.330484216872,3742777878,43.2997,-73.1902
Poanes hobomok,1376.948644971023,-4402.652340746425,4394.3620612450595,3742777927,43.60981,-72.6327
Poanes hobomok,1331.7730053888697,-4305.210532601584,4503.475997690152,3742777948,44.98083,-72.81108
Poanes hobomok,1384.7204889062896,-4427.260619928057,4367.111825968599,3742777964,43.27229,-72.63181
Poanes hobomok,1375.7847686410335,-4353.679492201309,4443.247042337228,3742778257,44.2201,-72.4632
Poanes hobomok,1365.9468751773197,-4364.2025143682895,4435.9529615914835,3742778262,44.12864,-72.62046
Poanes hobomok,1354.0365581715405,-4395.500546422591,4408.618045965325,3742778274,43.78714,-72.87852
Poanes hobomok,1312.9198322591835,-4318.618003281039,4496.1687229768,3742778294,44.888,-73.09
Poanes hobomok,1375.589011195395,-4360.746702579739,4436.371963428658,3742778296,44.13389,-72.492222
Poanes hobomok,1351.9950983827223,-4321.865065478035,4481.444492507641,3742778300,44.7014,-72.62892
Poanes hobomok,1384.9419114911493,-4374.475861267429,4419.915154237835,3742778310,43.928039,-72.432417
Poanes hobomok,1311.45398225864,-4326.274243881311,4489.230752459109,3742778327,44.8,-73.136
Poanes hobomok,1370.2780338807286,-4415.106063472416,4383.939973109864,3742778413,43.4805,-72.75768
Poanes hobomok,1368.8094755935324,-4395.657258604416,4403.897252897836,3742778452,43.72836,-72.70339
Poanes hobomok,1351.9526449034074,-4413.19325000612,4391.5489879672905,3742778700,43.57488,-72.9679
Poanes hobomok,1343.282253766435,-4411.79864283868,4395.609019401109,3742778709,43.6253,-73.06582
Poanes hobomok,1382.661136228615,-4328.597062319064,4465.562538373324,3742778713,44.5008,-72.28523
Poanes hobomok,1381.6145396548338,-4396.123630511874,4399.430806223335,3742778719,43.6728,-72.5531
Poanes hobomok,1343.4066150434548,-4435.506265127337,4371.64682566548,3742778723,43.32833,-73.14972
Poanes hobomok,1356.286461799979,-4395.78429653655,4407.643427222556,3742778724,43.775,-72.85278
Poanes hobomok,1346.2423182565155,-4476.385604440802,4328.897858643458,3742778738,42.8021,-73.2617
Poanes hobomok,1354.3013981579147,-4429.797700410889,4374.0728373061365,3742778744,43.35833,-73.00028
Poanes hobomok,1325.7444027282072,-4344.720707749378,4467.164299638644,3742778765,44.521,-73.031
Poanes hobomok,1341.6691991504358,-4404.9280844722825,4402.9859709469665,3742778789,43.71702,-73.06012
Poanes hobomok,1388.605367436736,-4362.37635041712,4430.711098743038,3742778791,44.063,-72.343
Poanes hobomok,1366.1665468577046,-4458.563751457779,4341.0311413431555,3742778815,42.951,-72.9642
Poanes hobomok,1357.100044661643,-4440.54010826317,4362.297117960092,3742779441,43.21285,-73.00601
Poanes hobomok,1360.8948936419358,-4366.4488605581855,4435.295093482154,3742779453,44.120398,-72.689265
Poanes hobomok,1348.4127668763792,-4313.59982454038,4490.4780027885035,3742779476,44.81581,-72.64098
Poanes hobomok,1354.5816212491177,-4396.309950346239,4407.643427222556,3742779501,43.775,-72.875
Poanes hobomok,1358.2193554142984,-4368.736595284167,4433.862184741459,3742779517,44.10245,-72.72978
Poanes hobomok,1382.4915436910535,-4373.521570922217,4421.626321838858,3742779571,43.94941,-72.458
Poanes hobomok,1380.583078171006,-4379.51364850376,4416.288452593941,3742779580,43.88277,-72.50324
Poanes hobomok,1393.5183576041022,-4394.523102529882,4397.274885429492,3742779636,43.646,-72.406
Poanes hobomok,1353.20173320662,-4348.268219510168,4455.464250796083,3742780047,44.37361,-72.71361
Poanes hobomok,1394.5761068957402,-4456.256824849283,4334.361051266627,3742780048,42.8691,-72.6226
Poanes hobomok,1373.5110137533566,-4462.588720048852,4334.572936341989,3742780058,42.8717,-72.8925
Poanes hobomok,1399.8463283667606,-4379.048482025031,4410.682235064072,3742780117,43.81286,-72.27253
Poanes hobomok,1348.7294787417993,-4350.24526012945,4454.890357749735,3742780133,44.36639,-72.77472
Poanes hobomok,1376.8373692503708,-4330.649277467126,4465.372193209275,3742780137,44.4984,-72.36305
Poanes hobomok,1317.5969791574691,-4359.2792756762265,4455.376025303846,3742781498,44.3725,-73.1825
Poanes hobomok,1376.0007445395197,-4339.280518251449,4457.243505197754,3742781518,44.396,-72.406
Poanes hobomok,1400.179328169268,-4382.32375546498,4407.322257440702,3742781519,43.771,-72.281
Poanes hobomok,1371.467301525767,-4391.393980228928,4407.322257440702,3742781521,43.771,-72.656
Poanes hobomok,1374.0888922668537,-4373.025968364234,4424.7346503308345,3742781543,43.98825,-72.556278
Poanes hobomok,1341.6705128535589,-4404.926881018067,4402.986774622557,3742800084,43.71703,-73.0601
Poanes hobomok,1321.24400583403,-4379.790117184069,4434.129670650357,3742800142,44.1058,-73.2131
Poanes hobomok,1389.964907992587,-4392.548179586378,4400.3717086445085,3742800239,43.6845,-72.4407
Poanes hobomok,1371.4067396317407,-4463.370379132302,4334.4343971104745,3742800266,42.87,-72.92
Poanes hobomok,1357.8302619177723,-4338.756046425745,4463.322314050576,3742800275,44.47256,-72.62229
Poanes hobomok,1387.242756731222,-4453.376190410275,4339.671781397881,3742800286,42.9343,-72.698
Poanes hobomok,1348.1523347277034,-4475.739719184783,4328.971284053221,3742800962,42.803,-73.237
Poanes hobomok,1326.8443855390487,-4343.7082208506135,4467.822288134985,3742800964,44.5293,-73.014
Poanes hobomok,1357.7012313159098,-4385.270775943921,4417.669149881293,3742800983,43.9,-72.79722
Poanes hobomok,1396.6214435599015,-4359.870197917058,4430.658363085645,3742800986,44.06234,-72.23789
Poanes hobomok,1332.1429479006827,-4342.36478752016,4467.551493619398,3750891383,44.525884,-72.945127
Poanes hobomok,1222.9836092972532,-4717.2499719784255,4103.853911013067,3807150517,40.101606,-75.465626
Poanes hobomok,1677.2563948020756,-3930.0485805452645,4725.598615025099,4417348452,47.8794,-66.8883
Poanes hobomok,1747.5273284094171,-3969.3214103774058,4666.946422154341,4417349402,47.0988,-66.2381
Poanes hobomok,1806.2894094031483,-3991.178823608889,4625.750025361447,4417349423,46.5573,-65.6499
Poanes hobomok,1806.2405252623785,-3990.403318770271,4626.438116750782,4417349432,46.5663,-65.6463
Poanes hobomok,1817.4991085719419,-3977.444581374638,4633.1830011463135,4417349543,46.6546,-65.4419
Poanes hobomok,1756.7341313402244,-3970.5618569411454,4662.4325047839375,4417349952,47.0392,-66.1335
Poanes hobomok,1674.725265819233,-4079.852263697864,4597.8096872427805,4417354574,46.1931,-67.6825
Poanes hobomok,1674.8981537076947,-4079.8680365111627,4597.732713962236,4417365685,46.1921,-67.6805
Poanes hobomok,1598.8622790477643,-3980.8841044499186,4710.196841879711,4417369461,47.67329,-68.11788
Poanes hobomok,1808.1124571485223,-3881.7362942983077,4717.266773621035,4417369516,47.7678,-65.0239
Poanes hobomok,1584.4399573609023,-3984.6085670993357,4711.92080983904,4417375220,47.69632,-68.31525
Poanes hobomok,1589.5523083512512,-3997.8371842680226,4698.975892338305,4417375296,47.52364,-68.31708
Poanes hobomok,1795.971192942106,-3949.499689421356,4665.3716686948055,4417380328,47.078,-65.5471
Poanes hobomok,1821.1475924556278,-4098.061747080793,4525.380038547439,4417380980,45.26,-66.04
Poanes hobomok,1741.1679496052418,-3909.1480212163715,4719.814514275433,4417384534,47.8019,-65.9914
Poanes hobomok,1769.39180138213,-3946.700998938987,4677.8795418280215,4417402606,47.243434,-65.85227
Poanes hobomok,1813.5355433170114,-4049.6275421997943,4571.800381934907,4417405094,45.856227,-65.875841
Poanes hobomok,-961.1790625046228,-3913.220167121178,4934.83493777819,5068566476,50.76667,-103.8
Polites peckius,511.266698238985,-4840.17158128982,4111.094569165692,6274338606,40.18679,-83.970214
Polites peckius,1315.7126447210496,-4623.700247173611,4180.914898737507,6320084120,41.013789,-74.115853
Polites peckius,1040.7245420634097,-4887.7852252167895,3951.7339421293022,6320353846,38.33572,-77.979884
Polites peckius,1247.2771472859695,-4722.275926341382,4090.741121487921,6320421043,39.947609,-75.204559
Polites peckius,1300.1790024408683,-4688.901948511976,4112.600905574221,6321099842,40.204525,-74.501913
Polites peckius,1343.7779833266181,-4615.250200753128,4181.325082512993,6333864389,41.018678,-73.766533
Polites peckius,1299.1913035360253,-4666.695202989596,4138.09267282497,6333975086,40.505363,-74.442987
Polites peckius,1255.7439939837948,-4662.64698736763,4156.029742728345,6334261945,40.717856,-74.926746
Polites peckius,511.71853373353514,-4678.232782753379,4294.419087872376,6352290732,42.380915,-83.75764
Polites peckius,68.02711707050719,-4613.02598658087,4393.758833635511,6352322710,43.602318,-89.155135
Polites peckius,1306.4960410454223,-4645.876398043515,4159.16502660237,6352457756,40.755068,-74.293153
Polites peckius,146.4035604200304,-4740.564147499052,4253.865382287076,6352541567,41.889106,-88.231088
Polites peckius,-96.75855038716524,-4820.952893804544,4163.98896592222,6352592639,40.812363,-91.149796
Polites peckius,578.1632830069067,-4844.67241467923,4096.904873475369,6352596992,40.019953,-83.194507
Polites peckius,793.3320593115131,-5063.473712196935,3784.39048450825,6352759992,36.441503,-81.095436
Polites peckius,568.8293191859286,-4679.104968850724,4286.276125704966,6352955910,42.281855,-83.06868
Polites peckius,-262.1404401751558,-4505.684915618789,4496.647524597354,6353090701,44.894078,-93.329711
Polites peckius,1306.2962599309128,-4559.970746564779,4253.235239372658,6353129694,41.881494,-74.014564
Polites peckius,703.7233887348881,-5041.9325119350215,3830.593043761961,6353191744,36.959745,-82.054322
Polites peckius,1220.0574786273976,-4701.184506746326,4123.114976816812,6353207576,40.328443,-75.451478
Polites peckius,984.770089612782,-4536.4325179900325,4363.572047073828,6353268437,43.228584,-77.752243
Polites peckius,839.4526012485841,-4535.967588244294,4394.322530075786,6398583536,43.609319,-79.515135
Polites peckius,1313.9392597245574,-4506.568132988404,4307.454052472915,6398601763,42.539813,-73.745378
Polites peckius,1398.8490500470539,-4573.647774906069,4208.885897236542,6398670861,41.348014,-72.993761
Polites peckius,1273.332974436765,-4656.852817862632,4157.174292551893,6398695718,40.731438,-74.707301
Polites peckius,587.3421461828268,-4694.086371308803,4267.356965580421,6398711427,42.0523,-82.867997
Polites peckius,826.1803196345946,-4540.246773144182,4392.418291565565,6398715513,43.585672,-79.686836
Polites peckius,715.6050152868717,-4604.716443932987,4344.45037521973,6398787523,42.993026,-81.166498
Polites peckius,1399.5889447775257,-4457.341783495981,4331.628809170383,6398798606,42.835583,-72.567903
Polites peckius,1103.1692749575425,-4775.038450965206,4070.8449334592556,6398801353,39.714607,-76.991288
Polites peckius,848.3324735611776,-4520.836926510037,4408.187680655428,6398826921,43.781779,-79.372074
Polites peckius,854.9219352906129,-4523.063157923305,4404.629528538496,6398834338,43.737474,-79.296572
Polites peckius,317.54193918925125,-4664.717936320925,4327.739227483468,6398873911,42.7879,-86.105705
Polites peckius,570.3015701274744,-4677.468483187983,4287.866350245851,6398932706,42.301188,-83.048508
Polites peckius,178.11719865577615,-4722.968133873541,4272.189064125737,6398979773,42.110851,-87.840229
Polites peckius,709.2435234187352,-4746.268386468068,4190.425176253576,6399046934,41.127236,-81.501075
Polites peckius,828.1182460119836,-4541.699036920514,4390.551577915325,6399054453,43.5625,-79.6664
Polites peckius,146.92610155764336,-4759.481803094754,4232.670411970251,6399066257,41.63357,-88.23183
Polites peckius,1525.7534391043143,-4410.6341940492875,4336.834741954318,6399074162,42.899461,-70.918162
Polites peckius,1452.515975530642,-4547.372800433604,4219.164737762953,6399095749,41.471267,-72.285545
Polites peckius,1391.3613931751727,-4619.928165480396,4160.544477476478,6399191339,40.771447,-73.239529
Polites peckius,1513.799230833547,-4527.259184327787,4219.252220041473,6399294373,41.472317,-71.511388
Polites peckius,-474.8088404940367,-4572.245354175402,4411.222292731074,6399302787,43.819591,-95.92868
Polites peckius,133.70880529236817,-4737.62887076265,4257.551851472974,6399339345,41.933656,-88.383386
Polites peckius,656.0373316854565,-4730.984367851838,4216.296367696892,6399360496,41.436849,-82.10524
Polites peckius,848.2506345785197,-4520.85306558136,4408.1868778487815,6399395359,43.781769,-79.373113
Polites peckius,838.867937383792,-4764.486569222936,4145.566480591181,6399487191,40.59382,-80.014458
Polites peckius,848.5484435429343,-4520.826923981673,4408.156371096731,6399500663,43.781389,-79.369407
Polites peckius,1454.5523638138218,-4524.648365235262,4242.827797775315,6399644751,41.755905,-72.178803
Polites peckius,1121.427641337103,-4810.759223056315,4023.5244342120177,6399681000,39.163572,-76.878209
Polites peckius,616.3200261804553,-4618.531283780134,4345.005355088827,6399681662,42.99985,-82.399069
Polites peckius,-532.8446450658604,-4531.41142275691,4446.587481609945,6399705475,44.262033,-96.706562
Polites peckius,1349.5307634393284,-4598.135031558366,4198.294186900682,6399719438,41.221253,-73.643287
Polites peckius,1226.8087115985525,-4687.096152151861,4137.1274062212,6399768162,40.493947,-75.332348
Polites peckius,497.07891060768515,-4863.964131872338,4084.668727102099,6399821793,39.876412,-84.164844
Polites peckius,641.2700317718343,-4661.149125030537,4295.604114703291,6399948165,42.395344,-82.166556
Polites peckius,938.2846886976567,-4766.035171538627,4122.412366114016,6400027828,40.320155,-78.862663
Polites peckius,1420.0040137043156,-4569.41551919586,4206.397929781858,6400046526,41.318216,-72.736703
Polites peckius,317.5436424387492,-4664.715322006779,4327.741920385199,6400047424,42.787933,-86.105682
Polites peckius,568.8199531152021,-4680.53015716973,4284.721045580465,6400095285,42.262955,-83.070883
Polites peckius,1555.761027353461,-4503.795748984533,4229.08791666411,6400132033,41.590478,-70.943383
Polites peckius,-222.73765655064915,-4515.319255619557,4489.101590058194,6400163184,44.798363,-92.824073
Polites peckius,695.3049173539216,-4782.08216371644,4151.866373216506,6400308639,40.668474,-81.727283
Polites peckius,690.6924014296161,-4820.132280044867,4108.40868696802,6400342612,40.155179,-81.845412
Polites peckius,156.421264715489,-4745.268795990862,4248.259593223756,6400395100,41.821421,-88.112007
Polites peckius,544.8150397093863,-4683.045237782778,4285.092414763529,6400449476,42.267468,-83.364167
Polites peckius,812.5290223933108,-4565.084657320395,4369.15916269297,6400463312,43.297583,-79.907742
Polites peckius,-247.59805793332677,-4500.082821386648,4503.077051533303,6400475461,44.975758,-93.149283
Polites peckius,-262.1320463302579,-4505.683045543352,4496.649887757254,6400535730,44.894108,-93.329606
Polites peckius,707.1666089759823,-4605.337797685361,4345.1734471753125,6400665309,43.001917,-81.270208
Polites peckius,1300.7639346571123,-4313.486960465323,4504.6194687085845,6400694492,44.99537,-73.218926
Polites peckius,1011.8198252229429,-4543.292110826954,4350.226496018433,6400705357,43.064086,-77.444764
Polites peckius,568.7994156481105,-4680.528283723803,4284.725818497295,6400733700,42.263013,-83.071128
Polites peckius,317.5988517187952,-4664.729733318336,4327.722335612601,6400744790,42.787693,-86.105019
Polites peckius,570.2069363190559,-4680.56607094207,4284.497454194247,6400845339,42.260238,-83.054205
Polites peckius,1412.2224164678164,-4484.914769888477,4298.944112562924,6413093816,42.43603,-72.521683
Polites peckius,710.4552293455189,-4607.463680273478,4342.382402752412,6413119706,42.967605,-81.234224
Polites peckius,1096.7006055717775,-4421.218698583493,4454.1919728174735,6413159901,44.357605,-76.068748
Polites peckius,867.4639327124885,-4564.699502165459,4358.988175029938,6413223790,43.172033,-79.239961
Polites peckius,712.4972427366727,-4608.185747873234,4341.281483832635,6413377443,42.954076,-81.210778
Polites peckius,619.9560165284788,-4643.189150711102,4318.124845111161,6413628880,42.670193,-82.39488
Polites peckius,828.8664266625641,-4542.281074379908,4389.808221068341,6413734735,43.553275,-79.658562
Polites peckius,855.9977558254416,-4527.4351349499575,4399.92637103394,6413858715,43.678962,-79.293524
Polites peckius,1547.6858223602574,-4500.845942002049,4235.186835466197,6414006783,41.663856,-71.023672
Polites peckius,818.588589840292,-4568.865613189924,4364.0729667217265,6414073354,43.234767,-79.842279
Polites peckius,1352.3843656247443,-4594.404225823437,4201.459206874077,6422263950,41.259106,-73.597961
Polites peckius,784.8755166072385,-4500.823415198362,4440.3054104768635,6422268065,44.183198,-80.107955
Polites peckius,1395.5515706747872,-4435.651276814012,4355.133372672161,6422394433,43.124517,-72.5353
Polites peckius,1523.5005000186943,-4398.933041505016,4349.492781057999,6422405369,43.055055,-70.897286
Polites peckius,1363.8456489153834,-4455.091775409678,4345.32339973552,6422416858,43.003761,-72.97898
Polites peckius,616.3437684565322,-4618.608370407315,4344.920046395069,6422496327,42.998801,-82.398905
Polites peckius,1512.1256441682604,-4423.338444550633,4328.6610136261015,6422637860,42.799197,-71.126921
Polites peckius,992.011756624223,-4433.518200915748,4466.4955128764595,6422933721,44.512565,-77.387655
Polites peckius,1422.2276254062458,-4559.1458152854275,4216.777341308659,6423205624,41.442619,-72.674665
Polites peckius,1411.4259023248087,-4536.820291638361,4244.395327169991,6430817519,41.774805,-72.718839
Polites peckius,852.0627664301514,-4859.8259238894725,4030.612132323411,6430958967,39.24583,-80.05553
Polites peckius,1520.0748235398016,-4448.751169015801,4299.7370497157635,6431045060,42.445693,-71.135434
Polites peckius,852.631749326529,-4526.3974196506615,4401.647263138842,6431778059,43.700365,-79.332268
Polites peckius,1512.2411815304108,-4423.764959295286,4328.184760782759,6431885528,42.79336,-71.127272
Polites peckius,1528.7308712507183,-4507.942221717857,4234.523819583014,6440979201,41.655875,-71.267203
Polites themistocles,887.5914550458941,-5572.838624608799,2957.2629579858553,6178570036,27.656842,-80.950455
Polites themistocles,887.4896435846159,-5572.855623231597,2957.261480630933,6178882883,27.656827,-80.951503
Polites themistocles,884.6437194548365,-5571.208965555099,2961.2141566298483,6179191911,27.696967,-80.977419
Polites themistocles,887.6078262031216,-5572.829327256884,2957.2755647396116,6179404804,27.65697,-80.950276
Polites themistocles,972.3347873714055,-5592.3433143312795,2893.0977248615486,6185633982,27.00727,-80.136646
Polites themistocles,853.8831264067687,-5504.8057342565335,3091.561185584337,6235266760,29.029153,-81.18278
Polites themistocles,495.8666774427546,-5003.817504950135,3912.2474033519297,6242166301,37.884399,-84.340599
Polites themistocles,-380.11997849444185,-5135.932879455742,3750.6606603840164,6252248596,36.065342,-94.23285
Polites themistocles,776.9879991615446,-5544.873682828551,3039.8056879201536,6320810743,28.498189,-82.023238
Polites themistocles,572.7822005450081,-4847.15943720335,4094.7184360767415,6320947541,39.994282,-83.260689
Polites themistocles,-47.05567908340208,-5006.336667219416,3940.0675206394403,6334662555,38.202085,-90.53852
Polites themistocles,1033.7193943579466,-4880.3373984144755,3962.7621958733157,6334858990,38.462272,-78.040762
Polites themistocles,1184.0327358650427,-4932.5969000941,3854.5177949076133,6341008307,37.229491,-76.501966
Polites themistocles,-1773.0675318742008,-4973.565350092374,3565.0571335465984,6352851848,34.02641,-109.621064
Polites themistocles,1078.5384083350127,-4423.550833124598,4456.310812565287,6353099868,44.384262,-76.297641
Polites themistocles,480.7156179826958,-4927.507550990327,4009.779914064894,6353221494,39.00433,-84.427996
Polites themistocles,1455.010965759982,-4525.028886261551,4242.26470151194,6353233710,41.749117,-72.174944
Polites themistocles,819.3189007180966,-4794.982168741628,4114.196843863132,6353407658,40.22332,-80.303511
Polites themistocles,1352.8787992746902,-4447.54603549315,4356.467186416037,6356614310,43.140954,-73.081002
Polites themistocles,1345.808505321772,-4467.246091527177,4338.463432416617,6361257304,42.919459,-73.234477
Polites themistocles,1388.4226385608977,-4434.062227743516,4359.028316827874,6367229303,43.172528,-72.613276
Polites themistocles,1375.5051820728377,-4460.550008509751,4336.038773506514,6392520304,42.88969,-72.861744
Polites themistocles,1400.052651529979,-4360.1043800140105,4429.344815884619,6398564463,44.045903,-72.1979
Polites themistocles,1078.6278210415705,-4423.84676268363,4455.995396501899,6398611951,44.380293,-76.29743
Polites themistocles,1071.2994100516207,-4359.525206477253,4520.686969675068,6399053898,45.200071,-76.193836
Polites themistocles,576.0725216275312,-4679.278887908705,4285.118746158035,6399103665,42.267788,-82.981553
Polites themistocles,828.1873597522509,-4544.810947829181,4387.31720705445,6399174570,43.522372,-79.67248
Polites themistocles,716.8868758856916,-4611.615974758113,4336.914160807897,6399177726,42.900436,-81.163955
Polites themistocles,531.2879499987025,-4651.424065801482,4321.0809300389665,6399180380,42.70636,-83.483887
Polites themistocles,587.3775316150571,-4693.936924444542,4267.516480854802,6399504459,42.054232,-82.867347
Polites themistocles,-1490.234276357104,-4928.785501444017,3751.8033546553447,6399702640,36.078056,-106.822862
Polites themistocles,348.22290156754656,-4700.109227466482,4286.8948191419095,6399939684,42.289376,-85.762797
Polites themistocles,848.3236172606092,-4520.830212389611,4408.196270678135,6400205596,43.781886,-79.372167
Polites themistocles,864.8599736004546,-4451.257072442972,4475.274386087146,6400901786,44.623385,-79.004673
Polites themistocles,1386.2113379608584,-4336.8107592637725,4456.483332687353,6402099311,44.386433,-72.274123
Polites themistocles,713.0369202583846,-4348.732749890595,4601.071065529727,6402554305,46.235487,-80.688393
Polites themistocles,711.7700907109545,-4348.455353128717,4601.529366362119,6402561303,46.241446,-80.704065
Polites themistocles,-360.64512164748317,-4101.442256666394,4861.878200977538,6403684304,49.7405003,-95.0251672
Polites themistocles,1030.1619744810334,-4473.25966629773,4417.970958922738,6413321916,43.903767,-77.031273
Polites themistocles,1371.8592399669374,-4596.967225551121,4192.332010063564,6413331948,41.150006,-73.383475
Polites themistocles,1262.7000216454228,-5010.003438316192,3727.627574352623,6413333330,35.809504,-75.85403
Polites themistocles,871.8199460696524,-4494.861651251639,4430.113073886481,6413369656,44.055516,-79.023249
Polites themistocles,-652.6031512876186,-4106.930071444434,4826.695313034822,6413441037,49.253336,-99.028977
Polites themistocles,848.2925275837117,-4520.836907269735,4408.195387592397,6413672089,43.781875,-79.372563
Polites themistocles,1466.7606559360831,-4270.851645972745,4494.239927503568,6413835655,44.863522,-71.045726
Polites themistocles,747.1538192729234,-4226.04150317331,4708.72461644127,6422079421,47.653631,-79.973853
Polites themistocles,1373.239258819504,-4350.499362732517,4447.147665929057,6422270944,44.269068,-72.481649
Polites themistocles,-570.8773491226297,-4472.060196423129,4501.614130676248,6422281363,44.957163,-97.274703
Polites themistocles,-2039.4342040277925,-3670.0893453896692,4791.753901649811,6422921749,48.774228,-119.060517
Polites themistocles,1452.3217907107469,-4439.428856052065,4332.664997199346,6423020985,42.848292,-71.884927
Polites themistocles,863.1301780028942,-4448.92226004692,4477.929225608321,6423062947,44.65694,-79.020511
Polites themistocles,1110.06585119128,-4347.706941203589,4522.715035142779,6423149883,45.225961,-75.677119
Polites themistocles,456.54972077686256,-4911.933254329907,4031.653158090861,6426323305,39.25792,-84.689783
Polites themistocles,1385.0541964570023,-4296.829376675713,4495.401573863105,6426338303,44.878263,-72.133621
Polites themistocles,1382.3762334190537,-4433.967419517069,4361.045975636661,6428141306,43.1974135,-72.6841091
Polites themistocles,1351.2066099735941,-4482.902886930783,4320.598978520079,6430015314,42.700462,-73.226494
Polites themistocles,998.5521022737702,-4435.210312046884,4463.357068018988,6431311040,44.472998,-77.311873
Polites themistocles,505.861042817178,-4924.4556761749045,4010.4356407285877,6434443309,39.011919,-84.134906
Polites themistocles,-1494.5682943103466,-3478.0680653025565,5124.3595967147185,6440944932,53.545086,-113.253787
Polites themistocles,1452.4799576069338,-4239.384068971263,4528.540362874141,6441178047,45.300392,-71.08773
Polites themistocles,442.9017699141973,-4404.808420536385,4581.621321132517,6441300774,45.983187,-84.25823
Polites themistocles,-599.1691601958773,-4999.355694387251,3903.484608416609,6451767518,37.784618,-96.83426
Polites themistocles,-235.97150153136573,-4949.917353509181,4004.046549875655,6452000913,38.93801,-92.729327
Polites themistocles,1427.5018983201387,-4368.550788114586,4412.227948738966,6452053980,43.832127,-71.904273
Polites themistocles,897.4744281356013,-4369.886178626039,4548.448918738479,6452082077,45.555508,-78.394142
Polites themistocles,-43.32047587885267,-4984.932746288421,3967.155401673653,6452636426,38.512747,-90.497904
Polites themistocles,875.1271818016219,-5579.349194875565,2948.6892184478797,6469889605,27.569825,-81.085723
Polites themistocles,1481.4207201219606,-4524.065254332694,4234.14446543932,6470107604,41.651309,-71.868788
Polites themistocles,1127.0497798900813,-4772.78817235782,4066.940494416957,6470207104,39.668975,-76.713525
Polites themistocles,43.75357550893203,-4582.4731772087125,4425.92118484619,6470416644,44.003083,-89.452955
Polites themistocles,236.92914157356142,-4907.573175457553,4055.7789928791885,6470577803,39.538694,-87.236005
Polites themistocles,164.1741130989302,-4653.433745327584,4348.373761317225,6479432468,43.041284,-87.979431
Polites themistocles,519.774990291499,-4633.918878301212,4341.2420939713265,6479602390,42.953592,-83.600028
Polites themistocles,480.61062909231777,-4996.247742812503,3923.8087421944883,6480080622,38.016254,-84.505378
Polites themistocles,418.75687611469715,-4453.621440039871,4536.480119784643,6480343714,45.401997,-84.628491
Polites themistocles,517.113868387569,-4686.937756520694,4284.268997541989,6480463412,42.257462,-83.703972
Polites themistocles,474.4466057508958,-4900.098681891094,4043.969146234681,6480600971,39.401111,-84.469639
Polites themistocles,468.69969856143365,-5003.736390343102,3915.6986424138963,6480634283,37.923735,-84.648722
Polites themistocles,328.1219931223023,-4896.776194806508,4062.4711673171505,6480693391,39.616778,-86.166469
Polites themistocles,1424.0372101963517,-4528.88168838198,4248.65882441648,6480760561,41.826239,-72.545047
Polites themistocles,1106.43334967853,-4563.897667726333,4305.391556051403,6480790434,42.514644,-76.372603
Polites themistocles,1119.7104638857318,-4792.95497086445,4045.1927338518735,6480799610,39.415353,-76.850625
Polites themistocles,300.22885088672194,-4907.427643356257,4051.761307381707,6481251026,39.491858,-86.499096
Polites themistocles,-539.633853157777,-4587.879212370008,4387.472252551198,6497056369,43.524295,-96.7084
Polites themistocles,1320.9152280914072,-4418.4548981387525,4395.701582567603,6497056464,43.62645,-73.355749
Polites themistocles,1102.6850024341995,-4796.071163617027,4046.176010581515,6497056663,39.4268,-77.051903
Polites themistocles,813.3265315064205,-4565.892151663679,4368.166885800174,6497061446,43.285323,-79.89979
Polites themistocles,847.0814601870509,-5060.137895547654,3777.196130402467,6497068390,36.361118,-80.496643
Polites themistocles,1487.505199500582,-4354.644676354677,4406.149243254481,6497073597,43.756393,-71.140321
Polites themistocles,1352.9455799415343,-4478.592618787031,4324.523042179382,6497075407,42.7485,-73.19087
Polites themistocles,1419.8834541687197,-4507.491388829636,4272.728108115706,6498141003,42.117386,-72.515299
Polites themistocles,1420.8837053928976,-4559.374731902135,4216.982888217442,6498170907,41.445085,-72.690875
Polites themistocles,998.4149839846793,-4435.249006164382,4463.349292039575,6498351513,44.4729,-77.313666
Polites themistocles,570.7681106737398,-4678.89546974012,4286.247085360425,6498628216,42.281502,-83.044978
Polites themistocles,1332.976476790995,-4646.080943846648,4150.525111985753,6498723080,40.652573,-73.991634
Polites themistocles,1343.1239206073753,-4453.567091558843,4353.333369333644,6498787973,43.102342,-73.217537
Polites themistocles,80.67555507496168,-4709.494509175493,4289.97739534099,6498843923,42.326862,-89.018596
Polites themistocles,814.1674437351212,-4565.483848656463,4368.436989461588,6498855364,43.28866,-79.888677
Polites themistocles,429.98959030685836,-4675.719512410374,4306.101383289771,6498856570,42.523305,-84.745731
Polites themistocles,810.1549963111808,-4567.913698696953,4366.642469092952,6498913921,43.266493,-79.942731
Polygonia comma,-471.1204744165149,-4881.404125239257,4066.9020635319152,6159454470,39.668526,-95.512731
Polygonia comma,509.14642561214697,-5260.711581191214,3557.448060967925,6163104429,33.943883,-84.471971
Polygonia comma,-71.710077762559,-4987.18932417361,3963.906335835081,6163118492,38.475414,-90.823791
Polygonia comma,191.80330181818147,-4726.457477863442,4267.735269793316,6163382960,42.056882,-87.676168
Polygonia comma,841.9929697740869,-5000.450978133337,3856.979515607233,6168912304,37.257301,-80.442001
Polygonia comma,-165.61569356689122,-5180.566096135228,3704.599775319326,6170817306,35.554546,-91.831045
Polygonia comma,143.60215643507615,-4869.379017592539,4105.883526523147,6170860113,40.125473,-88.310788
Polygonia comma,316.0944208767829,-5224.372369636372,3632.598352439758,6170873078,34.762522,-86.537608
Polygonia comma,-562.755974030692,-4900.0089777570965,4032.737390566121,6170990284,39.270514,-96.551598
Polygonia comma,-559.1492441782128,-4804.420642241931,4146.642924681603,6171051336,40.60657,-96.638347
Polygonia comma,-325.6827519488921,-4956.575294259888,3989.491850736498,6171055533,38.769928,-93.759342
Polygonia comma,1130.471486576308,-4818.250603850607,4012.013019197302,6171079558,39.030178,-76.795931
Polygonia comma,534.7489942673955,-4853.043133646336,4092.8924962397423,6171117205,39.972851,-83.712037
Polygonia comma,106.22980548189896,-5327.960044955919,3491.6056646560237,6171397777,33.233061,-88.857778
Polygonia comma,850.0215056751928,-5085.097934084613,3742.859277388814,6171480338,35.978596,-80.510216
Polygonia comma,471.7250128173591,-4918.595578067306,4021.7715227716067,6178312639,39.143243,-84.521721
Polygonia comma,907.4530406960308,-4859.441609045156,4018.9686931960027,6178346594,39.11075,-79.422406
Polygonia comma,679.9408021391124,-5134.23530457476,3710.399098819691,6178389296,35.618678,-82.456062
Polygonia comma,172.91273657641358,-4676.854556284583,4322.833072715996,6178405837,42.727807,-87.882624
Polygonia comma,986.1781200166763,-4938.137330807738,3902.8202043344036,6178466003,37.777058,-78.706238
Polygonia comma,-293.4189592840229,-4717.093095016106,4272.316839486683,6178498336,42.1124,-93.559403
Polygonia comma,363.4446407507054,-4707.738142280469,4277.249432346057,6178594831,42.172226,-85.585434
Polygonia comma,-577.4598077155915,-4790.943012684588,4159.706522022825,6178686862,40.761497,-96.872795
Polygonia comma,352.7476283171836,-4948.462322705939,3997.2544178665657,6178742341,38.859523,-85.922608
Polygonia comma,509.53868024648693,-4889.616098350171,4052.3792855265838,6178759265,39.49906,-84.050776
Polygonia comma,28.925222150988247,-4617.0238275332395,4389.98945752621,6178778871,43.555524,-89.641052
Polygonia comma,1.4615118188994256,-5209.5593339893885,3667.457230739669,6178816601,35.145011,-89.983926
Polygonia comma,-31.9125700669116,-4991.7978768483845,3958.6220676191247,6178906431,38.414737,-90.366287
Polygonia comma,310.56153630757444,-4932.891653643975,4019.93589442087,6179040676,39.121961,-86.397567
Polygonia comma,1000.8109682970412,-4919.441038434526,3922.65603957064,6179083947,38.003097,-78.500678
Polygonia comma,702.2392194570417,-5087.460541350461,3770.193423225905,6179147104,36.282954,-82.140934
Polygonia comma,1092.8704602301375,-4816.3509659471665,4024.6926167912,6179318576,39.177123,-77.215585
Polygonia comma,844.1742558135708,-4776.138990044182,4131.055470854729,6179333804,40.42218,-79.976592
Polygonia comma,1217.3299040413983,-4743.243488351206,4075.4757077693243,6179376488,39.768767,-75.605984
Polygonia comma,-558.2466975647126,-4788.709130567511,4164.8983921765575,6179521577,40.82317,-96.649278
Polygonia comma,467.52418116688136,-4672.727154857163,4305.437864603569,6179715303,42.515209,-84.286354
Polygonia comma,-88.22588042766507,-4609.3400603491,4397.266597758334,6184850080,43.645897,-91.096546
Polygonia comma,-298.64914293743664,-4608.824057985124,4388.54219777339,6184895128,43.537567,-93.70755
Polygonia comma,1216.5728120715942,-4857.616139058748,3938.68876254035,6184904742,38.186308,-75.939683
Polygonia comma,1220.1352318870915,-4725.091635178033,4095.672372731473,6184942434,40.005481,-75.521103
Polygonia comma,997.6853708143905,-4927.560332728266,3913.250081181024,6185022209,37.895825,-78.55403
Polygonia comma,156.47094019620508,-4740.448890757543,4253.635420280765,6185224607,41.886328,-88.109489
Polygonia comma,47.72529186236428,-5245.163368312204,3616.038808684147,6185251767,34.581443,-89.478685
Polygonia comma,1257.8724984123692,-4663.536074595511,4154.388184602102,6185298333,40.698381,-74.905109
Polygonia comma,512.61721401599,-4687.150283427461,4284.57686850613,6185313230,42.261203,-83.758567
Polygonia comma,608.2066683963532,-4844.913689543827,4092.2669901982763,6185313626,39.965511,-82.844799
Polygonia comma,679.6548130747179,-4733.243694859838,4210.015034392561,6185372249,41.361542,-81.828653
Polygonia comma,615.5643938664049,-4815.786997669256,4125.412609638102,6185403622,40.355553,-82.715828
Polygonia comma,850.4573767196287,-4774.454453696899,4131.713936084449,6185426578,40.429959,-79.900029
Polygonia comma,635.4927108724163,-4832.714806214036,4102.532113939524,6185529979,40.086067,-82.508697
Polygonia comma,611.6683262885047,-4846.615253676303,4089.735391333411,6185573609,39.935812,-82.807
Polygonia comma,1271.6074202767645,-4563.271526200248,4260.201952553959,6185594125,41.965701,-74.428901
Polygonia comma,1162.2915295636676,-4910.386152619757,3889.336622374326,6185644054,37.6238,-76.683144
Polygonia comma,161.05466390905124,-4641.504071688894,4361.221672582809,6185648286,43.199581,-88.012702
Polygonia comma,1238.5720530975846,-4715.771845140015,4100.876528688448,6185654788,40.066609,-75.283945
Polygonia comma,443.87021339251555,-5194.391165151759,3662.107697314986,6185789683,35.086197,-85.115836
Polygonia comma,493.4183405503112,-4880.0525281516875,4065.879830167923,6185838508,39.656584,-84.226489
Polygonia comma,530.4594088717245,-5270.099915365728,3540.397269697152,6185894766,33.759242,-84.252279
Polygonia comma,611.5997418868167,-4846.545055792412,4089.828835975356,6185898711,39.936908,-82.807695
Polygonia comma,1244.0053202546565,-4727.427344694341,4085.784452646977,6185942008,39.889488,-75.257055
Polygonia comma,1245.6909367018382,-4717.610673726413,4096.60307462646,6185951013,40.016409,-75.208578
Polygonia comma,650.7632640296493,-5038.25452475323,3844.7693880999564,6185953023,37.119464,-82.640172
Polygonia comma,701.1469544478315,-4728.758345439888,4211.530670478202,6185979217,41.379705,-81.566034
Polygonia comma,608.5452262398978,-4841.545088910843,4096.20153182694,6186079670,40.011694,-82.835928
Polygonia comma,1162.628340616987,-4910.181058263742,3889.494883187222,6186167528,37.625597,-76.678886
Polygonia comma,523.0935095208195,-5128.482578222057,3743.6336298905476,6187461597,35.987202,-84.176102
Polygonia comma,1396.0974294390214,-4434.923001657176,4355.700066184917,6187461612,43.1315,-72.52619
Polygonia comma,909.7147624851577,-4864.670087213552,4012.1262596239058,6187963265,39.031489,-79.407778
Polygonia comma,-180.77928597489947,-5149.106225468373,3747.5027762875216,6187992662,36.030217,-92.010764
Polygonia comma,1243.277417902118,-4712.937753304038,4102.710338945898,6188038552,40.088162,-75.221985
Polygonia comma,-451.43698723211816,-5129.048861865333,3752.174775891198,6188043113,36.082189,-95.029968
Polygonia comma,493.8687605935579,-5003.016740337385,3913.5240222708617,6188048943,37.898947,-84.362358
Polygonia comma,587.2516157758399,-5144.466006369123,3712.055788745454,6188049193,35.637008,-83.487755
Polygonia comma,779.3498035839268,-4581.909879873974,4357.576031011323,6188070867,43.154622,-80.346788
Polygonia comma,613.7965293571423,-4738.134893689531,4214.627466268906,6188080304,41.416832,-82.618787
Polygonia comma,825.6417737643712,-4785.671279918225,4123.762746771267,6188101478,40.336085,-80.211477
Polygonia comma,-643.0460803416711,-4558.305797692039,4404.326636724595,6188269287,43.733704,-98.029802
Polygonia comma,-486.8606659727171,-4716.213056896567,4255.590937057318,6188293738,41.909955,-95.893839
Polygonia comma,1478.6375599125083,-4450.905316849119,4311.9399296068195,6188298758,42.59459,-71.62297
Polygonia comma,746.762373162194,-4762.984038872184,4164.862798839287,6188350350,40.822747,-81.089445
Polygonia comma,1094.830455475264,-4931.748829995455,3881.8749182939578,6188383370,37.539124,-77.483523
Polygonia comma,1137.6408040837327,-4921.548609981333,3882.5102459815816,6188438343,37.54633,-76.984397
Polygonia comma,696.7369334172284,-4762.241983601951,4174.369660788171,6188455286,40.935825,-81.676429
Polygonia comma,328.16151297607337,-4922.9791411023625,4030.6748228243046,6188495714,39.246558,-86.186355
Polygonia comma,515.9394460393283,-4685.199843186565,4286.311006810244,6188506225,42.282279,-83.715845
Polygonia comma,289.7712098673213,-4935.019953070627,4018.875942151518,6188506453,39.109675,-86.639603
Polygonia comma,310.7418004834052,-4672.0979861834,4320.265393539011,6188569796,42.69638,-86.194855
Polygonia comma,712.1315854080532,-4608.388091194043,4341.126689660481,6188596456,42.952174,-81.215598
Polygonia comma,654.9317729919802,-5200.956503009284,3620.893391997128,6188647074,34.634487,-82.822792
Polygonia comma,608.738343437024,-4839.668279367984,4098.390135722358,6195526658,40.037397,-82.830928
Polygonia comma,1207.6964843204244,-4753.335210516988,4066.574320960696,6195568703,39.664697,-75.744303
Polygonia comma,517.1655186731798,-4687.274557509704,4283.894277231307,6195806741,42.252909,-83.703797
Polygonia comma,150.701641356928,-4539.0637884174475,4468.1027371410355,6235310084,44.532838,-88.098419
Polygonia comma,1280.617959809403,-4735.592340709311,4064.964446745671,6236418571,39.645892,-74.867783
Polygonia comma,195.52079317761536,-5159.469608922738,3732.478814905087,6320141694,35.86332,-87.829785
Polygonia comma,1.1164411098871587,-5209.49284893685,3667.551791060693,6333967953,35.146051,-89.987721
Polygonia comma,495.72893499852216,-4876.321669196754,4070.072841019538,6470691335,39.705581,-84.195229
Polygonia comma,731.3276459591015,-5060.29995178441,3801.0889757941804,6481032821,36.628403,-81.776405
Polygonia comma,1289.2894613044489,-4654.681599702791,4154.687114577341,6498793604,40.701927,-74.517924
Polygonia comma,-641.1253112617507,-4557.784717727588,4405.1458468234405,6500389579,43.743901,-98.007032
Polygonia interrogationis,-831.9174790201808,-5656.642513276441,2810.704878633068,6130789319,26.178625,-98.366464
Polygonia interrogationis,-245.44872929968935,-5492.835915017826,3218.4253388346438,6147361105,30.342459,-92.558574
Polygonia interrogationis,-843.898084459759,-5477.993567917638,3141.5244106286304,6147587843,29.544333,-98.757706
Polygonia interrogationis,-553.1441760585475,-5512.698755526609,3145.4629358784878,6159469725,29.585055,-95.72988
Polygonia interrogationis,-729.8492522371988,-5534.778183710866,3069.739998078744,6159645209,28.804958,-97.512026
Polygonia interrogationis,-728.7863479977073,-5430.3490957852,3251.143227628468,6162963691,30.683997,-97.643774
Polygonia interrogationis,-192.3070276140143,-5210.209067459079,3661.487759118538,6163056178,35.079384,-92.113808
Polygonia interrogationis,-648.0458315461636,-5323.378006024631,3439.685499412163,6163192911,32.676595,-96.940797
Polygonia interrogationis,310.86761743845545,-5221.567672681844,3637.079253152107,6163278941,34.811589,-86.5929
Polygonia interrogationis,-206.60522476260897,-5521.187347698355,3172.311094831943,6170825088,29.863089,-92.143033
Polygonia interrogationis,-524.4340439139783,-5471.6544989571,3221.136306849493,6170838256,30.370713,-95.474825
Polygonia interrogationis,-536.6151225830632,-5505.733803260307,3160.4893019166184,6170876251,29.74057,-95.566738
Polygonia interrogationis,-829.2351238101658,-5462.269403044231,3172.654284299472,6171146552,29.866648,-98.632244
Polygonia interrogationis,737.4326699853962,-5487.408788064056,3151.871028388221,6171161812,29.651346,-82.346087
Polygonia interrogationis,-535.002811251364,-5481.676874630342,3202.3028844526084,6171179256,30.174597,-95.574321
Polygonia interrogationis,-1.235576495258757,-5254.848362475611,3602.265993845478,6171206145,34.431137,-90.013472
Polygonia interrogationis,-165.84809610762395,-5180.712232323445,3704.385010301863,6171258525,35.552172,-91.833561
Polygonia interrogationis,-1043.4742497165144,-5603.108206692921,2847.120131632388,6171263871,26.544123,-100.549418
Polygonia interrogationis,-593.5721355385286,-5453.620992829935,3239.6671613229505,6178624946,30.564063,-96.211622
Polygonia interrogationis,1042.6269896240321,-5059.51639973485,3728.8035468497224,6178681859,35.822546,-78.355917
Polygonia interrogationis,-510.09510486617967,-5477.433077958765,3213.6090288260275,6179115319,30.292283,-95.32042
Polygonia interrogationis,-845.374119032753,-5158.109112263227,3642.664699712849,6179249472,34.872792,-99.307587
Polygonia interrogationis,1066.2333064760871,-4796.97042464085,4054.8704555089657,6184759422,39.5281,-77.468462
Polygonia interrogationis,1002.152467264262,-5117.746183771788,3659.7974753424382,6184829844,35.060811,-78.920586
Polygonia interrogationis,-504.7889187195108,-5496.576650207048,3181.6012329665205,6184952989,29.959476,-95.247152
Polygonia interrogationis,427.21665468722733,-5219.828420182595,3627.7583055503246,6185033592,34.709555,-85.321058
Polygonia interrogationis,-654.5489664457834,-5287.094027892492,3493.9884831558534,6185269849,33.258684,-97.057381
Polygonia interrogationis,-369.6038952404208,-5132.065286779822,3757.000396929721,6185358736,36.135906,-94.119247
Polygonia interrogationis,-509.00619251667194,-5492.608845110806,3187.775697922873,6185611287,30.023589,-95.294542
Polygonia interrogationis,-147.3287491730739,-5491.992016460241,3225.844239959751,6185710600,30.419799,-91.536654
Polygonia interrogationis,-731.7601449777281,-5439.906503932163,3234.4547374134263,6185801989,30.509638,-97.66127
Polygonia interrogationis,-740.7935474161945,-5451.042255849292,3213.5831053093093,6185918183,30.292013,-97.739053
Polygonia interrogationis,1073.6627025820655,-4828.516375362148,4015.2747282871187,6186081983,39.067949,-77.46374
Polygonia interrogationis,923.2349031135985,-4867.3631121072,4005.7666904412154,6186406323,38.957901,-79.259804
Polygonia interrogationis,731.4285582155469,-5488.978120387704,3150.537190354881,6188454106,29.637544,-82.40982
Polygonia interrogationis,793.3521973531408,-5520.39807865405,3079.8620868189937,6188517395,28.908894,-81.821855
Polygonia interrogationis,443.4201914652693,-4660.5288371796,4321.180697598252,6192905351,42.707581,-84.565025
Polygonia interrogationis,502.9792674782314,-4881.80376525951,4062.604704332254,6195457496,39.618337,-84.11749
Polygonia interrogationis,479.316979015775,-4995.738115970317,3924.6157824615098,6195513882,38.025467,-84.519522
Polygonia interrogationis,443.42651582349475,-4660.525432352224,4321.183720826989,6195973555,42.707618,-84.564944
Polygonia interrogationis,1124.51325648877,-4809.870066324754,4023.7262594181984,6216338314,39.165913,-76.841011
Polygonia interrogationis,-780.7568735936243,-5479.976135445052,3154.367351620046,6234207484,29.677182,-98.108616
Polygonia interrogationis,-831.4258333076301,-5479.220269493783,3142.710526242373,6234210240,29.556595,-98.628333
Polygonia interrogationis,-718.0821043037213,-5453.835936737082,3213.9982570485836,6234224655,30.296337,-97.500733
Polygonia interrogationis,-639.2022579143982,-5319.7929138756435,3446.879306943174,6234385246,32.753488,-96.851555
Polygonia interrogationis,-300.0456314019466,-5053.311599423026,3868.3029390019,6234612328,37.385354,-93.398007
Polygonia interrogationis,-746.0373176142439,-5452.915779765228,3209.188518799067,6234614647,30.246253,-97.790519
Polygonia interrogationis,922.568574559975,-5262.471556710371,3470.592668367484,6234619099,33.007427,-80.056472
Polygonia interrogationis,-380.6612989643864,-5185.891953742568,3681.219193318467,6234634934,35.296509,-94.198167
Polygonia interrogationis,825.7674063703688,-5120.496999985316,3699.7799655378394,6234641238,35.501285,-80.838953
Polygonia interrogationis,-636.1101911261512,-5322.749731396717,3442.884292470351,6234673702,32.710778,-96.814972
Polygonia interrogationis,-542.0665339143598,-5324.531873175475,3456.194053294168,6234691026,32.85315,-95.812997
Polygonia interrogationis,-486.8640325802778,-5467.485140889089,3234.0876267680383,6234781363,30.505806,-95.088605
Polygonia interrogationis,589.953042993727,-4931.245781553001,3990.5542946632886,6234856943,38.782184,-83.177804
Polygonia interrogationis,-715.7557338891925,-5413.195276095965,3282.493528087225,6234866973,31.012396,-97.532199
Polygonia interrogationis,-166.39860945242114,-5184.138797462387,3699.56342844598,6234870695,35.498893,-91.838428
Polygonia interrogationis,-692.7853019343446,-5316.505176511402,3441.594741283267,6234918072,32.696996,-97.424288
Polygonia interrogationis,584.9649741984218,-5319.102369163595,3457.5597023040264,6234925505,32.867771,-83.724152
Polygonia interrogationis,-617.1226903244886,-5391.6985063825405,3337.4391276900287,6234929397,31.590712,-96.529542
Polygonia interrogationis,-62.34121253424588,-4972.824367899913,3982.0703797042584,6234976930,38.684375,-90.718244
Polygonia interrogationis,-651.0293870320357,-5325.5888868771035,3435.697436455839,6235072758,32.633996,-96.969572
Polygonia interrogationis,-610.0944624585056,-5303.638741446964,3476.917309453559,6235154209,33.075279,-96.562073
Polygonia interrogationis,-520.8094134047747,-5495.228517385558,3181.347863138977,6235166227,29.956846,-95.414027
Polygonia interrogationis,-593.7024977752468,-5453.70110225373,3239.508413492596,6235197546,30.562405,-96.212885
Polygonia interrogationis,-731.2391633867702,-5491.818179371598,3145.6279977661816,6235238426,29.586762,-97.584359
Polygonia interrogationis,-825.755304452862,-5469.776625507118,3160.605159443576,6235298338,29.74177,-98.584939
Polygonia interrogationis,-597.0420385735905,-5452.77254669473,3240.457604701162,6235343592,30.572319,-96.248612
Polygonia interrogationis,503.03969946232075,-4881.78606218226,4062.6184947057636,6235370977,39.618498,-84.116767
Polygonia interrogationis,-750.883884244398,-5443.324405311333,3224.305497405836,6235375910,30.403753,-97.854145
Polygonia interrogationis,-528.0614910057918,-5482.62377678341,3201.8339609735217,6235403355,30.169719,-95.5015
Polygonia interrogationis,20.516253451749257,-4629.122791091892,4377.277052919469,6235532540,43.397976,-89.746067
Polygonia interrogationis,-602.5058496497282,-5449.196489176326,3245.4579727926975,6235624917,30.624563,-96.309442
Polygonia interrogationis,-701.7483230301743,-5466.442957604301,3196.1388912342536,6235630696,30.110495,-97.31527
Polygonia interrogationis,961.054190379751,-4736.522555232819,4151.082034434121,6235634704,40.659175,-78.53023
Polygonia interrogationis,901.9346952818205,-5518.033180916954,3054.10817578943,6235699927,28.64465,-80.716968
Polygonia interrogationis,-700.0091939489397,-5454.066129294087,3217.5927205523403,6235802422,30.333783,-97.313717
Polygonia interrogationis,814.7961812618898,-5418.105374254315,3251.152790342988,6235827581,30.684097,-81.44772
Polygonia interrogationis,-838.9208793064316,-5475.229529811106,3147.6700087248046,6235835394,29.607882,-98.711176
Polygonia interrogationis,609.1243877940192,-5250.224415861936,3557.2270370274637,6235953312,33.941487,-83.382203
Polygonia interrogationis,-668.4541278804077,-5315.718480228082,3447.6164588826778,6236045432,32.761371,-97.16735
Polygonia interrogationis,-607.9746281175396,-5334.645544748169,3429.5301271662975,6236120515,32.568159,-96.501787
Polygonia interrogationis,-104.24397481283225,-5486.498984448841,3236.85267150584,6236149207,30.534672,-91.088494
Polygonia interrogationis,773.7098276984841,-4770.161284895145,4151.708991281507,6236204892,40.666608,-80.786982
Polygonia interrogationis,494.0789972690419,-5002.732339659413,3913.8610363502817,6236232986,37.902788,-84.359655
Polygonia interrogationis,1108.9552563026207,-4826.441962294254,4008.170324948955,6236327801,38.985705,-77.059936
Polygonia interrogationis,994.206285337948,-5069.706961399999,3728.187001399521,6236502883,35.815708,-78.904687
Polygonia interrogationis,-46.39256958072362,-4956.913293280677,4002.075894090772,6251635535,38.915229,-90.536225
Polygonia interrogationis,558.569047546138,-4992.187160525859,3918.650418585663,6251863780,37.957395,-83.615806
Polygonia interrogationis,-655.9751760224545,-5334.546990607803,3420.827108042289,6251901996,32.475335,-97.010318
Polygonia interrogationis,-815.0817484399726,-5463.91892995325,3173.481495130545,6251910250,29.875227,-98.484548
Polygonia interrogationis,-660.1878819442475,-5301.183769075133,3471.506263382768,6251985253,33.017225,-97.098835
Polygonia interrogationis,1170.2390020876812,-4947.233040960581,3839.945187902841,6252083258,37.065074,-76.691635
Polygonia interrogationis,-130.6056498874933,-5468.677335830078,3265.92459963076,6252123253,30.838694,-91.368106
Polygonia interrogationis,1285.045334326595,-4684.026966544678,4122.89982840781,6252417056,40.325905,-74.658577
Polygonia interrogationis,-593.627457828121,-5453.554112079582,3239.7696087237177,6252434879,30.565133,-96.212272
Polygonia interrogationis,-593.6603630820939,-5453.551155858859,3239.768555531888,6252476227,30.565122,-96.212617
Polygonia interrogationis,-29.478541865253284,-5548.154015627022,3131.592432633705,6253295980,29.441715,-90.304422
Polygonia interrogationis,585.2040208105581,-5300.398740196624,3486.1242919073647,6400402684,33.174147,-83.699631
Polygonia interrogationis,929.7369234474171,-4925.976912170414,3931.932583809137,6413987573,38.109047,-79.311636
Polygonia interrogationis,278.22707447043433,-5323.929678966889,3488.2826144285646,6417241306,33.19734,-87.00846
Satyrodes eurydice,1030.6270798627884,-4343.332383533561,4545.659991473142,43762450,45.5197,-76.6512
Satyrodes eurydice,980.7674343873092,-4376.1832575494245,4525.13739743523,43762464,45.2569,-77.3679
Satyrodes eurydice,-540.964613016467,-4548.435368726216,4428.187678233816,1457647110,44.031427,-96.782568
Satyrodes eurydice,-732.7119413931989,-3689.1999920231574,5142.245595017179,1457670581,53.816667,-101.233333
Satyrodes eurydice,-733.4116632510074,-3689.5987993324215,5141.859698771407,1457670629,53.810789,-101.242603
Satyrodes eurydice,194.83369206600347,-4738.435171167042,4254.294899364702,1848143371,41.894295,-87.645454
Satyrodes eurydice,168.45357695968505,-4772.425874864054,4217.265439952172,1848144406,41.448475,-87.978455
Satyrodes eurydice,58.125328591641875,-4752.972244996267,4242.125577366692,1848144441,41.74744,-89.29935
Satyrodes eurydice,101.88380370523379,-4741.321111836063,4254.320972220788,1848144464,41.89461,-88.76899
Satyrodes eurydice,210.770567493382,-4686.471078655856,4310.721253627769,1848144496,42.579704,-87.4249
Satyrodes eurydice,153.22407372243237,-4868.105009535716,4107.046277928045,1848144957,40.13915,-88.197205
Satyrodes eurydice,68.9414441818765,-4708.892082933235,4290.8432222862975,1848145384,42.337395,-89.16121
Satyrodes eurydice,361.5387050361587,-4642.940754061722,4347.659605892691,1848229520,43.032497,-85.54745
Satyrodes eurydice,539.7779193072564,-4653.930599480975,4317.328213457996,1848230902,42.66045,-83.38421
Satyrodes eurydice,505.64690596117566,-4688.574897170267,4283.846375606173,1848231268,42.252327,-83.844635
Satyrodes eurydice,421.31512974627077,-4671.502189455362,4311.532672384389,1848231873,42.589615,-84.84653
Satyrodes eurydice,773.6956195948497,-4564.6725336795025,4376.6325957486,3349000926,43.39,-80.38
Satyrodes eurydice,1021.6795797888668,-4425.380451104252,4467.8777768538175,3350886090,44.53,-77.0
Satyrodes eurydice,372.05697949254943,-4724.896537454139,4257.543827612605,3704447344,41.933559,-85.497595
Satyrodes eurydice,1349.6958858673456,-4458.032698805752,4346.725043262904,3742775492,43.021,-73.156
Satyrodes eurydice,1302.1005227620608,-4334.903812126077,4483.625352091208,3742775514,44.729,-73.281
Satyrodes eurydice,1344.640454198488,-4404.451835940005,4402.5559852766255,3742775515,43.71167,-73.02303
Satyrodes eurydice,1337.1725917216147,-4414.173673734246,4395.087412980251,3742775521,43.61882,-73.14702
Satyrodes eurydice,1358.4882797204907,-4452.0287228747775,4350.138270703296,3742775522,43.063,-73.031
Satyrodes eurydice,1345.5416712506553,-4437.825645554751,4368.635288080476,3742775530,43.29111,-73.13278
Satyrodes eurydice,1390.4609368715614,-4380.982716380917,4411.730040639769,3742775532,43.82592,-72.39131
Satyrodes eurydice,1394.9091786055105,-4452.821870390416,4337.782717436679,3742775844,42.9111,-72.6061
Satyrodes eurydice,1348.7307570887249,-4465.831454033432,4339.012318342268,3742775845,42.9262,-73.1951
Satyrodes eurydice,1375.4517419443207,-4435.938121944073,4361.23131850892,3742775850,43.1997,-72.7729
Satyrodes eurydice,1382.661136228615,-4328.597062319064,4465.562538373324,3742775852,44.5008,-72.28523
Satyrodes eurydice,1344.4240322097812,-4304.802305788122,4500.106027570405,3742775853,44.938,-72.656
Satyrodes eurydice,1407.3480313829086,-4361.472698751379,4425.684189623842,3742775858,44.00012,-72.11629
Satyrodes eurydice,1380.1512001081755,-4466.909236499585,4328.008510549869,3742775861,42.7912,-72.8303
Satyrodes eurydice,1319.4836024933325,-4415.171444799864,4399.429197686051,3742775904,43.67278,-73.36111
Satyrodes eurydice,1414.715454274171,-4282.216605187057,4500.106027570405,3742779097,44.938,-71.718
Satyrodes eurydice,1388.642859492009,-4330.688296120537,4461.677153302768,3742779098,44.45183,-72.22146
Satyrodes eurydice,1352.6497841536786,-4443.959339192303,4360.196908708591,3742779111,43.18694,-73.07083
Satyrodes eurydice,1349.6338655425004,-4423.945988937413,4381.431666204874,3742779115,43.44942,-73.03438
Satyrodes eurydice,1387.1434823147827,-4440.009034925962,4353.378671666971,3742779116,43.1029,-72.6502
Satyrodes eurydice,1421.2094643368648,-4319.119174691707,4462.636703000501,3742779142,44.46392,-71.78617
Satyrodes eurydice,1317.211062642641,-4350.735636062174,4463.83328219457,3742779152,44.479,-73.156
Satyrodes eurydice,1412.284890728742,-4291.61605010382,4491.907856978816,3742779154,44.83394,-71.78466
Satyrodes eurydice,1336.7974916527357,-4303.003609466116,4504.096527929875,3742779191,44.98872,-72.74175
Satyrodes eurydice,1319.785991209454,-4395.438268366712,4419.054253577587,3742779199,43.91729,-73.28695
Satyrodes eurydice,1344.5885595953405,-4304.307386100087,4500.530264429626,3742779221,44.94339,-72.65213
Satyrodes eurydice,1372.921809760095,-4390.48165753178,4407.778312124997,3742779242,43.77668,-72.63532
Satyrodes eurydice,1352.9707390436029,-4398.539303350246,4405.913674353184,3742779244,43.75346,-72.90234
Satyrodes eurydice,1353.0333300052362,-4474.152138743888,4329.089578300023,3742779245,42.80445,-73.1741
Satyrodes eurydice,1332.1270370240634,-4305.44737429974,4503.144855991466,3742779250,44.97662,-72.80767
Satyrodes eurydice,1337.7755995083642,-4378.202932526581,4430.739064383403,3742779255,44.06335,-73.00928
Satyrodes eurydice,1343.955509471667,-4455.802079706332,4350.788956582807,3742779270,43.07101,-73.21568
Satyrodes eurydice,1308.9645280969326,-4386.667167542542,4430.972371282143,3742779271,44.06627,-73.3851
Satyrodes eurydice,1312.011117254361,-4380.732196330018,4435.940191426837,3742779277,44.12848,-73.32726
Satyrodes eurydice,1380.3361596014852,-4299.927021738351,4493.890611029425,3742779297,44.85909,-72.20265
Satyrodes eurydice,1356.5911477772045,-4428.453434781829,4374.724421425764,3742779316,43.36639,-72.96833
Satyrodes eurydice,1293.1363792004674,-4326.4320557717165,4494.389513744515,3742779317,44.86542,-73.35901
Satyrodes eurydice,1302.7123812224702,-4316.294413128159,4501.366028294717,3742779320,44.95401,-73.20552
Satyrodes eurydice,1297.6094263743053,-4316.708878645791,4502.442377563824,3742779325,44.96769,-73.26914
Satyrodes eurydice,1351.852404979438,-4474.615647449509,4328.9794423661515,3742779348,42.8031,-73.1896
Satyrodes eurydice,1361.9631169937418,-4452.390300456888,4348.681433494934,3742779353,43.04507,-72.9914
Satyrodes eurydice,1334.3824837973132,-4303.367108601476,4504.465345101383,3742779355,44.99341,-72.77245
Satyrodes eurydice,1362.1735931164187,-4475.865536747545,4324.449552122137,3742779358,42.7476,-73.07303
Satyrodes eurydice,1365.9468751773197,-4364.2025143682895,4435.9529615914835,3742779375,44.12864,-72.62046
Satyrodes eurydice,1380.231449873521,-4298.938240498266,4494.868660910923,3742779377,44.8715,-72.20008
Satyrodes eurydice,1343.5627280632661,-4411.111715940031,4396.2126603399465,3742779380,43.6328,-73.06
Satyrodes eurydice,1406.7923154422992,-4363.638319338412,4423.725706787365,3742779382,43.97564,-72.13121
Satyrodes eurydice,1397.7796099141108,-4397.256407532826,4393.188065425527,3742779391,43.59523,-72.36582
Satyrodes eurydice,1385.9000764841485,-4439.32262026394,4354.474570013192,3742780184,43.1164,-72.6623
Satyrodes eurydice,1340.0929769874845,-4414.263471813698,4394.107639113718,3742780208,43.60665,-73.11263
Satyrodes eurydice,1376.0340180298701,-4440.034904880054,4356.876582409557,3742790099,43.146,-72.781
Satyrodes eurydice,1384.8652398343215,-4295.87317327724,4496.37354723704,3742790110,44.8906,-72.13218
Satyrodes eurydice,1415.6182238643948,-4296.930706799258,4485.773587120295,3742790111,44.7562,-71.7656
Satyrodes eurydice,1415.7687551637725,-4295.949529812418,4486.665755199949,3742790118,44.7675,-71.7599
Satyrodes eurydice,1322.4714303235735,-4417.1339908060545,4396.56112807739,3742790119,43.63713,-73.33252
Satyrodes eurydice,1343.561163117223,-4411.106577994715,4396.218293967247,3742790120,43.63287,-73.06
Satyrodes eurydice,1388.88231601343,-4332.051364543463,4460.27914114125,3742790127,44.43422,-72.22383
Satyrodes eurydice,1352.1424392530607,-4308.711442760765,4494.048248146727,3742790138,44.86109,-72.57731
Satyrodes eurydice,1383.6805445190435,-4314.94061672245,4478.4449035972075,3742790143,44.66346,-72.22041
Satyrodes eurydice,1349.538442265755,-4467.629600761561,4336.909599348763,3742790148,42.90038,-73.19199
Satyrodes eurydice,1330.1472748372112,-4414.565089806146,4396.825721447853,3742790163,43.640418,-73.231984
Satyrodes eurydice,1339.9125800282054,-4402.220436800894,4406.227710113509,3742790165,43.75737,-73.07122
Satyrodes eurydice,1351.0904543658914,-4469.33220318039,4334.671541352762,3742790166,42.87291,-73.1798
Satyrodes eurydice,1361.104635100901,-4311.505934055245,4488.659475009292,3742790169,44.79276,-72.47955
Satyrodes eurydice,1429.3525118698938,-4303.994072032794,4474.632896048036,3742790179,44.61528,-71.62872
Satyrodes eurydice,1367.3888954501826,-4405.21046783042,4394.783438622914,3742790181,43.615044,-72.75552
Satyrodes eurydice,1387.9470242818923,-4440.830074071704,4352.284967770927,3742790182,43.08943,-72.64377
Satyrodes eurydice,1303.7911577051368,-4317.190938042693,4500.193790410518,3742790183,44.939115,-73.19569
Satyrodes eurydice,1363.8571501441843,-4401.029166134108,4400.066940685667,3742790186,43.68071,-72.78205
Satyrodes eurydice,1343.5916798950068,-4412.224301014383,4395.087171482777,3742790189,43.618817,-73.063683
Satyrodes eurydice,1392.0070133260663,-4296.912412342888,4493.174081335164,3742790192,44.85,-72.05
Satyrodes eurydice,1318.115221921197,-4332.3108033954795,4481.451605696517,3742790193,44.70149,-73.0775
Satyrodes eurydice,1311.811751242262,-4336.583061859298,4479.168494997167,3742790194,44.67261,-73.16949
Satyrodes eurydice,1307.3027420420242,-4314.568094578682,4501.6902189700395,3742790195,44.95813,-73.14333
Satyrodes eurydice,1385.1051436170767,-4317.012049702119,4476.007577465622,3742790202,44.63265,-72.21126
Satyrodes eurydice,1427.366880810949,-4317.216915753423,4462.51218705047,3742790212,44.462351,-71.704978
Satyrodes eurydice,1353.9482403645006,-4414.845456616654,4389.272933673935,3742790214,43.546633,-72.95023
Satyrodes eurydice,1431.7800867595533,-4309.606886686887,4468.450222958426,3742790215,44.537222,-71.621972
Satyrodes eurydice,1394.4560634323655,-4380.756617729443,4410.693468498331,3742790219,43.813,-72.343
Satyrodes eurydice,1308.1778086830866,-4349.781652666423,4467.417993055174,3742790223,44.5242,-73.26157
Satyrodes eurydice,1372.4488904808686,-4341.6223694580085,4456.057941018844,3742790233,44.38108,-72.45751
Speyeria aphrodite,-1287.6381367542353,-4716.721716754372,4084.6392013433942,5199591364,39.876066,-105.269358
Speyeria aphrodite,916.4315312511316,-4867.373461266917,4007.316055262008,5206732784,38.975822,-79.33715
Speyeria aphrodite,1345.808505321772,-4467.246091527177,4338.463432416617,5208631306,42.919459,-73.234477
Speyeria aphrodite,1119.9719196576536,-4717.37137473886,4133.016252284787,5214961310,40.445347,-76.644424
Speyeria aphrodite,-1278.925495506476,-4810.545220699388,3976.5257934819474,5216110887,38.620525,-104.888191
Speyeria aphrodite,618.7587948571379,-4381.556419235193,4583.541646862527,5216621481,46.008046,-81.961903
Speyeria aphrodite,327.6356556661196,-4680.660583203532,4309.736014149641,5220785308,42.567672,-85.995956
Speyeria aphrodite,-365.22168722677424,-4099.586023641594,4863.101961055225,5223156315,49.7575331,-95.0908955
Speyeria aphrodite,-346.97316751915946,-4108.286269310097,4857.092410084174,5230122629,49.673947,-94.827568
Speyeria aphrodite,-192.92082292601705,-4364.723126774105,4636.995440192092,5230365093,46.704574,-92.530827
Speyeria aphrodite,-1284.9499558489047,-4697.013342684294,4108.128819704544,5230399151,40.151886,-105.299915
Speyeria aphrodite,1198.6630134500779,-4641.299930891428,4196.581354075177,5230421267,41.200777,-75.519195
Speyeria aphrodite,1661.1608189165995,-4246.2543323902955,4449.6766183657,5230800378,44.300838,-68.634257
Speyeria aphrodite,736.2162523568355,-4394.274463055281,4553.9093867558795,5231005245,45.625683,-80.489005
Speyeria aphrodite,170.56689455306542,-4532.63257724515,4473.913497583066,5231155354,44.606192,-87.844927
Speyeria aphrodite,476.89975924892696,-4388.202060369808,4594.126949342161,5231226395,46.145276,-83.797568
Speyeria aphrodite,-1285.003124135127,-4697.0885186528485,4108.026235137744,5231503057,40.150679,-105.300285
Speyeria aphrodite,1253.2027125644693,-4570.543671671921,4257.85939601559,5231576933,41.937374,-74.666842
Speyeria aphrodite,948.0235150756591,-4430.325763512701,4479.19838516856,5231909027,44.672988,-77.921714
Speyeria aphrodite,1305.872112729174,-3998.6648339738636,4784.885651759553,5233434307,48.68059,-71.914151
Speyeria aphrodite,335.48157942683366,-4556.567563129678,4440.146087931925,5237462795,44.1812,-85.789142
Speyeria aphrodite,1646.5404688509989,-4244.732395638268,4456.5574722573,5237530068,44.387366,-68.798624
Speyeria aphrodite,1446.024277245394,-4447.331437921457,4326.662686247893,5237754018,42.774709,-71.988363
Speyeria aphrodite,936.9803397468737,-4398.664167388247,4512.601745682853,5243709303,45.096973,-77.974885
Speyeria aphrodite,951.1630391450258,-4430.950484253142,4477.914671891223,5281888460,44.656756,-77.884553
Speyeria aphrodite,917.2283049210317,-4812.439840042886,4072.9434261105466,5281940156,39.739145,-79.209118
Speyeria aphrodite,1492.7468968827602,-4341.094561745815,4417.732205272887,5281949475,43.900787,-71.023742
Speyeria aphrodite,442.279665009847,-4404.314920692557,4582.155814347775,5282001610,45.990105,-84.265603
Speyeria aphrodite,1492.8446895690977,-4341.047805833947,4417.745104684861,5282225966,43.900948,-71.022398
Speyeria aphrodite,744.6568412918479,-5086.278480372289,3763.643253351258,5291868659,36.209912,-81.670783
Speyeria aphrodite,895.4947172006252,-4413.280163835554,4506.750551854278,5828066407,45.022478,-78.529889
Speyeria aphrodite,238.06085937481484,-4398.375967865057,4602.973930212758,5843989540,46.260233,-86.901905
Speyeria aphrodite,-206.1924026576777,-4328.091195605868,4670.6385457753695,5890204844,47.147599,-92.727537
Speyeria aphrodite,1429.7510031355048,-4367.990716339405,4412.054204186893,5908956555,43.829961,-71.875453
Speyeria aphrodite,-2072.914875798128,-3398.1897644946275,4974.443021269438,6129819389,51.333296,-121.383426
Speyeria aphrodite,-1363.7978072732333,-3859.0487177042983,4882.371520576754,6170845246,50.026529,-109.46354
Speyeria aphrodite,-1702.2338414322007,-3732.8543215636987,4874.21293059132,6171339202,49.912455,-114.51365
Speyeria aphrodite,790.9734084409062,-5064.6077013597705,3783.3666261868025,6352402430,36.430058,-81.123444
Speyeria aphrodite,759.3560404512941,-5064.508754210109,3789.971320740665,6413272111,36.503917,-81.472778
Speyeria aphrodite,-220.05284947753532,-4504.607243835116,4499.982605733322,6413658966,44.936432,-92.796711
Speyeria aphrodite,1376.6661514933317,-4381.496273022906,4415.544569642158,6414969305,43.873489,-72.557281
Speyeria aphrodite,737.3350721364305,-5092.0464945405,3757.2799494465157,6422281315,36.139019,-81.760762
Speyeria aphrodite,-1288.7159780243228,-4724.645050762973,4075.1310901568786,6422386971,39.764735,-105.25711
Speyeria aphrodite,1119.6470928638398,-4717.862521042995,4132.543617393147,6430872123,40.439762,-76.649499
Speyeria aphrodite,1099.1583439637686,-4363.588001237897,4510.066941856287,6431264772,45.064689,-75.861708
Speyeria aphrodite,754.9644602633966,-5056.267758362316,3801.8335246512765,6431347957,36.636747,-81.507757
Speyeria aphrodite,-249.43911262700442,-4539.378883847415,4463.358892991857,6431501953,44.473021,-93.145243
Speyeria aphrodite,1272.342279655282,-4543.480788663607,4281.084042170132,6431528464,42.218774,-74.355793
Speyeria aphrodite,1380.9229659017508,-4397.814461389929,4397.957805062727,6431562943,43.654488,-72.567602
Speyeria aphrodite,1269.546589627327,-4593.035462480522,4228.714914349203,6434458331,41.585993,-74.548835
Speyeria aphrodite,-360.6457647566838,-4101.446288909086,4861.874751701692,6440890306,49.7404523,-95.0251712
Speyeria aphrodite,1436.6918351163984,-4439.582364832738,4337.715772898619,6441488618,42.910278,-72.067917
Speyeria aphrodite,872.9803311397447,-4913.8058012577885,3960.0720976575512,6441666905,38.431382,-79.926016
Speyeria aphrodite,1260.1435291030166,-4577.845638124893,4247.9548878534615,6441936038,41.817744,-74.609368
Speyeria aphrodite,-195.65944294506943,-4431.857195348097,4572.757626652124,6451533492,45.868589,-92.527876
Speyeria aphrodite,895.4840541092964,-4466.827299098357,4453.685588200305,6451550071,44.351236,-78.66394
Speyeria aphrodite,1360.4751286848727,-4381.620926809666,4420.436472527449,6451558108,43.934549,-72.750648
Speyeria aphrodite,1434.1862197962291,-4398.924095792659,4379.763671258847,6451608372,43.428761,-71.942419
Speyeria aphrodite,619.819539581413,-5151.980741180447,3696.3050889416977,6451779000,35.462908,-83.139885
Speyeria aphrodite,-207.22980676824432,-4434.335529966209,4569.844345767538,6452183442,45.830975,-92.675657
Speyeria aphrodite,1138.6004781959437,-4651.607604197702,4201.891095364029,6452293768,41.264273,-76.245824
Speyeria aphrodite,-14.95754944361403,-4578.488119080579,4430.234299089616,6452686621,44.057033,-90.18718
Speyeria aphrodite,639.2467362887652,-4170.874592438854,4773.355410397347,6469705834,48.523783,-81.2864
Speyeria aphrodite,950.2868573668966,-4417.9697387162405,4490.907637235567,6469996947,44.821257,-77.860872
Speyeria aphrodite,1392.6851359580396,-4381.438755264184,4410.57543588453,6470388716,43.811529,-72.366609
Speyeria aphrodite,1377.411542048226,-4340.142767347594,4455.968057846705,6479138942,44.379949,-72.392358
Speyeria aphrodite,-345.1688536528739,-4092.185125960457,4870.7938251391215,6479140325,49.864729,-94.821389
Speyeria aphrodite,960.66889228484,-4360.60633943268,4544.44504440016,6479158147,45.504108,-77.575845
Speyeria aphrodite,1591.0140893926168,-4302.003794606858,4421.672833693128,6479208024,43.949991,-69.704047
Speyeria aphrodite,678.0310795266228,-4462.350406314759,4496.382527781184,6479319329,44.890714,-81.360287
Speyeria aphrodite,-419.7797135313954,-4061.439368213316,4890.628628316809,6479654846,50.142257,-95.900988
Speyeria aphrodite,-419.28590719908067,-4061.5672627344134,4890.564775972788,6479677847,50.141361,-95.893911
Speyeria aphrodite,860.4445933478107,-4447.045589634984,4480.309560193804,6479695825,44.687042,-79.049339
Speyeria aphrodite,520.717012204316,-4306.761875768727,4665.877095284817,6479733127,47.084675,-83.106011
Speyeria aphrodite,-366.360129836977,-4099.111281422771,4863.416503596606,6479838386,49.761912,-95.107269
Speyeria aphrodite,1393.1568084003552,-4394.9152466651985,4396.997522345783,6479995490,43.642553,-72.411756
Speyeria aphrodite,-154.07165571442593,-4131.051201192364,4847.724314326258,6480146529,49.543933,-92.135913
Speyeria aphrodite,1383.7686678446207,-4444.821866460802,4349.539743352263,6480347915,43.055633,-72.707511
Speyeria aphrodite,1386.1978905609917,-4398.754500980001,4395.357480113522,6480349619,43.622175,-72.508579
Speyeria aphrodite,-921.0407663988342,-4103.515154026072,4785.666141404691,6480783315,48.691222,-102.650476
Speyeria aphrodite,-34.16823731673575,-4176.128500648039,4811.2925921535125,6480870610,49.041569,-90.468772
Speyeria aphrodite,1267.0189432974987,-4556.888468914592,4268.393563025316,6481241760,42.064856,-74.461689
Speyeria aphrodite,-168.42917827856772,-4307.04966504474,4691.557089540724,6481469576,47.424932,-92.239437
Speyeria aphrodite,1384.623550172198,-4427.274247414911,4367.128746918587,6482105310,43.272499,-72.633003
Speyeria aphrodite,934.8743430281035,-4313.016367430148,4594.959510888519,6497053384,46.156084,-77.769961
Speyeria aphrodite,888.6712352774271,-4370.204315380469,4549.871515449404,6497055480,45.573782,-78.505752
Speyeria aphrodite,-681.4312780650445,-4048.546158727745,4871.82497054265,6497056673,49.8791174,-99.5541908
Speyeria aphrodite,1342.8473185829557,-4440.001001670473,4367.253749648307,6497057580,43.274043,-73.172425
Speyeria aphrodite,228.39883777207277,-4489.890493277764,4514.2519268374635,6497060302,45.118,-87.087898
Speyeria aphrodite,1360.3634989626314,-4473.951365705522,4326.999359564232,6497075303,42.778834,-73.087419
Speyeria aphrodite,1582.2863675335534,-3895.433788950539,4786.618699739656,6497076348,48.704201,-67.893501
Speyeria aphrodite,860.3238357504581,-4447.135616131336,4480.243390604267,6498266779,44.686205,-79.051055
Speyeria aphrodite,-59.74328018233126,-4559.472934563802,4449.42585387493,6498716816,44.297687,-90.75071
Speyeria aphrodite,-239.18692080054515,-4014.7392019921745,4941.094199322923,6498755677,50.855755,-93.409492
Speyeria aphrodite,-1765.7687694083443,-4980.811004238458,3558.5580679141176,6498814976,33.955917,-109.520145
Speyeria aphrodite,-1266.907697373049,-4298.166696590937,4528.847653027302,6498885626,45.304321,-106.423164
Speyeria aphrodite,949.2508999864135,-4428.257667056918,4480.983139078302,6498931927,44.695563,-77.901055
Speyeria aphrodite,441.4809087184493,-4518.556842354979,4469.618753240769,6499579833,44.551967,-84.419687
Speyeria aphrodite,-1325.8900235631102,-4334.516306785026,4477.0232477962345,6500206105,44.645487,-107.008406
Speyeria aphrodite,950.464634035856,-4417.980081440959,4490.859840733783,6500337507,44.820651,-77.858696
Speyeria cybele,330.78548012699724,-5146.428401965806,3740.936887900445,6251446753,35.957235,-86.322386
Speyeria cybele,950.6232621009002,-4966.834621381292,3875.128692969852,6253370358,37.46265,-79.164955
Speyeria cybele,460.53312986369355,-5086.229211867394,3808.928296820797,6273183985,36.716302,-84.826256
Speyeria cybele,555.7227641897956,-5151.331070611174,3707.386348897915,6273675950,35.585355,-83.842775
Speyeria cybele,-383.3751502060118,-5141.663906016176,3742.4682899728655,6273679545,35.974251,-94.264224
Speyeria cybele,547.4204523470069,-5218.630485838392,3613.3059419744386,6273726971,34.551597,-84.011725
Speyeria cybele,758.0993007986422,-5104.040710856322,3736.8177640510294,6273966477,35.911484,-81.551666
Speyeria cybele,-251.7677976999484,-5086.363878304254,3828.220030667054,6274018944,36.933042,-92.833747
Speyeria cybele,-451.4843967407502,-4936.53280526861,4002.0693187005027,6274119827,38.915153,-95.225608
Speyeria cybele,557.6797746300563,-5150.717452623066,3707.9449998469727,6274159945,35.591533,-83.820529
Speyeria cybele,535.6137550768655,-5194.889759423346,3649.1083051189844,6274251947,34.943455,-84.113378
Speyeria cybele,608.3467443017181,-5164.064642967632,3681.318205701121,6320205574,35.2976,-83.281302
Speyeria cybele,1465.6162926983045,-4513.7400130520955,4250.632083211529,6320221493,41.850058,-72.01133
Speyeria cybele,519.1318642932864,-5125.753617144738,3747.920102334152,6320316660,36.034858,-84.216853
Speyeria cybele,519.1342960765662,-5128.263202869312,3744.4851761505356,6320370627,35.996667,-84.219637
Speyeria cybele,150.71727342875917,-5111.04988537921,3800.5534468459737,6320431048,36.622402,-88.310922
Speyeria cybele,399.9271532480006,-5116.299648703597,3775.3528717787217,6320448858,36.340536,-85.530434
Speyeria cybele,721.1977584227726,-5176.5913052951155,3643.1482787372815,6320543078,34.878093,-82.068659
Speyeria cybele,327.0422613629899,-5154.49741421166,3730.141136183098,6320692868,35.837383,-86.369567
Speyeria cybele,332.9330720244078,-5153.139881222809,3731.495419236209,6320761866,35.852408,-86.303383
Speyeria cybele,559.4135574542803,-5149.638312154694,3709.1825050005737,6320784672,35.60522,-83.800178
Speyeria cybele,991.2503580737404,-4942.425884446123,3896.1009014209417,6320849306,37.700645,-78.659248
Speyeria cybele,-185.69349317732713,-4960.777581939322,3993.2388907749178,6320993404,38.813162,-92.143714
Speyeria cybele,-400.7950671903781,-5069.566672984795,3837.7871478177585,6321176851,37.040756,-94.520347
Speyeria cybele,556.3311526658056,-5149.990522438567,3709.1571006151667,6321233860,35.604939,-83.834494
Speyeria cybele,986.1259055374601,-4938.057178305732,3902.9348100997777,6330848306,37.778362,-78.706642
Speyeria cybele,477.43768831680177,-5139.273574502155,3734.9261719444994,6333865485,35.890483,-84.692465
Speyeria cybele,-542.8156846452761,-5111.893965762938,3763.4617501679195,6334035361,36.207889,-96.061342
Speyeria cybele,46.26404997282373,-5031.386331619248,3908.0384273126774,6334102074,37.836455,-89.473175
Speyeria cybele,857.9675285037736,-5074.60422392204,3755.2678759661285,6334202997,36.116616,-80.403705
Speyeria cybele,-200.49665875641577,-4952.081524879398,4003.3039842676303,6334245496,38.929425,-92.318488
Speyeria cybele,999.0825245044559,-5008.371547250202,3808.910826417686,6334250032,36.716106,-78.71858
Speyeria cybele,1098.925950947172,-4853.142906809742,3978.582512666361,6334290850,38.644203,-77.241332
Speyeria cybele,1412.5913469005675,-4486.169774198545,4297.513184785644,6334362922,42.418596,-72.521988
Speyeria cybele,411.1933335855713,-5129.612585201785,3756.0282078056443,6334406708,36.125081,-85.41693
Speyeria cybele,369.2873404102687,-5192.936141452406,3672.437095538538,6334409926,35.199799,-85.93235
Speyeria cybele,-262.46600247998043,-5180.579047046922,3698.981679397456,6334476828,35.492467,-92.900322
Speyeria cybele,-379.236608854109,-5005.463938542538,3923.1700809590825,6334488635,38.008964,-94.33271
Speyeria cybele,480.84696335144446,-5140.532199041595,3732.7560914329392,6334604735,35.866397,-84.656085
Speyeria cybele,804.4746530712807,-5034.21905971744,3820.8915348411724,6334610568,36.850635,-80.920825
Speyeria cybele,-385.5154026681084,-5133.884999669968,3752.912977161444,6334632614,36.090404,-94.294414
Speyeria cybele,393.6171151013277,-4991.504599553483,3939.5051121953325,6334650699,38.195649,-85.491134
Speyeria cybele,568.4727363785235,-5224.757447882906,3601.1805687113015,6334656785,34.419303,-83.790436
Speyeria cybele,969.7608192977744,-4933.653957070219,3912.5919433181007,6334701307,37.888325,-78.879689
Speyeria cybele,529.4735588452637,-5134.279645164001,3734.7802352234585,6334804766,35.888863,-84.112175
Speyeria cybele,477.2613509521051,-4994.947344174795,3925.8726114694505,6334914950,38.039817,-84.542025
Speyeria cybele,1039.1408410199022,-4861.164344691969,3984.84888748587,6339870306,38.716393,-77.933838
Speyeria cybele,507.0042802409065,-5228.891588289201,3604.3574389082546,6352273768,34.453944,-84.461794
Speyeria cybele,1091.6315591926736,-4917.186632433567,3901.201006160621,6352362373,37.758637,-77.483147
Speyeria cybele,1130.997318855498,-4817.189219665142,4013.1391972321426,6352366425,39.043217,-76.787196
Speyeria cybele,1007.7824547997031,-4833.420469984459,4026.4344293444715,6352409527,39.197333,-78.222397
Speyeria cybele,915.3656559392366,-4961.828377307989,3890.002313591283,6352445772,37.631359,-79.547508
Speyeria cybele,517.1969984607372,-5010.892416659296,3900.412488843583,6352488008,37.749668,-84.107109
Speyeria cybele,1076.7257446172894,-4941.463766600941,3874.577479406732,6352521042,37.456405,-77.707611
Speyeria cybele,1072.1882980399637,-4890.387942083296,3940.08517156037,6352608919,38.202287,-77.633903
Speyeria cybele,-370.09029224613226,-4933.896790399012,4013.6577790032043,6352618487,39.049222,-94.289708
Speyeria cybele,725.7246703820784,-5138.758604771413,3695.434593436071,6352626534,35.453297,-81.961525
Speyeria cybele,519.1340687169298,-5125.7637820750015,3747.9058951290403,6352654960,36.0347,-84.21684
Speyeria cybele,699.222798305327,-5146.171247732196,3690.225209526101,6352671743,35.395805,-82.262466
Speyeria cybele,449.9445117075068,-5125.68083224215,3756.953429581894,6352715954,36.135383,-84.983299
Speyeria cybele,466.27917161730005,-5179.547688550724,3680.30197209715,6352717560,35.286403,-84.85592
Speyeria cybele,503.2590964522792,-5024.094127761582,3885.2234951038604,6352754083,37.577112,-84.279813
Speyeria cybele,-315.8212190438704,-5064.45279751941,3852.4444121851907,6352794865,37.206076,-93.568366
Speyeria cybele,682.0977005265172,-4939.020686295441,3966.178326419474,6352814323,38.501518,-82.136971
Speyeria cybele,356.4871302823374,-5195.472892097889,3670.1132793275606,6352832848,35.174228,-86.074805
Speyeria cybele,-385.53039188919956,-5133.88781517658,3752.9075858311016,6352848035,36.090344,-94.294578
Speyeria cybele,930.7328458690985,-5018.094644657523,3813.4257088026943,6352946832,36.766775,-79.49245
Speyeria cybele,428.9181551600082,-4991.461392405346,3935.8729036871164,6352965749,38.154097,-85.088617
Speyeria cybele,671.044009489501,-5145.43255307817,3696.481693276616,6353018507,35.464858,-82.56968
Speyeria cybele,994.5106903378631,-5051.441781921421,3752.817280436083,6353087566,36.089339,-78.862245
Speyeria cybele,1038.9968767838827,-4877.155788305203,3965.298227915755,6353143065,38.491405,-77.973865
Speyeria cybele,-60.42754952155474,-4976.753256229706,3977.1885380936214,6353159329,38.628154,-90.695649
Speyeria cybele,1030.0982933457728,-4859.175920053327,3989.6190311478945,6353179597,38.771395,-78.031044
Speyeria cybele,506.84653459834203,-5025.314514424941,3883.1783053515724,6353181981,37.553908,-84.2407
Speyeria cybele,411.92610234359194,-5213.174729884848,3639.0767031728665,6353270881,34.833471,-85.482083
Speyeria cybele,500.7000331204539,-5012.672378934597,3900.277968039815,6353321915,37.748138,-84.295826
Speyeria cybele,-385.53741693234474,-5133.881770076608,3752.9151336924283,6353333695,36.090428,-94.294661
Speyeria cybele,972.3220369170475,-4946.45285563837,3895.7601483086632,6353357784,37.696772,-78.879182
Speyeria cybele,502.2407861461405,-5146.1955084278225,3722.1202440875086,6353363706,35.748454,-84.425895
Speyeria cybele,1016.4538258233188,-4949.127242387347,3881.0712810132713,6398618735,37.53001,-78.393958
Speyeria cybele,1044.968165703578,-4809.466875383516,4045.5930389662594,6398821373,39.420013,-77.741689
Speyeria cybele,1003.6325238509395,-4916.887269046918,3925.1362358815477,6399111581,38.031409,-78.463297
Speyeria cybele,736.2975341437838,-5114.225303927417,3727.2400796782235,6399385844,35.805207,-81.807393
Speyeria cybele,1051.8378783835694,-4925.074435366544,3902.182980508974,6399947773,37.769808,-77.94457
Speyeria cybele,564.7393293083258,-5144.756642193461,3715.144911334696,6400147558,35.671198,-83.735729
Speyeria cybele,1019.1935728938254,-4872.272672098649,3976.425102949889,6400413798,38.619366,-78.185096
Speyeria cybele,644.9323811405384,-5067.088321605398,3807.6805662350425,6400501088,36.702305,-82.746469
Speyeria cybele,328.1096490142821,-4923.032303415373,4030.6141129398497,6413505809,39.245853,-86.186997
Speyeria cybele,362.8071709935405,-4942.093735291946,4004.226966337098,6413517618,38.940096,-85.801355
Speyeria cybele,535.6182515122556,-5008.085932728065,3901.5306622831577,6422660647,37.762387,-83.895382
Speyeria cybele,1095.376670272121,-4870.697180891981,3958.0566003977133,6422847659,38.408247,-77.325553
Speyeria cybele,520.6367217990804,-4953.007789216921,3973.2108393021695,6422868414,38.582378,-83.999375
Speyeria cybele,389.32154914267227,-5039.872283847274,3877.8691601907667,6430983414,37.493706,-85.582771
Speyeria cybele,-289.84710066268207,-5193.143513923055,3679.2665344758293,6431454396,35.274996,-93.194559
Speyeria cybele,543.5743847236255,-5042.838017840497,3855.3942397337646,6431703024,37.239391,-83.847764
Speyeria cybele,708.7787449939724,-5057.593374362455,3808.9545914761434,6431901310,36.716597,-82.022438
Speyeria cybele,-165.70630686054497,-4980.8766753412265,3969.025333074332,6451545964,38.534242,-91.905442
Speyeria cybele,713.6530243259398,-4881.715402692607,4031.0429441599385,6451546585,39.250833,-81.682903
Speyeria cybele,1119.451451268416,-4854.84771925518,3970.7726201298974,6451968012,38.554333,-77.015446
Speyeria cybele,736.8401038205674,-5122.5856206683875,3715.634044143826,6452165550,35.676613,-81.814637
Strymon melinus,-741.5801198788156,-5518.552580344073,3096.028015612217,5938307934,29.075106,-97.653527
Strymon melinus,-831.8488298980202,-5656.608478865733,2810.79369052569,5938376653,26.179515,-98.365833
Strymon melinus,956.4818151141468,-5598.006341469117,2887.4245735438612,5938472609,26.95002,-80.304007
Strymon melinus,-741.5799587922714,-5518.552111296457,3096.028890256112,5938532606,29.075115,-97.653526
Strymon melinus,-689.1002325543747,-5579.001189905208,2998.2727898253725,5938599629,28.074026,-97.041326
Strymon melinus,-741.577950530445,-5518.552490208384,3096.028695890808,6129869683,29.075113,-97.653505
Strymon melinus,-741.5603968578209,-5518.530586756564,3096.0719420778582,6129953263,29.075558,-97.653356
Strymon melinus,-1942.0902489728421,-5019.898266947479,3408.615552393631,6130542801,32.345251,-111.150378
Strymon melinus,-754.3411416327424,-5676.524867486223,2792.4519692428307,6131001975,25.995853,-97.569563
Strymon melinus,-2702.4481344093383,-4372.861205222193,3763.5903191457533,6131111323,36.209322,-121.716254
Strymon melinus,-741.5390605711198,-5518.542559010008,3096.0557126318013,6131352757,29.075391,-97.653122
Strymon melinus,-1901.475216602763,-5035.755214340391,3408.124785210552,6133022825,32.340027,-110.686278
Strymon melinus,-2477.4788515011433,-4690.442736527476,3528.6822760626455,6133393361,33.632612,-117.84289
Strymon melinus,-2441.8484686185975,-4770.485886065579,3445.2276552982034,6133539347,32.735828,-117.106353
Strymon melinus,-1904.8295892223705,-5041.8416176518485,3397.2357098403054,6147279796,32.224195,-110.696782
Strymon melinus,-2506.2259172319195,-4633.254009391735,3583.5097412910523,6147402822,34.226879,-118.409901
Strymon melinus,-1922.7203497872185,-5026.485491702281,3409.8890286779174,6159173878,32.358808,-110.932744
Strymon melinus,-1903.9368718590345,-5042.548015770396,3396.687655099172,6159425514,32.218369,-110.685251
Strymon melinus,-1988.150793491213,-4912.966039800955,3535.5019790378033,6159450250,33.706305,-112.031911
Strymon melinus,-971.7651235022373,-5495.217837949788,3073.7609841854287,6162783811,28.846234,-100.028412
Strymon melinus,-2605.556223865901,-4590.866353928127,3567.1804011462295,6162796298,34.049453,-119.577172
Strymon melinus,-662.436476805578,-5477.572522922641,3185.456058400075,6162912164,29.999498,-96.895643
Strymon melinus,-1906.0408357832553,-5040.924850561167,3397.916731322146,6162949637,32.231435,-110.712273
Strymon melinus,-1964.2155745240136,-4928.34912212676,3527.46158546158,6163089056,33.619428,-111.729975
Strymon melinus,-1905.5139986413424,-5041.545973561751,3397.290645076251,6163135583,32.224779,-110.704699
Strymon melinus,-11.40479479860531,-5521.485127369363,3178.494147953077,6163356749,29.927229,-90.118346
Strymon melinus,-2535.062723506545,-4623.998967009925,3575.1704393855352,6170885253,34.136222,-118.73333
Strymon melinus,-600.8244586458661,-5440.800774754199,3259.8236193089424,6170890968,30.774813,-96.301607
Strymon melinus,-622.8589085017759,-5261.230740664985,3538.5379753874604,6170917984,33.739132,-96.751624
Strymon melinus,-2666.778147058309,-4301.575062475529,3869.689835883276,6170928791,37.401053,-121.797004
Strymon melinus,-1931.9163053320146,-5025.554297871198,3406.0617313868593,6170949342,32.31807,-111.027686
Strymon melinus,-1945.6624470029938,-5024.6820536376845,3399.5177646029656,6170962976,32.248458,-111.16745
Strymon melinus,-821.9876888493224,-5480.871004517582,3142.314815688589,6170969653,29.552504,-98.529304
Strymon melinus,-2423.0899876910785,-4692.906723482595,3563.006388700494,6171071013,34.00416,-117.308678
Strymon melinus,-831.8377428357488,-5656.613332329584,2810.7872042868266,6171094602,26.17945,-98.365716
Strymon melinus,-736.7656215464807,-5450.401702382498,3215.594942036487,6171117958,30.312969,-97.698373
Strymon melinus,-2686.4683417194224,-4250.992153352412,3911.739599047073,6171128368,37.878613,-122.291358
Strymon melinus,-1937.785326822825,-5076.320121483971,3326.516974411006,6171184553,31.47547,-110.893372
Strymon melinus,-831.857026711596,-5656.616892956555,2810.7743315866755,6171233232,26.179321,-98.365902
Strymon melinus,-741.5155415663603,-5518.54266602677,3096.061154844189,6171243807,29.075447,-97.652882
Strymon melinus,-2678.29725299496,-4293.937841261551,3870.216372460225,6171246126,37.407014,-121.953406
Strymon melinus,-741.5134973265414,-5518.542777140541,3096.0614463911975,6171288514,29.07545,-97.652861
Strymon melinus,-521.9395273663002,-5505.546628225539,3163.271816313685,6171297149,29.769394,-95.415597
Strymon melinus,-1796.2757873631306,-5085.760541171275,3390.897542432632,6171336530,32.156841,-109.453072
Strymon melinus,-784.5221070851662,-5665.261779533047,2806.971172373193,6171374892,26.141215,-97.884144
Strymon melinus,-521.9494784131269,-5505.54318926299,3163.276159746664,6171376206,29.769439,-95.415703
Strymon melinus,-2695.351849484857,-4230.740533265541,3927.552173726022,6177318355,38.058998,-122.500702
Strymon melinus,-2448.811549278264,-4754.36706358095,3462.523494582453,6177318359,32.920935,-117.251444
Strymon melinus,-741.4137960543997,-5518.5859960997905,3096.008287512957,6178443344,29.074903,-97.651785
Strymon melinus,-1984.343100513206,-4906.7765951596475,3546.2203871610363,6178537102,33.822255,-112.018836
Strymon melinus,-1771.3233924094243,-5117.416800930617,3356.219875802785,6178593217,31.789206,-109.092591
Strymon melinus,-2386.8752495915155,-4762.688370874731,3494.192203428352,6178622115,33.260875,-116.618258
Strymon melinus,-594.869221241625,-5445.736725249366,3252.6658694933817,6178652380,30.699921,-96.234031
Strymon melinus,-2685.1999153585807,-4256.586768563377,3906.5232145639307,6178987891,37.819203,-122.245125
Strymon melinus,-2173.6595379309647,-4668.4249989365935,3751.101887731529,6179094960,36.070251,-114.967099
Strymon melinus,-837.7032646309683,-5483.47659118147,3133.6066830521168,6179185388,29.462518,-98.685843
Strymon melinus,-2682.069688808503,-4251.314112035923,3914.40718817758,6179317068,37.909013,-122.247014
Strymon melinus,966.088801318387,-5224.5597528069065,3515.7361884809957,6179335408,33.492891,-79.523604
Strymon melinus,718.5399114675351,-5265.983581644957,3513.2421554956063,6179386669,33.466,-82.230014
Strymon melinus,-192.88040816412672,-5364.160260926859,3431.957892066418,6179453941,32.59407,-92.059311
Strymon melinus,-2498.34436796765,-3838.0593518029373,4429.145398466817,6179498212,44.043408,-123.061692
Strymon melinus,-1958.0068302218624,-4939.990725179502,3514.6058125517397,6183934381,33.4807021,-111.6213148
Strymon melinus,-2509.091028281039,-4638.960120139116,3574.1102872233705,6184775867,34.124704,-118.407785
Strymon melinus,-2587.072976043431,-4246.894187668212,3982.5489708292585,6184798670,38.689889,-121.348445
Strymon melinus,-1913.3760553143911,-5032.980506593787,3405.561983120249,6184840239,32.312752,-110.815181
Strymon melinus,-137.81535941112944,-4959.598005621888,3996.6420503992113,6184870896,38.852451,-91.591703
Strymon melinus,-622.9388885030577,-5261.38563536016,3538.2935812187447,6184885563,33.736489,-96.752286
Strymon melinus,-749.0007193205448,-5301.42342419081,3453.065410555632,6184921347,32.819663,-98.041692
Strymon melinus,-626.1637737847482,-5260.786751828364,3538.614815130951,6184936920,33.739963,-96.787682
Strymon melinus,-2643.221551970495,-4280.872398250404,3908.614136337066,6184995780,37.843011,-121.693226
Strymon melinus,-1954.7445502526693,-4855.273983117205,3632.497958953332,6185043199,34.761423,-111.92983
Strymon melinus,-2674.631018457275,-4234.268085678132,3937.9024649413655,6185096715,38.177312,-122.279092
Strymon melinus,-2698.8777121538246,-4192.922791566334,3965.5025770361503,6185161376,38.493753,-122.768353
Strymon melinus,-2485.001948198457,-4662.034359384931,3560.8923150021883,6185186473,33.981229,-118.058933
Strymon melinus,-1246.6742969753495,-5421.225921102562,3105.779425410652,6185328234,29.175496,-102.95068
Strymon melinus,-2452.2826152829325,-3833.6567661924946,4458.6027972320035,6185492385,44.413111,-122.605906
Strymon melinus,-2646.8277982178647,-4285.944669084625,3900.606879679582,6185532690,37.751879,-121.697817
Strymon melinus,-2586.9370949275863,-4512.478612021153,3679.000730173439,6185710612,35.272068,-119.825008
Strymon melinus,-736.4228872409726,-5453.897922109962,3209.7401633200384,6185746126,30.251996,-97.689961
Strymon melinus,-2513.315091836712,-4661.076841723133,3542.225720415846,6185789971,33.779023,-118.334141
Strymon melinus,-2455.1129607342195,-4768.033400114903,3439.1904534499104,6185892964,32.671306,-117.244438
Strymon melinus,-653.3087215983106,-5309.3996423720955,3460.233558813636,6185924359,32.896405,-97.014845
Strymon melinus,-2611.355005142072,-4255.489490780751,3957.447076165576,6185999939,38.401252,-121.535104
Strymon melinus,-1778.792905505816,-5312.738459712752,3033.2258385567975,6187894045,28.430878,-108.5114
Strymon melinus,-397.4633921464216,-4927.063164646966,4019.430874285554,6187906872,39.116107,-94.612031
Strymon melinus,-821.7690090809681,-5480.7054719660755,3142.660712668905,6187938293,29.55608,-98.527322
Strymon melinus,-754.4928740581827,-5455.1892873797005,3203.3425467050224,6188003205,30.185413,-97.874472
Strymon melinus,-1020.735414688539,-5650.485314274739,2760.4108491388674,6188008493,25.6757,-100.2398
Strymon melinus,-2304.1736432626612,-3842.109421073172,4529.760716403448,6188146954,45.315997,-120.951781
Strymon melinus,-2234.2565143711226,-4871.57682459389,3444.64660012422,6188157822,32.729616,-114.637661
Strymon melinus,701.6536338200065,-5577.960779625449,2997.2969236938934,6188162250,28.06408,-82.830401
Strymon melinus,-2151.489276083739,-3839.504899638237,4606.413914340316,6188207018,46.304997,-119.264348
Strymon melinus,-1276.2204140695826,-4712.697860960391,4092.8588365211003,6188209161,39.972456,-105.152536
Strymon melinus,-2487.143803256996,-4657.686332155405,3565.084411742658,6188212242,34.026706,-118.101636
Strymon melinus,-530.0983480190874,-5502.010571116198,3168.063848225044,6188247206,29.819054,-95.50325
Strymon melinus,-2621.2008772093245,-4583.021309537424,3565.8063277918473,6188328274,34.03454,-119.76685
Strymon melinus,-948.3027608831637,-4933.601332747607,3917.9143549712576,6188445848,37.949,-100.8803
Strymon melinus,-2192.9047223665557,-4636.199098285492,3779.7592422476705,6188445851,36.389747,-115.313973
Strymon melinus,-2015.9359048806216,-4855.861971328737,3598.1050669059096,6195535076,34.385781,-112.546031
Strymon melinus,-1997.4765245596393,-4926.019422920738,3512.004172622553,6398999645,33.452655,-112.072311
Thorybes pylades,501.5500585356826,-5503.793695606889,3169.614428390014,3397658493,29.835128,-84.793128
Thorybes pylades,823.8282470834072,-4519.073964844577,4414.638224050622,3427456918,43.862183,-79.66842
Thorybes pylades,1304.4468245737735,-4342.544200650742,4475.5425902265115,3427457595,44.626774,-73.280379
Thorybes pylades,1098.2258976945186,-4338.984472733587,4533.968102301486,3427457746,45.369831,-75.796351
Thorybes pylades,654.7601726175352,-4596.076873937414,4363.154777782811,3427460807,43.223434,-81.892161
Thorybes pylades,950.6925668399693,-4429.0560254200855,4479.888335296171,3427463922,44.681714,-77.885342
Thorybes pylades,511.6317701879541,-4740.865891621657,4225.183624302045,3427464033,41.543548,-83.840508
Thorybes pylades,1083.6673065312648,-4406.247200764032,4472.181112633058,3427471866,44.584313,-76.182965
Thorybes pylades,599.4314591132099,-4063.934240804608,4869.791940311076,3427477990,49.850753,-81.609357
Thorybes pylades,763.1314177029208,-4412.231265728181,4532.063418215025,3427479109,45.345454,-80.187306
Thorybes pylades,1351.617408382311,-4407.375065651571,4397.491164483236,3427479917,43.648688,-72.950703
Thorybes pylades,1200.7555730361116,-4257.418173276016,4585.011415619296,3427479977,46.02708,-74.249508
Thorybes pylades,1119.3375439125725,-4331.697161786622,4535.772954087862,3427484859,45.39294,-75.511351
Thorybes pylades,309.27941642222464,-5138.915383432657,3753.0851381462357,3427489727,36.09232,-86.555877
Thorybes pylades,1383.575574793027,-4399.69871754471,4395.238668530869,3427490986,43.620699,-72.543175
Thorybes pylades,495.2148778266357,-5103.365791124236,3781.5569487235653,3427491672,36.409833,-84.457547
Thorybes pylades,203.0595122139722,-5170.2316155906055,3717.152808982193,3427493391,35.693429,-87.750879
Thorybes pylades,772.6988301924612,-5471.609416776796,3170.8327041545604,3427527916,29.847759,-81.961863
Thorybes pylades,842.9936136289879,-4532.389147535008,4397.33595627683,3427528895,43.646759,-79.463768
Thorybes pylades,971.3508991539037,-5250.135664897206,3475.9611707504314,3427536597,33.065018,-79.517982
Thorybes pylades,864.6748037006313,-4451.016457940797,4475.54947516647,3427537690,44.626861,-79.00639
Thorybes pylades,1351.0133467478338,-4594.6618079317095,4201.61860921721,3427539047,41.261013,-73.614566
Thorybes pylades,917.6922987312155,-4465.659131209427,4450.335099559663,3427542360,44.309113,-78.387392
Thorybes pylades,1318.344760483122,-4423.467837457599,4391.429438481544,3427545825,43.573396,-73.404143
Thorybes pylades,759.8421912819522,-5112.907346053656,3724.321608655171,3427556710,35.772851,-81.546996
Thorybes pylades,-361.70170576210825,-4101.919013135876,4861.397475562003,3427557596,49.733811,-95.039231
Thorybes pylades,927.508994841364,-4313.091684063997,4596.381219940726,3427557939,46.174545,-77.863653
Thorybes pylades,569.1844093012082,-4680.444567855535,4284.76614124009,3427559025,42.263503,-83.066361
Thorybes pylades,702.1209104717934,-5229.042856131752,3571.258904853188,3427559465,34.093733,-82.352447
Thorybes pylades,1022.0759472435742,-4406.782300590555,4486.1323701987885,3427560870,44.760744,-76.94212
Thorybes pylades,1228.4492760483117,-4728.182507681336,4089.6155907261077,3777230301,39.9344069,-75.4357521
Thorybes pylades,-166.3360486722928,-5048.528938291944,3882.5817451559665,3804746323,37.547141,-91.887066
Thorybes pylades,1208.5256895423342,-4302.871791240984,4540.320818569572,3804747330,45.451212,-74.311811
Thorybes pylades,1304.5191434080555,-4342.548657445861,4475.517187082907,3805232301,44.626453,-73.27952
Thorybes pylades,1215.6953656643313,-4572.936340704521,4266.156482296875,3806803305,42.037762,-75.112508
Thorybes pylades,1297.844124964567,-4328.553759191564,4490.988322269495,3807614302,44.82228,-73.309524
Thorybes pylades,-1489.996693883909,-3493.941488513166,5114.883757891165,3812972306,53.401909,-113.095898
Thorybes pylades,-360.5390537915634,-4101.524182981661,4861.816954265672,3816834304,49.739648,-95.023597
Thorybes pylades,608.0745693505164,-4366.053202693248,4599.736718447987,3820259301,46.218141,-82.071231
Thorybes pylades,975.7689054359705,-4478.219360783494,4425.288637994769,3855007306,43.995175,-77.707827
Thorybes pylades,1238.6685894475688,-4275.3332591085245,4558.177133323571,3922910352,45.680591,-73.842405
Thorybes pylades,761.122796866536,-4243.746892676028,4690.528491403719,3922921556,47.411261,-79.832015
Thorybes pylades,-510.0875702201925,-5477.42610173447,3213.6221153742135,4064226924,30.2924193,-95.3203486
Thorybes pylades,1591.2723578352347,-4197.754240905215,4520.670829183343,4064231883,45.199865,-69.239431
Thorybes pylades,-510.0654582431472,-5477.430543674088,3213.618054033619,4064233802,30.292377,-95.320115
Thorybes pylades,-510.0730410169276,-5477.433273731873,3213.6121972509554,4075403384,30.292316,-95.320191
Thorybes pylades,877.8306641460762,-5529.505681473072,3040.350863522055,4088536306,28.503768,-80.97935
Thorybes pylades,1298.2048708153327,-4339.176227507531,4480.62126380955,4142862826,44.690985,-73.343746
Thorybes pylades,1299.81191831114,-4333.988252804778,4485.174236442096,4142863070,44.74861,-73.30542
Thorybes pylades,605.2773061472197,-5340.499768672308,3420.8850803778287,4142864409,32.475953,-83.533849
Thorybes pylades,1362.294517337454,-4455.8645891798,4345.017553543746,4142864729,43.0,-73.0
Thorybes pylades,-516.8143316021253,-4078.1438580568283,4867.381097604897,4142869961,49.817139,-97.22247
Thorybes pylades,1351.7670866398614,-4407.215242481455,4397.605334678607,4142872576,43.650107,-72.948342
Thorybes pylades,1252.6373712699665,-4599.2335411251715,4227.020650524969,4146239330,41.565625,-74.764584
Thorybes pylades,1407.9103100945536,-4385.044871175392,4402.149834590514,4153011319,43.706617,-72.199687
Thorybes pylades,785.5608168378375,-4579.726974921159,4358.75534618611,4161942358,43.169162,-80.266773
Thorybes pylades,-1784.5293341956055,-5103.864277268555,3369.833471300138,4170215348,31.933355,-109.271811
Thorybes pylades,994.5966466352477,-5227.243838632382,3503.7768895377953,4404160321,33.36402,-79.227008
Thorybes pylades,-1523.0786342591905,-3473.516939855289,5119.049196098719,4521003306,53.464788,-113.676641
Thorybes pylades,879.644349341725,-5558.071711982989,2987.2759820282918,4539238320,27.962,-81.006715
Thorybes pylades,-2704.1562951637106,-4225.639097042458,3926.991989112036,4846324309,38.0526,-122.616812
Thorybes pylades,1242.2580089961214,-4278.363910675808,4554.355104357722,4873859545,45.631415,-73.808912
Thorybes pylades,-2514.8575428387226,-4009.204104990611,4265.152648315304,4900046543,42.025608,-122.098857
Thorybes pylades,1067.3174790531036,-4299.008716991499,4579.204142623069,4903000477,45.951912,-76.057053
Thorybes pylades,303.8809571295667,-5120.078786075897,3779.1801647906404,4905519580,36.383278,-86.603432
Thorybes pylades,-1823.483351684653,-5043.743209063476,3438.7957247897734,4907371736,32.667089,-109.876633
Thorybes pylades,410.7532935933376,-5280.092035896682,3541.421035960013,4911247744,33.770317,-85.551758
Thorybes pylades,838.2849350593384,-5467.291566858411,3161.6063038096468,4911914438,29.75214,-81.282882
Thorybes pylades,789.6470990971069,-5530.638720396739,3062.392191247437,4929615562,28.7295739,-81.8744069
Thorybes pylades,1219.6034654272835,-4305.434271368731,4534.92626750632,4929701391,45.382098,-74.184127
Thorybes pylades,-2464.656992844561,-4528.807527165641,3742.3417026225256,4942450311,35.9728443,-118.5558126
Thorybes pylades,-664.7929319183572,-4064.9524062837836,4860.44909673957,4953394337,49.720617,-99.288077
Thorybes pylades,1090.7529327753266,-4273.999354683553,4597.057829251665,4953394370,46.183333,-75.683333
Thorybes pylades,-546.8393388405128,-5461.55403713019,3234.5242875391777,5105963314,30.510364,-95.717697
Thorybes pylades,-335.9765512272085,-4103.802381677999,4861.653926272097,5199592406,49.7373794,-94.6803428
Thorybes pylades,1284.327352969898,-4617.31910943246,4197.692297174795,5199594493,41.214057,-74.455861
Thorybes pylades,1165.0656049608294,-4354.457038778696,4502.341520058797,5199599429,44.966408,-75.020966
Thorybes pylades,-425.4465901114781,-4106.72366951675,4852.171578877938,5199601355,49.6056106,-95.9146043
Thorybes pylades,1366.2837190216549,-4463.412414641499,4336.008711434738,5199603465,42.889321,-72.980261
Thorybes pylades,-510.06750942015293,-5477.429789356549,3213.619014161578,5200416304,30.292387,-95.320137
Thorybes pylades,1346.9043065844846,-4403.647144254794,4402.668934575731,5202962320,43.7130753,-72.9931672
Thorybes pylades,-510.1137808535417,-5477.39753993114,3213.666636385459,5208635377,30.292883,-95.320648
Thorybes pylades,548.4019047286008,-5279.743503846345,3523.253753870107,5238779308,33.573997,-84.070007
Thorybes pylades,-1769.7720860371628,-5029.550151723173,3487.3034230566323,5282653366,33.186817,-109.385687
Thorybes pylades,823.8395899706434,-5521.204921251938,3070.396990165575,6338234309,28.811701,-81.513298
Thorybes pylades,570.5263130250498,-4680.699146389984,4284.309554269807,6359050320,42.2579548,-83.0505483
Thorybes pylades,1397.5069433876909,-4387.558212225664,4402.960413993268,6360075311,43.716702,-72.332497
Thorybes pylades,224.65701871267055,-4485.353919306321,4518.9470645476695,6367225309,45.177869,-87.132634
Thorybes pylades,568.970953045368,-4680.933510102654,4284.26033969297,6367230303,42.2573568,-83.0696529
Thorybes pylades,-664.936415926647,-4064.187489941618,4861.069094248108,6367249305,49.7292421,-99.2917647
Thorybes pylades,568.9502850605179,-4680.932692909306,4284.263977308101,6402117307,42.257401,-83.069901
Thorybes pylades,1406.4003509750103,-4460.749490733857,4325.9109056212,6416607302,42.765499,-72.500801
Thorybes pylades,1300.863559182181,-4496.359598713533,4322.0663448316,6416613303,42.718421,-73.864059
Thorybes pylades,1352.786275705905,-4444.665071385191,4359.4351497811795,6419957306,43.177545,-73.071754
Thorybes pylades,1387.4075682363039,-4391.912023540247,4401.813506585742,6424822305,43.702433,-72.468643
Thorybes pylades,1184.0327358650427,-4932.5969000941,3854.5177949076133,6424829311,37.229491,-76.501966
Thorybes pylades,568.775882585772,-4680.612953965786,4284.636449015704,6425602306,42.261927,-83.071536
Thorybes pylades,464.08727745566085,-5261.914224492326,3561.830263034238,6497065334,33.991402,-84.959702
Thorybes pylades,424.76322430118745,-5223.094400372358,3623.3429616526237,6497075364,34.6612653,-85.3507063
Thorybes pylades,424.10530162023986,-5227.80185856912,3616.62488383248,6497079605,34.587845,-85.362038
Vanessa atalanta,-741.5639904408436,-5518.5281410571215,3096.0754406376336,5938211029,29.075594,-97.653396
Vanessa atalanta,-652.5510057273583,-5326.403527131568,3434.145567788594,5938297643,32.617425,-96.984643
Vanessa atalanta,-802.1421518466993,-5476.756752893717,3154.5929321453273,5938556309,29.679517,-98.332467
Vanessa atalanta,-1944.944791694032,-4945.759699444416,3513.7449939190496,5938675588,33.471421,-111.467482
Vanessa atalanta,-684.947467585825,-5305.541479520478,3460.0331942645957,6129833471,32.894259,-97.356219
Vanessa atalanta,-2499.92089917911,-4643.605986691445,3574.503051878444,6129846439,34.128971,-118.296142
Vanessa atalanta,-818.2667992655014,-5486.401904935297,3133.621979821364,6130006669,29.462676,-98.482823
Vanessa atalanta,-1940.7681045378386,-4950.531272344339,3509.3321894096566,6130155390,33.423859,-111.406783
Vanessa atalanta,-1961.2827476874693,-4944.495250125894,3506.435488467369,6130316440,33.392652,-111.63624
Vanessa atalanta,-791.218538833356,-5473.46471244571,3163.05396651645,6130409436,29.767137,-98.225433
Vanessa atalanta,-236.31031857259677,-5531.917253211238,3151.476172627262,6130436842,29.64726,-92.446052
Vanessa atalanta,-779.3468746498335,-5457.631426287362,3193.2163712237766,6130534920,30.080117,-98.126864
Vanessa atalanta,-776.3040508915149,-5596.527858492592,2943.803845259257,6130542767,27.520273,-97.897204
Vanessa atalanta,-1983.9012454422761,-4918.0814758327515,3530.773792680687,6130593797,33.655206,-111.968619
Vanessa atalanta,-776.2113636361742,-5596.54652404798,2943.7928005900785,6130716727,27.520161,-97.896247
Vanessa atalanta,-788.6771186735072,-5428.314049516916,3240.5475018853754,6130739141,30.573258,-98.266633
Vanessa atalanta,-740.0316678077371,-5451.568284428102,3212.8662437980165,6130972251,30.284547,-97.730453
Vanessa atalanta,-835.3687957772156,-5513.035295257474,3081.939963393916,6131118955,28.930243,-98.616262
Vanessa atalanta,-2423.445978591662,-4749.760450249534,3486.6084356822566,6131138304,33.179349,-117.031806
Vanessa atalanta,894.1073001690128,-5514.915072214706,3062.031517101185,6131153063,28.725875,-80.791031
Vanessa atalanta,-2718.7298297710813,-4218.2424003438,3924.8811821929226,6131310395,38.028497,-122.802477
Vanessa atalanta,-663.4141088664694,-5314.8619275413685,3449.90978737207,6131359313,32.7859,-97.115
Vanessa atalanta,-1957.637523724569,-4936.5377074423,3519.6596310415134,6131530398,33.535211,-111.631338
Vanessa atalanta,-1922.466305578748,-4966.927700988918,3496.213043671791,6131621836,33.282612,-111.159099
Vanessa atalanta,-2704.418701840429,-4275.736523784595,3872.202189192551,6131672513,37.4295,-122.3135
Vanessa atalanta,-741.5672967478871,-5518.527206062308,3096.0763152773866,6131691244,29.075603,-97.653431
Vanessa atalanta,-2442.993690428486,-4769.769121174621,3445.408174497345,6133082970,32.737758,-117.120744
Vanessa atalanta,-722.2757680198392,-5449.671687501097,3220.1163555153935,6133121153,30.360082,-97.549733
Vanessa atalanta,-1965.190032676732,-5068.691036081169,3322.0705058586377,6133148200,31.428595,-111.191887
Vanessa atalanta,-818.3110378832996,-5486.3204883502385,3133.7529695341636,6133243642,29.464029,-98.483399
Vanessa atalanta,-2706.022496084156,-4267.455889436325,3880.20819184733,6133273190,37.520223,-122.379059
Vanessa atalanta,-2482.753786604982,-4676.332869096815,3543.6700837099406,6133414419,33.794652,-117.96468
Vanessa atalanta,-2718.715778085851,-4218.25422776861,3924.8782041710206,6133431414,38.028463,-122.802269
Vanessa atalanta,-2470.8234737229645,-4690.982864279734,3532.6285197301627,6133493999,33.675247,-117.776568
Vanessa atalanta,-2495.102415898803,-4646.527012894621,3574.073835596291,6133520616,34.124308,-118.235008
Vanessa atalanta,-767.1823432923965,-5425.01825375802,3251.209210157061,6147169758,30.684687,-98.049145
Vanessa atalanta,-741.5632846783948,-5518.528726596966,3096.0745659978043,6147183115,29.075585,-97.653388
Vanessa atalanta,-2502.587594594911,-4667.96245071757,3540.7534536801504,6147248942,33.763095,-118.196645
Vanessa atalanta,-683.0146984665047,-5577.059711142396,3003.273052805628,6147284698,28.125003,-96.982165
Vanessa atalanta,-2491.252659070959,-4622.751262218842,3607.4345574110434,6147290665,34.487511,-118.320727
Vanessa atalanta,-2436.652771785959,-4779.572533014827,3436.3007436886937,6147308877,32.640439,-117.012741
Vanessa atalanta,-672.3597769684511,-5387.815940589819,3333.035380898112,6147321394,31.54423,-97.113318
Vanessa atalanta,-2435.5288832636766,-4780.35304270038,3436.0117833923446,6147322555,32.637353,-116.998262
Vanessa atalanta,-2701.5173261266664,-4250.677955203927,3901.7040107443086,6147325695,37.764359,-122.437989
Vanessa atalanta,-752.7769546494759,-5446.216120542383,3218.9765383690483,6147331103,30.348203,-97.86957
Vanessa atalanta,-741.5629409167066,-5518.527627820113,3096.0766068239536,6147352027,29.075606,-97.653386
Vanessa atalanta,-1987.613016104893,-4927.404647476837,3515.655140640433,6147363178,33.492017,-111.968128
Vanessa atalanta,-876.3491856225363,-5639.611207328885,2831.3513848878924,6147388414,26.385711,-98.832652
Vanessa atalanta,-2508.7041259753487,-4633.379858868673,3581.612461088136,6147408796,34.206245,-118.432953
Vanessa atalanta,-746.6474424172715,-5447.066009248387,3218.966078929699,6147459235,30.348094,-97.805082
Vanessa atalanta,-818.1377389714006,-5486.453445039096,3133.5654397454095,6147519795,29.462092,-98.481426
Vanessa atalanta,-818.3154487837179,-5486.259497811809,3133.8585926344945,6147641032,29.46512,-98.483537
Vanessa atalanta,-1965.7987569831864,-5069.111847906806,3321.068118863514,6159136868,31.418031,-111.196265
Vanessa atalanta,-818.1947427238046,-5486.488461660346,3133.4892456691873,6159144774,29.461305,-98.481955
Vanessa atalanta,-2483.5663507670442,-4658.911480429682,3565.977443638084,6159155167,34.036397,-118.061126
Vanessa atalanta,-2407.9119228275913,-4830.171215476378,3385.433403681959,6159196517,32.098815,-116.496935
Vanessa atalanta,-630.1418355094326,-5497.434182682289,3157.6718961751785,6159233002,29.711393,-96.538974
Vanessa atalanta,-731.2400627022124,-5432.796406012025,3246.5003174494714,6159341762,30.635457,-97.66579
Vanessa atalanta,-2462.555672682571,-4666.144996320609,3571.0871680663968,6159360763,34.091868,-117.822829
Vanessa atalanta,-740.8972877999705,-5451.485455809118,3212.807287048155,6159368720,30.283933,-97.739502
Vanessa atalanta,-1903.9324346286762,-5042.545318728,3396.694146169286,6159417542,32.218438,-110.685217
Vanessa atalanta,-818.1789519841042,-5486.435742347771,3133.585674159313,6159502765,29.462301,-98.481874
Vanessa atalanta,-807.0372357416928,-5490.089245494514,3130.074137510057,6159530447,29.426037,-98.362527
Vanessa atalanta,-814.8077308564531,-5464.497602153569,3172.5553497885408,6159572248,29.865622,-98.480852
Vanessa atalanta,-818.1690067646758,-5478.828184157015,3146.870562087657,6159611578,29.599613,-98.493378
Vanessa atalanta,-818.2931773206186,-5486.396311817167,3133.6248842685286,6159616993,29.462706,-98.483101
Vanessa atalanta,-762.5353338444152,-5470.784905691994,3174.7134532062664,6159617653,29.888005,-97.934945
Vanessa atalanta,-826.6257699484024,-5473.501878978446,3153.921392006158,6159665412,29.672566,-98.588092
Vanessa atalanta,-740.9184479963445,-5451.475732586543,3212.8189055899406,6159669328,30.284054,-97.739734
Vanessa atalanta,-2666.4412055901016,-4301.554598557456,3869.9447621946547,6159669693,37.403939,-121.793884
Vanessa atalanta,-2188.9798790685827,-4654.175888369647,3759.889229595591,6159702392,36.168081,-115.188821
Vanessa atalanta,-672.471789523175,-5387.782204745926,3333.067316481333,6162779851,31.544567,-97.114535
Vanessa atalanta,-840.8110361746972,-5481.32919132756,3136.5299659694997,6162800081,29.492717,-98.720935
Vanessa atalanta,-818.3082300787394,-5486.406010813333,3133.603972229764,6162812772,29.46249,-98.48324
Vanessa atalanta,-2699.3696825198062,-4311.005346491952,3836.4553104771276,6162844045,37.025752,-122.053062
Vanessa atalanta,-1977.6580401577742,-4905.462321740333,3551.7687447049107,6162952634,33.882338,-111.957038
Vanessa atalanta,-2519.2383917119673,-4619.0518160203765,3592.708083927888,6162970546,34.326988,-118.608123
Vanessa atalanta,-1945.6949620154564,-4942.249629973574,3518.2656010442383,6163002886,33.520172,-111.48887
Vanessa atalanta,-2463.6663833010016,-4662.15629324007,3575.5279021246643,6163082950,34.140106,-117.853731
Vanessa atalanta,-744.1626739817431,-5451.798935269226,3211.5204208796654,6163126296,30.270532,-97.772755
Vanessa atalanta,-670.7573684740789,-5427.784819221824,3267.8723412245267,6163153788,30.859097,-97.044808
Vanessa atalanta,-818.1956207532869,-5486.342070758329,3133.74532125455,6163167591,29.46395,-98.482187
Vanessa atalanta,719.0317015866225,-5587.397486400919,2975.5227894861728,6163180290,27.842397,-82.667016
Vanessa atalanta,-747.9631689827563,-5452.67535464689,3209.148750735795,6163181171,30.245839,-97.810722
Vanessa atalanta,-808.2875388013911,-5479.971841819547,3147.4327629292893,6163185514,29.605428,-98.390542
Vanessa atalanta,-1917.5716968083902,-5039.516818431013,3393.5147198778714,6163228195,32.184647,-110.832173
Vanessa atalanta,-2488.682011838652,-4669.334990938333,3548.7357912398993,6163330759,33.849489,-118.056913
Vanessa atalanta,923.102445306512,-5617.105716602439,2861.0764361790066,6163370163,26.68451,-80.667558
Vanessa atalanta,791.7821782340679,-5515.593541428773,3088.8609547303286,6163580470,29.001384,-81.830807
Vanessa atalanta,-1992.6554613084995,-4900.984229295863,3549.567709790601,6163581069,33.858498,-112.125809
Vanessa atalanta,-2445.1985173207945,-4769.007002190147,3444.89906290895,6170885302,32.732315,-117.145438
Vanessa atalanta,-2463.6646524427792,-4668.0941549932795,3567.7733350227013,6170885507,34.055889,-117.8236
Vanessa atalanta,-639.7878911972022,-5322.716266569822,3442.2545126047676,6170898100,32.704047,-96.854042
Vanessa atalanta,-9.506154917759853,-5518.638405994749,3183.4404198250436,6170912889,29.978569,-90.098695
Vanessa atalanta,-815.6335407110598,-5464.2286117168605,3172.806444748783,6170999587,29.868226,-98.489734
Vanessa atalanta,-1010.6598909141135,-5257.979382802832,3452.8209517140117,6171036033,32.817047,-100.880378
Vanessa atalanta,-2026.9012128937159,-4912.8357837137055,3513.6119827194293,6171090794,33.469987,-112.4197
Vanessa atalanta,-2502.1934120539454,-4644.823425858046,3571.329808481932,6171276248,34.094503,-118.311605
Vanessa atalanta,912.6980665553302,-5542.944408036535,3005.412227698574,6188139705,28.146819,-80.649612
Vanessa atalanta,-2506.955344379724,-4660.262368109842,3547.7996971845273,6441902550,33.839353,-118.277717
Vanessa cardui,-2484.0464643482333,-4641.968802588414,3587.672215857011,6129830786,34.272166,-118.152473
Vanessa cardui,-2003.5057036469059,-4928.203638070242,3505.499526008095,6129928688,33.382571,-112.123647
Vanessa cardui,-2347.1873856358343,-4742.800979731639,3547.718051515095,6129958306,33.838469,-116.330567
Vanessa cardui,-2430.3633916253325,-4690.8057753232915,3560.8184582366043,6130107639,33.980428,-117.389222
Vanessa cardui,-2343.5918063109816,-4782.441584834871,3496.5101262132216,6130376338,33.285808,-116.106742
Vanessa cardui,-2094.560036059235,-4670.990020467599,3792.6802677938826,6130383108,36.534231,-114.152364
Vanessa cardui,-2537.026370376485,-4613.3245053551755,3587.546143812117,6130421144,34.270794,-118.807913
Vanessa cardui,-2354.5332897649073,-4748.536552734018,3535.1558274586996,6130539893,33.702563,-116.374237
Vanessa cardui,-2317.2918074221734,-4744.898121480098,3564.5271251185827,6130543647,34.020659,-116.029748
Vanessa cardui,-2477.9450495695537,-4650.923739599708,3580.2862775787985,6130569994,34.191825,-118.048047
Vanessa cardui,-2478.13685972008,-4651.8884792696235,3578.8998883194104,6130646807,34.176753,-118.044956
Vanessa cardui,-1934.52363409641,-5037.9600183906205,3386.197024967307,6130663986,32.106922,-111.006264
Vanessa cardui,-2606.948912148333,-4564.12950093725,3600.318374505282,6130801917,34.409904,-119.734233
Vanessa cardui,-2491.1020960797305,-4643.16915496245,3581.2209754481632,6130831796,34.201988,-118.213959
Vanessa cardui,-2440.6236184140607,-4770.94176070485,3445.4642936590426,6130834305,32.738358,-117.092475
Vanessa cardui,-741.5789884265996,-5518.552187171969,3096.028987438762,6130841038,29.075116,-97.653516
Vanessa cardui,-2433.269501272683,-4767.79356100141,3455.0104520141645,6130880127,32.84048,-117.037742
Vanessa cardui,-2658.314798017222,-4268.4001356813,3912.0168514509182,6131013530,37.881772,-121.914217
Vanessa cardui,-2447.686643730703,-4756.436915779404,3460.4755583576475,6131014715,32.898997,-117.230581
Vanessa cardui,-2525.4504059158417,-4618.186543485331,3589.457678606611,6131047532,34.291599,-118.671997
Vanessa cardui,-2039.2144286599405,-4909.317304776686,3511.404454722174,6131057682,33.446191,-112.556844
Vanessa cardui,-2450.280847620066,-4682.925483815452,3557.5392914900513,6131084282,33.944872,-117.620238
Vanessa cardui,-2499.897137481718,-4642.3599627596695,3576.137778086044,6131181794,34.146733,-118.302333
Vanessa cardui,-2432.2037461823684,-4770.418661858602,3452.136129605129,6131192506,32.809719,-117.014816
Vanessa cardui,-987.2311124449241,-5345.274210752498,3323.126761374361,6131316512,31.439728,-100.464172
Vanessa cardui,-2362.5850228791296,-4751.265569852956,3526.105588900384,6131373710,33.604785,-116.439038
Vanessa cardui,-2362.8248496140245,-4751.175449951799,3526.066321483365,6131423666,33.604361,-116.44179
Vanessa cardui,-2090.8673883225347,-5330.504540999864,2793.5189336223534,6131444469,26.006529,-111.41738
Vanessa cardui,-2518.1655027471793,-4635.464805497945,3572.2628217197807,6131479609,34.104636,-118.512537
Vanessa cardui,-2447.669077494668,-4745.9286187789985,3474.8857193019035,6133034500,33.053478,-117.282005
Vanessa cardui,-2408.6149493805265,-4668.3302981246825,3604.860521977125,6133066877,34.459431,-117.291374
Vanessa cardui,-2447.4403928596194,-4746.012434886023,3474.93231890692,6133067124,33.053978,-117.279412
Vanessa cardui,-1941.2471385679964,-5023.810503024938,3403.3278869916903,6133076179,32.288982,-111.126996
Vanessa cardui,-1901.0737315216024,-5036.251309284039,3407.6156688703577,6133159119,32.334608,-110.680415
Vanessa cardui,-2338.9486179361984,-4754.934162945258,3536.901694758825,6133174677,33.721438,-116.192539
Vanessa cardui,-2461.4524090322066,-4690.80492588315,3539.400276184845,6133219591,33.748458,-117.687788
Vanessa cardui,-1901.475216602763,-5035.755214340391,3408.124785210552,6133229058,32.340027,-110.686278
Vanessa cardui,-2176.388523873084,-4666.797306360687,3751.5448850007924,6133232656,36.07518,-115.002271
Vanessa cardui,-2471.7829781068926,-4659.412356861849,3573.502277534124,6133283691,34.118099,-117.945612
Vanessa cardui,-831.9117050896397,-5656.5833648272455,2810.825622725814,6133420312,26.179835,-98.366493
Vanessa cardui,-2362.295931458714,-4749.65697142145,3528.4656319310598,6133459088,33.630272,-116.443978
Vanessa cardui,-1986.7443250928343,-4932.6419917751755,3508.795106210262,6133494703,33.418072,-111.938338
Vanessa cardui,-2498.5886221425994,-4638.126035443553,3582.5402867682665,6133495759,34.216335,-118.311635
Vanessa cardui,-2476.615845073737,-4688.892092505054,3531.347905609233,6133497145,33.661409,-117.84247
Vanessa cardui,-2017.4938116469914,-4922.1731239758055,3505.9497411192006,6147178834,33.38742,-112.287678
Vanessa cardui,-2687.077039904891,-4333.53007496193,3819.6710854069433,6147247274,36.83692,-121.801667
Vanessa cardui,-2318.8543171898064,-4774.208512562613,3524.1454090179536,6147549071,33.583622,-115.906052
Vanessa cardui,-2399.1359192504206,-4702.141030160584,3567.0393470103804,6147552145,34.047922,-117.031676
Vanessa cardui,-2485.1411249510247,-4650.403000261735,3575.9724067603265,6147583084,34.144936,-118.119719
Vanessa cardui,-2514.391589530385,-4639.636355135515,3569.5045253201647,6147583534,34.074683,-118.454912
Vanessa cardui,-2553.751538669493,-4693.342938572198,3469.9622864485304,6147606670,33.000667,-118.551588
Vanessa cardui,-2442.050194362542,-4816.421384662612,3380.566376105637,6147608649,32.047161,-116.886187
Vanessa cardui,-2513.546780864708,-4640.721411380981,3568.688903789767,6147654046,34.065828,-118.441236
Vanessa cardui,-2675.7586521821213,-4263.306374247018,3905.6737606019656,6147660476,37.809533,-122.113419
Vanessa cardui,-2446.425090881901,-4768.206863744957,3445.135804132602,6147688653,32.734846,-117.16101
Vanessa cardui,-2377.5844457024314,-4772.467438854737,3487.17649084508,6159172747,33.185453,-116.48192
Vanessa cardui,-2580.034369638082,-4254.548077571485,3978.9441359230527,6159196159,38.648367,-121.233375
Vanessa cardui,-2702.930283602844,-4247.665368697308,3904.005625921875,6159220325,37.790547,-122.469949
Vanessa cardui,-2447.4135384960578,-4746.010178883727,3474.9543138285567,6159242324,33.054214,-117.279167
Vanessa cardui,-1986.2922455199255,-4932.063794311245,3509.8636688494053,6159309646,33.429586,-111.936147
Vanessa cardui,-2344.9490877954404,-4746.6314127362075,3544.073523073504,6159362562,33.799018,-116.29047
Vanessa cardui,-2358.1452104865402,-4748.986036942837,3532.143246933623,6159367487,33.670003,-116.407047
Vanessa cardui,-2701.178719991616,-4343.9002936629995,3797.883211876899,6159431930,36.592487,-121.874695
Vanessa cardui,-2594.3586520263298,-4257.804269939826,3966.126462080571,6159432603,38.500922,-121.354722
Vanessa cardui,-1932.9674589060346,-5027.177903239121,3403.068065976949,6159449143,32.286218,-111.031926
Vanessa cardui,-2264.319170310878,-4784.966726677219,3544.954900874197,6159536344,33.808557,-115.324226
Vanessa cardui,-1965.7785120658057,-4917.722729209599,3541.39395292208,6159563141,33.770024,-111.788245
Vanessa cardui,-2706.719944176153,-4246.959951112228,3902.1470304340532,6159605477,37.769399,-122.510632
Vanessa cardui,-2213.7982418559886,-4649.569197069032,3751.0474211478067,6162834300,36.069645,-115.460509
Vanessa cardui,-2655.354714212291,-4283.5820055193335,3897.40550538162,6162916924,37.715475,-121.794409
Vanessa cardui,-2515.0837451875796,-4404.08223587184,3855.9261590503447,6163141108,37.2454,-119.729828
Vanessa cardui,-1933.162315230687,-5076.686505103161,3328.646980614319,6163202295,31.497933,-110.84644
Vanessa cardui,-2359.6080365924295,-4727.012445777396,3560.5275424846054,6163225484,33.977273,-116.527239
Vanessa cardui,-2315.638574693959,-4580.718121524125,3774.2009236667895,6163262131,36.327676,-116.81745
Vanessa cardui,-2447.9929742666773,-4736.046766658013,3488.11475608911,6163343532,33.195536,-117.333778
Vanessa cardui,-1901.7351582313313,-5047.863543524328,3390.019198114121,6163400733,32.147511,-110.643429
Vanessa cardui,-1945.806147899134,-5025.014875074791,3398.943522589402,6163581593,32.242352,-111.167597
Vanessa cardui,-1795.2022536508464,-5086.905628299159,3389.7482394630274,6170824402,32.144633,-109.43827
Vanessa cardui,-2404.756468244665,-4788.7778432243695,3445.9405430674847,6170830792,32.74345,-116.6642
Vanessa cardui,-2513.4650272353256,-4640.736223412124,3568.7272228699326,6170918447,34.066244,-118.440379
Vanessa cardui,-2367.3024292641676,-4765.291308475211,3503.9450742624394,6170949938,33.365831,-116.417277
Vanessa cardui,-2594.5350270486015,-4512.078255407265,3674.1381220874478,6170988247,35.218522,-119.899761
Vanessa cardui,-2453.0621632094185,-4667.414618955019,3575.9586026508655,6170997238,34.144786,-117.725156
Vanessa cardui,-2195.2279364969577,-4631.509960670399,3784.1568308820947,6171028832,36.438891,-115.359863
Vanessa cardui,-2437.215220627784,-4674.234031713858,3577.8864312308333,6171044267,34.165737,-117.538207
Vanessa cardui,-2667.629723410061,-4316.009401599865,3852.9946319399637,6171215071,37.212289,-121.719292
Vanessa cardui,-2575.910411977363,-4530.2767347488825,3664.8371567829654,6171228962,35.1162,-119.622513
Vanessa cardui,-2483.691616709686,-4649.062140333271,3578.7218805159036,6171294531,34.174818,-118.112692
Vanessa cardui,-2087.028997617559,-5335.993672390882,2785.899248175596,6171355024,25.930308,-111.361603
Vanessa cardui,-2490.6426001673794,-4643.948613803077,3580.529826752654,6171359370,34.194473,-118.20555
Vanessa cardui,-2541.445011503905,-4613.6352559773995,3584.017314129733,6171420730,34.2324,-118.8484
Vanessa cardui,-2086.1535475780433,-5336.698578168717,2785.20462289164,6171424644,25.923362,-111.350883
Vanessa cardui,-2360.389217216449,-4773.175232516256,3497.8727925153494,6178515487,33.300469,-116.312917
Vanessa cardui,-2300.971727069772,-4586.123488902443,3776.6060934972124,6178625142,36.354529,-116.644054
Vanessa cardui,-1944.7981491297696,-5024.549992789708,3400.2074434916167,6178765603,32.255792,-111.159386
Vanessa cardui,-2433.903549364601,-4739.33115760832,3493.50924152074,6178992790,33.25353,-117.182957
Vanessa cardui,-2351.065508497386,-4777.878553513408,3497.730783280495,6186001828,33.298941,-116.200558
Vanessa cardui,-2339.402139700185,-4728.210925116942,3572.2503000277593,6195666245,34.1045,-116.32507
Vanessa cardui,-1905.8517196525465,-5041.687576329263,3396.8910396216766,6441196888,32.220531,-110.707525
Vanessa cardui,-2353.719762149734,-4776.0095432545795,3498.498142586962,6469663427,33.307198,-116.235065
