species,x_km,y_km,z_km,source_key,latitude,longitude
Aphelocoma californica,-2278.882016925467,-3490.859169602367,4817.712334771995,5938100769,49.129722,-123.137068
Aphelocoma californica,-2649.9849617006057,-4243.709382333405,3944.396469769932,5938185168,38.251643,-121.982723
Aphelocoma californica,-2484.0652479315186,-4651.308191669699,3575.542627322838,5938477658,34.140266,-118.104773
Aphelocoma californica,-2387.889325852047,-4772.247442227009,3480.4298653064493,5938672793,33.112985,-116.582007
Aphelocoma californica,-2676.4290659537487,-4280.407816255285,3886.462338828982,6129813053,37.591171,-122.016684
Aphelocoma californica,-2500.6819675203446,-4643.30119061263,3574.366640434547,6129948743,34.127489,-118.304992
Aphelocoma californica,-2492.912418321345,-4638.825871031449,3585.5871684434023,6129948952,34.249478,-118.253655
Aphelocoma californica,-2718.469952693316,-4286.252235760133,3850.6773452760617,6129960028,37.186126,-122.384098
Aphelocoma californica,-2428.2737866372386,-4692.161573492509,3560.4577395397046,6129971912,33.976516,-117.362337
Aphelocoma californica,-2708.1293451729957,-4194.269769260145,3957.763217040752,6129993297,38.40488,-122.849264
Aphelocoma californica,-2623.363449033566,-4237.522333676793,3968.768299553721,6130052830,38.531287,-121.760803
Aphelocoma californica,-2482.4905960930732,-4179.9974780419925,4117.59816562392,6130137465,40.263394,-120.705976
Aphelocoma californica,-2397.4749254964613,-3766.606292144109,4544.727071153293,6130164591,45.507727,-122.477078
Aphelocoma californica,-2384.36078299401,-3769.5779985835907,4549.160197090465,6130168543,45.564644,-122.314468
Aphelocoma californica,-2391.240285597471,-4780.145194594397,3467.266206222022,6130226035,32.971761,-116.576247
Aphelocoma californica,-2649.984998164075,-4243.709440726328,3944.3963824485263,6130289168,38.251642,-121.982723
Aphelocoma californica,-2726.3201626570312,-4188.926655781963,3950.9271029527386,6130321395,38.32647,-123.05768
Aphelocoma californica,-2430.324928000253,-4767.992942739732,3456.807366921407,6130325684,32.859716,-117.008692
Aphelocoma californica,-2655.86537915891,-4283.624593582332,3897.010720888402,6130356192,37.710987,-121.799088
Aphelocoma californica,-2380.504993905603,-4696.774214691044,3586.5388719322777,6130420871,34.259833,-116.877637
Aphelocoma californica,-2682.324445292884,-4160.06139960773,4011.081880410251,6130456769,39.019399,-122.813114
Aphelocoma californica,-2492.222947013481,-4668.0313732186305,3547.965756698259,6130503744,33.841151,-118.097386
Aphelocoma californica,-2677.174922851168,-4225.8064169606705,3945.256352698554,6130562178,38.261491,-122.355483
Aphelocoma californica,-2689.9792473551993,-4285.570939612029,3871.3881877213835,6130593801,37.420282,-122.115786
Aphelocoma californica,-2676.98396075451,-4299.6739267133835,3864.7527899571583,6130656512,37.345183,-121.90646
Aphelocoma californica,-2362.616947461791,-4751.2342992965105,3526.1263338729304,6130722617,33.605009,-116.439497
Aphelocoma californica,-2235.7715666090057,-3749.395362988264,4640.378545293719,6130753299,46.748959,-120.807704
Aphelocoma californica,-2448.350967133784,-4745.744479757662,3474.6568181997736,6130844500,33.051022,-117.289413
Aphelocoma californica,-2535.4140271602428,-4626.337676057646,3571.894252024554,6130863209,34.100633,-118.724465
Aphelocoma californica,-2715.5830624576056,-4188.766444671557,3958.4842342195097,6130887770,38.413155,-122.955397
Aphelocoma californica,-2447.9202260285133,-4753.467444918975,3464.3883943307237,6131004945,32.940917,-117.247367
Aphelocoma californica,-2669.937067154809,-4296.2411894744455,3873.435274917268,6131032840,37.443466,-121.85925
Aphelocoma californica,-2689.329697612531,-4273.7911038802,3884.8382859021535,6131061091,37.572741,-122.180603
Aphelocoma californica,-2498.2901847902913,-4638.483298544473,3582.2858584124633,6131097052,34.213568,-118.306935
Aphelocoma californica,-2168.687941659764,-3864.499723087318,4577.355965143525,6131114216,45.928011,-119.300359
Aphelocoma californica,-2700.927993776013,-4062.3689509559863,4097.792040651072,6131270144,40.030372,-123.618553
Aphelocoma californica,-2688.6334868430545,-4296.594366979125,3860.088075257719,6131276997,37.292433,-122.036653
Aphelocoma californica,-2688.840891523773,-4281.147637477933,3877.068827847165,6131300009,37.484635,-122.13151
Aphelocoma californica,-2702.281471841502,-4252.465408578687,3899.2263239598274,6131317603,37.736178,-122.43442
Aphelocoma californica,-2649.9849240973717,-4243.70948697729,3944.3963824485263,6131375540,38.251642,-121.982722
Aphelocoma californica,-2670.120131105292,-4300.213409642567,3868.8985831466225,6131447655,37.392096,-121.837277
Aphelocoma californica,-2671.344073851364,-4309.9126580990805,3857.2434261184435,6131468371,37.260283,-121.791213
Aphelocoma californica,-2278.772971191927,-3490.7593451992884,4817.836243517041,6131497975,49.131425,-123.136563
Aphelocoma californica,-2699.256859957863,-4248.745047250195,3905.3720766547704,6131534943,37.806099,-122.428075
Aphelocoma californica,-2362.585720727472,-4751.231613240644,3526.1508758467485,6131587819,33.605274,-116.439208
Aphelocoma californica,-2634.137609308143,-4535.004013599233,3617.29329492988,6131595524,34.595147,-120.149978
Aphelocoma californica,-2671.6404071151837,-4244.846557034577,3928.5325978001697,6131611650,38.070197,-122.185673
Aphelocoma californica,-2488.8450369742036,-3793.4829523434046,4472.682707490692,6131617324,44.590647,-123.268256
Aphelocoma californica,-2362.5810055978513,-4751.238562894427,3526.1446709020024,6131649088,33.605207,-116.439129
Aphelocoma californica,-2294.2466070207925,-3627.040507728251,4708.583947552534,6131654043,47.651753,-122.314972
Aphelocoma californica,-2430.5746807529404,-4771.236247732334,3452.1536059806567,6131679512,32.809906,-116.995313
Aphelocoma californica,-2715.484567150619,-4263.054595395593,3878.4355366462855,6131695569,37.500126,-122.49636
Aphelocoma californica,-2518.9577802366275,-4636.634227639558,3570.185971366773,6131700104,34.082082,-118.514035
Aphelocoma californica,-2396.3057287156953,-3747.197967189788,4561.357186067597,6133046616,45.72154,-122.598618
Aphelocoma californica,-2706.9373961476394,-4251.657392017859,3896.877273396581,6133090165,37.70947,-122.484017
Aphelocoma californica,-2692.9100779731734,-4343.887131552801,3803.7656381483243,6133094108,36.658404,-121.796055
Aphelocoma californica,-2706.0246053408646,-4262.259283212371,3885.9142769285613,6133141112,37.584951,-122.410661
Aphelocoma californica,-2492.46991124477,-4669.817055584177,3545.441515325284,6133183030,33.813824,-118.090641
Aphelocoma californica,-2411.960128641396,-4697.215485308752,3564.879822952982,6133185874,34.024486,-117.179919
Aphelocoma californica,-2430.178850914928,-4768.056833934293,3456.8219379389107,6133211447,32.859872,-117.006988
Aphelocoma californica,-2446.7474868668396,-4759.022122178815,3457.584171903974,6133280436,32.868033,-117.208974
Aphelocoma californica,-2619.9201335952043,-4238.642142976607,3969.8468996980982,6133352860,38.543688,-121.720362
Aphelocoma californica,-2408.6690975000174,-3757.6226306534004,4546.244436238257,6133353796,45.527202,-122.660228
Aphelocoma californica,-2656.948676844576,-4289.042579926595,3890.3072636834113,6133385784,37.634822,-121.777122
Aphelocoma californica,-2702.7244220909843,-4237.803217494083,3914.8509189632236,6133389216,37.914071,-122.528323
Aphelocoma californica,-2689.082896833544,-4289.402104950083,3867.766265647983,6133410303,37.37928,-122.084143
Aphelocoma californica,-2527.967533331207,-4634.8866767162335,3566.0845158379398,6133421716,34.037559,-118.609007
Aphelocoma californica,-2491.855239941028,-3796.121956243332,4468.765901922272,6133457497,44.541205,-123.281747
Aphelocoma californica,-2235.9245998129054,-3749.285150788344,4640.393859545434,6133484258,46.74916,-120.81017
Aphelocoma californica,-2434.282876528764,-4743.6995599338525,3487.3104954677697,6133527927,33.186893,-117.165138
Aphelocoma californica,-2672.8682765768335,-4311.6602127271035,3854.233323987106,6133590357,37.226278,-121.795447
Aphelocoma californica,-2733.6901900010125,-4086.0888153758624,4052.230159755235,6133611532,39.497322,-123.78346
Aphelocoma californica,-2694.636379094109,-4282.568527697027,3871.4719060996604,6147185998,37.42123,-122.178527
Aphelocoma californica,-2442.5299458585087,-4742.058490756329,3483.7740833050125,6147206212,33.148899,-117.251999
Aphelocoma californica,-2725.753912899932,-4206.285602489045,3932.83360521158,6147225475,38.119346,-122.944013
Aphelocoma californica,-2715.0750300977666,-4293.699503591839,3844.7711613920856,6147234321,37.119484,-122.306777
Aphelocoma californica,-2491.0746190992977,-4643.264615075393,3581.1163184327715,6147234728,34.20085,-118.213205
Aphelocoma californica,-2648.0756212520264,-4507.045538397403,3641.9759950636944,6147250597,34.865243,-120.435997
Aphelocoma californica,-2453.43931322251,-3776.6240729363567,4506.384279855558,6147281256,45.017818,-123.009293
Aphelocoma californica,-2682.6151300673546,-4281.186600232887,3881.3361729689846,6147294028,37.533014,-122.071485
Aphelocoma californica,-2390.0556387564748,-4775.870309541039,3473.9674667115405,6147299077,33.043626,-116.585399
Aphelocoma californica,-2616.1170602765214,-4558.900588491569,3600.293054858006,6147299389,34.409628,-119.849283
Aphelocoma californica,-2583.71636519883,-4245.050026118808,3986.6920058652504,6147336128,38.73764,-121.326456
Aphelocoma californica,-2411.1469174178364,-4745.866547814908,3500.4106020059007,6147337750,33.32778,-116.932937
Aphelocoma californica,-2693.6247486613115,-4317.0165541685,3833.732765088334,6147373820,36.99509,-121.962314
Aphelocoma californica,-2645.1781951797725,-4235.061421437788,3956.8978003067323,6147559916,38.394949,-121.988499
Aphelocoma californica,-2680.771793961479,-4279.099103557273,3884.9101122565667,6147605820,37.573556,-122.066338
Aphelocoma californica,-2414.1848611405726,-3743.2520115139932,4555.165086384198,6147620910,45.641833,-122.819717
Aphelocoma californica,-2517.022986435903,-4099.802228846009,4176.837332214414,6159453795,40.965208,-121.547331
Aphelocoma californica,-2472.6331146663283,-4175.279079758886,4128.302704025072,6159526557,40.389669,-120.634351
Aphelocoma californica,-2488.4908661301984,-3793.5150349017185,4472.852559479088,6159529614,44.592792,-123.264294
Aphelocoma californica,-2405.9928014103166,-4769.248965764774,3472.0622217625655,6163260697,33.023188,-116.770051
Aphelocoma californica,-2655.6256131794553,-4290.003162155534,3890.151488181173,6171150093,37.633053,-121.758605
Aphelocoma californica,-2432.727263639355,-4773.387571373666,3447.660407273116,6178470749,32.761841,-117.005382
Aphelocoma californica,-2528.75200070169,-4615.351210864895,3590.7798107086137,6178711539,34.305992,-118.718345
Aphelocoma californica,-2496.907776361283,-4439.009084182212,3827.5844911081704,6179516488,36.925892,-119.357412
Aphelocoma californica,-2432.0472160018044,-4827.991737955901,3371.2601867914123,6188399985,31.948475,-116.736173
Aphelocoma californica,-2676.701384825822,-4205.616437967489,3967.0912773525392,6195634629,38.51201,-122.475071
Aphelocoma californica,-2690.091200564844,-4304.36458982568,3850.4036074385535,6352866752,37.183036,-122.004075
Aphelocoma californica,-2715.118523257172,-4293.702091302658,3844.737557426567,6470236524,37.119105,-122.307176
Archilochus alexandri,-831.8290224926499,-5656.768716603107,2810.4770580591457,5938223388,26.176342,-98.365403
Archilochus alexandri,-748.880587622055,-5582.285464562267,2977.7541851699443,6130348812,27.865094,-97.640784
Archilochus alexandri,-91.7416096327521,-5525.752153770314,3169.763357388398,6147709011,29.836672,-90.951169
Archilochus alexandri,-1027.8415398948987,-5649.505577028241,2759.779272635898,6171013208,25.669398,-100.311313
Archilochus alexandri,-1940.064163313582,-5017.603308289573,3413.1453547344486,6179266140,32.393483,-111.139072
Archilochus alexandri,-738.2746541384558,-5401.986982250649,3295.9430074454726,6184718286,31.153628,-97.782243
Archilochus alexandri,-902.8858980656673,-5443.647936345036,3184.5325135532876,6184750772,29.989908,-99.417372
Archilochus alexandri,-740.5031778887682,-5426.45359174221,3254.997632853538,6184759628,30.724312,-97.770683
Archilochus alexandri,-2188.9636487992257,-4654.106579085563,3759.9844713011107,6184993699,36.169142,-115.188986
Archilochus alexandri,-1931.455469803222,-5063.177571555397,3350.144142681482,6185349719,31.724945,-110.880403
Archilochus alexandri,-929.4299390442251,-5569.046364102736,2951.548019694034,6185392835,27.598832,-99.47489
Archilochus alexandri,-926.8200350036176,-5431.867545975796,3197.7449422003956,6185432342,30.127193,-99.682924
Archilochus alexandri,-1100.69183839258,-5649.068135430513,2732.4457556989155,6185732340,25.396976,-101.025645
Archilochus alexandri,-772.1639150754457,-5447.2658350183065,3212.601895749784,6185737919,30.281794,-98.068071
Archilochus alexandri,-815.4772804857569,-5476.536557041584,3151.5547391844716,6185806346,29.648073,-98.469332
Archilochus alexandri,-1927.344326750009,-5032.767061015784,3397.9924492818614,6186030697,32.23224,-110.9548
Archilochus alexandri,-1927.1786401167467,-5029.053983973112,3403.5792403056194,6186045437,32.291656,-110.967281
Archilochus alexandri,-1970.5121848598249,-4942.890990569815,3503.5215875373387,6186090855,33.361271,-111.734985
Archilochus alexandri,-743.8146575380396,-5449.460849764383,3215.566720159021,6187899497,30.312675,-97.772457
Archilochus alexandri,-1932.2389798496486,-5027.929268752568,3402.3716614809,6188014689,32.27881,-111.021825
Archilochus alexandri,-2456.9112680490257,-4695.826649527595,3535.894827083748,6188030005,33.710552,-117.619089
Archilochus alexandri,-782.3962905591694,-5469.572837423069,3171.968182425611,6188052365,29.859533,-98.140663
Archilochus alexandri,-919.6413238497319,-5450.587882240231,3167.8233383699458,6188159217,29.816561,-99.576937
Archilochus alexandri,-824.4028123210576,-5462.4454344155965,3173.610405948842,6188207232,29.876564,-98.582419
Archilochus alexandri,-2195.327172033011,-4631.358841994846,3784.2842142322165,6188248330,36.440315,-115.361589
Archilochus alexandri,-1094.6767481630761,-5649.109594484295,2734.775445299676,6188257945,25.420171,-100.966778
Archilochus alexandri,-2461.1773875508184,-4695.3549736110535,3533.55354685222,6188304742,33.685244,-117.662306
Archilochus alexandri,-734.4359262946577,-5307.82590584122,3446.3518614799004,6188315771,32.747848,-97.877909
Archilochus alexandri,-1932.280067646763,-5027.885232399424,3402.413402229694,6188323557,32.279254,-111.022401
Archilochus alexandri,-905.6762309927966,-5299.939674956603,3417.6224390814473,6188378590,32.441179,-99.697279
Archilochus alexandri,-2477.701439498208,-4657.497115092171,3571.8999607063533,6195290762,34.100695,-118.012143
Archilochus alexandri,-789.7703938931439,-5443.114266641313,3215.3573572611017,6195575941,30.310494,-98.255736
Archilochus alexandri,-2583.0499176529665,-4253.66307070063,3977.9337266410216,6195585522,38.636733,-121.268345
Archilochus alexandri,-1083.838839800425,-5650.216183584621,2736.805359863202,6195635256,25.440385,-100.858719
Archilochus alexandri,-815.9202350291379,-5464.082113608684,3172.9850228907617,6195691563,29.870078,-98.492899
Archilochus alexandri,-683.5703537597077,-5576.359381643876,3004.4468289338365,6195871848,28.136973,-96.988658
Archilochus alexandri,-2594.4438911735087,-4285.2033878184675,3936.450933297533,6195886306,38.160708,-121.192491
Archilochus alexandri,-714.3592369369778,-5454.936169021369,3212.9605354225455,6195991583,30.285529,-97.460797
Archilochus alexandri,-935.2890943188568,-5412.432636163827,3228.089279854932,6234297977,30.443215,-99.804108
Archilochus alexandri,-815.2627503648356,-5463.906318037789,3173.456715515705,6234379892,29.87497,-98.486424
Archilochus alexandri,-1999.1946830274496,-4853.513372849535,3610.592982960408,6234389707,34.521979,-112.387091
Archilochus alexandri,-1268.8144830389765,-5287.3594716755715,3320.194686248171,6234454441,31.408827,-103.494178
Archilochus alexandri,-839.8414381347535,-5464.748945159629,3165.586589377379,6234539612,29.793379,-98.737055
Archilochus alexandri,-2619.339555387155,-4236.843688877688,3972.1491637750673,6234546526,38.570165,-121.725558
Archilochus alexandri,-727.2839053573704,-5421.058819740963,3266.9454423963493,6234564321,30.849387,-97.64112
Archilochus alexandri,-725.8076758228851,-5589.171012708822,2970.542667273013,6234566887,27.791758,-97.399003
Archilochus alexandri,-936.4223086438939,-5465.408453436883,3137.2243825796286,6234874353,29.499892,-99.722437
Archilochus alexandri,-1497.6188884632923,-5000.659936319493,3652.436309627389,6234929714,34.979975,-106.67213
Archilochus alexandri,-743.6398813775222,-5449.565926065835,3215.429065298204,6235087635,30.311241,-97.770505
Archilochus alexandri,-1949.9187343703854,-4698.276949011171,3835.8524175754087,6235136419,37.018961,-112.539842
Archilochus alexandri,-1531.2562761551826,-5185.683362907053,3369.524507416706,6235142119,31.930081,-106.451098
Archilochus alexandri,-1478.6374842196474,-4998.297250068088,3663.3876289439827,6235147077,35.100265,-106.479705
Archilochus alexandri,-661.4059570022617,-5318.591471955454,3444.543517530599,6235151973,32.728514,-97.088759
Archilochus alexandri,-682.5027728428571,-5327.980850252485,3425.866774129148,6235193396,32.529075,-97.299711
Archilochus alexandri,-1869.6753239980292,-5077.68949454446,3363.2033404929766,6235650020,31.863123,-110.214403
Archilochus alexandri,-2433.745844215172,-4767.600662540187,3454.9411309006678,6236055897,32.839738,-117.043222
Archilochus alexandri,-1134.7452723915335,-5284.424754176417,3372.9751427945635,6236185557,31.966653,-102.119308
Archilochus alexandri,-727.2912797226425,-5421.156146370172,3266.7822946731144,6236225533,30.847678,-97.641061
Archilochus alexandri,-2619.324028398167,-4236.847175132074,3972.1556840724147,6236311295,38.57024,-121.725385
Archilochus alexandri,-1474.2116377478303,-4984.590363732983,3683.7904504174203,6236408586,35.324846,-106.475784
Archilochus alexandri,-2552.0229951999077,-4422.196985495993,3810.6568440517544,6236414627,36.735697,-119.988983
Archilochus alexandri,-824.7677680948927,-5484.833403847169,3134.6632658758535,6251462174,29.473432,-98.551634
Archilochus alexandri,-815.6384247055441,-5464.14899186879,3172.9423071465667,6251467899,29.869635,-98.489906
Archilochus alexandri,-1480.0176426559024,-4993.418871068003,3669.478012628861,6251520346,35.167239,-106.509489
Archilochus alexandri,-2423.9517929794647,-4439.797542941858,3873.2942842852135,6251602320,37.441869,-118.632774
Archilochus alexandri,-754.5569772323715,-5275.049112610511,3492.027170188463,6251839756,33.237593,-98.140518
Archilochus alexandri,-1543.2099407053106,-5188.749560003946,3359.335382504196,6251861148,31.822175,-106.563247
Archilochus alexandri,-750.2148481175973,-5440.276342812851,3229.6012331512616,6251883739,30.458988,-97.851576
Archilochus alexandri,-777.908918761548,-5443.914375647598,3216.8940166573875,6251914996,30.326503,-98.132236
Archilochus alexandri,-1884.2606514768645,-5100.216495189585,3320.708754041747,6252373651,31.414244,-110.276609
Archilochus alexandri,-2491.1039284066173,-4643.297264026375,3581.053597119112,6252567619,34.200168,-118.213318
Archilochus alexandri,-830.736872864077,-5480.099621660538,3141.3591826496813,6252686241,29.542625,-98.619928
Archilochus alexandri,-827.0979773049565,-5480.701466630081,3141.269408900542,6252789856,29.541697,-98.581805
Archilochus alexandri,-1773.0911125581613,-5109.083714779991,3367.961494972082,6252844900,31.91352,-109.139167
Archilochus alexandri,-1869.6638105741854,-5077.693483724237,3363.203718250067,6252948972,31.863127,-110.214274
Archilochus alexandri,-1924.7386818109437,-5077.318510726451,3332.56220902966,6253221860,31.539237,-110.761
Archilochus alexandri,-826.1151050250506,-5496.88981920371,3113.115686649226,6253242130,29.251087,-98.546888
Archilochus alexandri,-639.4533866319431,-5281.462999233289,3505.281883633909,6253290858,33.380227,-96.903487
Archilochus alexandri,-1884.5204180354206,-5100.184651886555,3320.610251195682,6253301003,31.413206,-110.279293
Archilochus alexandri,-1453.402573443595,-4763.934562456252,3972.694497922001,6253324364,38.576438,-106.966135
Archilochus alexandri,-731.5554980496792,-5403.357641634554,3295.1943614209154,6253374076,31.145761,-97.710339
Archilochus alexandri,-1947.902872741966,-4852.180413493831,3640.2984442141365,6273197539,34.846858,-111.872943
Archilochus alexandri,-841.1447999558121,-5478.455118912281,3141.4579521694304,6273249359,29.543646,-98.72885
Archilochus alexandri,-675.6295049436658,-5385.520900019599,3336.0819140391473,6273423754,31.576384,-97.150568
Archilochus alexandri,-2445.065170778985,-4781.059742557312,3428.2469541179175,6273767576,32.554467,-117.085499
Archilochus alexandri,-605.210267629982,-5301.94991192706,3480.3449244362705,6273777043,33.112073,-96.512048
Archilochus alexandri,-1215.4571374768755,-5624.80023925809,2733.8689334121495,6273856779,25.411145,-102.193502
Archilochus alexandri,-1559.3402683484712,-5157.607197695524,3399.6027784821677,6274187567,32.249362,-106.822058
Archilochus alexandri,-825.4759283725721,-5475.134063085894,3151.3885213650547,6274252303,29.646353,-98.573805
Archilochus alexandri,-737.804312022523,-5439.710104105376,3233.4118064565,6320527822,30.498752,-97.724065
Archilochus alexandri,-2014.1230467275727,-4914.345751840595,3518.8445992519432,6320569675,33.526418,-112.286056
Archilochus alexandri,-660.9355620378412,-5286.944950647069,3493.01165204736,6320613984,33.248179,-97.125736
Archilochus alexandri,-1550.8027819544973,-5155.339570169291,3406.9396498039605,6334163075,32.327413,-106.742068
Archilochus alexandri,-1538.8712485805738,-5193.265980319075,3354.34298598549,6398596231,31.76935,-106.505637
Archilochus alexandri,-1924.7290690312336,-5077.329245932204,3332.551405290714,6399182564,31.539123,-110.760865
Archilochus alexandri,-620.3865213656665,-5261.6405038156045,3538.3630258061867,6400143238,33.73724,-96.724551
Archilochus alexandri,-1347.199734864706,-5379.350122450193,3136.4626993084103,6400180712,29.492022,-104.059921
Archilochus alexandri,-1970.4879289390751,-4942.865507960403,3503.571181208991,6431744495,33.361805,-111.734844
Archilochus alexandri,-1931.4507471501088,-5063.175805991628,3350.14953377185,6452537802,31.725002,-110.880363
Archilochus alexandri,-2454.370978117323,-4679.312608382628,3559.4732397482944,6481375774,33.96584,-117.677697
Archilochus colubris,800.9295632183301,-5441.823068174979,3214.7825212786915,5938709345,30.304506,-81.627297
Archilochus colubris,953.3657413740235,-5667.953455990701,2748.6634049251766,6130236050,25.558536,-80.452063
Archilochus colubris,953.3770030072008,-5667.947232137944,2748.67233287532,6130622881,25.558625,-80.451942
Archilochus colubris,798.6312581633588,-5443.560531415311,3212.411864001767,6131424530,30.279815,-81.653611
Archilochus colubris,978.859573778372,-5614.009883818006,2848.5926505721377,6131620943,26.558927,-80.10933
Archilochus colubris,1007.3927649309799,-5213.003064840445,3521.294079284812,6133301423,33.552847,-79.06263
Archilochus colubris,967.4978463951159,-5652.786692058959,2774.8339880034955,6133494091,25.819708,-80.287697
Archilochus colubris,-105.63751336442024,-5498.897620230849,3215.698805495803,6147305019,30.314051,-91.100555
Archilochus colubris,-92.00064763658384,-5525.602598707315,3170.016550693522,6147331502,29.839297,-90.95388
Archilochus colubris,-833.7009291892597,-5656.271040357781,2810.9240132661544,6179096842,26.180821,-98.384688
Archilochus colubris,-936.2336784241418,-5461.525424151749,3144.0355707920844,6184794877,29.570295,-99.727295
Archilochus colubris,854.6732634616733,-5536.131612425554,3034.8860789663336,6185100564,28.447858,-81.223907
Archilochus colubris,-5.838606862511283,-5496.03899674687,3222.3088595888817,6185254993,30.382936,-90.060867
Archilochus colubris,-0.31729279372566943,-5446.236647638418,3305.7917972738323,6185289415,31.257183,-90.003338
Archilochus colubris,-462.29168591912037,-5472.905940685273,3228.5197987962442,6185651522,30.447706,-94.828264
Archilochus colubris,-403.86091369395785,-5490.495809176771,3206.4162645358483,6185759097,30.217397,-94.206893
Archilochus colubris,877.0906182292015,-5500.410364185565,3092.887162935591,6185865853,29.042792,-80.939942
Archilochus colubris,2.6750693241127803,-5523.249376294201,3175.4467876107237,6186000047,29.895612,-89.97225
Archilochus colubris,-494.89660965585,-5524.161749172236,3135.0386671317024,6186066264,29.47731,-95.119327
Archilochus colubris,-509.34500660181885,-5492.346319115633,3188.1738824637805,6187912283,30.027725,-95.298298
Archilochus colubris,805.4425795524072,-5565.35447050966,2994.636037701334,6188063855,28.036965,-81.765079
Archilochus colubris,563.6219153127039,-5223.523758842538,3603.7318167511016,6188083059,34.447121,-83.841571
Archilochus colubris,-491.0264763675588,-5457.382394542434,3250.4805073899115,6188203111,30.677067,-95.141328
Archilochus colubris,-400.5505760643086,-5483.334019543007,3219.062036652029,6188216330,30.349094,-94.177963
Archilochus colubris,-683.5650774006778,-5576.360662396401,3004.445652281569,6188270794,28.136961,-96.988603
Archilochus colubris,912.6980665553302,-5542.944408036535,3005.412227698574,6188408956,28.146819,-80.649612
Archilochus colubris,-798.4634102286124,-5484.178179663902,3142.610221758637,6188509511,29.555558,-98.283717
Archilochus colubris,1024.8764654926088,-4955.382615857909,3870.860949531777,6195354995,37.414312,-78.31479
Archilochus colubris,-936.2532909136551,-5461.523064210205,3144.033829975556,6195420634,29.570277,-99.727499
Archilochus colubris,-329.01992845134185,-5358.069651777396,3431.1206074781694,6195469927,32.585133,-93.513917
Archilochus colubris,609.8935527162886,-5249.45486881366,3558.2308194271345,6195536114,33.952369,-83.372958
Archilochus colubris,734.7945411465898,-5486.1257997432285,3154.7192935933826,6195843296,29.680825,-82.371383
Archilochus colubris,1246.9639990737205,-4733.282151578427,4078.0968586143968,6234178736,39.799442,-75.241003
Archilochus colubris,-593.2345555270431,-5453.656302557755,3239.6695549667,6234211252,30.564088,-96.208077
Archilochus colubris,-601.989010536695,-5453.623531551397,3238.1094386971163,6234257417,30.547795,-96.298997
Archilochus colubris,-796.0339741864609,-5482.898371447499,3145.4583910769998,6234267782,29.585008,-98.260762
Archilochus colubris,827.8457578555916,-5217.50702731966,3561.18589106886,6234288494,33.984413,-80.984212
Archilochus colubris,-813.3927923353268,-5487.032849792569,3133.7861765525113,6234349857,29.464372,-98.432068
Archilochus colubris,863.5265039829338,-4880.023771940699,4003.678694886757,6234417578,38.933757,-79.965312
Archilochus colubris,530.6358272124726,-5266.00568441504,3546.457793385459,6234449892,33.824825,-84.24594
Archilochus colubris,1380.2310406011397,-4582.763702302068,4205.115010686531,6234716475,41.302856,-73.238815
Archilochus colubris,-457.2199898518925,-5361.91745316964,3410.3583735367274,6234726070,32.363805,-94.87392
Archilochus colubris,-690.0251508543791,-5381.746780465631,3339.224462628059,6234976390,31.609563,-97.306363
Archilochus colubris,-104.13674009670086,-5493.495489858396,3224.9675923867712,6235010934,30.410657,-91.08599
Archilochus colubris,-723.5312302863956,-5465.438944444872,3192.997468370905,6235052399,30.077842,-97.541138
Archilochus colubris,164.2115048076091,-4912.952218649385,4052.8617307569643,6235076423,39.504683,-88.085647
Archilochus colubris,-609.3279377705586,-5443.969020752917,3252.9484925237066,6235102462,30.702877,-96.386373
Archilochus colubris,-542.0692925720253,-5324.530379652703,3456.1959215130355,6235230304,32.85317,-95.813028
Archilochus colubris,-709.4587219305461,-5599.85770262477,2954.321438487719,6235250453,27.62698,-97.220465
Archilochus colubris,997.0172739542808,-5075.077780329045,3720.120321807431,6235348372,35.726296,-78.885579
Archilochus colubris,1083.5501572925054,-4797.110383822112,4050.111622132764,6235363703,39.472636,-77.271875
Archilochus colubris,1504.4560952500738,-4525.913447347812,4224.035091504164,6235606642,41.529749,-71.612709
Archilochus colubris,807.3734086211335,-5444.187887652549,3209.161814659118,6235690484,30.245975,-81.564514
Archilochus colubris,505.63289230095324,-5295.659386960755,3505.72106209197,6235767104,33.384957,-84.545897
Archilochus colubris,868.9136704253118,-5071.94565861641,3756.3425561398954,6235973779,36.128581,-80.278597
Archilochus colubris,1084.4896255412038,-4851.7129686048875,3984.283706269181,6235998756,38.709879,-77.399963
Archilochus colubris,1235.4291079098643,-5041.181971818084,3694.5841952813585,6236200124,35.443909,-76.230059
Archilochus colubris,914.998952954252,-5087.460560059328,3724.281822796295,6236226918,35.77241,-79.804142
Archilochus colubris,-97.75527306617123,-5485.080770460166,3239.457667232789,6236285227,30.561875,-91.021019
Archilochus colubris,113.34127887985736,-5076.074316607676,3848.4251865477686,6236501966,37.160707,-88.720882
Archilochus colubris,-101.33734605460677,-4989.016268857364,3960.959548019721,6236510440,38.441571,-91.163637
Archilochus colubris,-831.8194304808891,-5656.756988452703,2810.5035026385212,6251569255,26.176607,-98.365325
Archilochus colubris,1372.4025564397416,-4587.404335172853,4202.616544296232,6251836430,41.272953,-73.344523
Archilochus colubris,-137.89638344357155,-4959.545998887442,3996.703792130483,6251917312,38.853164,-91.592655
Archilochus colubris,526.8269354940741,-4847.710310835197,4100.233072879819,6252107110,40.059048,-83.797698
Archilochus colubris,-565.6410120699557,-5472.201277353568,3213.225257474472,6252202950,30.288286,-95.901492
Archilochus colubris,-510.0637902328062,-5477.428164109993,3213.6223746086603,6252346592,30.292422,-95.3201
Archilochus colubris,609.7057131352708,-5249.969861102141,3557.5031314907947,6252396682,33.94448,-83.375625
Archilochus colubris,188.88677625578669,-5479.815863478013,3244.332445636213,6252511528,30.612801,-88.025822
Archilochus colubris,1030.49317369664,-4893.940516384733,3946.794037029295,6252563207,38.279105,-78.109213
Archilochus colubris,-181.37394457002893,-4934.413216052588,4025.968558639536,6252727351,39.191927,-92.10507
Archilochus colubris,508.4939279145088,-5263.801939962946,3552.967237647125,6253122311,33.895322,-84.482233
Archilochus colubris,1479.1391856340156,-4473.377659554575,4288.4487538266585,6253223206,42.30827,-71.703337
Archilochus colubris,803.1992880405103,-4865.98272765923,4033.2165981373605,6253330448,39.276081,-80.627037
Archilochus colubris,64.45933594884109,-4584.496592580191,4423.571986111121,6253343085,43.973719,-89.194458
Archilochus colubris,-817.0814139555363,-5144.12803610447,3668.797874073989,6273145486,35.159757,-99.025332
Archilochus colubris,1308.927038559178,-4561.21797730338,4251.088531297672,6273175519,41.855569,-73.988175
Archilochus colubris,1107.472156339323,-4681.637795132677,4176.784182573456,6273177484,40.964575,-76.690961
Archilochus colubris,1410.9789135781234,-4481.067228952116,4303.362420796874,6273254576,42.489892,-72.522055
Archilochus colubris,1512.570700362363,-4434.864469018603,4316.695512486269,6273255122,42.652713,-71.167361
Archilochus colubris,-106.21714645729848,-5495.893372032026,3220.811557780175,6273312086,30.367328,-91.107197
Archilochus colubris,1085.5805210696822,-4835.895532783944,4003.171549902878,6273474424,38.927894,-77.347767
Archilochus colubris,713.1508216324349,-5570.069877218853,3009.234221223328,6273475788,28.185808,-82.703963
Archilochus colubris,-662.4014441240464,-5432.805614302932,3261.2268571349596,6273708097,30.789502,-96.951546
Archilochus colubris,980.5008437817315,-5071.471742860673,3729.4162527648314,6273826028,35.829342,-79.057637
Archilochus colubris,-833.1871474407525,-5656.108894441917,2811.4025825612416,6274027978,26.185617,-98.379831
Archilochus colubris,968.8294752178114,-5072.854570840462,3730.58562168591,6320215349,35.842314,-79.187678
Archilochus colubris,824.5842499778555,-5328.065440160268,3394.3383169235894,6320256019,32.193399,-81.202561
Archilochus colubris,-9.33385326355275,-5518.13329785873,3184.3163969560933,6320855441,29.987664,-90.096915
Archilochus colubris,-2684.273333281535,-4259.7515659067185,3903.7093127775697,6321038898,37.787175,-122.216992
Archilochus colubris,142.51118648300667,-5099.941476934224,3815.7621287562733,6321090668,36.793009,-88.399361
Archilochus colubris,-600.5218704124405,-5453.797049002776,3238.0896159807544,6321200809,30.547588,-96.28357
Archilochus colubris,661.1550251871748,-4760.970947515225,4181.600506894837,6334592453,41.021961,-82.093911
Archilochus colubris,-787.94994142008,-5517.589579165436,3086.274980519156,6352245345,28.974797,-98.127282
Archilochus colubris,-459.529485220303,-5441.8212082055215,3281.0315024112765,6400051145,30.997056,-94.826837
Archilochus colubris,-437.5262347101312,-5521.972821809873,3147.4021158426717,6400497730,29.605111,-94.530291
Archilochus colubris,-566.2361536848064,-5349.903930062015,3412.8664912423214,6422228632,32.390513,-96.041717
Archilochus colubris,-725.8748841524751,-5589.20044942897,2970.470858018484,6422388784,27.791028,-97.399642
Archilochus colubris,-500.72710836864604,-5480.541282684597,3209.780793358338,6480629464,30.252419,-95.220309
Archilochus colubris,-714.3591543573958,-5674.544181812562,2806.954302606374,6481373304,26.141046,-97.175128
Baeolophus bicolor,-410.1247948130682,-4946.072778854896,3994.7358922246135,5938038613,38.830442,-94.740081
Baeolophus bicolor,-506.31208571428255,-5343.53936662633,3432.1987469917544,5938086094,32.596641,-95.412741
Baeolophus bicolor,1105.7902222380992,-4333.105705435203,4537.750109867768,5938103199,45.418266,-75.683917
Baeolophus bicolor,1300.1451298816423,-4711.913963464856,4086.225957020412,5938145595,39.894663,-74.574372
Baeolophus bicolor,788.0012630658932,-5217.086193943111,3570.8288651309213,5938151388,34.089063,-81.410832
Baeolophus bicolor,1522.391081705234,-4464.7117156733675,4282.339059433615,5938162793,42.234016,-71.171493
Baeolophus bicolor,1506.6450110694288,-4459.357700768611,4293.472119030555,5938172783,42.369387,-71.331872
Baeolophus bicolor,1502.9445879219263,-4480.988162185737,4272.19566331704,5938352379,42.110931,-71.458304
Baeolophus bicolor,923.3581857515962,-5287.103792342203,3432.738888917077,5938415994,32.602407,-80.093576
Baeolophus bicolor,1200.477348546099,-4334.857700108262,4511.941487333061,5938435918,45.088562,-74.520684
Baeolophus bicolor,840.6847020687653,-5530.9162993802875,3048.2728307411157,5938457164,28.58487,-81.357345
Baeolophus bicolor,1366.898925471292,-4620.866081711512,4167.6056809769025,5938462377,40.855352,-73.52125
Baeolophus bicolor,-346.35379794696235,-4959.318076311712,3984.338890492757,5938486001,38.710515,-93.994993
Baeolophus bicolor,1508.7386721580926,-4448.613428023892,4303.870271838777,5938497593,42.496086,-71.265732
Baeolophus bicolor,1379.0375766044622,-4425.521525594567,4370.67131210864,5938534604,43.316271,-72.692434
Baeolophus bicolor,923.3484883301934,-5287.096180537891,3432.753221033727,5938571620,32.60256,-80.093664
Baeolophus bicolor,1013.6874825455596,-5202.791118888057,3534.565799447995,5938647219,33.696185,-78.974881
Baeolophus bicolor,1542.5567350179228,-4480.662511911473,4258.395860330443,5938657972,41.94386,-71.002962
Baeolophus bicolor,1213.5458245799452,-4809.9788898302495,3997.6446491289576,5938660425,38.86403,-75.839928
Baeolophus bicolor,1517.0423098474155,-4447.8677697101,4301.721523179337,5938676651,42.469883,-71.166938
Baeolophus bicolor,-285.86621168873546,-5066.865346315081,3851.611247387711,6129892263,37.196669,-93.229133
Baeolophus bicolor,1202.4529854823813,-5092.770069923158,3634.2197184921015,6129976052,34.780273,-76.715204
Baeolophus bicolor,1172.1733594714221,-4646.705167303324,4198.082161318369,6129987523,41.218718,-75.842002
Baeolophus bicolor,1390.7300858699548,-4482.790595250637,4308.156384936139,6130013500,42.548386,-72.764146
Baeolophus bicolor,21.67726102941169,-5208.565127529487,3668.8053284843886,6130014347,35.159839,-89.761545
Baeolophus bicolor,1004.3132610212067,-4534.939872930548,4360.668337803169,6130044415,43.192755,-77.51275
Baeolophus bicolor,1242.4296767369526,-4707.634700475659,4109.050639127997,6130069958,40.162733,-75.215713
Baeolophus bicolor,314.247324909909,-5231.910031691201,3621.8944171183916,6130070828,34.645429,-86.562739
Baeolophus bicolor,1001.923429048409,-5070.346655921506,3725.2499729262354,6130077393,35.783142,-78.8221
Baeolophus bicolor,773.8267796316259,-4572.966523706044,4367.942584085353,6130077985,43.282552,-80.395525
Baeolophus bicolor,1516.9604938871166,-4447.792787320662,4301.827903429133,6130080662,42.47118,-71.167587
Baeolophus bicolor,1526.0233385288252,-4455.291977966088,4290.848318341466,6130087186,42.337457,-71.09268
Baeolophus bicolor,1285.6339930224476,-4615.048969793849,4199.788253241742,6130156817,41.239119,-74.43353
Baeolophus bicolor,-670.1409004302295,-5321.4365610863715,3438.455646010465,6130169976,32.663456,-97.177607
Baeolophus bicolor,606.8563637180482,-4929.24600184,3990.4902376571135,6130176740,38.781445,-82.981438
Baeolophus bicolor,-560.5421653211291,-5515.326909110155,3139.540523105246,6130193345,29.523827,-95.803246
Baeolophus bicolor,1587.9178220765834,-4506.059299432548,4214.700429450051,6130194516,41.417707,-70.58774
Baeolophus bicolor,520.0267269949277,-5175.784401717707,3678.393828809535,6130207468,35.265383,-84.262574
Baeolophus bicolor,1232.0290314880658,-4711.838109772796,4107.364023621565,6130232143,40.142888,-75.346639
Baeolophus bicolor,-657.0006790602833,-5316.856457086354,3448.0633190431568,6130235084,32.76615,-97.044295
Baeolophus bicolor,594.8332919719094,-5167.3686119809445,3678.8895216292403,6130250407,35.270843,-83.433392
Baeolophus bicolor,1264.8964216911356,-4698.208973104155,4112.982204813679,6130273440,40.209015,-74.93158
Baeolophus bicolor,1398.4322540904593,-4412.270674372021,4377.899936781741,6130280537,43.405686,-72.414424
Baeolophus bicolor,-399.4801352688076,-4925.518721754545,4021.123483909506,6130294653,39.135729,-94.636778
Baeolophus bicolor,1067.2417510098,-4437.00971211144,4445.6375233713925,6130326726,44.250105,-76.475462
Baeolophus bicolor,1546.3099746929788,-4497.799309828426,4238.924387194158,6130360643,41.708865,-71.027411
Baeolophus bicolor,298.41045143578486,-5195.087660806216,3675.835759210456,6130368199,35.237212,-86.712492
Baeolophus bicolor,1264.8990564055612,-4698.20699995928,4112.9836484376365,6130453758,40.209032,-74.931544
Baeolophus bicolor,1299.892109503916,-4648.359164887775,4158.460136580694,6130543345,40.7467,-74.376597
Baeolophus bicolor,-732.2578091954084,-5282.18520944674,3485.982077356662,6130556704,33.172619,-97.892487
Baeolophus bicolor,-385.5264052019865,-5133.88752339091,3752.9083945309158,6130589159,36.090353,-94.294534
Baeolophus bicolor,-602.8876898725263,-5447.144896630716,3248.8293334965374,6130597434,30.659803,-96.315767
Baeolophus bicolor,1264.898087688096,-4698.208301544617,4112.982459570874,6130657925,40.209018,-74.931559
Baeolophus bicolor,-6.803215248671891,-5382.054722242787,3409.280541804067,6130675155,32.35233,-90.072425
Baeolophus bicolor,568.3962369891407,-4680.108066362453,4285.238305464833,6130695546,42.269241,-83.075376
Baeolophus bicolor,1004.3089508969589,-4534.940281789503,4360.668905274582,6130709849,43.192762,-77.512803
Baeolophus bicolor,12.492249246268305,-4645.866167133505,4359.532616057648,6130720819,43.178747,-89.845938
Baeolophus bicolor,732.8213923319627,-5170.233907637836,3649.8503088387165,6130742015,34.951596,-81.932717
Baeolophus bicolor,543.9273519813435,-5116.376684890229,3757.204517158425,6130814860,36.138179,-83.931619
Baeolophus bicolor,582.2927655072197,-5319.227826597817,3457.8177502093513,6130817953,32.870534,-83.75274
Baeolophus bicolor,515.4445364863919,-4685.3218257896815,4286.237213251573,6130826908,42.281382,-83.721987
Baeolophus bicolor,300.06878933647897,-5301.151811537199,3521.008566075842,6130838557,33.549766,-86.760261
Baeolophus bicolor,1107.9782362145659,-4825.40759125037,4009.685640552834,6130849231,39.003239,-77.068275
Baeolophus bicolor,1264.8996377502176,-4698.206546078645,4112.983988113809,6130864819,40.209036,-74.931536
Baeolophus bicolor,-287.09059254647616,-5071.405602299304,3845.5399280615957,6130865299,37.128155,-93.240037
Baeolophus bicolor,1122.269930779934,-4806.320288889293,4028.591393124374,6130868571,39.222368,-76.856988
Baeolophus bicolor,672.3582793098201,-5112.15843672384,3742.1282169046845,6130879124,35.970472,-82.507383
Baeolophus bicolor,519.081117126513,-5269.686353993475,3542.6986400278374,6130899025,33.78414,-84.374329
Baeolophus bicolor,1517.212970191334,-4447.762913994581,4301.769751352931,6130908693,42.470471,-71.164556
Baeolophus bicolor,1517.0518405809098,-4447.841593713076,4301.745227219232,6130929296,42.470172,-71.166725
Baeolophus bicolor,901.8994003015146,-4909.330067070632,3959.1424442635885,6130936871,38.42071,-79.590192
Baeolophus bicolor,1516.700501304607,-4447.755876321309,4301.957738480127,6130940523,42.472763,-71.170442
Baeolophus bicolor,735.5230170325956,-5613.039121524567,2922.7642466212396,6130956629,27.307124,-82.534595
Baeolophus bicolor,353.02628737724615,-4703.21368401683,4283.095447520976,6130983676,42.243204,-85.707391
Baeolophus bicolor,1233.6117806423888,-4949.288476299517,3817.3942267869784,6131000798,36.81134,-76.00419
Baeolophus bicolor,1517.1054232992656,-4447.6945677715985,4301.87834510559,6131020028,42.471795,-71.165528
Baeolophus bicolor,1264.8956277118068,-4698.208963843063,4112.982459570874,6131027624,40.209018,-74.931589
Baeolophus bicolor,-137.87891948458588,-4959.53790115849,3996.714443165991,6131046434,38.853287,-91.592456
Baeolophus bicolor,433.09360755522096,-5429.11883985044,3305.5788720817486,6131089933,31.254943,-85.439039
Baeolophus bicolor,-346.35331187217344,-4959.3173434572045,3984.339844932557,6131106014,38.710526,-93.994988
Baeolophus bicolor,1145.1933102699043,-4887.931995787934,3922.5509832688053,6131108580,38.001898,-76.814009
Baeolophus bicolor,-688.508742593578,-5317.546103660496,3440.8447039200587,6131129963,32.688981,-97.377536
Baeolophus bicolor,628.0558004660049,-5188.996191308208,3642.748628133343,6131285863,34.873712,-83.098713
Baeolophus bicolor,1100.2240456257048,-4825.704495336725,4011.4631124804523,6131321261,39.023812,-77.15653
Baeolophus bicolor,1535.4843340249445,-4506.722914898476,4233.378031545303,6131321516,41.642085,-71.185524
Baeolophus bicolor,-664.4759709266724,-5300.240595692621,3472.128229416422,6131409967,33.023896,-97.145727
Baeolophus bicolor,591.847059257124,-5320.507056773864,3454.2256508435635,6131412553,32.83208,-83.652579
Baeolophus bicolor,-546.8276459483421,-5512.2870805516,3147.28832439736,6131422436,29.603934,-95.665297
Baeolophus bicolor,812.3126466382307,-4566.5520948308995,4367.665653296341,6131424373,43.279131,-79.91355
Baeolophus bicolor,497.7878331480925,-5266.094265943986,3551.085972634151,6131493174,33.874942,-84.60005
Baeolophus bicolor,351.22639601512384,-5160.691295894052,3719.362646597267,6131498569,35.717903,-86.106567
Baeolophus bicolor,789.8286554714438,-5447.1177593475195,3208.5560522569126,6131545534,30.239669,-81.749648
Baeolophus bicolor,-705.1083991585332,-5242.611859033854,3550.717697963487,6131555073,33.870953,-97.660065
Baeolophus bicolor,824.1255429317891,-5442.894074404679,3207.0974905629646,6131570114,30.224487,-81.390067
Baeolophus bicolor,376.7503192796739,-4984.580839139695,3949.9071108928006,6131615750,38.314778,-85.677623
Baeolophus bicolor,1105.8147261131276,-4835.831731699739,3997.706640547138,6131660042,38.864746,-77.119574
Baeolophus bicolor,479.7884292097765,-4910.460724112597,4030.7482766629623,6131662746,39.247411,-84.419491
Baeolophus bicolor,1307.3534319526605,-4501.0668634530775,4315.203033967661,6131667258,42.634466,-73.803843
Baeolophus bicolor,1401.4540995389732,-4574.695841252699,4206.879781570672,6131688683,41.323986,-72.9676
Baeolophus bicolor,815.0724236957607,-4656.365665438544,4271.260804906816,6133023601,42.099599,-80.071266
Bubo virginianus,1073.5934311144526,-4827.9558900734555,4015.967155972564,5938062222,39.07597,-77.463114
Bubo virginianus,-1264.8002651309528,-4686.997116326989,4125.783737733304,5938213318,40.359933,-105.101725
Bubo virginianus,1104.5230770710552,-4333.324098050636,4537.850169755338,5938228627,45.419548,-75.70034
Bubo virginianus,1105.0383414447756,-4335.976087417853,4535.19070855405,5938428884,45.385484,-75.702334
Bubo virginianus,1232.6021781995496,-4719.541921031277,4098.337352586236,5938476785,40.036777,-75.363017
Bubo virginianus,1321.0878881544702,-4637.107781225259,4164.338044245346,5938572688,40.816511,-74.098023
Bubo virginianus,1287.778605899745,-5003.042862750587,3728.396640024336,5938673520,35.818033,-75.565458
Bubo virginianus,-2621.9395066199563,-4164.778363604244,4045.96188011663,6129861579,39.424307,-122.192499
Bubo virginianus,706.1564666470275,-4608.195864571823,4342.306650621667,6129911044,42.966674,-81.28781
Bubo virginianus,-2008.9982675387223,-3580.96983416315,4871.3790796362155,6129934067,49.872895,-119.293328
Bubo virginianus,-647.9272534106983,-5557.211517374423,3047.5143240231328,6129993928,28.577102,-96.650213
Bubo virginianus,-2518.133137594486,-4637.125603924147,3570.1295164821545,6130047550,34.081469,-118.50362
Bubo virginianus,-2697.1964361313453,-4282.937990610374,3869.2798662262953,6130093909,37.396412,-122.200828
Bubo virginianus,-2444.831250289599,-4775.442247935295,3436.2340758335313,6130171801,32.639727,-117.110591
Bubo virginianus,-2323.5473742884465,-3530.0503782638143,4767.559654166291,6130176116,48.445146,-123.353685
Bubo virginianus,826.7950361422854,-5540.375076315189,3034.8652542795653,6130225461,28.447645,-81.512337
Bubo virginianus,1375.3811142672828,-4631.705594904551,4152.756097138887,6130227447,40.679024,-73.461257
Bubo virginianus,793.1291787366961,-4557.722334078833,4380.395685432182,6130311546,43.436588,-80.128314
Bubo virginianus,-1278.1548204488915,-4706.839933257331,4098.991489053719,6130426162,40.044461,-105.192458
Bubo virginianus,-2616.355542790614,-4232.700235984125,3978.528058929105,6130520401,38.643576,-121.721421
Bubo virginianus,485.63551465157855,-4918.494915905368,4020.2386793323085,6130541919,39.125471,-84.361086
Bubo virginianus,1516.9852183166272,-4447.963869489148,4301.642290196316,6130546019,42.468917,-71.167975
Bubo virginianus,-2375.493002292784,-4471.129439135174,3867.271346082951,6130568936,37.373679,-117.981528
Bubo virginianus,-1779.6236068480687,-3978.647107455193,4646.833345619889,6130611140,46.833745,-114.098665
Bubo virginianus,-199.32966476829725,-4319.757716686724,4678.644470735759,6130628239,47.253568,-92.641966
Bubo virginianus,-2490.9625846916606,-4643.4493364090595,3580.95473184819,6130636459,34.199093,-118.211182
Bubo virginianus,-2637.45019453153,-4272.504764330652,3921.646674525246,6130657129,37.991578,-121.687354
Bubo virginianus,-2612.535886108199,-4559.377649821831,3602.288830699092,6130666524,34.431386,-119.812827
Bubo virginianus,-601.5108341331014,-5474.720528950674,3202.401126652311,6130687763,30.175619,-96.269973
Bubo virginianus,137.0796752954718,-4657.009041988459,4345.483756169852,6130710453,43.005733,-88.313978
Bubo virginianus,-2687.3959380981687,-4329.299103397683,3824.241816999928,6130765658,36.888297,-121.829785
Bubo virginianus,617.0604102272667,-5161.373688379605,3683.641028752708,6130767826,35.323199,-83.182446
Bubo virginianus,-2584.615383033701,-4369.569263231282,3849.2052303413784,6130778965,37.16951,-120.604462
Bubo virginianus,1219.135236867212,-4729.210297551756,4091.2140454193527,6130791949,39.953157,-75.544543
Bubo virginianus,-2692.795345855901,-4344.075025997682,3803.632280270724,6130824669,36.656909,-121.793852
Bubo virginianus,-1911.3207006019552,-5039.679010195275,3396.7987551995275,6130877500,32.21955,-110.769455
Bubo virginianus,-604.7223130562589,-5258.522336224996,3545.702595141354,6130892228,33.81665,-96.560113
Bubo virginianus,-2425.3411837229646,-4692.3128813835065,3562.256741928793,6130956863,33.996028,-117.333331
Bubo virginianus,135.6715588976639,-4649.316545098931,4353.757230399169,6131018547,43.107563,-88.328528
Bubo virginianus,-2644.371097577239,-4503.375104906738,3649.2009114985462,6131065177,34.944471,-120.421354
Bubo virginianus,-2500.3139007053983,-4642.274813801403,3575.9569461560827,6131117037,34.144768,-118.306759
Bubo virginianus,33.508607729820206,-4663.6790279001725,4340.360379923485,6131148872,42.942759,-89.588336
Bubo virginianus,1122.2618234183485,-5138.1971362939175,3595.721307047606,6131175872,34.359808,-77.679205
Bubo virginianus,-2439.676522930246,-4754.944857641276,3468.1740143671013,6131192990,32.981493,-117.161542
Bubo virginianus,-1627.391921361039,-3648.529649507798,4962.819769105943,6131193479,51.166295,-114.038806
Bubo virginianus,-2493.727227577112,-4649.977738059156,3570.5440313308372,6131229908,34.08597,-118.204125
Bubo virginianus,-2516.969983665655,-4642.480173505907,3563.9855596800758,6131276927,34.014783,-118.464806
Bubo virginianus,-2665.6568747832716,-4282.899757114062,3891.1176063067574,6131371025,37.644025,-121.897942
Bubo virginianus,-604.6217300375367,-5258.48057968266,3545.781674940542,6131387433,33.817506,-96.559083
Bubo virginianus,1160.9418437770887,-4641.825555545571,4206.592763380945,6131416309,41.320549,-75.958117
Bubo virginianus,-1005.0925030607126,-5579.511642820283,2906.6461803256175,6131588102,27.144111,-100.211736
Bubo virginianus,-2658.811359874784,-4265.029131108196,3915.3546190704997,6131633946,37.919813,-121.939338
Bubo virginianus,1220.5282481321647,-4724.114623789511,4096.682187635129,6133040600,40.017338,-75.513766
Bubo virginianus,-2444.824283466187,-4769.974235537491,3443.8253650497454,6133076389,32.720837,-117.137161
Bubo virginianus,-831.0349986452693,-5483.234528821489,3135.8050103033956,6133113806,29.485227,-98.618119
Bubo virginianus,-1260.488812960503,-4722.030149483145,4086.9734950756715,6133170267,39.903426,-104.945925
Bubo virginianus,-2523.5957277283087,-4635.245521459026,3568.713590141817,6133224846,34.066096,-118.565475
Bubo virginianus,-1485.6803423934793,-4983.932386753391,3680.0713327561566,6133327928,35.283862,-106.599003
Bubo virginianus,-1915.8067678425507,-5034.097322117437,3402.543417712132,6133360999,32.280637,-110.835128
Bubo virginianus,-2444.810403133999,-4775.437895830567,3436.2549564126552,6133375818,32.63995,-117.110414
Bubo virginianus,-2584.4538310170856,-4369.6933067391765,3849.1728890837558,6133465130,37.169145,-120.60218
Bubo virginianus,-2016.8208191417434,-4919.672828402957,3509.8441809612436,6133502449,33.429376,-112.291186
Bubo virginianus,861.5790096710424,-5560.955706461774,2987.173642515937,6133535691,27.960958,-81.192981
Bubo virginianus,-2683.494131135126,-4253.916976443971,3910.6013265689144,6147166568,37.865645,-122.244917
Bubo virginianus,-2445.7717129258353,-4768.414177431763,3445.3127710553395,6147167008,32.736738,-117.153783
Bubo virginianus,690.7161521381798,-5590.7852629597355,2975.8670115321192,6147373965,27.845898,-82.957055
Bubo virginianus,897.721600713731,-5513.904844659928,3062.7932384222713,6147385767,28.733687,-80.752782
Bubo virginianus,-2519.934815080622,-4437.398507406238,3814.3382314486635,6147387770,36.77702,-119.59162
Bubo virginianus,170.78859640601743,-4714.923656051043,4281.364187105013,6147455081,42.222176,-87.925483
Bubo virginianus,972.7490312128276,-5656.292499329526,2765.839404951139,6147463218,25.729881,-80.24193
Bubo virginianus,-505.2178889152142,-4064.295681289663,4880.164815807729,6147474465,49.995648,-97.085883
Bubo virginianus,-2691.1272841673726,-4345.0358769729755,3803.715328189671,6147535161,36.65784,-121.772283
Bubo virginianus,-1272.402786361926,-4713.196888428,4093.4727762437196,6147539244,39.979661,-105.107758
Bubo virginianus,1246.3659635540878,-4265.188119929893,4565.5772161009645,6147642322,45.775927,-73.710672
Bubo virginianus,-753.0495794428159,-5453.670878201577,3206.2662729153467,6147692976,30.215836,-97.861758
Bubo virginianus,784.3169705434663,-5649.566209660924,2838.4858044479392,6159134803,26.457356,-82.09627
Bubo virginianus,130.01122090442973,-4650.8760614177645,4352.2640169741035,6159173846,43.089172,-88.398763
Bubo virginianus,293.91892282114765,-5129.9127273374115,3766.6112364281403,6159193146,36.243,-86.720817
Bubo virginianus,-505.18208946626726,-4070.555723398005,4874.948234481231,6159248884,49.922725,-97.0746
Bubo virginianus,-160.65290496492204,-4366.13137091282,4636.899893866021,6159328932,46.703321,-92.107262
Bubo virginianus,-1945.9501086182006,-5024.892839112419,3399.041520764785,6159361889,32.243394,-111.169493
Bubo virginianus,-817.7932717313914,-5488.144211437024,3130.693279268761,6159406475,29.43243,-98.475333
Bubo virginianus,-2476.220565258012,-4670.315075710978,3556.155499335975,6159507432,33.929872,-117.932722
Bubo virginianus,-2585.7271129204128,-4252.911768090735,3976.997601208862,6159509734,38.625956,-121.299176
Bubo virginianus,-2592.577673792959,-4515.321680423086,3671.5343192361634,6159539175,35.189864,-119.863297
Bubo virginianus,-1764.5535426476254,-3931.384952037818,4692.580983179487,6159560289,47.438544,-114.172338
Bubo virginianus,-2484.6479256121324,-4674.224056457382,3545.1244386430017,6159590594,33.810392,-117.993491
Bubo virginianus,-2323.069854014645,-3529.321015652013,4768.332281995756,6159601251,48.455622,-123.353714
Bubo virginianus,-2360.9372133033667,-4721.301135510201,3567.217990584098,6159635628,34.049861,-116.567834
Bubo virginianus,-2513.1277678711385,-4633.397668765337,3578.4868303673284,6159650123,34.172263,-118.475145
Bubo virginianus,-2621.839121100001,-4352.251374651747,3843.646800187159,6159672585,37.106804,-121.065174
Bubo virginianus,-675.5101328249616,-5085.4540555670055,3777.7766263829485,6171317590,36.367601,-97.566409
Bubo virginianus,-2326.296724477814,-3475.5269318843198,4806.122056825856,6178521613,48.970683,-123.795836
Bubo virginianus,1248.9266801404533,-4289.912340262461,4541.650293690018,6183412342,45.468258,-73.768082
Bubo virginianus,-1633.4751626155191,-3663.854736721287,4949.51315696813,6185810892,50.975847,-114.028992
Bubo virginianus,-1279.9988155954534,-4732.875355618834,4068.3223852010015,6235690177,39.685122,-105.133521
Bubo virginianus,-1927.383670315798,-5031.712779033217,3399.5311186090435,6243764396,32.2486,-110.9592
Bubo virginianus,-2598.021327861027,-4359.436856077661,3851.668288875404,6251596364,37.197313,-120.792973
Bubo virginianus,-1609.6929761865294,-4580.861760817725,4124.845109864263,6334661706,40.348856,-109.361232
Bubo virginianus,-2686.1740297106603,-4292.434928647035,3866.4227129371598,6413245316,37.364076,-122.038028
Catharus guttatus,942.6535959712919,-5272.361788050663,3450.1244185656615,5938044402,32.788196,-79.863108
Catharus guttatus,1340.928800221431,-4637.143961683626,4157.95129373051,5938093656,40.74066,-73.87165
Catharus guttatus,1018.6152906850427,-4964.181011883052,3861.2281596041194,5938244951,37.305322,-78.404261
Catharus guttatus,1127.727786342874,-4943.20991679127,3857.8049313209285,5938251839,37.266628,-77.14867
Catharus guttatus,-218.36807125422825,-4510.197062759095,4494.46225595603,5938456117,44.866343,-92.771898
Catharus guttatus,-1951.6585848467487,-4856.102737662391,3633.0494215107037,5938462476,34.76746,-111.895102
Catharus guttatus,-2445.9448786668745,-4759.549002507865,3457.4267993591866,5938507406,32.866348,-117.198752
Catharus guttatus,-24.34953773532888,-4961.501005497542,3996.582039960694,5938605934,38.851758,-90.281188
Catharus guttatus,1096.5903561668365,-4855.871805893935,3975.8963423564883,5938625525,38.61328,-77.274486
Catharus guttatus,-2704.8645088524577,-4266.826393733878,3881.7075680895564,6129903634,37.537226,-122.371791
Catharus guttatus,911.533450764442,-5277.188365543639,3451.1074820100516,6129905138,32.798713,-80.19995
Catharus guttatus,-1931.4340252120817,-5062.9642666528225,3350.478856898986,6129918301,31.728484,-110.880995
Catharus guttatus,1158.2943675736344,-4879.910834750969,3928.686489477714,6129942259,38.071955,-76.647389
Catharus guttatus,-2692.425406820229,-4294.406865720275,3859.8793025224136,6130042749,37.290073,-122.086106
Catharus guttatus,-2511.5094309073256,-4381.78463874262,3883.5598215838263,6130064151,37.558236,-119.82006
Catharus guttatus,1015.9597342307661,-5067.620391102524,3725.1580529933335,6130068391,35.782123,-78.663591
Catharus guttatus,-883.0253611008693,-5467.541791032936,3148.969054252276,6130071472,29.62132,-99.174233
Catharus guttatus,-2669.8380373946934,-4463.802119935592,3679.1559654105995,6130108162,35.273778,-120.884003
Catharus guttatus,1228.171131222258,-4728.176217274022,4089.7064027279503,6130122075,39.935472,-75.438891
Catharus guttatus,1100.2240456257048,-4825.704495336725,4011.4631124804523,6130140622,39.023812,-77.15653
Catharus guttatus,540.5272600081503,-5130.975540379642,3737.736402542502,6130156525,35.921685,-83.986305
Catharus guttatus,-2698.248666555282,-4197.757318590276,3960.8131434507054,6130236360,38.43989,-122.732236
Catharus guttatus,836.4237953057776,-5136.737715353313,3674.7889746202472,6130268837,35.225687,-80.751598
Catharus guttatus,-2700.4632624197484,-4298.284240078269,3849.9355695249615,6130342406,37.177753,-122.139725
Catharus guttatus,551.5709659336555,-5477.440317888715,3206.7382436338053,6130556849,30.220748,-84.249775
Catharus guttatus,-2498.971193427239,-4643.345018402926,3575.505998340795,6130706037,34.139868,-118.2884
Catharus guttatus,-2571.1884443532904,-4257.533113271529,3981.476472704314,6130712610,38.677533,-121.128411
Catharus guttatus,298.75007354165143,-5195.118200644298,3675.7650094328183,6130784481,35.236433,-86.708778
Catharus guttatus,-2700.7409368837657,-4308.091438479738,3838.762779752769,6130800053,37.051749,-122.083584
Catharus guttatus,1018.1170913082971,-5060.145879367831,3734.7174454809992,6130800277,35.888166,-78.623801
Catharus guttatus,-189.1913678699478,-5497.958650914457,3213.4732656170963,6130818665,30.290869,-91.970839
Catharus guttatus,1204.8496370481992,-4749.840753751672,4071.4989003783376,6130877397,39.722253,-75.766503
Catharus guttatus,559.4679499329407,-5193.044875359799,3648.154830208635,6130880055,34.932995,-83.851008
Catharus guttatus,-2514.3468008689492,-4660.482800641694,3542.2751671151227,6130882402,33.779558,-118.347017
Catharus guttatus,-1927.5976772188724,-5062.237099612724,3353.7853049595155,6130916557,31.763451,-110.845823
Catharus guttatus,1013.4464090004944,-4476.36881066625,4418.687788999791,6130952096,43.912715,-77.243333
Catharus guttatus,673.8399019527934,-5170.123969557263,3661.353718998362,6130990634,35.077911,-82.574303
Catharus guttatus,847.4332662065151,-5224.9921090770085,3545.5701162277114,6131067957,33.815216,-80.787507
Catharus guttatus,-860.4362818503964,-5465.950070787311,3157.972824172666,6131176090,29.714509,-98.945947
Catharus guttatus,1389.3489712793048,-4611.014850925991,4171.091537022718,6131176286,40.896812,-73.231874
Catharus guttatus,515.6075183058133,-4685.176098301342,4286.376901842601,6131190775,42.28308,-83.719824
Catharus guttatus,514.7043235929076,-4731.229536096113,4235.599091713468,6131241126,41.668819,-83.791283
Catharus guttatus,-2699.70932363198,-4253.177074252288,3900.2317203759494,6131267647,37.747612,-122.405388
Catharus guttatus,837.0935419130778,-5503.937826628878,3097.6920331706056,6131303894,29.09223,-81.352161
Catharus guttatus,-714.3925311430468,-5674.5871344847665,2806.8589729917726,6131320277,26.140091,-97.175406
Catharus guttatus,-648.9511338189146,-5299.687399340581,3475.9069355872075,6131320330,33.064436,-96.981162
Catharus guttatus,-2717.2280851993246,-4281.004871604193,3857.3853776855913,6131375252,37.261887,-122.404005
Catharus guttatus,-2705.0253484819714,-4248.286954250275,3901.87761828768,6131386251,37.766334,-122.486261
Catharus guttatus,1012.7879476196076,-5074.474997707029,3716.680938751691,6131431286,35.688204,-78.712945
Catharus guttatus,515.5917285443745,-4685.182276466752,4286.372048179659,6131436940,42.283021,-83.720023
Catharus guttatus,-2618.445289903994,-4555.587005370327,3602.793975508181,6131525765,34.436894,-119.889286
Catharus guttatus,1159.615422848795,-4805.617417471159,4018.8414297738186,6131563060,39.109275,-76.433635
Catharus guttatus,1105.6053175618795,-4836.214844945767,3997.3010876068006,6131580883,38.860062,-77.122918
Catharus guttatus,812.9083767528834,-5229.167681069855,3547.497493154428,6131693880,33.836081,-81.163724
Catharus guttatus,897.5240970288015,-5127.745907595102,3672.9314630240187,6133104957,35.20524,-80.071927
Catharus guttatus,1095.3657275860735,-4837.280101975458,3998.8308625821596,6133176812,38.877732,-77.240975
Catharus guttatus,101.96553610605994,-5153.438353728804,3744.5199015949956,6133237616,35.997053,-88.866498
Catharus guttatus,-687.5880431148333,-5312.476889482101,3448.849824414153,6133281069,32.774562,-97.374732
Catharus guttatus,-2407.5953431380312,-3751.1060825845625,4552.190785827698,6133296002,45.603587,-122.693813
Catharus guttatus,278.34943582256886,-5143.087504939621,3749.7900791629168,6133347385,36.055657,-86.902113
Catharus guttatus,1136.3787192162545,-4814.127178891681,4015.2927715978917,6133386859,39.068158,-76.718405
Catharus guttatus,-737.4379575007888,-5454.024516174524,3209.2919726135447,6133416333,30.24733,-97.700257
Catharus guttatus,177.11123252816415,-4743.552285191906,4249.364241700215,6133441749,41.834753,-87.861726
Catharus guttatus,-2522.1139597602278,-4376.71107858854,3882.4083296609024,6133480647,37.545174,-119.953033
Catharus guttatus,-2662.5964946478184,-4323.508106153073,3848.065837845716,6133488190,37.156652,-121.626493
Catharus guttatus,1067.0031226011206,-4935.537387661434,3884.8073518558213,6133501038,37.57239,-77.801085
Catharus guttatus,-754.567009064153,-5655.605216729697,2834.521368945603,6133542695,26.417539,-97.599484
Catharus guttatus,1146.694364520201,-4810.275711407946,4016.9755717820626,6133558005,39.087653,-76.591828
Catharus guttatus,-2517.7317662723035,-4386.281979602365,3874.443221702486,6133563481,37.454884,-119.855882
Catharus guttatus,1106.4611679029933,-5140.213670147784,3597.735432021931,6133566397,34.381753,-77.852108
Catharus guttatus,-2529.5873910085293,-4381.565145865636,3872.0572869552884,6147165660,37.427859,-119.998917
Catharus guttatus,1109.2965538144954,-4841.599764927373,3989.7526241144237,6147175035,38.772936,-77.095253
Catharus guttatus,692.2432096625522,-5177.0875800658305,3648.0565588655054,6147182831,34.931917,-82.383992
Catharus guttatus,820.3278328486892,-5130.734523658492,3686.784320253909,6147238451,35.357853,-80.916144
Catharus guttatus,-2523.4468122450908,-4386.24945457969,3870.760266103663,6147265145,37.413172,-119.912186
Catharus guttatus,-2688.303023942193,-4294.048525179138,3863.149912253933,6147330044,37.327053,-122.048758
Catharus guttatus,727.1411781893602,-5484.382181902934,3159.5206787556303,6147342175,29.730538,-82.447546
Catharus guttatus,524.8281225540235,-5268.181920337496,3544.0891390712763,6147362983,33.799187,-84.310837
Catharus guttatus,-748.6418484441452,-5444.637364346467,3222.6095766006047,6147365510,30.386071,-97.82912
Catharus guttatus,-2514.091865720739,-4387.3019474931125,3875.6517957522187,6147400672,37.468577,-119.814359
Catharus guttatus,922.4066980457377,-4944.71031212463,3910.084262806384,6147403922,37.859755,-79.433261
Catharus guttatus,314.14061446570287,-5236.0901837176125,3615.857905393492,6147427914,34.579467,-86.56664
Catharus guttatus,393.8526221130533,-5488.021288606906,3211.8928340667776,6147428701,30.27441,-85.895156
Catharus guttatus,-2500.692126216866,-4643.442742167642,3574.175641985864,6147469181,34.125414,-118.30436
Catharus guttatus,1221.7121412448755,-4723.31758192618,4097.248295365966,6147471937,40.023986,-75.497963
Catharus guttatus,1019.4721073179928,-4812.118931612035,4048.9432127530627,6147631822,39.459025,-78.038457
Catharus guttatus,532.602660598881,-5135.5106018232755,3732.6422804979816,6147640765,35.865134,-84.079035
Catharus guttatus,1022.5071570381258,-5056.233641607721,3738.8144651690804,6159291874,35.933658,-78.567428
Catharus guttatus,-2690.062977874059,-4304.384288393619,3850.401304095321,6159469257,37.18301,-122.003687
Catharus guttatus,-1924.7423851127674,-5077.345657942748,3332.5187096845784,6159504305,31.538778,-110.760935
Catharus guttatus,540.796077108018,-5249.945314631021,3568.664585814393,6171173022,34.065564,-84.118714
Catharus guttatus,693.1822264866397,-5177.182714023205,3647.743230571441,6171221531,34.92848,-82.373921
Catharus guttatus,546.7317068078494,-5250.090729777759,3567.546061307415,6178791282,34.053422,-84.054786
Catharus guttatus,-2272.402031385588,-3483.728242923374,4825.9278555413675,6178886701,49.242763,-123.116019
Catharus guttatus,-2695.6685391343244,-4316.002239266352,3833.438264462686,6179130477,36.991774,-121.987883
Catharus guttatus,339.5406649606222,-5389.690123060328,3380.193137070939,6185638817,32.043201,-86.395234
Catharus guttatus,-2676.7017165611014,-4205.616473050504,3967.091016329538,6195567517,38.512007,-122.475074
Catharus guttatus,540.2111659150589,-5131.308391789477,3737.3251416285702,6236026472,35.917118,-83.990183
Catharus guttatus,800.9295632183301,-5441.823068174979,3214.7825212786915,6334455630,30.304506,-81.627297
Catharus guttatus,1375.0829830576417,-4571.669968034579,4218.85453917926,6500258608,41.467544,-73.259579
Chaetura pelagica,239.16454770996032,-4807.05849128949,4174.295402833601,6178634811,40.934941,-87.151724
Chaetura pelagica,862.5410324249193,-5490.250937945372,3114.9511610056975,6188104698,29.270008,-81.071576
Chaetura pelagica,1014.5255585778694,-5071.9260294100895,3719.685117434285,6195436975,35.721475,-78.688543
Chaetura pelagica,-726.2208182501848,-5596.56302005638,2956.490963178289,6195562131,27.649004,-97.393498
Chaetura pelagica,-693.8056714406625,-5314.553830177105,3444.4018938132167,6234295581,32.727,-97.4378
Chaetura pelagica,785.119953295718,-4551.064230484166,4388.753143960359,6234431526,43.540184,-80.212046
Chaetura pelagica,1127.9878499855588,-4812.749185369365,4019.3086244637775,6234576775,39.11469,-76.809392
Chaetura pelagica,1109.2608711392386,-4842.964911624833,3988.10535395036,6235079952,38.753937,-77.09917
Chaetura pelagica,985.0199663546312,-5615.644413100544,2843.242272683214,6235338475,26.505146,-80.051163
Chaetura pelagica,1247.1465443463242,-4723.3216470552225,4089.573479601753,6235628092,39.933913,-75.209172
Chaetura pelagica,1016.3442047354066,-5068.063986724348,3724.449625601869,6235724178,35.77427,-78.660379
Chaetura pelagica,1020.5994382946351,-5065.045105137941,3727.391581139322,6235754459,35.806887,-78.607531
Chaetura pelagica,-876.0444182868602,-5444.790751126707,3190.070999728838,6236110435,30.047433,-99.140319
Chaetura pelagica,673.1474344815657,-5138.752518222958,3705.3809814357173,6236215142,35.563182,-82.537071
Chaetura pelagica,1332.411774023436,-4646.164018875781,4150.613437050625,6236300093,40.65362,-73.99834
Chaetura pelagica,-663.7839889318016,-5286.941967314987,3492.4759956166845,6236399789,33.242419,-97.156132
Chaetura pelagica,-12.377526927630232,-5521.3938259759825,3178.649106928743,6236509702,29.928837,-90.128442
Chaetura pelagica,1205.3430955302133,-4749.935488619727,4071.2423172400286,6236547689,39.719253,-75.761183
Chaetura pelagica,1092.5415906608691,-4826.818204988686,4012.2228276036026,6251467957,39.032607,-77.246114
Chaetura pelagica,670.0194645017369,-5130.40094420899,3717.5009345695858,6251665183,35.697284,-82.559404
Chaetura pelagica,-543.5507590997606,-5498.045174635357,3172.665276960109,6251834191,29.866762,-95.64606
Chaetura pelagica,-105.22255201632561,-5496.870824860535,3219.175745283513,6251898514,30.350279,-91.096637
Chaetura pelagica,542.763210003675,-5184.53886546656,3662.74732680411,6251937184,35.093227,-84.023543
Chaetura pelagica,1315.743413409059,-4642.325122718417,4160.215121207742,6252804458,40.767536,-74.176031
Chaetura pelagica,1062.8107220614477,-4838.157750733315,4006.546652388789,6252903255,38.966922,-77.610475
Chaetura pelagica,825.9209855525862,-5535.841097001052,3043.365078996515,6252926201,28.534619,-81.514336
Chaetura pelagica,1356.341590114749,-4638.147107625432,4151.828757141637,6252934320,40.668028,-73.699403
Chaetura pelagica,966.5764729891407,-5663.7316295805695,2752.7490041102437,6253143382,25.599271,-80.315166
Chaetura pelagica,689.7910639681322,-5173.402218192304,3653.744778518348,6253361488,34.994338,-82.405312
Chaetura pelagica,-41.35389802240339,-4769.010243909397,4224.285061200655,6273306866,41.532752,-90.496821
Chaetura pelagica,1141.0820649112106,-4791.134680573477,4041.375177265962,6273356806,39.370928,-76.603703
Chaetura pelagica,1284.4341501353429,-4646.104814914543,4165.776289297282,6273375015,40.833604,-74.546328
Chaetura pelagica,1504.3040746254023,-4450.780788749883,4303.1817009322085,6273525031,42.487688,-71.325438
Chaetura pelagica,60.51086906354659,-4723.520366792922,4274.86220934606,6273672899,42.143265,-89.26605
Chaetura pelagica,1517.4471734914878,-4421.82192206436,4328.34819473794,6273774051,42.795363,-71.059195
Chaetura pelagica,1315.4412423506517,-4642.899074283135,4159.670137597597,6273939619,40.761065,-74.181341
Chaetura pelagica,240.37361992059385,-5197.400659039549,3676.8192832853456,6273984381,35.248042,-87.352025
Chaetura pelagica,523.755547394818,-5269.705012056015,3541.9828263505597,6274293457,33.776395,-84.324018
Chaetura pelagica,1398.5628315901754,-4618.378883758753,4159.849951839989,6320091776,40.7632,-73.15235
Chaetura pelagica,1521.247374451041,-4454.374019781454,4293.496436157745,6320279318,42.369683,-71.144058
Chaetura pelagica,690.0515166012644,-4785.001696239751,4149.378363212546,6320300648,40.638981,-81.793874
Chaetura pelagica,843.0949014139234,-4531.861061322254,4397.86077971534,6320332880,43.653282,-79.46133
Chaetura pelagica,-696.3877761247696,-5306.894368011479,3455.672056447122,6320358654,32.847562,-97.475822
Chaetura pelagica,605.5390366940468,-4785.178896193534,4162.347719273476,6320402948,40.792864,-82.787857
Chaetura pelagica,618.0906808972219,-4700.831228879789,4255.573145588498,6320702379,41.90974,-82.509411
Chaetura pelagica,50.097932962967526,-5459.735727860667,3283.0670277519503,6320793393,31.018414,-89.474275
Chaetura pelagica,266.4654574358505,-4842.228109010655,4131.776401256248,6320891402,40.430697,-86.850218
Chaetura pelagica,972.8830788532401,-5656.118670029707,2766.1477247428165,6320898658,25.732959,-80.240317
Chaetura pelagica,832.0497442284104,-5527.366219811315,3057.0686980988244,6320988048,28.674992,-81.439383
Chaetura pelagica,972.3911853692052,-5056.807781436737,3751.386886725306,6321220486,36.073422,-79.115258
Chaetura pelagica,-297.3117011217796,-4722.3093025627295,4266.28101898867,6333846743,42.03927,-93.602528
Chaetura pelagica,635.4598919829419,-5192.952857313114,3635.8196430904036,6333884006,34.797793,-83.02342
Chaetura pelagica,-347.34803330574334,-5366.293207552376,3416.4308399283154,6333894080,32.428482,-93.70346
Chaetura pelagica,1287.1561483499304,-4280.610771916514,4539.752592244948,6333919766,45.443928,-73.264256
Chaetura pelagica,1251.9708235686178,-4703.449757821004,4110.946674704488,6334042538,40.185049,-75.094544
Chaetura pelagica,-91.27443725254433,-4659.060846113448,4344.487787874919,6334628576,42.993486,-91.122323
Chaetura pelagica,1334.6333342929734,-4645.3060322797555,4150.860014399037,6334781713,40.656543,-73.970221
Chaetura pelagica,1308.6484340665484,-4555.960504490374,4256.8082276767445,6352353067,41.924667,-73.973883
Chaetura pelagica,713.1359347614574,-5584.499546707395,2982.3740679288094,6352685415,27.912101,-82.722763
Chaetura pelagica,709.1332879807165,-4607.455756014067,4342.606885953175,6352729376,42.970364,-81.250267
Chaetura pelagica,-749.4465863910264,-5453.954716314792,3206.627651632151,6352876475,30.219597,-97.824208
Chaetura pelagica,486.81388122072224,-4860.49273502809,4090.0337098204236,6353036628,39.939311,-84.280483
Chaetura pelagica,1333.9563441329594,-4629.1814025661915,4169.051827905259,6353083752,40.872549,-73.925004
Chaetura pelagica,1406.4336990349375,-4495.763800815556,4289.499414520627,6353153820,42.321048,-72.628474
Chaetura pelagica,522.9581995530551,-5261.519302570538,3554.2485112714485,6353207498,33.909205,-84.323843
Chaetura pelagica,142.14963391112946,-4729.593560054539,4266.203390363263,6353364339,42.03833,-88.278473
Chaetura pelagica,1235.1928101908745,-4676.4672774803985,4146.649931448913,6398831727,40.606653,-75.204388
Chaetura pelagica,1446.9058812009616,-4473.717551024373,4299.0775492284365,6398926857,42.437656,-72.077568
Chaetura pelagica,1124.14218659044,-4809.883241775626,4023.81419482698,6398994511,39.166933,-76.845237
Chaetura pelagica,1334.1887227927891,-4650.654982271663,4145.009266276945,6399859757,40.587221,-73.992773
Chaetura pelagica,1520.7279852109843,-4469.086172133733,4278.365144622024,6400070858,42.185766,-71.207733
Chaetura pelagica,863.9582122899347,-4755.404268213377,4150.83841927775,6400131656,40.656287,-79.70286
Chaetura pelagica,1137.7920039915814,-4792.852062692953,4040.2662771740866,6400280522,39.358029,-76.645557
Chaetura pelagica,923.3077498770118,-4464.985676925495,4449.849304588264,6400472351,44.303008,-78.316567
Chaetura pelagica,382.22752033595344,-4984.147718370259,3949.9274390600895,6400621166,38.315011,-85.614648
Chaetura pelagica,1258.8614562888101,-4706.559019754735,4105.279912151325,6400673759,40.118374,-75.025641
Chaetura pelagica,1262.4103636592079,-4281.250105628603,4546.094008757225,6412286340,45.525271,-73.570816
Chaetura pelagica,1517.378631904722,-4447.581692933077,4301.898685673913,6413018381,42.472043,-71.161931
Chaetura pelagica,1045.1080040203965,-4447.6651855327855,4440.24512690567,6413069718,44.182442,-76.776588
Chaetura pelagica,1261.5310626530122,-4277.23092735799,4550.119570043331,6413330856,45.576969,-73.567047
Chaetura pelagica,1412.826541477444,-4487.280042327937,4296.276540808298,6413372013,42.403533,-72.523317
Chaetura pelagica,985.0117248943402,-5615.667119552003,2843.2002802969455,6413532919,26.504724,-80.051284
Chaetura pelagica,848.354342091945,-4526.211271566114,4402.665052565212,6413986558,43.713027,-79.384139
Chaetura pelagica,1243.6593061831434,-4279.727578111035,4552.691129099068,6422632669,45.610019,-73.7965
Chaetura pelagica,972.2125954205673,-4673.578020635722,4219.268216647732,6422956386,41.472509,-78.248743
Chaetura pelagica,848.2282454817406,-4530.277974922038,4398.504682637121,6423080650,43.661286,-79.394993
Chaetura pelagica,-61.039284751721,-5164.415690542129,3730.2597645039014,6423098793,35.838699,-90.677159
Chaetura pelagica,1261.7547755236192,-4278.194991692008,4549.151088849676,6424537365,45.564527,-73.567794
Chaetura pelagica,1594.278271647532,-4506.029324727692,4212.330666854645,6430840689,41.389294,-70.515711
Chaetura pelagica,985.0245143857127,-5615.661702211452,2843.2065493122727,6430976083,26.504787,-80.051148
Chaetura pelagica,870.6368541311102,-5073.451168647361,3753.9096735612657,6431291368,36.101497,-80.262522
Chaetura pelagica,1404.605914423748,-4566.21927734493,4215.029877242487,6431436422,41.421658,-72.90168
Chaetura pelagica,797.4208839669304,-5137.219471018087,3682.7773717784626,6431494074,35.31368,-81.176722
Chaetura pelagica,-925.9345594125818,-4708.052858039651,4191.257163103635,6431598787,41.13717,-101.12638
Chaetura pelagica,1521.916308334028,-4503.846794117452,4241.330915552606,6440988116,41.737862,-71.32913
Chaetura pelagica,1118.9790534650988,-4821.652738909775,4011.1474509107306,6441676735,39.020158,-76.934439
Chaetura pelagica,827.6706207006074,-4791.076633425697,4117.074102557397,6441930942,40.257218,-80.198746
Chaetura pelagica,789.2852826949817,-4520.801893912671,4419.177763814683,6452651036,43.918832,-80.096568
Chaetura pelagica,689.9742050628532,-5173.326327791065,3653.8176517457923,6480444010,34.995138,-82.403209
Chaetura pelagica,343.78910926320526,-4913.84608897242,4040.5047694464974,6498676446,39.360803,-85.997917
Contopus virens,-784.5390386103753,-5665.2152183088965,2807.060412035164,6234809414,26.142109,-97.884376
Contopus virens,-746.1184852496222,-5582.763742629859,2977.550894548017,6235274780,27.863026,-97.612289
Contopus virens,-137.83618193953092,-4959.586680601546,3996.6553859728137,6251506541,38.852605,-91.591947
Contopus virens,-424.13564062043054,-5524.84374207073,3144.1952410330423,6251518110,29.571946,-94.389918
Contopus virens,-345.06975883269155,-5365.261936595381,3418.2809046269685,6251626582,32.448196,-93.679941
Contopus virens,-694.3079176475854,-5591.305575974218,2974.0530595887035,6252353203,27.82745,-97.078546
Contopus virens,-719.774932359283,-5596.340972849593,2958.4869261211034,6252375035,27.66927,-97.328878
Contopus virens,502.75078286164404,-5511.639456491148,3155.7606502489057,6252532042,29.691605,-84.78812
Contopus virens,242.8969916888768,-5261.498625526791,3584.32509612139,6252900146,34.235748,-87.356818
Contopus virens,1511.295754341329,-4464.168458243959,4286.83312586425,6253273371,42.288626,-71.297028
Contopus virens,-738.7769700328065,-5447.403902954743,3220.209998788901,6273169507,30.361058,-97.723333
Contopus virens,-694.2548185389961,-5591.324042703222,2974.03073724898,6273240130,27.827223,-97.077987
Contopus virens,-66.64445637426728,-5484.080474685868,3241.9396961204006,6273293772,30.587801,-90.696244
Contopus virens,-280.55229301144595,-4992.981194509585,3947.300638643716,6273341003,38.284909,-93.21603
Contopus virens,-728.0295142358751,-5588.93620156609,2970.4407570094586,6273415882,27.790722,-97.421709
Contopus virens,-507.23150677928106,-5516.595366599609,3146.370113228826,6273428447,29.594437,-95.253374
Contopus virens,-670.8571594735149,-5315.949701657501,3446.7930849861145,6273506058,32.752566,-97.192537
Contopus virens,-539.767096121291,-5513.6794456448715,3146.0679557656545,6273511464,29.591312,-95.591211
Contopus virens,1066.7366192088873,-4835.063108219193,4009.238188790234,6273641633,38.998061,-77.55842
Contopus virens,-437.2264994877828,-5522.240273166179,3146.974496757898,6273665572,29.600688,-94.526982
Contopus virens,0.9010487650480594,-5209.514718253904,3667.52078631935,6273753730,35.14571,-89.99009
Contopus virens,-344.71642440627755,-5365.257926524712,3418.3228487499146,6273793987,32.448643,-93.676186
Contopus virens,-240.86539622799484,-5438.979111988657,3308.964068999308,6274032684,31.290562,-92.535689
Contopus virens,-625.2204271042925,-5307.35026734476,3468.5567152526796,6274137502,32.985596,-96.718635
Contopus virens,-560.3185266677535,-5515.108158178619,3139.9646943782595,6274154742,29.528211,-95.801175
Contopus virens,1109.2608711392386,-4842.964911624833,3988.10535395036,6320233956,38.753937,-77.09917
Contopus virens,-485.83288309372375,-5519.980441948053,3143.8090686129863,6320364753,29.567953,-95.029842
Contopus virens,1063.361345184978,-4846.698268569127,3996.064523089292,6320418069,38.845782,-77.625424
Contopus virens,845.7973921142525,-4777.199804258902,4129.496571176548,6320554405,40.403767,-79.959896
Contopus virens,-517.640254960037,-5505.261163331602,3164.474872650297,6320690913,29.781859,-95.371527
Contopus virens,-298.8489389252352,-5196.126985611547,3674.330794958473,6320698667,35.220643,-93.291671
Contopus virens,-745.7486287122191,-5427.30059539943,3252.386871149906,6320771781,30.697003,-97.823842
Contopus virens,-536.6051220308157,-5504.065075911133,3163.396230765773,6320843708,29.770683,-95.568312
Contopus virens,17.32033100789066,-5209.908759056482,3666.9202143103344,6320855391,35.139105,-89.809521
Contopus virens,1252.4787842802173,-4648.939400296014,4172.338969568594,6320861820,40.911655,-74.921845
Contopus virens,689.9742050628532,-5173.326327791065,3653.8176517457923,6320883900,34.995138,-82.403209
Contopus virens,184.63977176602887,-5077.489475746429,3843.795247934505,6320969960,37.108478,-87.917392
Contopus virens,-530.2454634894909,-5508.52987861475,3156.6899522339563,6321097309,29.701226,-95.498293
Contopus virens,1082.4060819269262,-4842.695078420402,3995.8046224669006,6321105527,38.842781,-77.400727
Contopus virens,447.37617939384774,-4922.423274151015,4019.870245901576,6334025396,39.1212,-84.80692
Contopus virens,845.7507982254972,-4530.854062606632,4398.388361700152,6334165635,43.65984,-79.426582
Contopus virens,1165.785430426094,-4935.43067836544,3856.451928772473,6334241515,37.25134,-76.709906
Contopus virens,393.5888147870929,-5135.569074882454,3749.769493137265,6334319042,36.055428,-85.617432
Contopus virens,-519.0092846382481,-5109.568944609545,3769.971842390661,6334350748,36.280482,-95.79998
Contopus virens,1.1129235831734192,-5209.200495562419,3667.9670238581457,6334375892,35.150618,-89.987759
Contopus virens,724.6659517808257,-4949.6652900012905,3945.3042854719665,6334470989,38.26204,-81.67067
Contopus virens,195.19373446747971,-4734.3947745949445,4258.77431357781,6334531343,41.948436,-87.639097
Contopus virens,561.3999154886342,-5132.4837409774755,3732.5854194068543,6334533507,35.864503,-83.757705
Contopus virens,-752.1742646012327,-5432.945028147731,3241.4649969533652,6334533852,30.582842,-97.882315
Contopus virens,-689.8293339424196,-5580.001714620891,2996.2425610317173,6334572351,28.053335,-97.04745
Contopus virens,1332.5765908527787,-4635.452478380436,4162.52003957522,6334882939,40.794911,-73.961381
Contopus virens,-434.73736976169835,-4377.684508225183,4608.322351513113,6334892402,46.329847,-95.671312
Contopus virens,-744.5236303095803,-5449.547152682291,3215.2563699152215,6352242459,30.309442,-97.779653
Contopus virens,-693.7026611250293,-5590.99480014942,2974.778461050106,6352267447,27.834827,-97.072827
Contopus virens,1336.8677484370198,-4659.952600261778,4133.688367085727,6352289169,40.45329,-73.99264
Contopus virens,1079.4426537554737,-4776.89505895163,4075.025187982804,6352313954,39.763496,-77.266641
Contopus virens,1437.708872776806,-4519.356119437786,4254.194000338551,6352375799,41.893076,-72.352962
Contopus virens,760.9608750665766,-4562.653370875645,4380.968602208015,6352509990,43.443684,-80.531341
Contopus virens,1416.9558607915653,-4490.735539265057,4291.303244310246,6352519885,42.342992,-72.48802
Contopus virens,497.00427216424765,-4880.132484340312,4065.3470723192104,6352600642,39.650361,-84.184911
Contopus virens,347.8213526867131,-4708.899124074868,4277.270446859721,6352669719,42.172481,-85.775537
Contopus virens,617.0810602077804,-4696.011881015611,4261.0370226237765,6352725033,41.975802,-82.51392
Contopus virens,1882.317703905637,-4117.7291215789055,4482.291832594333,6352768542,44.712122,-65.433666
Contopus virens,304.34663712546904,-4623.808067408631,4372.359226998018,6352794969,43.337138,-86.23413
Contopus virens,1123.5605905738314,-4810.363700246624,4023.4022667807435,6353164498,39.162155,-76.853074
Contopus virens,259.04656029561903,-4840.803411901715,4133.917069390382,6353166809,40.455993,-86.936845
Contopus virens,-491.537690264952,-4768.9680356477575,4195.8417157581625,6353330855,41.191937,-95.884698
Contopus virens,1006.744706660175,-4880.182684937611,3969.8910799824575,6398572694,38.544196,-78.343828
Contopus virens,1162.8468457491592,-4720.531275384789,4117.538684836212,6398631583,40.262693,-76.161394
Contopus virens,195.70747944155343,-4733.253264463082,4260.019395098764,6398698163,41.963493,-87.63232
Contopus virens,5.077574933793255,-4789.73155447986,4200.975956123788,6398731144,41.253325,-89.939261
Contopus virens,1107.1389498597737,-4839.550131030823,3992.8374628352167,6398788500,38.808529,-77.114242
Contopus virens,60.52864189925911,-4723.517452883179,4274.865177464111,6398962763,42.143301,-89.265834
Contopus virens,195.57281930359355,-4733.3188082477245,4259.952753436993,6398988418,41.962687,-87.63398
Contopus virens,1022.1294629659376,-5194.379744839161,3544.4920026738732,6399059012,33.803547,-78.867792
Contopus virens,1295.2549335687731,-4642.942635542171,4165.951448325809,6399105804,40.835686,-74.412341
Contopus virens,57.10348551121948,-4222.4733963176295,4770.451838034817,6399150053,48.484372,-89.225196
Contopus virens,610.3907858676288,-5249.158419711948,3558.58287847459,6399391695,33.956186,-83.367232
Contopus virens,77.36974173786,-4596.43142219007,4410.961939741105,6399493078,43.816346,-89.035656
Contopus virens,570.3227252386524,-4680.452901163657,4284.605671324081,6399518730,42.261553,-83.052642
Contopus virens,435.3346739119199,-4716.62566488851,4260.713460053663,6399579495,41.971888,-84.72666
Contopus virens,170.39139252585395,-4651.9393407147745,4349.733356579542,6399735337,43.058016,-87.902306
Contopus virens,1224.8170806679664,-4816.252025191444,3986.6392711682283,6399742548,38.737032,-75.731619
Contopus virens,819.2793581384348,-4795.030010616241,4114.1489594198365,6399772437,40.222756,-80.304065
Contopus virens,-452.62402288879275,-4936.522434226939,4001.953383031283,6400801631,38.913813,-95.238736
Contopus virens,684.6935305450866,-5062.108352029053,3807.362201212913,6400884399,36.698734,-82.297003
Contopus virens,-604.4801159403447,-5502.435802258466,3153.974819356429,6413936789,29.673119,-96.269193
Contopus virens,-451.3760421276012,-4936.3407025038605,4002.3184864618593,6414043657,38.918033,-95.224563
Contopus virens,-344.4338007541748,-5365.321273629778,3418.251909574718,6414087842,32.447887,-93.673137
Contopus virens,1100.6368033915303,-4838.378438016525,3996.0537843270176,6414129349,38.845658,-77.184414
Contopus virens,1093.973333803332,-4838.741867815069,3997.4432592918943,6422060680,38.861704,-77.260388
Contopus virens,103.17425187960916,-4877.269354940502,4097.725203425038,6422592525,40.029587,-88.78814
Contopus virens,195.62633893844847,-4733.226182920485,4260.053211698997,6441207632,41.963902,-87.633287
Contopus virens,-424.1709720926759,-5524.769533738012,3144.3208670858735,6441728773,29.573245,-94.390341
Contopus virens,195.53433409411528,-4733.268606009198,4260.010300132565,6441889657,41.963383,-87.63442
Contopus virens,-213.1889599418947,-4953.581644332732,4000.791482940114,6451684905,38.900385,-92.464337
Contopus virens,897.9063234917755,-5136.975024110343,3659.9187102417263,6470234972,35.062143,-80.085273
Contopus virens,1220.853326908622,-4823.685962957525,3978.8596374614813,6479236904,38.647394,-75.796951
Contopus virens,1117.7365254700885,-4797.651651333143,4040.167919996378,6480431861,39.356885,-76.885409
Contopus virens,722.7196628923467,-4716.108758877369,4222.054901702058,6499028713,41.505965,-81.287493
Dolichonyx oryzivorus,826.6574086236076,-5221.150748133767,3556.118041306748,6234286220,33.929466,-81.003122
Dolichonyx oryzivorus,251.74340751439743,-4836.971380967311,4138.85083642231,6251519930,40.514331,-87.020691
Dolichonyx oryzivorus,-329.3061984172018,-5378.410352271438,3399.119391833843,6251916835,32.244222,-93.503699
Dolichonyx oryzivorus,405.78868628962607,-5338.414039109937,3453.465537513108,6251990744,32.823945,-85.653137
Dolichonyx oryzivorus,-574.3097909003033,-5519.598215533307,3129.5298261615935,6252141530,29.420417,-95.940205
Dolichonyx oryzivorus,313.48003265382835,-5215.726675941233,3645.226829798086,6253162450,34.900882,-86.560498
Dolichonyx oryzivorus,817.3311833004009,-5346.258107430299,3367.379859062236,6253223437,31.907358,-81.307972
Dolichonyx oryzivorus,-394.514434827138,-5179.2394338893355,3689.117831790703,6273216603,35.383589,-94.355938
Dolichonyx oryzivorus,428.57413143535786,-4885.141508240403,4067.120577018655,6273246801,39.671079,-84.98627
Dolichonyx oryzivorus,1338.0573977620309,-4438.719469284536,4370.025743970639,6273266150,43.308292,-73.224503
Dolichonyx oryzivorus,854.441392913887,-4531.869704962655,4395.661498909409,6273281943,43.625952,-79.322759
Dolichonyx oryzivorus,291.3125319399685,-5329.015351481357,3479.43752955678,6273392040,33.102331,-86.87102
Dolichonyx oryzivorus,-741.7119627421071,-5238.762237986851,3548.9416320708465,6273874374,33.851718,-98.058464
Dolichonyx oryzivorus,-664.6683476307719,-5380.076028586513,3347.05109670647,6273957602,31.692248,-97.042781
Dolichonyx oryzivorus,739.7231641926991,-5488.952343387629,3148.6449374379495,6274103777,29.617967,-82.32473
Dolichonyx oryzivorus,1127.9851821735754,-4812.751035505932,4019.307157796087,6274219920,39.114673,-76.809427
Dolichonyx oryzivorus,874.9794029982559,-5525.936829428013,3047.6525935836794,6274267060,28.578518,-81.002458
Dolichonyx oryzivorus,1338.0591990754876,-4438.735256850021,4370.009156631538,6274313639,43.308087,-73.224538
Dolichonyx oryzivorus,865.1797416608432,-4451.679883337561,4474.791990761671,6320176548,44.61729,-79.001726
Dolichonyx oryzivorus,1501.6615986643887,-4455.462274253495,4299.258249451645,6320178644,42.439858,-71.374211
Dolichonyx oryzivorus,-1800.9750948202145,-4424.827523820358,4215.108921719171,6320222686,41.422606,-112.147104
Dolichonyx oryzivorus,42.64202062492243,-5137.3232989415255,3767.737266570882,6320223571,36.255557,-89.524431
Dolichonyx oryzivorus,-741.8492742256659,-5518.396397881244,3096.241912360789,6320355922,29.077307,-97.656486
Dolichonyx oryzivorus,147.7630287040808,-4720.135330874856,4276.47537994229,6320425331,42.162834,-88.206951
Dolichonyx oryzivorus,1426.3122073564934,-4099.590974546102,4663.554487538815,6320436527,47.054008,-70.81641
Dolichonyx oryzivorus,706.7211695223756,-4734.29094135652,4204.377195354379,6320541479,41.294024,-81.509747
Dolichonyx oryzivorus,695.1104226076473,-4472.464507358472,4483.707825057114,6320550935,44.730044,-81.165769
Dolichonyx oryzivorus,-622.7436765212769,-5261.15557194248,3538.670017230881,6320591546,33.74056,-96.750482
Dolichonyx oryzivorus,822.2859963312088,-4554.808018806793,4378.050111833848,6320684988,43.407545,-79.766536
Dolichonyx oryzivorus,985.0537540264128,-4530.318126158968,4369.855822238464,6320911870,43.306192,-77.732787
Dolichonyx oryzivorus,276.03220772101366,-5136.781882533136,3758.594317195915,6321054015,36.153657,-86.924089
Dolichonyx oryzivorus,1215.9219999884922,-4302.414413922427,4538.779244520927,6321063502,45.431453,-74.218972
Dolichonyx oryzivorus,1019.8582917427777,-5069.392340851958,3721.6801970282786,6321139578,35.743578,-78.625096
Dolichonyx oryzivorus,822.3613723931006,-4554.8795104462615,4377.96157454471,6321210670,43.406449,-79.765775
Dolichonyx oryzivorus,976.4899363758068,-4477.4042012058235,4425.954377629604,6321229536,44.003498,-77.696849
Dolichonyx oryzivorus,1007.1390790701079,-5075.213970584695,3717.206902752279,6321243929,35.694028,-78.775889
Dolichonyx oryzivorus,321.8426200778915,-4660.4292296964095,4332.03991816444,6333851453,42.840625,-86.049507
Dolichonyx oryzivorus,74.5042950531185,-4586.789083240427,4421.036998890929,6333922485,43.942049,-89.069413
Dolichonyx oryzivorus,-1769.9805600329871,-4507.941472613234,4139.490986374578,6333989698,40.521904,-111.436764
Dolichonyx oryzivorus,1523.6300572769153,-4414.136716432289,4334.016800484759,6334032583,42.864876,-70.956833
Dolichonyx oryzivorus,1424.5384308129248,-4361.11774679527,4420.531120510502,6334146761,43.935731,-71.910619
Dolichonyx oryzivorus,669.5423849153026,-4326.537022105331,4628.449364617841,6334151421,46.592615,-81.203116
Dolichonyx oryzivorus,1637.618944792064,-4208.834858703047,4493.7363578097975,6334153783,44.857133,-68.739446
Dolichonyx oryzivorus,-851.1528155560087,-4304.522434782724,4619.1318039974485,6334169329,46.470812,-101.18507
Dolichonyx oryzivorus,-288.5569819639082,-4458.315264966341,4542.0164019965205,6334214497,45.472953,-93.703208
Dolichonyx oryzivorus,822.348731770815,-4554.869058803843,4377.974822927122,6334215638,43.406613,-79.765906
Dolichonyx oryzivorus,854.1526090576996,-4532.402212878614,4395.168555449314,6334260365,43.619828,-79.32751
Dolichonyx oryzivorus,1593.8785992895164,-4289.9586687116425,4432.331075309035,6334339317,44.083278,-69.618103
Dolichonyx oryzivorus,-1467.764193789433,-4089.1053202967146,4659.896895922504,6334516324,47.00575,-109.74535
Dolichonyx oryzivorus,822.323092519695,-4554.8639043877465,4377.985001538024,6334585888,43.406739,-79.766207
Dolichonyx oryzivorus,-13.273254592525475,-4577.736334957018,4431.016474580549,6334759591,44.066822,-90.16613
Dolichonyx oryzivorus,1313.217373571281,-4307.79071150562,4506.456750629466,6334898652,45.01874,-73.046311
Dolichonyx oryzivorus,-622.9439486707582,-5261.0335958137275,3538.8161113868564,6334983522,33.74214,-96.752788
Dolichonyx oryzivorus,-622.8118671836252,-5261.236869223805,3538.537143183998,6335027990,33.739123,-96.751111
Dolichonyx oryzivorus,1294.7641366670573,-4225.239300508386,4589.192937055234,6352270607,46.081268,-72.963066
Dolichonyx oryzivorus,719.4320243837209,-4738.698651989669,4197.249787372663,6352288105,41.208767,-81.367245
Dolichonyx oryzivorus,-2071.813108919255,-3324.1960842784197,5024.645655631429,6352290604,52.061718,-121.933322
Dolichonyx oryzivorus,69.09207777766166,-4700.628674121709,4299.891798928269,6352398847,42.447579,-89.1579
Dolichonyx oryzivorus,1127.9858818816574,-4812.748349722478,4019.310177405652,6352453788,39.114708,-76.809412
Dolichonyx oryzivorus,1127.9887695023162,-4812.744790888381,4019.3136283861754,6352473318,39.114748,-76.80937
Dolichonyx oryzivorus,677.4029648182503,-4515.836348757324,4442.758200057145,6352490092,44.213966,-81.468893
Dolichonyx oryzivorus,955.2309841464155,-4459.920081727094,4448.190616555398,6352525826,44.282168,-77.910969
Dolichonyx oryzivorus,-1265.7225992049357,-3968.1093935949443,4820.975759325378,6352615854,49.174594,-107.691316
Dolichonyx oryzivorus,1127.9800376435962,-4812.746477156448,4019.3140597586034,6352656918,39.114753,-76.809473
Dolichonyx oryzivorus,920.7419852043088,-4585.223073635156,4326.39765756261,6352788482,42.771462,-78.64565
Dolichonyx oryzivorus,1400.90609607114,-4427.621660654105,4361.580180367516,6352820886,43.204004,-72.442551
Dolichonyx oryzivorus,1127.9823483142582,-4812.734407379468,4019.327863660128,6352936820,39.114913,-76.809415
Dolichonyx oryzivorus,1127.9865056775113,-4812.746474292062,4019.312247994201,6353150651,39.114732,-76.8094
Dolichonyx oryzivorus,-492.14339930200003,-4458.198615167641,4524.600878742592,6353268871,45.250046,-96.299412
Dolichonyx oryzivorus,1428.0200849202602,-4097.024912845673,4665.286553928245,6353282663,47.076876,-70.783974
Dolichonyx oryzivorus,-507.10796159338855,-4047.931696728468,4893.551228258168,6353367035,50.183286,-97.140576
Dolichonyx oryzivorus,-541.1567461521926,-4024.473922314774,4909.227246153893,6353391969,50.403959,-97.658423
Dolichonyx oryzivorus,1573.5679917176801,-4316.042402866185,4414.228684807812,6398839404,43.857075,-69.96886
Dolichonyx oryzivorus,155.93005990093314,-4780.638054595715,4208.4366143555035,6399001908,41.342632,-88.131846
Dolichonyx oryzivorus,-2215.7372422546514,-4005.8647253805634,4430.949041110142,6399094707,44.065978,-118.948005
Dolichonyx oryzivorus,1223.7048548781834,-4548.528192935457,4289.894035509071,6399162563,42.325848,-74.94207
Dolichonyx oryzivorus,1086.1345637093843,-4324.178773288984,4550.993603140992,6399188498,45.5882,-75.9003
Dolichonyx oryzivorus,1164.7018997171633,-4354.387008785976,4502.503347271226,6399233138,44.968465,-75.025202
Dolichonyx oryzivorus,1064.701865989726,-4389.9927256658575,4492.6748084895125,6399443816,44.843667,-76.36732
Dolichonyx oryzivorus,1545.1992978753076,-4368.1729459478875,4372.776849304347,6399531530,43.342302,-70.519255
Dolichonyx oryzivorus,1757.386281244671,-4058.2544223145883,4586.056871860024,6399574456,46.040623,-66.585461
Dolichonyx oryzivorus,976.4981725587533,-4477.646545258176,4425.707385763814,6399777837,44.00041,-77.697394
Dolichonyx oryzivorus,1435.6374739956514,-4321.9039597271485,4455.316412538128,6399852492,44.37175,-71.624695
Dolichonyx oryzivorus,1296.6582446893092,-4226.55933195357,4587.44228733538,6399944324,46.058575,-72.944608
Dolichonyx oryzivorus,-1067.5602078169497,-3903.510460127284,4920.6376029982275,6399955730,50.565232,-105.295638
Dolichonyx oryzivorus,-617.0733991913735,-5334.466969442275,3428.182565386096,6400019489,32.55378,-96.598458
Dolichonyx oryzivorus,1446.9378372929707,-4473.705953783585,4299.078862241153,6400124339,42.437672,-72.077154
Dolichonyx oryzivorus,1455.7820083981505,-4473.811070626652,4295.982585863227,6400154130,42.399953,-71.975067
Dolichonyx oryzivorus,908.3670143846613,-4865.483283238192,4011.4454897686246,6400159716,39.023608,-79.424844
Dolichonyx oryzivorus,717.9975333890742,-4722.6280473978695,4215.568407422138,6400191273,41.428117,-81.355323
Dolichonyx oryzivorus,825.9576811445363,-4510.154488465182,4423.353199645394,6400199650,43.970985,-79.622253
Dolichonyx oryzivorus,-560.4875516250002,-4024.282875156689,4907.21450263502,6400354600,50.375568,-97.928943
Dolichonyx oryzivorus,941.552815301811,-4806.902679341046,4073.9315233590446,6400374977,39.750702,-78.917493
Dolichonyx oryzivorus,1042.4009790912266,-4467.158758062425,4421.271984252186,6400501230,43.944984,-76.8652
Dolichonyx oryzivorus,1556.2131038996793,-4419.2504021452405,4317.1958246143395,6412975014,42.658831,-70.600584
Dolichonyx oryzivorus,1471.6885183663849,-4525.195644976757,4236.329827724629,6422460083,41.677617,-71.984388
Dolichonyx oryzivorus,-1021.754882937297,-3928.266853086469,4910.650631007398,6422822845,50.424047,-104.579756
Dolichonyx oryzivorus,-314.4111081742873,-4708.471238113488,4280.326784790162,6422929812,42.209579,-93.82029
Dolichonyx oryzivorus,-1257.1172185887463,-4744.232841258183,4062.2240430991046,6452323070,39.613893,-104.841048
Dolichonyx oryzivorus,1757.4083722757669,-4058.6094393313997,4585.734222750217,6481401609,46.036443,-66.587026
Dumetella carolinensis,982.9989906469511,-5649.50463690026,2776.0697886953367,5938241787,25.832055,-80.129503
Dumetella carolinensis,1246.867300933785,-4723.661190592488,4089.2664403325316,5938628979,39.930312,-75.213355
Dumetella carolinensis,0.31457831217130666,-5559.534113059188,3111.4841276228794,6130216715,29.234271,-89.996758
Dumetella carolinensis,837.3407948066749,-5503.796143740326,3097.8769393213597,6130217577,29.094133,-81.349426
Dumetella carolinensis,737.4506411387439,-5487.7297164161,3151.3080206677914,6130397562,29.64552,-82.346345
Dumetella carolinensis,730.7761011142779,-5490.076943698015,3148.7735028091665,6130431312,29.619297,-82.418012
Dumetella carolinensis,503.2862525606923,-5451.844572807804,3257.8899354654304,6130490719,30.754575,-84.725697
Dumetella carolinensis,1105.2808154259585,-5167.1899879518205,3559.2492294217377,6130629539,33.963411,-77.926174
Dumetella carolinensis,894.1073001690128,-5514.915072214706,3062.031517101185,6130734794,28.725875,-80.791031
Dumetella carolinensis,506.8105172350739,-5509.60046085313,3158.67044673298,6130879004,29.721733,-84.744335
Dumetella carolinensis,499.644277241405,-5507.785698870271,3162.9741417244413,6130987204,29.76631,-84.816544
Dumetella carolinensis,739.6992605737358,-5487.653381232291,3150.9139152052226,6131044287,29.641442,-82.32318
Dumetella carolinensis,709.112964070728,-5590.636554694142,2971.8167586817776,6131105324,27.804711,-82.771239
Dumetella carolinensis,967.4048692587353,-5682.171512851298,2714.1864061175147,6131138724,25.215335,-80.337885
Dumetella carolinensis,-664.4243390465231,-5562.784147277308,3033.764321459446,6131238820,28.436385,-96.811196
Dumetella carolinensis,833.4468915472955,-5646.598785558318,2830.378342833146,6131522814,26.375943,-81.603677
Dumetella carolinensis,-382.9560279667197,-5116.53487821628,3776.7934349548027,6133073882,36.356621,-94.280422
Dumetella carolinensis,-60.54493025946996,-5495.79223544713,3222.1662194704254,6147515935,30.381449,-90.631179
Dumetella carolinensis,745.5472450577926,-5264.322621002708,3510.1025308476883,6147521987,33.43216,-81.939227
Dumetella carolinensis,745.426632690573,-5567.969559032071,3005.2965335629083,6159165008,28.145639,-82.374717
Dumetella carolinensis,903.0972233795053,-5296.471817468959,3423.675630307102,6159182733,32.505706,-80.323601
Dumetella carolinensis,836.9557768519622,-5503.989073566329,3097.6382027819222,6159532972,29.091676,-81.353642
Dumetella carolinensis,965.025635645283,-5684.383440817637,2710.399149568768,6162945012,25.177694,-80.364882
Dumetella carolinensis,855.6536727341265,-5527.64911134614,3050.0336430682637,6162978444,28.602905,-81.200725
Dumetella carolinensis,855.7771239592739,-5527.660381163991,3049.978582596177,6163028772,28.602341,-81.199493
Dumetella carolinensis,563.1051634662039,-5461.241594059083,3232.260193096178,6163242942,30.486733,-84.113072
Dumetella carolinensis,856.4965019467417,-5527.590169185018,3049.9038990367503,6163283585,28.601576,-81.192101
Dumetella carolinensis,-542.4431430957603,-5506.328492969179,3158.457708075509,6163392536,29.71953,-95.626207
Dumetella carolinensis,939.5499344961788,-5678.814854539634,2730.9450558599046,6171100401,25.382037,-80.605615
Dumetella carolinensis,851.777218804239,-5477.989818075,3139.4038052264277,6178401989,29.522414,-81.161806
Dumetella carolinensis,893.9565269081797,-5572.002610549299,2956.920994160565,6178725706,27.65337,-80.8853
Dumetella carolinensis,894.2672666066958,-5571.9840036737205,2956.862094917077,6178955089,27.652772,-80.882155
Dumetella carolinensis,1520.6848611729383,-4461.133714914745,4286.6719795580175,6178986623,42.286667,-71.177087
Dumetella carolinensis,-683.5668340230542,-5576.361292344114,3004.4440834116745,6179134594,28.136945,-96.98862
Dumetella carolinensis,-424.02678317430633,-5524.786491412911,3144.3105191964905,6179484475,29.573138,-94.388841
Dumetella carolinensis,858.5006799852246,-5332.773156883782,3378.499692076667,6184731280,32.025236,-80.85466
Dumetella carolinensis,943.416569851105,-5677.809216683478,2731.7029129010293,6184904897,25.389581,-80.566006
Dumetella carolinensis,832.8902415226905,-5646.710780106962,2830.3187702231585,6184958831,26.375345,-81.609369
Dumetella carolinensis,732.4046635462261,-5487.487709818125,3152.9058300380943,6185094414,29.662055,-82.397769
Dumetella carolinensis,-808.2709991899359,-5654.442394541832,2822.0085627711983,6185206418,26.291956,-98.135003
Dumetella carolinensis,733.8201508640007,-5574.209873563223,2996.5722753395517,6185358371,28.056695,-82.500389
Dumetella carolinensis,832.7888442909592,-5646.835083695486,2830.1006003405178,6185371506,26.373155,-81.610558
Dumetella carolinensis,962.0263042421171,-5662.1819077831915,2757.5268924883385,6185486480,25.646926,-80.357311
Dumetella carolinensis,-12.009943476482226,-5528.162207747847,3166.8646159511745,6185623424,29.806624,-90.124475
Dumetella carolinensis,875.592013874218,-5496.765712233799,3099.783614984761,6185753922,29.113758,-80.949268
Dumetella carolinensis,1141.4653745599558,-4811.450764570413,4017.0575635000455,6185965659,39.088603,-76.65392
Dumetella carolinensis,957.9637015148572,-5664.6229705018295,2753.925430784287,6186032819,25.611003,-80.401333
Dumetella carolinensis,359.06499266902546,-5485.577336353538,3220.1345853242597,6187949378,30.360272,-86.254979
Dumetella carolinensis,853.5425034838711,-5523.924069837422,3057.365073898549,6188069323,28.67803,-81.21627
Dumetella carolinensis,-542.3140984781019,-5508.262345758178,3155.1060962465162,6188282018,29.684829,-95.622915
Dumetella carolinensis,981.3448763112376,-5656.103993810744,2763.187104525003,6188353517,25.703406,-80.157059
Dumetella carolinensis,1114.424804026719,-4832.152893994595,3999.763604878057,6188579547,38.888508,-77.013122
Dumetella carolinensis,933.9066461058925,-5678.802991481611,2732.904698297434,6188586853,25.401545,-80.661025
Dumetella carolinensis,1092.472318798928,-4931.708831971499,3882.590032309596,6188627670,37.547235,-77.509537
Dumetella carolinensis,1015.0659990530081,-5068.044945375593,3724.8241003968024,6195712362,35.778421,-78.67423
Dumetella carolinensis,1214.8793319388863,-4959.072625767807,3810.6981028238843,6195789500,36.73616,-76.234718
Dumetella carolinensis,-2665.2544234343336,-4463.05017384207,3683.3890825989897,6195972527,35.320422,-120.8449
Dumetella carolinensis,822.0572390621751,-5218.418784752724,3561.190869965104,6234163290,33.984467,-81.047767
Dumetella carolinensis,629.1397600067261,-5301.04746780612,3477.4749511854775,6234181463,33.081264,-83.231673
Dumetella carolinensis,-1025.406421500068,-5653.0115739268995,2753.4986735919047,6234197894,25.606747,-100.281162
Dumetella carolinensis,394.9823401319043,-4990.052399207678,3941.2078267738007,6234222416,38.215136,-85.474249
Dumetella carolinensis,952.9404344717941,-5641.305470026464,2803.0929795273732,6234259958,26.10237,-80.411997
Dumetella carolinensis,1251.702845668256,-4720.64212425005,4091.2749908285796,6234266352,39.953872,-75.149464
Dumetella carolinensis,-635.1274918700533,-5538.216210311313,3084.5627577654,6234272157,28.957197,-96.54215
Dumetella carolinensis,1108.7437046376774,-4843.176449850392,3987.992277163826,6234324064,38.752633,-77.105528
Dumetella carolinensis,1144.2152012816966,-4796.333383588794,4034.316643039437,6234328675,39.288862,-76.582283
Dumetella carolinensis,963.8812498896394,-5662.50426476519,2756.2168850264043,6234346439,25.633858,-80.339608
Dumetella carolinensis,980.3501043460769,-5065.896532234783,3737.0254384038753,6234403660,35.91379,-79.047529
Dumetella carolinensis,1110.8119269300312,-4827.833214680424,4005.9800853094503,6234487750,38.960369,-77.042611
Dumetella carolinensis,974.1146266600848,-5056.002415779757,3752.025239178646,6234496416,36.080525,-79.094733
Dumetella carolinensis,1111.750467713659,-4816.304988976735,4019.5733953211634,6234501929,39.117759,-77.002046
Dumetella carolinensis,1405.8742329100094,-4572.544971042509,4207.743250093926,6234530953,41.334327,-72.909436
Dumetella carolinensis,-635.1289151219977,-5538.200440692605,3084.59077829874,6234539983,28.957485,-96.542183
Dumetella carolinensis,-693.7090783613925,-5590.971454793462,2974.8208409854055,6234601692,27.835258,-97.072921
Dumetella carolinensis,152.78752230347226,-4872.517907156552,4101.826220983105,6234606396,40.07777,-88.203965
Dumetella carolinensis,814.8370823693816,-5212.6770616454005,3571.2450923829156,6234663298,34.093583,-81.115518
Dumetella carolinensis,1142.0746034977258,-4797.074787523568,4034.0416721482516,6234667296,39.285667,-76.608475
Dumetella carolinensis,810.2381132537738,-5640.118843006127,2849.969607956485,6234671404,26.572772,-81.825035
Dumetella carolinensis,4.574179929792547,-5558.219069072825,3113.8293123982626,6234688285,29.258443,-89.952848
Dumetella carolinensis,191.03519929594762,-5501.256860295521,3207.714394917176,6234772194,30.230908,-88.011161
Dumetella carolinensis,837.6259385582622,-5131.141280671188,3682.3260413119133,6234849506,35.308706,-80.72861
Dumetella carolinensis,702.5234374099713,-4780.778815857538,4152.152196562032,6234854892,40.671863,-81.640358
Dumetella carolinensis,982.002546531183,-5654.866211480605,2765.485899175532,6234855301,25.726352,-80.148478
Dumetella carolinensis,826.6384243957673,-5217.231213074228,3561.8703674212975,6234917903,33.991837,-80.996677
Dumetella carolinensis,629.1436936024771,-5301.043456032208,3477.4803550467072,6234922853,33.081322,-83.231626
Dumetella carolinensis,1250.223826443825,-4724.7915216651945,4086.9351096231376,6234984715,39.902976,-75.178691
Dumetella carolinensis,817.1745042158425,-5659.221781583782,2809.8376796862694,6235019705,26.169935,-81.783455
Dumetella carolinensis,1093.6834175351967,-4814.691298221436,4026.4571790491873,6235045455,39.197597,-77.202123
Dumetella carolinensis,1343.2071438484736,-4639.568865093678,4154.509410802341,6235048406,40.699819,-73.853678
Dumetella carolinensis,1097.746454136571,-4819.958585894974,4019.0428067346256,6235126985,39.111609,-77.169724
Dumetella carolinensis,709.3927937033012,-5060.458440589745,3805.0328993299477,6235156735,36.672612,-82.020078
Dumetella carolinensis,840.1902510203504,-4781.776735451207,4125.34177057676,6235189784,40.354717,-80.034471
Dumetella carolinensis,544.3730006258619,-5142.02408881598,3721.961772493535,6235208953,35.746698,-83.956752
Dumetella carolinensis,881.981506004051,-5573.047034986869,2958.5483769187103,6334163086,27.669894,-81.007045
Dumetella carolinensis,952.1920149739192,-5673.764598486537,2737.0565900723104,6334517902,25.442887,-80.47319
Dumetella carolinensis,758.4549030535835,-5613.082073308852,2916.814860084578,6352382600,27.246926,-82.304647
Dumetella carolinensis,856.4836812144221,-5527.472999731547,3050.119845306009,6352612014,28.603788,-81.192047
Dumetella carolinensis,1294.8663578891617,-5008.136219113912,3719.092074106757,6413776514,35.714906,-75.503493
Dumetella carolinensis,806.6035971377706,-5546.850670217209,3028.463539333558,6431879687,28.382187,-81.726242
Dumetella carolinensis,713.9131952511827,-5575.140710001659,2999.647836497792,6469723035,28.088042,-82.702819
Empidonax minimus,195.6226630132579,-4733.217330569109,4260.06321607946,5153161293,41.964023,-87.633327
Empidonax minimus,-343.47926489022797,-5365.706579215738,3417.743119374076,5153395507,32.442465,-93.662723
Empidonax minimus,-831.6921277871979,-5479.331084124216,3142.4468499569525,5153414434,29.553869,-98.630883
Empidonax minimus,-803.1643882538344,-5484.222880525787,3141.334030604787,5153730829,29.542365,-98.331738
Empidonax minimus,-713.4705800976324,-4760.68987262513,4173.31340755725,5154603880,40.923252,-98.523316
Empidonax minimus,190.1931769814237,-4737.720639836682,4255.300556244254,5154740907,41.906446,-87.701127
Empidonax minimus,112.54859411297781,-4334.95002051229,4667.4719349237785,5154892612,47.105743,-88.51276
Empidonax minimus,1119.8367854077244,-4799.301381934464,4037.6261527148677,5166884334,39.327328,-76.86598
Empidonax minimus,-427.47498720993326,-4941.24967798869,3998.8835797962365,5167235758,38.878341,-94.944434
Empidonax minimus,1404.4134340421508,-4128.20420066446,4644.92261653256,5167848343,46.808633,-71.211716
Empidonax minimus,1387.3956604805512,-4120.857556617757,4656.545866736792,5168069669,46.961575,-71.392833
Empidonax minimus,661.2204063732835,-4668.200919769351,4284.90850270313,5168129752,42.265233,-81.938054
Empidonax minimus,896.0334937665287,-4157.737589602659,4743.426529812711,5168180847,48.119006,-77.8382
Empidonax minimus,195.63179542108725,-4733.276113073517,4259.9974844717235,5168203499,41.963228,-87.633246
Empidonax minimus,872.8519804608394,-4503.344848519039,4421.285754755063,5168558685,43.945156,-79.03077
Empidonax minimus,-691.419910854774,-3987.6656333564893,4920.38763037005,5176375704,50.561693,-99.836696
Empidonax minimus,-432.845391855215,-4376.984145998636,4609.165627540817,5176825167,46.340831,-95.647688
Empidonax minimus,-268.42851388587064,-4634.442222720332,4363.4441152462905,5176946572,43.227005,-93.314888
Empidonax minimus,699.5652207851979,-4350.447548299991,4601.517984430333,5177016819,46.241298,-80.864866
Empidonax minimus,-1214.7385435875296,-4065.49441217251,4752.464474879784,5177016870,48.240903,-106.635742
Empidonax minimus,1383.2485278317365,-4143.059158653815,4638.042415483445,5177196181,46.718306,-71.537315
Empidonax minimus,61.98872456354022,-4660.365584762788,4343.604855884456,5187793793,42.982631,-89.237939
Empidonax minimus,-1601.34881608531,-3797.276103289257,4858.6139272726705,5198536601,49.695096,-112.865633
Empidonax minimus,-725.8408248588861,-5589.171151775723,2970.534305946263,5216208080,27.791673,-97.399337
Empidonax minimus,943.3535356256235,-5677.692767174046,2731.966705155756,5217101622,25.392207,-80.566435
Empidonax minimus,1336.961191207155,-4439.900484589424,4369.1614286755275,5217401607,43.297611,-73.241684
Empidonax minimus,783.5670158152942,-4625.17609067009,4310.8609339315835,5230236800,42.58141,-80.384621
Empidonax minimus,52.39360708924671,-4223.85940425035,4769.2787476451285,5230612181,48.468458,-89.289328
Empidonax minimus,907.0908981143457,-4500.181557010392,4417.613064334525,5230720837,43.8993,-78.60373
Empidonax minimus,-713.8606887463138,-5676.692637644356,2802.7337983573184,5278712628,26.098773,-97.167488
Empidonax minimus,-738.6926198381675,-5439.673946868576,3233.2698147283218,5837765433,30.49727,-97.733303
Empidonax minimus,-41.13785584966994,-5495.0515854105615,3223.735237293907,6130069146,30.397807,-90.428928
Empidonax minimus,-41.16206270064431,-5495.056524369364,3223.7265095316875,6131206483,30.397716,-90.42918
Empidonax minimus,844.9566800634356,-4934.293251046003,3940.6283066505375,6188635019,38.208503,-80.282824
Empidonax minimus,-1027.1261321216502,-5644.246486927761,2770.7844797446583,6251644517,25.779258,-100.313685
Empidonax minimus,0.9178833356892891,-5209.592934733932,3667.4096773523834,6273245507,35.144488,-89.989905
Empidonax minimus,540.4960080347093,-4725.604646016617,4238.664639308251,6273368043,41.705736,-83.475089
Empidonax minimus,200.47101860361352,-4746.258614085643,4245.302541468075,6273469131,41.785746,-87.581396
Empidonax minimus,617.8455378058529,-4699.457985944894,4257.125163702566,6273777593,41.928498,-82.510185
Empidonax minimus,461.0828679672416,-4650.372310671735,4330.264782975997,6273899563,42.818857,-84.337649
Empidonax minimus,417.18621658809803,-4486.576190240701,4504.036287546047,6273951431,44.987954,-84.687603
Empidonax minimus,834.5417963924073,-4492.844146430811,4439.32929569704,6274039808,44.170958,-79.477287
Empidonax minimus,1336.9464418344141,-4439.878167342379,4369.188620384821,6274121043,43.297947,-73.241779
Empidonax minimus,825.3936130231784,-4566.476404304213,4365.291715589102,6274223714,43.249813,-79.754372
Empidonax minimus,259.15561115603793,-4840.999735303876,4133.680328916543,6274317950,40.453195,-86.935682
Empidonax minimus,468.01801513175377,-4985.478877809432,3938.998937053116,6320209729,38.189857,-84.637005
Empidonax minimus,1061.9041386709243,-4376.415556236701,4506.56183903876,6320286023,45.020077,-76.361198
Empidonax minimus,429.2772803480457,-4875.7463817378175,4078.3049625089343,6320324756,39.801878,-84.968459
Empidonax minimus,-281.9401191747251,-4500.184968476519,4500.955248430621,6320542621,44.94879,-93.58494
Empidonax minimus,848.5199589978196,-4521.126045884279,4407.85506636579,6320547419,43.777636,-79.370443
Empidonax minimus,-625.912550555104,-5324.388721904125,3442.2189568351387,6320568490,32.703667,-96.704677
Empidonax minimus,148.06425736309743,-4874.409889636089,4099.7510086817265,6320686668,40.053384,-88.260128
Empidonax minimus,784.7427071202062,-4551.504395300717,4388.364131753122,6320694546,43.535358,-80.217586
Empidonax minimus,1538.7725823828684,-4418.425687159752,4324.285665451702,6320803540,42.745593,-70.798682
Empidonax minimus,1300.8617662169574,-4504.515123882608,4313.566423921762,6320891625,42.614463,-73.891778
Empidonax minimus,813.2987235965709,-4652.163526257017,4276.175024579501,6320934872,42.15919,-80.083672
Empidonax minimus,1312.6290105736223,-4633.475484970581,4171.050603919183,6320944988,40.896325,-74.18297
Empidonax minimus,67.99352930687328,-4832.286814777006,4151.401468104732,6320996869,40.662962,-89.193863
Empidonax minimus,855.4470088069438,-4759.571596989687,4147.823737567656,6321024868,40.620559,-79.810904
Empidonax minimus,1538.9488148027783,-4418.541646703927,4324.104461207836,6321251764,42.743374,-70.797111
Empidonax minimus,200.44989255319527,-4746.420579662343,4245.122454206784,6334051605,41.783574,-87.581733
Empidonax minimus,-508.59196527888747,-4072.1111223393846,4873.294404183998,6334202054,49.899629,-97.119171
Empidonax minimus,230.36620475877467,-4911.4150163903805,4051.5042981783395,6334261428,39.488863,-87.314553
Empidonax minimus,198.2304558855374,-4746.2070692342295,4245.465377551426,6334293423,41.78771,-87.60837
Empidonax minimus,1335.7815449255281,-4267.218615409008,4538.313131794746,6334312929,45.42548,-72.618142
Empidonax minimus,192.97274979142574,-4732.849308269211,4260.592925020063,6334368843,41.97043,-87.665169
Empidonax minimus,1255.4950231527994,-4628.9359896813,4193.6186021083495,6334516783,41.165374,-74.82489
Empidonax minimus,-90.48890240844533,-4312.597467117157,4688.610452451027,6334682688,47.385778,-91.20203
Empidonax minimus,-506.50798279477226,-4078.254586459838,4868.3716293091165,6334769706,49.830947,-97.079725
Empidonax minimus,1265.5701172395154,-4253.763661913785,4570.949585874867,6334829651,45.845242,-73.431325
Empidonax minimus,-255.6661794575382,-4511.0289094583995,4491.659616710685,6352463307,44.830792,-93.243814
Empidonax minimus,-1632.333669834275,-3548.289198648407,5033.376966089253,6352544889,52.189619,-114.704038
Empidonax minimus,832.5808610771683,-4486.101833422023,4446.51015737207,6352686065,44.261062,-79.486035
Empidonax minimus,69.81188011631374,-4587.585235041055,4420.287450189792,6352810860,43.932688,-89.128165
Empidonax minimus,1243.431292304117,-4285.858551724375,4546.982320793363,6352953991,45.536675,-73.821277
Empidonax minimus,163.14376538678155,-4185.5306576017365,4800.465639473824,6353008618,48.893251,-87.767853
Empidonax minimus,793.8109311804751,-4163.255531739559,4756.776294157188,6398791954,48.29916,-79.204947
Empidonax minimus,-576.9601231586894,-4577.727210208975,4393.322630410212,6399299398,43.596901,-97.183475
Empidonax minimus,793.9337721962721,-4163.107949917904,4756.884956815119,6399934740,48.300629,-79.202942
Empidonax minimus,-1663.6034566604692,-3644.4539121351695,4953.799789150489,6399995781,51.037113,-114.53553
Empidonax minimus,708.4296727461019,-4603.398767402068,4347.022005549477,6400693402,43.024653,-81.25123
Empidonax minimus,-511.83750628639916,-4083.4866457752746,4863.4259849010705,6400754468,49.762044,-97.14438
Empidonax minimus,-347.5156579041045,-5519.9365984120095,3162.164756413012,6412986778,29.757925,-93.602385
Empidonax minimus,-2164.4432409649876,-3545.0438532473277,4830.900812982166,6413893088,49.311314,-121.406349
Empidonax minimus,1486.075282772283,-4471.822580079265,4287.6725849700715,6422147909,42.298832,-71.61733
Empidonax minimus,-1552.8162266599895,-3457.512744822107,5120.949181088557,6422728078,53.4935,-114.1855
Empidonax minimus,-1571.644628202811,-3565.277363765505,5040.682851731496,6430769615,52.296923,-113.788832
Empidonax minimus,1086.7205575669298,-4324.531104486481,4550.518902912919,6431796006,45.5821,-75.8941
Empidonax minimus,-1014.3587153670151,-4308.711583775372,4582.1211260808395,6441493970,45.989656,-103.247377
Empidonax minimus,1117.5162404674131,-4322.645602361203,4544.848245910569,6452369586,45.509282,-75.504919
Empidonax minimus,1200.045437047977,-4592.524384950804,4249.513366531515,6452603744,41.836553,-75.355818
Empidonax minimus,1407.2361677324852,-4361.860866509794,4425.337193832064,6469955812,43.995782,-72.119111
Empidonax minimus,792.8913645632293,-4379.552249376269,4558.574174965432,6480118578,45.685702,-79.738101
Empidonax minimus,453.68264304742706,-4364.823964672071,4618.683464635709,6480170464,46.464958,-84.065948
Empidonax minimus,-1687.366045899942,-3816.690457860089,4814.085884745014,6480406018,49.079906,-113.850312
Empidonax minimus,-1368.6797393707627,-3871.0224967574545,4871.514521204992,6498259460,49.874785,-109.472097
Empidonax minimus,-541.9489129287391,-5500.512586814165,3168.6599356434162,6498467464,29.825233,-95.627019
Empidonax minimus,1014.3783536910823,-4714.401594336954,4163.557048072428,6499562738,40.807231,-77.857036
Empidonax minimus,1754.9698700299446,-4142.581451070688,4510.970273257139,6500054988,45.076192,-67.040463
Empidonax minimus,1247.9012042390343,-4282.9524578583605,4548.495790683029,6500366760,45.55611,-73.755741
Euphagus carolinus,863.5209309579777,-4880.0220614992595,4003.681981720753,5006926021,38.933795,-79.965372
Euphagus carolinus,528.1120810023234,-4886.473412325921,4053.7918484067104,5006974456,39.515525,-83.831625
Euphagus carolinus,663.7875885078935,-4892.27552977741,4026.7579152168387,5036662400,39.201087,-82.27325
Euphagus carolinus,-619.4429217260933,-5305.0646153657435,3473.08695877244,5036706749,33.03418,-96.659952
Euphagus carolinus,844.1209438371624,-5225.099517093077,3546.201911669241,5037145653,33.822055,-80.823087
Euphagus carolinus,377.3198202146673,-5039.67281887195,3879.314470582897,5063288546,37.51009,-85.718259
Euphagus carolinus,1349.5572700599882,-4633.37623624132,4159.359681241799,5063367596,40.757379,-73.760814
Euphagus carolinus,-205.9786921599549,-5369.6364956180105,3422.6203138795054,5063422469,32.494453,-92.196783
Euphagus carolinus,1332.8933275665295,-4635.371164337784,4162.509180269976,5063722386,40.794782,-73.957498
Euphagus carolinus,206.81497704241642,-5220.540146916768,3645.948610358987,5069811238,34.908797,-87.731378
Euphagus carolinus,-389.4171197335991,-5181.9268962898,3685.884029380764,5076998763,35.347926,-94.297648
Euphagus carolinus,354.0100215108286,-5366.852814105095,3414.8676264358437,5077005887,32.411828,-86.226105
Euphagus carolinus,-169.7200088760968,-5200.767239192352,3675.998962460149,5077191583,35.239009,-91.869107
Euphagus carolinus,-1596.3067911315309,-4153.5532426267755,4559.556252414196,5087309893,45.698346,-111.022925
Euphagus carolinus,1075.1359276917162,-4798.755808259874,4050.4047401902967,6129835921,39.476051,-77.371723
Euphagus carolinus,1015.749368672257,-5066.6536720354325,3726.530144433185,6129881868,35.797335,-78.663771
Euphagus carolinus,919.1352979378805,-4752.242999630843,4142.599414162771,6130026461,40.558689,-79.053534
Euphagus carolinus,-346.34029288311984,-4959.3239688228705,3984.332730014154,6130092833,38.710444,-93.994833
Euphagus carolinus,-284.8782643597629,-5191.8931766285305,3681.4185780281655,6130195078,35.298706,-93.14066
Euphagus carolinus,-637.2645700285199,-5319.579578312199,3447.567273813174,6130539855,32.760845,-96.831253
Euphagus carolinus,-373.63745584928137,-5351.883579026781,3436.2028953202694,6130763972,32.639394,-93.993579
Euphagus carolinus,1314.4869068719377,-4204.763378583148,4602.37354323459,6133094679,46.252424,-72.639789
Euphagus carolinus,435.18841793598614,-4869.046907153735,4085.6757564090244,6133387794,39.888214,-84.892557
Euphagus carolinus,461.1142876928024,-5004.78590046722,3915.2579524020525,6133571346,37.918711,-84.735934
Euphagus carolinus,240.5545567217703,-5112.275146071224,3794.2758816117043,6147167891,36.552092,-87.305974
Euphagus carolinus,898.6378751662285,-5192.524521721327,3580.487702857931,6147199599,34.194015,-80.181431
Euphagus carolinus,17.32033100789066,-5209.908759056482,3666.9202143103344,6147507080,35.139105,-89.809521
Euphagus carolinus,1309.3914596711056,-4560.949588290005,4251.233466665298,6147621034,41.857319,-73.981891
Euphagus carolinus,1349.5538467453082,-4633.316895095076,4159.426894902578,6163236578,40.758177,-73.760656
Euphagus carolinus,-343.94686646216184,-5365.805911599397,3417.540139014207,6170877727,32.440302,-93.667628
Euphagus carolinus,-471.55077610764977,-4946.671897094131,3987.2083138116645,6170900840,38.743593,-95.445373
Euphagus carolinus,-159.0077099833578,-5491.316926782884,3226.4389173624636,6170929213,30.426001,-91.658605
Euphagus carolinus,914.9360542240906,-4827.777585750722,4055.2692547944603,6171318406,39.53275,-79.268858
Euphagus carolinus,41.79345975625288,-4651.061135248112,4353.807156108729,6178300548,43.108178,-89.485166
Euphagus carolinus,-40.53250436161149,-4768.582777629441,4224.77556074444,6178540659,41.538645,-90.486997
Euphagus carolinus,761.8539831372298,-4559.3934732266525,4384.2060620314805,6179065716,43.483798,-80.513775
Euphagus carolinus,-204.0812805946126,-4568.265862384206,4436.107637463657,6179151407,44.130578,-92.557913
Euphagus carolinus,690.4353892976244,-5182.360553950778,3640.905270909676,6179164953,34.853508,-82.411288
Euphagus carolinus,649.9093392348256,-4728.956742739405,4219.518823959944,6179294811,41.475517,-82.174755
Euphagus carolinus,-309.2156309296186,-4738.984511687849,4246.900589988999,6184828325,41.805023,-93.73322
Euphagus carolinus,1277.3056461328342,-4613.991128666502,4203.490130905679,6184891117,41.283407,-74.526148
Euphagus carolinus,1109.2608711392386,-4842.964911624833,3988.10535395036,6185351755,38.753937,-77.09917
Euphagus carolinus,597.0789479369615,-4859.785728282036,4076.239999655831,6185356704,39.77771,-82.995676
Euphagus carolinus,1250.999501260828,-4704.68273205934,4109.831355200024,6185512434,40.171921,-75.109324
Euphagus carolinus,1332.272451685973,-4636.579571042355,4161.361931573457,6185633191,40.781155,-73.968551
Euphagus carolinus,1288.8071005192508,-4654.647614888682,4154.87484390802,6185858670,40.704154,-74.523331
Euphagus carolinus,528.6642200239318,-4777.515931007507,4181.57970163351,6185978685,41.021713,-83.685527
Euphagus carolinus,688.7225133870725,-4760.385326436315,4177.815933365309,6186048438,40.976864,-81.767689
Euphagus carolinus,-170.74347793480354,-5214.412996900607,3656.569005526108,6186054873,35.025348,-91.875453
Euphagus carolinus,45.61349498609623,-4816.451725683452,4170.06778277206,6188039237,40.884633,-89.457405
Euphagus carolinus,1336.3752012576058,-4626.820975651729,4170.897039056505,6188075977,40.894498,-73.889576
Euphagus carolinus,564.6616328995168,-4730.091086040602,4230.502179147048,6188082659,41.607486,-83.192447
Euphagus carolinus,98.60478301979964,-4584.907990890024,4422.516132420079,6188150389,43.960526,-88.767965
Euphagus carolinus,83.5845820181184,-4658.565329345143,4345.173853777277,6188353645,43.001922,-88.972102
Euphagus carolinus,1524.178862920268,-4440.45423099201,4306.854785800151,6195443733,42.532499,-71.055298
Euphagus carolinus,1067.559799980909,-4706.290082547557,4159.43540183721,6195448015,40.758278,-77.219486
Euphagus carolinus,776.4183238428785,-4578.254379925466,4361.939310532844,6195601869,43.208435,-80.374883
Euphagus carolinus,177.11123252816415,-4743.552285191906,4249.364241700215,6195630912,41.834753,-87.861726
Euphagus carolinus,626.4297627821337,-4741.625225204612,4208.839401269841,6195676870,41.347457,-82.474073
Euphagus carolinus,171.42490381257454,-4872.800576746206,4100.753732095128,6195745355,40.065166,-87.985168
Euphagus carolinus,182.58695260200636,-4730.966030195934,4263.141512493935,6195977040,42.001265,-87.789823
Euphagus carolinus,1252.307352144184,-4281.936000988288,4548.241804135252,6195979206,45.552848,-73.697761
Euphagus carolinus,1334.791248937487,-4644.954235488322,4151.20291020042,6234174034,40.660608,-73.96727
Euphagus carolinus,414.74498417441765,-4488.555632574801,4502.289202290388,6234290491,44.965743,-84.720829
Euphagus carolinus,1243.6424874115764,-4728.054259135748,4085.1694476301104,6234584031,39.88228,-75.263037
Euphagus carolinus,896.1391872450733,-4156.754086014382,4744.268453108858,6234712643,48.130349,-77.834016
Euphagus carolinus,906.7104109878064,-4783.573913076517,4109.1422436340135,6234963343,40.163811,-79.267105
Euphagus carolinus,564.8441481833332,-4728.529858404026,4232.2227725064395,6235037905,41.628184,-83.18804
Euphagus carolinus,862.8226211020368,-4520.91953688104,4405.289638064604,6235226582,43.745691,-79.194973
Euphagus carolinus,492.5672917107802,-4374.86562203279,4605.179842521874,6235238352,46.288934,-83.576106
Euphagus carolinus,1332.9543090612576,-4635.342592090993,4162.52147064488,6235590448,40.794928,-73.956708
Euphagus carolinus,493.6298523438028,-4378.628082672185,4601.488760410805,6235613264,46.240918,-83.56785
Euphagus carolinus,1044.5021515468452,-4420.593090385983,4467.339825256542,6235706958,44.523214,-76.705914
Euphagus carolinus,1126.0964615919563,-4515.088680204948,4351.509404649453,6235785659,43.07988,-75.995718
Euphagus carolinus,195.49317410597823,-4733.077493105339,4260.224523756358,6236019445,41.965974,-87.634822
Euphagus carolinus,-517.8881274865911,-4074.637018124607,4870.203095109533,6236456982,49.856488,-97.24348
Euphagus carolinus,1389.2176113388273,-4610.825642858924,4171.344441445476,6236471887,40.899821,-73.232721
Euphagus carolinus,-122.9253133098719,-4577.694368911237,4429.374308168532,6236482305,44.046272,-91.5382
Euphagus carolinus,668.2553331087544,-4663.72007705882,4288.694787728269,6251480586,42.311262,-81.845704
Euphagus carolinus,-88.66062109759673,-4311.310461417529,4689.828837944493,6251516345,47.401964,-91.178102
Euphagus carolinus,1243.662334743428,-4728.04350917365,4085.175847155038,6252872814,39.882355,-75.26278
Euphagus carolinus,932.7942960832102,-4130.667218581147,4759.96179188564,6253162564,48.342242,-77.274813
Euphagus carolinus,1169.8374492606401,-4348.221518293668,4507.128032331975,6273250008,45.027281,-74.941803
Euphagus carolinus,784.7519678861211,-4551.477927653304,4388.389927144245,6273264925,43.535678,-80.217417
Euphagus carolinus,784.6762103110078,-4551.486403309404,4388.394683154538,6273270082,43.535737,-80.218361
Euphagus carolinus,1094.2624445055537,-4345.573908098626,4528.612396913055,6273336786,45.301313,-75.86615
Euphagus carolinus,1094.568109316183,-4336.282264181149,4537.436490915706,6273568670,45.414248,-75.833285
Euphagus carolinus,1215.9297955864104,-4301.6809065812095,4539.472352579899,6273809116,45.440336,-74.216319
Euphagus carolinus,617.8573364561518,-4688.241336656027,4269.472872701554,6320841429,42.077932,-82.492328
Euphagus carolinus,1251.16048049999,-4295.028525605354,4536.196704944437,6321048922,45.398367,-73.758929
Euphagus carolinus,1067.683085715604,-4714.67155229092,4149.900976188826,6334253371,40.645175,-77.240037
Euphagus carolinus,1403.7336047653378,-4125.895783431516,4647.178615116056,6334623945,46.838284,-71.210403
Euphagus carolinus,966.5047936894929,-4794.522488210862,4082.6677214161064,6413644922,39.852967,-78.602762
Euphagus carolinus,827.3893967045466,-4541.682319537336,4390.70627852744,6422705669,43.56442,-79.675262
Euphagus carolinus,-407.83862842739563,-4942.987096728944,3998.7872342012715,6441257503,38.877228,-94.716707
Euphagus carolinus,-221.50539668455107,-3306.1471554101413,5441.51444688797,6451855324,58.661068,-93.832977
Euphagus carolinus,1098.2955862458698,-4338.982506125502,4533.95310368856,6469751157,45.369639,-75.79548
Euphagus carolinus,1102.4341719725942,-4810.118534147445,4029.534925223476,6469805540,39.233322,-77.091286
Euphagus carolinus,1128.048236216724,-4812.731213225724,4019.3131970137165,6470641351,39.114743,-76.808663
Euphagus carolinus,1251.5153468955343,-4703.553006051302,4110.967232346681,6498372771,40.185291,-75.100038
Falco peregrinus,-2439.206511094617,-4755.901071531983,3467.1933496290626,5938070338,32.97098,-117.15238
Falco peregrinus,1331.6573016821565,-4646.584306816832,4150.38507131538,5938223478,40.650913,-74.00831
Falco peregrinus,-2491.7764755611215,-4677.740673753411,3535.4696031263825,6129847052,33.705955,-118.043694
Falco peregrinus,-2619.4654578353084,-4166.489853969659,4045.8022865252547,6129874438,39.422449,-122.157509
Falco peregrinus,-1782.3789853806238,-5199.670376635605,3221.227445631419,6129916519,30.371663,-108.921044
Falco peregrinus,1113.6231944963265,-4838.986017050906,3991.7177802473757,6129983909,38.795608,-77.039854
Falco peregrinus,-2314.175875920548,-3639.8292143018175,4688.921670885515,6129984767,47.389912,-122.447892
Falco peregrinus,-2707.663757045426,-4050.5171354073855,4105.072599142582,6130120251,40.115936,-123.761682
Falco peregrinus,-2470.9567618685,-4705.968985560729,3512.546329601119,6130180456,33.458499,-117.702556
Falco peregrinus,-488.73652822046114,-4923.657142209876,4013.538349340407,6130254134,39.047839,-95.668776
Falco peregrinus,513.3330671844274,-4680.867140691841,4291.354693217965,6130322093,42.343618,-83.741597
Falco peregrinus,-2411.4249941570406,-4708.129871355157,3550.816207815525,6130577760,33.87202,-117.120762
Falco peregrinus,1322.3279957025316,-4738.132434635476,4048.617397743835,6130597027,39.45523,-74.406533
Falco peregrinus,1577.9467041997975,-4484.095374609938,4241.783351349311,6130955646,41.743315,-70.613103
Falco peregrinus,1294.2221748023824,-4638.754850330222,4170.93461114713,6131226553,40.894945,-74.410788
Falco peregrinus,-2699.456253321252,-4343.9698232177025,3799.028196928287,6131293003,36.605313,-121.857897
Falco peregrinus,-945.0418548575913,-5480.013487431516,3109.035413084487,6133046399,29.209038,-99.784559
Falco peregrinus,-2614.33819254639,-4559.642410994161,3600.6457793754253,6133079856,34.413473,-119.828439
Falco peregrinus,-2653.3795892052244,-4381.5666223126245,3788.2982748857685,6133159941,36.485201,-121.198168
Falco peregrinus,-2544.7983869232435,-3762.6654515517644,4467.225425170421,6133224494,44.521771,-124.071615
Falco peregrinus,-2322.184526273947,-3649.8046059109793,4677.19344204217,6133273185,47.234346,-122.466517
Falco peregrinus,778.3080487817003,-5649.7320871515085,2839.8093341437057,6133311457,26.470652,-82.156294
Falco peregrinus,-2491.757764621318,-4677.716172888441,3535.5152068722205,6133471982,33.706448,-118.04364
Falco peregrinus,-2699.7426585118483,-4316.100881470941,3830.4589657708875,6133478553,36.958236,-122.026185
Falco peregrinus,1206.8777190317858,-4952.76256340626,3821.4319687132374,6133480069,36.856709,-76.305194
Falco peregrinus,-2448.3432647405452,-4778.744134173951,3429.1358806228554,6133594665,32.563952,-117.127893
Falco peregrinus,-2449.438815961593,-4753.933589879473,3462.674983239658,6159167248,32.922558,-117.259545
Falco peregrinus,668.7668551867597,-5168.997997369769,3663.8727770309347,6159198532,35.105598,-82.628003
Falco peregrinus,-750.858015496183,-5689.191036454765,2767.50261444598,6159257322,25.746486,-97.51843
Falco peregrinus,195.75793034934034,-4732.93847389527,4260.366811050979,6159279507,41.967695,-87.631553
Falco peregrinus,1332.2357796582335,-4643.205457988292,4153.979300861234,6159283954,40.693531,-73.990673
Falco peregrinus,668.7901474127958,-5168.9965312712875,3663.8705937991867,6159331004,35.105574,-82.627747
Falco peregrinus,1249.282673460945,-4721.484011150097,4091.0432244015333,6159517526,39.951153,-75.179439
Falco peregrinus,1331.6974334461497,-4645.9956202965295,4151.031169675295,6159563679,40.658572,-74.00593
Falco peregrinus,1249.241222760318,-4721.297030215241,4091.27166654996,6159617200,39.953833,-75.179348
Falco peregrinus,710.8472794761357,-4706.648822367745,4234.608144544561,6159656591,41.65689,-81.411502
Falco peregrinus,-2223.7430117698746,-3531.573263223299,4813.804154072787,6159676363,49.076038,-122.197591
Falco peregrinus,510.60881005549254,-4687.300971952597,4284.651837793053,6162773291,42.262114,-83.783027
Falco peregrinus,-1558.9756746900302,-5157.884086616512,3399.349897323067,6162939883,32.246673,-106.817495
Falco peregrinus,1010.9503627213066,-4465.807087021683,4429.932229199224,6163020686,44.053253,-77.244613
Falco peregrinus,-940.0069462402703,-5469.032946298224,3129.8272640837627,6163117338,29.423488,-99.752597
Falco peregrinus,1544.0863730243022,-4382.835008897613,4358.475385625064,6163122541,43.16571,-70.592481
Falco peregrinus,-2489.1914308932337,-4679.43596249753,3535.0471316419435,6163292020,33.701388,-118.010415
Falco peregrinus,1691.110919244434,-4229.090350143261,4454.738129095224,6163299813,44.364475,-68.204725
Falco peregrinus,521.0192970210761,-4677.418142721626,4294.188111849278,6163338282,42.378103,-83.644004
Falco peregrinus,1531.7603327110073,-4453.17852085568,4290.998074364532,6170892165,42.339279,-71.018314
Falco peregrinus,1336.6356170916522,-4639.259457906924,4156.973663498557,6170968599,40.729057,-73.927568
Falco peregrinus,-2420.9176748604873,-4697.681069608214,3558.1882060214507,6171192122,33.951907,-117.264004
Falco peregrinus,-2682.968402481734,-4310.634623644952,3848.358458147499,6178293921,37.159954,-121.898416
Falco peregrinus,1447.388352019031,-4522.665095603927,4247.38984802702,6178416735,41.810926,-72.253771
Falco peregrinus,678.9339958467135,-4725.207844828326,4219.1483242633085,6178608616,41.47107,-81.823508
Falco peregrinus,512.3846556029184,-4676.812317699666,4295.8865952667775,6178661300,42.398784,-83.747695
Falco peregrinus,-1369.4879552107361,-5596.162791241703,2719.7826906082078,6178679126,25.270977,-103.751117
Falco peregrinus,-2100.080958229574,-4750.5684900161905,3689.378283698256,6178714207,35.386462,-113.848755
Falco peregrinus,-2021.3574371577781,-3567.6477895370526,4876.039016531324,6178740228,49.937964,-119.535018
Falco peregrinus,371.8407158665079,-4990.059219021927,3943.449835151399,6178775898,38.240803,-85.738407
Falco peregrinus,-1904.4838984014036,-5044.28719483629,3393.797416820554,6178857872,32.187651,-110.684161
Falco peregrinus,1331.7004935865295,-4645.994969256845,4151.030916615644,6178994865,40.658569,-74.005893
Falco peregrinus,1249.2461376361784,-4721.385251160998,4091.1683572541865,6179471467,39.952621,-75.179557
Falco peregrinus,-2703.681444696054,-4372.666524636498,3762.9306716450487,6179580335,36.20197,-121.729087
Falco peregrinus,-2612.0731418531286,-4242.350420873659,3971.056526643766,6184822406,38.557598,-121.621175
Falco peregrinus,-2681.639061427249,-4349.623525195558,3805.1728295795438,6185145105,36.674181,-121.65475
Falco peregrinus,-2361.165503171833,-4721.148961456461,3567.2682938135345,6185148680,34.050407,-116.570789
Falco peregrinus,766.3777431746521,-4560.29564557087,4382.478968509869,6185218801,43.462395,-80.460333
Falco peregrinus,668.8042043834918,-5168.989618594269,3663.8777802679315,6185281345,35.105653,-82.627584
Falco peregrinus,-2704.343423771235,-4313.336763254287,3830.327106493876,6185370076,36.956752,-122.08658
Falco peregrinus,1098.6758100072234,-4570.934785759653,4299.9092756144,6185511410,42.447792,-76.484695
Falco peregrinus,1513.1228231425391,-4499.818410256596,4248.746488845667,6185727747,41.827297,-71.414108
Falco peregrinus,-2512.2242479943056,-4666.68309981164,3535.611871147525,6185846871,33.707493,-118.294996
Falco peregrinus,-91.36504620855733,-4318.042579902494,4683.5791694128275,6185915868,47.318991,-91.212135
Falco peregrinus,-2512.2224012892625,-4666.6931344446875,3535.5999384920033,6186078386,33.707364,-118.294927
Falco peregrinus,695.3053440276988,-4720.552451350976,4221.692570792933,6188369470,41.501614,-81.620969
Falco peregrinus,-2718.0839310284923,-4256.612994018997,3883.6862248012208,6188468300,37.55967,-122.560493
Falco peregrinus,668.721115126865,-5168.993275880564,3663.887786731798,6188628516,35.105763,-82.628495
Falco peregrinus,855.2451191272734,-4526.264690182142,4401.276731846882,6195235767,43.695756,-79.300018
Falco peregrinus,-2449.541995684659,-4754.317059339496,3462.075452720245,6195326067,32.916135,-117.258646
Falco peregrinus,-2243.656434036401,-4039.1529858350023,4386.456667140881,6195393874,43.5117,-119.051163
Falco peregrinus,1249.249185295534,-4721.386439032369,4091.166055788633,6195629821,39.952594,-75.179526
Falco peregrinus,-1246.0066577635946,-5420.502239910399,3107.31009164077,6195691617,29.191263,-102.945648
Falco peregrinus,-2449.416027399223,-4753.869390619745,3462.7792409170265,6195709261,32.923675,-117.259643
Falco peregrinus,-2620.339645085485,-4164.626909616969,4047.1540590598875,6195728904,39.438188,-122.177673
Falco peregrinus,-2657.5108825968346,-3942.1639030937727,4241.076844352304,6234225121,41.7348,-123.984891
Falco peregrinus,1098.7404295342128,-4931.145182470254,3881.5370393163607,6234244239,37.535292,-77.43875
Falco peregrinus,-2512.115882620927,-4624.126957687502,3591.166495882479,6234390798,34.310202,-118.513585
Falco peregrinus,1330.555200027877,-4643.0015554168085,4154.745785936043,6234393664,40.702623,-74.009169
Falco peregrinus,-2714.3930007475406,-4257.847702496965,3884.9139899760357,6234996551,37.5736,-122.517655
Falco peregrinus,-2476.4571261019837,-4688.9944630401205,3531.323287074582,6235039561,33.661143,-117.840437
Falco peregrinus,-1271.3069823618794,-4699.420910199192,4109.619787164984,6235095917,40.169431,-105.137564
Falco peregrinus,1254.105152922143,-4723.57347414242,4087.1539033255976,6235655258,39.905541,-75.131049
Falco peregrinus,-1619.3880813385422,-3653.4725382636143,4961.801465581804,6235956527,51.151693,-113.905137
Falco peregrinus,1105.8402287900417,-4319.115944095101,4551.055699453756,6236039023,45.588998,-75.638839
Falco peregrinus,-2432.837637043953,-4830.700657920532,3366.8063970216594,6236115005,31.901283,-116.730741
Falco peregrinus,-253.4548858284993,-4502.664836219147,4500.16923272922,6236535582,44.938803,-93.221778
Falco peregrinus,-929.5369106420043,-5670.624104992559,2751.31541654331,6236544515,25.584976,-99.309216
Falco peregrinus,-1566.8084175561519,-4710.193097024606,3993.6130885570747,6251903904,38.817481,-108.399296
Falco peregrinus,-1902.0438878795414,-4711.93385801679,3843.131730234149,6273917731,37.100996,-111.982217
Falco peregrinus,-2457.1097531597043,-4667.6936512984485,3572.8141245008883,6399725037,34.110624,-117.762663
Falco peregrinus,-2677.7315572830535,-4292.0876122565,3872.659391880754,6423129871,37.434678,-121.95906
Falco peregrinus,441.47676470054944,-4661.409473789365,4320.429737141171,6480452552,42.698391,-84.58972
Falco peregrinus,-2423.663797452497,-4840.04857363353,3359.990585026035,6498507425,31.82911,-116.599508
Geothlypis trichas,-2476.4659913584373,-4688.974586029576,3531.343463172518,6129850161,33.661361,-117.840622
Geothlypis trichas,-2448.499417436608,-4748.915314990965,3470.217149334359,6129903792,33.0034,-117.275238
Geothlypis trichas,-2501.9898655170487,-4665.335758728387,3544.6356795667502,6129913215,33.805102,-118.204376
Geothlypis trichas,393.1761020618566,-5488.663925098373,3210.877450132379,6129952467,30.263837,-85.902661
Geothlypis trichas,-303.9972272142471,-5502.916083606577,3196.131003621025,6130014731,30.110413,-93.161973
Geothlypis trichas,-698.8322085860118,-5580.280167337162,2993.636572455608,6130177448,28.026782,-97.13813
Geothlypis trichas,-2665.254591136924,-4459.320244206548,3687.9037478912924,6130520414,35.370198,-120.865993
Geothlypis trichas,-2682.8873947913007,-4288.859367632258,3872.667514933396,6130641008,37.43477,-122.027956
Geothlypis trichas,-2682.395172764996,-4290.040676715529,3871.6999185022896,6130657137,37.423812,-122.016136
Geothlypis trichas,737.3882127403004,-5487.712854885453,3151.3519917194362,6130704289,29.645975,-82.346962
Geothlypis trichas,-994.1012327129135,-5642.586644443341,2786.1679469740757,6131049707,25.932995,-99.991737
Geothlypis trichas,-2444.9615994354995,-4780.9409955584515,3428.4864158913915,6131362334,32.557022,-117.085092
Geothlypis trichas,-2488.857553233609,-4679.4591074991995,3535.2515710529356,6131389746,33.703598,-118.007111
Geothlypis trichas,739.5197686994185,-5488.97315166183,3148.6564407244855,6131640009,29.618086,-82.326844
Geothlypis trichas,-741.8387572849069,-5687.825204137496,2772.7374262713142,6131672485,25.798764,-97.430898
Geothlypis trichas,974.5989177567708,-5618.3551656155205,2841.4776635029466,6133071855,26.487414,-80.159004
Geothlypis trichas,-2664.662579672235,-4459.22890293994,3688.4419552647164,6133263918,35.376134,-120.860905
Geothlypis trichas,-2424.1487075298332,-4771.161879549167,3456.7716865011116,6133351260,32.859334,-116.934373
Geothlypis trichas,-950.1561704308602,-5480.302039660456,3106.9673212898524,6133488837,29.187732,-99.835971
Geothlypis trichas,-2492.0618697606697,-4677.527598577695,3535.5503576538645,6147357254,33.706828,-118.0475
Geothlypis trichas,-2447.777081373117,-4741.160408466209,3481.3127510717077,6147422564,33.122465,-117.306505
Geothlypis trichas,832.9253528998838,-5646.750839545318,2830.2285141430343,6147454097,26.374439,-81.609079
Geothlypis trichas,-744.4234410473894,-5686.528310212747,2774.7040648050306,6147496704,25.81841,-97.458179
Geothlypis trichas,939.360818409464,-5678.844256072132,2730.948973853427,6147525066,25.382076,-80.60752
Geothlypis trichas,944.4670609971232,-5667.005600053147,2753.6852814610393,6147625564,25.608608,-80.538011
Geothlypis trichas,-2447.8995099903614,-4778.338736700767,3430.0174979161993,6147670726,32.57336,-117.125651
Geothlypis trichas,774.3945023754706,-5440.250943857538,3223.931753655039,6159255730,30.399856,-81.898636
Geothlypis trichas,799.2335140560677,-5527.944918531573,3064.768163722663,6159304768,28.753944,-81.77315
Geothlypis trichas,-747.8731383473836,-5682.587192610884,2781.8414219704587,6159347703,25.889737,-97.497486
Geothlypis trichas,713.6778667787618,-5575.096311045785,2999.786351510926,6159404070,28.089454,-82.705141
Geothlypis trichas,-1032.1582455192927,-5607.621886207736,2842.3545287680026,6159550042,26.496225,-100.429325
Geothlypis trichas,966.5518560403231,-5663.754887533314,2752.709794585136,6159625381,25.59888,-80.315447
Geothlypis trichas,911.2119665004992,-5688.02883663687,2721.3551468654614,6163169295,25.286616,-80.898651
Geothlypis trichas,1261.9559986736501,-5630.998315633079,2699.8292828300177,6163245307,25.072703,-77.36823
Geothlypis trichas,-2715.3976940631574,-4262.8597593936465,3878.710502795518,6170877208,37.503243,-122.496716
Geothlypis trichas,825.3046521894647,-5528.479703852279,3056.8836295883557,6170947407,28.673095,-81.50945
Geothlypis trichas,-2683.4969050667005,-4330.406796826074,3825.7253513781425,6171010751,36.90498,-121.785958
Geothlypis trichas,-2435.11265813632,-4770.641914892613,3449.7761074787795,6171096293,32.78447,-117.041453
Geothlypis trichas,939.5550904603215,-5678.800474078177,2730.973185016104,6171310906,25.382317,-80.605541
Geothlypis trichas,-542.6844465928044,-5506.177585757561,3158.679330860404,6178830758,29.721825,-95.628847
Geothlypis trichas,-2496.2596728146377,-4649.784504051118,3569.0257552226903,6178966576,34.069485,-118.229346
Geothlypis trichas,914.2342079737402,-5548.320053311382,2995.008101603541,6179036916,28.040756,-80.643067
Geothlypis trichas,-2446.5375993461107,-4749.464679921885,3470.8489104018495,6179469960,33.010175,-117.253838
Geothlypis trichas,-819.579701547129,-5496.304783198919,3115.8748326391487,6179561376,29.279531,-98.48115
Geothlypis trichas,-2534.9357887899614,-4626.662078426583,3571.8135013517517,6184734289,34.099756,-118.718217
Geothlypis trichas,969.7311174212106,-5682.7811228850915,2712.079165320089,6184793309,25.19439,-80.31611
Geothlypis trichas,-2447.0492990727785,-4743.656225177448,3478.4232742609265,6184827960,33.091443,-117.287273
Geothlypis trichas,-2435.8160942481445,-4767.7865712393495,3453.225202008823,6184834208,32.821373,-117.06205
Geothlypis trichas,-2448.164311111881,-4748.3941636457375,3471.166590950457,6184896835,33.013582,-117.274605
Geothlypis trichas,-2725.461387463306,-4208.733543559208,3930.416684582384,6185009987,38.091723,-122.925996
Geothlypis trichas,876.0136312373944,-5526.15314896238,3046.963180246338,6185042328,28.571458,-80.992344
Geothlypis trichas,996.96948838098,-5048.640834369425,3755.932732950952,6185052206,36.124018,-78.829361
Geothlypis trichas,-2489.3398816916538,-4679.689623736252,3534.6067827400652,6185443010,33.696628,-118.010544
Geothlypis trichas,687.3818446582235,-5164.765096868108,3666.396162921384,6185505419,35.133342,-82.41902
Geothlypis trichas,-2322.5084515820017,-3518.188727642253,4776.824855350947,6185615853,48.570915,-123.430527
Geothlypis trichas,739.5177414738472,-5489.01312721603,3148.5872274677354,6185740979,29.61737,-82.32692
Geothlypis trichas,939.4839142198272,-5678.732773475454,2731.138442491593,6186073319,25.383962,-80.60613
Geothlypis trichas,-2447.8451700599007,-4748.798258559657,3470.8388399049327,6186120636,33.010067,-117.269577
Geothlypis trichas,-542.637371411803,-5506.176464009431,3158.6893737772516,6187958761,29.721929,-95.628363
Geothlypis trichas,-2470.041202263483,-3769.3424131971506,4503.410636492223,6187990737,44.979999,-123.236731
Geothlypis trichas,-2567.665623917989,-4594.542968328842,3589.849758082818,6188027822,34.295867,-119.198692
Geothlypis trichas,-2661.88065453432,-4239.37609768085,3941.044888491587,6188216046,38.213271,-122.124483
Geothlypis trichas,-2247.4150374298883,-3548.455999914443,4790.338066972166,6188227727,48.754911,-122.34813
Geothlypis trichas,-2463.813156920115,-4714.400551321714,3506.252315387798,6188228089,33.390679,-117.592212
Geothlypis trichas,-2447.089672052443,-4733.5114902371215,3492.187600688835,6188246251,33.239318,-117.337667
Geothlypis trichas,1208.4843596202363,-4952.696596376932,3821.009697248498,6188411894,36.851963,-76.287475
Geothlypis trichas,1108.532184602091,-4843.2884879494,3987.915012619447,6195289040,38.751742,-77.108194
Geothlypis trichas,-2275.909082902942,-3478.581287266605,4827.9874900330815,6195301347,49.271143,-123.195263
Geothlypis trichas,-2213.230419756031,-3536.213891591252,4815.242003436694,6195398141,49.095782,-122.04145
Geothlypis trichas,-2324.9670686734494,-3525.8278472747547,4769.991535699334,6195435368,48.478127,-123.401268
Geothlypis trichas,-538.2772517633879,-5514.300210706445,3145.235113010528,6195593343,29.582699,-95.575252
Geothlypis trichas,-2466.101260444256,-4684.760647490477,3544.166386985422,6195670198,33.800023,-117.762733
Geothlypis trichas,195.12502837377448,-5225.9797152091205,3638.793119868505,6234185485,34.830364,-87.861712
Geothlypis trichas,-2444.7569846334127,-4775.5137537061055,3436.1875391089175,6234255689,32.63923,-117.109537
Geothlypis trichas,1213.3289249556753,-4741.106160430537,4079.154131075578,6234274070,39.811819,-75.645135
Geothlypis trichas,1108.7728686410517,-4843.040386019573,3988.1494047773986,6234297361,38.754445,-77.10485
Geothlypis trichas,1049.5120617097427,-4854.461185225732,3990.2987561259088,6234525864,38.779236,-77.800672
Geothlypis trichas,-725.0405951739829,-5595.347422379122,2959.080344955592,6234589991,27.675296,-97.383201
Geothlypis trichas,-439.21177746370415,-5407.367591131261,3340.2427873730844,6234771058,31.620317,-94.643638
Geothlypis trichas,821.128138602377,-5435.05249112949,3221.1342921927308,6234809591,30.370692,-81.408722
Geothlypis trichas,-2325.2977273299916,-3525.980859796942,4769.717243746953,6234873811,48.474406,-123.40387
Geothlypis trichas,982.0120847254976,-5654.982613941089,2765.2444794546695,6234984864,25.723942,-80.148583
Geothlypis trichas,-2690.3557002644684,-4339.1497651149575,3810.9734519719136,6235131621,36.73925,-121.799703
Geothlypis trichas,-2510.853041962169,-3822.5962877060974,4435.439972828211,6235250117,44.122213,-123.298708
Geothlypis trichas,-2443.6748546804097,-4760.401092035232,3457.858842872259,6235274285,32.870974,-117.172963
Geothlypis trichas,1208.3690156180005,-4953.140563016543,3820.470653567697,6235280076,36.845905,-76.289917
Geothlypis trichas,-2699.427272643267,-4344.1812706861,3798.8069991521365,6235310663,36.602835,-121.856371
Geothlypis trichas,-2443.291369212085,-4781.98581242508,3428.219961521783,6235311533,32.554179,-117.06415
Geothlypis trichas,-2447.900556663662,-4778.3654420502935,3429.9795475458263,6235348217,32.572955,-117.125531
Geothlypis trichas,-726.9273790820654,-5674.959860216642,2802.884282332796,6235491937,26.10028,-97.299486
Geothlypis trichas,1108.6925826764043,-4843.382937123607,3987.7557110705347,6235541312,38.749905,-77.106634
Geothlypis trichas,974.6176215268259,-5618.381466725093,2841.4192432386376,6235548901,26.486827,-80.158864
Geothlypis trichas,-2253.698159184547,-3496.774736221079,4825.263120399925,6235615399,49.233607,-122.802091
Geothlypis trichas,-2445.097876428159,-4781.069763921625,3428.2096518267895,6235694258,32.554069,-117.085761
Geothlypis trichas,-694.282192599752,-5591.318656094292,2974.03447403157,6235705034,27.827261,-97.07827
Geothlypis trichas,674.6606284315152,-5170.863402940316,3660.1581706607067,6235709597,35.064774,-82.566411
Geothlypis trichas,-2683.5405047553018,-4302.120766826503,3857.4759100550755,6236319024,37.26291,-121.954741
Geothlypis trichas,-2488.384572974462,-4679.637332386571,3535.3486085524914,6273701511,33.704647,-118.001692
Geothlypis trichas,-2678.6341579856876,-4293.640502700029,3870.3130895217746,6273747756,37.408109,-121.958424
Geothlypis trichas,-2422.737577554218,-4771.832442538118,3456.8353880861687,6413507643,32.860016,-116.917652
Haemorhous mexicanus,-1913.3977109252212,-5035.724305490832,3401.491297738748,5938031947,32.269446,-110.805026
Haemorhous mexicanus,1141.0820649112106,-4791.134680573477,4041.375177265962,5938037216,39.370928,-76.603703
Haemorhous mexicanus,703.7970138501992,-5183.6709923680355,3636.478782538841,5938081135,34.805012,-82.26812
Haemorhous mexicanus,1048.2619774650968,-5076.659970009246,3703.8390225796975,5938084501,35.546137,-78.33316
Haemorhous mexicanus,1337.023215266988,-4439.364439418723,4369.68710842539,5938101517,43.304107,-73.23904
Haemorhous mexicanus,-2039.4439566577087,-4876.697797155688,3556.4364288633983,5938131895,33.932917,-112.694771
Haemorhous mexicanus,1125.9359398115578,-4816.881792039629,4014.931031865329,5938147393,39.063968,-76.843454
Haemorhous mexicanus,848.354342091945,-4526.211271566114,4402.665052565212,5938153007,43.713027,-79.384139
Haemorhous mexicanus,1099.5575675083617,-4341.591757489848,4531.1485626393605,5938168854,45.333749,-75.78802
Haemorhous mexicanus,-1479.5611862207052,-4999.375367078674,3661.543085224259,5938173614,35.079992,-106.486078
Haemorhous mexicanus,983.8744459831133,-5065.855321031662,3736.1549848198288,5938174352,35.904125,-79.009025
Haemorhous mexicanus,919.5777469640503,-4752.101139942702,4142.6639560458225,5938186181,40.559453,-79.048073
Haemorhous mexicanus,-2511.1942857449094,-4666.848406692663,3536.1253283600818,5938199006,33.713044,-118.284344
Haemorhous mexicanus,-764.7376863992158,-5573.8616964681205,2989.480755804214,5938227772,27.984451,-97.812245
Haemorhous mexicanus,-1800.716604106406,-4444.751460779466,4194.205204001318,5938238530,41.172382,-112.054506
Haemorhous mexicanus,-2673.3837948956475,-4309.121800393536,3856.713824519515,5938254462,37.254299,-121.815509
Haemorhous mexicanus,962.21517311327,-5581.4292376279745,2917.454842094329,5938280579,27.2534,-80.218592
Haemorhous mexicanus,-2430.209280636972,-4768.205398339207,3456.595617255831,5938292969,32.857449,-117.006556
Haemorhous mexicanus,1062.7072109425962,-5066.816120393881,3713.1901265091105,5938305735,35.649561,-78.154563
Haemorhous mexicanus,1254.56500311078,-4694.070772076907,4120.863910562977,5938318932,40.301893,-75.036534
Haemorhous mexicanus,-712.6632364771065,-5410.920315733925,3286.914294262826,5938332638,31.058795,-97.503144
Haemorhous mexicanus,-667.8954053138659,-5321.250912958369,3439.1797828229046,5938363147,32.671192,-97.154053
Haemorhous mexicanus,-1778.5629078692482,-3641.5361218416615,4915.860228459665,5938411018,50.497642,-116.031349
Haemorhous mexicanus,-2647.321604732394,-4460.660011871996,3699.1828434507884,5938428127,35.494689,-120.68837
Haemorhous mexicanus,976.2778705360162,-5098.251091381686,3693.8422351806726,5938430159,35.435719,-79.15951
Haemorhous mexicanus,1104.8516491231126,-4832.144423448285,4002.428791876878,5938442503,38.919308,-77.120925
Haemorhous mexicanus,-518.2125517015722,-5505.305343350969,3164.3043401998566,5938447493,29.780092,-95.377388
Haemorhous mexicanus,-2499.9407224420147,-4642.693822476132,3575.673864419895,5938537253,34.141692,-118.30103
Haemorhous mexicanus,1099.5658672002287,-4341.616250602541,4531.123079973615,5938567364,45.333423,-75.787994
Haemorhous mexicanus,570.193917742138,-5181.864774936324,3662.363919672843,5938580385,35.089013,-83.720639
Haemorhous mexicanus,-2503.354452308647,-4540.897584287894,3701.7858858653985,5938617895,35.523447,-118.867538
Haemorhous mexicanus,1160.113406005636,-4790.776063869704,4036.3789119378457,5938620281,39.312829,-76.387542
Haemorhous mexicanus,793.3348712859541,-4454.610797020344,4485.177316310796,5938630941,44.748649,-79.901897
Haemorhous mexicanus,-1802.9832021074212,-4483.3281765117845,4151.96015928518,5938631524,40.669586,-111.907666
Haemorhous mexicanus,-1982.0758351475627,-4916.692836174713,3533.731748182051,5938635091,33.68717,-111.955937
Haemorhous mexicanus,-2442.8088472399886,-3743.723535095962,4539.4902971910915,5938644804,45.440566,-123.124762
Haemorhous mexicanus,1240.8438672343968,-4727.806100592129,4086.3075143738342,5938667329,39.895619,-75.294023
Haemorhous mexicanus,-1958.0889580871908,-4935.342701049257,3521.0840923065557,6129812821,33.550581,-111.64062
Haemorhous mexicanus,-665.9970558849677,-5320.5764128836545,3440.591182616166,6129818363,32.686272,-97.134824
Haemorhous mexicanus,493.4636139504448,-4860.7091423299025,4088.9795090040384,6129823571,39.926947,-84.203141
Haemorhous mexicanus,-397.00822957286584,-4930.222308729187,4015.60027665079,6129827876,39.07172,-94.603833
Haemorhous mexicanus,704.4773913570041,-5180.239837672085,3641.233301910131,6129837512,34.857103,-82.255672
Haemorhous mexicanus,501.7908626768459,-4920.289409550351,4016.0566711736187,6129852851,39.077007,-84.176879
Haemorhous mexicanus,-2417.5293455545634,-3752.8114990750005,4545.515465320782,6129854843,45.517845,-122.789291
Haemorhous mexicanus,-2431.194683941267,-4753.377776568211,3476.2688693023474,6129858884,33.06832,-117.088234
Haemorhous mexicanus,-1916.9888231951165,-5033.023262085061,3403.46644242794,6129863034,32.290456,-110.850945
Haemorhous mexicanus,-729.5626194113202,-5442.512778639588,3230.564373043806,6129866179,30.469037,-97.63492
Haemorhous mexicanus,-2689.252498882052,-4289.547539231121,3867.487044013245,6129868663,37.37612,-122.084895
Haemorhous mexicanus,-2498.370404856085,-4642.491196992814,3577.034237418047,6129901281,34.156475,-118.287048
Haemorhous mexicanus,-2246.5227334054603,-3509.4001095378026,4819.439760920967,6129914431,49.153469,-122.625111
Haemorhous mexicanus,-2666.382576564639,-4259.336946499571,3916.4021577531666,6129915102,37.931756,-122.04693
Haemorhous mexicanus,-720.9404729117125,-5440.373097038934,3236.099276785288,6129925569,30.526806,-97.548668
Haemorhous mexicanus,-818.1485882395998,-5491.687897849114,3124.379946462426,6129926296,29.36726,-98.47357
Haemorhous mexicanus,-2697.6944073629697,-4231.92641763476,3924.665184431027,6129948099,38.026031,-122.515983
Haemorhous mexicanus,-745.0219579175837,-5430.031582129666,3247.9920611005946,6129948269,30.65105,-97.81243
Haemorhous mexicanus,-692.7853019343446,-5316.505176511402,3441.594741283267,6129950028,32.696996,-97.424288
Haemorhous mexicanus,-402.73021478517495,-4932.369079810696,4012.392897549281,6129971922,39.034576,-94.667872
Haemorhous mexicanus,-826.0796966342184,-5485.664368104154,3132.8632119833455,6129973900,29.454839,-98.563757
Haemorhous mexicanus,-2618.5281894876116,-4557.237962430105,3600.6451372388915,6129983897,34.413466,-119.881101
Haemorhous mexicanus,-2433.94913797308,-4264.526184535851,4059.4902567743197,6129990575,39.581986,-119.715268
Haemorhous mexicanus,-662.402853982134,-5289.382554603811,3489.04109746025,6130002886,33.205492,-97.138135
Haemorhous mexicanus,-398.9161727374229,-4924.922141341681,4021.910108210828,6130007085,39.14485,-94.630819
Haemorhous mexicanus,-397.8606060658775,-4933.960871620543,4010.9213636190602,6130010240,39.017541,-94.610194
Haemorhous mexicanus,306.8018773057793,-5288.31014110727,3539.689476383639,6130018296,33.751586,-86.679701
Haemorhous mexicanus,-2488.534338025324,-3793.554019468995,4472.795309369403,6130033446,44.592069,-123.264483
Haemorhous mexicanus,-1797.8067176452848,-4509.103870822227,4126.212114979419,6130056887,40.364989,-111.737466
Haemorhous mexicanus,-658.6834356828497,-5319.912835429113,3443.0243514490335,6130057486,32.712275,-97.058139
Haemorhous mexicanus,239.4317575459993,-4792.323286706488,4191.188742928025,6130059877,41.136353,-87.139794
Haemorhous mexicanus,1229.3381351749208,-4704.263475219393,4116.8417548891575,6130076302,40.25448,-75.354737
Haemorhous mexicanus,-2668.4220274120926,-4257.470380294665,3917.042631145719,6130078638,37.939059,-122.077936
Haemorhous mexicanus,-2677.8267943020287,-4236.524365585384,3933.3011693991753,6130094772,38.124691,-122.296205
Haemorhous mexicanus,-73.06632399634522,-4964.4923695415155,3992.271277698844,6130102267,38.801995,-90.843206
Haemorhous mexicanus,-1337.6367413046594,-5589.54755545074,2749.079701162544,6130120446,25.562686,-103.458367
Haemorhous mexicanus,-1134.8134908099405,-5284.361874825735,3373.0507032420132,6130120874,31.967454,-102.120155
Haemorhous mexicanus,-2411.4249941570406,-4708.129871355157,3550.816207815525,6130125762,33.87202,-117.120762
Haemorhous mexicanus,-395.47264089504637,-4932.528343450312,4012.9189701562946,6130153354,39.040667,-94.583967
Haemorhous mexicanus,177.11123252816415,-4743.552285191906,4249.364241700215,6130178083,41.834753,-87.861726
Haemorhous mexicanus,1334.5968350068788,-4646.443069316392,4149.598922940471,6130194507,40.641595,-73.974358
Haemorhous mexicanus,-661.3180629337052,-5439.883739193149,3249.6271252833003,6130240460,30.668144,-96.931345
Haemorhous mexicanus,-2425.0254916493127,-4776.59171943911,3448.6484367523126,6130241207,32.772408,-116.916427
Haemorhous mexicanus,-794.2147717323492,-5466.462185138311,3174.39241501306,6130246250,29.884675,-98.266583
Haemorhous mexicanus,1535.1063877625547,-4507.573681666371,4232.609243986114,6130261734,41.632834,-71.19313
Haemorhous mexicanus,-1521.7613197095295,-3493.246544411907,5105.99884405271,6130326409,53.268097,-113.539363
Haemorhous mexicanus,703.7953137850527,-5183.673400916624,3636.4756782633813,6130349818,34.804978,-82.268142
Haemorhous mexicanus,-2679.4467422959956,-4280.1805132129475,3884.6329375101795,6130377295,37.570411,-122.047083
Haemorhous mexicanus,-2700.2502290253715,-4265.839569531588,3886.002392863959,6130388357,37.585951,-122.333559
Haemorhous mexicanus,-2692.7608862580146,-4284.24680807619,3870.919945775857,6130389582,37.41498,-122.150433
Haemorhous mexicanus,-1522.4315070324894,-5206.196393537356,3341.7771541487996,6130390145,31.636523,-106.300336
Haemorhous mexicanus,-2492.0945516882966,-4677.491168437264,3535.575518117857,6130392556,33.7071,-118.047997
Haemorhous mexicanus,1003.0149018303424,-5077.536041471634,3715.1503312706295,6130392686,35.671258,-78.825675
Haemorhous mexicanus,703.7984990158004,-5183.67175148657,3636.4774130057076,6130402789,34.804997,-82.268105
Haemorhous mexicanus,158.38444278314907,-4753.552654530274,4238.915505004775,6130406063,41.708758,-88.091658
Haemorhous mexicanus,-2573.342738182363,-4291.492968070999,3943.4437217384884,6130409743,38.240733,-120.948508
Haemorhous mexicanus,1103.5916479129594,-4826.6620235724295,4009.3855282995537,6130431812,38.999766,-77.120998
Haemorhous mexicanus,-829.6790129223028,-5469.507918809244,3160.042561624238,6130453334,29.735943,-98.625537
Haemorhous mexicanus,-696.8700584191214,-5313.328633710199,3445.6732406819524,6130466772,32.740592,-97.471984
Haemorhous mexicanus,-2690.984969616617,-4276.084838805361,3881.1662518260955,6130473304,37.531087,-122.182637
Haemorhous mexicanus,-1341.49438810462,-5587.372271520988,2751.6208016003297,6130474391,25.588021,-103.500824
Haemorhous mexicanus,648.7702581782331,-4735.17401344854,4212.716148062011,6130479931,41.393915,-82.198431
Haemorhous mexicanus,-631.1870616207607,-5288.73925235544,3495.7964962959154,6130488252,33.278131,-96.805801
Haliaeetus leucocephalus,-672.6346736581971,-5470.277432086575,3195.838003008675,5938036428,30.107367,-97.009999
Haliaeetus leucocephalus,34.13526796742268,-4545.332049222314,4464.139836012163,5938041530,44.482864,-89.569719
Haliaeetus leucocephalus,-2584.9555961711335,-4176.691364567944,4057.4631163628023,5938044044,39.558336,-121.753378
Haliaeetus leucocephalus,1086.231723348715,-4434.714914604743,4443.327289211381,5938055008,44.221107,-76.237032
Haliaeetus leucocephalus,-429.81131583611216,-4386.638862357997,4600.262476610134,5938074275,46.224975,-95.596088
Haliaeetus leucocephalus,-2354.96289985608,-3340.262188097684,4887.386968999258,5938092425,50.09679,-125.184731
Haliaeetus leucocephalus,-149.20985307055457,-4875.754675637883,4098.110039081359,5938094127,40.034107,-91.752842
Haliaeetus leucocephalus,158.24545783675697,-4753.047815727049,4239.486757399272,5938105162,41.71564,-88.093129
Haliaeetus leucocephalus,1108.126636478893,-4806.368638090721,4032.447024076244,5938109137,39.267141,-77.017102
Haliaeetus leucocephalus,-471.2906105291794,-4919.478916038146,4020.741907255504,5938110202,39.131305,-95.472288
Haliaeetus leucocephalus,-436.6889475732486,-5419.53555679184,3320.7966275298713,5938117025,31.41517,-94.606759
Haliaeetus leucocephalus,-2499.794188566996,-3802.2020647494705,4459.152565600214,5938120660,44.420033,-123.323303
Haliaeetus leucocephalus,1198.3087975278083,-4843.874452088231,3961.147491302468,5938131082,38.443729,-76.104781
Haliaeetus leucocephalus,1404.5468837437268,-4474.805197751971,4311.97398220527,5938131935,42.595006,-72.574028
Haliaeetus leucocephalus,1216.9952395682953,-4827.1439983817345,3975.8466438524447,5938148876,38.612708,-75.849763
Haliaeetus leucocephalus,1066.4123554442058,-4931.192866179337,3890.482583738859,5938155294,37.636813,-77.797217
Haliaeetus leucocephalus,676.1293742999281,-5392.280571974578,3325.0432225749696,5938170809,31.459931,-82.853074
Haliaeetus leucocephalus,1154.9321927139163,-4754.2000375659245,4080.8659329508264,5938189407,39.831863,-76.345703
Haliaeetus leucocephalus,546.1193695032623,-5458.489995296947,3239.813842672743,5938192293,30.565595,-84.286597
Haliaeetus leucocephalus,1005.1847023092243,-5079.147000308465,3712.360784349828,5938193474,35.640383,-78.805574
Haliaeetus leucocephalus,-579.4336522602705,-5402.678267427625,3326.421096459527,5938195901,31.474459,-96.121535
Haliaeetus leucocephalus,-2502.21685858795,-4665.745530836557,3543.936027040327,5938201879,33.79753,-118.204445
Haliaeetus leucocephalus,-2572.5604011018067,-4294.8488391096025,3940.2994253684883,5938231420,38.204739,-120.921078
Haliaeetus leucocephalus,-72.90050580233923,-5515.605457999957,3187.8731275902874,5938236472,30.024601,-90.757242
Haliaeetus leucocephalus,1242.8203888481078,-4553.289224493507,4279.334977406207,5938240459,42.197538,-74.733003
Haliaeetus leucocephalus,-2410.7412416631787,-3761.3713768476846,4542.044161041663,5938245307,45.473309,-122.656656
Haliaeetus leucocephalus,1154.9305803526936,-4754.199549701879,4080.8669576277644,5938256250,39.831875,-76.34572
Haliaeetus leucocephalus,1356.8243237955307,-4157.815915459071,4632.639387777715,5938276911,46.647478,-71.926889
Haliaeetus leucocephalus,-2426.2193720515866,-3760.031901774695,4534.906039378942,5938280858,45.381839,-122.832763
Haliaeetus leucocephalus,1154.9315299932828,-4754.200565040082,4080.865506002049,5938294350,39.831858,-76.345712
Haliaeetus leucocephalus,-2323.361563480439,-3533.5786696797395,4765.035777431638,5938320994,48.41094,-123.3253
Haliaeetus leucocephalus,1196.7393874924621,-4844.467236301319,3960.897015134912,5938363242,38.440853,-76.123908
Haliaeetus leucocephalus,-1996.8480507811105,-3552.542139397345,4897.121127721393,5938364469,50.23345,-119.339901
Haliaeetus leucocephalus,1222.3388636638192,-4820.827455756863,3981.866832765166,5938367685,38.68203,-75.77228
Haliaeetus leucocephalus,-2276.103226686595,-3492.427935748853,4817.888992571882,5938375050,49.13215,-123.0933
Haliaeetus leucocephalus,677.1735312724333,-4880.223618085027,4039.1343844574612,5938378458,39.344865,-82.100155
Haliaeetus leucocephalus,-503.03325269072417,-4766.742528271505,4197.008023048396,5938425451,41.205877,-96.024114
Haliaeetus leucocephalus,1395.4060904088062,-4605.413163707659,4175.2562273560725,5938453639,40.94638,-73.14358
Haliaeetus leucocephalus,1088.905668256808,-4938.910134479,3874.4295397976025,5938454410,37.454729,-77.566631
Haliaeetus leucocephalus,559.7264563758838,-5484.438757224906,3193.335394530248,5938454455,30.081354,-84.172729
Haliaeetus leucocephalus,-509.0249947740376,-5494.49417269974,3184.522016023961,5938458068,29.989799,-95.29293
Haliaeetus leucocephalus,425.66209559860005,-5494.077969493835,3197.4477595686453,5938478886,30.124103,-85.569772
Haliaeetus leucocephalus,-67.62473335116559,-4931.895678616249,4032.565565538023,5938491951,39.268518,-90.785574
Haliaeetus leucocephalus,-2483.3410138441327,-3814.6998206652656,4457.671568975605,5938492004,44.401388,-123.063826
Haliaeetus leucocephalus,-2585.4853656839095,-4176.540592381372,4057.2807684091126,5938519513,39.556209,-121.759558
Haliaeetus leucocephalus,1209.3992256109982,-4960.446510546559,3810.653101343052,5938546765,36.735655,-76.298117
Haliaeetus leucocephalus,1537.7615778027944,-4417.040437849301,4326.060127866342,5938601669,42.767327,-70.804797
Haliaeetus leucocephalus,-424.819867836155,-4503.846139939314,4486.050730578384,5938604042,44.75971,-95.388413
Haliaeetus leucocephalus,-1565.5431659979824,-4012.6452946777804,4694.412153206695,5938622359,47.462897,-111.313362
Haliaeetus leucocephalus,46.29775648119219,-4780.824544908356,4210.858145108198,5938630918,41.371645,-89.445162
Haliaeetus leucocephalus,-2276.095167105822,-3492.4418201439435,4817.882735482945,5938632187,49.132064,-123.093103
Haliaeetus leucocephalus,1114.6728300302136,-4811.2015424137335,4024.8723370991015,5938672687,39.179208,-76.955694
Haliaeetus leucocephalus,-557.8788923528167,-5525.65138414741,3121.8105406982104,5938690004,29.340749,-95.765141
Haliaeetus leucocephalus,169.41167834530182,-4648.707663353115,4353.225226610689,5938704860,43.10101,-87.912908
Haliaeetus leucocephalus,279.14598786338684,-5240.056896535884,3612.9813683720986,5938716326,34.548053,-86.950647
Haliaeetus leucocephalus,1005.4607941566068,-4475.123425740321,4421.7725004212525,5938720368,43.951236,-77.33719
Haliaeetus leucocephalus,-447.15460423397616,-4855.371082837689,4100.6313584048685,6129812754,40.063728,-95.261803
Haliaeetus leucocephalus,200.39181169974995,-4746.228215754448,4245.340266157411,6129816764,41.786201,-87.582335
Haliaeetus leucocephalus,393.8621203246005,-5487.968506708933,3211.981853812653,6129829381,30.275337,-85.895018
Haliaeetus leucocephalus,-2323.777747384048,-3528.168242325134,4768.840421348625,6129841431,48.462513,-123.370329
Haliaeetus leucocephalus,-2368.701631183692,-3501.9727536201412,4766.045797619586,6129846962,48.424626,-124.074053
Haliaeetus leucocephalus,-2293.3945958885943,-3628.133450983734,4708.15696627452,6129847278,47.646053,-122.297561
Haliaeetus leucocephalus,1536.342165222332,-4414.320532014075,4329.3394555840005,6129852520,42.807513,-70.810267
Haliaeetus leucocephalus,94.49710896302018,-5061.8717718737125,3867.5932556543667,6129867053,37.377322,-88.930503
Haliaeetus leucocephalus,563.2447825517096,-4730.25926585472,4230.503010565207,6129888367,41.607496,-83.209608
Haliaeetus leucocephalus,-2443.637856355813,-4265.772674823433,4052.353716470459,6129895123,39.498762,-119.806137
Haliaeetus leucocephalus,-580.9321440235476,-5402.523417700149,3326.411233584798,6129910553,31.474355,-96.13742
Haliaeetus leucocephalus,894.1073001690128,-5514.915072214706,3062.031517101185,6129912968,28.725875,-80.791031
Haliaeetus leucocephalus,83.30974618559797,-4707.412642457462,4292.211414818657,6129913560,42.354043,-88.98611
Haliaeetus leucocephalus,818.098419328237,-5125.709380082454,3694.2619637628327,6129939995,35.440352,-80.931687
Haliaeetus leucocephalus,-2401.3593149080034,-3730.952645075058,4572.003820054116,6129945689,45.858854,-122.766616
Haliaeetus leucocephalus,-2700.9391693098337,-3990.273853734953,4168.020550041057,6129957421,40.860285,-124.093311
Haliaeetus leucocephalus,1266.4577892454204,-4698.044150132555,4112.689990887025,6129957500,40.205574,-74.913322
Haliaeetus leucocephalus,-2345.0533400125723,-3650.003310404011,4665.61397848269,6129974591,47.0812,-122.719925
Haliaeetus leucocephalus,820.8546258859334,-5473.58623465919,3155.282007141125,6130016897,29.68665,-81.471111
Haliaeetus leucocephalus,-566.3435771385482,-4643.992691130559,4324.620210728023,6130045916,42.74969,-96.952994
Haliaeetus leucocephalus,-2591.1776123173963,-4141.578279360216,4089.3619388645743,6130049747,39.931432,-122.032148
Haliaeetus leucocephalus,1266.537306314038,-4697.626593255743,4113.142444862402,6130071654,40.210902,-74.911138
Haliaeetus leucocephalus,-487.3663081882939,-5461.982269425327,3243.2972265587546,6130079783,30.601984,-95.098932
Haliaeetus leucocephalus,-2198.6033832446788,-3526.4496674513566,4829.083664194968,6130086410,49.286254,-121.941925
Haliaeetus leucocephalus,834.5466396702656,-5518.097820278921,3073.0898915790804,6130092814,28.839344,-81.39987
Haliaeetus leucocephalus,430.02960510512827,-5194.307905021232,3663.8767796208026,6130097315,35.105642,-85.267354
Haliaeetus leucocephalus,297.644538401182,-4419.0899254865335,4579.607525640249,6130111377,45.95713,-86.146705
Haliaeetus leucocephalus,1266.1424410969062,-4698.09264596906,4112.731688114608,6130122437,40.206065,-74.917056
Haliaeetus leucocephalus,943.3116870313468,-5677.493601669512,2732.395028869226,6130134604,25.396471,-80.566521
Haliaeetus leucocephalus,-2320.270580303095,-3519.2774575059484,4777.110396562743,6130153447,48.574796,-123.396989
Haliaeetus leucocephalus,-2445.0862846474442,-3862.042440530764,4438.010182260241,6130161023,44.154421,-122.338189
Haliaeetus leucocephalus,1066.2795760300023,-4793.843722272733,4058.554343832914,6130162742,39.571066,-77.46002
Haliaeetus leucocephalus,-1741.827053411184,-4332.515088165609,4334.178659965425,6130168621,42.866862,-111.901903
Haliaeetus leucocephalus,-1809.3042664147938,-4504.742834535095,4125.949974965204,6130187521,40.361895,-111.88258
Haliaeetus leucocephalus,-2274.1154545368477,-3494.242703333704,4817.511801678671,6130190220,49.126966,-123.056796
Haliaeetus leucocephalus,55.335557535136076,-5124.320016302101,3785.2391570778377,6130203763,36.450991,-89.381309
Haliaeetus leucocephalus,1136.794494435956,-4813.973209545695,4015.359678145142,6130214515,39.068933,-76.713308
Haliaeetus leucocephalus,-2565.3665925981663,-4292.7928808551405,3947.2239178108616,6130228198,38.28403,-120.862476
Haliaeetus leucocephalus,-2679.7645715096014,-4306.639448256027,3855.057928706704,6130229486,37.235592,-121.891538
Haliaeetus leucocephalus,1068.5589853816696,-4804.945905647278,4044.802797200501,6130237719,39.410814,-77.462179
Haliaeetus leucocephalus,-2329.316922928625,-3491.577180135071,4793.007886222991,6130241476,48.791343,-123.708227
Haliaeetus leucocephalus,1267.7617597460878,-4630.679570451382,4187.9995183866895,6130243123,41.098282,-74.689051
Haliaeetus leucocephalus,-23.440464466962883,-4984.818667555856,3967.466008158062,6130252220,38.516317,-90.269424
Haliaeetus leucocephalus,-391.41608780994443,-4907.777273756002,4043.546562992084,6130272113,39.396193,-94.55993
Hylocichla mustelina,969.517424953381,-5659.175019520224,2761.0735576633,6133053964,25.682313,-80.278587
Hylocichla mustelina,-713.8765640531379,-5676.691627299512,2802.7318012112287,6195305906,26.098753,-97.167647
Hylocichla mustelina,181.77553557600396,-5500.235724248396,3210.002766672518,6195945544,30.25473,-88.107139
Hylocichla mustelina,-520.6816925658479,-5508.506830538845,3158.3217382988523,6196053745,29.718122,-95.399737
Hylocichla mustelina,828.2315090623624,-4778.1694841431545,4131.934423230463,6234177925,40.432564,-80.166256
Hylocichla mustelina,-693.683985897018,-5591.014382016827,2974.746012261964,6234515960,27.834497,-97.072614
Hylocichla mustelina,364.80209193869155,-4995.3556947140405,3937.396861720011,6234571093,38.171528,-85.823204
Hylocichla mustelina,1024.8764654926088,-4955.382615857909,3870.860949531777,6234603748,37.414312,-78.31479
Hylocichla mustelina,42.791094369888256,-5258.879754861436,3596.123715311891,6234650025,34.364192,-89.533799
Hylocichla mustelina,1332.874984345121,-4635.0743553258,4162.845556393551,6234706331,40.798778,-73.956733
Hylocichla mustelina,0.2721729279625357,-5559.486651518357,3111.5689333820874,6234928732,29.235145,-89.997195
Hylocichla mustelina,0.27217293327990727,-5559.486760132599,3111.5687393193916,6234960882,29.235143,-89.997195
Hylocichla mustelina,703.4323062190166,-4776.029097716458,4157.461025434941,6235034032,40.734841,-81.62149
Hylocichla mustelina,847.5669900526461,-4754.157041276838,4155.64365097976,6235358184,40.713275,-79.891559
Hylocichla mustelina,-104.29712250961408,-5486.437627215331,3236.9549583813264,6235840884,30.53574,-91.089061
Hylocichla mustelina,1375.6297215701634,-4480.397273170234,4315.487953103213,6235871468,42.637949,-72.931787
Hylocichla mustelina,-488.8788036907613,-5542.861797068999,3102.8106199979957,6235962860,29.144922,-95.040428
Hylocichla mustelina,1247.7946455952717,-4722.00672613545,4090.8940502575692,6236129231,39.949403,-75.197883
Hylocichla mustelina,1067.4564106146925,-4935.751729110055,3884.410484192182,6236134801,37.567887,-77.796572
Hylocichla mustelina,702.5980871928148,-5195.938102988603,3619.1623737353416,6236377550,34.615569,-82.299137
Hylocichla mustelina,-683.5658129694525,-5576.359409968474,3004.4478094772917,6251441160,28.136983,-96.988612
Hylocichla mustelina,1379.7508009017097,-4590.09309341131,4197.271286312848,6251451426,41.209024,-73.269579
Hylocichla mustelina,0.9688708294204159,-5209.479052090586,3667.571430360438,6251655136,35.146267,-89.989344
Hylocichla mustelina,728.3323594896794,-4765.33854403888,4165.433190497122,6251665923,40.829526,-81.310185
Hylocichla mustelina,617.6561292233349,-4699.67000410031,4256.91859074966,6251856488,41.926001,-82.512789
Hylocichla mustelina,630.4443089955304,-4868.719178469358,4060.5254172504865,6252089228,39.594066,-82.621896
Hylocichla mustelina,554.3811438604746,-5005.146381538675,3902.681690373902,6252092679,37.775482,-83.679555
Hylocichla mustelina,1297.4099027688358,-4681.903953725095,4121.438588887152,6252095018,40.30867,-74.51133
Hylocichla mustelina,1105.4552806433273,-4835.916345894481,3997.703696834695,6252109609,38.864712,-77.123839
Hylocichla mustelina,1062.8405965449467,-4788.2752901547665,4066.022963745618,6252241764,39.658256,-77.485111
Hylocichla mustelina,1155.200353008156,-4650.309474860706,4198.7959062221635,6252310600,41.227252,-76.049333
Hylocichla mustelina,969.6198186750909,-4940.478714008398,3904.0057137944673,6252417856,37.790548,-78.896243
Hylocichla mustelina,973.1302541368794,-5076.232146754358,3724.867491659075,6252421742,35.778902,-79.147873
Hylocichla mustelina,604.4936328408482,-4837.69041934969,4101.35245791733,6252516167,40.072202,-82.877522
Hylocichla mustelina,229.64941798752477,-4999.328604935097,3942.5534586576136,6252724228,38.23054,-87.369907
Hylocichla mustelina,864.9744882701143,-4995.899693072574,3857.791922988673,6252796719,37.266481,-80.177364
Hylocichla mustelina,662.5510784502591,-5174.280932188526,3657.539614674334,6252801224,35.036008,-82.703155
Hylocichla mustelina,599.5047221783941,-5190.057526802234,3646.0458151601324,6253149405,34.909863,-83.410953
Hylocichla mustelina,1334.0410875088187,-4629.352801038782,4168.834387455335,6253161821,40.869963,-73.9246
Hylocichla mustelina,885.8765306487668,-4934.730937112673,3931.0821004433665,6253254870,38.099327,-79.822739
Hylocichla mustelina,1244.9122019950673,-4720.057327700417,4094.0207085727875,6253293156,39.986092,-75.224747
Hylocichla mustelina,1338.1022850910356,-4628.601492710767,4168.367021507013,6273276026,40.864405,-73.87572
Hylocichla mustelina,617.6763719875245,-4699.470406221043,4257.136000906992,6273624488,41.928629,-82.512232
Hylocichla mustelina,491.9183924866782,-5267.885069049549,3549.2472897919606,6273631046,33.855028,-84.665155
Hylocichla mustelina,754.076904111965,-4583.636181337311,4360.206475557994,6273672326,43.187058,-80.657669
Hylocichla mustelina,869.7644876441157,-4780.495417381025,4120.694896508309,6273684829,40.2999,-79.688384
Hylocichla mustelina,1272.4661705352928,-4703.196575470612,4104.939091753029,6273713350,40.114366,-74.860872
Hylocichla mustelina,1241.632788927491,-4660.197367011092,4163.011127494192,6273714924,40.800745,-75.081055
Hylocichla mustelina,1054.5047167717241,-4800.361305687289,4053.9245512026796,6273780753,39.517072,-77.610511
Hylocichla mustelina,568.8594609396512,-5146.287316730136,3712.3953045223257,6273790452,35.640765,-83.692256
Hylocichla mustelina,864.2042315502575,-4754.955373688729,4151.30143088607,6273879545,40.661776,-79.699039
Hylocichla mustelina,833.74243617036,-4734.53398562675,4180.767228482283,6273898663,41.012029,-80.012719
Hylocichla mustelina,1146.380909553922,-4587.362256923273,4269.8561408604355,6273910825,42.082576,-75.96916
Hylocichla mustelina,1406.0642827096483,-4572.944889014219,4207.245108691002,6273955595,41.328361,-72.908668
Hylocichla mustelina,1146.2820206491497,-4587.60004518245,4269.627206707386,6274047101,42.079802,-75.971021
Hylocichla mustelina,191.8183667534597,-4726.458133797374,4267.73386627073,6274236787,42.056865,-87.675986
Hylocichla mustelina,195.66240331318068,-4733.2878704266395,4259.983015139755,6274269817,41.963053,-87.632882
Hylocichla mustelina,1386.3958017213688,-4225.38338769809,4562.213830763724,6320064679,45.732576,-71.834755
Hylocichla mustelina,617.7149052565876,-4699.646767220412,4256.935715847259,6320139023,41.926208,-82.512048
Hylocichla mustelina,1106.066499539897,-4832.240332778215,4001.977435536647,6320169842,38.914091,-77.107484
Hylocichla mustelina,1249.1415171404062,-4721.724020578503,4090.809317644319,6320174672,39.948409,-75.18176
Hylocichla mustelina,1380.5692932510306,-4342.678366659773,4452.519080246035,6320182365,44.336567,-72.364158
Hylocichla mustelina,1101.2661489090196,-4555.922522510439,4315.151905533182,6320276507,42.633841,-76.41102
Hylocichla mustelina,-251.60158490344983,-4538.8752744455705,4463.74965865898,6320333411,44.477946,-93.172806
Hylocichla mustelina,1476.5658258164117,-4489.314561259601,4272.652719537483,6320380955,42.116472,-71.793616
Hylocichla mustelina,864.7983935558901,-4837.116946058746,4055.141984978071,6320576512,39.531266,-79.863534
Hylocichla mustelina,1262.3134983282475,-4278.4193932639855,4548.785030858061,6320603582,45.559825,-73.561726
Hylocichla mustelina,1307.2615619803846,-4646.645774389307,4158.064860676903,6320646658,40.742008,-74.286878
Hylocichla mustelina,-246.81528805757387,-4549.7155063054415,4452.968016384388,6320655074,44.342212,-93.105167
Hylocichla mustelina,635.8726713718924,-4878.0328939855335,4048.4829455828185,6320684805,39.453664,-82.573125
Hylocichla mustelina,1246.7422001577445,-4695.37245327972,4121.755031658875,6320691567,40.312402,-75.129631
Hylocichla mustelina,850.3580344982438,-4532.965116114263,4395.323833226958,6320862715,43.621757,-79.37513
Hylocichla mustelina,842.3795120049427,-4534.399332188771,4395.38082350981,6320949071,43.622465,-79.475835
Hylocichla mustelina,1249.948760573757,-4721.417031482188,4090.91706594591,6320978437,39.949673,-75.171684
Hylocichla mustelina,1545.897796350895,-4504.236578381658,4232.234159269024,6321013920,41.628321,-71.057281
Hylocichla mustelina,1098.7513858791474,-4338.774782547464,4534.041454159444,6321040399,45.37077,-75.789171
Hylocichla mustelina,-535.6992490888915,-5492.887233868505,3182.918359023278,6321064869,29.973149,-95.570212
Hylocichla mustelina,1334.8584494233871,-4527.192169014855,4279.303344528289,6321125620,42.197154,-73.571663
Hylocichla mustelina,676.0133411531158,-4802.213323618983,4131.767937180977,6321238653,40.430597,-81.987057
Hylocichla mustelina,1309.0634217703596,-4561.140164604235,4251.1300246280825,6321241323,41.85607,-73.986333
Hylocichla mustelina,1246.8265834115073,-4279.2458709078355,4552.277603232701,6333886847,45.604703,-73.755675
Hylocichla mustelina,1324.0976509450463,-4315.361738824623,4496.017304629484,6333891895,44.886078,-72.942231
Hylocichla mustelina,339.95959554037404,-5154.887056434737,3728.4474032067374,6333975877,35.818596,-86.226865
Hylocichla mustelina,1328.4746605095827,-4578.308462187092,4226.582523875222,6334016812,41.560359,-73.819008
Hylocichla mustelina,845.2555581720788,-4531.191441827779,4398.136001599239,6334018844,43.656703,-79.433403
Hylocichla mustelina,1092.222342014561,-4515.5205310068195,4359.687812141778,6334122773,43.180661,-76.402362
Hylocichla mustelina,195.53706846801117,-4733.260679506259,4260.018981691551,6334269695,41.963488,-87.634383
Hylocichla mustelina,1118.8849071522334,-4669.8754642636595,4186.89775878187,6334322349,41.085135,-76.526139
Hylocichla mustelina,1299.4123205833298,-4466.614663490536,4353.232614814537,6334395836,43.101101,-73.77941
Hylocichla mustelina,1214.180880277067,-4686.571399203479,4141.444970033405,6334524699,40.545025,-75.475353
Hylocichla mustelina,1510.6647508958013,-4302.684996264949,4449.106310597092,6334535505,44.293672,-70.65392
Hylocichla mustelina,370.35560606901134,-5193.133020552537,3672.0511006217725,6334543775,35.195551,-85.920777
Hylocichla mustelina,403.08274395881864,-5117.315021356224,3773.640735867952,6334588631,36.321423,-85.496202
Hylocichla mustelina,841.8897432675737,-5002.731812943848,3854.043227263784,6334613477,37.224131,-80.447428
Hylocichla mustelina,762.3674762024095,-4410.976988007657,4533.412729078734,6334760314,45.362722,-80.194205
Hylocichla mustelina,594.2799794549826,-4854.262245245152,4083.224521145501,6352274072,39.85949,-83.020332
Hylocichla mustelina,-723.4341145689712,-5592.502721749737,2964.845614661415,6422081877,27.733858,-97.370728
Hylocichla mustelina,1135.5235752305593,-4964.516040910557,3828.0438632955616,6422237090,36.93106,-77.116476
Hylocichla mustelina,-718.4964899952554,-5607.153855323017,2938.2548504644997,6422275555,27.464017,-97.302046
Hylocichla mustelina,374.1697861902929,-5396.731819302083,3365.269048874425,6422480314,31.884999,-86.033878
Icterus galbula,1174.7984362148902,-4927.345383382641,3864.0482963858344,6130028472,37.337214,-76.589666
Icterus galbula,974.1128787369898,-5056.001418752417,3752.027036513692,6130154984,36.080545,-79.09475
Icterus galbula,425.6516226907897,-5347.300746251387,3437.2879650849013,6130423508,32.650983,-85.448783
Icterus galbula,523.3032990727885,-5270.646956539321,3540.647885116475,6130580142,33.761953,-84.329894
Icterus galbula,1272.058918887577,-5008.236537524041,3726.819826710867,6130629179,35.800547,-75.748615
Icterus galbula,1009.7006666003523,-4912.658170246897,3928.8735530493527,6130696836,38.074092,-78.385712
Icterus galbula,550.1765567063505,-5466.35978345556,3225.828514342921,6133116143,30.419635,-84.252666
Icterus galbula,843.7745141978,-5529.856253747511,3049.3421440955485,6133299631,28.595822,-81.324425
Icterus galbula,1081.3027034454824,-5072.94029012111,3699.434335957984,6147638481,35.497467,-77.967413
Icterus galbula,-2702.470039467442,-4341.747652856787,3799.4257637662645,6159486048,36.609767,-121.899716
Icterus galbula,1165.48088430106,-4934.363472350171,3857.9093510271364,6159628180,37.267808,-76.710483
Icterus galbula,943.7029202470704,-5269.096777371894,3454.8222933580396,6163315965,32.838466,-79.845901
Icterus galbula,381.80728830636997,-5401.249584631911,3357.15344433155,6178465548,31.799084,-85.956562
Icterus galbula,381.83986806283235,-5401.217265352535,3357.201736162556,6178556102,31.799595,-85.956194
Icterus galbula,1165.2935417276033,-5107.651669800432,3625.4294243951617,6179079244,34.684081,-77.148131
Icterus galbula,810.2383001958938,-5523.105668854918,3070.5977915115764,6179318630,28.813762,-81.654252
Icterus galbula,734.8957469547933,-5486.442581362134,3154.144760818945,6179473282,29.674878,-82.37078
Icterus galbula,-2430.3418945354965,-4772.825496304261,3450.12002503841,6185258453,32.788149,-116.985377
Icterus galbula,699.1670613345653,-5143.157066342888,3694.435537527951,6185267461,35.442268,-82.258596
Icterus galbula,1334.5231909481454,-4645.412674682085,4150.7760797713545,6188320660,40.655548,-73.971825
Icterus galbula,1128.5491870714313,-4792.9630179651485,4042.726229966143,6195601171,39.386647,-76.750496
Icterus galbula,169.90156453406928,-4648.742928520995,4353.168475096313,6234176476,43.100311,-87.906894
Icterus galbula,-394.5756481846114,-5179.159799469989,3689.2230833999615,6234362544,35.38475,-94.356678
Icterus galbula,-461.7693257158556,-5535.174201765221,3120.635956919375,6234473605,29.328632,-94.768831
Icterus galbula,-712.8792416049151,-5603.435582360569,2946.7042591515196,6234478060,27.549689,-97.250324
Icterus galbula,396.65186642402006,-5013.982519601889,3910.5497976200827,6234537382,37.865058,-85.4768
Icterus galbula,35.77816255378713,-4823.6008424222855,4161.8923539352545,6234577378,40.787455,-89.575027
Icterus galbula,199.44038182344593,-4861.511881307747,4112.8674780108295,6234864789,40.207664,-87.650795
Icterus galbula,1250.0393836636247,-4724.7727356476635,4087.0132450785864,6234903583,39.903892,-75.180725
Icterus galbula,-694.3121488174237,-5591.310124205029,2974.0435209734765,6234915548,27.827353,-97.078583
Icterus galbula,945.3725720751902,-4971.816431177281,3870.0213441686583,6234970655,37.404806,-79.233942
Icterus galbula,524.7874989790381,-4729.23435756033,4236.58985528027,6235046338,41.680748,-83.667982
Icterus galbula,-609.3235148216553,-5443.974200386016,3252.9406526240623,6235076672,30.702795,-96.386321
Icterus galbula,827.9681924585552,-5139.163781981153,3673.311506519359,6235091809,35.209423,-80.84775
Icterus galbula,-533.233311533689,-5478.86234178982,3207.410607462914,6235224686,30.227746,-95.558836
Icterus galbula,568.3683503396716,-4640.046584739235,4328.588481186374,6235469038,42.798308,-83.016517
Icterus galbula,-714.432291823963,-5674.584893774134,2806.853382958754,6235515311,26.140035,-97.175804
Icterus galbula,-242.37854436820837,-5425.689719623134,3330.6000716512367,6235525856,31.518535,-92.557839
Icterus galbula,712.011846081287,-4608.022478071644,4341.534417956837,6235550477,42.957184,-81.216366
Icterus galbula,-211.87394415506932,-5229.860715220814,3632.274695126407,6235635146,34.758979,-92.319918
Icterus galbula,-478.2763254714131,-5539.804311416023,3109.915284599797,6235657380,29.218104,-94.934368
Icterus galbula,-714.4008631435571,-5674.54702886108,2806.937931921734,6235668483,26.140882,-97.175539
Icterus galbula,398.8867563431772,-4862.716765192147,4096.904703164412,6235752187,40.019951,-85.310549
Icterus galbula,-700.1681972684801,-5595.412950628037,2964.9403935248497,6235760389,27.734821,-97.132493
Icterus galbula,1081.8505609644203,-4827.138285536581,4014.7339221579,6235812215,39.061685,-77.367703
Icterus galbula,132.68720152940276,-4723.170682921343,4273.617429791777,6235816450,42.128169,-88.390823
Icterus galbula,184.79000477646818,-5500.544106182593,3209.3021546361265,6235852654,30.247436,-88.07588
Icterus galbula,-222.50022600676272,-5229.939916097949,3631.525196540669,6235895625,34.750775,-92.436097
Icterus galbula,-714.3473197192103,-5674.579642777142,2806.8856254337593,6235935819,26.140358,-97.174966
Icterus galbula,844.7834666845276,-5529.986074823892,3048.827321503754,6236000713,28.590549,-81.31441
Icterus galbula,-323.50617757674314,-5325.115700985878,3482.5622254111704,6236169314,33.135883,-93.476504
Icterus galbula,1250.0342708475382,-4724.874140864645,4086.8975769368967,6236240859,39.902536,-75.181087
Icterus galbula,319.7760529934331,-4746.0342739010275,4238.237260532511,6236368002,41.700588,-86.145378
Icterus galbula,531.0372282427112,-4855.640018589587,4090.294928457977,6236485855,39.942375,-83.75865
Icterus galbula,-721.8302716103108,-5595.920148075357,2958.782162483189,6236533709,27.672268,-97.350124
Icterus galbula,1475.492676338503,-4519.488498968972,4241.0963440407795,6251440064,41.735035,-71.919518
Icterus galbula,432.5515367990391,-4659.92193874866,4322.936481427775,6251496614,42.729073,-84.696786
Icterus galbula,207.35725553507896,-5220.303948238891,3646.2559957106455,6251498680,34.912168,-87.725333
Icterus galbula,-693.6247939734914,-5591.0452159293645,2974.7018620856843,6251530817,27.834048,-97.071978
Icterus galbula,-216.85938054770216,-4489.707529404153,4515.002927923476,6251557133,45.127572,-92.76532
Icterus galbula,1527.626927943868,-4433.595623452772,4312.6950908218205,6251573258,42.603816,-70.988245
Icterus galbula,1520.703950101747,-4460.764220865939,4287.0497071604705,6251575534,42.291259,-71.175418
Icterus galbula,1330.1083655195032,-4607.223679984374,4194.526770476465,6251612201,41.176224,-73.896538
Icterus galbula,-382.54247465301773,-5104.312686421599,3793.3371039230483,6251635903,36.541583,-94.286017
Icterus galbula,1146.5613845358112,-4587.406027030122,4269.760656563371,6251653516,42.081419,-75.967167
Icterus galbula,-742.6170773607852,-5016.766343151263,3856.2064862133957,6251859460,37.248567,-98.420179
Icterus galbula,-446.5909022751813,-5423.58762059277,3312.8548138177352,6251861574,31.331517,-94.707249
Icterus galbula,1334.5583724477856,-4650.933799018342,4144.577406365546,6251887601,40.582107,-73.989476
Icterus galbula,-741.2985041757464,-5518.7810665492325,3095.6881620864133,6251911794,29.071609,-97.650342
Icterus galbula,1289.0976479786232,-4655.066679083317,4154.315177853221,6251918152,40.697515,-74.521336
Icterus galbula,1234.723137113094,-4687.2384807567105,4134.6109041684385,6251962313,40.464194,-75.24227
Icterus galbula,615.2254052841716,-4738.086203357898,4214.473865136655,6252074097,41.41499,-82.601719
Icterus galbula,-515.5433437935193,-5551.684871112998,3082.655232458325,6252153458,28.937593,-95.305414
Icterus galbula,517.6216905114441,-5107.969335404145,3772.3295433671287,6252203793,36.306789,-84.213622
Icterus galbula,195.77868393137769,-4736.771948097047,4256.103305644312,6252296443,41.916147,-87.633217
Icterus galbula,1250.0924088473416,-4724.824744545985,4086.9369009498632,6252360483,39.902997,-75.18028
Icterus galbula,714.3754719470344,-4606.594183115975,4342.661723740401,6252381286,42.971038,-81.184975
Icterus galbula,-627.2651864030488,-5315.74764091558,3455.3029583098255,6252390400,32.843611,-96.729856
Icterus galbula,159.47993575675378,-4741.99828278273,4251.796275205821,6252393552,41.864115,-88.07379
Icterus galbula,710.2137910451888,-4602.118914151668,4348.085900795213,6252403456,43.037742,-81.227138
Icterus galbula,-697.2802284428487,-5469.249865799362,3192.3125345357066,6252416663,30.070724,-97.265502
Icterus galbula,29.18386117968788,-4836.017613202475,4147.509502908887,6252534240,40.616836,-89.654242
Icterus galbula,-553.5942196371692,-5509.950513315279,3150.19553527689,6252557391,29.634009,-95.737352
Icterus galbula,812.7861564364102,-4603.7889543258225,4328.309029818725,6252598299,42.794883,-79.987762
Icterus galbula,868.7617897501749,-4836.910718378495,4054.5407612678814,6252840323,39.524256,-79.817623
Icterus galbula,622.550952357204,-4739.423937944115,4211.893182149669,6252841105,41.38405,-82.516709
Icterus galbula,0.8861434057015349,-5209.550246290527,3667.470323779268,6252888769,35.145155,-89.990254
Icterus galbula,-515.8933955867848,-5551.837140543962,3082.322419693309,6252919070,28.934173,-95.308851
Icterus galbula,-448.793773159187,-5144.234952469841,3731.6462898616987,6252944633,35.854082,-94.985979
Icterus galbula,517.7000043332937,-4747.9055018995805,4216.530941452042,6253183361,41.439663,-83.777192
Icterus galbula,-347.76372386456063,-5519.943814055701,3162.12488869581,6253223098,29.757512,-93.604945
Icterus galbula,515.4204971032625,-4685.390698814339,4286.164817212159,6253237367,42.280502,-83.722369
Icterus galbula,593.4342004931497,-4677.224098993992,4284.9928479698,6253329044,42.266258,-82.769094
Icterus galbula,1075.4886863170093,-4806.536255386581,4041.0749115719073,6273255638,39.367435,-77.387506
Icterus galbula,1089.1726229961234,-4687.112218614512,4175.456283702144,6273810387,40.948762,-76.918005
Icterus galbula,517.4164592062704,-4682.312007650502,4289.287539957168,6320078332,42.318471,-83.694144
Icterus galbula,549.5091317464115,-4668.6962903030635,4300.124160151095,6320943763,42.450411,-83.287128
Icterus galbula,531.9521361365348,-4854.473809283966,4091.560104594974,6422034873,39.957217,-83.746492
Icterus galbula,-695.128898854759,-5596.053689072812,2964.9168711228635,6422091932,27.734582,-97.080879
Icterus galbula,1017.4981946921414,-5014.49830709428,3795.952750183315,6452202630,36.570867,-78.52977
Icterus spurius,-2616.7670493095416,-4258.149760373029,3951.0054362858577,6171124341,38.327368,-121.572034
Icterus spurius,487.4051292744232,-4918.092183631825,4020.5172108739894,6188362636,39.1287,-84.340211
Icterus spurius,-714.3146362900676,-5674.7324202143145,2806.585058220721,6195347585,26.137347,-97.17445
Icterus spurius,-515.8967790517659,-5551.833584431867,3082.328258608395,6195427367,28.934233,-95.308889
Icterus spurius,-714.3660395818647,-5674.589284517451,2806.8613687193883,6195885887,26.140115,-97.17514
Icterus spurius,-263.17999519542224,-5530.056639733943,3152.612088592713,6195974589,29.659015,-92.724698
Icterus spurius,65.14416369385224,-5313.334425770817,3514.8238430300844,6234187216,33.483053,-89.29756
Icterus spurius,743.8014026015558,-4788.818665199761,4135.665411393888,6234262216,40.47666,-81.171339
Icterus spurius,-58.95690614383911,-5380.724601062873,3410.876717269647,6234359359,32.369324,-90.627768
Icterus spurius,487.5425956009108,-5289.199084232243,3518.0148371644145,6234432731,33.517467,-84.733528
Icterus spurius,814.595652549362,-5212.856925454196,3571.037626134642,6234457799,34.09133,-81.11841
Icterus spurius,855.0769771851297,-4772.341276362026,4133.20157198952,6234485697,40.447537,-79.841903
Icterus spurius,1408.531675863024,-4573.052179409724,4206.303057574895,6234666352,41.31708,-72.880806
Icterus spurius,394.9823401319043,-4990.052399207678,3941.2078267738007,6234727946,38.215136,-85.474249
Icterus spurius,934.6644408482231,-5206.765429427031,3550.4576149582263,6234783205,33.868136,-79.823244
Icterus spurius,-635.1283311423125,-5538.215843119565,3084.563244233657,6234871719,28.957202,-96.542159
Icterus spurius,1.2328625556383064,-5559.406579560444,3111.7117624978373,6234972311,29.236617,-89.987294
Icterus spurius,-439.4641677785697,-5406.867056279999,3341.019756096959,6235017019,31.628523,-94.646723
Icterus spurius,971.7801266648657,-5194.866510231363,3557.9149028571896,6235068023,33.948944,-79.404398
Icterus spurius,-478.23989219888364,-5539.811052429831,3109.9088794630816,6235085336,29.218038,-94.933988
Icterus spurius,680.1483710109097,-5150.855805978254,3687.2531495828657,6235348281,35.363023,-82.477856
Icterus spurius,817.5482473723292,-5429.988068893159,3230.57232771127,6235567720,30.46912,-81.437762
Icterus spurius,-344.352522375668,-5365.352914487522,3418.210434278616,6235765189,32.447445,-93.672251
Icterus spurius,-360.31842980482685,-5361.5251127172305,3422.568074490689,6235790743,32.493896,-93.844751
Icterus spurius,-693.6879901252033,-5591.012315688998,2974.748962155873,6235873974,27.834527,-97.072657
Icterus spurius,1241.6862813641108,-4753.455923716657,4056.183562122482,6236205822,39.543412,-75.360458
Icterus spurius,-794.2101840113605,-5466.462123871101,3174.393668336165,6236344156,29.884688,-98.266536
Icterus spurius,-478.2373656542273,-5539.812251180565,3109.907132606898,6236426674,29.21802,-94.933961
Icterus spurius,-622.911776979864,-5261.21720518026,3538.5487940245275,6251456831,33.739249,-96.752209
Icterus spurius,1321.0715649203264,-4600.685290427152,4204.547289362272,6251509377,41.29606,-73.978756
Icterus spurius,-323.9920344873639,-5380.991614939329,3395.542891971591,6251514222,32.206201,-93.445646
Icterus spurius,921.6207722587035,-5087.627016668861,3722.421204146544,6251579841,35.751789,-79.732248
Icterus spurius,1206.7188399413342,-4764.095402881907,4054.254279549762,6251643472,39.520916,-75.786241
Icterus spurius,-515.8933955867848,-5551.837140543962,3082.322419693309,6251664936,28.934173,-95.308851
Icterus spurius,-714.2739122187079,-5674.732609189386,2806.5950406504767,6251872676,26.137447,-97.174045
Icterus spurius,839.313095296385,-4999.284542229729,3859.07511245432,6251909690,37.280983,-80.469681
Icterus spurius,1026.6738349570805,-4965.828856664291,3856.9726123751752,6251991311,37.257223,-78.318808
Icterus spurius,-440.01269162369744,-5521.68134311611,3147.5668548850513,6252102469,29.606815,-94.556168
Icterus spurius,1231.9847633300863,-4711.905701395374,4107.29976185787,6252151127,40.142132,-75.347344
Icterus spurius,1312.439399405157,-4656.819958433761,4145.031221510816,6252244493,40.587481,-74.260482
Icterus spurius,986.746140523041,-4945.579373118277,3893.241560451566,6252511244,37.668152,-78.716468
Icterus spurius,-713.8864831009682,-5676.6840692187525,2802.744582940299,6252656240,26.098881,-97.167755
Icterus spurius,855.2448455331698,-4772.446188211054,4133.045700750979,6252818828,40.445695,-79.840169
Icterus spurius,-424.13564062043054,-5524.84374207073,3144.1952410330423,6252854113,29.571946,-94.389918
Icterus spurius,610.1520200180314,-5256.2249997740955,3548.1778977237273,6252876204,33.843448,-83.378638
Icterus spurius,204.96451217564123,-5219.168134382011,3648.0168123896347,6253066656,34.931481,-87.751065
Icterus spurius,643.0773215481777,-4870.280047895747,4056.6706722701138,6253178489,39.549093,-82.478113
Icterus spurius,525.574617576709,-5137.601053133823,3730.761298967647,6253231723,35.844263,-84.158983
Icterus spurius,-323.85075750177236,-5381.195439908536,3395.2333430930103,6253234761,32.202911,-93.444017
Icterus spurius,-439.2005939014947,-5407.371424009877,3340.2380530128994,6253310500,31.620267,-94.643517
Icterus spurius,782.4236245109961,-4625.225427144205,4311.0156749405605,6253335544,42.5833,-80.398491
Icterus spurius,-714.261581090314,-5674.7385552804135,2806.5861562884124,6273207362,26.137358,-97.173915
Icterus spurius,556.1502060445025,-5464.532073806871,3227.9001366724565,6273240349,30.441242,-84.188758
Icterus spurius,1241.3083141307018,-4712.52852935421,4103.776511820554,6273273334,40.100696,-75.243143
Icterus spurius,-347.5088134478662,-5519.90008890235,3162.2292394431697,6273295390,29.758593,-93.602338
Icterus spurius,-300.2218697623025,-4725.516542616171,4262.5242948345485,6273354169,41.993796,-93.635234
Icterus spurius,-204.09550875791615,-4568.28033958459,4436.092074331548,6273391055,44.130383,-92.558083
Icterus spurius,919.9027456188453,-5160.32884051512,3621.4000505368394,6273493470,34.640025,-79.892379
Icterus spurius,617.9236117556661,-4699.918542166717,4256.6053653950285,6273494056,41.922215,-82.509975
Icterus spurius,195.61632372131942,-4733.198095629214,4260.084878391883,6273525705,41.964285,-87.633394
Icterus spurius,785.1215096921806,-4549.68301884876,4390.18470826631,6273575955,43.557947,-80.209113
Icterus spurius,693.8081934429154,-4717.589764186043,4225.249121322433,6273596391,41.544335,-81.633579
Icterus spurius,-780.7689596138762,-5654.514659148519,2829.5966021423287,6273690321,26.368096,-97.861625
Icterus spurius,1108.7190885029786,-4843.066979586103,3988.1320619695257,6273753561,38.754245,-77.105523
Icterus spurius,-825.5412363102062,-4767.7851086172195,4144.449294523548,6273864779,40.58059,-99.823357
Icterus spurius,394.90981475282763,-4990.098298323774,3941.1569799940103,6273865465,38.214554,-85.475118
Icterus spurius,-357.3658709243932,-4972.371682835016,3967.059693490426,6273937394,38.511647,-94.110797
Icterus spurius,516.11281737662,-4685.215444080427,4286.273081823794,6273944707,42.281818,-83.713771
Icterus spurius,1238.8868855161973,-4774.973811525675,4031.6916441882536,6274053338,39.258367,-75.455081
Icterus spurius,1524.8668382394117,-4458.49019400076,4287.936502015187,6274062627,42.302041,-71.118585
Icterus spurius,719.1516540622408,-5270.133848253264,3506.8879722101497,6274073852,33.397526,-82.229529
Icterus spurius,1405.6154900218796,-4572.529859776887,4207.846112363991,6274074085,41.335559,-72.912345
Icterus spurius,1106.2308633627667,-4823.630918423165,4012.3049696468993,6274233697,39.033558,-77.083389
Icterus spurius,854.1173597425427,-4759.80325136379,4147.831924484231,6274248956,40.620656,-79.826895
Icterus spurius,-432.1645859588067,-5133.556255584581,3748.277880716544,6274272592,36.038837,-94.812056
Icterus spurius,-854.6029920376776,-5437.990360154951,3207.439430221483,6274306648,30.228046,-98.931224
Icterus spurius,-928.9197313759065,-5410.282196586909,3233.528694109993,6320252331,30.499972,-99.742421
Icterus spurius,315.42881036575204,-4878.04713634929,4085.941009219684,6320272552,39.891323,-86.300238
Icterus spurius,-328.3529923784032,-5378.0698942358595,3399.7502341771337,6320291767,32.25093,-93.493803
Icterus spurius,1113.1466078653864,-4840.831287198841,3989.6127892255454,6320398574,38.771323,-77.049985
Icterus spurius,1120.373196557582,-4823.701860374649,4008.293576115768,6320408906,38.987131,-76.924086
Icterus spurius,-847.0834271902027,-5458.397088299929,3174.6029710021994,6320412741,29.886859,-98.82131
Icterus spurius,-813.060223320478,-5499.813844254727,3111.3877742055115,6320573466,29.233278,-98.409363
Icterus spurius,200.50167839236295,-4746.281124462656,4245.275926745961,6320600465,41.785425,-87.581038
Icterus spurius,564.9405510714338,-4729.716077194991,4230.884202215391,6320614995,41.612081,-83.188581
Icterus spurius,241.17554269731204,-5144.7560253252,3750.0763895102377,6320673852,36.058842,-87.316057
Icterus spurius,840.4376982090663,-4850.500646026849,4044.2627372612174,6320680367,39.404528,-80.170057
Icterus spurius,1517.4964112163318,-4447.4849440604285,4301.957164358892,6320685642,42.472756,-71.160191
Icterus spurius,-1085.7807003249789,-5196.45419194088,3522.4561362122417,6320724327,33.565388,-101.801953
Icterus spurius,-626.0065662177454,-5324.39666334757,3442.189576427039,6320822455,32.703353,-96.705665
Icterus spurius,-607.5883825400305,-5331.950434428142,3433.7871296691314,6320845753,32.613598,-96.500948
Icterus spurius,-373.65289574238477,-4526.905656382975,4467.355125954125,6320849955,44.523407,-94.718524
Icterus spurius,-381.43108773702124,-5521.005405907237,3156.3844447291663,6320894959,29.698063,-93.952128
Icterus spurius,-825.8350346545916,-4463.695356184303,4470.254287218253,6321156010,44.559988,-100.481856
Icterus spurius,548.0475143244983,-4726.602256550115,4236.582131871814,6333867827,41.680655,-83.386113
Icterus spurius,180.55209305399654,-4744.210243133389,4248.4848170047035,6333907424,41.824139,-87.820526
Icterus spurius,426.3723105121778,-5197.388019445947,3659.934092005713,6334292932,35.062312,-85.310192
Icterus spurius,0.5493816908553593,-5559.387517716264,3111.746014011714,6334861505,29.23697,-89.994338
Icterus spurius,-424.156401578897,-5524.785678311998,3144.294465439856,6413580881,29.572972,-94.390178
Icterus spurius,-423.99655148199514,-5525.5048477613445,3143.052056739546,6422178663,29.560126,-94.387961
Junco hyemalis,875.3897848022001,-4749.727762067572,4154.940678347401,5938064118,40.704935,-79.557392
Junco hyemalis,1243.2210777157309,-4736.2098544076225,4075.839876223414,5938067401,39.773028,-75.292081
Junco hyemalis,984.0756719822125,-4437.716196607065,4464.0814463741035,5938076369,44.482128,-77.496829
Junco hyemalis,-799.1526454683669,-5311.350005607123,3426.4660069604597,5938078320,32.535467,-98.556613
Junco hyemalis,1092.6845104557249,-4830.619618578435,4007.6062419969235,5938081318,38.979179,-77.25421
Junco hyemalis,1516.870968163484,-4447.759222977346,4301.894174667732,5938083596,42.471988,-71.168488
Junco hyemalis,-2257.2661424193025,-3499.7763663388127,4821.417641895505,5938094178,49.180673,-122.82098
Junco hyemalis,1208.6501551826143,-4734.846137609183,4087.805032682196,5938107719,39.913175,-75.680083
Junco hyemalis,1040.6883497539047,-4816.6814403347435,4038.106089579465,5938110101,39.332908,-77.808126
Junco hyemalis,1208.7169060714987,-4815.435138734623,3992.535659865072,5938133835,38.805046,-75.909366
Junco hyemalis,724.3912291174056,-4777.594750624841,4152.059594425057,5938150205,40.670765,-81.378335
Junco hyemalis,1288.1689185379173,-4750.369815875472,4045.288689254392,5938195345,39.41647,-74.827837
Junco hyemalis,-2439.4847210283333,-3737.993042787289,4545.995538671433,5938221684,45.524007,-123.129224
Junco hyemalis,1018.4714503279217,-4964.355678251792,3861.0415349169148,5938223143,37.303212,-78.406251
Junco hyemalis,907.3263359321884,-4877.322488461526,3997.2787485173935,5938226921,38.859804,-79.461753
Junco hyemalis,-640.3086503703834,-5000.072130197556,3896.0283180130964,5938235524,37.69982,-97.297572
Junco hyemalis,376.7503192796739,-4984.580839139695,3949.9071108928006,5938276734,38.314778,-85.677623
Junco hyemalis,-2263.2474519077073,-3510.723970705229,4810.642504138757,5938279211,49.032651,-122.808535
Junco hyemalis,-2683.1591420127356,-4253.08721240708,3911.7335430688895,5938293239,37.878544,-122.246733
Junco hyemalis,-2703.448934794267,-4195.037080658823,3960.1490980182402,5938314493,38.432266,-122.799344
Junco hyemalis,1313.5942794514842,-4621.6284450525,4183.8706617857315,5938331932,41.049027,-74.133388
Junco hyemalis,-245.76467809618606,-4379.639572292192,4620.40150522549,5938338297,46.487394,-93.2118
Junco hyemalis,-2706.961277616859,-4107.9127638811915,4048.106532133551,5938349709,39.44928,-123.383392
Junco hyemalis,919.4008295301086,-4752.275881494777,4142.502768918786,5938371570,40.557545,-79.050522
Junco hyemalis,-2443.608718656809,-3734.1996474904154,4546.898124267171,5938375779,45.535594,-123.200182
Junco hyemalis,-785.0970651725762,-5218.562379251895,3569.3111971067515,5938377257,34.072584,-98.555597
Junco hyemalis,1429.5427085063882,-4491.562754224514,4286.2600013411175,5938398567,42.281659,-72.345137
Junco hyemalis,583.935474488635,-5307.966022337011,3474.8049149595404,5938402557,33.052611,-83.72207
Junco hyemalis,1352.1322058358658,-4590.529359283012,4205.773630282492,5938411495,41.310741,-73.587757
Junco hyemalis,-1488.3814888910376,-4995.380278800057,3663.4204704591857,5938415480,35.100626,-106.591509
Junco hyemalis,-34.671061390848806,-4773.115779449354,4219.705772106753,5938422686,41.477761,-90.416179
Junco hyemalis,-2677.3201796022813,-4336.19185286836,3823.4997058571753,5938429833,36.879953,-121.692668
Junco hyemalis,-2512.3437599059466,-4656.777637326587,3548.5636528367504,5938436742,33.847625,-118.346978
Junco hyemalis,-669.3096317065186,-5145.167462599506,3697.1650664245003,5938450756,35.472404,-97.411707
Junco hyemalis,1407.6733850556993,-4495.212301058276,4289.67074949787,5938463707,42.323132,-72.61208
Junco hyemalis,552.2643708102371,-4693.613072760351,4272.558193591298,5938470783,42.115326,-83.289265
Junco hyemalis,-2497.2791238036975,-4648.255711803536,3570.3037609113144,5938478625,34.083361,-118.246951
Junco hyemalis,-2682.7012394049407,-4303.830683719647,3856.152050379486,5938528537,37.247952,-121.936472
Junco hyemalis,-660.1328553669167,-5292.973742450631,3484.0216280429026,5938529384,33.151558,-97.109147
Junco hyemalis,879.3140801582858,-4509.34193900853,4413.886626909623,5938530092,43.852809,-78.965884
Junco hyemalis,-1802.9833465691215,-4483.046223477858,4152.264531533698,5938537732,40.673195,-111.908915
Junco hyemalis,-408.6928002560813,-4939.710371884268,4002.7471524685725,5938539701,38.922988,-94.729662
Junco hyemalis,-2282.911941016585,-3491.3270113642748,4815.4648684171225,5938581688,49.098843,-123.179905
Junco hyemalis,919.6772612319164,-4752.093370440657,4142.650777396564,5938593761,40.559297,-79.046899
Junco hyemalis,1260.9999998056853,-4285.650406695245,4542.337803572119,5938597372,45.477075,-73.604128
Junco hyemalis,1538.5935596921636,-4421.617934372,4321.0852606944845,5938622345,42.706413,-70.8136
Junco hyemalis,-2136.9277908772738,-3762.4142536924933,4676.273273651292,5938622816,47.22216,-119.595153
Junco hyemalis,-2276.366493530147,-3500.347848993556,4812.013471807502,5938631564,49.05146,-123.036988
Junco hyemalis,-2680.198873696652,-4260.37412869823,3905.828901863396,5938633176,37.811299,-122.173974
Junco hyemalis,984.0794933225475,-4437.71327426655,4464.083509064086,5938640855,44.482154,-77.496774
Junco hyemalis,1334.2020419757448,-4650.933232781187,4144.692763652901,5938645004,40.583473,-73.99353
Junco hyemalis,-1835.763144394676,-4587.251098756549,4022.0460171803657,5938674330,39.146426,-111.810698
Junco hyemalis,-2198.406146706538,-3526.1257704979957,4829.409963383753,5938675126,49.290753,-121.94198
Junco hyemalis,715.2496154812482,-4747.8746573660255,4187.583713213721,5938675462,41.09332,-81.433024
Junco hyemalis,-2242.1923454711095,-3526.199281651389,4809.183427742118,5938684654,49.012641,-122.450918
Junco hyemalis,-1803.218213584245,-4483.519675911091,4151.651300337444,5938715355,40.665924,-111.909404
Junco hyemalis,1197.8319388178775,-4738.167002694908,4087.141449790844,6129819629,39.905395,-75.8126
Junco hyemalis,-2410.399739418922,-3756.942967367671,4545.888886217219,6129824512,45.522638,-122.683638
Junco hyemalis,-2438.105298020401,-4760.804015116087,3461.2340017827228,6129826659,32.907121,-117.117916
Junco hyemalis,138.26656201036866,-4697.933365163766,4301.169327518776,6129826823,42.463151,-88.314194
Junco hyemalis,-2392.0349413180693,-4706.275985638165,3566.3550462897547,6129831382,34.040495,-116.942633
Junco hyemalis,848.3626144328404,-4526.21003377787,4402.664731073517,6129831426,43.713023,-79.384035
Junco hyemalis,594.652382659717,-4843.311480808387,4096.153753625982,6129843394,40.011133,-83.000367
Junco hyemalis,1109.113331212097,-4842.820607226514,3988.32161622245,6129849206,38.756431,-77.100457
Junco hyemalis,315.8706288574505,-5082.821963730089,3828.171856190058,6129852132,36.9325,-86.443942
Junco hyemalis,984.0779366884931,-4437.711384897342,4464.0857304215015,6129853549,44.482182,-77.496788
Junco hyemalis,-1801.9118232055903,-4477.665504765058,4158.530814904035,6129854439,40.747539,-111.920947
Junco hyemalis,1105.104078139862,-4825.755108297402,4010.060565739326,6129858057,39.007578,-77.101595
Junco hyemalis,1243.1494598319755,-4285.939564422807,4546.983021775224,6129870067,45.536684,-73.825042
Junco hyemalis,1517.0512461313888,-4447.7064628586095,4301.885152643477,6129881145,42.471878,-71.1662
Junco hyemalis,56.37655564842771,-5089.116998428674,3832.4226006476583,6129882276,36.980339,-89.365311
Junco hyemalis,-2491.5181445065828,-4654.823856236914,3565.7685472671405,6129894636,34.03413,-118.158143
Junco hyemalis,501.4906324756941,-4682.655129388897,4290.80426195654,6129895885,42.336921,-83.887187
Junco hyemalis,-208.9986860321782,-5230.897280723655,3630.948404677782,6129898203,34.744462,-92.288016
Junco hyemalis,-2658.571073044416,-4328.123507243496,3845.659876444505,6129906057,37.129508,-121.56053
Junco hyemalis,143.72155952426962,-4687.624915409067,4312.223312334541,6129910144,42.598052,-88.243874
Junco hyemalis,-2691.8895297006557,-4285.768143362114,3869.8417682003324,6129913541,37.402773,-122.132916
Junco hyemalis,-2690.424591747102,-4284.383554523994,3872.3928266027233,6129915044,37.431659,-122.127207
Junco hyemalis,-528.3157768818147,-5118.349667053217,3756.7449015539264,6129918154,36.133061,-95.893197
Junco hyemalis,-67.2282437777184,-5167.283096608165,3726.180201281673,6129930129,35.793455,-90.745397
Junco hyemalis,1264.9013416433725,-4698.207648505145,4112.982204813679,6129931373,40.209015,-74.93152
Junco hyemalis,1236.396091908593,-4590.009568198878,4241.802682519938,6129947167,41.743548,-74.924246
Junco hyemalis,784.8565100093826,-4551.038236696495,4388.827218802283,6129949533,43.541103,-80.215212
Junco hyemalis,134.2507687430837,-4702.140444839858,4296.6969985991045,6129952573,42.408654,-88.364593
Junco hyemalis,675.3019532046408,-4742.328851137387,4200.480623612658,6129953167,41.2474,-81.895635
Junco hyemalis,-2303.9000867239697,-3644.5101130109756,4690.345782160571,6129959739,47.408833,-122.299286
Junco hyemalis,1119.8537604371852,-4820.120556726526,4012.7445101245235,6129965058,39.038647,-76.920563
Junco hyemalis,1438.0776156033646,-4425.958842116772,4351.157803282517,6129969982,43.075551,-72.000042
Junco hyemalis,-2315.7086614696495,-3645.795211765289,4683.5268547048145,6129971777,47.318297,-122.422588
Junco hyemalis,1243.1893651825217,-4736.213250978744,4075.8456022312557,6129974581,39.773095,-75.29245
Junco hyemalis,-655.7448408149477,-5151.335188509602,3691.0022499376446,6129983427,35.404378,-97.254512
Junco hyemalis,1002.4624222440714,-5073.80580743885,3720.392029083196,6129994942,35.729306,-78.823671
Junco hyemalis,-2689.550688340125,-4338.762041850158,3811.982970676396,6130012407,36.75058,-121.794317
Junco hyemalis,-1260.874193816085,-4717.549451710389,4092.025973489548,6130013965,39.962683,-104.963853
Junco hyemalis,-416.34079824441335,-4928.501622201877,4015.754627632036,6130014334,39.073508,-94.828662
Junco hyemalis,1210.1394022798129,-4821.7287844986195,3984.500882854056,6130014710,38.712382,-75.911124
Junco hyemalis,1264.8987431097285,-4698.206489577808,4112.984327789961,6130022285,40.20904,-74.931546
Junco hyemalis,857.6024069800937,-4520.749004374283,4406.483822807966,6130043831,43.760559,-79.258424
Junco hyemalis,135.30597598325946,-4701.222056703053,4297.668739690086,6130050256,42.420491,-88.351424
Junco hyemalis,1251.5424825308403,-4692.881681980343,4123.136677704406,6130056719,40.328699,-75.067359
Megascops asio,843.2315263637195,-4532.45995706655,4397.217354215281,5938325890,43.645285,-79.461022
Megascops asio,-750.921768241148,-5440.131981016778,3229.6801167882695,5938355121,30.459811,-97.859088
Megascops asio,902.1134334989915,-4569.550245775838,4346.855764125153,5938399789,43.022608,-78.832362
Megascops asio,931.0516500170072,-5273.291809987837,3451.8530445824667,6130147209,32.80669,-79.98706
Megascops asio,911.5934342572069,-5541.8769445267835,3007.715158059199,6130152110,28.17031,-80.658962
Megascops asio,-791.9091745849427,-5664.980224293941,2805.4646758147214,6130211496,26.126124,-97.957825
Megascops asio,-637.4346033330606,-5298.825661660025,3479.3500633716444,6130376340,33.101392,-96.859567
Megascops asio,655.9827515671105,-4909.812789460783,4006.641752362095,6130450021,38.968022,-82.389981
Megascops asio,842.9978661723695,-4532.223247493552,4397.506129863297,6130683683,43.648874,-79.463339
Megascops asio,1303.22577893663,-4670.768610659405,4132.224132893963,6130874410,40.435987,-74.409972
Megascops asio,-543.2331026129884,-5473.749419011898,3214.4545764048084,6130895641,30.30109,-95.667665
Megascops asio,-511.6552631270759,-4064.899396034549,4878.991178666934,6131437848,49.979232,-97.17418
Megascops asio,740.8084567255493,-5610.985352309922,2925.371657804329,6131473738,27.333517,-82.47884
Megascops asio,-687.1895927260734,-5413.766862083195,3287.651434738222,6131578624,31.066534,-97.23408
Megascops asio,1580.1112926139697,-4471.74908199392,4253.993603699679,6131697363,41.890655,-70.538925
Megascops asio,-743.6354357654266,-5445.115795976197,3222.9603529615297,6133075222,30.389728,-97.776732
Megascops asio,498.31136507323316,-4875.2195349294525,4071.0776705141034,6133176651,39.717328,-84.163888
Megascops asio,-631.3243110547295,-5316.623633211673,3453.2152968970545,6133304286,32.821267,-96.771897
Megascops asio,-739.2180764990477,-5451.463051273245,3213.232074665177,6133370198,30.288357,-97.722204
Megascops asio,-738.2112057973465,-5477.109918181115,3169.5526954879165,6133542301,29.834488,-97.676133
Megascops asio,13.229852719930904,-5277.503718475061,3568.968002400183,6147184175,34.068858,-89.856369
Megascops asio,399.5670485315708,-4986.237241670076,3945.5718816399212,6147209516,38.265105,-85.418451
Megascops asio,763.0618618448339,-5610.70978357971,2920.175585323296,6147299328,27.280927,-82.255236
Megascops asio,316.214119987883,-4665.511463817354,4326.98099614345,6147311583,42.778609,-86.122597
Megascops asio,722.6263879670474,-5590.972335967561,2967.9273191128805,6147399105,27.765174,-82.635418
Megascops asio,-628.6345919398157,-5301.16118160731,3477.3929611296276,6147478238,33.080384,-96.762799
Megascops asio,1261.528575457782,-4282.568254620647,4545.097130699889,6147587162,45.512476,-73.586455
Megascops asio,391.49028045547317,-4996.113137171739,3933.8711227703297,6159217646,38.131207,-85.519517
Megascops asio,979.8251778623624,-5615.06629727258,2846.1774765003706,6159445091,26.534647,-80.101592
Megascops asio,723.0131988327928,-5592.7403891544855,2964.499955053322,6159485645,27.730346,-82.633823
Megascops asio,797.2806344796516,-4462.835493175263,4476.29267144322,6159511609,44.636253,-79.871027
Megascops asio,958.6359959112659,-4496.73016320265,4410.2367279278915,6159603828,43.807308,-77.965547
Megascops asio,259.20477926878084,-4841.171075838447,4133.476578686139,6162783359,40.450787,-86.93521
Megascops asio,1216.1331036344616,-4717.67322908049,4105.40286787291,6162920318,40.11982,-75.544862
Megascops asio,-743.2151490315273,-5444.415506551332,3224.2400909285393,6163009549,30.403071,-97.773378
Megascops asio,843.002679930414,-4532.404010837359,4397.318898357611,6163078445,43.646547,-79.463691
Megascops asio,742.4641471177994,-5572.627757623457,2997.3855265692205,6163080113,28.064983,-82.410942
Megascops asio,165.3509028365375,-4669.680008472291,4330.877604722026,6163080131,42.826371,-87.972034
Megascops asio,706.7858847472158,-5586.138530745973,2980.8158544456824,6163099416,27.896244,-82.788971
Megascops asio,259.1323851323732,-4841.113541726138,4133.548501320489,6163138149,40.451637,-86.936028
Megascops asio,824.7487321786251,-4479.514395415171,4454.603623187527,6163401566,44.362783,-79.567782
Megascops asio,782.4909732992725,-4550.642285587497,4389.660100167848,6170827018,43.551437,-80.243303
Megascops asio,395.41009408935207,-4989.236140372536,3942.1982094727605,6170875196,38.226473,-85.46863
Megascops asio,-833.6183481317211,-5656.38620594567,2810.7167535209096,6170929584,26.178744,-98.383701
Megascops asio,-903.1327292710024,-5628.909914578423,2844.2006920324166,6170945617,26.514778,-99.115158
Megascops asio,519.5963800745001,-4689.252892013905,4281.43434449603,6171086443,42.223028,-83.677089
Megascops asio,1145.5724719315149,-4587.148637096738,4270.30259143444,6171227631,42.087986,-75.978037
Megascops asio,1515.6008994036013,-4503.4878253444285,4243.972720267997,6171236184,41.769709,-71.399888
Megascops asio,-259.9698339726436,-4503.005163544619,4499.457001927251,6171341154,44.929755,-93.304162
Megascops asio,600.4981670464937,-5437.031019967439,3266.1672904128886,6178480643,30.841236,-83.697456
Megascops asio,710.594117210442,-4606.846145796993,4343.014819134139,6178847740,42.975378,-81.23138
Megascops asio,-260.2874879588762,-4501.295588388962,4501.148917691967,6178871104,44.951251,-93.309444
Megascops asio,768.7824355133795,-4613.985362117211,4325.490235186257,6178953249,42.760346,-80.540277
Megascops asio,1500.3577783436526,-4463.756669101636,4291.101964028797,6179032581,42.340543,-71.421475
Megascops asio,890.4145372111692,-5295.337062091772,3428.7491130786657,6179056643,32.559825,-80.454968
Megascops asio,-653.4158548795617,-5318.46113928059,3446.2692814450324,6179165485,32.746965,-97.004149
Megascops asio,-739.3365568994087,-5445.49429085146,3223.3098693134843,6179169654,30.393372,-97.73179
Megascops asio,-1024.2025447151286,-5654.259010880667,2751.384617779068,6179265697,25.585666,-100.267131
Megascops asio,725.1203994590795,-5554.534266375605,3034.979838421496,6184765097,28.448817,-82.562345
Megascops asio,-787.5107298140911,-5427.283312486196,3242.55698887683,6184856368,30.59425,-98.256122
Megascops asio,1306.792383771827,-4349.201294432116,4468.388400296396,6184859868,44.536442,-73.2762
Megascops asio,1512.6568958864368,-4457.85325943385,4292.920516659915,6185142967,42.362673,-71.256689
Megascops asio,-755.8458536741716,-5429.295609521212,3246.721324597275,6185413860,30.637767,-97.92556
Megascops asio,-802.5384543739857,-5395.680507288215,3291.24855065649,6185551362,31.104308,-98.459992
Megascops asio,747.9864027014482,-5489.590644079759,3145.5784891627095,6185630186,29.58625,-82.240922
Megascops asio,815.0842814649011,-4564.75080633261,4369.032023214303,6185677643,43.296012,-79.875934
Megascops asio,-643.3134746793461,-5305.008650032218,3468.830368590652,6185791544,32.98853,-96.91423
Megascops asio,716.6254802938075,-4699.780346590892,4241.257566391023,6185838326,41.736978,-81.330283
Megascops asio,-662.2119945944272,-5320.876488853666,3440.857712003939,6186107411,32.68912,-97.094293
Megascops asio,-655.0560525517405,-5297.941387384138,3477.4231484728753,6187994742,33.080708,-97.048478
Megascops asio,1449.2105779493245,-4594.745020098372,4168.676052503772,6188188426,40.86808,-72.494408
Megascops asio,804.3457511192203,-5638.892570862178,2854.0623007582067,6188198399,26.613933,-81.88195
Megascops asio,919.526461840783,-5542.9074481381585,3003.3982814516185,6188590638,28.12628,-80.580844
Megascops asio,-763.9843775730574,-5664.5330365521095,2814.09780894543,6188672468,26.212631,-97.68122
Megascops asio,-935.6603280633125,-5465.995528096598,3136.428823836736,6195310405,29.491672,-99.713653
Megascops asio,847.1260283079249,-4774.9718797308515,4131.800354521053,6195420760,40.43098,-79.93985
Megascops asio,824.177317731941,-5659.785939111731,2806.6542362832574,6195482565,26.13804,-81.714831
Megascops asio,985.6960939212559,-4529.004559291323,4371.072413267049,6195504102,43.321229,-77.721578
Megascops asio,1207.0863292835893,-4718.372521925492,4107.2687357503855,6195512325,40.141767,-75.649975
Megascops asio,815.0999987124897,-4564.745366179193,4369.034774835503,6195674695,43.296046,-79.875731
Megascops asio,1053.4103289622433,-4843.206192712588,4002.9281261825745,6195861838,38.92508,-77.729133
Megascops asio,873.7391375783227,-4513.2859358517735,4410.96169903842,6195896845,43.816343,-79.043491
Megascops asio,-678.0576648902778,-5306.91309098626,3459.2866862229916,6234278554,32.886264,-97.28116
Megascops asio,902.5683021162538,-4582.8962122948415,4332.68806828117,6234288999,42.848575,-78.858595
Megascops asio,939.250976609584,-5102.683555674266,3697.320822334304,6234506336,35.474124,-79.570312
Megascops asio,569.7333974071698,-4654.468060793727,4312.897408541895,6234799685,42.606288,-83.021386
Megascops asio,1163.6705775953872,-4635.727328925246,4212.559322831177,6234844873,41.392035,-75.908646
Megascops asio,-649.9421058152797,-5288.0270690069965,3493.4364322562246,6234854487,33.252747,-97.006981
Megascops asio,816.8154629410585,-4558.113944577652,4375.632856790498,6234954342,43.377629,-79.840413
Megascops asio,1252.3799242371624,-4281.929497587493,4548.227944236664,6234982499,45.55267,-73.696843
Megascops asio,-746.2769029231166,-5443.2443207123415,3225.510064915896,6235495534,30.416314,-97.806666
Megascops asio,-745.2709456494853,-5441.208807370983,3229.174981607004,6235947690,30.454541,-97.799153
Megascops asio,-600.8974141597653,-5452.849391669479,3239.6155542137,6236207066,30.563524,-96.288552
Megascops asio,-525.1968979530919,-5507.645766552301,3159.0757284744536,6253360766,29.72593,-95.447128
Megascops asio,-738.9974044043664,-5667.527080809241,2814.742040446146,6273803810,26.219089,-97.42897
Megascops asio,-756.8075059176064,-5443.280500145342,3222.9944035635062,6320165969,30.390083,-97.915386
Megascops asio,964.5385622729432,-5671.217545406143,2738.0120606460837,6334093304,25.452403,-80.347717
Megascops asio,1262.9678525222114,-4799.375123901329,3995.079943286489,6353165586,38.834414,-75.256723
Megascops asio,1237.9160737657307,-4739.485476708415,4073.6463199521722,6431555653,39.747366,-75.361826
Megascops asio,955.3877430959708,-5582.073338841231,2918.466143339227,6441906470,27.263631,-80.287769
Melospiza georgiana,-2498.023653518448,-4645.31022831073,3573.6149539215176,5938039584,34.119323,-118.269219
Melospiza georgiana,844.2575879049735,-5121.293427519925,3694.5007625095345,5938049978,35.442988,-80.638847
Melospiza georgiana,32.14481811690689,-5489.0512249274325,3234.0433655825223,5938117535,30.505344,-89.66447
Melospiza georgiana,-4.831791262686055,-4975.309738993109,3979.450060567534,5938291115,38.654193,-90.055643
Melospiza georgiana,1204.7355543608096,-4735.232083136539,4088.5134820091757,5938299255,39.921482,-75.72568
Melospiza georgiana,560.4507484289541,-5483.958511681386,3194.0330509279547,5938406509,30.088605,-84.164733
Melospiza georgiana,820.5127153378028,-5115.506581671925,3707.84363566179,5938593912,35.590412,-80.887537
Melospiza georgiana,696.1925815950291,-5186.516834819894,3633.883892082864,5938623049,34.776596,-82.354815
Melospiza georgiana,1108.679515433025,-4843.089963097984,3988.1151526850617,6129844172,38.75405,-77.106027
Melospiza georgiana,1108.8293392586015,-4843.079941220655,3988.0856697196105,6129908925,38.75371,-77.104317
Melospiza georgiana,658.672146228155,-5163.993878793256,3672.747112618347,6129974307,35.203211,-82.731121
Melospiza georgiana,-611.5714546983057,-5506.69805746875,3145.1565921819424,6130071847,29.581887,-96.337274
Melospiza georgiana,1548.5541261913916,-4485.409844398674,4251.215329256389,6130125255,41.8571,-70.95315
Melospiza georgiana,-664.2469986390757,-5562.726509403863,3033.9088377952194,6130181895,28.437863,-96.809465
Melospiza georgiana,1288.751320328544,-4784.195780353754,4005.0398124455887,6130302870,38.949495,-74.923711
Melospiza georgiana,1516.6902621804297,-4447.750245072907,4301.967170462646,6130490202,42.472878,-71.170538
Melospiza georgiana,1109.2608711392386,-4842.964911624833,3988.10535395036,6130531339,38.753937,-77.09917
Melospiza georgiana,839.9178480118845,-4537.394135630601,4392.760589448683,6130596602,43.589922,-79.512678
Melospiza georgiana,-546.4986122107437,-5510.653281791136,3150.205200366121,6130660575,29.634109,-95.663578
Melospiza georgiana,-726.5887702662893,-5050.487302635321,3815.022921886545,6130693163,36.784708,-98.18669
Melospiza georgiana,-4.664514043821721,-5516.024529654429,3187.978161819306,6130724539,30.025692,-90.048451
Melospiza georgiana,553.9133006803,-5177.323763746909,3671.273870245643,6130730570,35.186998,-83.893249
Melospiza georgiana,1080.9038096803297,-4837.6904789312175,4002.268221140886,6131063503,38.917452,-77.405055
Melospiza georgiana,1224.3883356088259,-4813.720179000054,3989.8276117634673,6131187818,38.773801,-75.729214
Melospiza georgiana,-647.4160555600273,-5300.1635990946825,3475.467077028962,6131228587,33.059716,-96.964191
Melospiza georgiana,517.3996503723674,-5256.238439482797,3562.8651670776762,6131242612,34.002628,-84.378181
Melospiza georgiana,1516.691222876117,-4447.749758816137,4301.9673344969715,6131285815,42.47288,-71.170525
Melospiza georgiana,328.1567848869823,-5239.453009416179,3609.736613151966,6131338332,34.512632,-86.416139
Melospiza georgiana,-611.5708962157427,-5506.698285186039,3145.1563020791878,6131543169,29.581884,-96.337268
Melospiza georgiana,833.2518431274262,-5122.4084584360735,3695.453433686418,6131627766,35.453505,-80.760737
Melospiza georgiana,-583.584107275858,-5542.578088139918,3086.9095963898467,6131640245,28.981321,-96.010589
Melospiza georgiana,-1292.9522324996196,-4878.923017776159,3887.6905536276495,6133091349,37.605112,-104.84264
Melospiza georgiana,269.4505861551539,-4835.91665536314,4138.968423856295,6133200605,40.515722,-86.810856
Melospiza georgiana,234.98863616563372,-5115.266054988513,3790.591861072978,6133221304,36.51086,-87.369756
Melospiza georgiana,16.387773038092746,-5210.583434007591,3665.9657455870956,6133383653,35.128609,-89.8198
Melospiza georgiana,-528.0275710322949,-5112.166107325421,3765.1955732764295,6147166439,36.227216,-95.897079
Melospiza georgiana,-548.4770007210427,-5504.832069312034,3160.0237337765784,6147167629,29.735748,-95.689918
Melospiza georgiana,834.6528916875152,-5123.623965534934,3693.4516566311218,6147436706,35.431408,-80.747628
Melospiza georgiana,-2704.6512642284088,-4220.482826502171,3932.192693623413,6147555139,38.11202,-122.653345
Melospiza georgiana,-2638.726800091042,-4270.662660754811,3922.7942135923167,6147614411,38.004674,-121.710796
Melospiza georgiana,739.607459985394,-5488.900061992041,3148.7632563079687,6147632026,29.619191,-82.325844
Melospiza georgiana,400.1668719183558,-5243.459068512441,3596.6312851237826,6147633388,34.369722,-85.635798
Melospiza georgiana,-415.4172611859097,-4936.488352045964,4006.0285045042738,6159361145,38.960929,-94.810243
Melospiza georgiana,-649.5759440726481,-5281.125853816469,3503.9283581019226,6159388343,33.365651,-97.012133
Melospiza georgiana,1516.6865039807212,-4447.745576952852,4301.973321746256,6159397806,42.472953,-71.170563
Melospiza georgiana,-548.3984945185769,-5504.832962514799,3160.0358029139047,6159540128,29.735873,-95.689108
Melospiza georgiana,-542.8886320477724,-5524.971805894895,3125.6537887196087,6159566386,29.380406,-95.611919
Melospiza georgiana,1516.6663482438378,-4447.742375250621,4301.983737903027,6162811745,42.47308,-71.170783
Melospiza georgiana,1225.858513423102,-5012.086793503784,3737.1125229420772,6162921589,35.914757,-76.256378
Melospiza georgiana,213.98489120859412,-5228.371158189315,3634.294791046263,6163088333,34.781095,-87.656327
Melospiza georgiana,531.6995218939327,-5132.621135518174,3736.7431042723997,6163105847,35.910655,-84.0857
Melospiza georgiana,-647.3819051266768,-5300.154570850164,3475.4872066644266,6163139757,33.059932,-96.963839
Melospiza georgiana,-223.9002696812522,-5225.801539846287,3637.391931735467,6163158266,34.815014,-92.453346
Melospiza georgiana,-404.79557263032217,-5120.691427253035,3768.87423256781,6170892405,36.268238,-94.519887
Melospiza georgiana,739.5239198778556,-5488.981519958791,3148.6408774512233,6170936048,29.617925,-82.326813
Melospiza georgiana,207.1274811348443,-5492.377364034762,3221.900406169429,6171017302,30.378678,-87.840296
Melospiza georgiana,135.19717490174796,-5049.516183591548,3882.507072140767,6171034418,37.546294,-88.466313
Melospiza georgiana,410.0678118369734,-5495.097745141237,3197.733305126673,6171041281,30.127072,-85.732253
Melospiza georgiana,-360.28519103457535,-5361.781658487202,3422.169656447331,6178320062,32.489648,-93.844214
Melospiza georgiana,-182.44651399715067,-5503.084898423869,3205.0776901577406,6178402759,30.203467,-91.89886
Melospiza georgiana,1142.1741841537535,-4833.297480665195,3990.5421594221543,6178485169,38.782044,-76.704142
Melospiza georgiana,742.05636044567,-4803.207175907724,4119.260408484526,6178804634,40.282987,-81.217701
Melospiza georgiana,-525.3482309715007,-5505.368874637617,3163.0169016405653,6178945809,29.766753,-95.450928
Melospiza georgiana,1240.6144133130947,-4775.202494002351,4030.88949841483,6179362840,39.249051,-75.436329
Melospiza georgiana,1130.2655027994472,-4818.566184722711,4011.6920303415313,6184759537,39.026462,-76.799087
Melospiza georgiana,-837.2824320686885,-5465.60921833662,3164.77915991943,6185046204,29.785012,-98.709492
Melospiza georgiana,461.6535858592946,-5385.585621235579,3372.2539365654648,6185079934,31.959008,-85.10057
Melospiza georgiana,791.4263017815169,-5515.837840641917,3088.515898335086,6185808059,28.997836,-81.834786
Melospiza georgiana,564.7864236902418,-5144.818920491625,3715.0515071320347,6185870898,35.670164,-83.735286
Melospiza georgiana,804.5081208160308,-5239.723587190871,3533.8104848808925,6185993618,33.688021,-81.270964
Melospiza georgiana,567.0161206294264,-5126.752392894695,3739.606363051105,6186168951,35.942454,-83.688767
Melospiza georgiana,164.2237224297094,-4912.947917626784,4052.866449484292,6188036289,39.504738,-88.085503
Melospiza georgiana,1334.904406464239,-4644.956167326949,4151.164361825624,6188249516,40.660151,-73.965987
Melospiza georgiana,1119.8156839733922,-4829.170367743217,4001.8595081431195,6188303749,38.912728,-76.944662
Melospiza georgiana,1223.0660627510256,-4945.428137403835,3825.781367720662,6188365853,36.90561,-76.108774
Melospiza georgiana,1078.3706787901551,-4826.363891776573,4016.600726106392,6188540390,39.08331,-77.405082
Melospiza georgiana,-648.5472226285981,-5299.701760644437,3475.960425252337,6188553296,33.06501,-96.976841
Melospiza georgiana,1250.1960793781018,-4724.775695038264,4086.9618941654876,6188555566,39.90329,-75.178958
Melospiza georgiana,736.3485093227005,-4724.767851767903,4210.001514179798,6188594581,41.36138,-81.141792
Melospiza georgiana,527.2059147231645,-5288.127744524664,3513.9026751956058,6188597792,33.473121,-84.306645
Melospiza georgiana,448.1385405387174,-4658.46001091683,4322.924392682578,6195382676,42.728925,-84.50512
Melospiza georgiana,1204.487338005406,-4734.174167127457,4089.8115283671864,6195399058,39.936705,-75.725442
Melospiza georgiana,139.88067039818117,-4858.569176374262,4118.797407752938,6195517324,40.277529,-88.350881
Melospiza georgiana,133.51791275988205,-4865.487249298879,4110.834455868992,6195533999,40.183728,-88.428093
Melospiza georgiana,1343.2965615786247,-4635.557138880393,4158.956298099742,6195632946,40.75259,-73.839414
Melospiza georgiana,-464.4235342719168,-5536.449146006401,3117.9792757773102,6195862537,29.301231,-94.795015
Melospiza georgiana,1332.626286592461,-4635.427911245204,4162.531488122238,6195878014,40.795047,-73.960733
Melospiza georgiana,85.5275765860591,-5038.590849505978,3898.0816326233307,6195900390,37.723162,-89.027526
Melospiza georgiana,1334.6868757843797,-4645.269995633957,4150.883127835481,6196018535,40.656817,-73.969493
Melospiza georgiana,195.54348632483595,-4733.225736927778,4260.057511104499,6196042603,41.963954,-87.634288
Melospiza georgiana,199.55879916734372,-4374.156947728449,4627.815944048689,6234216285,46.584326,-87.38785
Melospiza georgiana,195.6242141854041,-4733.216819965647,4260.063712163947,6234446520,41.964029,-87.633308
Melospiza georgiana,716.0700210622392,-5550.9795438709625,3043.6200416838287,6234478356,28.537229,-82.649503
Melospiza georgiana,925.4492276857454,-4462.586890455456,4451.810317363981,6234497960,44.327656,-78.284096
Melospiza georgiana,1264.100191616014,-4265.040376276981,4560.83703106797,6234556129,45.71484,-73.49089
Melospiza georgiana,1334.1956040318123,-4650.927328222336,4144.701461800869,6234641058,40.583576,-73.993584
Melospiza georgiana,201.7066315206505,-4753.3269160735,4237.3282612289095,6234666456,41.68964,-87.570121
Melospiza georgiana,318.0405687126704,-4874.511555894683,4089.9560410571107,6234718782,39.9384,-86.266992
Melospiza georgiana,1098.536267929244,-4345.0566727237365,4528.073951310916,6234721357,45.294429,-75.811552
Melospiza georgiana,1062.7619934290951,-4439.8414965479915,4443.883162340178,6234785412,44.228083,-76.538437
Mniotilta varia,925.8802051410356,-5285.624138537983,3434.33784615172,5938186241,32.619478,-80.064331
Mniotilta varia,751.8148816588308,-5569.594296137909,3000.6910687076456,5938189926,28.098677,-82.312364
Mniotilta varia,1116.1553073321331,-4942.521685968902,3862.049953498644,5938349401,37.314614,-77.274519
Mniotilta varia,939.2594669764693,-5678.862517755983,2730.945859550987,6129946226,25.382045,-80.608545
Mniotilta varia,721.5817018736554,-5593.150669205162,2964.074656409384,6130431707,27.726025,-82.648781
Mniotilta varia,904.839168129714,-5296.097334143831,3423.7950050741006,6130440449,32.506979,-80.304618
Mniotilta varia,965.9684271780912,-5662.267018544344,2755.973573544831,6130488401,25.631431,-80.318687
Mniotilta varia,819.2846730198081,-5648.590543615626,2830.5389283329746,6130543227,26.377555,-81.747238
Mniotilta varia,717.4092995552699,-5593.1143305280675,2965.155832706034,6130814582,27.73701,-82.69078
Mniotilta varia,550.6287086424851,-5477.570444882406,3206.677903414515,6130963665,30.22012,-84.259668
Mniotilta varia,-730.8348791170965,-5668.096945700986,2815.7255766992776,6131345919,26.228949,-97.347085
Mniotilta varia,965.977861319269,-5612.527287468311,2855.9021951989344,6131377829,26.632442,-80.23444
Mniotilta varia,915.8701247637614,-5290.140562496451,3430.065287027696,6131615514,32.57387,-80.177872
Mniotilta varia,809.9307232977546,-5446.269737096575,3204.9822626532305,6133147304,30.202474,-81.541369
Mniotilta varia,941.5323753705098,-5677.837527928954,2732.294076824133,6147165042,25.395466,-80.584556
Mniotilta varia,759.3276266612083,-5612.528641079017,2917.6526417882965,6147208589,27.255401,-82.295148
Mniotilta varia,982.2182197376753,-5645.600820821224,2784.2758251357754,6147243415,25.914075,-80.130503
Mniotilta varia,981.9841029748027,-5645.708676162625,2784.13970466359,6147269560,25.912714,-80.132994
Mniotilta varia,713.6655341529266,-5598.4876907233365,2955.9042968030835,6147274620,27.643048,-82.735418
Mniotilta varia,847.3798338542847,-5225.6541697255725,3544.607036793254,6147453947,33.804792,-80.789225
Mniotilta varia,742.5626215459581,-5572.857918498431,2996.9331829371117,6147474331,28.060373,-82.410257
Mniotilta varia,847.5781654160721,-5225.787394612703,3544.3631994329157,6147641440,33.802153,-80.787337
Mniotilta varia,678.2510841033385,-5503.994677845842,3136.20330699952,6159323517,29.489342,-82.974922
Mniotilta varia,1097.6854281363628,-5171.473715151713,3555.3761325673363,6159369399,33.921425,-78.016381
Mniotilta varia,909.9282893435818,-5266.970921005558,3467.10267445479,6159401951,32.970008,-80.198263
Mniotilta varia,749.6478187405311,-5602.996571466229,2938.402745995293,6159474907,27.465516,-82.37942
Mniotilta varia,1015.0785473450105,-5067.5899517693315,3725.4396724579888,6159476491,35.785245,-78.673103
Mniotilta varia,965.8140422635399,-5612.512488547051,2855.986682627806,6163174113,26.633292,-80.236039
Mniotilta varia,472.72578683590405,-5359.258709706341,3412.4228258781973,6163365236,32.385788,-84.95914
Mniotilta varia,-2486.413683957797,-4633.920984384081,3596.425507693678,6170965184,34.36748,-118.216583
Mniotilta varia,783.7490816731935,-5511.048627123673,3099.005249452176,6171133805,29.105746,-81.906005
Mniotilta varia,807.4970282938007,-5390.389949348774,3298.6963899294883,6178327326,31.182567,-81.480269
Mniotilta varia,-750.1071826401859,-5438.414029461033,3232.761232814826,6179030450,30.491962,-97.853118
Mniotilta varia,742.0578217470223,-5572.840463035324,2997.0906713707773,6179307712,28.061978,-82.415333
Mniotilta varia,975.2022572006504,-5597.914718924693,2881.3338034449353,6184724206,26.888588,-80.117783
Mniotilta varia,-740.9930114509963,-5429.512601953021,3249.7808221311725,6184842365,30.669751,-97.771433
Mniotilta varia,-764.0573866660234,-5445.285540237804,3217.8929169311423,6184924226,30.336911,-97.987333
Mniotilta varia,702.7473917335882,-5579.8576600050665,2993.507595976978,6184996020,28.025468,-82.821757
Mniotilta varia,-735.1028648598084,-5434.542080800098,3242.704007424247,6185067560,30.595786,-97.703354
Mniotilta varia,-762.4969368045784,-5435.962652239091,3233.985404188278,6185132555,30.504739,-97.984725
Mniotilta varia,716.4147932312379,-5599.047093376828,2954.1791787001275,6185138797,27.625536,-82.708454
Mniotilta varia,-713.9348955685061,-5676.440026525245,2803.2264838626757,6185986978,26.103707,-97.168541
Mniotilta varia,-520.3286070579329,-5508.442078276832,3158.4928590427116,6186040485,29.719894,-95.39616
Mniotilta varia,-649.5759440726481,-5281.125853816469,3503.9283581019226,6186117502,33.365651,-97.012133
Mniotilta varia,961.3357109684832,-5687.645762293128,2704.860895344375,6187964656,25.122671,-80.40644
Mniotilta varia,-726.1664271280662,-5050.435231973044,3815.172265761387,6188400874,36.786385,-98.182079
Mniotilta varia,671.7608943500104,-5514.2951895825045,3119.4613305259545,6188472275,29.316516,-83.054354
Mniotilta varia,1108.4188831945335,-4981.2430400739495,3814.2336693980956,6188637015,36.775846,-77.455015
Mniotilta varia,-700.1732973677682,-5595.414867860856,2964.9355709445463,6188668478,27.734772,-97.132542
Mniotilta varia,718.6606701786798,-5585.600898484964,2978.983479923936,6195361352,27.8776,-82.668427
Mniotilta varia,-2445.0207597819294,-4781.120491703259,3428.193906086413,6195723368,32.553901,-117.084782
Mniotilta varia,-727.4771899313665,-5389.172377715192,3319.239544094187,6195780630,31.398763,-97.68781
Mniotilta varia,-713.8785986818708,-5676.689399344237,2802.735795503066,6195904531,26.098793,-97.16767
Mniotilta varia,816.671392507479,-5644.613446853195,2839.214680495546,6195937533,26.464678,-81.767484
Mniotilta varia,580.2330063903715,-5283.298620966089,3512.8106225173087,6234212118,33.461348,-83.732665
Mniotilta varia,1249.811902464521,-4725.024529552891,4086.7917164028477,6234229428,39.901295,-75.184058
Mniotilta varia,630.4163062822622,-4869.310377984323,4059.8207907868336,6234288011,39.585843,-82.623106
Mniotilta varia,788.0597604882123,-5145.373595843258,3673.3969977087586,6234308969,35.210364,-81.292308
Mniotilta varia,611.7257278086399,-4846.704414789156,4089.621141288975,6234316322,39.934472,-82.806463
Mniotilta varia,-416.5526105561095,-5475.68183133918,3230.0380081754975,6234417691,30.463545,-94.350294
Mniotilta varia,738.4353554293085,-5611.9592429763825,2924.103248981024,6234720953,27.320677,-82.503945
Mniotilta varia,-818.3766645118802,-5486.20004176707,3133.946691693216,6234796787,29.46603,-98.484253
Mniotilta varia,1109.3737470538472,-4815.498622717216,4021.1958462171106,6234871999,39.136568,-77.026794
Mniotilta varia,-593.7775340319703,-5453.685255076826,3239.521339382403,6234878293,30.56254,-96.213682
Mniotilta varia,805.0913392059041,-5443.196896844167,3211.4153589031584,6235051711,30.269438,-81.586506
Mniotilta varia,1330.9748234253263,-4640.976641065668,4156.873219881523,6235124307,40.727865,-73.997762
Mniotilta varia,-149.42020728668166,-5055.295354144799,3874.4568153089353,6235246312,37.455038,-91.693008
Mniotilta varia,-791.9662552314923,-5664.954445890456,2805.5006159753384,6235330102,26.126484,-97.958427
Mniotilta varia,1332.2450240334167,-4636.8896361387015,4161.025213560372,6235375658,40.777156,-73.969881
Mniotilta varia,826.1115148451449,-5649.507643041529,2826.721826769136,6235471426,26.339244,-81.680761
Mniotilta varia,1138.3512150989636,-4795.362993367982,4037.128113225664,6235574575,39.321538,-76.645974
Mniotilta varia,835.2310560316931,-5463.477935372196,3168.9984320631606,6235603057,29.828742,-81.308183
Mniotilta varia,700.6588523821674,-4762.336831631884,4173.604941095687,6235639006,40.926722,-81.630402
Mniotilta varia,63.040878424740356,-5310.441655052104,3519.2312236641037,6235738305,33.530589,-89.319867
Mniotilta varia,541.6788454686086,-5152.981604518389,3707.171123854998,6235773011,35.582975,-83.999135
Mniotilta varia,1332.4161214497267,-4636.781685873382,4161.090723179141,6235801980,40.777934,-73.967574
Mniotilta varia,191.0315440832763,-5501.259564092886,3207.7099755618724,6235888979,30.230862,-88.0112
Mniotilta varia,137.480664698807,-5042.368634088722,3891.70537868293,6235968338,37.650701,-88.438212
Mniotilta varia,850.1729967969892,-4521.834183915118,4406.810027488291,6235977008,43.764621,-79.351838
Mniotilta varia,1332.923341649906,-4635.373192394824,4162.497310772669,6236164073,40.794641,-73.957162
Mniotilta varia,-717.7334031567378,-5607.89088387476,2937.0345122631516,6236333344,27.451649,-97.293426
Mniotilta varia,-694.3201033420635,-5591.300767523237,2974.0592547672227,6236333490,27.827513,-97.078675
Mniotilta varia,980.4705631766116,-5636.362448680566,2803.54221504246,6251478789,26.106869,-80.131888
Mniotilta varia,800.9295632183301,-5441.823068174979,3214.7825212786915,6251508376,30.304506,-81.627297
Mniotilta varia,-609.1257060030445,-5307.36737913857,3471.393165116782,6251626238,33.016012,-96.547181
Mniotilta varia,813.7678238749312,-5417.247594624809,3252.8393069801364,6251646515,30.701735,-81.457022
Mniotilta varia,1211.1485593306966,-4733.521911892246,4088.599100736655,6251821861,39.922486,-75.647855
Mniotilta varia,854.9180153469165,-4529.177404157887,4398.342910503721,6251885446,43.659275,-79.310736
Mniotilta varia,1154.2367622162742,-4652.220285583017,4196.943773847321,6251900032,41.205109,-76.066018
Mniotilta varia,-439.1055971939348,-5521.3067297806665,3148.3505840152416,6252104242,29.614922,-94.547122
Mniotilta varia,974.050531303431,-5631.347179690056,2815.831606105342,6252400178,26.230012,-80.186683
Mniotilta varia,-818.2018248468214,-5486.419115478446,3133.6088129834397,6252631406,29.46254,-98.482133
Mniotilta varia,1063.5220775575463,-4795.176136422921,4057.703752235401,6252745709,39.561143,-77.494794
Mniotilta varia,1099.0560881313322,-4342.722679475216,4530.186372986269,6252893227,45.321441,-75.797789
Mniotilta varia,567.3383738954748,-5152.613443158491,3703.843274838378,6252913383,35.546184,-83.716649
Mniotilta varia,-870.2350830148299,-5457.558204779247,3169.7795619592125,6252966616,29.83684,-99.059829
Mniotilta varia,673.4192450540666,-5523.181340709962,3103.341348885353,6253032524,29.150387,-83.048468
Mniotilta varia,-2488.731097557644,-4679.45458993385,3535.3465734598053,6273219569,33.704625,-118.005927
Mniotilta varia,978.2703113721116,-5624.286667550583,2828.451839571979,6333886128,26.356606,-80.132873
Mniotilta varia,560.3673728693957,-5484.065373622592,3193.864197948088,6398804460,30.08685,-84.165708
Molothrus ater,921.1358681832778,-5614.153017865279,2867.4985150855523,5938145389,26.749168,-80.682279
Molothrus ater,-2580.7208891652504,-4180.407028428647,4056.332074493892,5938181781,39.545144,-121.688578
Molothrus ater,1243.2412614289528,-4736.163884633027,4075.887136986963,5938294349,39.773581,-75.291716
Molothrus ater,-402.71832364732893,-4943.623750353003,3998.519137933671,5938372779,38.874131,-94.657155
Molothrus ater,117.39678295152841,-5485.520173568634,3238.061078855926,6129999103,30.54729,-88.773988
Molothrus ater,703.7862324121213,-5183.674377697393,3636.4760434723257,6130095563,34.804982,-82.268242
Molothrus ater,-664.637858567936,-5300.253277873056,3472.07788464366,6130103681,33.023356,-97.147433
Molothrus ater,-692.7853019343446,-5316.505176511402,3441.594741283267,6130163487,32.696996,-97.424288
Molothrus ater,-2710.5358494896777,-4255.672574825458,3889.9870789229067,6130240219,37.631186,-122.493999
Molothrus ater,584.0368121363146,-5316.489836887597,3461.7322175491818,6130255840,32.912458,-83.730976
Molothrus ater,-1552.1838290091766,-5157.672323502929,3402.777496988561,6130455335,32.283127,-106.748988
Molothrus ater,1080.983168560192,-4805.800149402771,4040.4843079719176,6130458549,39.360565,-77.323269
Molothrus ater,1532.9497557842408,-4496.746159424831,4244.890122678856,6130812731,41.780772,-71.175654
Molothrus ater,-2677.6207241511024,-4436.993628243247,3705.8316111505637,6130861670,35.568164,-121.109988
Molothrus ater,1302.7354518867066,-4759.715949390845,4029.6076177699215,6130944288,39.234166,-74.693006
Molothrus ater,-721.8326986475499,-5595.918949843752,2958.783836582225,6131020379,27.672285,-97.35015
Molothrus ater,-494.8268130532165,-5519.492425081685,3143.2631013370374,6131031018,29.562308,-95.122916
Molothrus ater,746.462499545653,-5532.860806929444,3069.2015505003155,6131031576,28.799432,-82.31637
Molothrus ater,1267.489494344921,-4680.988899098523,4131.775216286468,6131061658,40.430683,-74.849106
Molothrus ater,-237.0295773222716,-4530.042962978193,4473.508786481102,6131176088,44.60108,-92.995208
Molothrus ater,-538.515311597856,-5484.179286189878,3197.4258311613703,6131202034,30.123875,-95.608142
Molothrus ater,-538.512434634687,-5484.179512616583,3197.4259273387056,6131470907,30.123876,-95.608112
Molothrus ater,-538.5120948344168,-5484.1819571634505,3197.421791712403,6131625686,30.123833,-95.608106
Molothrus ater,-720.0834222319037,-5597.261673445151,2956.6695374502374,6133036995,27.650817,-97.330792
Molothrus ater,136.07545488345218,-5054.602137239833,3875.852659024361,6133134661,37.470853,-88.457907
Molothrus ater,968.8308161219609,-5067.2073796815575,3738.2521785870285,6133251779,35.927413,-79.175898
Molothrus ater,-2443.6263639288654,-3743.565016378604,4539.181015484566,6133252293,45.436602,-123.134647
Molothrus ater,1298.5245210261533,-4662.7119944153765,4142.789405111755,6133320263,40.560938,-74.437945
Molothrus ater,-1990.0162641217905,-5204.254588642959,3089.5505457585396,6133422923,29.008475,-110.925983
Molothrus ater,582.4505065479651,-5315.4766312082975,3463.5549252434193,6133428923,32.931986,-83.746686
Molothrus ater,1209.298922873025,-5083.150073497185,3645.399096823437,6133486199,34.902771,-76.617902
Molothrus ater,-725.7210759817794,-5430.0077298425185,3252.3988229311267,6147209643,30.697128,-97.612475
Molothrus ater,1137.3465139481557,-4846.1146006477,3976.351256400345,6147356381,38.618516,-76.792149
Molothrus ater,237.553986860184,-5115.118022921765,3790.6317210440266,6147359572,36.511306,-87.341006
Molothrus ater,400.09962241901803,-5128.047915084864,3759.3613822578136,6147366868,36.162201,-85.538717
Molothrus ater,218.01718893477107,-5016.741720089368,3921.036106556683,6147399381,37.984611,-87.51161
Molothrus ater,-2617.5294899127484,-4556.726481426981,3602.0183609438504,6147405073,34.428437,-119.874438
Molothrus ater,-599.3182267262908,-5307.059105546665,3473.5708490003935,6147421092,33.039371,-96.44303
Molothrus ater,1420.0049845521546,-4569.429055650584,4206.382897324099,6147551812,41.318036,-72.73674
Molothrus ater,1108.392460709086,-4821.871249077785,4013.823232285863,6147632270,39.051138,-77.054435
Molothrus ater,249.25872351315954,-4841.80980619905,4133.340177026897,6159145003,40.449175,-87.052987
Molothrus ater,745.2731486500662,-5610.725638106363,2924.735693609699,6159148171,27.327079,-82.433689
Molothrus ater,-793.5079533782521,-5485.204378370473,3142.074344300002,6159231184,29.550018,-98.231494
Molothrus ater,-46.489523058895756,-5513.949185410222,3191.231147165173,6159240682,30.059487,-90.483064
Molothrus ater,-507.8581210155714,-5526.5269582282135,3128.7909867187973,6159257225,29.412789,-95.250428
Molothrus ater,-108.58894332183003,-5497.880528936347,3217.3391584674864,6159305030,30.331141,-91.131505
Molothrus ater,-684.810501873461,-5305.909188959156,3459.4964062302524,6159331966,32.88851,-97.35426
Molothrus ater,-531.5220440477458,-5503.187790551978,3165.7797757090398,6159547372,29.795381,-95.516766
Molothrus ater,-539.5793975726255,-5513.48489768642,3146.4410826164167,6162857122,29.595171,-95.589475
Molothrus ater,-717.8134651974322,-5421.872553660064,3267.689546258392,6162993795,30.857182,-97.541654
Molothrus ater,-382.623393009868,-5116.6175361331725,3776.7151676732983,6163001905,36.355747,-94.276649
Molothrus ater,-2480.3622046603964,-4682.383961069902,3537.348852528541,6163165706,33.726273,-117.911157
Molothrus ater,-530.8773496217691,-5546.331037817263,3089.681923480294,6163188911,29.009826,-95.467515
Molothrus ater,835.2811403004446,-5661.287125600556,2800.3368775640583,6163371900,26.074772,-81.606983
Molothrus ater,768.054305528484,-4614.672161153194,4324.886883898157,6170853942,42.752956,-80.550456
Molothrus ater,-748.1765588934973,-5429.2282378779455,3248.6098115083723,6170868040,30.657508,-97.846245
Molothrus ater,-1794.5888984206517,-4293.421142295687,4351.521424769868,6170924115,43.080028,-112.684233
Molothrus ater,-847.9958207538002,-5483.440908610124,3130.8995543521505,6170938335,29.43456,-98.790962
Molothrus ater,-10.015697279217244,-5524.863811196314,3172.622366941707,6170968003,29.866317,-90.103868
Molothrus ater,1106.5488469595941,-5164.457350675191,3562.8195368313013,6170988705,34.002133,-77.906522
Molothrus ater,1151.1680714711445,-4765.967417319746,4068.1838426931236,6171051205,39.683503,-76.420908
Molothrus ater,1299.8918631729437,-4648.359535226249,4158.4597996139655,6171063534,40.746696,-74.376601
Molothrus ater,-631.6138425843824,-5305.909373965297,3469.6026860146985,6171168802,32.996811,-96.788527
Molothrus ater,253.27775613839424,-5489.80735327156,3222.9828935147093,6171192213,30.389963,-87.358475
Molothrus ater,-813.1338013859729,-5499.816580127315,3111.363709963481,6171359410,29.23303,-98.410109
Molothrus ater,-629.6687264659789,-5496.9454050562645,3158.6170452302335,6171369554,29.72118,-96.534683
Molothrus ater,583.0369456078583,-5310.5252698505265,3471.043417765425,6178315690,33.012261,-83.73465
Molothrus ater,-638.6456100339004,-5552.944310848034,3057.2363982986863,6178343662,28.676711,-96.560777
Molothrus ater,562.4433303599465,-5258.673173915125,3552.431150600456,6178378425,33.889514,-83.895117
Molothrus ater,-397.5541545460215,-4918.962170320273,4029.3318293283683,6178395291,39.230964,-94.620644
Molothrus ater,-853.6885544562484,-5493.369546559448,3111.8901019478626,6178455168,29.238455,-98.833305
Molothrus ater,-678.4294923960163,-5306.66634225591,3459.5923004731335,6178466640,32.889537,-97.285445
Molothrus ater,-2712.495499033131,-4257.148365689274,3887.0051569185734,6178471707,37.597332,-122.503761
Molothrus ater,908.6264916571631,-4500.036386404531,4417.445364616464,6178472531,43.897207,-78.584585
Molothrus ater,308.1481758371592,-5234.014857309224,3619.3765077526787,6178483785,34.617909,-86.630649
Molothrus ater,1309.8495361441837,-4677.571990553171,4122.422539664359,6178557680,40.320275,-74.356284
Molothrus ater,84.22240049982243,-5171.119715689422,3720.5081108552395,6178566625,35.730592,-89.066902
Molothrus ater,412.94644430309165,-5349.182499938201,3435.9096242727005,6178569870,32.636262,-85.585633
Molothrus ater,439.3001962862871,-4872.20783206375,4081.4653383799455,6178582692,39.838883,-84.847886
Molothrus ater,-836.5811183294621,-5455.386699705792,3182.552610532183,6178632406,29.969352,-98.718365
Molothrus ater,-2616.007170684323,-4558.860045146793,3600.4242390820864,6178674560,34.411058,-119.848464
Molothrus ater,-846.8170148416916,-5465.3011114598885,3162.7737563928513,6178686384,29.764234,-98.807614
Molothrus ater,-772.4983720104902,-5240.203438776287,3540.2354886583103,6178714147,33.757492,-98.386008
Molothrus ater,-1538.5248794953975,-5201.392435093623,3341.8873501364374,6178985396,31.637687,-106.477741
Molothrus ater,-1794.603900594531,-4293.425654965296,4351.510785340437,6179126612,43.079897,-112.684382
Molothrus ater,-397.56660309716926,-4918.961164203323,4029.3318293283683,6179157678,39.230964,-94.620789
Molothrus ater,-745.0709106089346,-5579.821241275478,2983.323211328734,6179271761,27.921761,-97.605688
Molothrus ater,-676.6645174859761,-5314.284840931227,3448.224889693458,6179310517,32.767878,-97.256388
Molothrus ater,269.92474435171556,-4835.905116895645,4138.951009911402,6179369212,40.515516,-86.805248
Molothrus ater,1155.197306653965,-4833.196891686836,3986.9136081141214,6179378302,38.740195,-76.557745
Molothrus ater,-728.1930726117357,-5438.729477946483,3237.237965363946,6179388652,30.538695,-97.625995
Molothrus ater,60.49152135617243,-4723.541954879142,4274.83862923713,6179421736,42.142979,-89.266288
Molothrus ater,-660.0537256777196,-5314.783864379227,3450.6745259196214,6179436140,32.794081,-97.07943
Molothrus ater,-672.2470554814656,-5454.729361579971,3222.384927036387,6179436530,30.383729,-97.02577
Molothrus ater,-875.0304440260014,-5407.795487332687,3252.6639572647714,6179495849,30.699901,-99.191314
Molothrus ater,1312.017365171414,-4753.745323616331,4033.642145922462,6185336478,39.281025,-74.570678
Molothrus ater,-97.75811181842322,-5485.073481686217,3239.4699229586595,6235681792,30.562003,-91.02105
Molothrus ater,1081.2961999406893,-5072.949730499678,3699.4232914732147,6236362559,35.497345,-77.967505
Molothrus ater,-2362.26993531622,-4736.35531410132,3546.3181217937454,6399248879,33.823313,-116.50785
Molothrus ater,-408.5356284697361,-5356.893150238699,3424.4046996337897,6479268751,32.513481,-94.361137
Pandion haliaetus,911.0127132612351,-5618.357655585203,2862.493007830931,5938032319,26.698769,-80.789692
Pandion haliaetus,-2492.5384774719228,-4677.543947107025,3535.192737444708,5938033675,33.702962,-118.051964
Pandion haliaetus,939.5455693947536,-5678.771853708634,2731.0359730759187,5938044000,25.382942,-80.605588
Pandion haliaetus,820.6384179131034,-5530.888170778244,3053.7815506463135,5938074024,28.641303,-81.560385
Pandion haliaetus,-2664.128340249514,-4461.860970267346,3685.643769867315,5938286724,35.345277,-120.840963
Pandion haliaetus,717.2682477814274,-5586.1565729169315,2978.277041052253,5938398149,27.870413,-82.683198
Pandion haliaetus,888.4084783876212,-5508.020072299352,3076.068657938874,5938403920,28.86993,-80.837469
Pandion haliaetus,-2446.9067789631645,-4743.679670224481,3478.491559719602,5938479834,33.092176,-117.285798
Pandion haliaetus,705.6784803856904,-5580.12718763599,2992.31542150951,5938479941,28.013323,-82.792476
Pandion haliaetus,830.7818349648861,-5538.211905979485,3037.723416777256,5938494681,28.476883,-81.468728
Pandion haliaetus,-797.0388169245645,-5465.672218372456,3175.044795794926,5938499781,29.891442,-98.296751
Pandion haliaetus,-2450.030588598631,-4756.580260944429,3458.619300501618,5938545588,32.879117,-117.252197
Pandion haliaetus,-2449.1618857852573,-4746.41012461482,3473.1757968533875,5938585436,33.035133,-117.29387
Pandion haliaetus,4.178926270730942,-5502.477183784474,3211.305109793205,5938681405,30.26829,-89.956486
Pandion haliaetus,-2463.579831828555,-4758.348424489597,3446.541427727569,5938710373,32.749875,-117.372339
Pandion haliaetus,-2664.4271706565664,-4459.924364849761,3687.7710940029783,6129833497,35.368735,-120.854742
Pandion haliaetus,-2460.8909478617684,-4667.0063341349005,3571.1091763700197,6129849546,34.092107,-117.802475
Pandion haliaetus,876.113921779413,-5525.498594858733,3048.1211924652685,6129868825,28.583317,-80.99028
Pandion haliaetus,-2515.783032532277,-4655.71061754509,3547.526956709145,6129870628,33.8364,-118.385235
Pandion haliaetus,-2703.030242115858,-4314.7640435558205,3829.6464442977417,6129947383,36.949092,-122.065528
Pandion haliaetus,718.2920598369832,-5594.1502195955445,2962.987169572575,6129979730,27.714977,-82.683224
Pandion haliaetus,977.9556946182626,-5640.462568372325,2796.1648384585314,6130108263,26.033008,-80.163719
Pandion haliaetus,-2446.278695723561,-4777.3950518995225,3432.4874640138783,6130200006,32.599723,-117.114845
Pandion haliaetus,-2476.454288368292,-4688.99087359006,3531.330043296557,6130203273,33.661216,-117.840428
Pandion haliaetus,863.0783403754128,-5570.895143261811,2968.160408541662,6130207743,27.767543,-81.193389
Pandion haliaetus,786.4324535726251,-5512.105130584447,3096.445406434577,6130281476,29.079401,-81.880198
Pandion haliaetus,-2723.5901175595054,-4202.653988167273,3938.2114540678676,6130329536,38.180847,-122.945833
Pandion haliaetus,-2533.949901413488,-4631.948058568293,3565.656771133395,6130357180,34.032917,-118.681271
Pandion haliaetus,901.9364353565791,-5526.224921757111,3039.260092589036,6130406047,28.492606,-80.730472
Pandion haliaetus,-2660.695005752444,-4476.078947419534,3670.8544608182256,6130423198,35.182383,-120.728325
Pandion haliaetus,-544.9695134343648,-5514.752421108014,3143.2892156128173,6130435254,29.562578,-95.643663
Pandion haliaetus,824.0668254125744,-5569.636593005233,2981.5793161995434,6130450044,27.904013,-81.583747
Pandion haliaetus,-2188.6414715455253,-3856.2820419925347,4574.7885690285575,6130454255,45.894826,-119.577174
Pandion haliaetus,-2488.575805631851,-4679.521732543692,3535.3670168672024,6130459763,33.704846,-118.004104
Pandion haliaetus,736.4859728237941,-5572.53127018909,2999.0393102251933,6130467637,28.081839,-82.471215
Pandion haliaetus,939.560558221112,-5275.180136138251,3446.658326322045,6130499385,32.751125,-79.90097
Pandion haliaetus,782.101364274483,-5650.2362049876365,2837.763452707843,6130527411,26.4501,-82.119239
Pandion haliaetus,-495.85771947484847,-5511.827051039137,3156.5235324875775,6130601088,29.699503,-95.140633
Pandion haliaetus,815.8496233605996,-5529.629526633989,3057.3419533832607,6130630625,28.677793,-81.607048
Pandion haliaetus,961.6676756081557,-5684.391515439389,2711.575466508083,6130641491,25.189384,-80.397797
Pandion haliaetus,782.4383740519177,-5650.266795482447,2837.609638473365,6130646434,26.448555,-82.115928
Pandion haliaetus,908.7780832443295,-5695.559168342071,2706.3778902819136,6130683736,25.13774,-80.934358
Pandion haliaetus,-2405.4671031626667,-4936.777683708507,3229.8153580223925,6130706258,30.461222,-115.977867
Pandion haliaetus,-2448.669538886697,-4750.941344051153,3467.3227372702513,6130709628,32.972367,-117.266906
Pandion haliaetus,809.8489028665766,-5534.818616656394,3049.5377952924355,6130720922,28.597826,-81.675612
Pandion haliaetus,-2167.021488763726,-4679.761203122202,3740.802865517765,6130733278,35.955746,-114.847081
Pandion haliaetus,-2524.884634021476,-4540.779925762996,3687.2792653049037,6130739274,35.363311,-119.076093
Pandion haliaetus,-2446.447026713213,-4748.983038007596,3471.571716078995,6130856171,33.017927,-117.25534
Pandion haliaetus,1094.743458118205,-5147.872137060145,3590.3624261437244,6130863301,34.301448,-77.994362
Pandion haliaetus,825.473916993005,-5666.766589994124,2792.1501314521097,6130879652,25.992833,-81.712058
Pandion haliaetus,-2703.0410278350064,-4314.778582269791,3829.6224510392676,6130914347,36.948822,-122.065544
Pandion haliaetus,-2572.421364786428,-4188.012726639345,4053.7576214143155,6131005572,39.515126,-121.559676
Pandion haliaetus,-2571.1745022197892,-3791.9604456276766,4427.171872381668,6131085183,44.018722,-124.139603
Pandion haliaetus,178.5268239533014,-5500.722925793416,3209.3501828964227,6131089923,30.247936,-88.141109
Pandion haliaetus,824.3215190302802,-5662.777870969091,2800.570289602426,6131106167,26.077109,-81.717719
Pandion haliaetus,-2444.0873707103124,-4775.868081475838,3436.17143378384,6131161367,32.639058,-117.101447
Pandion haliaetus,-546.1459097142643,-5510.523482877922,3150.4934089172107,6131165304,29.637091,-95.660079
Pandion haliaetus,-647.3354954324292,-5299.783834978147,3476.061160068248,6131179503,33.066091,-96.963827
Pandion haliaetus,-638.6194164741564,-5544.380531369171,3072.7451723099584,6131213726,28.835805,-96.570555
Pandion haliaetus,-647.6933352443718,-5299.905744241121,3475.808621791111,6131233493,33.063381,-96.96748
Pandion haliaetus,937.9100180864946,-5679.078927655955,2730.959622752507,6131235418,25.382182,-80.622149
Pandion haliaetus,-2430.3974676362845,-4768.796606433589,3455.6475811998043,6131237786,32.8473,-117.005477
Pandion haliaetus,-2287.858818007076,-4881.334507708664,3395.2950655866885,6131240680,32.203567,-115.112268
Pandion haliaetus,-2603.905080102238,-4591.777520033548,3567.213291914257,6131265075,34.04981,-119.556704
Pandion haliaetus,1007.3637005920717,-5215.880409336614,3517.0389619544167,6131340115,33.506941,-79.068826
Pandion haliaetus,-486.93225460924407,-5509.821558602915,3161.4105240308695,6131387384,29.750112,-95.050412
Pandion haliaetus,-2452.2239942771726,-4763.778535149306,3447.138622048652,6131397416,32.756261,-117.237801
Pandion haliaetus,-545.6567287227651,-5512.941386808752,3146.3453608414,6131399816,29.594181,-95.652578
Pandion haliaetus,862.2613790755877,-5570.77514785458,2968.6230302747917,6131443324,27.772245,-81.201408
Pandion haliaetus,-682.6071849706294,-5577.122066315309,3003.249909368642,6131510762,28.124767,-96.977963
Pandion haliaetus,774.1622247177822,-5647.492375898913,2845.3920369012585,6131522832,26.526752,-82.194503
Pandion haliaetus,-685.2460341737487,-5305.518452961889,3460.0093854796787,6131523813,32.894004,-97.359422
Pandion haliaetus,4.152773377593197,-5502.817887575067,3210.7212866168525,6131532151,30.262211,-89.956761
Pandion haliaetus,675.4909468429448,-5522.328228206124,3104.409130634761,6131546588,29.161383,-83.026226
Pandion haliaetus,-2473.6227265750113,-4627.25439455371,3613.7875566132034,6131561025,34.556856,-118.127925
Pandion haliaetus,384.7425035680534,-5488.875678121682,3211.537034777877,6131580140,30.270705,-85.990413
Pandion haliaetus,826.9728687164537,-5544.369372283578,3027.5133802789555,6131586861,28.372475,-81.516565
Pandion haliaetus,1212.3231641846946,-5100.903965035368,3619.5033381315047,6131623787,34.619295,-76.630654
Pandion haliaetus,-2446.840245019724,-4749.412415061791,3470.7070831008164,6131653877,33.008654,-117.25698
Pandion haliaetus,856.2853269691809,-5527.536214201966,3050.060977944625,6131665007,28.603185,-81.194154
Pandion haliaetus,-2534.1369614705686,-4631.956097202759,3565.5133857233413,6131667187,34.031361,-118.68301
Pandion haliaetus,-2444.514093926286,-4775.912214414769,3435.8065275095164,6133038036,32.635161,-117.105289
Pandion haliaetus,335.3370747447919,-5478.115299933478,3235.360093809309,6133040231,30.519089,-86.49707
Pandion haliaetus,-2502.192776980858,-4665.469539774903,3544.3163529706007,6133222335,33.801646,-118.205627
Pandion haliaetus,-736.8462072264192,-5454.201765062661,3209.126657294913,6133241833,30.245609,-97.693905
Pandion haliaetus,-542.6712518004381,-5506.316430370488,3158.439553130437,6133329444,29.719342,-95.62857
Pandion haliaetus,1135.4072421269193,-5128.132595892131,3605.947809266215,6133334526,34.471291,-77.515681
Pandion haliaetus,-2713.561927109487,-3989.947717142472,4160.126441815063,6133359153,40.766483,-124.219605
Pandion haliaetus,-2449.723100190231,-4739.649098456152,3482.001764154576,6133374974,33.129864,-117.33252
Pandion haliaetus,-542.359235924121,-5506.187913143373,3158.717184877283,6133402923,29.722217,-95.625485
Pandion haliaetus,-2476.8450971877523,-4688.665462053523,3531.4880261953126,6133445084,33.662923,-117.845804
Pandion haliaetus,844.429946836254,-5522.971598160927,3061.613287218241,6133493158,28.721586,-81.307131
Pandion haliaetus,-2448.097685918957,-4778.743049725217,3429.312717524988,6133497582,32.565839,-117.125566
Pandion haliaetus,718.6252556880008,-5531.4941702553315,3078.2954887398428,6133527011,28.892801,-82.597865
Pandion haliaetus,-2502.649402914604,-4632.296228273584,3587.2455657915216,6133546121,34.267523,-118.380627
Pandion haliaetus,-2700.5132796199855,-4316.0932442661315,3829.9243155803747,6147541477,36.952219,-122.033583
Pandion haliaetus,-2621.9167181075454,-4352.326565734213,3843.508724874945,6159339327,37.105247,-121.065486
Pandion haliaetus,909.5954540975519,-5695.298239832183,2706.6523971369033,6159404076,25.140467,-80.925931
Pandion haliaetus,887.9611152270652,-5654.558920960636,2797.720786087604,6159456420,26.048582,-81.075466
Pandion haliaetus,901.6082881432825,-5515.366861972403,3059.016835894413,6163209117,28.694963,-80.715861
Passerina cyanea,-542.9407989550853,-5506.264045582033,3158.484554155368,5938314503,29.719808,-95.631401
Passerina cyanea,917.5599938704912,-5616.9028175092635,2863.25680405763,6163134417,26.706458,-80.722285
Passerina cyanea,-693.6871013168511,-5590.99317309782,2974.7851474547942,6171132223,27.834895,-97.072672
Passerina cyanea,-693.7164133922142,-5590.981060677564,2974.801076813787,6179227394,27.835057,-97.072983
Passerina cyanea,-45.720106005270885,-4975.914211801996,3978.4344356004194,6185002989,38.642498,-90.526435
Passerina cyanea,-802.1239755213801,-5476.764645682655,3154.5838510605095,6187964699,29.679423,-98.332269
Passerina cyanea,-693.6819059968032,-5590.989632253835,2974.793013807887,6187991654,27.834975,-97.072624
Passerina cyanea,957.4759203709647,-5589.626059133296,2903.2866738655343,6188552823,27.110164,-80.279847
Passerina cyanea,-693.6936332270473,-5590.989118951927,2974.7912438789467,6195248061,27.834957,-97.072743
Passerina cyanea,-347.04173162407034,-5365.349899530975,3417.9431858636513,6195326696,32.444597,-93.700852
Passerina cyanea,-1040.137729334621,-5647.552588275202,2759.169512073901,6195431813,25.663314,-100.435504
Passerina cyanea,-693.697232273886,-5590.990974395285,2974.7869173847457,6195640978,27.834913,-97.072777
Passerina cyanea,608.859475779963,-5245.160562632754,3564.734764415502,6234166546,34.022912,-83.378726
Passerina cyanea,-689.8259305801325,-5580.002978439525,2996.240990938933,6234223115,28.053319,-97.047414
Passerina cyanea,-510.0696861768125,-5477.427277084597,3213.6229506851823,6234228033,30.292428,-95.320162
Passerina cyanea,-829.4811771615063,-5465.44067189089,3167.1236743223417,6234284474,29.809309,-98.629832
Passerina cyanea,-489.67332501409857,-5518.113522241943,3146.489523277916,6234338247,29.595672,-95.071102
Passerina cyanea,911.499800846344,-5277.526795650536,3450.598812369398,6234342444,32.793271,-80.200921
Passerina cyanea,1208.4576275059708,-4952.6985198133225,3821.0156587011,6234487438,36.85203,-76.287772
Passerina cyanea,-496.67202009694125,-5352.0138852974815,3420.382640248489,6234500005,32.470597,-95.301918
Passerina cyanea,966.0660539967931,-5665.401720106974,2749.4895633192446,6234617481,25.566772,-80.322983
Passerina cyanea,-528.8911321740684,-5079.29655642636,3809.300958425362,6234688136,36.720483,-95.944606
Passerina cyanea,702.6002120764698,-5583.3665712452,2986.9924343340995,6234716083,27.959113,-82.827708
Passerina cyanea,-694.3492339534907,-5591.291971759762,2974.0689900404886,6234755843,27.827612,-97.07898
Passerina cyanea,-466.5190839295999,-5535.562645323702,3119.2401757004523,6234782611,29.314235,-94.817317
Passerina cyanea,-775.4755585541616,-5470.882904133493,3171.4083680633776,6234836974,29.853728,-98.0677
Passerina cyanea,-488.709636335971,-5283.740658751685,3526.046039416402,6234851865,33.604142,-95.28443
Passerina cyanea,-492.62506181436567,-5517.781485500094,3146.611058968394,6235036694,29.596929,-95.101815
Passerina cyanea,-682.6304253755203,-5377.581690197159,3347.444397937826,6235150745,31.696405,-97.234436
Passerina cyanea,-385.52255381758874,-5133.899832940971,3752.8919509498373,6235154709,36.09017,-94.294481
Passerina cyanea,0.3928883277820508,-5559.605572836025,3111.3564324594518,6235193639,29.232955,-89.995951
Passerina cyanea,-557.5096084408805,-5499.939499693633,3166.9546359054925,6235194478,29.807557,-95.788102
Passerina cyanea,190.65362330448255,-5501.355748319084,3207.567498281973,6235196478,30.229379,-88.015166
Passerina cyanea,814.2906987212419,-5213.159472086215,3570.665499070345,6235235170,34.087289,-81.122189
Passerina cyanea,-635.1336383524613,-5538.213446254203,3084.566454923568,6235244025,28.957235,-96.542216
Passerina cyanea,833.3758722851475,-5646.627943052484,2830.341085083081,6235294598,26.375569,-81.604425
Passerina cyanea,326.6576143412031,-5485.437650909888,3223.820979932128,6235322542,30.398701,-86.592063
Passerina cyanea,-694.3130689137745,-5591.305563974532,2974.051879554292,6235787634,27.827438,-97.078598
Passerina cyanea,-520.7660537276005,-5508.636829822295,3158.0810825702038,6235791141,29.71563,-95.40048
Passerina cyanea,-113.1878197484787,-5493.120977423574,3225.3005401864657,6235908387,30.414129,-91.180434
Passerina cyanea,-697.6084847624584,-5306.591810700752,3455.890462133975,6235915415,32.8499,-97.4892
Passerina cyanea,1332.9602136974145,-4635.320786102361,4162.543862628306,6236022975,40.795194,-73.956569
Passerina cyanea,-324.21352072910946,-5181.034694943831,3693.442596337753,6236045757,35.431308,-93.580728
Passerina cyanea,-733.0380802494078,-5412.050290747298,3280.567016996267,6236127832,30.992183,-97.713517
Passerina cyanea,979.5743467307054,-5057.847651795366,3748.1147741408154,6236133858,36.037023,-79.038992
Passerina cyanea,-13.778623367763899,-5383.554798113173,3406.890226427637,6236167521,32.326887,-90.146642
Passerina cyanea,-560.9550831604132,-5515.236733281583,3139.6251846702044,6236221884,29.524702,-95.807586
Passerina cyanea,0.22540244925083913,-5559.452874253342,3111.62928669651,6236267498,29.235767,-89.997677
Passerina cyanea,967.4848634088438,-5652.782035330316,2774.8480012063824,6236304265,25.819848,-80.287817
Passerina cyanea,293.011644412182,-5137.419925107264,3756.436319043247,6236312582,36.129625,-86.735684
Passerina cyanea,-395.1089449927734,-4928.411090072328,4018.010226283181,6236386837,39.099642,-94.583579
Passerina cyanea,-300.0513879096161,-5142.923688104128,3748.340730593788,6236432889,36.039536,-93.338998
Passerina cyanea,-794.439178609154,-5481.905215225815,3147.5918942023377,6236451812,29.607074,-98.245913
Passerina cyanea,-690.1611541038898,-5381.689091500863,3339.2893306007554,6236513558,31.610248,-97.307865
Passerina cyanea,-725.83770961633,-5589.175425123988,2970.5270266682396,6251448093,27.791599,-97.3993
Passerina cyanea,-689.8290802705217,-5580.002062135486,2996.241972246951,6251511766,28.053329,-97.047447
Passerina cyanea,-725.9301724997658,-5588.9998733553975,2970.8347193954164,6251541693,27.794727,-97.400462
Passerina cyanea,-731.5809828464459,-5455.601442916696,3207.9518841871873,6251600980,30.23338,-97.637642
Passerina cyanea,1016.3289444708618,-5068.115444138923,3724.383767979437,6251623723,35.77354,-78.660657
Passerina cyanea,896.1963252502413,-5518.382092227544,3055.1668302185644,6251631470,28.655499,-80.775584
Passerina cyanea,-531.4277516275724,-5544.292856633746,3093.2433454801953,6251816570,29.046456,-95.475149
Passerina cyanea,-424.1972278549039,-5524.7855709768355,3144.289146418283,6251922623,29.572917,-94.390599
Passerina cyanea,174.41486179106724,-5193.636131905124,3685.848113397162,6251939913,35.34753,-88.076592
Passerina cyanea,-214.82551524584056,-5227.271581665153,3635.826582662146,6251951305,34.797869,-92.353364
Passerina cyanea,590.3351159079969,-5250.767212300176,3559.5928507115477,6252077431,33.967137,-83.585267
Passerina cyanea,996.653044448732,-5048.551564160541,3756.136704471852,6252081283,36.126289,-78.832625
Passerina cyanea,117.95185495760481,-5169.58728430084,3721.721080304723,6252101593,35.744031,-88.692938
Passerina cyanea,-385.54005888712896,-5133.8917528554675,3752.9012060848813,6252105289,36.090273,-94.294682
Passerina cyanea,-347.5127911916679,-5519.9356176004985,3162.166783580684,6252105606,29.757946,-93.602356
Passerina cyanea,-427.46154124118334,-4941.268004473323,3998.862371775924,6252108958,38.878096,-94.944261
Passerina cyanea,-593.6654116116054,-5453.707243751648,3239.504870838176,6252109272,30.562368,-96.212493
Passerina cyanea,-709.1205456629884,-5600.078486731257,2953.984110290003,6252116469,27.623556,-97.216778
Passerina cyanea,1203.9355007933539,-4747.6555084598385,4074.3170731544506,6252209660,39.755212,-75.770583
Passerina cyanea,-346.3542888666674,-4959.318878536831,3984.3378492855354,6252352263,38.710503,-93.994998
Passerina cyanea,-29.08235762663213,-4975.625806589017,3978.9515175429965,6252369523,38.648452,-90.334888
Passerina cyanea,-546.4419292925494,-5510.546905332152,3150.401109656152,6252498078,29.636136,-95.663103
Passerina cyanea,-345.07336629142395,-5365.256622973017,3418.288880594779,6252507353,32.448281,-93.679983
Passerina cyanea,918.1457981718605,-5078.93299689156,3735.1306584995004,6252514833,35.892753,-79.753003
Passerina cyanea,95.64953527537531,-5169.2305372626515,3722.8564233274333,6252517147,35.756612,-88.939941
Passerina cyanea,986.7387217783646,-4945.571429966332,3893.2535308815172,6252578890,37.668288,-78.716533
Passerina cyanea,970.2380690819435,-4941.055120320726,3903.122534194117,6252622484,37.780498,-78.890603
Passerina cyanea,1208.6687207188972,-4953.035864381274,3820.511586081898,6252738796,36.846365,-76.286366
Passerina cyanea,-714.3162052178802,-5674.5474652227995,2806.9585949162242,6252744431,26.141089,-97.174697
Passerina cyanea,-291.6154826479152,-5102.476541600435,3803.872590186839,6252883040,36.659603,-93.270996
Passerina cyanea,42.78357363558306,-5258.880506480626,3596.1227056459675,6252885028,34.364181,-89.533881
Passerina cyanea,931.9790383085733,-4827.012417028073,4052.2980304621788,6253046626,39.498113,-79.072042
Passerina cyanea,465.6602541063086,-5007.465992376189,3911.2910902436083,6253066909,37.873503,-84.687162
Passerina cyanea,-177.51649228778814,-4607.493210411793,4396.503990746795,6253199646,43.63642,-92.206388
Passerina cyanea,-438.86966574385707,-5518.970271121438,3152.4773897119494,6273514571,29.657621,-94.546605
Passerina cyanea,315.8525953332248,-4903.8211839701,4054.938724980291,6273743596,39.528896,-86.314699
Passerina cyanea,-819.4469819957116,-5489.195578622103,3128.4167997584827,6273859633,29.408926,-98.490619
Passerina cyanea,-1248.6012709952793,-5420.143900728001,3106.8936401408164,6273893519,29.186973,-102.972523
Passerina cyanea,-1248.6072248477121,-5420.147259057796,3106.885388594789,6274297576,29.186888,-102.972575
Passerina cyanea,57.539459831179606,-5498.592056052711,3217.4411791598905,6320252579,30.332204,-89.400456
Passerina cyanea,181.71972928593803,-5500.126070211034,3210.193807459388,6321180357,30.256719,-88.107682
Passerina cyanea,1282.3060698210036,-4809.058449394553,3977.2353593023013,6352749379,38.628693,-75.069801
Passerina cyanea,479.8017100024417,-4993.0463869706455,3927.9805531997677,6398710108,38.063891,-84.511074
Passerina cyanea,-487.6780922556574,-5530.022418968503,3125.823931976506,6413205146,29.382162,-95.039726
Passerina cyanea,-725.814509484087,-5589.171693719535,2970.539716217259,6413736923,27.791728,-97.399071
Passerina cyanea,-713.8209989813187,-5676.6891486108525,2802.750973799589,6479262779,26.098945,-97.167098
Pheucticus ludovicianus,-694.5553700936345,-5591.370350480969,2973.873496185381,6195545584,27.825624,-97.080962
Pheucticus ludovicianus,0.3934704783541478,-5559.604866850329,3111.357693893866,6196012793,29.232968,-89.995945
Pheucticus ludovicianus,613.0819842298134,-5251.335852554545,3554.9058178755586,6234191179,33.916328,-83.340988
Pheucticus ludovicianus,-725.8767156119471,-5589.191637650283,2970.4869905505384,6234207648,27.791192,-97.399672
Pheucticus ludovicianus,597.4639900988419,-4622.277199713354,4343.655534135122,6234241818,42.983254,-82.634927
Pheucticus ludovicianus,-88.21451897224877,-4609.330912968814,4397.276414221649,6234265926,43.646019,-91.096407
Pheucticus ludovicianus,-140.97718382852716,-5120.971995382621,3787.548598476877,6234278740,36.476816,-91.576919
Pheucticus ludovicianus,-384.65033235075197,-5081.8871125474525,3823.116611721909,6234316474,36.875646,-94.32849
Pheucticus ludovicianus,635.3248184925695,-4833.569534711394,4101.551055124719,6234344407,40.074536,-82.511963
Pheucticus ludovicianus,475.25248298719185,-5264.0918102154865,3557.1372788682456,6234344438,33.940514,-84.841211
Pheucticus ludovicianus,1165.6407932032764,-4693.332887459787,4147.729629373911,6234436655,40.619444,-76.052175
Pheucticus ludovicianus,65.25516148932901,-4718.294860489705,4280.559368009382,6234481510,42.212403,-89.207636
Pheucticus ludovicianus,-543.863763109779,-5509.694308138273,3152.33785748327,6234494368,29.656177,-95.637423
Pheucticus ludovicianus,560.051880399692,-5000.300934889761,3908.0795259921183,6234635385,37.836923,-83.609299
Pheucticus ludovicianus,302.0464412786882,-4939.725827883889,4012.185168000743,6234680560,39.032171,-86.500926
Pheucticus ludovicianus,686.0146641851545,-4889.226954638899,4026.735252811241,6234689382,39.200824,-82.012887
Pheucticus ludovicianus,348.63297619808145,-5368.885673311498,3412.224319193456,6234724413,32.383674,-86.284668
Pheucticus ludovicianus,-207.89051597926684,-5231.857087317727,3629.62891779953,6234760062,34.730022,-92.27548
Pheucticus ludovicianus,433.2252135794821,-5429.07714397919,3305.630107667706,6234797598,31.255482,-85.437624
Pheucticus ludovicianus,-719.5956538573765,-5606.89413379394,2938.4814780859374,6234807069,27.466314,-97.313431
Pheucticus ludovicianus,-683.5604950811609,-5576.361963726783,3004.444279520424,6234881308,28.136947,-96.988555
Pheucticus ludovicianus,94.50031051054751,-5061.962787085483,3867.4740546191915,6234889323,37.375973,-88.930486
Pheucticus ludovicianus,613.076236985232,-5251.335961333654,3554.90664835596,6234936889,33.916337,-83.34105
Pheucticus ludovicianus,1284.7696187996125,-4684.250484777113,4122.73180696396,6234954854,40.323923,-74.662411
Pheucticus ludovicianus,-719.817935111548,-5607.019370653255,2938.1880550925193,6234974967,27.46334,-97.315504
Pheucticus ludovicianus,-515.8903777334879,-5551.859356373389,3082.2829096124033,6235002787,28.933767,-95.308799
Pheucticus ludovicianus,113.34127887985736,-5076.074316607676,3848.4251865477686,6235155689,37.160707,-88.720882
Pheucticus ludovicianus,181.68936263543998,-5500.143554694063,3210.165569396682,6235188633,30.256425,-88.108004
Pheucticus ludovicianus,-61.409803867902646,-4976.356829234723,3977.6695028364643,6235237198,38.633691,-90.707012
Pheucticus ludovicianus,1032.2286517798984,-4702.374941319141,4172.760123871956,6235298326,40.916667,-77.619243
Pheucticus ludovicianus,-478.28423791109134,-5539.805698539208,3109.911596794314,6235378660,29.218066,-94.934448
Pheucticus ludovicianus,527.4317088974227,-5264.48565075311,3549.1914227245593,6235449798,33.854423,-84.278813
Pheucticus ludovicianus,1041.9820336415535,-5071.8706607973145,3712.1630582975554,6235586749,35.638195,-78.390499
Pheucticus ludovicianus,-726.6416862007904,-5675.327930501057,2802.213030950233,6235777583,26.093558,-97.29618
Pheucticus ludovicianus,-347.6283607851468,-5519.93846038322,3162.1491182481245,6235780385,29.757763,-93.603549
Pheucticus ludovicianus,-501.9393298712853,-5519.64543743419,3141.8663695036007,6235784002,29.547868,-95.196008
Pheucticus ludovicianus,-694.5938615557669,-5591.22073573325,2974.1457902182638,6235789664,27.828393,-97.081538
Pheucticus ludovicianus,-207.79334502397234,-5231.978042631842,3629.460127465166,6235836612,34.728175,-92.274365
Pheucticus ludovicianus,-113.14194174530962,-5172.844395821468,3717.342180552385,6235894527,35.695526,-91.25299
Pheucticus ludovicianus,-773.2035020031517,-5457.388688798,3195.124124904563,6235898360,30.099946,-98.064002
Pheucticus ludovicianus,433.21935227470476,-5429.053881768699,3305.669080737564,6236030516,31.255892,-85.437666
Pheucticus ludovicianus,-693.7058436574231,-5590.9877085835005,2974.7910472201575,6236059605,27.834955,-97.072868
Pheucticus ludovicianus,819.5824875164458,-5218.240773622891,3562.0220246839253,6236100411,33.993482,-81.073983
Pheucticus ludovicianus,-689.827961777036,-5580.0034123337455,2996.2397152383746,6236152392,28.053306,-97.047434
Pheucticus ludovicianus,867.7017341451304,-4565.931724532536,4357.650091178309,6236238231,43.155535,-79.239917
Pheucticus ludovicianus,1117.514820680002,-4691.88344031749,4162.588562146456,6236265140,40.795725,-76.602883
Pheucticus ludovicianus,-7.402037487524168,-5495.157315925947,3223.808991355414,6236336871,30.398576,-90.077178
Pheucticus ludovicianus,-344.55740220970597,-5352.791487213591,3437.827311060528,6236363811,32.656744,-93.683029
Pheucticus ludovicianus,816.7868947575803,-4736.339554982469,4182.068856216762,6236367605,41.027544,-80.215518
Pheucticus ludovicianus,152.08655846555584,-4870.52908907701,4104.2135910386305,6236370700,40.105835,-88.21147
Pheucticus ludovicianus,-791.9614164226931,-5665.095775980922,2805.2165858518497,6236441763,26.123639,-97.958183
Pheucticus ludovicianus,868.6209826458257,-5072.070088770474,3756.2422356371935,6251446947,36.127464,-80.282043
Pheucticus ludovicianus,733.9895709236856,-4946.735266009589,3947.2550775785626,6251494695,38.284387,-81.560112
Pheucticus ludovicianus,239.06720038995059,-5138.299970811131,3759.052196144325,6251522413,36.158757,-87.336148
Pheucticus ludovicianus,320.72226182913363,-4665.360798464414,4326.811641451026,6251614159,42.776534,-86.067364
Pheucticus ludovicianus,775.0099122776262,-4396.084335485606,4545.718345965458,6251626951,45.520449,-80.001749
Pheucticus ludovicianus,514.5258582821734,-5273.6431851602765,3537.471388781682,6251652110,33.727598,-84.427543
Pheucticus ludovicianus,164.21600923715968,-4912.9508649103,4052.863189273083,6251652504,39.5047,-88.085594
Pheucticus ludovicianus,525.6903866564238,-4732.56790579039,4232.753685739015,6251873190,41.634572,-83.661608
Pheucticus ludovicianus,1068.9021373121911,-4359.777516359633,4521.011099120627,6251899976,45.204208,-76.224319
Pheucticus ludovicianus,831.9030976231243,-4769.763992691301,4140.898672977645,6251908099,40.53856,-80.106458
Pheucticus ludovicianus,919.1492507524003,-4978.939807807052,3867.17935642414,6252109147,37.372638,-79.540532
Pheucticus ludovicianus,1103.99727500504,-4813.553366581686,4025.0027495057698,6252141484,39.180721,-77.082512
Pheucticus ludovicianus,381.06508499732837,-4982.799935309355,3951.7397858860227,6252204273,38.335787,-85.626755
Pheucticus ludovicianus,-11.374482334959621,-5491.080589819834,3230.7364031955476,6252298556,30.470832,-90.118685
Pheucticus ludovicianus,28.292625386552505,-5215.81033936404,3658.452563695386,6252310924,35.046036,-89.689208
Pheucticus ludovicianus,334.41464494113006,-5057.8745914643505,3859.510926522383,6252372986,37.285909,-86.217245
Pheucticus ludovicianus,59.9985449025352,-4726.440545778706,4271.640559727152,6252419163,42.104202,-89.272713
Pheucticus ludovicianus,-3441.537381615365,-4336.033640883488,3153.4720302784,6252532572,29.667915,-128.439254
Pheucticus ludovicianus,799.1486700494066,-5211.303643498878,3576.7903025046094,6252625449,34.153824,-81.281661
Pheucticus ludovicianus,-33.077396136418585,-4978.203714129322,3975.6945048848115,6252749652,38.610957,-90.380693
Pheucticus ludovicianus,368.8701162744051,-4628.999898928491,4361.885819541492,6252896279,43.207775,-85.443911
Pheucticus ludovicianus,849.7715739516873,-4774.253975726441,4132.0866855671575,6252951317,40.434363,-79.907591
Pheucticus ludovicianus,474.9107835412776,-4911.751655829762,4029.752914113623,6253001569,39.235853,-84.477314
Pheucticus ludovicianus,458.77033055906463,-4922.255801249461,4018.790955068725,6253012919,39.10869,-84.675229
Pheucticus ludovicianus,702.3800555959507,-4780.748610230093,4152.211231736833,6253030072,40.672563,-81.641988
Pheucticus ludovicianus,1332.1273247081338,-4636.764164762953,4161.202710853377,6253187063,40.779264,-73.970813
Pheucticus ludovicianus,250.06833490505267,-5358.056092967691,3437.7978215955404,6253247079,32.656429,-87.327861
Pheucticus ludovicianus,132.03723198565052,-4877.122037826409,4097.072116425946,6253252391,40.021917,-88.449223
Pheucticus ludovicianus,-9.662216399594499,-5520.578930609497,3180.0735906834275,6253274428,29.94362,-90.10028
Pheucticus ludovicianus,-201.76445520255865,-4947.6812468851,4008.677402026227,6253287217,38.991572,-92.335205
Pheucticus ludovicianus,702.4157636267382,-4780.7404340133035,4152.214605156674,6253336470,40.672603,-81.641555
Pheucticus ludovicianus,300.3690527213687,-5113.785562400333,3787.9715922417645,6253352722,36.481547,-86.638473
Pheucticus ludovicianus,668.3295084626368,-4666.043329663265,4286.155438560351,6253369201,42.280388,-81.848817
Pheucticus ludovicianus,-438.86966574385707,-5518.970271121438,3152.4773897119494,6273175699,29.657621,-94.546605
Pheucticus ludovicianus,-486.84020610395055,-5337.644869855848,3444.167096222197,6273218481,32.72449,-95.21146
Pheucticus ludovicianus,-447.00911652427993,-5140.381055775687,3737.167186632684,6273574971,35.915364,-94.969956
Pheucticus ludovicianus,-175.65595346735827,-5371.037506790877,3422.112537064576,6320182428,32.489039,-91.87315
Pheucticus ludovicianus,-700.1736915290162,-5595.571004357953,2964.640798909136,6320277974,27.731777,-97.132349
Pheucticus ludovicianus,1432.5630994248406,-4526.357538866735,4248.482496867323,6320383574,41.824111,-72.437755
Pheucticus ludovicianus,-528.1748120575119,-5543.485994217369,3095.245956220817,6320435677,29.067059,-95.442624
Pheucticus ludovicianus,-714.3629181047921,-5674.590862489543,2806.8589729917726,6321037432,26.140091,-97.175107
Pheucticus ludovicianus,-488.71835851043124,-5283.74244776163,3526.0421496990425,6321106975,33.6041,-95.284522
Pheucticus ludovicianus,609.2031777695336,-5150.399285445505,3700.271857357967,6321159022,35.506719,-83.254243
Pheucticus ludovicianus,682.1696019432414,-5149.439424609882,3688.8577332469035,6334340505,35.38072,-82.453708
Pheucticus ludovicianus,297.10531509093755,-5229.500918804288,3626.817020701108,6334858658,34.699258,-86.748332
Pheucticus ludovicianus,208.94337528228368,-5500.302452071885,3208.234519379012,6352743827,30.236322,-87.824516
Pheucticus ludovicianus,-26.997964657118068,-4971.793505525903,3983.7537044842848,6353321570,38.703771,-90.311126
Pheucticus ludovicianus,-727.4924801623249,-5596.187781757296,2956.8885897671325,6413730073,27.653041,-97.406792
Pheucticus ludovicianus,1269.4645596172302,-4689.67132300934,4121.309954819838,6441899537,40.307153,-74.853385
Pica hudsonia,-2015.2491401337013,-3572.158628432391,4875.264789340557,5938063990,49.927147,-119.429711
Pica hudsonia,-1879.4429113998078,-4322.116842474825,4286.8115741728025,5938606306,42.288364,-113.501483
Pica hudsonia,-1961.5775813858893,-3815.261037216199,4710.175128355812,5938699249,47.673,-117.2095
Pica hudsonia,-1092.717901923515,-3913.28205041262,4907.335764996288,6129849953,50.377278,-105.601493
Pica hudsonia,-1978.2982372991473,-3808.9941610346914,4708.2536778704,6129898186,47.647344,-117.446259
Pica hudsonia,-2015.7447054640227,-3572.8355266918966,4874.563848312937,6129999464,49.917356,-119.431094
Pica hudsonia,-1728.990864141204,-4289.4948072787965,4381.846416720003,6130293046,43.454558,-111.953163
Pica hudsonia,-2207.6240322605536,-3741.410053296942,4660.257511656589,6130341834,47.010506,-120.542787
Pica hudsonia,-1993.4344550496965,-3884.063220598577,4640.045808124265,6130693189,46.744592,-117.16845
Pica hudsonia,-1991.469116738441,-3553.587199334384,4898.5530418156395,6130802757,50.253586,-119.266747
Pica hudsonia,-2465.6244847520247,-4110.561079046725,4196.872245529397,6130816328,41.204254,-120.956457
Pica hudsonia,-1508.4080683945297,-3470.2978521247423,5125.57226526152,6130930201,53.563444,-113.492774
Pica hudsonia,-1504.7939487263957,-3469.703975934369,5127.03643647469,6130939764,53.58562,-113.446146
Pica hudsonia,-2015.5891907553757,-3570.7393736838735,4876.1638271300135,6131090139,49.939708,-119.443594
Pica hudsonia,-1273.9821179582677,-3256.5317015765077,5325.572642395108,6131185010,56.710429,-111.365848
Pica hudsonia,-1983.8942753967685,-3889.9583442852254,4639.196127935433,6131326045,46.733442,-117.021763
Pica hudsonia,-1777.4095305108456,-3640.6672491340983,4916.920832351178,6131328673,50.512639,-116.022085
Pica hudsonia,-2016.0392772505686,-3572.363250437893,4874.788156338822,6131527876,49.920489,-119.437919
Pica hudsonia,-1287.0347965149322,-4705.877938581085,4097.31709651731,6131615698,40.024794,-105.296061
Pica hudsonia,-1286.9526620301604,-4705.498551490309,4097.778588124732,6131617640,40.030214,-105.296306
Pica hudsonia,-1510.5521180836702,-3473.8793245676648,5122.513822975168,6131639444,53.517159,-113.500921
Pica hudsonia,-2070.6229175308536,-4115.495455329552,4400.564852406479,6131695395,43.686902,-116.70827
Pica hudsonia,-511.6144555311312,-4082.621165978138,4864.176003566928,6133080018,49.772487,-97.142797
Pica hudsonia,-1253.0297787278691,-4738.251752440682,4070.459413111918,6133290944,39.7101,-104.812768
Pica hudsonia,-2476.7551357943776,-4181.09565827516,4119.9364343817515,6133335204,40.290957,-120.641223
Pica hudsonia,-2378.4965359126713,-3905.5719811820136,4436.10356711099,6133499730,44.130527,-121.341449
Pica hudsonia,-1341.2338457708195,-4494.1973687188565,4311.96415936366,6133598678,42.594886,-106.617039
Pica hudsonia,-1259.5204436720167,-4725.10502885531,4083.7169157442763,6147256120,39.865259,-104.925671
Pica hudsonia,-1274.6990233178087,-4723.900730380277,4080.3991739954495,6147291922,39.826397,-105.101049
Pica hudsonia,-1330.74867431179,-4483.498113942144,4326.3270516423145,6147334121,42.770597,-106.531434
Pica hudsonia,-1653.4898380337243,-4297.066290006449,4403.515162286471,6147664844,43.723605,-111.046478
Pica hudsonia,-2166.427166454473,-3830.2104423381174,4607.1503589018575,6159141991,46.314585,-119.493182
Pica hudsonia,-2051.135085119121,-4133.170802329649,4393.119291692464,6159210732,43.594376,-116.393452
Pica hudsonia,-2485.654945564479,-4175.981321707511,4119.763660942004,6159318040,40.28892,-120.762231
Pica hudsonia,-1636.1462484688584,-3655.7347562349732,4954.632375399242,6159378240,51.049022,-114.111192
Pica hudsonia,-1119.4030819703949,-3747.2362218832295,5029.4045937028095,6159452143,52.131384,-106.63234
Pica hudsonia,-1372.015435044353,-4918.090356890852,3810.474250947605,6159515887,36.733648,-105.587678
Pica hudsonia,-1711.1715158874479,-4473.522219857343,4201.100346496798,6159558094,41.254813,-110.932403
Pica hudsonia,-1635.6102090037218,-4316.260518143464,4391.403820351319,6163104204,43.573078,-110.753777
Pica hudsonia,-169.06241168378833,-4287.699128739481,4709.225755051438,6163213174,47.660322,-92.257982
Pica hudsonia,-1634.519704370952,-3673.7473913808417,4941.829476016244,6163269074,50.866231,-113.985186
Pica hudsonia,-1260.568730402585,-4744.759676626851,4060.5387840364856,6163307559,39.594222,-104.878411
Pica hudsonia,-1631.4901119751717,-3655.9199619426013,4956.030909515626,6163337108,51.069033,-114.049286
Pica hudsonia,-1116.5600633044369,-3751.3776081331475,5026.94865658167,6163342776,52.095418,-106.575111
Pica hudsonia,-2476.589926018627,-4179.199757147404,4121.9588617403215,6170894195,40.314806,-120.650943
Pica hudsonia,-491.81375694481716,-3552.8304906786025,5265.478882557759,6170919761,55.73831,-97.881294
Pica hudsonia,-1593.182968111719,-4215.85518845808,4503.119606422557,6170965439,44.976299,-110.701713
Pica hudsonia,-652.5981766768737,-4106.938538793351,4826.688780939723,6170974298,49.253246,-99.028891
Pica hudsonia,-1772.6495531100259,-3978.873314719413,4649.304661661786,6171063113,46.866242,-114.013711
Pica hudsonia,-2488.3777667202153,-4015.2542309883424,4274.981015197632,6171154637,42.144706,-121.787781
Pica hudsonia,-1270.533474268984,-4727.501810910263,4077.5267562922995,6171192404,39.792769,-105.042997
Pica hudsonia,-1267.1656944222186,-4732.347482754974,4072.9512070511664,6171287159,39.739236,-104.990251
Pica hudsonia,-1252.7735730464294,-4743.316118571595,4064.635740586456,6171360858,39.642053,-104.794754
Pica hudsonia,-2481.9007762741835,-4183.137656586833,4114.7637857418085,6171362565,40.229998,-120.681114
Pica hudsonia,-1256.0141302385514,-4744.049564613738,4062.7792658236713,6171373750,39.620375,-104.829147
Pica hudsonia,-1263.4599105876453,-4738.674995343524,4066.7408907528584,6178548958,39.666643,-104.929309
Pica hudsonia,-1259.1916245515552,-4745.112055238008,4060.554292897902,6178640124,39.594403,-104.861822
Pica hudsonia,-1641.025009931639,-4313.445164494601,4392.149913123919,6178693948,43.58234,-110.829025
Pica hudsonia,-1713.607790017524,-3616.410047613201,4957.305703624801,6178836775,51.087281,-115.35357
Pica hudsonia,-2207.538830684519,-3741.4260437252183,4660.28503420468,6178904167,47.010869,-120.541712
Pica hudsonia,-1259.3703383170125,-4745.04856915616,4060.5730577091954,6179018374,39.594622,-104.864028
Pica hudsonia,-1733.6378402754863,-4292.399122648758,4377.163778101814,6179386553,43.396574,-111.993069
Pica hudsonia,-1793.6262537080831,-4479.898261273463,4159.707869589589,6179423428,40.761513,-111.819786
Pica hudsonia,-1777.410671491082,-3640.626391972216,4916.950671770302,6179461467,50.513061,-116.022353
Pica hudsonia,-1593.4212624075292,-4215.907205619368,4502.986591562506,6179492193,44.974608,-110.704313
Pica hudsonia,-2413.9832210003797,-4323.346584272856,4008.8792013058087,6184784536,38.993907,-119.177238
Pica hudsonia,-1752.6687570918468,-3564.994294738268,4980.835375323618,6184792341,51.4254,-116.180253
Pica hudsonia,-1989.8492199721575,-3550.281094073337,4901.607630616618,6184934967,50.296569,-119.269607
Pica hudsonia,-1978.7340610693082,-3807.717165822187,4709.103378600289,6184971924,47.658688,-117.459282
Pica hudsonia,-1806.9334969973263,-4505.805262850836,4125.828813750293,6185040473,40.360465,-111.851942
Pica hudsonia,-1635.3048639707151,-3660.7176888426175,4951.229860766506,6185053487,51.000373,-114.071128
Pica hudsonia,-1382.3919854200626,-4707.372698093992,4064.4049760774474,6185173899,39.639358,-106.365683
Pica hudsonia,-1514.5330903387917,-3478.5185109331696,5118.18831394875,6185178253,53.451785,-113.528117
Pica hudsonia,-1795.0727367698971,-4459.484294115117,4180.964820459922,6185186621,41.014384,-111.926226
Pica hudsonia,-2015.6335650606657,-3572.0419674559826,4875.191344328082,6185392439,49.926121,-119.435189
Pica hudsonia,-2355.5434979663705,-3898.5496585593487,4454.4897035028125,6185423934,44.36135,-121.1408
Pica hudsonia,-2443.5820498129106,-4267.700216595543,4050.3573616139024,6185493437,39.475499,-119.79441
Pica hudsonia,-2039.2001664022175,-3482.8858028444606,4929.5965651731685,6185510313,50.692245,-120.348612
Pica hudsonia,-1640.1678568593313,-3653.9932470826143,4954.587357316203,6185539670,51.048378,-114.17388
Pica hudsonia,-1524.4138275692594,-3493.584953085743,5104.975983054765,6185629207,53.252719,-113.573885
Pica hudsonia,-1622.5164488012279,-3653.268965957127,4960.92928446087,6185630119,51.13919,-113.947313
Pica hudsonia,-2018.110465974222,-3574.896524742552,4872.073287029491,6185648265,49.882583,-119.445717
Pica hudsonia,-1329.761093735142,-4699.826486140793,4090.613592535384,6185812912,39.946113,-105.798242
Pica hudsonia,-1285.1923827221856,-4726.849445549199,4073.6872717700776,6186017532,39.747845,-105.210563
Pica hudsonia,-2480.212160117306,-4236.380367383414,4060.9582801762513,6187941336,39.599118,-120.347074
Pica hudsonia,-503.2790369729055,-4075.0610082662397,4871.379796272222,6188330517,49.872905,-97.040504
Pica hudsonia,-1812.4639223646027,-4499.217153382525,4130.589869075917,6188372111,40.41668,-111.94154
Pica hudsonia,-1724.1312056904012,-3603.2616763368187,4963.227781100156,6188416754,51.172147,-115.570733
Pica hudsonia,-2355.8167489983775,-3898.0377969573324,4454.79313866628,6188467732,44.365167,-121.147072
Pica hudsonia,-1629.6296374774342,-3661.4669477337843,4952.546836223323,6188558680,51.019197,-113.99268
Pica hudsonia,-1710.2693142698558,-4269.295305981563,4408.837669121891,6195527412,43.789876,-111.830919
Pica hudsonia,-2042.60904848973,-3601.3493266182245,4842.291237871983,6195579170,49.468689,-119.560989
Pica hudsonia,-1710.276697031629,-4269.2919339903865,4408.838070470795,6195665136,43.789881,-111.83102
Pica hudsonia,-1266.8986847675276,-4792.769674649287,4001.759575233613,6234373703,38.911573,-104.806641
Pica hudsonia,-1640.6690254989144,-3659.8786760857893,4950.075388797468,6252953029,50.983878,-114.145982
Pica hudsonia,-1264.9619961537355,-4789.564777745104,4006.2068740577643,6273967069,38.962992,-104.794458
Pica hudsonia,-2038.6584886229641,-4135.60998223285,4396.629933403421,6353334512,43.637985,-116.241099
Pica hudsonia,-1632.887867970003,-3665.1382985715595,4948.756570357627,6451952463,50.965042,-114.013869
Pica hudsonia,-1713.9411761582594,-3616.066973617353,4957.440712369692,6452075801,51.089214,-115.359987
Pica hudsonia,-2371.996554217637,-3884.3409409824826,4458.170132539181,6470076140,44.407664,-121.410581
Pipilo erythrophthalmus,863.5400226417095,-4880.0262052556,4003.672813179421,5938092934,38.933689,-79.965163
Pipilo erythrophthalmus,1153.9649176348973,-4779.943477682272,4050.957719935871,5938134270,39.482494,-76.427465
Pipilo erythrophthalmus,1512.1088921203796,-4507.572535947951,4240.880764795878,5938703186,41.732437,-71.455473
Pipilo erythrophthalmus,856.4625333784069,-5527.474229497179,3050.1235550123265,6129948354,28.603826,-81.192263
Pipilo erythrophthalmus,1302.7321113635358,-4759.717447024437,4029.6069287451496,6129981124,39.234158,-74.693048
Pipilo erythrophthalmus,879.5297380526049,-4510.323010651598,4412.8411379909485,6130064148,43.839772,-78.965586
Pipilo erythrophthalmus,506.59184727781985,-5509.662756384238,3158.596862668853,6130099946,29.720971,-84.746649
Pipilo erythrophthalmus,1130.3594919765187,-4818.412740407196,4011.849849091768,6130164476,39.028289,-76.797622
Pipilo erythrophthalmus,309.62334307034075,-5121.100600397769,3777.3291034418744,6130508795,36.362603,-86.540091
Pipilo erythrophthalmus,602.1538669884156,-5240.174074541747,3573.1973803092487,6130539462,34.114787,-83.444834
Pipilo erythrophthalmus,879.4630724849686,-4510.333969976613,4412.843223261816,6130614233,43.839798,-78.966428
Pipilo erythrophthalmus,314.6649881910457,-4927.624462548516,4026.0720598342027,6130741528,39.193128,-86.346205
Pipilo erythrophthalmus,1110.388930806188,-4827.481162921015,4006.5215803316587,6130784213,38.966632,-77.046466
Pipilo erythrophthalmus,548.6313288978868,-5279.076801723271,3524.216922400828,6130795973,33.584394,-84.0668
Pipilo erythrophthalmus,310.7083799124612,-5300.535957644875,3521.0129215956213,6130883731,33.549813,-86.645258
Pipilo erythrophthalmus,856.4335608713862,-5527.460025645179,3050.1574304263695,6131089039,28.604173,-81.192534
Pipilo erythrophthalmus,538.5759411642438,-5260.626000661993,3553.2384055162247,6131307853,33.89826,-84.1545
Pipilo erythrophthalmus,506.5905055416549,-5509.6650388077505,3158.5930965403068,6131312023,29.720932,-84.746665
Pipilo erythrophthalmus,1284.4341501353429,-4646.104814914543,4165.776289297282,6131332189,40.833604,-74.546328
Pipilo erythrophthalmus,-617.3795707207106,-5395.528183984181,3331.1966635379713,6131537638,31.524829,-96.52764
Pipilo erythrophthalmus,856.4637969194326,-5527.478558785536,3050.115354607093,6131615392,28.603742,-81.192257
Pipilo erythrophthalmus,802.985887531497,-5501.545736985017,3110.942188142472,6131676313,29.228686,-81.69595
Pipilo erythrophthalmus,670.6765821150742,-5155.316156928493,3682.751875159649,6133026671,35.313399,-82.587782
Pipilo erythrophthalmus,1034.5531749770762,-4865.332731835516,3980.9534368480427,6133035055,38.671508,-77.995552
Pipilo erythrophthalmus,241.10399256370482,-4934.54119833712,4022.676367340646,6133041184,39.153736,-87.202726
Pipilo erythrophthalmus,784.8623938572904,-4551.049114693815,4388.8148865075955,6133134593,43.54095,-80.215163
Pipilo erythrophthalmus,1086.7391514504486,-4936.027790878311,3878.708650318965,6133136348,37.503222,-77.58358
Pipilo erythrophthalmus,1086.7465273453306,-4922.85492083443,3895.4119863496508,6133151257,37.692815,-77.551308
Pipilo erythrophthalmus,608.2213313974984,-5244.57479292309,3565.7054257392333,6133252165,34.033445,-83.384872
Pipilo erythrophthalmus,670.6982442242928,-5155.314570306352,3682.750151185785,6133278990,35.31338,-82.587543
Pipilo erythrophthalmus,1124.317043124284,-5130.942758945927,3605.425178898885,6133325998,34.46559,-77.640418
Pipilo erythrophthalmus,139.35982034447332,-5058.469708430733,3870.6867838976177,6133448540,37.41234,-88.421912
Pipilo erythrophthalmus,710.285293403633,-5351.2708366861325,3383.6590200675437,6133464450,32.07998,-82.439207
Pipilo erythrophthalmus,821.9743456135452,-5122.615728016116,3697.691091466746,6133468605,35.478213,-80.884033
Pipilo erythrophthalmus,335.8906726682291,-5010.446636013627,3920.759504656165,6133469263,37.981455,-86.16474
Pipilo erythrophthalmus,770.7006447104598,-5109.352519738691,3726.968000259756,6133553567,35.80219,-81.422106
Pipilo erythrophthalmus,575.8832643567335,-4972.305684045974,3941.356083877142,6133563978,38.216833,-83.393543
Pipilo erythrophthalmus,1120.5341873144519,-4759.112350330139,4084.7283755070075,6133600976,39.877111,-76.751004
Pipilo erythrophthalmus,504.85759998150644,-4895.496141148821,4045.8607817639195,6147236630,39.42313,-84.112075
Pipilo erythrophthalmus,495.5581257989824,-4917.532233114622,4020.205468618583,6147272566,39.125086,-84.245517
Pipilo erythrophthalmus,510.3935365848517,-4932.502266129645,3999.959120055574,6147456922,38.890767,-84.092311
Pipilo erythrophthalmus,300.35819885496176,-4928.156675181198,4026.5133635597235,6147522099,39.198249,-86.512287
Pipilo erythrophthalmus,1232.4418803530668,-4678.78725596654,4144.85101718196,6147525897,40.585347,-75.2429
Pipilo erythrophthalmus,-192.9304056443312,-5026.770172860686,3909.4900712872395,6147568055,37.852987,-92.197967
Pipilo erythrophthalmus,1175.7407083981482,-4751.536333463941,4078.025182372579,6147593719,39.798603,-76.101655
Pipilo erythrophthalmus,-346.3528464757703,-4959.3193975270315,3984.3373286818583,6147660752,38.710497,-93.994981
Pipilo erythrophthalmus,813.9849910355002,-5213.075951618981,3570.8571361366776,6147711442,34.08937,-81.125329
Pipilo erythrophthalmus,784.8608098419056,-4551.033764106992,4388.83108775103,6159135126,43.541151,-80.21515
Pipilo erythrophthalmus,1098.2370004726433,-4938.823319738073,3871.9055821238308,6159194839,37.426141,-77.463225
Pipilo erythrophthalmus,1109.5700407249876,-4821.463321597002,4013.987903930178,6159232298,39.053045,-77.040086
Pipilo erythrophthalmus,957.642604328191,-5665.027513287075,2753.2048681043366,6159245846,25.603817,-80.405163
Pipilo erythrophthalmus,1516.6821625623177,-4447.744280864052,4301.976192342752,6159286037,42.472988,-71.170608
Pipilo erythrophthalmus,455.9836340750909,-4909.087733218658,4035.18149315433,6159340981,39.298912,-84.693273
Pipilo erythrophthalmus,564.9542777142051,-5375.022072176271,3373.3836896190396,6159516938,31.970984,-83.999824
Pipilo erythrophthalmus,912.2375695627982,-5683.742543094121,2729.95356190862,6159644756,25.372168,-80.881823
Pipilo erythrophthalmus,481.9709754569664,-4919.0377464263165,4020.015517100351,6162775792,39.122884,-84.403979
Pipilo erythrophthalmus,-10.383225780256343,-5506.069670952911,3205.1274696823434,6162926718,30.203985,-90.108047
Pipilo erythrophthalmus,520.690328192349,-5126.056276414107,3747.289922442608,6163005845,36.02785,-84.19995
Pipilo erythrophthalmus,980.2442081686982,-5066.232430533694,3736.597835175445,6163028457,35.909042,-79.049392
Pipilo erythrophthalmus,846.4836759660703,-5137.412144688876,3671.5412256440277,6163062359,35.18994,-80.643528
Pipilo erythrophthalmus,583.8695083134133,-5316.587714484967,3461.61011685701,6163064794,32.91115,-83.732872
Pipilo erythrophthalmus,745.9066626736657,-5086.135044663822,3763.5896013910715,6163177833,36.209314,-81.656768
Pipilo erythrophthalmus,803.2551838391275,-4865.946104124519,4033.249651468208,6163228646,39.276465,-80.626327
Pipilo erythrophthalmus,672.26845731891,-5129.171596505862,3718.7910649254,6163304134,35.711572,-82.532941
Pipilo erythrophthalmus,784.868596675318,-4551.031488436713,4388.832054987736,6163330779,43.541163,-80.21505
Pipilo erythrophthalmus,656.3592626650554,-5214.310720124699,3601.3760372923925,6163348011,34.421434,-82.825541
Pipilo erythrophthalmus,1093.5623552374045,-4931.387903880295,3882.6907997351736,6170959437,37.548378,-77.496678
Pipilo erythrophthalmus,1138.0441711123988,-4795.10113692067,4037.5256879649232,6171087273,39.32616,-76.648744
Pipilo erythrophthalmus,544.687105983803,-5130.665698992302,3737.5578351961667,6171239956,35.919702,-83.940004
Pipilo erythrophthalmus,695.0396834631878,-5068.371912719692,3797.1409142199295,6178319797,36.584173,-82.191577
Pipilo erythrophthalmus,856.4819148744617,-5527.470526058434,3050.124824122074,6178332832,28.603839,-81.192061
Pipilo erythrophthalmus,675.2633421916171,-5137.021896835922,3707.3951205392054,6178600440,35.585452,-82.511385
Pipilo erythrophthalmus,1107.6595990445226,-4842.893669314778,3988.636891223969,6178625902,38.760067,-77.116988
Pipilo erythrophthalmus,-346.35391357214587,-4959.318486491831,3984.338369889168,6178655812,38.710509,-93.994994
Pipilo erythrophthalmus,670.0136094620437,-5138.219094618924,3706.688472006592,6178772070,35.577638,-82.570663
Pipilo erythrophthalmus,49.06226288666551,-5144.707155607347,3757.5702664195687,6178885222,36.142252,-89.453618
Pipilo erythrophthalmus,859.6843825152712,-5317.963498805839,3401.4644077963735,6178887523,32.26916,-80.817195
Pipilo erythrophthalmus,457.22357366060913,-4920.772148746168,4020.7836541513243,6179005342,39.131789,-84.691488
Pipilo erythrophthalmus,850.221358061937,-5511.072023277213,3081.3896096118633,6179009761,28.924588,-81.229829
Pipilo erythrophthalmus,48.638437644839556,-5144.387564944739,3758.0133067490383,6179087122,36.147186,-89.458304
Pipilo erythrophthalmus,599.1206518138255,-5177.656711128093,3663.697388698723,6179167713,35.10367,-83.399505
Pipilo erythrophthalmus,1205.6571866748764,-4763.517607540702,4055.2489295413625,6179420468,39.532513,-75.796587
Pipilo erythrophthalmus,1102.1030404066864,-4819.69385894541,4018.167881516112,6184730727,39.101469,-77.119816
Pipilo erythrophthalmus,877.2970376361802,-5195.041065479907,3582.129445652348,6184732530,34.211867,-80.41478
Pipilo erythrophthalmus,514.6686108795454,-5513.432828625334,3150.702746196347,6184772859,29.639257,-84.667001
Pipilo erythrophthalmus,389.0775145377953,-4998.583705030629,3930.9709692594784,6184791555,38.098057,-85.549211
Pipilo erythrophthalmus,682.3717781841143,-4789.322506206202,4145.661806944945,6184837229,40.594949,-81.891203
Pipilo erythrophthalmus,857.5694128508048,-5540.833657659114,3025.4735513588753,6184878671,28.351628,-81.201989
Pipilo erythrophthalmus,1238.100915920545,-4775.385633685659,4031.4453117043226,6184994205,39.255506,-75.465118
Pipilo erythrophthalmus,815.3708526052304,-5130.503587159599,3688.205043722723,6185029235,35.373521,-80.969728
Pipilo erythrophthalmus,174.68659601575018,-5477.2500703873575,3249.456783724251,6185052003,30.666363,-88.173278
Pipilo erythrophthalmus,579.9036073699029,-5285.527401949576,3509.510652366933,6185068995,33.425782,-83.738815
Pipilo erythrophthalmus,875.7997218086197,-4985.390518864809,3868.9287084889847,6185100219,37.392437,-80.036331
Pipilo erythrophthalmus,358.82179705193255,-5000.905742516046,3930.895801481882,6185124903,38.097198,-85.895983
Pipilo erythrophthalmus,388.77630497880426,-5000.6205085349675,3928.409429270827,6185133912,38.06879,-85.554447
Pipilo erythrophthalmus,1815.54933131834,-4102.809216947903,4523.327346606068,6185182360,45.23378,-66.129953
Pipilo erythrophthalmus,560.5131833048644,-5483.938233405444,3194.0569113922893,6185968851,30.088853,-84.164066
Pipilo erythrophthalmus,1015.6521935029787,-5067.683363538075,3725.1562488611726,6195252769,35.782103,-78.667071
Pipilo erythrophthalmus,425.689278559608,-5193.412359542925,3665.6527156215475,6251645349,35.125167,-85.314103
Pipilo erythrophthalmus,1282.693997164491,-4667.667724713993,4142.140419032038,6399047113,40.553256,-74.634187
Piranga olivacea,-751.0512815305866,-5639.326486879404,2867.6945228822947,6195858614,26.751142,-97.586069
Piranga olivacea,814.4073854921705,-4862.428437188373,4035.2550642251945,6234235721,39.299767,-80.491794
Piranga olivacea,564.5137182273845,-4728.604504695858,4232.183458899268,6234280012,41.627711,-83.192094
Piranga olivacea,1067.083736965616,-4935.44816105235,3884.898567214581,6234335700,37.573425,-77.799977
Piranga olivacea,-689.8287175257537,-5580.001527363554,2996.2430516856643,6234777395,28.05334,-97.047444
Piranga olivacea,-693.6871013168511,-5590.99317309782,2974.7851474547942,6234927031,27.834895,-97.072672
Piranga olivacea,-424.20384965425353,-5525.39991554503,3143.2085512913277,6234951607,29.561744,-94.390181
Piranga olivacea,673.6639738557407,-5169.617572167735,3662.1010550694664,6234952688,35.086124,-82.575501
Piranga olivacea,181.73386258024965,-5500.123360877749,3210.1976493661496,6234959829,30.256759,-88.107534
Piranga olivacea,543.2467009820904,-5125.598732287233,3744.712777653985,6235005808,35.999197,-83.94998
Piranga olivacea,325.56620123997527,-4881.916342555334,4080.5211189967827,6235978690,39.827825,-86.184697
Piranga olivacea,191.02782863777048,-5501.260533393142,3207.7085344673037,6236262869,30.230847,-88.011239
Piranga olivacea,577.57190167717,-4854.086407031382,4085.830268273956,6236274888,39.890025,-83.214465
Piranga olivacea,1068.2870092774763,-4800.1389171765295,4050.578029280976,6251469433,39.47807,-77.453114
Piranga olivacea,1354.7131406481046,-4604.62316891511,4189.50485242862,6251526868,41.116249,-73.605739
Piranga olivacea,1332.9286435408196,-4635.359950832998,4162.510358800249,6251576877,40.794796,-73.957058
Piranga olivacea,-466.86371127234383,-5535.428689479816,3119.4263300257985,6251650601,29.316155,-94.820975
Piranga olivacea,564.8441481833332,-4728.529858404026,4232.2227725064395,6252715289,41.628184,-83.18804
Piranga olivacea,508.9906100985625,-5157.710446728845,3705.226664620272,6252762486,35.561476,-84.363993
Piranga olivacea,710.5648480663679,-4712.650348669053,4227.975569650245,6253007925,41.577104,-81.425634
Piranga olivacea,90.47346587862441,-5495.326066056855,3222.2599382057056,6253119873,30.382426,-89.056784
Piranga olivacea,1351.6815898425684,-4572.343634001011,4225.681448236311,6253241795,41.54953,-73.531205
Piranga olivacea,-333.0791570757841,-5514.822545485976,3172.624102631559,6273165553,29.866335,-93.456299
Piranga olivacea,1332.8999445288507,-4635.086531138441,4162.824007379058,6273185126,40.798522,-73.956488
Piranga olivacea,986.589813284139,-5068.6765581537975,3731.609789196021,6273240108,35.853677,-78.985417
Piranga olivacea,870.1630728256999,-4826.795362761607,4066.2778904535057,6273262448,39.661234,-79.780621
Piranga olivacea,1131.4603178886955,-4814.619555469418,4016.0912856672107,6273327316,39.077408,-76.77517
Piranga olivacea,1028.223590220831,-4846.631117057735,4005.3309717623238,6273381452,38.952862,-78.022167
Piranga olivacea,241.17386179999443,-5144.768160337524,3750.059849447627,6273384363,36.058658,-87.316082
Piranga olivacea,1312.9905019392752,-4633.179808043277,4171.2652682171565,6273387803,40.898879,-74.177873
Piranga olivacea,1213.0897620240892,-4666.058631252197,4164.860526916435,6273469334,40.82272,-75.426767
Piranga olivacea,1432.5348003190209,-4336.447644815612,4442.163774482601,6273512606,44.206508,-71.719155
Piranga olivacea,1129.8990882109865,-4761.257070108814,4079.646098925279,6273578535,39.817579,-76.650028
Piranga olivacea,1532.2620804186358,-4429.636741386853,4315.118119581925,6273638403,42.633428,-70.918911
Piranga olivacea,-381.09518238365513,-5520.971172302499,3156.484897199125,6273676695,29.699103,-93.948683
Piranga olivacea,904.1007444070003,-5091.435066012814,3721.510975694581,6273722129,35.741703,-79.930783
Piranga olivacea,565.089325021403,-4728.5200550899335,4232.20099629455,6273774041,41.627922,-83.185097
Piranga olivacea,1332.9576660097823,-4635.289995767894,4162.578965669873,6273823618,40.795611,-73.956497
Piranga olivacea,916.9679667811332,-4800.387196795272,4087.200220006203,6273833427,39.906084,-79.185661
Piranga olivacea,1247.3491254049018,-4722.258022126522,4090.7398428023716,6273905483,39.947594,-75.203689
Piranga olivacea,1334.5003210568448,-4645.213917860822,4151.005863653859,6273907638,40.658272,-73.971435
Piranga olivacea,973.571487075411,-5076.652503676202,3724.179244632212,6273917684,35.771273,-79.143947
Piranga olivacea,-381.02148504987804,-5520.977915564242,3156.4819995462885,6273937845,29.699073,-93.947917
Piranga olivacea,-14.384938536909887,-5383.196531613367,3407.4537862231577,6273941127,32.332885,-90.153105
Piranga olivacea,140.9194504216421,-4721.564323589395,4275.128673663298,6273984768,42.146497,-88.290462
Piranga olivacea,-819.4449924135639,-5489.19471630259,3128.418833948149,6274004573,29.408947,-98.4906
Piranga olivacea,718.0147638254226,-4744.361070363145,4191.091261548575,6274011334,41.135189,-81.394125
Piranga olivacea,1031.5200536365846,-4842.635743993317,4009.3139761836183,6274039013,38.998938,-77.975256
Piranga olivacea,668.2726950250999,-4664.142152054973,4288.233053389861,6274049981,42.305647,-81.846223
Piranga olivacea,1129.8798873374035,-4761.216107952523,4079.699222153673,6274120375,39.818201,-76.650136
Piranga olivacea,1281.417033289991,-4273.766596269475,4547.817344296375,6274133500,45.547397,-73.309525
Piranga olivacea,524.4926338409391,-5268.104618905054,3544.253705788464,6274133978,33.800968,-84.314367
Piranga olivacea,437.0288622209481,-5181.031521564723,3681.8027209257193,6274163081,35.302939,-85.178417
Piranga olivacea,564.6187668531958,-4728.547700062968,4232.232912544372,6274258352,41.628306,-83.190758
Piranga olivacea,1336.236166220041,-4610.8204812141,4188.622748324272,6274313989,41.10572,-73.838178
Piranga olivacea,1315.455673878117,-4643.624283380936,4158.855974247509,6274341984,40.751399,-74.183523
Piranga olivacea,1288.7736620898138,-4784.234500482022,4004.986369761897,6320092905,38.948877,-74.923578
Piranga olivacea,-719.023743367565,-5594.390608122085,2962.355770312968,6320112108,27.708563,-97.323837
Piranga olivacea,-276.7183519017487,-4451.416334399674,4549.513457638957,6320123540,45.569182,-93.557164
Piranga olivacea,783.0707759202255,-4625.258530497949,4310.862653301899,6320144586,42.581431,-80.390765
Piranga olivacea,1468.0986265941858,-4407.7135299343945,4359.644594494254,6320187533,43.180128,-71.57838
Piranga olivacea,174.6238263522465,-4724.577986288729,4270.552950195499,6320257640,42.09102,-87.88327
Piranga olivacea,773.571699792727,-4620.089473536789,4318.114543579382,6320261852,42.670067,-80.494766
Piranga olivacea,1242.5174138715631,-4710.7471519821265,4105.455501646027,6320286331,40.120439,-75.224056
Piranga olivacea,1596.5549482878353,-4290.300358738801,4431.03692814456,6320303663,44.067078,-69.588192
Piranga olivacea,-381.2529427762331,-5520.96618910816,3156.474562233383,6320322355,29.698996,-93.950316
Piranga olivacea,1332.679194125345,-4635.282905534988,4162.676024011235,6320353759,40.796764,-73.959653
Piranga olivacea,830.3230890412523,-4528.542106378013,4403.705608716801,6320357922,43.725975,-79.610036
Piranga olivacea,1521.056211697253,-4454.1510597814895,4293.795461731039,6320393529,42.373323,-71.145383
Piranga olivacea,1055.765963947044,-4422.232027234371,4463.067919755534,6320439750,44.469354,-76.572519
Piranga olivacea,837.7682035621998,-4523.627724076627,4407.344980908905,6320462610,43.771283,-79.507796
Piranga olivacea,1377.5846217562373,-4496.695841766921,4297.876248359676,6320464502,42.423019,-72.9673
Piranga olivacea,839.2144498316195,-4999.174683944456,3859.2388778462637,6320467050,37.282834,-80.470575
Piranga olivacea,-13.584024732519273,-4578.641784743884,4430.079910221353,6320486015,44.055101,-90.169986
Piranga olivacea,1053.043465918871,-4848.060814359874,3997.143846402238,6320503594,38.858246,-77.745189
Piranga olivacea,1549.2159365907169,-4454.176715171452,4283.689169572794,6320537323,42.250417,-70.821714
Piranga olivacea,26.74302064129227,-4649.042316416129,4356.081206852849,6320538641,43.136197,-89.670417
Piranga olivacea,30.64879664794125,-4507.908359286307,4501.952465899446,6320569995,44.961463,-89.610458
Piranga olivacea,891.3649588642332,-4947.690574485086,3913.5124401153803,6320570863,37.898815,-79.78727
Piranga olivacea,181.73073130658906,-5500.11875536989,3210.2057173652556,6320582698,30.256843,-88.107565
Piranga olivacea,564.8266733793293,-4728.614816845561,4232.130181436448,6320599527,41.62707,-83.18837
Piranga olivacea,1096.7746932732862,-4421.408726558143,4453.985100400339,6320603030,44.355003,-76.068419
Piranga olivacea,1187.9684087258597,-4706.963364275909,4125.891428153581,6320614050,40.361204,-75.8352
Piranga olivacea,1518.1916433455658,-4448.238388683856,4300.932747810918,6320641813,42.460267,-71.155136
Piranga olivacea,1285.663107823937,-4652.442784528008,4158.316923894956,6320674471,40.745,-74.552314
Piranga olivacea,-261.45071963360107,-4499.35285968654,4503.023483717476,6320674634,44.975077,-93.325633
Piranga olivacea,1332.6906400775192,-4646.2327258737305,4150.446993342664,6320695369,40.651647,-73.995387
Piranga olivacea,1464.767883995914,-4365.1623619997545,4403.358460206516,6320713767,43.721655,-71.450378
Piranga olivacea,1312.9744872821436,-4633.197588459166,4171.2505596906785,6320723048,40.898704,-74.178114
Piranga olivacea,786.9986713520392,-4450.117523086601,4490.750522093734,6320728309,44.819265,-79.970997
Piranga olivacea,1109.2588069856727,-4404.33200426531,4467.791134890536,6320735972,44.528907,-75.863698
Piranga olivacea,1476.5195273347235,-4445.890776466331,4317.834922598163,6320784738,42.666647,-71.628218
Piranga olivacea,1111.0244591334765,-4410.065298237957,4461.69271086232,6320823595,44.452026,-75.859768
Piranga olivacea,195.56728783619286,-4733.299093888988,4259.974912296493,6320831816,41.962955,-87.634037
Piranga olivacea,924.6264717712324,-4460.275234501085,4454.297234118263,6320847982,44.358929,-78.288325
Piranga olivacea,-381.21209538970027,-5520.992975899813,3156.432642726747,6320860858,29.698562,-93.949875
Piranga olivacea,139.02281638194358,-5496.088591818593,3219.229096706879,6334345766,30.350835,-88.55102
Piranga olivacea,-381.2637010479109,-5520.971962373706,3156.463164781763,6399516209,29.698878,-93.950423
Piranga olivacea,-836.5456383099292,-5455.301495211519,3182.7079855124994,6422191529,29.970965,-98.718135
Piranga olivacea,499.19876733388776,-5259.26366703496,3560.9969672797724,6431720810,33.982364,-84.577844
Piranga rubra,-2498.9792587513075,-4643.349323642764,3575.4947703268267,5938465086,34.139746,-118.288455
Piranga rubra,-1932.6897425401341,-5027.658487042689,3402.515779011937,6129999942,32.280343,-111.027334
Piranga rubra,-411.68032591237824,-4931.311138462835,4012.7849300213556,6130657963,39.039115,-94.772154
Piranga rubra,-2435.865242193143,-4781.021691884442,3434.8428251207088,6131014404,32.62487,-116.998221
Piranga rubra,-399.25716607747125,-4928.2886104625695,4017.750392570218,6133042409,39.096631,-94.631608
Piranga rubra,-1021.1236870552463,-5646.264395981948,2768.8910986311344,6133175657,25.76035,-100.251108
Piranga rubra,-406.4693171576109,-4923.077877760049,4023.4114919302583,6133203458,39.162262,-94.719867
Piranga rubra,-397.5792306849583,-4928.177176839681,4018.053458912893,6147189037,39.100143,-94.612331
Piranga rubra,-709.4786482453803,-5599.882516596511,2954.269618311449,6147546782,27.626454,-97.220634
Piranga rubra,-2363.0391509643105,-3344.0781278623426,4880.874980517325,6162836544,50.005584,-125.246325
Piranga rubra,817.0459017793603,-5391.40843683419,3294.6781620207003,6163004957,31.140337,-81.382629
Piranga rubra,-2501.9690377178513,-4665.30298256253,3544.6935191736693,6171258768,33.805728,-118.204345
Piranga rubra,912.5155398485103,-5546.311978324962,2999.2485656079684,6178731976,28.083972,-80.657025
Piranga rubra,-397.5013959149295,-4927.929178972698,4018.3653115355996,6179293670,39.103757,-94.611663
Piranga rubra,-682.6975043741216,-5314.798327742897,3446.2437497397214,6185251563,32.746692,-97.319686
Piranga rubra,-999.6527670533178,-5661.887444690664,2744.7182075131695,6186059897,25.519214,-100.012849
Piranga rubra,-751.0776220706454,-5639.368572922688,2867.6048601636285,6195437307,26.750239,-97.586276
Piranga rubra,-728.9848006249648,-5430.193007054674,3251.3594381842395,6195448189,30.686258,-97.646048
Piranga rubra,-712.4534645005339,-5521.595868500356,3097.441243277816,6195556878,29.089649,-97.352272
Piranga rubra,-713.8772529090221,-5676.690702534576,2802.7334987854265,6195709344,26.09877,-97.167655
Piranga rubra,-2604.024694330213,-4248.723252072715,3969.5288446228137,6195817500,38.540031,-121.503958
Piranga rubra,-2450.8028809107946,-4765.270410517807,3446.0870974541895,6195866259,32.745017,-117.21699
Piranga rubra,-1021.0576613464366,-5648.486586584943,2764.379435434496,6195887593,25.715307,-100.246512
Piranga rubra,-753.5661493909222,-5453.5700923012455,3206.31633444471,6234170818,30.216357,-97.867227
Piranga rubra,-478.3279692609573,-5539.771794995201,3109.96526393395,6234188938,29.218619,-94.934927
Piranga rubra,-837.2625812057908,-5466.000361373849,3164.1088080612853,6234217929,29.778066,-98.708675
Piranga rubra,191.0301027268552,-5501.256813199576,3207.7147792088444,6234228115,30.230912,-88.011214
Piranga rubra,-693.6198343423629,-5591.061944570508,2974.6715763357397,6234263159,27.83374,-97.071907
Piranga rubra,33.33746237879294,-5462.49944201756,3278.679854642326,6234317001,30.972387,-89.65033
Piranga rubra,-762.374114535257,-5443.87307697182,3220.6807915385484,6234320378,30.365965,-97.972004
Piranga rubra,-693.7427818102419,-5590.985950504427,2974.785737431477,6234326821,27.834901,-97.073243
Piranga rubra,-693.6541541962807,-5590.995952875687,2974.7876056907585,6234359215,27.83492,-97.072336
Piranga rubra,857.1056017598856,-5313.962130185717,3408.3617173154225,6234391418,32.342549,-80.837496
Piranga rubra,-794.2093888859409,-5466.462015451795,3174.3940539740106,6234441818,29.884692,-98.266528
Piranga rubra,-489.67332501409857,-5518.113522241943,3146.489523277916,6234533667,29.595672,-95.071102
Piranga rubra,181.7193279531988,-5500.090653833042,3210.2545094032803,6234632105,30.257351,-88.107674
Piranga rubra,72.26023674132473,-5137.943139814628,3766.44021323787,6234925031,36.241093,-89.194243
Piranga rubra,-734.4359262946577,-5307.82590584122,3446.3518614799004,6234982612,32.747848,-97.877909
Piranga rubra,-713.8868606679531,-5676.68066916844,2802.751373228178,6235053573,26.098949,-97.167763
Piranga rubra,-1868.9885730353567,-5105.733703952674,3320.861061210242,6235086556,31.415849,-110.105496
Piranga rubra,-478.3408163201183,-5539.760388750278,3109.9836058013234,6235121179,29.218808,-94.935069
Piranga rubra,-1341.6742212974848,-5583.2858088044595,2759.815753050547,6235140844,25.669762,-103.512088
Piranga rubra,-725.814509484087,-5589.171693719535,2970.539716217259,6235181467,27.791728,-97.399071
Piranga rubra,-794.2111379065702,-5466.461313457801,3174.3948252496552,6235241159,29.8847,-98.266547
Piranga rubra,-694.4123689986421,-5591.288890879461,2974.060041456302,6235331662,27.827521,-97.079621
Piranga rubra,-780.966672740113,-5437.58767032811,3226.838160373463,6235333848,30.430165,-98.173142
Piranga rubra,843.3978555089195,-5224.136509282098,3547.792400829881,6235354488,33.839274,-80.829153
Piranga rubra,-530.0727884300643,-5482.321101380453,3202.0198797012526,6235434816,30.171653,-95.522628
Piranga rubra,738.6223559044666,-5263.503737467834,3512.7935536688906,6235598061,33.461164,-82.011901
Piranga rubra,-873.5489154143096,-5447.564143191115,3186.0179421770945,6235686448,30.005333,-99.110157
Piranga rubra,-347.54482156127483,-5519.920494974503,3162.1896615863843,6235697398,29.758183,-93.602697
Piranga rubra,-15.682685019532105,-5386.985159477047,3401.455287761705,6235726962,32.269063,-90.1668
Piranga rubra,-727.3454731678306,-5421.117120453527,3266.8349910372526,6235805336,30.84823,-97.641678
Piranga rubra,-694.327881410855,-5591.301161598416,2974.0566980273175,6235812730,27.827487,-97.078753
Piranga rubra,-753.8872011368059,-5456.024880246008,3202.061792623009,6235919784,30.172089,-97.86704
Piranga rubra,-347.33085902868476,-5365.882583805164,3417.077479493295,6235944035,32.435372,-93.70356
Piranga rubra,-604.9408804348058,-5306.485015711642,3473.4732529391977,6235964734,33.038324,-96.503659
Piranga rubra,-539.7910185299437,-5513.01188459105,3147.2335068039793,6235970367,29.603367,-95.59213
Piranga rubra,191.02656991210853,-5501.263041927811,3207.704307255303,6235995776,30.230803,-88.011253
Piranga rubra,-714.3753883539778,-5674.586823838557,2806.8639640904157,6236007245,26.140141,-97.175236
Piranga rubra,-1921.038129333605,-5062.513016273672,3357.130857649658,6236008329,31.798845,-110.779918
Piranga rubra,112.23558807694755,-5325.270979069944,3495.517887512793,6236023269,33.275134,-88.792611
Piranga rubra,-656.884931149136,-5289.675443785934,3489.6402416745937,6236062338,33.211932,-97.078891
Piranga rubra,750.7844384956584,-5491.045682896276,3142.3706281940017,6236141066,29.553081,-82.214291
Piranga rubra,-652.596519332515,-5281.505339262018,3502.7949217702303,6236161871,33.353447,-97.043912
Piranga rubra,-1924.7146618968472,-5077.3511289060025,3332.526386055133,6236204737,31.538859,-110.760641
Piranga rubra,-756.7378213846932,-5435.994455987942,3235.2844193102605,6236248511,30.518299,-97.92514
Piranga rubra,-371.50263205405435,-5140.879443525502,3744.7426441868156,6236265039,35.999529,-94.133261
Piranga rubra,-524.3354420921941,-5541.563810285646,3099.337995504177,6236305842,29.109171,-95.405159
Piranga rubra,-714.2667737897947,-5674.624739494525,2806.814951409168,6236320876,26.13965,-97.174109
Piranga rubra,-250.07488850704556,-5440.14674489874,3306.360396838686,6236341042,31.263165,-92.631943
Piranga rubra,-804.1449417517296,-5470.424249420305,3165.053328727151,6251440658,29.787853,-98.362511
Piranga rubra,45.863450530196694,-5148.188504125117,3752.8395648597743,6251478931,36.089587,-89.489585
Piranga rubra,-1339.214537846003,-5590.134106040655,2747.1181677860886,6251638166,25.543133,-103.472301
Piranga rubra,1020.5216706827752,-5065.023014003479,3727.442892514839,6251660586,35.807456,-78.608328
Piranga rubra,-831.5987195701255,-5479.280965827861,3142.5589567744414,6251895746,29.555028,-98.630006
Piranga rubra,-813.154344792688,-5271.377244529018,3484.410292586661,6252002305,33.155733,-98.769236
Piranga rubra,1054.9780283362795,-4977.543540754544,3834.166765973783,6252105986,36.999977,-78.033391
Piranga rubra,-347.6151628353171,-5519.940839910826,3162.1464153528655,6252150441,29.757735,-93.603411
Piranga rubra,-1495.999953399254,-4990.433825011346,3667.0570635442114,6252188205,35.14061,-106.687339
Piranga rubra,-397.62181934397466,-4918.94724681722,4029.3433710082727,6252249844,39.231098,-94.621441
Piranga rubra,-381.07090570947395,-5521.023430749982,3156.3964218090364,6252353883,29.698187,-93.948395
Piranga rubra,326.3689023831325,-4885.55865983321,4076.0953191214007,6252466512,39.776017,-86.178161
Piranga rubra,-528.3051913870096,-5112.2355956414785,3765.0622795761524,6252531181,36.22573,-95.900078
Piranga rubra,823.3107326541458,-5220.826731420597,3557.369928424376,6252556669,33.943036,-81.038406
Piranga rubra,-883.6103365497764,-5467.074792639488,3149.6157090200277,6252782482,29.62801,-99.180978
Piranga rubra,-821.9337667447616,-5480.823855125067,3142.411157352615,6252783054,29.5535,-98.528825
Piranga rubra,-2039.4164795779625,-4876.739698714497,3556.394728300741,6252784503,33.932465,-112.694321
Piranga rubra,-694.3053720305259,-5591.313005635636,2974.039685857735,6252877811,27.827314,-97.078511
Piranga rubra,-1962.2370354816655,-5072.069526922155,3318.657810068587,6252903885,31.392634,-111.150013
Piranga rubra,-527.2689292235768,-5112.298977392052,3765.1214816668316,6253095565,36.22639,-95.888514
Piranga rubra,-528.3032270169958,-5112.23665745648,3765.0611134693504,6253110267,36.225717,-95.900055
Piranga rubra,551.0780421148531,-5127.741817458429,3740.6322961050896,6253148776,35.953851,-83.86597
Piranga rubra,735.1404482421375,-5487.281045169784,3152.628805038135,6253159108,29.659188,-82.369422
Piranga rubra,-331.6547632990012,-5114.035986976238,3785.022347565533,6253221939,36.448567,-93.710542
Piranga rubra,-756.0758884017226,-5445.702741884304,3219.0719202417276,6253274709,30.349197,-97.904358
Piranga rubra,498.96450623083155,-5259.324853495804,3560.9394317512038,6253302078,33.98174,-84.580436
Piranga rubra,-992.5595570837478,-5360.2981525994455,3297.238597759968,6253364749,31.167244,-100.490565
Piranga rubra,-510.07158653500375,-5477.424903209767,3213.6266951817192,6253373502,30.292467,-95.320184
Piranga rubra,-1931.6748329909733,-5062.210292158806,3351.4791402048427,6273149028,31.739061,-110.886216
Regulus calendula,690.2842164754823,-4741.683306297102,4198.7736605996815,5938032886,41.226986,-81.717187
Regulus calendula,-1539.5748135581948,-5158.028533818213,3407.9618788143484,5938042457,32.338293,-106.619378
Regulus calendula,787.8223150472493,-5216.934209723848,3571.0903910436145,5938085749,34.091903,-81.412507
Regulus calendula,-2445.6620170656165,-4670.270217041346,3577.298775301912,5938127478,34.15935,-117.639525
Regulus calendula,-686.3158984754756,-5315.650982794611,3444.209378985534,5938142778,32.724942,-97.35689
Regulus calendula,788.231339771753,-5216.883645625946,3571.0739998884933,5938164747,34.091725,-81.408033
Regulus calendula,-2620.553277033258,-4237.734136161533,3970.398348165956,5938223890,38.550029,-121.732045
Regulus calendula,1026.5226578586096,-4965.823264859866,3857.020049825621,5938279815,37.257759,-78.320468
Regulus calendula,-732.779045371179,-5456.291230832791,3206.504951606892,5938367967,30.21832,-97.649046
Regulus calendula,-158.21127987350314,-5188.3091455289505,3694.0723505392893,5938423464,35.438259,-91.746625
Regulus calendula,-743.2359945635344,-5444.271121127779,3224.47908129618,5938461313,30.405563,-97.773797
Regulus calendula,-742.352463973189,-5441.112528185904,3230.009350532716,5938467623,30.463246,-97.769121
Regulus calendula,1332.2143005454097,-4636.860153420595,4161.067904363022,5938467736,40.777663,-73.970135
Regulus calendula,-728.9848006249648,-5430.193007054674,3251.3594381842395,5938706763,30.686258,-97.646048
Regulus calendula,1092.2030250418936,-4828.83842608205,4009.883431792027,6129912195,39.005528,-77.255097
Regulus calendula,-2296.249801381052,-3600.600368893954,4727.860717370557,6129920872,47.909741,-122.52732
Regulus calendula,-2151.11371649651,-3839.2124076316295,4606.833076796396,6129948895,46.310454,-119.261944
Regulus calendula,-748.803965728713,-5391.32274466521,3310.9945353989906,6129952649,31.311933,-97.907258
Regulus calendula,-2483.2944968099373,-4689.168457284479,3526.287105582757,6129960455,33.606745,-117.904844
Regulus calendula,-671.2915387023779,-5313.818944854596,3449.992611738236,6130007299,32.786786,-97.200001
Regulus calendula,1026.2859440514342,-5051.3368736535695,3744.393953577491,6130037461,35.995653,-78.515469
Regulus calendula,-1970.3099480672738,-4942.863452627798,3503.6741753337988,6130050163,33.362914,-111.733072
Regulus calendula,-2260.585622906599,-3491.5452349081793,4825.828182164737,6130097329,49.24139,-122.920861
Regulus calendula,-2715.120250183136,-4283.923374604999,3855.62908968638,6130109618,37.242044,-122.366233
Regulus calendula,754.9130489709395,-5571.828564466505,2995.761316654909,6130125293,28.048431,-82.284123
Regulus calendula,-683.7553345632004,-5389.571218314185,3327.875276336712,6130163470,31.489794,-97.230282
Regulus calendula,-543.0438973544356,-5506.280245736478,3158.4385874409168,6130166613,29.719332,-95.632447
Regulus calendula,-2691.906989508671,-4297.094688302168,3857.248647582509,6130166872,37.260342,-122.06501
Regulus calendula,-542.3499809349616,-5506.471270961935,3158.224781412516,6130205781,29.717118,-95.625102
Regulus calendula,-1302.9867288138014,-5079.49204812648,3618.1126637008433,6130228689,34.604099,-104.387246
Regulus calendula,1092.1373128253063,-4829.023411241321,4009.6785548589046,6130230612,39.003157,-77.256311
Regulus calendula,1269.4686093822315,-4808.143569969453,3982.4562759724035,6130297766,38.688821,-75.21
Regulus calendula,-2514.442475435887,-4639.702028383769,3569.383315814206,6130304803,34.073367,-118.455058
Regulus calendula,-2608.9197665618826,-4268.140462926679,3945.4109760642373,6130323321,38.263262,-121.435544
Regulus calendula,-2185.8424914842576,-4662.944267868408,3750.8394376262613,6130337558,36.067331,-115.115715
Regulus calendula,-2677.991958055655,-4307.463443103224,3855.369098879639,6130382576,37.239107,-121.869619
Regulus calendula,-2691.938777560974,-4200.50388552508,3962.194575639828,6130390078,38.455753,-122.654223
Regulus calendula,-619.7780338127894,-5309.051084729229,3466.9301836373893,6130395229,32.968159,-96.658564
Regulus calendula,-2513.4961300591203,-4640.75670753264,3568.678679195715,6130439949,34.065717,-118.44057
Regulus calendula,-531.7010808255807,-5124.998804828424,3747.1901927755907,6130470053,36.026741,-95.923051
Regulus calendula,-1495.9455962461902,-4991.106635785959,3666.1634514792754,6130471862,35.130783,-106.684642
Regulus calendula,-2498.382235217745,-3838.9362235730437,4428.3640328866995,6130488854,44.033633,-123.056105
Regulus calendula,-2518.1041363845393,-4637.157306101834,3570.108794766187,6130532904,34.081244,-118.503179
Regulus calendula,1087.9818143252967,-4826.113160535153,4014.3094627948494,6130541820,39.056769,-77.295817
Regulus calendula,-2514.3427302213986,-4660.481484370405,3542.279788286191,6130559334,33.779608,-118.346985
Regulus calendula,233.85164177604156,-5494.173166306226,3217.0060239229733,6130578266,30.32767,-87.562758
Regulus calendula,-2649.9742448010547,-4243.718103543791,3944.39428673443,6130583329,38.251618,-121.982566
Regulus calendula,-835.6343172459112,-5057.9761160320195,3782.6374432620482,6130620730,36.421908,-99.381165
Regulus calendula,860.636917772863,-5224.9772462964775,3542.4101966214957,6130630431,33.781019,-80.646461
Regulus calendula,-2425.4676323645353,-4720.668521283365,3524.506860000946,6130649437,33.587524,-117.193985
Regulus calendula,-2701.37444765006,-4313.109260385128,3832.677619007477,6130660774,36.98321,-122.059621
Regulus calendula,-670.8476513116643,-5315.955024727682,3446.7867258476494,6130668990,32.752498,-97.192429
Regulus calendula,-10.93906523702173,-5495.497081074818,3223.219709921637,6130708247,30.392432,-90.11405
Regulus calendula,-2271.9846777634166,-3478.67904321526,4829.765094492761,6130718162,49.29565,-123.149239
Regulus calendula,-860.3680164383526,-5465.891517007763,3158.092767837885,6130718638,29.715751,-98.945343
Regulus calendula,-731.9030458723572,-5437.548360440729,3238.385228626846,6130780316,30.550675,-97.666032
Regulus calendula,1164.0618916245983,-5077.943765724227,3667.3151152153864,6130799802,35.143448,-77.088663
Regulus calendula,-2499.999378639295,-3833.6350664771385,4432.042239595354,6130832505,44.079662,-123.109272
Regulus calendula,-2490.070327806138,-3794.7388196502247,4470.935045703134,6130860894,44.568581,-123.272492
Regulus calendula,1113.094666347907,-4840.675035567934,3989.816862144759,6130861500,38.773677,-77.050165
Regulus calendula,-885.4870206537424,-5635.438254949732,2836.8118620346177,6130889454,26.440542,-98.929778
Regulus calendula,1088.5278455219889,-4840.047887619553,3997.348709426061,6130898976,38.860612,-77.325058
Regulus calendula,-2408.5043716823907,-3749.6618169521885,4552.899744092227,6130908507,45.612701,-122.713678
Regulus calendula,-651.6826875803365,-5281.868868405551,3502.416888571914,6130915194,33.349377,-97.033668
Regulus calendula,-107.15783276877069,-5493.44921222228,3224.9474540352053,6130916315,30.410447,-91.117497
Regulus calendula,-2571.06633380729,-4257.6620553572475,3981.417443475537,6130936232,38.676853,-121.126439
Regulus calendula,1081.8137810297349,-4886.434652645124,3942.358235660544,6131003244,38.228305,-77.516572
Regulus calendula,1015.8113055288787,-5067.625743879234,3725.191248944086,6131008532,35.782491,-78.665216
Regulus calendula,-813.6748190042964,-5659.0512009756085,2811.1965287635576,6131022936,26.183552,-98.182077
Regulus calendula,1237.0991508297013,-4774.282491772678,4033.059075868679,6131023379,39.274251,-75.473167
Regulus calendula,-2655.3070876563015,-4482.907895818933,3666.4198065038745,6131033575,35.133602,-120.639023
Regulus calendula,-807.5904402876779,-5452.991651783867,3194.1247402080025,6131067159,30.089558,-98.424294
Regulus calendula,-2497.919232343873,-4642.847182909416,3576.8872884834004,6131079645,34.154878,-118.280897
Regulus calendula,-2626.1556836940117,-4236.124542858219,3968.4138282282656,6131109727,38.527212,-121.796553
Regulus calendula,1526.2202185821488,-4456.380043994905,4289.648223054248,6131120265,42.322858,-71.094703
Regulus calendula,-2322.1544796949856,-3527.083521468157,4770.433264882523,6131127310,48.48412,-123.360031
Regulus calendula,262.0641523594343,-4843.448607890432,4130.627203276737,6131129126,40.417121,-86.902921
Regulus calendula,790.8731825135559,-5515.979199589833,3088.4051237735334,6131174209,28.996697,-81.840622
Regulus calendula,-2692.108990555582,-4200.769486047341,3961.797324162456,6131228476,38.451191,-122.654223
Regulus calendula,-473.98026622049707,-5319.021700220964,3474.6372457408365,6131231559,33.050812,-95.092201
Regulus calendula,-2706.0960439152636,-4262.462559480957,3885.641550607396,6131235610,37.581856,-122.410109
Regulus calendula,914.2141500914271,-5548.252048903277,2995.140200272875,6131362855,28.042102,-80.643156
Regulus calendula,-2657.444678604,-4212.651977988959,3972.568970097616,6131370377,38.574994,-122.244739
Regulus calendula,914.2858627551987,-5548.242986922701,2995.1350969374444,6131379256,28.04205,-80.64242
Regulus calendula,1115.7116579839371,-4837.557653115768,3992.8657100755645,6131384750,38.808855,-77.012668
Regulus calendula,566.283124989166,-5324.925027227357,3451.7024794205063,6131459288,32.805079,-83.929653
Regulus calendula,-648.472272293207,-5299.904061228907,3475.6659482052733,6131474330,33.06185,-96.975779
Regulus calendula,-647.0639047007509,-5327.223836258941,3433.9114186748357,6131532087,32.614925,-96.925428
Regulus calendula,-752.0816652509826,-5445.16647452998,3220.9142123200822,6131559617,30.368398,-97.863889
Regulus calendula,-1980.7019841540812,-4671.388564308986,3852.8822537016026,6131565235,37.21102,-112.97729
Regulus calendula,549.498049911094,-5219.853404551341,3611.223540272067,6131625906,34.528862,-83.990562
Regulus calendula,-2676.3718709328027,-4310.417776535046,3853.1915771069253,6131644404,37.214513,-121.836467
Regulus calendula,-2479.9037511469287,-4653.4275097151685,3575.673772389047,6131672544,34.141691,-118.054038
Regulus calendula,-806.0482723300164,-5413.309093312647,3261.3070957224863,6131698349,30.790342,-98.469185
Regulus calendula,-2718.0094089922145,-4217.703993403294,3925.958609860416,6133062600,38.040799,-122.798893
Regulus calendula,790.0960992757745,-5495.417589268591,3125.0418882223053,6133068470,29.374091,-81.818444
Regulus calendula,-107.15064382570871,-5493.50846301574,3224.846761627537,6133068484,30.409397,-91.11741
Regulus calendula,-2322.0649454382597,-3526.9419002487193,4770.581552715999,6133103968,48.486132,-123.360073
Regulus calendula,-2538.58053126023,-3757.552036580689,4475.06030220513,6133108649,44.62068,-124.042734
Regulus calendula,-2512.8531741100746,-4633.208802695453,3578.924174338948,6133119815,34.177017,-118.4735
Regulus satrapa,1452.3217907107469,-4439.428856052065,4332.664997199346,5938128981,42.848292,-71.884927
Regulus satrapa,1124.6350642164725,-4774.587029410113,4065.4972390349694,5938186546,39.652115,-76.745804
Regulus satrapa,1353.0092275823054,-4616.3338686708,4177.149838432595,5938321271,40.96893,-73.664576
Regulus satrapa,-1867.9355440075667,-3677.132329590582,4855.848820112744,5938341376,49.656668,-116.929979
Regulus satrapa,1475.4273173920494,-4440.534593321041,4323.715981223775,5938353968,42.738617,-71.620239
Regulus satrapa,109.25544224254438,-5183.398851854847,3702.7277405458367,5938355173,35.533855,-88.792501
Regulus satrapa,1081.713773416931,-4826.753359961733,4015.233547899259,5938555747,39.067472,-77.368274
Regulus satrapa,-528.3879934509013,-5112.348326720432,3764.897587495995,6129829996,36.223894,-95.900867
Regulus satrapa,1135.8309099011296,-4649.5200309586935,4204.950030084124,6130029173,41.300881,-76.272086
Regulus satrapa,1217.3177264572114,-4701.340990391316,4123.746303374747,6130176808,40.335891,-75.483229
Regulus satrapa,515.5106445313143,-4685.207305039558,4286.354443330171,6130201071,42.282807,-83.721036
Regulus satrapa,-2318.194527083536,-3532.49307916677,4768.35610141653,6130228466,48.455945,-123.274842
Regulus satrapa,1508.4731538359952,-4448.4653504310445,4304.116390137228,6130578688,42.499088,-71.268219
Regulus satrapa,-1949.545906852379,-3688.291405077894,4815.135553437837,6130680365,49.09432,-117.859899
Regulus satrapa,548.6313288978868,-5279.076801723271,3524.216922400828,6130696948,33.584394,-84.0668
Regulus satrapa,1099.2142154824637,-4760.489385527889,4088.914531808535,6130718047,39.926185,-76.998073
Regulus satrapa,-2279.519999752981,-3477.0308299741205,4827.400781767874,6131032758,49.263057,-123.248602
Regulus satrapa,864.7440483874899,-4570.88650642927,4353.0411674826455,6131217882,43.098743,-79.287098
Regulus satrapa,-1910.5804988774578,-3674.240522323278,4841.424570423892,6131457926,49.456697,-117.47413
Regulus satrapa,-649.5759440726481,-5281.125853816469,3503.9283581019226,6131511654,33.365651,-97.012133
Regulus satrapa,-2426.035720585359,-3759.848403798512,4535.156424267535,6133107099,45.385045,-122.832061
Regulus satrapa,515.7036928448085,-4685.116742339088,4286.430209570388,6133448896,42.283728,-83.718583
Regulus satrapa,897.484860698445,-5066.538113500625,3756.9223573212225,6147314522,36.135037,-79.954847
Regulus satrapa,-482.9013159232984,-5316.336386532106,3477.5173434494513,6147503083,33.081719,-95.190132
Regulus satrapa,693.2953297650024,-5177.254603997777,3647.6197006797865,6147531622,34.927125,-82.372796
Regulus satrapa,1520.6801520943527,-4461.13468776477,4286.6726376439865,6147542259,42.286675,-71.177145
Regulus satrapa,1103.341107045613,-4737.043067325577,4114.950122356708,6147543173,40.232193,-76.888565
Regulus satrapa,-2199.6939647371037,-3527.83312436003,4827.576310929196,6147559192,49.265476,-121.944592
Regulus satrapa,-2206.2395469050484,-3537.372844715169,4817.598317504414,6147568821,49.128155,-121.951558
Regulus satrapa,668.0202262174759,-5140.195477057628,3704.307298899229,6147676187,35.551313,-82.595337
Regulus satrapa,605.7155251470949,-5184.521036545644,3652.889740176795,6159141264,34.984952,-83.336256
Regulus satrapa,1021.8277228797614,-5068.486990166596,3722.3730152879302,6159162858,35.751255,-78.601722
Regulus satrapa,961.4409569800129,-4781.711572211396,4098.855798402575,6159281514,40.042867,-78.631336
Regulus satrapa,847.064295491195,-5106.596673612535,3714.149380683394,6159446297,35.660178,-80.581734
Regulus satrapa,315.81205670027845,-4879.305563117988,4084.4085368931987,6159527370,39.873363,-86.296708
Regulus satrapa,776.4636218012869,-4738.925338566574,4186.817885839835,6159560730,41.084182,-80.69488
Regulus satrapa,-415.4882345690774,-4936.47697619682,4006.0351621136338,6159641077,38.961006,-94.811072
Regulus satrapa,616.9499337681698,-4795.974451237122,4148.22311019811,6159678416,40.625291,-82.669778
Regulus satrapa,-2257.2830739950004,-3540.965529210848,4791.240901319162,6162812794,48.767228,-122.516562
Regulus satrapa,494.20416756616555,-5338.9510541105365,3441.0924155345865,6162941012,32.691628,-84.711442
Regulus satrapa,673.8369027881724,-5167.027939172393,3665.7221981391567,6162946850,35.125931,-82.569936
Regulus satrapa,817.7580128906349,-4563.692994399487,4369.637423734335,6163172776,43.303493,-79.841109
Regulus satrapa,511.84013376591076,-4872.958801552613,4072.105760600386,6163233384,39.729349,-84.00382
Regulus satrapa,-2522.4360570827234,-4091.5671609824067,4181.644130575529,6163259748,41.022481,-121.653679
Regulus satrapa,-1899.4795554089587,-3653.310843112655,4861.589290741899,6170905366,49.73648,-117.471443
Regulus satrapa,538.2464361402452,-5252.137240227074,3565.8236514835817,6171028075,34.034728,-84.148675
Regulus satrapa,-2324.2305475920857,-3528.0761856218464,4768.687861431615,6171037419,48.460444,-123.376144
Regulus satrapa,1096.4581428040683,-4829.8249388016075,4007.5333724482116,6171230299,38.978336,-77.209602
Regulus satrapa,737.1928517620194,-5217.871063716978,3580.51970968091,6178821272,34.194363,-81.958344
Regulus satrapa,952.0012998079409,-4902.637084871917,3955.704269644031,6179236899,38.381255,-79.010978
Regulus satrapa,54.69012928652337,-4657.401876252438,4346.880477137176,6184717266,43.022912,-89.327228
Regulus satrapa,1516.9871451489112,-4447.882618162835,4301.725624232131,6184774408,42.469933,-71.167633
Regulus satrapa,1419.984688673343,-4569.429596904554,4206.389160853211,6184837283,41.318111,-72.736974
Regulus satrapa,566.402246848345,-4651.567584935386,4316.463903152784,6184868914,42.649881,-83.057506
Regulus satrapa,782.4279755700863,-4625.25262060941,4310.9857095876005,6184889689,42.582934,-80.398494
Regulus satrapa,-2424.175239318379,-3753.938155863923,4541.043477076836,6184938932,45.460477,-122.853103
Regulus satrapa,-2325.451681126401,-3526.490980873938,4769.265034597951,6184950584,48.468272,-123.401804
Regulus satrapa,568.523576159646,-4680.33684824766,4284.971535490433,6184989286,42.265999,-83.074175
Regulus satrapa,-2238.467359392601,-3523.324856083592,4813.02389035364,6184999245,49.065327,-122.428943
Regulus satrapa,1014.5769582836762,-5067.969753932958,3725.059636920997,6185195890,35.781032,-78.679382
Regulus satrapa,-2256.230981606347,-3487.011565480311,4831.141193292082,6185244033,49.31463,-122.904425
Regulus satrapa,696.7733122142678,-4733.854719471412,4206.528209343381,6185249920,41.319776,-81.62679
Regulus satrapa,258.9896872847528,-4840.7238681278905,4134.013776476142,6185260741,40.457136,-86.937466
Regulus satrapa,238.8891670897875,-4807.000624478425,4174.377808942143,6185320409,40.935922,-87.154964
Regulus satrapa,-22.72255241112631,-4978.327319318662,3975.6123952184807,6185328508,38.610012,-90.261513
Regulus satrapa,512.4486952499794,-4687.348194728354,4284.3805113214285,6185329540,42.258817,-83.760864
Regulus satrapa,54.69122876730108,-4657.377811653734,4346.906246825301,6185350088,43.023229,-89.327211
Regulus satrapa,193.4378002274669,-4730.63666009454,4263.028470147738,6185361508,41.999897,-87.658455
Regulus satrapa,-2425.8259909305048,-3757.210964059269,4537.453819374506,6185429719,45.41447,-122.848123
Regulus satrapa,69.54949418172373,-4718.953355104452,4279.765791475618,6185529309,42.202768,-89.155617
Regulus satrapa,485.86500691034536,-4693.994513842784,4280.199040786688,6185564658,42.208028,-84.090485
Regulus satrapa,284.47720074868124,-4569.220328358236,4430.694239377108,6185601185,44.062789,-86.437394
Regulus satrapa,-2466.448752453346,-3665.620970812136,4590.164112484548,6185602947,46.093861,-123.935022
Regulus satrapa,175.39121423296754,-4717.447616789543,4278.3967831997525,6185607485,42.18615,-87.870766
Regulus satrapa,247.92084468876266,-4845.2039187870205,4129.441532437182,6185611005,40.403117,-87.070827
Regulus satrapa,1335.8046506401377,-4651.189633375627,4143.88876049837,6185681093,40.573953,-73.976128
Regulus satrapa,608.6931422001827,-5247.65226030453,3561.0941497293593,6185786200,33.983418,-83.383634
Regulus satrapa,-2318.495903551229,-3520.229522622081,4777.270557855554,6185822545,48.576973,-123.369726
Regulus satrapa,1106.2274289262787,-4831.795323724231,4002.4702315951395,6185829323,38.919787,-77.104523
Regulus satrapa,-1596.7371435952402,-3799.760636483402,4858.189243882128,6185858659,49.689192,-112.793142
Regulus satrapa,671.9045851614688,-5168.805277647204,3663.570575256171,6185864749,35.102276,-82.593525
Regulus satrapa,474.6369480896113,-4685.08555387139,4291.205687227218,6185886659,42.341805,-84.215212
Regulus satrapa,622.1447183248329,-4618.207754657293,4344.519100425408,6185946697,42.993871,-82.327555
Regulus satrapa,1337.045077980896,-4439.393537615951,4369.650856452748,6185999955,43.303659,-73.238885
Regulus satrapa,313.70010639393473,-4881.489112836132,4081.9614665241725,6186002189,39.844694,-86.323046
Regulus satrapa,1332.2839964664486,-4636.754817242107,4161.162968115877,6186059111,40.778792,-73.968994
Regulus satrapa,200.54031559590769,-4746.227283011199,4245.334296554072,6186077864,41.786129,-87.580545
Regulus satrapa,101.44819476439757,-4566.324221714908,4441.637591658759,6186154937,44.199907,-88.727292
Regulus satrapa,668.7457107979419,-4666.387154617372,4285.716186028745,6186159590,42.275049,-81.844402
Regulus satrapa,758.2230117171878,-4564.296363338812,4379.731692899927,6187964407,43.428365,-80.56813
Regulus satrapa,317.55313950257437,-4664.176051348279,4328.322411200288,6188018687,42.795047,-86.105117
Regulus satrapa,-2250.787856221615,-3493.861008318622,4828.730931674856,6188033615,49.281391,-122.790128
Regulus satrapa,-264.24246150623765,-4518.83791216757,4483.306031799703,6188051470,44.724958,-93.346603
Regulus satrapa,1332.9647937693526,-4635.314782175947,4162.549081799519,6188301682,40.795256,-73.956497
Regulus satrapa,243.98016967179967,-5115.613743056318,3789.554437969942,6195334998,36.499253,-87.269448
Regulus satrapa,-2312.2012676991835,-3622.791682983994,4703.06908826882,6195748822,47.57818,-122.547543
Regulus satrapa,241.55372563095935,-4756.583400274804,4231.585906435249,6234907072,41.620522,-87.092844
Regulus satrapa,-2202.322568590613,-3534.6529608428064,4821.385369368338,6352239719,49.180229,-121.925636
Regulus satrapa,-2202.6905649736823,-3548.0165336352375,4811.391283371615,6352587759,49.042923,-121.832965
Regulus satrapa,-2202.247458546963,-3539.8004416361114,4817.641756543721,6353433049,49.128752,-121.887349
Sayornis phoebe,-110.85376480214578,-5496.206526988676,3220.120864997725,5938147813,30.360129,-91.15545
Sayornis phoebe,-448.2092532190295,-5421.941272275575,3315.3302150767713,5938249914,31.357583,-94.725658
Sayornis phoebe,1099.2198689289467,-4760.485443381162,4088.917601613576,5938291169,39.926221,-76.997998
Sayornis phoebe,1.5191894946059157,-5379.34268632545,3413.5645716490562,5938514305,32.397948,-89.983819
Sayornis phoebe,-637.1965738600061,-5317.847293487055,3450.2512689789587,5938597307,32.789553,-96.832735
Sayornis phoebe,1027.3600897364545,-5078.603673952315,3707.029686772443,6129861876,35.581411,-78.563861
Sayornis phoebe,522.7321293630856,-5270.475098802465,3540.9880659940254,6129870093,33.765633,-84.335859
Sayornis phoebe,964.2955994100666,-5667.365997087834,2746.060775308595,6129871180,25.532594,-80.343668
Sayornis phoebe,585.6743568590406,-5315.063756331366,3463.6448928156456,6129913094,32.93295,-83.711866
Sayornis phoebe,976.3568672922598,-5618.50973623337,2840.5683834788247,6129957772,26.478278,-80.141867
Sayornis phoebe,707.7758828626827,-5188.47127729697,3628.8527434961775,6129961562,34.721529,-82.232047
Sayornis phoebe,-685.4341777768205,-5305.402203013909,3460.150369834816,6129972524,32.895514,-97.36158
Sayornis phoebe,-525.1845954046138,-5505.337737320917,3163.0982704394955,6129975304,29.767596,-95.449271
Sayornis phoebe,561.8535700558759,-5482.265140557136,3196.692450662864,6129984984,30.11625,-84.148434
Sayornis phoebe,548.6313288978868,-5279.076801723271,3524.216922400828,6129993410,33.584394,-84.0668
Sayornis phoebe,-545.3367751978174,-5512.503329168002,3147.1682473623773,6130072255,29.602692,-95.649731
Sayornis phoebe,-268.47480639887243,-4513.384521573369,4488.544816355125,6130089023,44.791307,-93.404179
Sayornis phoebe,-400.31081042267004,-4940.918344880524,4002.10323379586,6130096150,38.915545,-94.631959
Sayornis phoebe,-732.8475463996557,-5456.486541594615,3206.156924545376,6130110871,30.214698,-97.649482
Sayornis phoebe,703.7945131579459,-5183.672933161784,3636.47649998348,6130119256,34.804987,-82.26815
Sayornis phoebe,-741.5786679284931,-5518.552720934596,3096.0281127948756,6130200880,29.075107,-97.653512
Sayornis phoebe,551.0390762344558,-5466.9418103852595,3224.694761989366,6130223111,30.407812,-84.244325
Sayornis phoebe,503.2862525606923,-5451.844572807804,3257.8899354654304,6130235941,30.754575,-84.725697
Sayornis phoebe,963.7312000288139,-5666.147407870151,2748.7722452132743,6130243235,25.559621,-80.347177
Sayornis phoebe,-882.7704829406792,-5467.45200417173,3149.196403243954,6130305480,29.623672,-99.171778
Sayornis phoebe,-822.9553906023613,-5480.158633512823,3143.303820232912,6130325737,29.562729,-98.540291
Sayornis phoebe,816.3428088171942,-5129.779408770463,3688.9972574568887,6130339405,35.382259,-80.957886
Sayornis phoebe,519.081117126513,-5269.686353993475,3542.6986400278374,6130346345,33.78414,-84.374329
Sayornis phoebe,-751.6097803425546,-5445.642615180626,3220.219305497618,6130381253,30.361155,-97.858338
Sayornis phoebe,583.9577795719757,-5322.001029247932,3453.266784660397,6130425788,32.821818,-83.738257
Sayornis phoebe,-609.6246161970431,-5299.95598223591,3482.6107366982374,6130431726,33.136404,-96.56158
Sayornis phoebe,-1246.9261777146319,-5420.999117059354,3106.0741797080623,6130452633,29.178532,-102.953732
Sayornis phoebe,526.5254988582939,-5269.874815859376,3541.3194509815917,6130539666,33.769218,-84.29438
Sayornis phoebe,-1033.4216487748554,-5646.549134320067,2763.743059553509,6130539886,25.708955,-100.371392
Sayornis phoebe,-783.7743141973784,-5558.912581433845,3012.298435756054,6130543494,28.217077,-98.02547
Sayornis phoebe,964.3273369479816,-5667.413150465555,2745.9523118259617,6130604695,25.531513,-80.343435
Sayornis phoebe,839.3818944646606,-5517.023094701196,3073.702545376828,6130722146,28.845634,-81.349134
Sayornis phoebe,-914.8769716678219,-5197.877265045333,3568.5886837676053,6130742814,34.06474,-99.98237
Sayornis phoebe,967.7795798036242,-5637.577750830201,2805.5076043270406,6130779011,26.126554,-80.259215
Sayornis phoebe,696.4873049904967,-5186.497742743626,3633.854665252832,6130780825,34.776276,-82.351589
Sayornis phoebe,-695.99322256139,-5363.807923829417,3366.735974217582,6130827723,31.900537,-97.393237
Sayornis phoebe,822.7440526176365,-5545.44093454194,3026.702858733634,6130846023,28.364191,-81.560927
Sayornis phoebe,-621.0685072936351,-5300.378467749604,3479.9447032304747,6130885724,33.107776,-96.683122
Sayornis phoebe,-611.5261953435809,-5506.5848859838925,3145.3635299500447,6131004651,29.584027,-96.336938
Sayornis phoebe,-641.7809483722965,-4988.169107867359,3911.0151233792926,6131054501,37.870359,-97.331434
Sayornis phoebe,-664.5144400501298,-5569.785751055128,3020.8707976319624,6131061548,28.304603,-96.803628
Sayornis phoebe,876.4116250203557,-5526.162031852011,3046.832616164511,6131078772,28.570121,-80.988333
Sayornis phoebe,776.704565978098,-5612.58532983759,2912.9656815963504,6131106342,27.207996,-82.121094
Sayornis phoebe,-814.6101800860852,-5486.848431993924,3133.7928566679975,6131111134,29.464441,-98.444786
Sayornis phoebe,810.1382848249676,-5375.3183671089655,3322.556476774969,6131180555,31.433717,-81.429203
Sayornis phoebe,790.6821632791899,-5515.895440476903,3088.603622363299,6131238821,28.998738,-81.842444
Sayornis phoebe,604.5424301725227,-5336.099821030987,3427.8740174912505,6131268419,32.550488,-83.536353
Sayornis phoebe,837.3279569760199,-5503.899106875136,3097.697474493417,6131278757,29.092286,-81.349716
Sayornis phoebe,964.2209747080901,-5667.158296862865,2746.515588870524,6131286490,25.537127,-80.344054
Sayornis phoebe,-543.5772128085308,-5525.2542888784665,3125.034717666807,6131297474,29.374017,-95.618706
Sayornis phoebe,-846.997095405839,-5458.517240224303,3174.4194096284054,6131301385,29.884955,-98.820234
Sayornis phoebe,890.2762487470454,-5659.34240110573,2787.2934753343006,6131336655,25.944251,-81.060014
Sayornis phoebe,-545.6160477948649,-5505.071533368315,3160.1018449670223,6131360170,29.736557,-95.660187
Sayornis phoebe,-779.390454021475,-5597.599090125435,2940.950199524727,6131372769,27.491339,-97.926705
Sayornis phoebe,-449.49489494470043,-5509.010341832691,3168.3611730161933,6131376601,29.822136,-94.664583
Sayornis phoebe,943.9476041473199,-5676.83526803211,2733.54301044062,6131397884,25.4079,-80.559201
Sayornis phoebe,890.3367135039557,-5659.352931896669,2787.2527797989515,6131407236,25.943844,-81.059433
Sayornis phoebe,944.0361000269054,-5676.990880914004,2733.1892560784486,6131436961,25.404378,-80.558586
Sayornis phoebe,-782.0503714206409,-5477.313590265225,3158.6684188331874,6131456095,29.721712,-98.125766
Sayornis phoebe,-683.0392619027721,-5539.784773591756,3071.4809390028277,6131524247,28.822827,-97.028927
Sayornis phoebe,813.7885192043495,-5528.843438311347,3059.31227734767,6131542672,28.697992,-81.626777
Sayornis phoebe,-696.3201828308426,-5301.008069032836,3464.7084703779356,6131663719,32.944347,-97.483311
Sayornis phoebe,-496.03524965947486,-5351.466253294303,3421.3317729540545,6131675566,32.480715,-95.295698
Sayornis phoebe,-740.5251143433795,-5426.443259064238,3255.0098680127603,6131687313,30.72444,-97.770925
Sayornis phoebe,-512.8282029174061,-5518.802676410857,3141.588353494184,6133034808,29.544994,-95.308897
Sayornis phoebe,-794.1016668619848,-5467.177849425038,3173.1879924014374,6133056158,29.872183,-98.264355
Sayornis phoebe,595.7125066246991,-5314.389082166927,3462.9681521020834,6133059493,32.925699,-83.604171
Sayornis phoebe,554.9373242429498,-5111.078971402106,3762.8007446489514,6133069662,36.200522,-83.803363
Sayornis phoebe,687.4033457185697,-5164.655071757252,3666.547116804098,6133103756,35.135002,-82.418626
Sayornis phoebe,-748.3915128173142,-5454.025532931608,3206.7536168765037,6133116098,30.220908,-97.813229
Sayornis phoebe,449.04461269091587,-5195.377867472773,3660.0766221029803,6133123792,35.063878,-85.060113
Sayornis phoebe,497.78733417736487,-5266.094873399892,3551.085141750532,6133198740,33.874933,-84.600056
Sayornis phoebe,855.6173603120913,-5522.150827991085,3059.9873031317256,6133271572,28.704913,-81.192469
Sayornis phoebe,-560.4737987430434,-5515.33842844757,3139.532492313062,6133284228,29.523744,-95.802531
Sayornis phoebe,117.56382375776613,-5085.32637303162,3836.064070993856,6133296994,37.021345,-88.675658
Sayornis phoebe,939.3405546151156,-5678.850410028122,2730.9431470933705,6133435570,25.382018,-80.607729
Sayornis phoebe,1243.9694678975036,-4727.273666780046,4085.9731731845927,6133483270,39.8917,-75.257003
Sayornis phoebe,943.9051468267306,-5667.104628662367,2753.674151250474,6133615417,25.608497,-80.543701
Sayornis phoebe,240.56926131103117,-5112.258874559131,3794.296872897678,6147239377,36.552327,-87.305801
Sayornis phoebe,833.7345810379754,-5328.947245047547,3390.716891390231,6147297837,32.154922,-81.107937
Sayornis phoebe,826.5547814588881,-5534.505008944442,3045.6222071842335,6147416397,28.557727,-81.505899
Sayornis phoebe,-736.1478840549083,-5451.6553395914925,3213.6106610450634,6147511474,30.2923,-97.690248
Sayornis phoebe,893.639501958449,-5663.102870020541,2778.5657188164555,6159200571,25.856996,-81.032651
Sayornis phoebe,739.5730992370089,-5487.596414443163,3151.042740546841,6159319633,29.642775,-82.324395
Sayornis phoebe,548.7351661672167,-5245.644418415265,3573.773563425311,6159422973,34.121046,-84.028136
Sayornis phoebe,-539.0501419409935,-5513.676813455076,3146.195491529208,6159669639,29.592631,-95.583834
Sayornis phoebe,246.08604952567913,-5492.125449460493,3219.588923029564,6163333221,30.354585,-87.43446
Sayornis phoebe,-525.6112226481889,-5505.500207263728,3162.7446055795845,6171218266,29.763932,-95.453511
Sayornis phoebe,-664.5547380421999,-5569.5657222689315,3021.2675808590757,6178999433,28.308656,-96.804303
Sayornis phoebe,736.956241312654,-5568.807345017294,3005.8332259373915,6235441523,28.151113,-82.461483
Sayornis phoebe,-627.2008922354306,-5432.504993846925,3268.678886382807,6235879571,30.867547,-96.585831
Sayornis phoebe,895.8108821943857,-5585.60257796568,2930.583531319776,6251911390,27.386292,-80.888576
Sayornis phoebe,950.1448371568122,-5270.620767445497,3450.7295813891183,6452391765,32.79467,-79.780937
Sayornis phoebe,820.3261231327348,-5153.102832473498,3655.4547431663086,6479678265,35.013112,-80.95494
Sayornis phoebe,-799.0490976629245,-5502.811386443438,3109.7171116405343,6481059829,29.216062,-98.262027
Seiurus aurocapilla,735.6225501853206,-5486.871703722616,3153.228742134695,5938094907,29.665397,-82.363914
Seiurus aurocapilla,789.6686655519218,-5530.496657479645,3062.643180314898,6130820158,28.732148,-81.873982
Seiurus aurocapilla,979.6970556261357,-5066.031900984877,3737.013190648177,6133571031,35.913654,-79.054934
Seiurus aurocapilla,977.0299724667985,-5654.143258628216,2768.723455581662,6162796172,25.758676,-80.196164
Seiurus aurocapilla,843.6699655088844,-5641.64047641223,2837.2287278051544,6178605222,26.444729,-81.494823
Seiurus aurocapilla,816.2100111133226,-5153.924722633504,3655.217408152762,6178942685,35.010506,-81.000992
Seiurus aurocapilla,743.6316581074891,-5492.541367004136,3141.4573717442163,6179013589,29.54364,-82.289644
Seiurus aurocapilla,826.1697073653406,-5663.832460661355,2797.891813824838,6188219535,26.050294,-81.700932
Seiurus aurocapilla,1108.619319871864,-4981.013334821983,3814.4753887802017,6195560592,36.77856,-77.452258
Seiurus aurocapilla,974.58654877366,-5618.294342313102,2841.6021663419856,6195578857,26.488665,-80.159022
Seiurus aurocapilla,-478.2859661049913,-5539.830228650793,3109.867634165697,6195612391,29.217613,-94.934444
Seiurus aurocapilla,1099.1926228523591,-4930.477561975333,3882.257039197967,6234181826,37.543458,-77.432097
Seiurus aurocapilla,1016.8017509708399,-5078.6044707029405,3709.9385384472585,6234202663,35.613583,-78.678343
Seiurus aurocapilla,563.5487166193979,-5196.708546885589,3642.30507404313,6234203935,34.86885,-83.810837
Seiurus aurocapilla,1332.8018771660354,-4635.25934884499,4162.662976370444,6234245296,40.796609,-73.958175
Seiurus aurocapilla,821.6995702854825,-5440.256715954952,3212.1908116388613,6234264099,30.277513,-81.410934
Seiurus aurocapilla,596.1491705234483,-4934.627806538043,3985.449498752077,6234386934,38.723316,-83.111517
Seiurus aurocapilla,594.911249419964,-4847.078895635487,4091.6573554583088,6234506495,39.958358,-83.002739
Seiurus aurocapilla,517.8473207725682,-5269.7958743059535,3542.7162919423936,6234847004,33.784331,-84.387731
Seiurus aurocapilla,732.7431898028987,-5101.19362497056,3745.7528145934334,6235387727,36.010759,-81.82586
Seiurus aurocapilla,-723.4320092757364,-5592.51713411502,2964.8189425768705,6235426462,27.733587,-97.370688
Seiurus aurocapilla,860.9369470200184,-5225.887017613956,3540.994998876332,6235703152,33.765708,-80.644858
Seiurus aurocapilla,-536.62437212059,-5504.048665031247,3163.4215188449634,6235724690,29.770945,-95.568527
Seiurus aurocapilla,1024.3601487790647,-5066.727015271053,3724.0726050915355,6235738831,35.770091,-78.570351
Seiurus aurocapilla,-713.8810579954135,-5676.6713411440405,2802.771744068129,6235742946,26.099153,-97.167717
Seiurus aurocapilla,-58.96962882682979,-5014.233000948867,3929.8528120972655,6235793971,38.08528,-90.673793
Seiurus aurocapilla,967.4992509027463,-5662.3577795248975,2755.2500260110583,6235932412,25.624214,-80.303788
Seiurus aurocapilla,-515.6288289241975,-5508.9342148902215,3158.405271093555,6235948026,29.718987,-95.347229
Seiurus aurocapilla,633.9484092539019,-5127.61347139316,3727.659135713629,6236287061,35.809854,-82.952047
Seiurus aurocapilla,1123.4928357143813,-4814.034596777503,4019.0282256790824,6236511754,39.11144,-76.863516
Seiurus aurocapilla,1250.1102763034967,-4721.031613102427,4091.31249537912,6251604517,39.954312,-75.168695
Seiurus aurocapilla,1259.6837532903364,-4508.7834854382545,4321.321725214761,6251618149,42.709307,-74.390466
Seiurus aurocapilla,-539.413917521091,-5514.837331810721,3144.098433403254,6251618357,29.570945,-95.58641
Seiurus aurocapilla,1332.6923113352848,-4635.3647829877145,4162.580649263447,6251760734,40.795631,-73.959772
Seiurus aurocapilla,1041.0205773415132,-4861.628695603036,3983.79162523821,6251856459,38.704208,-77.913773
Seiurus aurocapilla,1250.1484460915653,-4720.974968545683,4091.3661946564216,6251863406,39.954942,-75.168092
Seiurus aurocapilla,1086.3729478946946,-4836.112195793265,4002.6948144293583,6252065982,38.922383,-77.339378
Seiurus aurocapilla,-254.50951464724753,-4509.774531415196,4492.984722033929,6252371941,44.847598,-93.230066
Seiurus aurocapilla,1055.404421402059,-4795.898501482195,4058.9693519960542,6252408481,39.575908,-77.589086
Seiurus aurocapilla,800.9488753591943,-5441.823741976205,3214.776569219448,6252598888,30.304444,-81.627099
Seiurus aurocapilla,-344.3939470789048,-5366.027657259481,3417.146926958097,6252641231,32.436112,-93.672231
Seiurus aurocapilla,1249.8797579414095,-4721.1590531329075,4091.2358665062266,6252715310,39.953413,-75.171692
Seiurus aurocapilla,1457.696034660434,-4520.808643690206,4245.840859870822,6252751226,41.792239,-72.128528
Seiurus aurocapilla,740.8584108734682,-5262.538845853072,3513.768182536077,6253085121,33.471671,-81.986582
Seiurus aurocapilla,260.36278356232185,-5479.782938339771,3239.4356451847393,6253195141,30.561645,-87.279732
Seiurus aurocapilla,842.8079522809683,-4775.413424047161,4132.173098344208,6253227001,40.435384,-79.990997
Seiurus aurocapilla,1013.0784982436952,-5063.418949463249,3731.65025535489,6253355512,35.854126,-78.685773
Seiurus aurocapilla,958.128319046593,-5664.74848066931,2753.6099768618506,6253372524,25.607857,-80.399923
Seiurus aurocapilla,-646.3438679092347,-5299.978508171325,3475.948870023209,6273145776,33.064886,-96.953011
Seiurus aurocapilla,1331.6925219912741,-4638.776180903133,4159.098904815286,6273175817,40.754283,-73.98237
Seiurus aurocapilla,1331.93669817633,-4634.4889062068305,4163.797586335626,6273221954,40.810089,-73.965525
Seiurus aurocapilla,192.04745645574457,-4726.3982128046755,4267.789924321848,6273228898,42.057544,-87.673184
Seiurus aurocapilla,1250.0880182799842,-4721.020147907093,4091.3325261197665,6273283399,39.954547,-75.168913
Seiurus aurocapilla,1318.065721864802,-4644.4415893796995,4157.116573463225,6273327063,40.730753,-74.156364
Seiurus aurocapilla,1352.5079170132522,-4481.60555227129,4321.53758955595,6273339957,42.711949,-73.206662
Seiurus aurocapilla,1208.5150769055442,-4952.706125225271,3820.9876309307147,6273356509,36.851715,-76.287165
Seiurus aurocapilla,1250.0726789870557,-4721.1150661475385,4091.227683608221,6273491638,39.953317,-75.169372
Seiurus aurocapilla,1110.4767667872293,-4837.020585150236,3994.975136209997,6273510683,38.833204,-77.070165
Seiurus aurocapilla,1334.6452863595712,-4644.280789027111,4152.003256495512,6273525445,40.670097,-73.966728
Seiurus aurocapilla,1521.1710438264788,-4454.346241309394,4293.5522993943105,6273560822,42.370363,-71.144828
Seiurus aurocapilla,616.1960809492281,-5021.897487610471,3871.7697689082556,6273635318,37.424603,-83.004669
Seiurus aurocapilla,763.5604337906083,-4562.994704591655,4380.160718454911,6273652420,43.433678,-80.500281
Seiurus aurocapilla,1526.066002025156,-4431.725004457562,4315.1696573838235,6273690919,42.634058,-70.998836
Seiurus aurocapilla,1142.1959456836025,-4796.891443868912,4034.225331718421,6273726735,39.287801,-76.60661
Seiurus aurocapilla,1118.4875825533697,-4960.565000238763,3838.167992123006,6273761593,37.045047,-77.293669
Seiurus aurocapilla,1161.2521949457312,-4700.363157769845,4140.994162576307,6273772037,40.53969,-76.122631
Seiurus aurocapilla,1029.3039902708153,-4845.758599858759,4006.1090870300686,6273805672,38.961861,-78.007849
Seiurus aurocapilla,191.8177500419202,-4726.457189710603,4267.734939552741,6273812315,42.056878,-87.675993
Seiurus aurocapilla,326.90014220615967,-4886.0879369490185,4075.418272902097,6273866028,39.768095,-86.172372
Seiurus aurocapilla,1063.5185687897133,-4795.2371233002905,4057.632599785208,6273892909,39.560313,-77.494988
Seiurus aurocapilla,1330.1376271922813,-4642.534826732359,4155.400992080291,6273922725,40.710396,-74.012406
Seiurus aurocapilla,0.8934183528966172,-5209.556325936984,3667.4616860126885,6273962125,35.14506,-89.990174
Seiurus aurocapilla,1331.5455824725816,-4638.880363976425,4159.029749856226,6274035464,40.753462,-73.984388
Seiurus aurocapilla,684.2053265872124,-5124.565953144692,3722.9611860207942,6274068108,35.757773,-82.395142
Seiurus aurocapilla,1250.0692633304186,-4721.077190628347,4091.272433691349,6274104800,39.953842,-75.169297
Seiurus aurocapilla,1316.2617014426553,-4644.182836059894,4157.977158215206,6274118509,40.740967,-74.176125
Seiurus aurocapilla,1516.975323418732,-4447.878955438731,4301.73358026521,6274213766,42.47003,-71.167755
Seiurus aurocapilla,1312.5286774606461,-4633.462065563596,4171.097084401653,6274215657,40.896878,-74.184075
Seiurus aurocapilla,-741.0128680171839,-5685.645018150594,2777.425748186567,6274307893,25.845604,-97.425532
Seiurus aurocapilla,1493.6980933129496,-4451.439768181577,4306.1935773908535,6274307912,42.52443,-71.45062
Seiurus aurocapilla,1249.985940670458,-4721.117497413996,4091.2513798855034,6274311738,39.953595,-75.170363
Seiurus aurocapilla,1247.9879215021833,-4722.934699348922,4089.763697715065,6320057820,39.936144,-75.198472
Seiurus aurocapilla,1208.5071538656825,-4953.1143420438675,3820.460954305416,6320070508,36.845796,-76.288339
Seiurus aurocapilla,1332.215613712406,-4636.843379063458,4161.086176263798,6320080324,40.77788,-73.970065
Seiurus aurocapilla,1249.910304686238,-4720.929066533364,4091.4919172200503,6320081431,39.956417,-75.170655
Seiurus aurocapilla,1262.5701643951986,-4278.2254517122565,4548.896206111762,6320125702,45.561253,-73.557859
Seiurus aurocapilla,1251.6966105322178,-4720.803858141986,4091.0902773968864,6320170693,39.951705,-75.150021
Seiurus aurocapilla,564.8016702807994,-4728.99910525958,4231.7041089116265,6320178439,41.621944,-83.189217
Seiurus aurocapilla,-509.73811370997936,-4080.9409899671705,4865.782652514866,6320197641,49.794865,-97.11977
Seiurus aurocapilla,957.0562587056714,-5115.836188888041,3674.509019694089,6320201052,35.222605,-79.403749
Seiurus aurocapilla,-693.7178222789356,-5590.970055959021,2974.8214309601144,6320228496,27.835264,-97.073011
Seiurus aurocapilla,1467.9875936663323,-4436.07881166361,4330.816358520451,6320243302,42.82562,-71.689583
Seiurus aurocapilla,1249.8954507681651,-4721.154381526866,4091.2364631754244,6320295014,39.95342,-75.1715
Seiurus aurocapilla,1102.9986087132913,-4734.973356721212,4117.423285259147,6320332108,40.261333,-76.886963
Seiurus aurocapilla,1517.5771290236528,-4447.873407237545,4301.527047494977,6320344659,42.467512,-71.160789
Seiurus aurocapilla,1526.9102142898403,-4452.009575314694,4293.938642840751,6320345699,42.375066,-71.069518
Seiurus aurocapilla,1332.2454654574478,-4636.865253927592,4161.05224268628,6320482389,40.777477,-73.969796
Seiurus aurocapilla,-195.96671715650754,-5492.374520849116,3222.6033417365807,6320933465,30.386006,-92.043434
Seiurus aurocapilla,-713.8591545356152,-5676.674835156905,2802.7702462134603,6333869804,26.099138,-97.167495
Seiurus aurocapilla,1332.912163225502,-4635.352594855407,4162.523827699991,6485750367,40.794956,-73.957222
Setophaga coronata,-2276.8570844881633,-3500.205391556847,4811.884990667365,5938032832,49.049697,-123.043697
Setophaga coronata,-907.4622280183584,-5298.401936104108,3419.532476506933,5938049778,32.461535,-99.718804
Setophaga coronata,1201.289828256577,-4741.5871040714,4082.1572253783315,5938070374,39.846987,-75.78315
Setophaga coronata,1098.6350325439869,-5170.77085096459,3556.105032442016,5938071192,33.929325,-78.004731
Setophaga coronata,-555.8822325549921,-5503.740282597003,3160.6314202902818,5938092748,29.742042,-95.767362
Setophaga coronata,-652.6863751731105,-5326.0359526132015,3434.6898923792833,5938105892,32.623237,-96.986555
Setophaga coronata,-721.827650124967,-5595.9182993542645,2958.7862984920994,5938128921,27.67231,-97.3501
Setophaga coronata,-616.2273052606643,-5334.311970881173,3428.575919422294,5938145880,32.557977,-96.58968
Setophaga coronata,-2680.6709530644966,-4305.363044634663,3855.8533977535844,5938155523,37.244578,-121.90785
Setophaga coronata,-755.3533528198648,-5446.3660541094505,3218.119209523706,5938180310,30.339269,-97.89595
Setophaga coronata,861.0030038793266,-5489.496782535335,3116.7053167603785,5938183301,29.288094,-81.086036
Setophaga coronata,-617.7050007666295,-5301.832041643072,3478.3287170582635,5938188102,33.090428,-96.645447
Setophaga coronata,-528.0394573182416,-5546.716015277188,3089.4771251880234,5938193103,29.00772,-95.438088
Setophaga coronata,-744.7195941943833,-5442.437691403508,3227.2306751905485,5938195483,30.434259,-97.791716
Setophaga coronata,-2650.1501876139137,-4486.673531572221,3665.544670830875,5938203665,35.123979,-120.569136
Setophaga coronata,-645.185052419394,-5555.56354159518,3051.0986731193143,5938204381,28.613815,-96.624265
Setophaga coronata,-741.6044568725181,-5439.913511381789,3232.2000166929815,5938242412,30.486105,-97.763078
Setophaga coronata,742.2859970405815,-4752.604008553915,4177.501617731842,5938264899,40.97312,-81.12297
Setophaga coronata,-446.34805368375925,-5416.643565618854,3324.22908772696,5938311776,31.451348,-94.710705
Setophaga coronata,-686.313315367907,-5315.639012083729,3444.228368740911,5938358478,32.725145,-97.356879
Setophaga coronata,-612.0226250478846,-5315.339948398443,3458.6619766994545,5938375752,32.879574,-96.568266
Setophaga coronata,-542.4048174204174,-5506.096060221828,3158.8694685482365,5938402065,29.723794,-95.626048
Setophaga coronata,1493.2605217931819,-4564.85696400801,4185.929650851643,5938404100,41.073585,-71.885993
Setophaga coronata,-1485.571329039225,-4992.891705992297,3667.950840489468,5938422997,35.15044,-106.569703
Setophaga coronata,1026.5367376833392,-4965.827984534579,3857.0102260529625,5938425545,37.257648,-78.320323
Setophaga coronata,-650.4817529751335,-5520.2777557796535,3113.3840299211706,5938471608,29.253853,-96.720456
Setophaga coronata,-652.6061001725371,-5325.976817254401,3434.796842575077,5938481615,32.624379,-96.985781
Setophaga coronata,32.65542183385192,-5405.422447223424,3371.957134981913,5938489024,31.955862,-89.653867
Setophaga coronata,-1970.7607940880798,-4942.714589004131,3503.6306189163956,5938490334,33.362445,-111.738175
Setophaga coronata,336.81305419461586,-5250.029462811362,3593.535965565695,5938490802,34.336004,-86.329248
Setophaga coronata,-612.2584864303573,-5339.4819697907105,3421.2314990002305,5938524757,32.479646,-96.541324
Setophaga coronata,-649.5759440726481,-5281.125853816469,3503.9283581019226,5938621101,33.365651,-97.012133
Setophaga coronata,-2607.68231992134,-4326.940504471398,3881.6661266538504,5938629437,37.536756,-121.07577
Setophaga coronata,-709.4284523375145,-5599.857847252421,2954.3284332072685,5938690143,27.627051,-97.22016
Setophaga coronata,-709.4677444725254,-5599.859158269511,2954.3165126261592,5938705087,27.62693,-97.220554
Setophaga coronata,-2487.2875693029837,-4649.284339986254,3575.9346754697385,6129849848,34.144526,-118.146019
Setophaga coronata,-2616.53714956228,-4232.646995962683,3978.46526718608,6129851380,38.642853,-121.723522
Setophaga coronata,-2449.914693331249,-4762.838301381351,3450.078613593015,6129857156,32.787706,-117.22044
Setophaga coronata,-1818.4319957707376,-4309.067919911834,4326.082739386914,6129867755,42.767604,-112.879805
Setophaga coronata,298.7046562127373,-5195.035537579524,3675.885528865132,6129880389,35.23776,-86.709225
Setophaga coronata,696.2207393965409,-5186.479459001491,3633.9318421053495,6129912164,34.777121,-82.354455
Setophaga coronata,-2152.0806571466746,-3840.077606597309,4605.660207844523,6129920889,46.295186,-119.267419
Setophaga coronata,1436.9179283403344,-4569.052664935881,4201.044839314844,6129921843,41.254149,-72.542199
Setophaga coronata,-670.8485164674818,-5315.955158088741,3446.78635178053,6129974172,32.752494,-97.192438
Setophaga coronata,-741.3626519159528,-5452.371533409079,3211.195915806432,6129977904,30.267153,-97.743061
Setophaga coronata,-2499.5136224556654,-3833.570131280135,4432.372370344441,6129987588,44.083795,-123.104622
Setophaga coronata,63.512923454533805,-5216.28319542078,3657.336307123324,6130002882,35.033775,-89.302407
Setophaga coronata,-2428.830849291912,-4753.334910381427,3477.979451485382,6130015234,33.086679,-117.065854
Setophaga coronata,-2699.7538225884405,-4250.946683689102,3902.6317683749216,6130021895,37.774914,-122.419415
Setophaga coronata,-814.0552979792703,-5479.42420394802,3146.8996639069896,6130031847,29.599914,-98.450386
Setophaga coronata,-2686.394746443049,-4253.979025237632,3908.5417803573373,6130042746,37.842187,-122.272478
Setophaga coronata,-2622.38350352629,-4534.738468831787,3626.155665357977,6130045574,34.692024,-120.040267
Setophaga coronata,-2510.9057701899224,-4656.367978832439,3550.11867246833,6130046628,33.864465,-118.335378
Setophaga coronata,1294.255061940236,-4782.442434879945,4005.359075211497,6130047593,38.953187,-74.85698
Setophaga coronata,-2678.285403328511,-4307.062448738277,3855.6132444351188,6130063139,37.241865,-121.874826
Setophaga coronata,1333.8987331696653,-4695.5243929555445,4094.2054143002224,6130064907,39.98826,-74.141278
Setophaga coronata,-688.3402717458051,-5317.679272394272,3440.672602256522,6130082426,32.687142,-97.375568
Setophaga coronata,-2704.3495786283356,-4135.360228254161,4021.820765377776,6130084852,39.143814,-123.182978
Setophaga coronata,1206.9110647692698,-4824.482583261395,3982.1459811541813,6130091746,38.685246,-75.954922
Setophaga coronata,-600.8248386993431,-5452.85687695122,3239.6164159303075,6130098254,30.563533,-96.28779
Setophaga coronata,-732.2009945622253,-5455.454372407126,3208.0605393015094,6130101391,30.234511,-97.644242
Setophaga coronata,-667.3822438974371,-5308.878672057831,3458.3466158812566,6130113992,32.876197,-97.1651
Setophaga coronata,-2518.0899087784587,-4637.168931789798,3570.1037294494663,6130115286,34.081189,-118.502983
Setophaga coronata,-545.2003784113102,-5512.564289131844,3147.0851013669667,6130122017,29.601832,-95.648265
Setophaga coronata,-2562.2499998550516,-4262.493597970624,3981.9312393836826,6130140486,38.682772,-121.010719
Setophaga coronata,-2436.333380606394,-4761.163285843614,3461.9874283069385,6130141504,32.915192,-117.099266
Setophaga coronata,984.7285193770913,-5065.643534594088,3736.217131434942,6130156183,35.904815,-78.999268
Setophaga coronata,-2682.4566213836656,-4293.233780689127,3868.116248049184,6130166492,37.383241,-121.997566
Setophaga coronata,-528.4232974568305,-5080.246158364116,3808.0993840509113,6130167222,36.707003,-95.938283
Setophaga coronata,987.5485207213707,-5148.567991168826,3620.3243900526745,6130169535,34.628268,-79.141956
Setophaga coronata,1222.625437411993,-4954.723140472488,3813.877131048798,6130169807,36.771843,-76.13863
Setophaga coronata,-2448.1363886331096,-4748.439300250327,3471.1245388441566,6130190398,33.013131,-117.274117
Setophaga coronata,-2609.2174766325447,-4267.790349913484,3945.592834859937,6130191288,38.265345,-121.440545
Setophaga coronata,-545.0818665357531,-5511.38859484897,3149.164118463825,6130192362,29.623338,-95.648242
Setophaga coronata,-750.3883700843462,-5689.074720753992,2767.869080248826,6130200383,25.750145,-97.513933
Setophaga coronata,-2518.9177449165413,-4636.520600949791,3570.361780126798,6130202801,34.083991,-118.514242
Setophaga coronata,974.1146266600848,-5056.002415779757,3752.025239178646,6130206139,36.080525,-79.094733
Setophaga coronata,-2433.665155716017,-4767.648079784571,3454.932535789616,6130208707,32.839646,-117.042222
Setophaga coronata,-2682.6015271533984,-4290.020908484029,3871.578848604476,6130224222,37.422441,-122.018236
Setophaga coronata,1005.5809196406162,-5112.18885769463,3666.617682141819,6130228899,35.135778,-78.871842
Setophaga coronata,506.00625180732226,-5509.948179220069,3158.1928163300595,6130251128,29.716787,-84.752958
Setophaga coronata,-448.2081139943335,-5421.95861043427,3315.3020138389747,6130265293,31.357286,-94.725631
Setophaga coronata,-2500.868129743741,-4643.803143951433,3573.584207422046,6130272248,34.118989,-118.304187
Setophaga coronata,-630.7995213715077,-5302.043183530182,3475.6557904222964,6130280485,33.061741,-96.784754
Setophaga coronata,-612.0419212419074,-5315.337726546958,3458.6619766994545,6130283591,32.879574,-96.568474
Setophaga coronata,-2697.0979189011896,-4221.952238069237,3935.8017283646877,6130284037,38.153283,-122.571547
Setophaga coronata,1224.6242709322191,-4716.964911162886,4103.692307127725,6130303387,40.099706,-75.446113
Setophaga coronata,1238.0891888672315,-4775.45053129871,4031.372038550447,6130303703,39.254655,-75.465439
Setophaga coronata,-2500.8005015910508,-3805.9327019535526,4455.404162264061,6130322207,44.372854,-123.308097
Setophaga coronata,-25.59486009517193,-5515.8744752138655,3188.138454725312,6130337329,30.027357,-90.265863
Setophaga coronata,-718.1653406230024,-5435.197954914545,3245.399030026666,6130339568,30.623947,-97.527022
Setophaga coronata,298.6608968011695,-5195.014918968709,3675.918224075706,6130367781,35.23812,-86.709693
Setophaga coronata,974.1147581577198,-5056.00072320629,3752.0274858473826,6130371780,36.08055,-79.094728
Setophaga coronata,-2697.6160423522397,-4231.8108174850995,3924.8436940516967,6130392400,38.028069,-122.515938
Setophaga coronata,-560.4490324908819,-5515.287078691349,3139.62711978313,6130396113,29.524722,-95.80233
Setophaga coronata,-1970.4809252239916,-4942.896342882707,3503.5316177426735,6130402949,33.361379,-111.734651
Setophaga coronata,-2669.683285100992,-4296.61895907893,3873.191165875149,6130412193,37.440701,-121.85455
Setophaga coronata,-2315.8107074397526,-4809.732948019491,3477.5340207854997,6130423874,33.081898,-115.710083
Setophaga coronata,-2300.4211472217858,-3646.915308553904,4690.183835131351,6130450417,47.406681,-122.243133
Setophaga coronata,-2700.6832082401884,-4259.40572004133,3892.7530425761815,6130450980,37.662602,-122.376808
Setophaga petechia,-1119.8561497995463,-3746.6264416654444,5029.758010088249,5157778631,52.136562,-106.641258
Setophaga petechia,-2002.594552033106,-4846.464176059409,3618.169866108771,5276762520,34.604724,-112.450773
Setophaga petechia,56.38807323249827,-4793.348214250638,4196.473091992224,5276870934,41.199483,-89.326014
Setophaga petechia,-256.80780118534483,-4506.751768813721,4495.886050293332,5277042031,44.884412,-93.261353
Setophaga petechia,1532.7850874509713,-4474.565721826587,4268.323395247819,5277061256,42.064006,-71.090845
Setophaga petechia,604.8280528232996,-4837.795925650453,4101.1787010511125,5277089014,40.07016,-82.873776
Setophaga petechia,1323.587984889672,-4314.7815382438375,4496.724169121702,5277117796,44.895051,-72.946256
Setophaga petechia,1045.2494177707504,-4789.009508135507,4069.716785639396,5277326289,39.701419,-77.687706
Setophaga petechia,-815.9006461623205,-4285.547546782389,4643.074572902829,5277368807,46.784356,-100.779213
Setophaga petechia,-525.8353907607462,-4237.911601935751,4727.933536512468,5277385508,47.910718,-97.073047
Setophaga petechia,556.5236669664082,-4727.66148187281,4234.29468159691,5277392930,41.653117,-83.28624
Setophaga petechia,112.32682861508619,-4335.078169181502,4667.358254980721,5277451608,47.104241,-88.515733
Setophaga petechia,1241.193284553385,-4695.857323455475,4122.877194121429,5277477241,40.325638,-75.194363
Setophaga petechia,-1418.3797569629899,-4211.7943869027295,4564.946882184908,5277510498,45.7678,-108.611661
Setophaga petechia,-1418.928300695244,-4213.303880132098,4563.383177076778,5277529943,45.747644,-108.612152
Setophaga petechia,-1312.2671918399183,-3674.927079824487,5036.131343091707,5277544172,52.230043,-109.650965
Setophaga petechia,1332.5571914270308,-4635.379816641,4162.607165795349,5277554878,40.795946,-73.961364
Setophaga petechia,564.9103657948785,-4728.655329513103,4232.073744981561,5277562764,41.626391,-83.187428
Setophaga petechia,112.40785383155281,-4335.061156614316,4667.37210563805,5277578226,47.104424,-88.514657
Setophaga petechia,-643.245469876551,-5295.52907894075,3483.297312784779,5277708449,33.143778,-96.925762
Setophaga petechia,482.0331807401415,-4919.624842734954,4019.289557756204,5277726760,39.114469,-84.403925
Setophaga petechia,564.9680723311193,-4729.710261332866,4230.887028835264,5277748076,41.612115,-83.188244
Setophaga petechia,120.83544537979742,-4327.542645020746,4674.133778610123,5277815102,47.193837,-88.400579
Setophaga petechia,538.9548633880427,-4696.425584865016,4271.166996352766,5277917978,42.098462,-83.453459
Setophaga petechia,-1979.636283604105,-3808.660000515546,4707.961588074873,5277939414,47.643445,-117.464165
Setophaga petechia,-2432.694418109119,-4767.8728805418505,3455.30594778114,5278006174,32.843643,-117.031873
Setophaga petechia,-2462.0769730484712,-4655.809615763353,3584.8803229992805,5278016645,34.241788,-117.870702
Setophaga petechia,-1244.3145736380063,-4723.526528986257,4090.1994451948844,5278060304,39.941255,-104.758097
Setophaga petechia,195.62529234100447,-4733.288957871383,4259.983511231794,5278086797,41.963059,-87.633331
Setophaga petechia,850.5168916424931,-4533.193264829872,4395.057789200196,5278154737,43.618452,-79.373713
Setophaga petechia,-140.273146137219,-4400.240970854962,4605.209655657338,5278187864,46.289322,-91.825886
Setophaga petechia,1407.3633098797127,-4506.323547037099,4278.098845644036,5278198885,42.182534,-72.65597
Setophaga petechia,77.00819427238753,-4684.434355220268,4317.394774551478,5278210863,42.661264,-89.05819
Setophaga petechia,445.78958594948114,-4920.713014267817,4022.139754651964,5278301113,39.147513,-84.823448
Setophaga petechia,75.84998218760073,-4680.274086028277,4321.924847742235,5278347678,42.716689,-89.071528
Setophaga petechia,560.1380583301252,-4727.552885722273,4233.939323843293,5278385727,41.64884,-83.242885
Setophaga petechia,-266.21391657466944,-4603.292496886827,4396.428262624656,5278406344,43.635479,-93.309797
Setophaga petechia,1240.4951394868108,-4696.366728025465,4122.507064212555,5278458189,40.321272,-75.20386
Setophaga petechia,195.5747054397694,-4733.236279113146,4260.044364834328,5278475167,41.963795,-87.633916
Setophaga petechia,88.55606055063711,-4674.060670370326,4328.402453967802,5278516732,42.796028,-88.914588
Setophaga petechia,-1970.6970919825876,-4942.724583327482,3503.6523507190277,5278631974,33.362679,-111.737498
Setophaga petechia,1145.7967999402272,-4593.003873554155,4263.943977169576,5278659507,42.010977,-75.992574
Setophaga petechia,314.4548183744739,-4664.126856943927,4328.601617059819,5278705223,42.798469,-86.142963
Setophaga petechia,329.1651343737487,-4683.440147393079,4306.598638110689,5278723619,42.529373,-85.979705
Setophaga petechia,824.2920494280602,-5443.2518061304845,3206.4474924726796,5278790092,30.217722,-81.388911
Setophaga petechia,-596.5942568449581,-4915.0976496416615,4009.444290280645,5278820626,39.000446,-96.920703
Setophaga petechia,-703.333645617915,-5412.080986342149,3287.012976836726,5278893618,31.059831,-97.404446
Setophaga petechia,482.0914855303208,-4919.056604042236,4019.9779919155108,5279234671,39.122449,-84.40261
Setophaga petechia,824.2964591841927,-5443.242421751005,3206.4622896744154,5279250506,30.217876,-81.388851
Setophaga petechia,564.9379532523111,-4728.639610720721,4232.087625578599,5279262432,41.626558,-83.187076
Setophaga petechia,-313.54494264251286,-4759.130737535811,4223.993054168364,5279264165,41.529244,-93.76936
Setophaga petechia,-76.15688784530495,-5049.763992968644,3883.7915589573713,5279427272,37.560865,-90.864028
Setophaga petechia,803.0752117275274,-4696.02538215161,4229.913585899131,5279457817,41.600407,-80.295627
Setophaga petechia,191.18803217379912,-4724.943747667105,4269.438704023338,5279480818,42.077518,-87.682873
Setophaga petechia,-2054.8224697189485,-3638.4863023081903,4809.248920105013,5279491448,49.013539,-119.455438
Setophaga petechia,-2512.879034756572,-4361.131064093289,3905.858155150907,5279544718,37.811632,-119.9505
Setophaga petechia,-255.797799193793,-4511.071229397384,4491.609620048054,5279596045,44.830158,-93.24545
Setophaga petechia,120.83272214126748,-4327.539864679831,4674.136423184955,5279629651,47.193872,-88.400614
Setophaga petechia,616.5723293679707,-4677.02949059564,4281.93727609757,5279645342,42.229136,-82.490009
Setophaga petechia,811.8168141208806,-4483.477598925588,4452.99171455781,5279712149,44.34251,-79.736735
Setophaga petechia,75.91839448283933,-4687.909182756925,4313.640808097017,5279737200,42.615372,-89.072204
Setophaga petechia,-538.9761933174309,-4230.0720451527195,4733.471061021919,5279761406,47.985068,-97.261237
Setophaga petechia,-1256.3490631434258,-4733.550735087018,4074.903385305377,5279770571,39.762071,-104.864371
Setophaga petechia,445.66924873763634,-4988.342741856731,3937.9650506539974,5279778410,38.178028,-84.894627
Setophaga petechia,-1255.4476832072107,-4744.75162888515,4062.134441965062,5279806155,39.612847,-104.820657
Setophaga petechia,605.1947076006879,-4837.501550934688,4101.4718382885485,5279815337,40.073605,-82.869071
Setophaga petechia,565.0172140236377,-4728.589077525335,4232.133506098609,5279849731,41.62711,-83.186057
Setophaga petechia,-2673.5303207036413,-4285.527572737823,3882.8136933491387,5279925765,37.549772,-121.958015
Setophaga petechia,564.7599445012734,-4728.612595658563,4232.141568395786,5279929997,41.627207,-83.189164
Setophaga petechia,-1994.9800283089833,-4851.614238209799,3615.473288509497,5280077516,34.575266,-112.352427
Setophaga petechia,381.39242486293045,-4476.87170495386,4516.847649115269,5280175318,45.151091,-85.130631
Setophaga petechia,1313.9069286404838,-4521.266112345691,4292.033836528138,5280189507,42.351882,-73.79582
Setophaga petechia,456.0197659340338,-4909.0952694201405,4035.1682416612707,5280261391,39.298758,-84.692863
Setophaga petechia,565.0472591072894,-4728.598133659839,4232.119376270176,5280285688,41.62694,-83.185711
Setophaga petechia,1423.7082129778737,-4533.935807907283,4243.375324403077,5280307344,41.762506,-72.567109
Setophaga petechia,-2282.212323221504,-3561.976964929526,4763.777927519794,5280314359,48.393901,-122.648299
Setophaga petechia,556.4997393666492,-4727.669284126233,4234.2891150335545,5280317868,41.65305,-83.286537
Setophaga petechia,-1327.9203546731037,-3659.4241765907873,5043.311943267552,5280344473,52.335601,-109.944663
Setophaga petechia,1531.7606288002569,-4474.501463841721,4268.758502868624,5280360315,42.069277,-71.102334
Setophaga petechia,564.240981120507,-4728.40227608562,4232.445765796642,5280413168,41.630867,-83.195064
Setophaga petechia,875.5553232820183,-4776.817087113401,4123.7330808154165,5280424644,40.335735,-79.613399
Setophaga petechia,-1532.570120055743,-3661.253175781111,4983.593797614578,5280462785,51.465202,-112.71378
Setophaga petechia,-2432.7301060588597,-4767.993187506147,3455.1148062904163,5280605507,32.841597,-117.031628
Setophaga petechia,564.7094943375566,-4728.642946224153,4232.11438926301,5280608385,41.62688,-83.18981
Setophaga petechia,1193.8533327705545,-4691.471411449179,4141.806773023716,5280651610,40.549307,-75.722797
Setophaga petechia,1551.9820046110333,-4459.102022477887,4277.559367229702,5280669592,42.175987,-70.809645
Setophaga petechia,-1995.0499092113923,-3901.8060375355326,4624.439277889192,5280730353,46.54016,-117.081318
Setophaga petechia,514.3138235521809,-4685.920329187594,4285.718736581649,5280805685,42.27508,-83.736443
Setophaga petechia,564.0678551052987,-4728.3276322613865,4232.5522308068175,5280861584,41.632148,-83.197026
Setophaga petechia,158.09892031295763,-4745.7573220750355,4247.651739613842,5280925341,41.814086,-88.091969
Setophaga petechia,1321.6080050431076,-4348.503867635705,4464.708223819417,5280972788,44.490029,-73.094795
Setophaga petechia,75.92162730676478,-4688.027947458688,4313.511678439135,5280982960,42.613794,-89.072188
Setophaga petechia,308.4930519431858,-4677.548578480173,4314.524824651995,5281007714,42.626176,-86.226701
Setophaga petechia,537.8204563052936,-4729.917597378643,4234.191990033618,5281048333,41.651881,-83.512982
Setophaga petechia,-2512.873701785463,-4361.12902294702,3905.8638652366826,5281111594,37.811697,-119.950459
Setophaga petechia,564.8611507235898,-4728.656075920717,4232.0794800829,5281112472,41.62646,-83.188017
Setophaga petechia,1365.8202151537146,-4640.996320737966,4145.532706474713,5281258386,40.59342,-73.601128
Setophaga petechia,-1901.1939800459784,-5364.510009465246,2863.0834668695143,5938447990,26.704713,-109.514437
Setophaga petechia,-714.1411226603282,-5677.533093758399,2800.9593991846905,6320931312,26.081005,-97.169224
Setophaga petechia,1067.687889677887,-5640.69677754209,2762.66819646133,6399215558,25.698227,-79.281689
Sialia sialis,-1495.9626720836472,-4994.015243083605,3662.193409045784,5938030928,35.087139,-106.675644
Sialia sialis,1399.938375473068,-4531.290426271834,4254.0959964876765,5938073631,41.891892,-72.83151
Sialia sialis,175.91887759991613,-5099.391555406158,3815.1030710629293,5938135192,36.785608,-88.024193
Sialia sialis,443.76118631234635,-5352.739185499839,3426.51606609609,5938147728,32.536001,-85.260813
Sialia sialis,1475.4273173920494,-4440.534593321041,4323.715981223775,5938201214,42.738617,-71.620239
Sialia sialis,1030.4449998492555,-4832.698589646171,4021.561956950932,5938201367,39.140813,-77.963443
Sialia sialis,14.966304667340045,-4878.609316576368,4097.4016492914525,5938212034,40.025787,-89.824232
Sialia sialis,734.796091427401,-5486.122092329469,3154.7253797684166,5938264878,29.680888,-82.371362
Sialia sialis,1154.974737722522,-4755.536616755862,4079.296259355825,5938271713,39.813483,-76.348913
Sialia sialis,1011.3824757251882,-5069.986564877537,3723.1834294639166,5938304029,35.760236,-78.718484
Sialia sialis,-398.0584255865498,-5107.031808832499,3788.077180189184,5938354488,36.482728,-94.456806
Sialia sialis,1526.1961946401386,-4507.419592985507,4235.994206548656,5938442470,41.673576,-71.294083
Sialia sialis,1125.8639293033036,-4816.613927961712,4015.2725699927787,5938456981,39.067924,-76.84356
Sialia sialis,1160.3736778396585,-4819.932913238881,4001.4413364849993,5938492080,38.907895,-76.463925
Sialia sialis,1121.4517740398333,-4806.767556277888,4028.2855792625533,5938522156,39.218818,-76.867417
Sialia sialis,1190.217855418992,-4741.953650450894,4084.973704113001,5938565765,39.879986,-75.909986
Sialia sialis,-772.6221579632027,-5239.78305823867,3540.830641713428,5938617140,33.76393,-98.387996
Sialia sialis,1334.3278014211733,-4601.218615348894,4199.7749584708445,5938641255,41.23896,-73.828135
Sialia sialis,1520.6454134841022,-4461.0215591330025,4286.802690243366,5938679328,42.288256,-71.177101
Sialia sialis,1476.7081014520734,-4440.670092515521,4323.139535363327,5938683347,42.731559,-71.605881
Sialia sialis,-522.5929302999524,-5514.48347853008,3147.558057271817,6129824433,29.606724,-95.413601
Sialia sialis,1232.0290314880658,-4711.838109772796,4107.364023621565,6129841507,40.142888,-75.346639
Sialia sialis,175.3528525967003,-5194.72525532002,3684.2684522852014,6129841623,35.330115,-88.066661
Sialia sialis,-641.0780115109906,-5299.823054071995,3477.160868921877,6129844267,33.077893,-96.897112
Sialia sialis,-661.8246012187689,-5157.099941382853,3681.855717092676,6129850538,35.303523,-97.312951
Sialia sialis,815.2356032844965,-5393.77001243352,3291.2594996122225,6129864294,31.104423,-81.405145
Sialia sialis,-1278.2103020373816,-4726.828208866615,4075.9080751785564,6129869694,39.773826,-105.131792
Sialia sialis,-993.3337467890416,-5347.695076846962,3317.408410526844,6129883694,31.379472,-100.522756
Sialia sialis,1100.2240456257048,-4825.704495336725,4011.4631124804523,6129928021,39.023812,-77.15653
Sialia sialis,1552.5958839965683,-4349.073410376546,4389.163886417328,6129942221,43.54528,-70.353708
Sialia sialis,1088.0126018094395,-4826.080507678786,4014.340374380848,6129951221,39.057127,-77.295386
Sialia sialis,482.4837190561803,-4700.203759143797,4273.76265286851,6129963432,42.12993,-84.139022
Sialia sialis,1251.5493657332158,-4692.880516594127,4123.135914783972,6129964247,40.32869,-75.067277
Sialia sialis,1158.2044053064976,-4818.868329334506,4003.351559598899,6129965665,38.929975,-76.485426
Sialia sialis,487.3709996073506,-5252.21183525287,3573.0230164454374,6129993351,34.112893,-84.698507
Sialia sialis,934.6882807886318,-5272.072053107309,3452.733296140713,6130028427,32.816109,-79.946468
Sialia sialis,1123.6620604010675,-4806.494154148515,4027.995860205024,6130072288,39.215455,-76.841711
Sialia sialis,-546.8661014410455,-5510.934824650753,3149.6488622104644,6130077607,29.628353,-95.667074
Sialia sialis,1469.3370789495789,-4451.314522397134,4314.695898994241,6130079633,42.628267,-71.732429
Sialia sialis,159.8444525351222,-4745.671849775167,4247.681906042721,6130092425,41.81445,-88.070884
Sialia sialis,-663.5226656110194,-5314.599575419325,3450.293053473953,6130112568,32.79,-97.1165
Sialia sialis,1100.148752434538,-4825.577105040133,4011.6370044542496,6130119380,39.025825,-77.157052
Sialia sialis,1224.3566626403187,-4712.464193890768,4108.939658065464,6130125019,40.161427,-75.435852
Sialia sialis,-661.326845262508,-5439.8703876246955,3249.6476884820167,6130145100,30.668359,-96.931453
Sialia sialis,1092.297237949114,-4829.249475419684,4009.3627146723543,6130177836,38.999502,-77.255083
Sialia sialis,539.5177114707377,-5467.915174951992,3224.9926214204784,6130184362,30.410918,-84.364881
Sialia sialis,589.2944987723749,-5320.088174407402,3455.3070688326047,6130198653,32.843655,-83.679239
Sialia sialis,1288.165501251768,-4750.37132777517,4045.288002023315,6130199627,39.416462,-74.82788
Sialia sialis,-692.7853019343446,-5316.505176511402,3441.594741283267,6130268363,32.696996,-97.424288
Sialia sialis,1517.0617910885148,-4474.231926606553,4274.2865274372225,6130279175,42.136283,-71.269928
Sialia sialis,-664.5112304236337,-5151.187758892142,3689.639904781774,6130328465,35.389348,-97.350649
Sialia sialis,1492.2491974368502,-4447.031773173958,4311.247368315555,6130340048,42.58613,-71.45027
Sialia sialis,809.0451602920746,-5529.183389752421,3059.9558985010444,6130357882,28.704591,-81.675401
Sialia sialis,-860.1176475221555,-5466.13814047225,3157.734091302333,6130377038,29.712037,-98.942385
Sialia sialis,857.5895092581662,-5488.873804517973,3118.7429713530673,6130407209,29.309107,-81.11982
Sialia sialis,-640.7953496997353,-5105.6547074360005,3756.5175971792323,6130409434,36.13053,-97.153616
Sialia sialis,-732.8574142400166,-5456.451734911964,3206.2139050049495,6130414938,30.215291,-97.649632
Sialia sialis,1307.2868497981501,-4501.106279175428,4315.182091822984,6130421126,42.63421,-73.804759
Sialia sialis,539.4171146855562,-5459.595742109957,3239.0734228783017,6130454241,30.557862,-84.357395
Sialia sialis,1146.697552398784,-4810.277546129301,4016.9724647057687,6130519730,39.087617,-76.591797
Sialia sialis,1027.0431736158912,-5056.677789908933,3736.9700531644808,6130521647,35.913175,-78.519037
Sialia sialis,1210.5321788638178,-4740.933431359313,4080.1856787445668,6130541764,39.823897,-75.67636
Sialia sialis,583.9020894933325,-5321.794187911807,3453.594953243774,6130586173,32.82533,-83.738608
Sialia sialis,1081.2975101183592,-5072.942849471915,3699.4323443308217,6130607968,35.497445,-77.967475
Sialia sialis,595.0932591808958,-5310.332374904921,3469.292033051059,6130609143,32.99348,-83.605924
Sialia sialis,1251.5491493697978,-4692.881021161105,4123.135406170293,6130623408,40.328684,-75.067281
Sialia sialis,-662.743721878314,-5318.251421990026,3444.811417376774,6130624337,32.731378,-97.1034
Sialia sialis,497.7868571261162,-5266.094731730786,3551.085418711748,6130629250,33.874936,-84.600061
Sialia sialis,-542.5971038017063,-5309.083608365015,3479.794929591878,6130639362,33.106168,-95.835462
Sialia sialis,-919.3237588040561,-5451.008561749044,3167.1915976010096,6130695447,29.810013,-99.572966
Sialia sialis,552.419424908509,-5460.680518419149,3235.050878180861,6130747359,30.515861,-84.223433
Sialia sialis,-697.8477405790073,-5306.580610759892,3455.8593550885994,6130769455,32.849567,-97.491755
Sialia sialis,750.6406212234699,-5515.3998207125405,3099.4606958519016,6130774663,29.110434,-82.249718
Sialia sialis,-546.1369659528326,-5514.755121234605,3143.0818469957103,6130776750,29.560434,-95.655672
Sialia sialis,1251.547460267015,-4692.880279989839,4123.136762473337,6130791711,40.3287,-75.067298
Sialia sialis,824.055913164272,-5442.850721127021,3207.188957511469,6130812422,30.225439,-81.390716
Sialia sialis,430.64104165422634,-5174.28528874234,3692.02832784704,6130820544,35.4157,-85.2424
Sialia sialis,865.0938436994041,-5531.069562137715,3041.156896653727,6130831891,28.512017,-81.110602
Sialia sialis,214.41545953925265,-5023.882273502802,3912.0820597697502,6130841588,37.882515,-87.556143
Sialia sialis,524.8029879193411,-5281.941932868832,3523.5528052450454,6130841910,33.577225,-84.325831
Sialia sialis,553.5025053121506,-5459.198833505539,3237.3656269476833,6130858384,30.540028,-84.210624
Sialia sialis,592.7017786598109,-5318.026797610621,3457.8965732286233,6130987679,32.871378,-83.640547
Sialia sialis,1088.5220303894537,-4840.051626763296,3997.34576554246,6130990591,38.860578,-77.325133
Sialia sialis,984.1580452112687,-5065.765557732612,3736.202000135079,6131032713,35.904647,-79.005744
Sialia sialis,-661.3511138941363,-5288.081043295109,3491.212785461712,6131038479,33.228837,-97.128654
Sialia sialis,-699.6400888263043,-5320.207129619504,3434.480015043086,6131044859,32.620996,-97.491759
Sialia sialis,-662.8297464271582,-5137.44157006225,3709.057019125625,6131055838,35.603832,-97.351656
Sialia sialis,-741.5505176834131,-5518.5212823897855,3096.090892595355,6131074199,29.075753,-97.653268
Sialia sialis,1250.5589512075908,-4644.421489614699,4177.94261162563,6131080972,40.978373,-74.929927
Sialia sialis,-0.8526809567553179,-5496.739390343598,3221.1191342851184,6131082388,30.370534,-90.008888
Sialia sialis,1213.615549980097,-4725.615191101044,4097.005185761788,6131087362,40.021131,-75.596772
Sialia sialis,-679.1355086864244,-5314.029146178762,3448.133165073716,6131096431,32.766897,-97.282949
Sialia sialis,-481.796842766355,-5501.095558223254,3177.353079415977,6131125104,29.915389,-95.005306
Sialia sialis,1641.938591179403,-4217.076984747911,4484.423318240897,6131132978,44.739102,-68.726317
Sialia sialis,176.291550614406,-5474.892479147085,3253.340861428152,6131175979,30.706981,-88.155713
Sialia sialis,-666.4759110160667,-5317.66180800296,3445.001579886347,6131186523,32.733411,-97.143774
Sialia sialis,1211.4964032769903,-4947.109990916154,3827.287855949945,6131220563,36.922555,-76.23966
Sialia sialis,186.82819254047683,-5475.609618415644,3251.545426849143,6131258126,30.688203,-88.045822
Sialia sialis,1130.8961972850075,-4747.5952881318535,4095.2613959003843,6131263908,40.000656,-76.601605
Sialia sialis,1585.3215778810293,-4488.732005585874,4234.122530868853,6131268382,41.651045,-70.547898
Sitta canadensis,1341.2118132404757,-4710.063211050344,4075.07160055032,5938033650,39.764039,-74.105457
Sitta canadensis,57.73281899167303,-4225.672693570591,4767.610548073381,5938189664,48.445836,-89.217251
Sitta canadensis,1128.0065436623202,-4342.333261394348,4523.438538780068,5938279059,45.2352,-75.438145
Sitta canadensis,846.5007948316123,-4529.312509391635,4399.831556582063,5938297878,43.677783,-79.413897
Sitta canadensis,1343.4109171457314,-4636.136399918,4158.273622397456,5938353966,40.744486,-73.840024
Sitta canadensis,-118.5985464535044,-4406.838861010608,4599.5063612895765,5938387051,46.215147,-91.541594
Sitta canadensis,1166.1107444384932,-4351.9726963188705,4504.472500956976,5938485997,44.993501,-74.999961
Sitta canadensis,1097.710004868588,-4344.8292118949375,4528.492574174465,5938503141,45.299781,-75.821081
Sitta canadensis,1098.4269409109916,-4344.939537089169,4528.212870901468,5938642369,45.296205,-75.81254
Sitta canadensis,1452.3217907107469,-4439.428856052065,4332.664997199346,5938663576,42.848292,-71.884927
Sitta canadensis,498.69158906861776,-4882.122672739575,4062.7500583954024,5938709340,39.620034,-84.167667
Sitta canadensis,-400.737395817905,-4919.510312518679,4028.3471740023715,6129830377,39.219533,-94.656963
Sitta canadensis,1333.6488754533111,-4630.026233388402,4168.211952961936,6129837599,40.862561,-73.931299
Sitta canadensis,-1632.6032078227577,-3653.73231415822,4957.277485874711,6129881589,51.086877,-114.076603
Sitta canadensis,1364.962926582829,-4352.351704419172,4447.883089714859,6129919728,44.278305,-72.587791
Sitta canadensis,158.89237497850718,-4745.674967001047,4247.714144152209,6129932965,41.814839,-88.082367
Sitta canadensis,-1762.3289925878134,-3622.932028632601,4935.414183983947,6129969653,50.774907,-115.940013
Sitta canadensis,886.2219181526793,-4873.162925597907,4007.074611489193,6130020173,38.973029,-79.692965
Sitta canadensis,-2458.5255062640185,-3780.926814497891,4499.999765348607,6130073197,44.93665,-123.0337
Sitta canadensis,-198.15038132053152,-4318.668331170129,4679.700140116691,6130132814,47.267557,-92.627019
Sitta canadensis,-2326.9750724469995,-3520.9226873828825,4772.634866754444,6130135702,48.514,-123.460685
Sitta canadensis,759.722582729019,-4560.93922654435,4382.967955476974,6130147153,43.468454,-80.542982
Sitta canadensis,174.61234580343663,-4728.746114630059,4265.93762750249,6130165871,42.035112,-87.885273
Sitta canadensis,1391.0932183351056,-4619.931568822322,4160.6303713474035,6130251396,40.772467,-73.24259
Sitta canadensis,1365.1325168420076,-4390.054765065621,4410.621895023725,6130386020,43.812108,-72.726383
Sitta canadensis,1098.9098254790028,-4344.965064320146,4528.071213550044,6130403045,45.294394,-75.806635
Sitta canadensis,836.7811574467439,-4505.962991143721,4425.590124114823,6130421587,43.998944,-79.479714
Sitta canadensis,260.95857108029156,-4855.322275705306,4116.734063902722,6130446210,40.253211,-86.923489
Sitta canadensis,1102.221060159667,-4820.335419026215,4017.3658424767955,6130559351,39.092175,-77.12014
Sitta canadensis,1138.2712535443354,-4807.477702814914,4022.7167213177563,6130606496,39.154204,-76.679327
Sitta canadensis,39.71312493994996,-4659.076772406534,4345.247936102939,6130611493,43.002833,-89.511633
Sitta canadensis,-1641.4100409214952,-3664.93819406355,4946.08473855167,6130695401,50.926905,-114.1261
Sitta canadensis,-2294.451348855199,-3628.3205006277685,4707.4979003859635,6130731594,47.637256,-122.308149
Sitta canadensis,-2417.5250894136484,-3752.80820113167,4545.520451747176,6130738073,45.517909,-122.789268
Sitta canadensis,995.090207402435,-4462.727898879687,4436.621271797955,6130780205,44.137014,-77.429933
Sitta canadensis,15.72306728079695,-4438.463532974846,4570.508437940485,6130799459,45.839547,-89.797033
Sitta canadensis,-346.3529420722254,-4959.318275503498,3984.338716958232,6130832589,38.710513,-93.994983
Sitta canadensis,756.6931972724379,-4555.964801380622,4388.661898968738,6130834685,43.539052,-80.569914
Sitta canadensis,1100.3281996897103,-4851.817719500102,3979.8110255877555,6130896382,38.65835,-77.222211
Sitta canadensis,36.57702344971896,-4549.352797124916,4460.022912309386,6130912522,44.430993,-89.539349
Sitta canadensis,1036.257591029777,-5009.235447708267,3797.826162969227,6130985804,36.591848,-78.312122
Sitta canadensis,-2002.3181940211257,-4115.273108194993,4432.268293383933,6131017860,44.082492,-115.945599
Sitta canadensis,-1640.860119128659,-3659.13085761404,4950.564873424775,6131022585,50.990871,-114.152844
Sitta canadensis,-1121.1265447806982,-3749.942612194149,5027.002964542198,6131080805,52.096213,-106.645174
Sitta canadensis,1310.5740119535164,-4555.683332355347,4256.512453190896,6131120878,41.921092,-73.950589
Sitta canadensis,1641.8518440965913,-4217.161573113085,4484.375532665884,6131197439,44.738497,-68.727729
Sitta canadensis,1157.03945307105,-4397.583453548817,4462.316954541457,6131300539,44.459891,-75.25911
Sitta canadensis,-637.2533476328124,-5319.570802206939,3447.582889636684,6131356908,32.761012,-96.831145
Sitta canadensis,729.7480677775081,-4718.142852786614,4218.571903849812,6131381496,41.464152,-81.207816
Sitta canadensis,1387.521144512281,-4442.356725811817,4350.862549408253,6131402024,43.071916,-72.654381
Sitta canadensis,-1640.5802740395318,-3665.1493949267406,4946.2035347302435,6131430800,50.9286,-114.114063
Sitta canadensis,818.8035663773061,-4655.4882404377095,4271.503610265528,6131581151,42.102542,-80.024884
Sitta canadensis,-1515.4955252545642,-3475.9052946906704,5119.678586098174,6131606239,53.474297,-113.557213
Sitta canadensis,-346.3527550745452,-4959.319334201194,3984.3374154491416,6131640636,38.710498,-93.99498
Sitta canadensis,832.5353737096526,-4518.409823168538,4413.684475706619,6133029215,43.850288,-79.560112
Sitta canadensis,-1793.5095773538983,-4481.591993283583,4157.933348594438,6133060861,40.740447,-111.811028
Sitta canadensis,-2319.860017617962,-3648.7524428767324,4679.167472845581,6133118375,47.260498,-122.448013
Sitta canadensis,-6.385590570047386,-5515.863499399529,3188.2537869345497,6133130616,30.028555,-90.06633
Sitta canadensis,-2325.6283338428916,-3531.627644511697,4765.376392586984,6133147498,48.415555,-123.365487
Sitta canadensis,1200.5944339609946,-4334.768972775999,4511.995577067627,6133320143,45.089251,-74.518945
Sitta canadensis,-1663.7088487159153,-3649.1034349241536,4950.340404215304,6133320543,50.987664,-114.509316
Sitta canadensis,825.1508548862695,-4526.867776509299,4406.398453426522,6133369161,43.759496,-79.669623
Sitta canadensis,1158.1162261827967,-4393.566558957368,4465.992927484443,6133390903,44.506227,-75.23309
Sitta canadensis,-242.26354133341758,-4519.858183268772,4483.519098805796,6133433557,44.727655,-93.068107
Sitta canadensis,1092.180061103864,-4515.502653364248,4359.716921001298,6133460205,43.18102,-76.402817
Sitta canadensis,847.2914999978567,-4521.10548531673,4408.112457089518,6133499799,43.780842,-79.385435
Sitta canadensis,679.9127707490929,-4338.4331855760265,4615.784792225735,6147347657,46.427125,-81.093139
Sitta canadensis,-664.4709755673022,-5300.241221944116,3472.128229416422,6147382149,33.023896,-97.145673
Sitta canadensis,-1644.2893786762866,-3655.8213196700317,4951.871974061512,6147403423,51.00955,-114.216924
Sitta canadensis,-213.330522746331,-4314.902199328651,4682.505977355607,6147410087,47.304756,-92.830422
Sitta canadensis,848.140313032849,-4521.0239014629615,4408.032897051315,6147517546,43.779851,-79.374856
Sitta canadensis,-636.10027646256,-4998.808891207915,3898.338009606451,6159160808,37.726077,-97.251934
Sitta canadensis,893.0208645783799,-4909.273270687486,3961.224913939943,6159172620,38.444618,-79.690344
Sitta canadensis,1234.8889561322799,-4378.438825030423,4460.2775531536345,6159218809,44.4342,-74.249497
Sitta canadensis,152.07423560821965,-4746.4204991630995,4247.130678666001,6159267495,41.807799,-88.164884
Sitta canadensis,1332.4792704955048,-4646.066435111922,4150.701001506082,6159281722,40.654658,-73.997252
Sitta canadensis,140.6853980676317,-4695.837901733186,4303.378573759698,6159292998,42.490089,-88.283955
Sitta canadensis,146.03990206396963,-4699.255309705483,4299.467991610985,6159294130,42.442414,-88.219978
Sitta canadensis,-1503.5032505724216,-3473.2516897260507,5125.012566327105,6159295391,53.55497,-113.40685
Sitta canadensis,-1515.0183064246844,-3475.5106141670262,5120.087756248701,6159304300,53.48048,-113.552986
Sitta canadensis,7.564202817975439,-4570.728761797037,4438.258047769924,6159315830,44.157528,-89.90518
Sitta canadensis,-2315.879585169784,-3645.8595951151215,4683.392220322602,6159352522,47.316511,-122.424044
Sitta canadensis,173.6218957563628,-4711.572554266857,4284.937879697988,6159362265,42.26559,-87.8896
Sitta canadensis,-500.2229725157328,-4762.926072913871,4201.674110566191,6159409381,41.261677,-95.99547
Sitta canadensis,908.9771303994969,-4865.65101723141,4011.103823712754,6159424434,39.019653,-79.418258
Sitta canadensis,1245.1861082064454,-4715.781841434204,4098.86158702713,6159454419,40.042935,-75.208827
Sitta canadensis,-2320.590455510421,-3530.964405397204,4768.322916423482,6159612418,48.455495,-123.313378
Sitta canadensis,-1285.5512814576425,-4608.812077491569,4206.6568991050235,6159702605,41.321317,-105.585558
Sitta canadensis,1122.8113397179286,-4757.5775914583655,4085.8907580026503,6162879010,39.890734,-76.720901
Sitta canadensis,527.2786631213701,-4733.658516986368,4231.336359314489,6162897581,41.61752,-83.644067
Sitta canadensis,907.6927704337472,-4368.6937499777305,4547.566589186491,6162925361,45.544177,-78.262532
Sitta canadensis,908.6238709604094,-4801.196141589538,4088.1134280721817,6163095755,39.916791,-79.283542
Sitta canadensis,77.63934236763703,-5045.704131128721,3889.0352381155794,6163109725,37.620378,-89.118447
Sitta canadensis,-1775.4658938832195,-3641.2790521894576,4917.170004527109,6163116516,50.516163,-115.993586
Sitta canadensis,-2390.3957577952297,-4779.8037796658045,3468.3190566446574,6163151193,32.983048,-116.569787
Sitta canadensis,810.0035841182652,-4366.086870112388,4568.471600658716,6163310324,45.81326,-79.489886
Sitta canadensis,-2325.5768206141424,-3532.3062245420683,4764.898563155464,6163378344,48.409081,-123.359848
Sitta canadensis,-1473.9576781044816,-4992.367391360037,3673.3458484764624,6170815779,35.209801,-106.448826
Sitta canadensis,916.6894904595474,-4622.51510273559,4287.398702329867,6170953948,42.295502,-78.783221
Sitta canadensis,899.4378873736474,-4752.984939307122,4146.070281984369,6251911988,40.599787,-79.284264
Sitta carolinensis,965.7648165895855,-4530.339188172827,4374.137433691435,5938098480,43.359129,-77.965984
Sitta carolinensis,480.8474970784127,-4996.67796508942,3923.2318472683605,5938103012,38.009669,-84.503157
Sitta carolinensis,1114.4147023359071,-4825.160403648915,4008.1991068251145,5938122835,38.986038,-76.995055
Sitta carolinensis,-2703.3617167990847,-4341.279769139344,3799.3260618014865,5938133567,36.60865,-121.910967
Sitta carolinensis,586.0025576747189,-4853.652799232442,4085.1448733893394,5938142824,39.881992,-83.115753
Sitta carolinensis,1016.1345509786639,-5075.42341556765,3714.471813958537,5938214829,35.663747,-78.678672
Sitta carolinensis,-2673.5063595907886,-4171.399434286175,4005.189587840009,5938275221,38.951227,-122.65636
Sitta carolinensis,1325.825431725035,-4315.962450589524,4494.931387615369,5938280046,44.872296,-72.923506
Sitta carolinensis,-2619.801010881973,-4237.737770722809,3970.8908798465504,5938300288,38.555693,-121.724665
Sitta carolinensis,-2702.404518247112,-4269.832077459004,3880.115588450576,5938322199,37.519173,-122.329986
Sitta carolinensis,1498.7237846719615,-4484.75921116049,4269.720712745404,5938325900,42.080935,-71.521323
Sitta carolinensis,1466.9934875618749,-4473.7638279987805,4292.216263006581,5938371344,42.354102,-71.845147
Sitta carolinensis,1229.4359557781677,-4943.144386206202,3826.6909905864304,5938381733,36.915841,-76.033052
Sitta carolinensis,177.11123252816415,-4743.552285191906,4249.364241700215,5938420399,41.834753,-87.861726
Sitta carolinensis,1083.7221884952764,-4939.022495092329,3875.7394314907683,5938436499,37.46957,-77.624262
Sitta carolinensis,881.6722285331081,-4987.988921354242,3864.242970047076,5938478517,37.339416,-79.975992
Sitta carolinensis,894.0804300249462,-4776.937494196568,4119.6166679513835,5938487780,40.287187,-79.398831
Sitta carolinensis,1088.527242347733,-4840.053887050358,3997.3416094690983,5938498467,38.86053,-77.32508
Sitta carolinensis,-516.9141001527867,-4073.531710890246,4871.231091121858,5938500213,49.87083,-97.231942
Sitta carolinensis,-428.7224729725191,-4362.338906608255,4623.413180188168,5938500468,46.526746,-95.612897
Sitta carolinensis,901.316518040523,-4399.8065580522525,4518.748047380506,5938528472,45.17533,-78.42292
Sitta carolinensis,22.29884528468017,-4628.11834023864,4378.330334719292,5938560607,43.411014,-89.723944
Sitta carolinensis,1300.1123550083398,-4711.920269445176,4086.229113550023,5938618421,39.8947,-74.574762
Sitta carolinensis,-1635.201469142747,-3670.4459480763567,4944.056616508421,5938672865,50.897977,-114.013204
Sitta carolinensis,1517.1187755224555,-4447.857950595574,4301.704708828631,6129847879,42.469678,-71.166017
Sitta carolinensis,-400.8281909755843,-4927.4381818675665,4018.6369399176037,6129893902,39.106905,-94.650552
Sitta carolinensis,170.01362212743948,-4648.756850280577,4353.149233019465,6129901225,43.100074,-87.905521
Sitta carolinensis,-1994.9095683595237,-4851.604183940281,3615.52565834046,6129919773,34.575838,-112.351757
Sitta carolinensis,1415.5104285067898,-4526.293820146312,4254.262287420848,6129920847,41.893901,-72.633941
Sitta carolinensis,1516.9772897394162,-4447.790707984333,4301.82413053585,6129929974,42.471134,-71.167385
Sitta carolinensis,673.8848045677075,-4730.619308857653,4213.890524742345,6129935343,41.407995,-81.892664
Sitta carolinensis,-289.0004920514346,-4759.280826097012,4225.574264359438,6129942062,41.548242,-93.474937
Sitta carolinensis,662.6900906644248,-4820.396274232543,4112.708928769168,6129949048,40.205797,-82.172258
Sitta carolinensis,-2489.7979391766994,-4649.61782958012,3573.7534037198966,6129969953,34.120827,-118.168356
Sitta carolinensis,-2392.0349413180693,-4706.275985638165,3566.3550462897547,6129983341,34.040495,-116.942633
Sitta carolinensis,842.9949576165893,-4532.094975411806,4397.6388852380205,6130002739,43.650524,-79.463083
Sitta carolinensis,652.7530976503867,-4857.646695491538,4070.2500052165597,6130014897,39.707652,-82.346645
Sitta carolinensis,1015.6493569283663,-5062.888487327194,3731.6711642825926,6130039390,35.854358,-78.656647
Sitta carolinensis,-249.595991800437,-4540.447400238928,4462.263145111252,6130040979,44.459213,-93.146478
Sitta carolinensis,1477.6653868193466,-4478.5547586476805,4283.550560932798,6130053356,42.248733,-71.740083
Sitta carolinensis,1004.3109688131808,-4534.9407703252455,4360.667932466406,6130054321,43.19275,-77.51278
Sitta carolinensis,998.5239305429404,-4435.271591107719,4463.302477193688,6130086291,44.47231,-77.312389
Sitta carolinensis,-2571.2117345911524,-4270.991284315164,3967.021148781803,6130121197,38.511204,-121.048679
Sitta carolinensis,152.06718071637835,-4702.420984837788,4295.796268863738,6130181753,42.397684,-88.147811
Sitta carolinensis,-1961.4043223488457,-4818.828893872303,3677.1638942981767,6130236591,35.251837,-112.147761
Sitta carolinensis,-1640.3801313853812,-3665.3668446227584,4946.108778481698,6130255395,50.927248,-114.110189
Sitta carolinensis,1260.583057172136,-4283.854561931176,4544.14717827993,6130270086,45.500286,-73.602756
Sitta carolinensis,553.5098109750497,-5459.1996829727295,3237.362945402051,6130335341,30.54,-84.210549
Sitta carolinensis,984.0797663021033,-4437.71377237176,4464.082953724565,6130374755,44.482147,-77.496772
Sitta carolinensis,1117.2862986888722,-4820.143373510799,4013.4327346100476,6130411613,39.046616,-76.949582
Sitta carolinensis,1337.0125388394347,-4439.389319387461,4369.665098331004,6130449063,43.303835,-73.239255
Sitta carolinensis,1517.1709129517376,-4447.766392334883,4301.780988124217,6130490200,42.470608,-71.165055
Sitta carolinensis,1519.9595312837994,-4451.734040100386,4296.689445276264,6130493730,42.408562,-71.14851
Sitta carolinensis,-2580.9946016451263,-4254.9911214096455,3977.8474773024213,6130510765,38.63574,-121.240183
Sitta carolinensis,1004.3123143571498,-4534.940472339983,4360.667932466406,6130552529,43.19275,-77.512763
Sitta carolinensis,-261.2674736255484,-5087.201651753511,3826.469886370349,6130554512,36.913354,-92.940002
Sitta carolinensis,1337.9980413246424,-4438.775439778829,4369.987067063828,6130563464,43.307814,-73.225405
Sitta carolinensis,-660.1492058254065,-5309.704594203684,3458.4668970539265,6130599219,32.877485,-97.087148
Sitta carolinensis,-1274.4966103236052,-4795.569069482328,3995.989091548608,6130622416,38.844911,-104.883199
Sitta carolinensis,1438.203056832898,-4426.056301381794,4351.017204515797,6130654599,43.07382,-71.998944
Sitta carolinensis,-2654.5802685964964,-4297.234184207961,3882.8771669124594,6130686473,37.550492,-121.70535
Sitta carolinensis,1437.0766303532127,-4568.959323785648,4201.092070612388,6130702205,41.254714,-72.540053
Sitta carolinensis,706.0262781910383,-4489.8995808301615,4464.536009289463,6130706565,44.487858,-81.063549
Sitta carolinensis,821.7388284627611,-5125.180369948388,3694.187949058601,6130753371,35.439535,-80.891085
Sitta carolinensis,1517.0288856514119,-4447.902095432265,4301.690765178959,6130754051,42.469508,-71.167228
Sitta carolinensis,519.081117126513,-5269.686353993475,3542.6986400278374,6130765915,33.78414,-84.374329
Sitta carolinensis,-2473.6534716031356,-4654.250313075637,3578.9307977856356,6130803669,34.177089,-117.989871
Sitta carolinensis,803.205736929449,-4865.987442150755,4033.2096259272475,6130860772,39.276,-80.626972
Sitta carolinensis,1516.6899536920382,-4447.74400395057,4301.973731831568,6130885536,42.472958,-71.170517
Sitta carolinensis,844.61197104673,-4745.224121945441,4166.441140895802,6130913667,40.841507,-79.907504
Sitta carolinensis,222.71551959554705,-5223.643559961236,3640.562990182181,6130928131,34.849757,-87.558613
Sitta carolinensis,1517.047457454954,-4447.849831443184,4301.738255454154,6130976874,42.470087,-71.166808
Sitta carolinensis,-2678.94676644717,-4323.333791887629,3836.8974805358325,6130995663,37.030733,-121.784358
Sitta carolinensis,810.4556455063835,-4572.318702951198,4361.973917274947,6130998722,43.208862,-79.94857
Sitta carolinensis,1334.9312473992898,-4644.886487111758,4151.233698100001,6131001336,40.660973,-73.965453
Sitta carolinensis,379.3131944382044,-5197.81760926497,3664.5008842975485,6131006908,35.112503,-85.826212
Sitta carolinensis,541.1765850237146,-5266.276022724248,3544.4629897883237,6131014510,33.803233,-84.132728
Sitta carolinensis,984.0796206839144,-4437.711649910577,4464.085095748063,6131074689,44.482174,-77.496768
Sitta carolinensis,163.24482098742973,-4717.663954528296,4278.63892730418,6131075638,42.189089,-88.018191
Sitta carolinensis,214.49188271364827,-5023.8699218825905,3912.093732252692,6131120101,37.882648,-87.555267
Sitta carolinensis,1471.3633855473017,-4480.119197102823,4284.083904068521,6131125908,42.255213,-71.818755
Sitta carolinensis,-2545.3189375207044,-4614.332030203197,3580.369331649564,6131136683,34.192728,-118.881637
Sitta carolinensis,-694.696158857139,-4967.399160874347,3928.3706486393817,6131143525,38.068347,-97.961242
Sitta carolinensis,-196.25669807350525,-4691.145607629545,4306.319696232126,6131149753,42.525969,-92.395604
Sitta carolinensis,-2542.754739964574,-4616.065498632227,3579.95681180686,6131174635,34.188243,-118.848124
Sitta carolinensis,848.354342091945,-4526.211271566114,4402.665052565212,6131182567,43.713027,-79.384139
Sitta carolinensis,1521.7607336705116,-4437.494697991064,4310.758425664469,6131183888,42.580158,-71.071497
Sitta carolinensis,-2681.2746912434673,-4305.098071099829,3855.7294715769694,6131238255,37.243178,-121.915222
Sitta carolinensis,-1495.875864936656,-4990.999412359291,3666.337872074349,6131242157,35.132701,-106.684246
Sitta carolinensis,1280.4634276865168,-4689.341969152452,4118.281005028693,6131251002,40.271442,-74.727233
Sitta carolinensis,1019.6480987226333,-5057.388993735362,3738.0325641295817,6131255124,35.924974,-78.601093
Sitta carolinensis,1088.5210688681082,-4840.054059800855,3997.3430814120684,6131292431,38.860547,-77.32515
Sitta carolinensis,-2417.527999577765,-3752.80840258103,4545.518737663743,6131367142,45.517887,-122.789298
Sitta carolinensis,1361.7690169930138,-4274.980624497844,4523.259768596464,6131399110,45.232917,-72.331039
Sitta carolinensis,-360.4199637146522,-5361.714113872522,3422.2612905115184,6131440180,32.490625,-93.845696
Sitta carolinensis,1406.5178554334684,-4532.273597543583,4250.8771670131355,6131492591,41.853017,-72.759115
Sitta carolinensis,137.45678847184303,-4644.514921001992,4358.82322531785,6131500296,43.169999,-88.304797
Sitta carolinensis,-2005.3117085476847,-3553.3153333063037,4893.100062672876,6131559589,50.17695,-119.438188
Sitta carolinensis,1754.4904237141377,-4142.713651035398,4511.035367662039,6131575651,45.077021,-67.046742
Sitta carolinensis,812.2901522693685,-4651.817771139053,4276.742833315857,6131595930,42.166079,-80.095004
Spizella passerina,-816.478615008222,-5471.203913186639,3160.544817154614,5938172433,29.741145,-98.487725
Spizella passerina,1023.70842404901,-5196.649795905175,3540.7068631739667,5938574441,33.762591,-78.855774
Spizella passerina,557.8489371421852,-5263.731987095965,3545.656957607367,5938606223,33.816156,-83.95039
Spizella passerina,-698.6508662285238,-5465.172822549989,3198.988295767359,5938644809,30.140122,-97.285003
Spizella passerina,-177.07789387886402,-5214.246618032695,3656.504991861965,6129882685,35.024645,-91.94504
Spizella passerina,618.6469805555001,-5298.657409038567,3482.995650983175,6129902328,33.140538,-83.340558
Spizella passerina,943.6131030531589,-5062.317402861198,3751.305100110156,6129902439,36.072512,-79.441273
Spizella passerina,814.0203732946879,-5147.892234108507,3664.195615349149,6129914768,35.109147,-81.014394
Spizella passerina,306.8018773057793,-5288.31014110727,3539.689476383639,6129990719,33.751586,-86.679701
Spizella passerina,-1309.3191234289714,-5406.997544667314,3104.805004289682,6130040086,29.16546,-103.6123
Spizella passerina,-1971.190349996202,-4949.574655781006,3493.690378469395,6130072248,33.255478,-111.715142
Spizella passerina,553.507057613154,-5459.199110251182,3237.3643819444496,6130222500,30.540015,-84.210577
Spizella passerina,-662.7809369168596,-5298.20706723164,3475.5541187088065,6130223904,33.06065,-97.130394
Spizella passerina,973.7570154168266,-5098.126240398218,3694.679856437778,6130240732,35.444965,-79.186582
Spizella passerina,545.272349269669,-5460.218649426637,3237.04239935978,6130273197,30.536653,-84.297194
Spizella passerina,-1320.990446974358,-5322.620213556367,3242.5994866651495,6130285430,30.594694,-103.938286
Spizella passerina,909.308446870267,-5292.3100595275555,3428.4640164294065,6130361488,32.556783,-80.250807
Spizella passerina,580.170623514986,-5317.229635539104,3461.2460444516732,6130404356,32.90725,-83.773008
Spizella passerina,749.1103314326025,-5578.585955205927,2984.6215139272754,6130414852,27.934976,-82.351891
Spizella passerina,-636.6059953056626,-5256.7367409208755,3542.7679536022247,6130433871,33.78489,-96.905059
Spizella passerina,-434.10089446940884,-5472.399102231787,3233.2889770311317,6130522592,30.49747,-94.53552
Spizella passerina,-664.1861434039622,-5293.403923257321,3482.5974217287317,6130539995,33.136261,-97.151772
Spizella passerina,755.3743873991584,-5148.6686543039295,3675.646032023071,6130588281,35.235123,-81.653534
Spizella passerina,248.26860263670497,-5248.528151194482,3602.9249335423683,6130771338,34.438322,-87.291784
Spizella passerina,613.0846618751215,-5251.334915282327,3554.9067406315553,6130798009,33.916338,-83.340958
Spizella passerina,-545.5393275510386,-5491.5093666702705,3183.6244828096924,6130816414,29.98048,-95.673282
Spizella passerina,-860.1490479051456,-5466.117131519597,3157.761905143147,6130827519,29.712325,-98.94274
Spizella passerina,813.5410019689801,-5396.074218721032,3287.9001192017604,6130827779,31.069145,-81.426353
Spizella passerina,-1959.5633465455026,-5073.300720169883,3318.35568064615,6130849983,31.389451,-111.119063
Spizella passerina,-779.3186709427985,-5457.628585383802,3193.2281100477285,6130855630,30.080239,-98.126578
Spizella passerina,-2679.693530993517,-4306.9132145137,3854.8014569204734,6130859695,37.232695,-121.889223
Spizella passerina,553.5063694594908,-5459.199918323235,3237.3631369410505,6130882395,30.540002,-84.210585
Spizella passerina,546.4497012903768,-5477.137185439102,3208.1324950066096,6130908708,30.23526,-84.302499
Spizella passerina,565.7656873392029,-4646.269564119808,4322.249582594805,6130967662,42.720664,-83.057402
Spizella passerina,465.7048253727189,-5496.881727726823,3187.030501373494,6130978095,30.015849,-85.157372
Spizella passerina,1233.6186097678137,-4949.291580646257,3817.387995089841,6131098022,36.81127,-76.004124
Spizella passerina,-889.3303419010587,-5306.519818454405,3411.699296392081,6131112117,32.378083,-99.5139
Spizella passerina,-1022.5432308001854,-5215.8571004741125,3512.690304916722,6131153805,33.460051,-101.091884
Spizella passerina,1332.8080528631265,-4646.374330593699,4150.250763978074,6131173710,40.649321,-73.994512
Spizella passerina,718.4219282725871,-5502.96180076065,3129.0628760099466,6131233514,29.415596,-82.561996
Spizella passerina,-1107.5701457763203,-5663.45999242512,2699.6782060205846,6131264572,25.071203,-101.065349
Spizella passerina,-664.1858861142375,-5293.401872720056,3482.6005875276423,6131388662,33.136295,-97.151772
Spizella passerina,765.5393144328222,-5257.566186577224,3515.9210004627507,6131410229,33.494884,-81.715544
Spizella passerina,-1203.623204273325,-5288.69808886577,3342.2622333742456,6131442558,31.641647,-102.821225
Spizella passerina,-488.937303846342,-5367.726350147377,3396.793675294163,6131456297,32.219496,-95.204615
Spizella passerina,525.5034497483613,-5129.825997980566,3741.4548620052465,6131467253,35.96299,-84.150978
Spizella passerina,-2513.156238398146,-4632.873652723762,3579.145228818734,6131627479,34.17942,-118.478133
Spizella passerina,613.0853447363777,-5251.334398295653,3554.9073865606883,6133044748,33.916345,-83.34095
Spizella passerina,-649.5759440726481,-5281.125853816469,3503.9283581019226,6133046256,33.365651,-97.012133
Spizella passerina,562.9381900295695,-5187.114651422934,3656.0491403805286,6133051273,35.019639,-83.806144
Spizella passerina,-635.5151675627037,-5513.148500334439,3129.068106439249,6133059360,29.41565,-96.575613
Spizella passerina,-2400.636095361545,-4699.0737645579575,3570.0707587620464,6133150553,34.080831,-117.061322
Spizella passerina,815.6231409730821,-5146.054005025945,3666.4206249342237,6133156560,35.133611,-80.993828
Spizella passerina,-664.4708398798083,-5300.240139614752,3472.1299075702022,6133168868,33.023914,-97.145673
Spizella passerina,1233.6143723857065,-4949.278629245104,3817.4061560198897,6133176204,36.811474,-76.004135
Spizella passerina,-815.4441035417316,-5476.612956354999,3151.4305592795495,6133176525,29.646788,-98.468876
Spizella passerina,-630.3937194661058,-5301.179756446512,3477.0461713898517,6133215812,33.076662,-96.781524
Spizella passerina,-44.513642393060586,-5444.519192204586,3308.3201826658587,6133253924,31.283786,-90.468432
Spizella passerina,520.9716806997093,-5135.533727165859,3734.2515949957483,6133268252,35.882995,-84.207474
Spizella passerina,-594.4511114404867,-5447.467558179053,3249.8427974859565,6133309597,30.670399,-96.22772
Spizella passerina,592.9881731817027,-5319.73871869569,3455.2131802472036,6133380296,32.84265,-83.63953
Spizella passerina,-902.8827919560985,-5443.65098681806,3184.528179712302,6133395224,29.989863,-99.417335
Spizella passerina,693.4748522125215,-5184.014052507733,3637.972520845727,6133401928,34.821374,-82.380675
Spizella passerina,-2492.107328979413,-4668.380391891556,3547.587730716038,6133426767,33.837058,-118.094502
Spizella passerina,-635.4722141093689,-5513.133660723776,3129.102975896898,6133514644,29.41601,-96.57519
Spizella passerina,-468.3673646717423,-5412.228108919025,3328.388805175063,6133539369,31.49521,-94.945982
Spizella passerina,-250.12457173765992,-5496.481012895641,3211.8355037529855,6133603471,30.273813,-92.605522
Spizella passerina,0.8874643790971267,-5489.954971657555,3232.668673287893,6147165564,30.490996,-89.990738
Spizella passerina,104.22940152446598,-5168.316329166162,3723.8952298916374,6147191771,35.768125,-88.844673
Spizella passerina,1016.3546540948687,-5068.270722238388,3724.165441126146,6147207350,35.77112,-78.660716
Spizella passerina,-599.2137093210487,-5265.521776478167,3536.237616687169,6147302723,33.714258,-96.492301
Spizella passerina,-1033.3995884876674,-5646.526544039432,2763.7974614014447,6147311273,25.709498,-100.371216
Spizella passerina,-546.1369659528326,-5514.755121234605,3143.0818469957103,6147331172,29.560434,-95.655672
Spizella passerina,-824.8818561267848,-5477.3860244720745,3147.628534631789,6147334557,29.607453,-98.564256
Spizella passerina,330.9672273152982,-5318.291802188083,3492.2752083562495,6147349922,33.24026,-86.438969
Spizella passerina,-815.2941193918797,-5463.925773456373,3173.4151588976865,6147448969,29.874539,-98.486716
Spizella passerina,-815.6335407110598,-5464.2286117168605,3172.806444748783,6147481594,29.868226,-98.489734
Spizella passerina,1006.5104695411841,-5078.296376841798,3713.1651879948577,6147495919,35.649285,-78.789353
Spizella passerina,-1535.490769903224,-5160.170259740715,3406.561920133976,6147524147,32.323393,-106.571211
Spizella passerina,-614.7850631830214,-5339.929270860347,3420.0800923331267,6147536631,32.467372,-96.567537
Spizella passerina,-728.6291912477255,-5430.358562753632,3251.1626399285888,6147636564,30.6842,-97.642132
Spizella passerina,442.5216308119051,-5188.86304145568,3670.0991911604115,6147642960,35.174073,-85.125441
Spizella passerina,318.171211607435,-5316.250848284236,3496.569336921382,6147709204,33.286445,-86.575002
Spizella passerina,1166.8104433110789,-4852.906523025292,3959.495523148903,6159136105,38.424763,-76.480682
Spizella passerina,1180.2291382027495,-4940.874259438542,3845.0713729958597,6159285167,37.12287,-76.565473
Spizella passerina,766.4850015542191,-5511.602289421956,3102.3368732793215,6159396103,29.140044,-82.082795
Spizella passerina,-778.2096526858413,-5368.274192765509,3341.5228650170634,6159423352,31.633837,-98.2484
Spizella passerina,-2672.6129165733473,-4300.381031630808,3866.990601311656,6159431742,37.370502,-121.860241
Spizella passerina,-829.2539609363887,-5462.261782654825,3172.6624805827173,6159461467,29.866733,-98.632449
Spizella passerina,453.0175761733994,-5364.42475012941,3406.9745090849187,6159469076,32.327784,-85.172911
Spizella passerina,-754.9407498848382,-5446.591324382876,3217.8347594303123,6159484656,30.336305,-97.891369
Spizella passerina,1012.314907271343,-5066.726617297154,3727.365429330236,6159567690,35.806597,-78.701272
Spizella passerina,304.0027967657017,-5310.595629451928,3506.4097720720174,6171236364,33.392375,-86.723703
Spizella passerina,-499.3717618992503,-5364.535456670098,3400.314736494906,6179448377,32.256933,-95.318201
Spizella passerina,-501.86601800072447,-5106.431045820412,3776.538839193235,6185749395,36.353778,-95.61307
Spizella passerina,-1499.4417363370146,-5407.550710604291,3016.591275140055,6188233174,28.260899,-105.497985
Spizella passerina,-696.4692821441192,-5283.7871727895545,3490.8848135353396,6252256301,33.225311,-97.509012
Spizella passerina,1124.3386138797016,-5115.626489731168,3627.117509617972,6422076718,34.702545,-77.604325
Spizella passerina,522.7665622363638,-5272.828394591446,3537.4777698630414,6441114914,33.727667,-84.338
Spizella passerina,-524.8949736070929,-5505.521795221807,3162.8259766697715,6481048848,29.764775,-95.446103
Thryothorus ludovicianus,543.3366123956968,-5464.793889727645,3229.6387101505957,5278240436,30.459379,-84.322033
Thryothorus ludovicianus,920.108727735043,-4946.216534355577,3908.7203857644695,5938052526,37.844221,-79.462133
Thryothorus ludovicianus,942.945775178659,-5273.438174758178,3448.39907953724,5938084514,32.769741,-79.862058
Thryothorus ludovicianus,541.7948323133688,-5458.461178019494,3240.5883813607065,5938105945,30.573685,-84.331514
Thryothorus ludovicianus,-149.39309818708008,-5054.990625219853,3874.8554309587985,5938186499,37.459554,-91.692803
Thryothorus ludovicianus,983.1723771459533,-4958.35842283048,3877.8611317633136,5938201528,37.493615,-78.784534
Thryothorus ludovicianus,1102.5609137964818,-4731.53364036865,4121.492687256098,5938208804,40.309308,-76.882787
Thryothorus ludovicianus,-349.2616577182785,-5368.803155057323,3412.2898625954745,5938249988,32.384372,-93.72207
Thryothorus ludovicianus,447.62874024088296,-5195.216572086426,3660.4789863768315,5938253604,35.068299,-85.07546
Thryothorus ludovicianus,-716.1064618014574,-5309.867285277939,3447.0645595606015,5938254035,32.755469,-97.680758
Thryothorus ludovicianus,830.2899148551182,-5213.341802685844,3566.7126370560936,5938297795,34.044376,-80.950928
Thryothorus ludovicianus,1071.2946734764068,-4831.714933805954,4012.0582810690876,5938298875,39.030702,-77.498539
Thryothorus ludovicianus,519.5210354906144,-4688.502651185609,4282.265044714739,5938370724,42.233117,-83.676995
Thryothorus ludovicianus,985.8828443027134,-5055.954607724126,3749.014690771459,5938398666,36.047032,-78.9661
Thryothorus ludovicianus,1246.4368512535382,-4713.936158531129,4100.604126077934,5938410637,40.063408,-75.18908
Thryothorus ludovicianus,-802.1128301172539,-5476.759878807997,3154.594960897158,5938476570,29.679538,-98.332162
Thryothorus ludovicianus,-742.8892590958783,-5445.6132539787695,3222.291881020118,5938647134,30.382759,-97.768323
Thryothorus ludovicianus,-818.3614954563361,-5481.311079578496,3142.4936660750677,5938648031,29.554353,-98.491555
Thryothorus ludovicianus,1415.4877759121475,-4526.297092189683,4254.266343231926,5938658198,41.89395,-72.634214
Thryothorus ludovicianus,502.61087408293207,-5267.983166061347,3547.6032474087747,6129831574,33.837226,-84.549987
Thryothorus ludovicianus,1610.8214283091836,-4474.807927500516,4239.233594384242,6129843620,41.71259,-70.202364
Thryothorus ludovicianus,1002.1288152107602,-5070.414888769493,3725.101854063372,6129847160,35.7815,-78.820013
Thryothorus ludovicianus,1112.3156069255087,-4809.120704979351,4028.0100751123114,6129848248,39.21562,-76.976898
Thryothorus ludovicianus,693.5682827628963,-5182.00990288768,3640.80891193108,6129885483,34.852452,-82.376748
Thryothorus ludovicianus,-411.26313777280643,-4927.978946163206,4016.9191263154507,6129915948,39.086999,-94.770549
Thryothorus ludovicianus,537.9805909788618,-5458.2503417805965,3241.578815925887,6129932024,30.584031,-84.370947
Thryothorus ludovicianus,260.8836462222912,-5031.339400270706,3899.6559709921594,6129933448,37.741064,-87.031773
Thryothorus ludovicianus,1135.2024825915262,-4811.685391911042,4018.551000356392,6129933786,39.105909,-76.725171
Thryothorus ludovicianus,693.5532352840514,-5182.019225453005,3640.798509467382,6129938438,34.852338,-82.376925
Thryothorus ludovicianus,539.1775133107062,-5461.9338243589955,3235.1691821511654,6129991171,30.517096,-84.362284
Thryothorus ludovicianus,554.3684471624165,-5466.951437657955,3224.107742113745,6130134549,30.401691,-84.209795
Thryothorus ludovicianus,282.7814588406877,-5153.279472297713,3735.438188032078,6130135678,35.896167,-86.859097
Thryothorus ludovicianus,947.9937834671019,-4915.869127945153,3940.2146684033505,6130142826,38.203769,-79.084867
Thryothorus ludovicianus,-43.07166177323313,-5492.339061606857,3228.3292263920403,6130143688,30.445718,-90.449312
Thryothorus ludovicianus,1539.056300110472,-4493.342535981398,4246.2844569232475,6130164473,41.79759,-71.092681
Thryothorus ludovicianus,-411.3001755830319,-4926.429779779272,4018.815113954206,6130177843,39.10897,-94.77247
Thryothorus ludovicianus,-663.5080191047455,-5314.990855641503,3449.6930939879758,6130202366,32.783582,-97.115826
Thryothorus ludovicianus,549.635642269836,-5459.780420001711,3237.043644406113,6130208033,30.536666,-84.251406
Thryothorus ludovicianus,540.7318425381319,-5467.571584235195,3225.371788710039,6130223579,30.414872,-84.351929
Thryothorus ludovicianus,547.9631947796017,-5461.981903175926,3233.611472676187,6130224089,30.500836,-84.271076
Thryothorus ludovicianus,-690.241280845335,-5312.6352869975035,3448.075754858553,6130232435,32.766283,-97.402656
Thryothorus ludovicianus,-505.49593985881273,-5518.514790593773,3143.2819616543243,6130250530,29.562503,-95.233688
Thryothorus ludovicianus,1534.7645661257372,-4505.460647373485,4234.9823153363,6130267281,41.661394,-71.188825
Thryothorus ludovicianus,1419.452917515953,-4473.794472237722,4308.139919362889,6130277090,42.548185,-72.396722
Thryothorus ludovicianus,-26.01353197005879,-4979.277228604011,3974.402433893358,6130299342,38.596088,-90.299331
Thryothorus ludovicianus,734.785790531373,-5486.127416181293,3154.7185207454872,6130352745,29.680817,-82.371475
Thryothorus ludovicianus,814.89239027201,-4565.712460759558,4368.0628712988,6130363330,43.284038,-79.880356
Thryothorus ludovicianus,-27.87939563075451,-4982.594537983695,3970.2301619719415,6130377605,38.548095,-90.320587
Thryothorus ludovicianus,-137.87998728572535,-4959.538918214193,3996.713144260208,6130412403,38.853272,-91.592468
Thryothorus ludovicianus,1537.76165527356,-4505.683181602554,4233.658144946477,6130434437,41.645456,-71.155546
Thryothorus ludovicianus,1542.4882002127363,-4507.3855803799925,4230.125117731677,6130441365,41.602951,-71.108361
Thryothorus ludovicianus,1088.5321322783968,-4840.0555046602,3997.3383192423644,6130447875,38.860492,-77.325029
Thryothorus ludovicianus,1516.6978816639394,-4447.755817681974,4301.958722687808,6130532435,42.472775,-71.170472
Thryothorus ludovicianus,1213.6146736786377,-4725.608697916721,4097.012934771277,6130532721,40.021222,-75.596763
Thryothorus ludovicianus,479.7885080723606,-4910.460645722299,4030.748362774793,6130540008,39.247412,-84.41949
Thryothorus ludovicianus,1546.0380747130241,-4496.532623971693,4240.367173108164,6130557119,41.726248,-71.025547
Thryothorus ludovicianus,1533.5035493573098,-4503.581457344654,4237.437203174505,6130563673,41.690952,-71.195903
Thryothorus ludovicianus,-400.1442532195677,-4925.088152786056,4021.5848111881496,6130580445,39.141078,-94.644857
Thryothorus ludovicianus,-661.326088359798,-5439.87287929469,3249.6436714886545,6130606305,30.668317,-96.931442
Thryothorus ludovicianus,1123.863701678657,-4808.852265464604,4025.1240227678113,6130618038,39.182128,-76.845661
Thryothorus ludovicianus,-285.86621168873546,-5066.865346315081,3851.611247387711,6130627973,37.196669,-93.229133
Thryothorus ludovicianus,298.8184422707696,-5195.035227287994,3675.8767192974647,6130630106,35.237663,-86.707974
Thryothorus ludovicianus,582.220943248446,-5141.660175270164,3716.732778255805,6130639645,35.688778,-83.539575
Thryothorus ludovicianus,-483.88128125593556,-5147.99417893967,3722.065014065555,6130656435,35.747842,-95.369691
Thryothorus ludovicianus,-635.6433154945324,-5538.325551026659,3084.2601699580737,6130665642,28.954087,-96.547289
Thryothorus ludovicianus,550.9372560128545,-5459.268171362953,3237.6862576163658,6130685375,30.543376,-84.237347
Thryothorus ludovicianus,420.575339099098,-5204.322809819306,3650.7387752362665,6130721502,34.961345,-85.379814
Thryothorus ludovicianus,1399.9363812355596,-4559.974558089135,4223.335564189792,6130722799,41.521346,-72.933236
Thryothorus ludovicianus,1400.8927368588854,-4502.701167253953,4284.032547484128,6130742799,42.254589,-72.717894
Thryothorus ludovicianus,541.2817217878082,-5457.235683573681,3242.737411704186,6130751718,30.596135,-84.335584
Thryothorus ludovicianus,538.2476004893393,-5465.97290316399,3228.4954502247538,6130782132,30.447452,-84.376077
Thryothorus ludovicianus,-743.4434712310615,-5445.72566061277,3221.9740787450396,6130821135,30.379446,-97.773889
Thryothorus ludovicianus,547.4778763699463,-5461.386122475797,3234.699789129074,6130849093,30.512196,-84.275496
Thryothorus ludovicianus,515.7060810650532,-4685.121145836447,4286.425109163361,6130874963,42.283666,-83.71856
Thryothorus ludovicianus,-397.8777986644779,-4923.94058705064,4023.2145707385203,6130947497,39.159978,-94.619734
Thryothorus ludovicianus,534.1244088447417,-4590.960232730737,4384.922848470497,6130951651,43.492683,-83.363892
Thryothorus ludovicianus,-793.5080491131276,-5485.204364521146,3142.074344300002,6130981938,29.550018,-98.231495
Thryothorus ludovicianus,848.964356620852,-4773.13841155631,4133.541139869118,6131018017,40.45155,-79.914673
Thryothorus ludovicianus,1543.2338074179752,-4496.225400653528,4241.714239766475,6131044351,41.742482,-71.056306
Thryothorus ludovicianus,497.7868571261162,-5266.094731730786,3551.085418711748,6131056442,33.874936,-84.600061
Thryothorus ludovicianus,1536.470977624971,-4504.107811066808,4235.802508484145,6131088312,41.671268,-71.164126
Thryothorus ludovicianus,1240.6003799133234,-4658.704715730167,4164.989099465911,6131091339,40.824248,-75.088344
Thryothorus ludovicianus,-698.5426590579673,-5465.064225854387,3199.1974447414564,6131092354,30.142297,-97.28403
Thryothorus ludovicianus,294.3655520854717,-4928.032380144079,4027.1080084440664,6131107130,39.20515,-86.58162
Thryothorus ludovicianus,1537.8138981946092,-4496.85252335809,4243.017667576334,6131107880,41.758194,-71.120563
Thryothorus ludovicianus,1324.787146823882,-4621.709927248356,4180.249931961208,6131124876,41.005864,-74.005348
Thryothorus ludovicianus,553.1351617756352,-5456.705959327413,3241.6284018877864,6131149333,30.584549,-84.211815
Thryothorus ludovicianus,-691.957901817187,-5316.333968456778,3442.0256430803634,6131176154,32.701601,-97.415756
Thryothorus ludovicianus,1239.8246142255102,-4837.392887758366,3956.2884254188007,6131222438,38.387957,-75.624524
Thryothorus ludovicianus,-666.0379451908875,-5314.920639079895,3449.313726747088,6131240553,32.779524,-97.142772
Thryothorus ludovicianus,1088.5312795954314,-4840.056053975946,3997.337886317663,6131262963,38.860487,-77.32504
Thryothorus ludovicianus,544.5235946053542,-5459.90940374333,3237.689992496295,6131283511,30.543415,-84.304653
Thryothorus ludovicianus,1542.3549960431917,-4492.753279564911,4245.71103171386,6131283539,41.790673,-71.052736
Thryothorus ludovicianus,-731.2909085501336,-5445.536171128806,3225.0740372396376,6131298077,30.411767,-97.648594
Thryothorus ludovicianus,972.1716043265379,-4475.060593939759,4429.274001683135,6131299679,44.045017,-77.743389
Thryothorus ludovicianus,1088.5203840125225,-4840.056144577368,3997.3407436201287,6131306620,38.86052,-77.325163
Thryothorus ludovicianus,1242.8512692125835,-4694.364678200095,4124.077365952466,6131316055,40.339797,-75.17095
Thryothorus ludovicianus,1109.2608711392386,-4842.964911624833,3988.10535395036,6131364241,38.753937,-77.09917
Thryothorus ludovicianus,-742.9551072641367,-5453.08422374138,3209.617311619944,6131486324,30.250717,-97.758489
Thryothorus ludovicianus,-755.491330025953,-5443.051155256635,3223.690447482894,6131490258,30.39734,-97.902123
Troglodytes aedon,-616.2412156168471,-5334.302532974918,3428.5881030753576,5938229699,32.558107,-96.589839
Troglodytes aedon,-2605.549090193617,-4312.183447798653,3899.4795782001443,5938346928,37.739058,-121.141616
Troglodytes aedon,-2475.1549172515997,-4698.1411428684805,3520.061230571012,5938490803,33.539544,-117.781924
Troglodytes aedon,-719.2733496780467,-5594.2932032891595,2962.479119547186,6130043654,27.709816,-97.326478
Troglodytes aedon,979.3309379650059,-5622.398515109245,2831.8366797750505,6130427031,26.390583,-80.119134
Troglodytes aedon,-664.9469669905848,-5429.563196853075,3266.105043036136,6130799545,30.840584,-96.982123
Troglodytes aedon,-2443.322315725585,-4748.5658546253435,3474.341882348523,6131161825,33.047643,-117.227587
Troglodytes aedon,744.3622571346289,-5390.667421231487,3313.0624373084697,6131445497,31.333703,-82.138114
Troglodytes aedon,-1931.4468264409045,-5063.1756119352785,3350.152087445078,6133177889,31.725029,-110.880325
Troglodytes aedon,-820.2335695693596,-5496.5688380766005,3115.2369138340337,6147509730,29.272954,-98.487416
Troglodytes aedon,766.7574787366519,-5517.43380414535,3091.8862067277005,6159145118,29.032496,-82.088281
Troglodytes aedon,-806.2303268367896,-5655.764838338599,2819.941468041284,6159419301,26.271223,-98.112866
Troglodytes aedon,-2441.9369363223745,-4818.338064221297,3377.915840807477,6159522457,32.019043,-116.875922
Troglodytes aedon,-2446.784716996056,-4758.928474941491,3457.686719288348,6159584895,32.869131,-117.209787
Troglodytes aedon,735.4647884439407,-5488.608744720173,3150.241057763326,6163342846,29.63448,-82.36792
Troglodytes aedon,-2546.6739512075715,-4586.213063859491,3615.363695232168,6170826907,34.574069,-119.042935
Troglodytes aedon,-2652.982924632406,-4335.866571241177,3840.7936429440733,6178327790,37.074637,-121.461177
Troglodytes aedon,-2515.01528228186,-4619.195783751052,3595.4807148617333,6178630838,34.357187,-118.566983
Troglodytes aedon,-1559.023257017175,-5155.5055790061015,3402.9342983069705,6178704084,32.284795,-106.8253
Troglodytes aedon,-2484.5904063468693,-4687.425899749476,3527.690756957638,6178712160,33.621903,-117.92602
Troglodytes aedon,-2534.5999588707623,-4627.194547183174,3571.362037190863,6178818526,34.094853,-118.71224
Troglodytes aedon,-2404.788691611833,-4699.798565922407,3566.319940516689,6178828771,34.040114,-117.097877
Troglodytes aedon,-2506.16145840684,-4622.652753677421,3597.2196753871026,6179065041,34.376133,-118.464242
Troglodytes aedon,855.1625364090488,-5523.229645029682,3058.1668453936877,6179457252,28.686249,-81.19877
Troglodytes aedon,-2447.5715636238174,-4743.417106767403,3478.381911441563,6179547543,33.090999,-117.293432
Troglodytes aedon,-2432.8622579912394,-4767.868009848993,3455.1944958247723,6179580639,32.84245,-117.033497
Troglodytes aedon,-2449.128722484851,-4754.015237037015,3462.7822276887496,6184905559,32.923707,-117.256191
Troglodytes aedon,-2525.5829484291266,-4381.931813205075,3874.2557330025024,6185238282,37.45276,-119.957553
Troglodytes aedon,-2606.7318269563625,-4313.104233800275,3897.670352965258,6185319159,37.718486,-121.147711
Troglodytes aedon,-2666.5729935963054,-4300.847890593617,3870.6393556461317,6185337414,37.411803,-121.799368
Troglodytes aedon,-2462.2773140956647,-4655.635929360874,3584.9682915489484,6185606755,34.242745,-117.873512
Troglodytes aedon,-2657.922487454868,-4271.148562438069,3909.28268841515,6185930630,37.850625,-121.893876
Troglodytes aedon,-2432.7685776686562,-4768.019254728627,3455.0517454478927,6188140541,32.840922,-117.031868
Troglodytes aedon,-2432.8865530401304,-4768.009764439903,3454.981770707291,6188222643,32.840173,-117.033039
Troglodytes aedon,-2444.1914033806756,-4757.50080471745,3461.483440149651,6188438633,32.909793,-117.192074
Troglodytes aedon,-2088.1846840672347,-4094.705540293085,4411.646449251977,6195324767,43.824878,-117.020303
Troglodytes aedon,-2592.940396425301,-4253.136342312658,3972.0579658361667,6195357594,38.569116,-121.368729
Troglodytes aedon,-2508.5760753684503,-4622.080189301698,3596.272226546712,6195557505,34.36581,-118.490342
Troglodytes aedon,-2459.49509206433,-3810.665371911678,4474.311840395363,6195571609,44.611224,-122.839171
Troglodytes aedon,-2445.020072488567,-4775.33499565209,3436.2487765157375,6195986106,32.639884,-117.112908
Troglodytes aedon,-254.50343310006497,-4505.2666372588055,4497.505270638429,6234228771,44.904968,-93.233214
Troglodytes aedon,170.10515538854116,-4648.902589298856,4352.990016184057,6234243674,43.098113,-87.90446
Troglodytes aedon,-2481.281846351765,-4292.421642795945,4001.0136177098375,6234316660,38.902952,-120.030535
Troglodytes aedon,1105.0359446593377,-4833.565437273068,4000.66167705887,6234333523,38.898885,-77.122509
Troglodytes aedon,1330.3862606070802,-4643.967098761815,4153.720634910721,6234412590,40.690463,-74.01425
Troglodytes aedon,-2465.3957463389993,-4685.3700327228125,3543.8516616915604,6234467093,33.796617,-117.752905
Troglodytes aedon,-266.2129866446969,-4472.101506882032,4529.8114626949555,6234517500,45.316646,-93.406654
Troglodytes aedon,1405.735016443832,-4572.490195469946,4207.849285032949,6234668197,41.335597,-72.910837
Troglodytes aedon,-2526.068506016506,-4601.989538382081,3609.7677655509715,6234718256,34.512972,-118.762732
Troglodytes aedon,-1931.4676385699743,-5064.376517993666,3348.324413020445,6234925427,31.705707,-110.876006
Troglodytes aedon,-2445.192078057593,-4780.99954360676,3428.240393425436,6234944777,32.554397,-117.086997
Troglodytes aedon,1316.3470457670956,-4644.137300259667,4158.001000614901,6235009388,40.74125,-74.175003
Troglodytes aedon,69.37399934321505,-4711.3373286186825,4288.151227960219,6235105705,42.304652,-89.156386
Troglodytes aedon,-2107.8959610844813,-3887.6063390944564,4586.17974998296,6235149399,46.042215,-118.466957
Troglodytes aedon,-2515.0054548982707,-4646.8075626552345,3559.7303503439,6235279334,33.968628,-118.423713
Troglodytes aedon,-567.9359691899605,-4790.844487294972,4161.130971638968,6235305258,40.778412,-96.76064
Troglodytes aedon,-2328.8391274773608,-3667.571449510034,4659.9550545844095,6235379390,47.006517,-122.414782
Troglodytes aedon,-2573.3449513842656,-4176.342534147292,4065.195189450898,6235397921,39.648587,-121.640209
Troglodytes aedon,-2444.9998832428387,-4781.1263962935,3428.200560539811,6235506670,32.553972,-117.084555
Troglodytes aedon,1092.8431847055651,-4820.285871005738,4019.9864458854195,6235579625,39.122547,-77.225987
Troglodytes aedon,-2590.867308194273,-4253.5840624150105,3972.9312031517247,6235589041,38.579161,-121.345685
Troglodytes aedon,1107.5739072211043,-4834.8444014896995,3998.4137833776176,6235592576,38.872914,-77.097222
Troglodytes aedon,868.7627739767311,-4836.896305870746,4054.5577438832483,6235732952,39.524454,-79.817582
Troglodytes aedon,140.7253960643994,-4701.619576498215,4297.0597913536985,6235738668,42.413073,-88.285577
Troglodytes aedon,-2500.3486283293637,-4641.8085439808665,3576.5378940415458,6235917562,34.151081,-118.309494
Troglodytes aedon,214.65439821135539,-4496.477135164433,4508.366665650588,6236109536,45.043044,-87.266869
Troglodytes aedon,868.7559106802698,-4836.891571073985,4054.564862843975,6236140000,39.524537,-79.817651
Troglodytes aedon,868.758271373522,-4836.892585026006,4054.563147432529,6236149852,39.524517,-79.817626
Troglodytes aedon,1111.472767066764,-4835.649647081517,3996.3575801505544,6236183031,38.849166,-77.055413
Troglodytes aedon,-2425.305151257239,-4776.292909245497,3448.8656248183574,6236208334,32.774731,-116.920541
Troglodytes aedon,-2482.223233336719,-4292.735360272444,4000.093008447111,6236232164,38.892314,-120.038138
Troglodytes aedon,-1602.410241670009,-3801.7137853112613,4854.792152259745,6236311609,49.641991,-112.855268
Troglodytes aedon,592.9849724330651,-4842.947008947677,4096.826359594796,6236324509,40.019031,-83.01928
Troglodytes aedon,-680.8876388243963,-5312.908907459087,3449.513602526517,6236383369,32.781662,-97.303059
Troglodytes aedon,-2623.6436733759424,-4237.646112378408,3968.4508855567287,6236485466,38.527638,-121.762793
Troglodytes aedon,-2609.1119884501504,-4267.826187771121,3945.6238280376083,6243785344,38.2657,-121.4393
Troglodytes aedon,-1023.5862225106923,-5650.936930929374,2758.430020396064,6251489306,25.655936,-100.266988
Troglodytes aedon,83.54008468202359,-4712.896034788776,4286.185384371631,6251570863,42.280752,-88.98449
Troglodytes aedon,-593.562478059157,-4777.93135632119,4172.386447658038,6251722324,40.91222,-97.081574
Troglodytes aedon,998.3712786415721,-4435.283198386771,4463.325091203759,6251810105,44.472595,-77.314298
Troglodytes aedon,592.9936096727863,-4842.9327685504995,4096.841943236823,6251895453,40.019214,-83.019159
Troglodytes aedon,-2492.0429907874923,-4677.530525075956,3535.559792837199,6251923833,33.70693,-118.047305
Troglodytes aedon,-181.37110608186364,-4934.411070341725,4025.9713163962206,6252117231,39.191959,-92.105038
Troglodytes aedon,-2488.3929782428245,-4679.612945683438,3535.37497220609,6252238332,33.704932,-118.001896
Troglodytes aedon,-2419.111411095244,-4762.488658945038,3472.2262143768958,6252338285,33.024947,-116.928343
Troglodytes aedon,526.1347852722045,-5266.728059779033,3546.0556766272284,6252534659,33.820472,-84.295202
Troglodytes aedon,-2585.006506947789,-4259.063305774438,3970.8782713803694,6252574298,38.555548,-121.255343
Troglodytes aedon,1556.4363683576291,-4419.440262173312,4316.9209779671255,6252587718,42.65547,-70.59878
Troglodytes aedon,573.3189360852074,-4655.393393448646,4311.423300887802,6253080143,42.588279,-82.979286
Troglodytes aedon,1107.7950392737462,-4832.759036649808,4000.8728265614154,6253084811,38.901325,-77.08935
Troglodytes aedon,-1275.1276027516258,-4795.8270119169,3995.4781939270483,6253238012,38.839012,-104.889475
Troglodytes aedon,688.5499708702838,-5073.355330380023,3791.6642466068342,6253343801,36.52286,-82.271106
Troglodytes aedon,-2428.400598414123,-4777.771969779942,3444.636217089471,6273174042,32.729505,-116.942888
Troglodytes aedon,-2584.731900637707,-4253.419219078518,3977.101844091588,6273284551,38.627156,-121.286352
Troglodytes aedon,-2545.0638184914224,-4609.561846575673,3586.6896815973864,6334675522,34.261474,-118.904277
Troglodytes aedon,-424.1816788714813,-5524.738439298499,3144.3740569984343,6399509009,29.573795,-94.390476
Troglodytes aedon,-2384.216085497913,-3769.498065412005,4549.302267621441,6400493864,45.566469,-122.313446
Troglodytes aedon,-820.0553271449634,-5490.499428534003,3125.9683964119654,6422396029,29.383653,-98.494842
Troglodytes aedon,-2631.0623934624227,-4232.138709030228,3969.4162995222828,6479529619,38.538737,-121.868648
Troglodytes aedon,-2585.266903135956,-4258.78947301336,3971.0024419254437,6480858431,38.556976,-121.259537
Tyrannus tyrannus,545.5605102584162,-5461.525109595912,3234.789071419862,6185306129,30.513128,-84.295556
Tyrannus tyrannus,-542.375586613923,-5506.297757555872,3158.522891773592,6195244934,29.720205,-95.625542
Tyrannus tyrannus,344.84685129529635,-5372.305430900418,3407.22293605027,6195261523,32.330428,-86.327238
Tyrannus tyrannus,-515.4913726086826,-5551.709311242116,3082.619908115666,6195307603,28.93723,-95.304859
Tyrannus tyrannus,-693.6736952164642,-5590.972967381702,2974.826249085687,6195370880,27.835313,-97.072562
Tyrannus tyrannus,-477.533290671875,-5539.540903460477,3110.498619974908,6195437144,29.224115,-94.926973
Tyrannus tyrannus,183.55814542263485,-5500.630074863093,3209.2255010263893,6195626030,30.246638,-88.088727
Tyrannus tyrannus,-714.3151305409741,-5674.720360867942,2806.6093155101726,6195725863,26.13759,-97.17447
Tyrannus tyrannus,-477.1292282207475,-5539.775630901669,3110.1425672343275,6195780501,29.220446,-94.922617
Tyrannus tyrannus,-713.871895963262,-5676.674514742612,2802.76764993158,6195944864,26.099112,-97.167622
Tyrannus tyrannus,681.6506009305775,-4864.5620312960245,4057.233273007791,6234207534,39.555655,-82.023321
Tyrannus tyrannus,1074.9049943768632,-4827.914867031912,4015.665625949619,6234220854,39.072477,-77.44818
Tyrannus tyrannus,-361.68578079634614,-5516.929323905283,3165.8217512489814,6234362478,29.795816,-93.750901
Tyrannus tyrannus,534.7733158593427,-5137.395690887792,3729.7367394455323,6234609771,35.832897,-84.057242
Tyrannus tyrannus,-396.3222696380323,-5519.6556747913855,3156.9103598312136,6234704345,29.703508,-94.106903
Tyrannus tyrannus,1015.5778052762801,-5064.828743920016,3729.056803786883,6235028578,35.825355,-78.661658
Tyrannus tyrannus,316.27231925281546,-5081.370535644171,3830.065068538544,6235096849,36.953803,-86.438417
Tyrannus tyrannus,815.1247514031403,-5393.809364902486,3291.2224635259236,6235139260,31.104034,-81.406358
Tyrannus tyrannus,1102.5890012148006,-5154.272380980651,3578.7605182154375,6235217804,34.175238,-77.925416
Tyrannus tyrannus,-203.23525456097772,-4951.181125035982,4004.279464281731,6235241459,38.940703,-92.350548
Tyrannus tyrannus,-584.9432603627623,-5454.30251027361,3240.0892947967654,6235257065,30.568472,-96.121254
Tyrannus tyrannus,-12.603308717132732,-5522.1089528578,3177.40570262196,6235288123,29.915935,-90.130768
Tyrannus tyrannus,-526.1675244008323,-5124.594444670535,3748.524062026977,6235470645,36.041575,-95.862299
Tyrannus tyrannus,1207.0535310531695,-4713.548438485775,4112.813637997451,6235597370,40.20703,-75.63627
Tyrannus tyrannus,183.55934864159204,-5500.628689685081,3209.22780640719,6235620915,30.246662,-88.088714
Tyrannus tyrannus,670.1556886525537,-5137.735807336968,3707.332633666909,6235846691,35.584761,-82.568414
Tyrannus tyrannus,264.03204679962323,-5217.995650669074,3645.8965423526297,6235895351,34.908226,-87.103288
Tyrannus tyrannus,227.4073346289248,-5493.757795433286,3218.177173331264,6236157241,30.339873,-87.629665
Tyrannus tyrannus,-495.8070659653089,-5534.020195322267,3117.458734415198,6236158266,29.295863,-95.119607
Tyrannus tyrannus,-619.3358004644218,-5333.749171382774,3428.8913766280366,6236224808,32.561343,-96.623319
Tyrannus tyrannus,1180.793672725556,-4929.547802040112,3859.409009101033,6236405001,37.284757,-76.529522
Tyrannus tyrannus,744.4453970189825,-5259.6632380498995,3517.3138618612256,6236550897,33.509906,-81.943947
Tyrannus tyrannus,707.8288629241273,-4607.431416688154,4342.845515443068,6251459390,42.973297,-81.266068
Tyrannus tyrannus,33.27181219909801,-4900.14939803042,4071.5085647917444,6251515715,39.722366,-89.61097
Tyrannus tyrannus,-8.253242921945406,-5497.147606657306,3220.411961889435,6251558708,30.363163,-90.086022
Tyrannus tyrannus,480.56623053321647,-5476.702233935305,3219.4008555252285,6251617616,30.352625,-84.98529
Tyrannus tyrannus,1047.6387909826492,-4818.110975698557,4034.60192821534,6251877537,39.292177,-77.73269
Tyrannus tyrannus,-371.50897879073403,-4935.683835530394,4011.3288675997733,6251894221,39.022258,-94.304537
Tyrannus tyrannus,-395.3424713180382,-5063.743525054806,3846.031587560756,6251941297,37.133701,-94.464207
Tyrannus tyrannus,-13.33554672131337,-5278.906448049124,3566.8924858504583,6251969253,34.046328,-90.14474
Tyrannus tyrannus,1109.7859545975734,-4815.173448306114,4021.4714878242276,6252037378,39.139764,-77.02129
Tyrannus tyrannus,-714.2937772896954,-5429.321124305924,3256.0727354541864,6252090376,30.73556,-97.494918
Tyrannus tyrannus,-652.1182251512472,-5325.59473266172,3435.4818721030633,6252192092,32.631694,-96.981106
Tyrannus tyrannus,542.3043704592892,-5139.2606217804905,3726.078281635344,6252237213,35.792325,-83.976334
Tyrannus tyrannus,312.10091231918597,-4922.872965980396,4032.079849287009,6252272005,39.262876,-86.37241
Tyrannus tyrannus,997.012378262312,-5048.507543059592,3756.1005091636694,6252275169,36.125886,-78.828605
Tyrannus tyrannus,-694.5529659327752,-5591.42917486587,2973.76345556438,6252393874,27.824505,-97.080864
Tyrannus tyrannus,197.20711394058605,-5227.60226871321,3636.3494062085338,6252404221,34.803595,-87.839587
Tyrannus tyrannus,-544.3305636677007,-5525.276139833179,3124.864948397739,6252421942,29.372265,-95.626421
Tyrannus tyrannus,1337.8965687908192,-4628.695946202305,4168.328170682526,6252557249,40.863943,-73.878382
Tyrannus tyrannus,362.7168835447944,-5440.591349923409,3295.1715213638836,6252678292,31.145521,-86.185812
Tyrannus tyrannus,696.3265132241017,-4744.205840076659,4194.924726814669,6252738844,41.180979,-81.650083
Tyrannus tyrannus,-542.961287747197,-5506.339961976285,3158.3486813251566,6252745874,29.718401,-95.631535
Tyrannus tyrannus,682.3751576011994,-4878.948167461492,4039.799754095532,6252840291,39.352603,-82.038194
Tyrannus tyrannus,-25.02201518271092,-4976.13286105058,3978.34497971282,6252869174,38.641468,-90.288104
Tyrannus tyrannus,54.68154857181111,-5150.634356828514,3749.3637833879156,6252934058,36.050915,-89.391744
Tyrannus tyrannus,707.7786937754671,-4607.432758828322,4342.852268174749,6252979739,42.97338,-81.26668
Tyrannus tyrannus,716.9734595954569,-4733.829456441621,4203.1608183887965,6252985381,41.279466,-81.387587
Tyrannus tyrannus,206.82213171724135,-5220.066585707069,3646.6261909186574,6252993838,34.916228,-87.731094
Tyrannus tyrannus,-521.3070652965846,-5133.026086260068,3737.6510365633317,6253015718,35.920737,-95.799042
Tyrannus tyrannus,-347.7697756933714,-5519.923193263402,3162.16021941716,6253044060,29.757878,-93.605021
Tyrannus tyrannus,583.8701164960728,-5316.627458063633,3461.548972483869,6253089453,32.910495,-83.732912
Tyrannus tyrannus,-231.29527409312436,-5138.612533122027,3759.111179561047,6253100713,36.159414,-92.577214
Tyrannus tyrannus,-47.175567606565615,-4983.360738536328,3969.0859583930774,6253137733,38.534939,-90.542381
Tyrannus tyrannus,-21.125307651815124,-5007.338133256468,3939.019125402882,6253169046,38.190088,-90.241722
Tyrannus tyrannus,181.73949215838215,-5500.159949270189,3210.134641897688,6253213446,30.256103,-88.107488
Tyrannus tyrannus,173.0401916313637,-5099.316622197142,3815.334874993484,6253224762,36.788211,-88.056471
Tyrannus tyrannus,-527.9279164051627,-5551.7631383727685,3080.417390575974,6253230943,28.914599,-95.432033
Tyrannus tyrannus,1078.8431535020093,-4826.256720558049,4016.6026249913666,6253243950,39.083332,-77.399469
Tyrannus tyrannus,-544.0121205193765,-5525.415132055853,3124.674632798373,6253278457,29.370301,-95.62301
Tyrannus tyrannus,470.9070247646488,-4923.245642257245,4016.1738072075245,6253342155,39.078364,-84.536297
Tyrannus tyrannus,-395.32777274262696,-5063.699897691179,3846.090538182654,6253349231,37.134366,-94.46408
Tyrannus tyrannus,-558.6446148366749,-4781.8832113768785,4172.680466647712,6253371207,40.915719,-96.663388
Tyrannus tyrannus,-543.9942567675474,-5525.317755684984,3124.849928715557,6273208924,29.37211,-95.622925
Tyrannus tyrannus,231.55405925145314,-4757.27151747987,4231.3713564631,6273228029,41.617941,-87.213401
Tyrannus tyrannus,173.12291748443945,-5218.169183700369,3651.0946242735113,6273247425,34.96525,-88.099798
Tyrannus tyrannus,758.5013600783176,-4560.709119740538,4383.418887301585,6273251200,43.474042,-80.557442
Tyrannus tyrannus,1513.546989282622,-4457.000128935538,4293.492574999932,6273257686,42.369636,-71.243092
Tyrannus tyrannus,139.9678658153461,-4743.298378646785,4251.033123529305,6273270870,41.8549,-88.309775
Tyrannus tyrannus,615.2498664289577,-4737.92035995421,4214.656735045923,6273291813,41.417183,-82.601172
Tyrannus tyrannus,1106.2363868762645,-4823.59588392706,4012.3455652012713,6273313613,39.034028,-77.083236
Tyrannus tyrannus,-300.35496731887105,-5041.30956335458,3883.9075567930254,6273317813,37.562181,-93.409581
Tyrannus tyrannus,1500.228782180702,-4455.904156522095,4299.300510395053,6273337825,42.440373,-71.392477
Tyrannus tyrannus,1215.7230761831877,-4759.362309104176,4057.1222488842595,6273380613,39.55436,-75.670875
Tyrannus tyrannus,325.30403662587236,-5154.493834104298,3730.298074901404,6273389559,35.839124,-86.388809
Tyrannus tyrannus,753.6130176045456,-4572.6459566614285,4371.810780946757,6273394790,43.330357,-80.641271
Tyrannus tyrannus,776.7518680325143,-4622.953025817478,4314.477371162174,6273404183,42.625596,-80.46221
Tyrannus tyrannus,919.5990465108061,-4829.038975380623,4052.711844874826,6273420677,39.502936,-79.218197
Tyrannus tyrannus,-327.57919658156777,-5513.972072035369,3174.6743121867466,6273597594,29.887599,-93.399885
Tyrannus tyrannus,-398.28132597614893,-5519.150857626937,3157.5463457900296,6273744546,29.710093,-94.12751
Tyrannus tyrannus,866.5494105926244,-5324.390523359148,3389.647592809953,6273825054,32.143564,-80.756108
Tyrannus tyrannus,66.70871431039548,-5186.416552080924,3699.5116468817214,6273846807,35.498321,-89.263091
Tyrannus tyrannus,1127.5741854243765,-4797.843667892332,4037.2051873180108,6320062820,39.322434,-76.774533
Tyrannus tyrannus,-378.63652893885444,-5520.010999502249,3158.4594463131466,6320210105,29.719548,-93.923968
Tyrannus tyrannus,677.3414572394746,-5078.542208409047,3786.7361562947453,6320445438,36.46773,-82.403112
Tyrannus tyrannus,823.5553798973197,-5216.008883277891,3564.3738574237336,6353128620,34.018996,-81.027641
Tyrannus tyrannus,684.2534777438633,-4909.834922320186,4001.883474495228,6398627002,38.913005,-82.066141
Tyrannus tyrannus,-424.1664535366559,-5524.7485799483,3144.3582934727406,6399976801,29.573632,-94.390311
Tyrannus tyrannus,-411.4723307227903,-5484.0856071323715,3216.4030693261325,6422455410,30.321388,-94.290877
Tyrannus tyrannus,1180.7952148613856,-4929.549302797005,3859.406620392758,6422990309,37.28473,-76.529509
Vireo gilvus,-2446.372853167222,-4665.69371719585,3582.7803631095053,6184751614,34.218946,-117.669464
Vireo gilvus,-2638.2325873588043,-4537.399915705262,3611.299482130136,6184924500,34.529691,-120.175496
Vireo gilvus,-1927.0176285724904,-5033.163309040887,3397.590807229865,6185414339,32.22797,-110.95005
Vireo gilvus,-693.6940497275447,-5590.998065947187,2974.774331209823,6234364601,27.834785,-97.072736
Vireo gilvus,-2590.4181906468148,-4253.642763071431,3973.1612063209272,6234473664,38.581807,-121.340921
Vireo gilvus,370.7417761704666,-4666.929695221329,4321.119170416474,6234604936,42.706828,-85.457951
Vireo gilvus,366.187712046311,-4674.161570226047,4313.684423395584,6234741392,42.615905,-85.520428
Vireo gilvus,-2476.717920507445,-4689.879527649467,3529.9647998314554,6235362671,33.646466,-117.838463
Vireo gilvus,-2447.8762744562023,-4755.490567460208,3461.6418557425677,6235569328,32.91149,-117.237026
Vireo gilvus,182.41928231843528,-4720.329876145351,4274.9224783012705,6235919822,42.143996,-87.78688
Vireo gilvus,-713.6457099084753,-5367.846563721745,3356.5884762281057,6235938360,31.793106,-97.572963
Vireo gilvus,335.60831763712883,-4650.160558980517,4342.018765794573,6236201619,42.963136,-85.872044
Vireo gilvus,684.2989622339766,-4909.762010551921,4001.965149736326,6236314637,38.913949,-82.065504
Vireo gilvus,-2684.241783428371,-4204.926251479463,3962.725627316833,6251448471,38.461852,-122.552388
Vireo gilvus,1343.0219657372236,-4639.646174946303,4154.482940214209,6251534571,40.699505,-73.856043
Vireo gilvus,1211.4457430747755,-4733.52607694182,4088.5062333540877,6251636443,39.921397,-75.644491
Vireo gilvus,1314.1047171043747,-4679.918131821417,4118.403598678815,6251818806,40.272887,-74.315443
Vireo gilvus,139.99812513812145,-4743.304537184106,4251.0252554135595,6251870322,41.854805,-88.309412
Vireo gilvus,83.30974618559797,-4707.412642457462,4292.211414818657,6251894358,42.354043,-88.98611
Vireo gilvus,1462.84266075363,-4527.863486234077,4236.543016373713,6251924685,41.680184,-72.095616
Vireo gilvus,-2501.3150819163448,-4626.47859975185,3595.6740337095944,6252128090,34.359293,-118.397963
Vireo gilvus,783.8215596905221,-4625.255590974408,4310.729359447394,6252244860,42.579803,-80.381718
Vireo gilvus,51.274777224818024,-4653.281118533679,4351.332997920976,6252447768,43.077708,-89.36868
Vireo gilvus,763.6431894118,-4563.119366261147,4380.016422137578,6252904204,43.431891,-80.499525
Vireo gilvus,702.0481144534016,-4742.845811982752,4195.508929608842,6253027454,41.18796,-81.580073
Vireo gilvus,-693.6885468163887,-5590.998434802988,2974.774921187104,6253170424,27.834791,-97.07268
Vireo gilvus,-2446.5159924458517,-4767.294534156267,3446.333624736279,6253212919,32.747653,-117.166328
Vireo gilvus,-2307.3718138768822,-4843.102880289613,3436.588851337093,6253354412,32.643516,-115.474264
Vireo gilvus,-2441.591392419174,-4745.596172547694,3479.6122728319483,6273212717,33.104207,-117.22565
Vireo gilvus,854.0303288605593,-4530.054671717124,4397.611851711974,6273217705,43.650188,-79.3236
Vireo gilvus,62.88806143893001,-4707.935024398021,4291.986256670948,6273309414,42.351303,-89.234695
Vireo gilvus,797.0487940605303,-4542.543533306421,4395.425417133149,6273315872,43.623019,-80.048011
Vireo gilvus,-2408.1212916747795,-4799.2838501175975,3428.932705706024,6273488985,32.561784,-116.645978
Vireo gilvus,1310.0487310082178,-4395.354828487661,4422.033625352865,6273536572,43.954498,-73.403154
Vireo gilvus,-2408.456064894931,-4799.318267500992,3428.6493959545555,6273570369,32.558761,-116.649006
Vireo gilvus,606.4947068229345,-4715.994475745248,4240.4378789240045,6273647136,41.7271,-82.67177
Vireo gilvus,-2444.372645341158,-4782.016809437416,3427.4058316229944,6273688068,32.545493,-117.074272
Vireo gilvus,753.9290295794158,-4583.752204085656,4360.110076543339,6273751389,43.185869,-80.659701
Vireo gilvus,1486.3600195037611,-4471.717063700934,4287.683934748935,6273799969,42.29897,-71.61364
Vireo gilvus,1516.9338316327828,-4447.7222349249605,4301.910250235288,6273916131,42.472184,-71.167617
Vireo gilvus,1333.6694380935164,-4638.31590080112,4158.978788590807,6273997455,40.752857,-73.958304
Vireo gilvus,50.77540426519901,-4655.224518451495,4349.259669277886,6274001399,43.052186,-89.375089
Vireo gilvus,679.2913732816382,-4613.0951309057655,4341.390292645444,6274021885,42.955413,-81.623233
Vireo gilvus,618.0557384734134,-4699.620540417163,4256.915198815524,6274034734,41.92596,-82.507922
Vireo gilvus,606.3990841362715,-4715.523509060418,4240.975278863889,6274084127,41.733576,-82.672189
Vireo gilvus,809.6985901394107,-5030.978056320798,3824.055585320681,6274094032,36.886203,-80.857073
Vireo gilvus,564.8216131732598,-4728.606792064845,4232.139822951035,6274099392,41.627186,-83.188419
Vireo gilvus,259.33964180982815,-4841.478832593838,4133.107643578762,6274233982,40.446427,-86.933813
Vireo gilvus,1486.1156377673203,-4471.893940778401,4287.584170986069,6274284608,42.297757,-71.617138
Vireo gilvus,866.1233999396626,-4587.767553698837,4334.970848688902,6274298063,42.876583,-79.308975
Vireo gilvus,-1600.9421370570526,-3786.7896540764664,4866.9252633723545,6320062848,49.810786,-112.917197
Vireo gilvus,1128.0621978664124,-4817.4956035375635,4013.5975031533094,6320185746,39.048524,-76.821096
Vireo gilvus,-2681.6626175379924,-4310.399693525607,3849.531558180952,6320195851,37.173193,-121.887305
Vireo gilvus,564.6139351095375,-4728.629213660696,4232.142482676143,6320215464,41.627218,-83.190932
Vireo gilvus,-2488.7331103455344,-4679.549193268188,3535.219934166803,6320221941,33.703256,-118.005466
Vireo gilvus,854.1442354647043,-4531.202734502587,4396.40677525819,6320276591,43.635212,-79.324852
Vireo gilvus,-2028.443794258978,-3156.3570631929906,5149.036705330561,6320290891,53.920245,-122.726968
Vireo gilvus,565.0194890904296,-4728.583598366598,4232.13932425243,6320435956,41.62718,-83.186022
Vireo gilvus,-1931.552445526727,-5064.343235056596,3348.325832023168,6320442014,31.705722,-110.876969
Vireo gilvus,564.5184848225078,-4728.600960040811,4232.186783528376,6320457361,41.627751,-83.192032
Vireo gilvus,1293.1309572970267,-4350.11077223417,4471.476459319643,6320475592,44.575416,-73.444686
Vireo gilvus,564.6445461110411,-4728.603762299462,4232.166835722792,6320516838,41.627511,-83.19053
Vireo gilvus,1486.0313442108954,-4471.9185618207575,4287.587707574408,6320563716,42.2978,-71.618205
Vireo gilvus,700.0424462639987,-4733.47494973025,4206.412795171482,6320571982,41.318394,-81.5874
Vireo gilvus,1263.544850540369,-4288.264844464389,4539.162055278613,6320574930,45.436359,-73.582297
Vireo gilvus,609.5447901063751,-4736.263311081659,4217.347285514131,6320589048,41.449457,-82.666493
Vireo gilvus,1479.4648239020596,-4451.2728940443085,4311.276677187429,6320592306,42.586488,-71.614796
Vireo gilvus,1334.4212032421146,-4651.000775198757,4144.5464131935905,6320604093,40.58174,-73.991256
Vireo gilvus,1098.1039004727777,-4338.709398885061,4534.260877526826,6320619706,45.373579,-75.797001
Vireo gilvus,-533.9178120909685,-4663.7361468060035,4307.464457495212,6320678970,42.53994,-96.530951
Vireo gilvus,85.6514422189204,-4716.593398366644,4282.074692787066,6320751997,42.230805,-88.959646
Vireo gilvus,152.7826770130432,-4872.352528453161,4102.022845104383,6320786387,40.080081,-88.203961
Vireo gilvus,1332.1283198809217,-4636.641084308392,4161.339534855594,6320810753,40.780889,-73.970398
Vireo gilvus,840.7919537892299,-4775.063445549136,4132.988157628948,6320858497,40.445015,-80.013739
Vireo gilvus,850.3580344982438,-4532.965116114263,4395.323833226958,6320912329,43.621757,-79.37513
Vireo gilvus,140.77033714657424,-4721.40700556727,4275.307325753013,6320937055,42.148664,-88.292213
Vireo gilvus,986.4005359249675,-4467.1936540600145,4434.0667529402745,6320946034,44.105012,-77.548328
Vireo gilvus,668.0772116285972,-4663.284462876624,4289.196193609411,6320975446,42.31736,-81.847097
Vireo gilvus,-2484.4304864367678,-4684.383796220631,3531.8418335829524,6321041571,33.666746,-117.939888
Vireo gilvus,849.0433185971729,-4533.062323713263,4395.477737647439,6321131007,43.623669,-79.391406
Vireo gilvus,-699.77233461454,-4760.14244394713,4176.256184996149,6321181883,40.958287,-98.362957
Vireo gilvus,-2442.045383435283,-4818.240469554872,3377.976650668785,6321207648,32.019688,-116.877416
Vireo gilvus,1098.7128023846665,-4338.597285977985,4534.220649423441,6321234775,45.373064,-75.789092
Vireo gilvus,1244.0254100760326,-4277.083713817088,4555.075061265535,6333930499,45.640675,-73.782488
Vireo gilvus,1401.301863749046,-4429.264925105666,4359.784219380539,6334002429,43.18185,-72.444011
Vireo gilvus,-457.60124809615166,-4956.53776087018,3976.567320250759,6334041707,38.621003,-95.274752
Vireo gilvus,525.4913177705563,-4688.373068988124,4281.678405790431,6334136036,42.225992,-83.604755
Vireo gilvus,1282.3375866042634,-4274.0301806651305,4547.3101344006645,6334213701,45.540884,-73.299175
Vireo gilvus,-2265.8824074748077,-3500.620829227451,4816.760722223237,6334395025,49.116645,-122.914181
Vireo gilvus,-2714.8221328190352,-4216.295924300435,3929.674617008497,6334401015,38.083244,-122.776997
Vireo gilvus,-591.8250335571829,-4036.2621607504384,4893.677965398487,6334457345,50.185066,-98.341667
Vireo gilvus,754.0535746063996,-4583.798040965018,4360.040350265811,6334654976,43.185009,-80.658277
Vireo gilvus,-2220.9139854074997,-4632.15559349911,3768.3456259628992,6334688972,36.262342,-115.61566
Vireo gilvus,1192.7423285787527,-4335.435922113116,4513.437075283664,6334738664,45.107616,-74.617637
Vireo gilvus,-2715.9013118911917,-4287.998083073644,3850.5461474058307,6334882611,37.184645,-122.349057
Vireo gilvus,1262.6286491959663,-4278.377967343164,4548.73652704348,6334979751,45.559202,-73.557693
Vireo gilvus,758.3803571299806,-4419.318806470168,4525.951132124155,6334984756,45.267297,-80.262562
Vireo gilvus,-2673.69970198015,-4312.625063200038,3852.576812675844,6352277737,37.207571,-121.797686
Vireo gilvus,702.3010687422033,-4617.274415488805,4333.278586773934,6400271462,42.855819,-81.351432
Vireo gilvus,-2655.9584126068967,-4274.169537470362,3907.3152937970685,6413497675,37.828221,-121.856716
Vireo olivaceus,-713.8699693619262,-5676.675200747777,2802.766751218487,6195311699,26.099103,-97.167602
Vireo olivaceus,-93.61605164861233,-5489.684792046897,3231.7719672836083,6195468115,30.481638,-90.976975
Vireo olivaceus,696.2922058620699,-5186.31096517927,3634.1586187444323,6234244661,34.779604,-82.353434
Vireo olivaceus,-635.1366147222185,-5538.215489218858,3084.5621740034603,6234249339,28.957191,-96.542244
Vireo olivaceus,724.7234256266314,-4949.567864682861,3945.4159525865175,6234526364,38.263319,-81.669857
Vireo olivaceus,-605.5345654902515,-5449.324736644925,3244.678864581778,6234569873,30.616421,-96.340753
Vireo olivaceus,-40.489991671108946,-4979.895664126162,3973.5063690233796,6235006886,38.585778,-90.465844
Vireo olivaceus,594.0629539140785,-4937.545865879304,3982.1455471645577,6235157305,38.685241,-83.139411
Vireo olivaceus,181.73079007891553,-5500.11471715871,3210.212632787568,6235265768,30.256915,-88.107563
Vireo olivaceus,-424.13564062043054,-5524.84374207073,3144.1952410330423,6235274931,29.571946,-94.389918
Vireo olivaceus,191.02949392378173,-5501.26142788655,3207.706901226528,6235714681,30.23083,-88.011222
Vireo olivaceus,668.0969961981784,-5143.425849295558,3699.806760649355,6235739259,35.501581,-82.599095
Vireo olivaceus,-737.114878268823,-5650.8549225251645,2848.5528660155305,6235750919,26.558527,-97.431875
Vireo olivaceus,726.5650884960519,-5484.77145522397,3158.977427240734,6235961842,29.724912,-82.45399
Vireo olivaceus,-694.5938615557669,-5591.22073573325,2974.1457902182638,6235991473,27.828393,-97.081538
Vireo olivaceus,-745.4120957039166,-5450.4864790145975,3213.4578073058296,6236048779,30.290708,-97.787497
Vireo olivaceus,1203.1885759357797,-4805.924328838623,4005.643734269448,6236109371,38.956479,-75.944599
Vireo olivaceus,814.2686197667686,-4862.574569891915,4035.106974639087,6251437405,39.298046,-80.493665
Vireo olivaceus,28.5164275673956,-5492.304600632051,3228.549227890482,6251507774,30.448013,-89.702519
Vireo olivaceus,1156.4696197652663,-4850.669837601897,3965.2658517199843,6251594578,38.491033,-76.590197
Vireo olivaceus,-713.8868606679531,-5676.68066916844,2802.751373228178,6251667727,26.098949,-97.167763
Vireo olivaceus,-668.1678760990628,-5300.625051268795,3470.832592460832,6252063586,33.01,-97.1845
Vireo olivaceus,1145.084041578067,-4786.008752506469,4046.3138642883523,6252237305,39.428405,-76.544549
Vireo olivaceus,181.71871895759202,-5500.11875984498,3210.206389698203,6252319793,30.25685,-88.10769
Vireo olivaceus,174.61676067245924,-5091.713495558772,3825.404004247703,6252324850,36.901366,-88.035851
Vireo olivaceus,-281.0977150056741,-5387.825465509787,3388.520909998973,6252530442,32.131598,-92.986571
Vireo olivaceus,-749.1375026372029,-5451.315297222033,3211.184775451731,6253121232,30.267037,-97.824761
Vireo olivaceus,499.0312678789129,-5259.272945437612,3561.0067409013113,6253197812,33.98247,-84.579662
Vireo olivaceus,203.54503887138122,-4938.3386011482735,4020.091343145973,6253281593,39.123763,-87.639758
Vireo olivaceus,523.7597976576126,-5269.72254334663,3541.9561149426204,6273381123,33.776106,-84.323991
Vireo olivaceus,72.1491507743554,-5138.782997454692,3765.296394016086,6273392661,36.22834,-89.195613
Vireo olivaceus,609.9289154372551,-5251.1551538557715,3555.7150332844353,6273653566,33.925098,-83.374704
Vireo olivaceus,1111.0784690545422,-4811.153772514419,4025.9231416534926,6273658893,39.1914,-76.9962
Vireo olivaceus,59.670656345469624,-4974.192532258887,3980.4021397929955,6273810441,38.665158,-89.31271
Vireo olivaceus,1148.5637543548135,-4658.510100172191,4191.519781469901,6273812021,41.140306,-76.149856
Vireo olivaceus,916.7935777332947,-4800.751801535973,4086.8110802376873,6273883839,39.901522,-79.188471
Vireo olivaceus,-717.3653283412067,-5183.795637337833,3633.648704221227,6274127375,34.774021,-97.878899
Vireo olivaceus,-746.06003615424,-5016.350880570869,3856.082389566753,6274163524,37.247165,-98.459344
Vireo olivaceus,1121.128094340998,-4824.82856058281,4006.7261307383083,6274183661,38.968998,-76.918529
Vireo olivaceus,833.6666376434852,-4734.545258437566,4180.769577812679,6274250349,41.012057,-80.013632
Vireo olivaceus,138.0888786036639,-5046.169243106444,3886.7545023077996,6320074667,37.594487,-88.432487
Vireo olivaceus,-402.85361844872796,-4936.371329998225,4007.4555748194834,6320142745,38.977436,-94.665527
Vireo olivaceus,-252.0784810056756,-4503.828895958893,4499.081555719678,6320222996,44.924986,-93.203492
Vireo olivaceus,81.50655614862437,-5163.058242156152,3731.747499374208,6320236576,35.855205,-89.095576
Vireo olivaceus,1410.4641850565258,-4496.067184723012,4287.857714850989,6320322458,42.301083,-72.582803
Vireo olivaceus,1160.699116590629,-4653.764180579979,4193.448418899882,6320325732,41.163341,-75.995533
Vireo olivaceus,763.5073866259445,-4563.099926139412,4380.060349391497,6320414396,43.432435,-80.501144
Vireo olivaceus,1332.35741113929,-4636.858477666668,4161.023950513911,6320466866,40.777141,-73.968496
Vireo olivaceus,1126.5782233343173,-4775.498951898145,4063.8878425475837,6320493085,39.633319,-76.726159
Vireo olivaceus,-625.1138588602922,-5307.173482383874,3468.8464106990455,6320515726,32.988702,-96.717722
Vireo olivaceus,1409.7096028898106,-4434.408017712583,4351.838404357869,6320570102,43.083931,-72.364407
Vireo olivaceus,-137.92488735125568,-4959.564815129671,3996.6794592079023,6320571325,38.852883,-91.592978
Vireo olivaceus,50.46757969469507,-5144.655194345439,3757.6227969783895,6320578086,36.142837,-89.437963
Vireo olivaceus,1269.601020091463,-4650.175279210844,4165.781589579139,6320615773,40.833667,-74.729155
Vireo olivaceus,834.0711968465009,-4783.85675777428,4124.171782232869,6320766948,40.340911,-80.109827
Vireo olivaceus,-438.86966574385707,-5518.970271121438,3152.4773897119494,6320806742,29.657621,-94.546605
Vireo olivaceus,1343.8641812618005,-4411.614681878765,4395.615780596698,6320840060,43.625384,-73.058238
Vireo olivaceus,-515.8921461428051,-5551.855248019325,3082.2900136531407,6320894597,28.93384,-95.308821
Vireo olivaceus,1261.8921737693508,-4835.564308994235,3951.5438862599262,6320924423,38.333541,-75.374238
Vireo olivaceus,-700.2053695725331,-4764.290074761733,4171.45126468308,6320941877,40.901092,-98.360877
Vireo olivaceus,1526.9571349832472,-4464.38434593831,4281.054478670198,6320947886,42.218415,-71.11773
Vireo olivaceus,1235.0268821724806,-4731.061635882652,4084.301351206608,6321025634,39.872107,-75.369637
Vireo olivaceus,-437.9216608251443,-5521.45351029895,3148.2580711029686,6321145634,29.613965,-94.534793
Vireo olivaceus,-382.78706662263704,-5163.480622155093,3712.37054399648,6321208552,35.640491,-94.239783
Vireo olivaceus,173.1572947445649,-4744.37845618197,4248.604799869077,6333841616,41.825587,-87.909783
Vireo olivaceus,1333.9064881848556,-4650.864559500683,4144.864950711459,6333929453,40.585512,-73.99667
Vireo olivaceus,1121.1506652803666,-4824.355473720657,4007.28943035069,6333944790,38.975514,-76.917036
Vireo olivaceus,-741.3791543040497,-5444.3835404772735,3224.716722972886,6333949987,30.408041,-97.754454
Vireo olivaceus,1109.5229996427138,-4821.542296416324,4013.9060435951496,6334023730,39.052097,-77.040822
Vireo olivaceus,880.4749930282087,-4427.971806111868,4495.284484947289,6334036617,44.876777,-78.753776
Vireo olivaceus,52.77096149011308,-4651.8647725716755,4352.829251533709,6334141857,43.096133,-89.350062
Vireo olivaceus,913.4894757692016,-5240.29501317735,3506.365394850478,6334159730,33.391897,-80.111549
Vireo olivaceus,1291.2599091389054,-4653.148366308936,4155.792494560394,6334190593,40.715041,-74.490537
Vireo olivaceus,-228.53092803754998,-4488.389496153831,4515.737644662685,6334229813,45.136938,-92.914756
Vireo olivaceus,1018.3776721562049,-4707.042658695056,4170.90031716848,6334304347,40.894537,-77.792104
Vireo olivaceus,151.50041053957887,-4723.645049767807,4272.467460272561,6334339007,42.114226,-88.162995
Vireo olivaceus,609.22484413586,-4736.340766301613,4217.306529579575,6334340909,41.448968,-82.670419
Vireo olivaceus,-1025.2503797633058,-3925.8777721972983,4911.832499815096,6334411011,50.440733,-104.636018
Vireo olivaceus,403.0888352157919,-5117.317052078565,3773.637331422795,6334431735,36.321385,-85.496136
Vireo olivaceus,1525.8657572828579,-4431.296489130156,4315.68050785178,6334471046,42.640303,-70.999445
Vireo olivaceus,618.0953980231095,-4700.705876353225,4255.710924468243,6334505934,41.911405,-82.509157
Vireo olivaceus,-516.6663146817158,-4077.0374833660812,4868.323572666326,6334564454,49.830277,-97.222362
Vireo olivaceus,179.5834699367057,-4738.899140075105,4254.449182585022,6334572945,41.896159,-87.82978
Vireo olivaceus,789.9993917310225,-5205.68643837216,3586.9879838229476,6334577546,34.26472,-81.370806
Vireo olivaceus,-719.5414219499197,-5594.0276685229965,2962.9154081031234,6334585703,27.714248,-97.329523
Vireo olivaceus,193.56739883067698,-4736.708112071905,4256.275490710109,6334685911,41.918228,-87.659888
Vireo olivaceus,1332.9997100584083,-4635.238217382418,4162.623159833123,6334692412,40.796136,-73.955847
Vireo olivaceus,244.5851925729303,-5258.383432220516,3588.7790253790067,6334738311,34.284212,-87.336899
Vireo olivaceus,832.5802762593294,-4486.095627437259,4446.516528109355,6334813875,44.261142,-79.486028
Vireo olivaceus,778.26622000901,-4740.721835102669,4184.448745372694,6334841998,41.055921,-80.677129
Vireo olivaceus,-347.4257012053102,-5519.953431474599,3162.145256968952,6334865824,29.757723,-93.601444
Vireo olivaceus,-348.9725043118275,-5116.766891765397,3779.77087880274,6352325518,36.389877,-93.901631
Vireo olivaceus,1262.6286491959663,-4278.377967343164,4548.73652704348,6352382694,45.559202,-73.557693
Vireo olivaceus,848.3939771450715,-4520.846050949737,4408.166486514951,6352427780,43.781515,-79.371342
Vireo olivaceus,405.62374658091966,-4772.920557276963,4200.52994987657,6352458668,41.24799,-85.142425
Vireo olivaceus,664.0997845705728,-4522.240540133662,4438.250229874647,6352492785,44.15743,-81.645717
Vireo olivaceus,1200.545861122805,-4332.337768491069,4514.342944961554,6352580415,45.11916,-74.511271
Vireo olivaceus,1189.242513294272,-4613.809219156284,4229.44675619394,6352594874,41.594793,-75.546216
Vireo olivaceus,170.3535483917453,-4651.862782745043,4349.816714384563,6352639534,43.059042,-87.902737
Vireo olivaceus,994.243745476192,-4955.713628686022,3878.4191282937077,6451990748,37.49994,-78.655598
Zonotrichia albicollis,981.9046101533216,-5066.555440639328,3735.723816499973,5938036147,35.899338,-79.031975
Zonotrichia albicollis,296.43605376056183,-5134.409327896288,3760.2818576962927,5938067600,36.172455,-86.695686
Zonotrichia albicollis,1124.3612427355786,-4774.586202198208,4065.573947586002,5938140758,39.653011,-76.748915
Zonotrichia albicollis,-448.4351578231384,-5421.015244406703,3316.813645475988,5938162918,31.373207,-94.728833
Zonotrichia albicollis,1003.0201687489814,-5077.534736664763,3715.150692599547,5938164576,35.671262,-78.825615
Zonotrichia albicollis,1015.3024372162193,-5067.768898020798,3725.1352306880494,5938190074,35.78187,-78.671059
Zonotrichia albicollis,1396.698472527593,-4622.665674078733,4155.712763439112,5938201222,40.714095,-73.188262
Zonotrichia albicollis,992.1129000455142,-5055.83467909302,3747.532631068221,5938206570,36.030549,-78.897844
Zonotrichia albicollis,854.9357652263309,-4769.679599216253,4136.302030538217,5938221797,40.484187,-79.837996
Zonotrichia albicollis,939.1748851472424,-5272.73490228565,3450.502907549108,5938241443,32.792245,-79.900445
Zonotrichia albicollis,285.9059771742719,-5136.422719392186,3758.3470501811366,5938263760,36.150903,-86.814063
Zonotrichia albicollis,1078.2886724052596,-4826.361023739628,4016.626188378365,5938271335,39.083605,-77.406002
Zonotrichia albicollis,-2.888774351155348,-4983.727070853666,3968.9052984293444,5938309878,38.532862,-90.033211
Zonotrichia albicollis,-2706.096782736307,-4247.238013592485,3902.27659040676,5938325910,37.770873,-122.502953
Zonotrichia albicollis,1264.8980497919865,-4698.206527557231,4112.984497628029,5938375788,40.209042,-74.931554
Zonotrichia albicollis,-148.6539671824817,-5055.277691139373,3874.5093357981364,5938444848,37.455633,-91.684337
Zonotrichia albicollis,814.8638648111821,-4565.195638419179,4368.608336125009,5938447534,43.290777,-79.879581
Zonotrichia albicollis,1015.3019065206959,-5067.769004342993,3725.1352306880494,5938493409,35.78187,-78.671065
Zonotrichia albicollis,-229.20739779461724,-5126.35577454467,3775.936118536195,5938599989,36.347048,-92.560079
Zonotrichia albicollis,1332.625938263892,-4635.880705764502,4162.027308928205,5938622869,40.789058,-73.962223
Zonotrichia albicollis,1088.5218824400079,-4840.054520414345,3997.342302148187,5938626072,38.860538,-77.325142
Zonotrichia albicollis,170.03709114081792,-4648.721019072899,4353.186580442381,5938630857,43.100534,-87.905216
Zonotrichia albicollis,1335.5052540064416,-4610.148648240807,4189.595241466899,5938631283,41.117328,-73.844326
Zonotrichia albicollis,1516.8437604317182,-4447.749066355302,4301.914269119311,5938643638,42.472233,-71.168762
Zonotrichia albicollis,174.44029214436816,-5193.625944676557,3685.861264472195,5938681217,35.347675,-88.076308
Zonotrichia albicollis,980.2878071989661,-5065.887926713738,3737.053446060206,6129819616,35.914101,-79.04819
Zonotrichia albicollis,-706.3701088435856,-5403.2579481830335,3300.8480644232345,6129828669,31.205188,-97.448062
Zonotrichia albicollis,1113.094666347907,-4840.675035567934,3989.816862144759,6129881180,38.773677,-77.050165
Zonotrichia albicollis,980.2152593156131,-5065.939167324395,3737.0030141880898,6129890754,35.913541,-79.049089
Zonotrichia albicollis,-486.84020610395055,-5337.644869855848,3444.167096222197,6129895821,32.72449,-95.21146
Zonotrichia albicollis,65.76030278214257,-5145.99377220397,3755.552796685646,6129906011,36.119788,-89.267861
Zonotrichia albicollis,-539.4579783399122,-5513.491040557844,3146.4511381827024,6129907946,29.595275,-95.588219
Zonotrichia albicollis,1264.8990230424647,-4698.20752933044,4112.983054004286,6129913064,40.209025,-74.931546
Zonotrichia albicollis,1540.3443368141293,-4506.256081065338,4232.109236017396,6129934215,41.626818,-71.128365
Zonotrichia albicollis,-622.911776979864,-5261.21720518026,3538.5487940245275,6129948901,33.739249,-96.752209
Zonotrichia albicollis,1017.1155631881028,-5066.740178261246,3726.03985845444,6129966009,35.791899,-78.649108
Zonotrichia albicollis,1264.899850384761,-4698.207009219851,4112.9833936804935,6129967186,40.209029,-74.931535
Zonotrichia albicollis,1264.8987357592903,-4698.206788921856,4112.983988113809,6129986764,40.209036,-74.931547
Zonotrichia albicollis,493.72241574982905,-4377.07332917348,4602.957785696256,6129999083,46.260023,-83.564388
Zonotrichia albicollis,841.4884104006491,-4516.500573008768,4413.940751624369,6129999684,43.853484,-79.44599
Zonotrichia albicollis,1264.8992277543475,-4698.2066564619445,4112.983988113809,6130008161,40.209036,-74.931541
Zonotrichia albicollis,298.6304682600169,-5305.12851542975,3515.13647073316,6130020269,33.486424,-86.778169
Zonotrichia albicollis,1012.2888391877992,-4714.289290163664,4164.192709803598,6130023579,40.814784,-77.881029
Zonotrichia albicollis,-347.33210825635956,-5365.877183934885,3417.0858319888102,6130030824,32.435461,-93.703577
Zonotrichia albicollis,1309.7319238968378,-4677.44248487975,4122.606847353369,6130042173,40.322449,-74.357208
Zonotrichia albicollis,1102.3895442346147,-4852.533419819799,3978.3677346333384,6130060573,38.64173,-77.200887
Zonotrichia albicollis,1272.0216252569953,-4704.955254264322,4103.06107314119,6130060758,40.092285,-74.871316
Zonotrichia albicollis,-227.29719243940406,-5224.828233838128,3638.5792615902355,6130064020,34.828021,-92.490984
Zonotrichia albicollis,-617.9621431581664,-5301.740833878185,3478.4220631903554,6130092424,33.09143,-96.648302
Zonotrichia albicollis,-833.1888967675538,-5486.111733337976,3130.1960707457424,6130116626,29.427296,-98.635656
Zonotrichia albicollis,974.1166299700087,-5056.002363259267,3752.0247898448124,6130135374,36.08052,-79.094711
Zonotrichia albicollis,157.0926267830592,-4909.446151191495,4057.3899892466397,6130159674,39.557483,-88.167273
Zonotrichia albicollis,1095.444517051434,-4844.284017712146,3990.3216406046845,6130187665,38.7795,-77.257933
Zonotrichia albicollis,668.9214041378481,-5193.584672814122,3628.9083111968953,6130194574,34.722137,-82.660844
Zonotrichia albicollis,515.5224396833871,-4685.26185158795,4286.293401753428,6130200231,42.282065,-83.720966
Zonotrichia albicollis,-651.7989740753487,-5298.657437984948,3476.9441442103353,6130202611,33.075567,-97.012843
Zonotrichia albicollis,-508.6291995158942,-5119.652981067867,3757.685833131898,6130208530,36.143539,-95.673625
Zonotrichia albicollis,1264.8978857936406,-4698.2065717105,4112.984497628029,6130219963,40.209042,-74.931556
Zonotrichia albicollis,705.2836509816456,-5146.269346714848,3688.9347937309176,6130235612,35.38157,-82.196367
Zonotrichia albicollis,1027.8159989825306,-5066.755150880219,3723.0820086242725,6130238240,35.759112,-78.532873
Zonotrichia albicollis,884.2678550646474,-4746.7777196086645,4156.431735371528,6130254034,40.722626,-79.447442
Zonotrichia albicollis,984.2238348387629,-5242.258727047745,3484.2187088792916,6130263900,33.153675,-79.366616
Zonotrichia albicollis,1117.2850822717553,-4820.088791651581,4013.498625290063,6130265309,39.047379,-76.949453
Zonotrichia albicollis,1132.8607195075663,-4744.083642443067,4098.786419585481,6130271803,40.042052,-76.569597
Zonotrichia albicollis,-201.91919973084208,-5436.0843595605775,3316.3185314740736,6130303441,31.367992,-92.12723
Zonotrichia albicollis,-768.2553890897877,-5334.752010193113,3397.05133557803,6130329321,32.222235,-98.194801
Zonotrichia albicollis,1516.8416160242532,-4447.765901378062,4301.897619436445,6130329651,42.47203,-71.168853
Zonotrichia albicollis,814.3643453911216,-4565.405902148051,4368.481748990702,6130336440,43.289213,-79.886113
Zonotrichia albicollis,968.4182774835652,-5064.137827479203,3742.516163466421,6130345552,35.974783,-79.173995
Zonotrichia albicollis,604.5592008963315,-5336.127122867525,3427.828559144488,6130353141,32.550003,-83.536208
Zonotrichia albicollis,1078.901464657254,-4826.752224995959,4015.9914987129173,6130397778,39.076252,-77.400062
Zonotrichia albicollis,1517.0071077161972,-4447.712474081747,4301.894502741042,6130403173,42.471992,-71.166733
Zonotrichia albicollis,-2711.948056423729,-4258.5485420004225,3885.8532118909325,6130404756,37.584258,-122.489983
Zonotrichia albicollis,803.2009755843576,-4865.979737978207,4033.219869047969,6130418625,39.276119,-80.627012
Zonotrichia albicollis,699.3494174032072,-4721.192335024394,4220.308810710673,6130449016,41.485,-81.574058
Zonotrichia albicollis,65.7613780438673,-5145.993561806816,3755.5530661512444,6130449999,36.119791,-89.267849
Zonotrichia albicollis,314.6649881910457,-4927.624462548516,4026.0720598342027,6130453875,39.193128,-86.346205
Zonotrichia albicollis,610.8372751541167,-4846.512499554152,4089.9813623811415,6130482152,39.938697,-82.81652
Zonotrichia albicollis,1251.550105969012,-4692.880989476982,4123.135151863437,6130510318,40.328681,-75.06727
Zonotrichia albicollis,673.8824931623792,-4730.620232430505,4213.889857555113,6130528956,41.407987,-81.892693
Zonotrichia albicollis,823.3438386335412,-4554.355851052571,4378.321691589693,6130554475,43.410907,-79.752654
Zonotrichia albicollis,795.3812786738613,-4937.702707135129,3946.6712210625046,6130554608,38.277698,-80.849216
Zonotrichia albicollis,-776.9931735116473,-5441.908990453137,3220.506369752907,6130569074,30.364147,-98.125744
Zonotrichia albicollis,1184.446049844604,-4929.822801624215,3857.938287384977,6130573090,37.268135,-76.490107
Zonotrichia albicollis,-190.78428141275023,-5183.938570028085,3698.6667043433936,6130592422,35.488988,-92.107703
Zonotrichia albicollis,155.59784648948013,-4741.652110806269,4252.326151641208,6130613170,41.870514,-88.120507
Zonotrichia albicollis,-1496.001448799524,-4991.178001720626,3666.0435008340073,6130619156,35.129464,-106.685005
Zonotrichia albicollis,1264.8991084307938,-4698.206539904904,4112.984157951888,6130620402,40.209038,-74.931542
Zonotrichia albicollis,1316.8325876708884,-4644.178569403766,4157.801159413015,6130625886,40.738878,-74.169592
Zonotrichia albicollis,-416.06822221363177,-4922.546250146967,4023.0807572438134,6130628937,39.158426,-94.831326
Zonotrichia albicollis,-707.7673436942146,-5400.330132866593,3305.3370437718677,6130637910,31.252399,-97.466629
Zonotrichia albicollis,-509.1096801369043,-5277.863127964175,3531.957143814822,6130695294,33.667992,-95.50978
Zonotrichia albicollis,843.7886242762213,-5145.8617756031335,3660.3115268520583,6130699080,35.066459,-80.68784
Zonotrichia albicollis,-1495.9742798541656,-4991.148805325857,3666.0943368640305,6130702746,35.130023,-106.684811
Zonotrichia albicollis,1264.8987097466534,-4698.2070189490405,4112.983733356681,6130707982,40.209033,-74.931548
Zonotrichia albicollis,-647.9181772111493,-5299.944082731778,3475.708256633924,6130722432,33.062304,-96.969825
Zonotrichia albicollis,-646.9157616768722,-5300.029130502303,3475.765288795904,6130733150,33.062916,-96.959037
Zonotrichia albicollis,979.7574771311757,-5065.686508697347,3737.4655331233052,6130766847,35.918677,-79.053547
Zonotrichia albicollis,394.65940163550755,-4980.247396106234,3953.622763991933,6130771265,38.357379,-85.469068
Zonotrichia albicollis,1557.46792787333,-4474.558842539822,4259.386099894218,6130790857,41.955834,-70.808432
Zonotrichia leucophrys,737.1354602660592,-5585.677021164331,2974.32289069841,5938030101,27.830194,-82.482183
Zonotrichia leucophrys,-113.70129906518227,-5495.650068580402,3220.9711994956656,5938065051,30.368992,-91.185242
Zonotrichia leucophrys,-624.1224813291938,-5334.446693301516,3426.937807183178,5938080281,32.5405,-96.673184
Zonotrichia leucophrys,1251.9512894273257,-4273.545057966936,4556.224724056647,5938125226,45.655465,-73.671853
Zonotrichia leucophrys,-2512.472330688877,-4658.013556898363,3546.850098460788,5938129730,33.829072,-118.34185
Zonotrichia leucophrys,-2544.1557294505815,-4358.29973910206,3888.7334876697487,5938166516,37.616952,-120.274229
Zonotrichia leucophrys,-1971.540076307772,-4949.455577185279,3493.661739015286,5938195434,33.25517,-111.71911
Zonotrichia leucophrys,-790.0615323775995,-5173.916709957946,3632.6494164937703,5938256983,34.763081,-98.682048
Zonotrichia leucophrys,-2404.7214162746704,-4585.322500458093,3712.3962081895465,5938353971,35.640775,-117.674264
Zonotrichia leucophrys,-2270.533113395942,-3482.0478967497975,4828.019775786993,5938385855,49.271588,-123.107097
Zonotrichia leucophrys,-2276.3565228422203,-3500.3460179686244,4812.019520438617,5938401911,49.051543,-123.036887
Zonotrichia leucophrys,-2414.928499285251,-4777.938862909868,3453.863589563561,5938431584,32.828205,-116.813545
Zonotrichia leucophrys,-2270.4984051686733,-3482.0655994348663,4828.023330829736,5938454825,49.271637,-123.106563
Zonotrichia leucophrys,-2666.589262421686,-4260.035260040497,3915.501809273812,5938471373,37.921491,-122.044703
Zonotrichia leucophrys,-753.3420624450953,-5398.246424846521,3298.661001567174,5938519667,31.182195,-97.944496
Zonotrichia leucophrys,-2592.1712168957756,-4254.8846125510745,3970.6874021824747,5938521442,38.553353,-121.350711
Zonotrichia leucophrys,-1811.8227984825648,-4474.955620249094,4157.141262138838,5938536027,40.731046,-112.042071
Zonotrichia leucophrys,-2495.393595423612,-4667.720388711769,3546.1458382870687,5938628160,33.821448,-118.129249
Zonotrichia leucophrys,-2689.2859979247546,-4287.63495779766,3869.5840111974244,5938631824,37.399855,-122.096717
Zonotrichia leucophrys,-1927.3622984837934,-5025.199436752142,3409.1638741671936,5938635033,32.351088,-110.98379
Zonotrichia leucophrys,-2452.279222708199,-4763.77365332126,3447.106079521389,5938635058,32.755913,-117.23835
Zonotrichia leucophrys,-2434.0378384080514,-4767.082033615924,3455.4510292654372,5938670505,32.845196,-117.04853
Zonotrichia leucophrys,-1020.8650324131422,-5286.164062705634,3406.4728411412607,5938680662,32.322445,-100.930413
Zonotrichia leucophrys,-2433.4666475676163,-4767.265769459112,3455.5998449179397,6129819827,32.846789,-117.04219
Zonotrichia leucophrys,-2470.3405507376497,-4682.6556969219355,3543.9958122355606,6129826687,33.798177,-117.813941
Zonotrichia leucophrys,-2700.36947487596,-4289.084579446459,3860.2475696760894,6129827612,37.294236,-122.194153
Zonotrichia leucophrys,-2690.6583200550135,-4228.118917834219,3933.5888640081043,6129847288,38.12798,-122.471551
Zonotrichia leucophrys,-328.59110731620746,-5385.378745199593,3388.1376572717054,6129852617,32.127528,-93.491597
Zonotrichia leucophrys,65.9438040706698,-4584.634151726317,4423.407537092511,6129863164,43.971664,-89.175934
Zonotrichia leucophrys,-2696.0445510872287,-4197.655553906457,3962.421577645239,6129896528,38.45836,-122.711574
Zonotrichia leucophrys,-2292.455362652957,-3613.1981636272353,4720.084805412071,6129903083,47.805519,-122.393783
Zonotrichia leucophrys,-1334.846882715205,-5330.127200289645,3224.543527092696,6129913692,30.406235,-104.059663
Zonotrichia leucophrys,-2552.585640213252,-4495.212206165947,3723.8591408096013,6129917177,35.767725,-119.589878
Zonotrichia leucophrys,-2730.4986501202065,-4210.735396487681,3924.7723083173755,6129933539,38.027254,-122.961845
Zonotrichia leucophrys,-2697.4192189008145,-4271.358635532983,3881.903926405156,6129944978,37.539453,-122.27295
Zonotrichia leucophrys,-1297.9778250751165,-5387.944142801588,3142.461552563654,6129993470,29.554021,-103.544703
Zonotrichia leucophrys,-2713.3224489177483,-4268.999478490708,3873.4064943564204,6129998901,37.44314,-122.439527
Zonotrichia leucophrys,-2420.912031834533,-4697.666092566748,3558.211818673094,6130004350,33.952163,-117.264024
Zonotrichia leucophrys,-2409.812637665876,-3756.306277456137,4546.7262212461055,6130028400,45.533387,-122.681708
Zonotrichia leucophrys,-2587.5135542475423,-4108.914199433531,4124.4818872139795,6130028640,40.34457,-122.199922
Zonotrichia leucophrys,-934.7901910978436,-5412.186323889913,3228.6467170942806,6130032915,30.44903,-99.799417
Zonotrichia leucophrys,-1921.8893526107731,-5036.305147664808,3395.839352149,6130041581,32.209352,-110.887205
Zonotrichia leucophrys,-733.6399425812294,-5404.232056054853,3293.2964410505124,6130056640,31.12582,-97.730807
Zonotrichia leucophrys,-2537.760911693673,-4378.780364257068,3869.8585512075074,6130092059,37.402963,-120.094816
Zonotrichia leucophrys,-2687.84973799623,-4284.425031313635,3874.1346216521956,6130132747,37.451388,-122.102255
Zonotrichia leucophrys,-2423.413850960177,-4785.823750711635,3436.962243577345,6130154584,32.647504,-116.856441
Zonotrichia leucophrys,-346.3401675698733,-4959.323419901467,3984.3334241528937,6130156672,38.710452,-93.994832
Zonotrichia leucophrys,-2357.8591526407076,-4749.282238610076,3531.935951289143,6130159494,33.667763,-116.402855
Zonotrichia leucophrys,-2666.5798265484673,-4325.13033251472,3843.4818543975584,6130172215,37.104944,-121.655147
Zonotrichia leucophrys,-2587.1142734916452,-4242.979888334506,3986.692179333908,6130182742,38.737642,-121.37233
Zonotrichia leucophrys,-2697.637527732371,-4231.9403369911415,3924.6892721328545,6130197297,38.026306,-122.51535
Zonotrichia leucophrys,-1278.686553898864,-4726.66697095455,4075.9456782743096,6130215059,39.774266,-105.137664
Zonotrichia leucophrys,-2490.959871381939,-4643.277942912596,3581.178855307799,6130217417,34.20153,-118.212037
Zonotrichia leucophrys,-2592.1522601297866,-4254.889263683567,3970.6947935810654,6130219409,38.553438,-121.350497
Zonotrichia leucophrys,-806.0472817623945,-5413.307629461953,3261.3097703299986,6130230672,30.79037,-98.469177
Zonotrichia leucophrys,-2305.3683247835343,-4808.318405983751,3486.4170897125987,6130247398,33.177293,-115.615583
Zonotrichia leucophrys,-2676.98396075451,-4299.6739267133835,3864.7527899571583,6130260570,37.345183,-121.90646
Zonotrichia leucophrys,-2406.408239306981,-4696.832176752058,3569.134351477882,6130263193,34.070664,-117.1282
Zonotrichia leucophrys,-2428.5819608492675,-4694.637545886681,3556.982021583191,6130274836,33.938831,-117.352968
Zonotrichia leucophrys,-2330.737624314754,-3526.874303634503,4766.400413587143,6130284990,48.429432,-123.458753
Zonotrichia leucophrys,-622.9237002398188,-5261.218032353867,3538.5454652146936,6130290416,33.739213,-96.752336
Zonotrichia leucophrys,-2327.2464948267807,-3529.225772952093,4766.3657356024005,6130323726,48.428962,-123.401707
Zonotrichia leucophrys,-1272.8620602444535,-4696.987005041836,4111.920278864343,6130359982,40.196511,-105.162721
Zonotrichia leucophrys,-2702.147028834515,-3988.425843224419,4169.006339325694,6130362179,40.872008,-124.117527
Zonotrichia leucophrys,-2686.983431531484,-4235.987429668919,3927.6307952809975,6130362692,38.059896,-122.387888
Zonotrichia leucophrys,-690.4277135556612,-5415.897193024231,3283.4616331889733,6130388199,31.022555,-97.264976
Zonotrichia leucophrys,-810.6969058738015,-5373.9521643591215,3324.629572097318,6130398610,31.45557,-98.578767
Zonotrichia leucophrys,-2496.456758010606,-4649.700609989549,3568.997201249032,6130414071,34.069175,-118.231662
Zonotrichia leucophrys,-2459.835202124085,-4696.764044284181,3532.615379628513,6130423224,33.675105,-117.64239
Zonotrichia leucophrys,684.4462423188628,-5171.512569105923,3657.4231664701415,6130431837,35.034729,-82.460758
Zonotrichia leucophrys,-2019.7096837002787,-3575.818195318616,4870.73404706858,6130434173,49.863895,-119.458825
Zonotrichia leucophrys,831.8879781236469,-5138.6767280651575,3673.1072685088234,6130442495,35.207175,-80.804303
Zonotrichia leucophrys,-2691.084827496297,-4221.42828848045,3940.4769744427745,6130462866,38.206771,-122.51678
Zonotrichia leucophrys,-2587.9185652872247,-4215.172641440034,4015.5635011757195,6130469088,39.071294,-121.547976
Zonotrichia leucophrys,-2408.3496108073036,-3756.164583893423,4547.618376744744,6130490325,45.544842,-122.666878
Zonotrichia leucophrys,-2689.2555625003856,-4281.076074362488,3876.8602366811265,6130525132,37.482271,-122.135921
Zonotrichia leucophrys,-2704.217275417768,-4243.621264948499,3907.510795466397,6130529319,37.830447,-122.507033
Zonotrichia leucophrys,-2303.617506932135,-4794.153158526385,3507.020816023865,6130531465,33.398957,-115.664546
Zonotrichia leucophrys,-2697.3793989031606,-4251.207821507488,3903.9889301077455,6130532382,37.790357,-122.395012
Zonotrichia leucophrys,-2687.6027670819226,-4336.751368124854,3815.6430738629406,6130536782,36.791672,-121.787621
Zonotrichia leucophrys,-2687.1076678932313,-4335.6354203011415,3817.2596208611462,6130556759,36.809828,-121.789497
Zonotrichia leucophrys,-796.3217861052208,-5465.595227230059,3175.3572326167696,6130591572,29.894683,-98.289506
Zonotrichia leucophrys,-2538.936638202648,-3757.094047686299,4475.242808352397,6130621121,44.622986,-124.049702
Zonotrichia leucophrys,-2693.3729685505386,-4283.063885248831,3871.803060182153,6130624249,37.42498,-122.16343
Zonotrichia leucophrys,-2690.694231092115,-4227.990598210949,3933.7022238452237,6130629129,38.129276,-122.472685
Zonotrichia leucophrys,-2335.5357601710675,-2920.7540888599087,5157.928013752005,6130630136,54.056245,-128.647037
Zonotrichia leucophrys,-1098.583160246427,-5109.527759962215,3643.5688877631933,6130659610,34.882704,-102.134252
Zonotrichia leucophrys,-2696.795054540553,-4216.258898731113,3942.1073631185845,6130662811,38.225433,-122.603713
Zonotrichia leucophrys,-2619.772048373686,-4166.325195060646,4045.773339330843,6130675020,39.422112,-122.161551
Zonotrichia leucophrys,-2422.7830975070356,-4771.911163568028,3456.6948142881333,6130738527,32.858511,-116.917705
Zonotrichia leucophrys,739.3446486226353,-5488.9287031434615,3148.77504944992,6130741781,29.619313,-82.328578
Zonotrichia leucophrys,-776.9509119209071,-5441.892653546338,3220.544171009164,6130762621,30.364541,-98.125332
Zonotrichia leucophrys,-2623.392091466249,-4237.214317222409,3969.0782171727496,6130789301,38.53485,-121.762947
Zonotrichia leucophrys,-2448.113785437514,-4752.652082918031,3465.3701392438793,6130809308,32.951438,-117.253212
Zonotrichia leucophrys,-2370.0165414429684,-4770.43165753103,3495.1046513359065,6130818034,33.270689,-116.418823
Zonotrichia leucophrys,-2711.2709472088777,-4343.724485576266,3790.886515566474,6130833710,36.514157,-121.971633
Zonotrichia leucophrys,-2474.874827536006,-4685.805004430707,3536.6621521087072,6130839115,33.718848,-117.841414
Zonotrichia leucophrys,-1971.190349996202,-4949.574655781006,3493.690378469395,6130871581,33.255478,-111.715142
Zonotrichia leucophrys,-1970.763040345086,-4942.91381232547,3503.348285912966,6130872415,33.359405,-111.737403
Zonotrichia leucophrys,-2690.833748661352,-4294.395314861792,3861.0019096648502,6130874986,37.302764,-122.070929
