species,inat_taxon_id,x_km,y_km,z_km,source_observation_id,source_photo_id,latitude,longitude
Albizia julibrissin,47443,-2483.177198647172,-4659.132068344135,3565.960249290998,7780889,10225182,34.0362104,-118.0562731
Albizia julibrissin,47443,-197.6874002585446,-5235.716453968392,3624.6304687652096,9763216,13370516,34.6753435896,-92.1623164415
Albizia julibrissin,47443,-354.93774742940093,-5444.025809071187,3290.342735231998,120907389,204545910,31.0947944449,-93.7302713041
Albizia julibrissin,47443,1240.1063958190234,-5039.500876232097,3695.31056545754,127017595,215585681,35.4519277206,-76.1754883134
Albizia julibrissin,47443,958.557089871682,-5118.629557533587,3670.225182175841,155900570,269530678,35.1754591814,-79.3931694593
Albizia julibrissin,47443,-4898.399977669511,268.5230099053101,-4064.889442727337,2670811,3001214,-39.645016,176.862271
Albizia julibrissin,47443,627.4349109833984,-5301.769576809368,3476.682026958362,289668801,521431905,33.0727539063,-83.2507553101
Albizia julibrissin,47443,-2314.4113007779583,-3616.199848597633,4707.053443026876,310670003,560727720,47.6313243619,-122.6197308674
Albizia julibrissin,47443,-3816.95723014395,3440.4629085387096,3766.139350568248,311371497,562079497,36.2377383333,137.96968
Albizia julibrissin,47443,-4779.672245857479,416.5282626579246,-4191.776539638574,337143112,612813982,-41.1433721667,175.0194971667
Albizia julibrissin,47443,805.6250956962266,-5322.03379215637,3408.3247571215343,362715878,662041029,32.3421555763,-81.3921783864
Albizia julibrissin,47443,563.132115255594,-5236.705154925499,3584.627521908225,370362842,676594812,34.2390378658,-83.8622514904
Albizia julibrissin,47443,540.1871300144109,-5070.090974241271,3819.9644641228574,371682756,679107391,36.8402166667,-83.9184283333
Albizia julibrissin,47443,1071.9413913050175,-4803.8744967360335,4045.180416606114,372170297,680054565,39.4152096184,-77.4210368817
Albizia julibrissin,47443,1340.460570141728,-4699.79382984877,4087.157514274216,390419926,715267032,39.9055833333,-74.0809555
Impatiens glandulifera,47892,4089.3403389235095,940.518742898592,4794.003881557341,95961938,159367388,48.8049409967,12.9523714879
Impatiens glandulifera,47892,4337.905927941859,853.6963265002319,4587.322516689264,97753910,162628414,46.0570228,11.1334845
Impatiens glandulifera,47892,4464.541576791144,589.9582916040524,4506.614122925139,124508147,211045260,45.0207421997,7.5276278747
Impatiens glandulifera,47892,3592.658118929281,-133.143589489483,5259.737023345066,304048575,548069044,55.6466943398,-2.1224051714
Impatiens glandulifera,47892,3851.2135148050247,675.7370337632713,5030.038474431521,304060801,548097869,52.1406715881,9.9518612897
Impatiens glandulifera,47892,3994.685324818732,780.4005235672323,4901.34851935376,304715517,549351511,50.2929213789,11.0540619493
Impatiens glandulifera,47892,3599.323222725182,1031.9144061153916,5154.588065644059,310191154,559812568,54.0051055933,15.9974270594
Impatiens glandulifera,47892,4346.2627949973885,672.0935482561831,4609.559969117588,311769329,562826968,46.3459682105,8.7904280064
Impatiens glandulifera,47892,3047.9015804322057,967.4848420965886,5510.355901934978,312682277,564579564,59.87254972,17.61081952
Impatiens glandulifera,47892,-2337.0340669028287,-2919.2454231294923,5158.103436278742,316604317,572035781,54.0589327109,-128.6794026196
Impatiens glandulifera,47892,4059.670267025032,-395.6785141784591,4894.1055327943095,317495591,573719846,50.1910715955,-5.5667890719
Impatiens glandulifera,47892,4195.246746310633,186.1441597280692,4791.138509691263,317519196,573765505,48.765830961,2.5405618921
Impatiens glandulifera,47892,1917.672722912844,-3996.593326221071,4575.972709957816,317643769,574000941,45.9101292044,-64.3670585006
Impatiens glandulifera,47892,3414.8748522466626,782.5432639852834,5321.278879476439,321439426,581330139,56.6401416667,12.906895
Impatiens glandulifera,47892,415.93752837809546,3788.278284685436,5105.457544622707,323759401,585877832,53.2599582527,83.7342544645
Ranunculus repens,48229,-5185.450964343773,586.6458680086374,-3654.681662144059,250722809,448473609,-35.0046236751,173.5453981847
Ranunculus repens,48229,-4883.4493276324565,264.6979812898679,-4083.0883866045087,251338752,449699878,-39.8578951043,176.8974284829
Ranunculus repens,48229,-1858.9174602507123,-3918.9961373529786,4666.438500726749,252217365,451457453,47.0920902746,-115.3766276371
Ranunculus repens,48229,-4424.213307076853,942.8550865310028,-4486.325225500726,252474728,451970376,-44.7631866667,167.9695283333
Ranunculus repens,48229,-4260.983884515955,895.1900124289523,-4651.064857343983,256858709,460633081,-46.8894,168.1352833333
Ranunculus repens,48229,1273.1873677121494,3381.5298465801143,5247.285293660286,276961578,497327332,55.44875,69.36803
Ranunculus repens,48229,3641.870099925689,1386.7331593775975,5040.189128358907,279908691,502683479,52.2896633333,20.8455833333
Ranunculus repens,48229,4251.072574767424,-123.110479797318,4743.730483859909,335575869,609649498,48.1231008,-1.6588143
Ranunculus repens,48229,3899.2729013785183,353.2484650525338,5025.996368103603,344703236,628098410,52.08148,5.17649
Ranunculus repens,48229,4260.348320443844,1524.5216641751356,4484.977036020299,354607000,646859151,44.74611293,19.6892246604
Ranunculus repens,48229,-2711.104469871715,-4028.660819851066,4124.264501910126,360053212,656976156,40.342005,-123.93875
Ranunculus repens,48229,3984.784328458093,1877.0473523741173,4603.035978818494,362312389,661281070,46.2610401055,25.2229531109
Ranunculus repens,48229,-2025.7534476077656,-3578.955028406396,4865.917899412942,370460994,676765411,49.7967492406,-119.5106479803
Ranunculus repens,48229,2640.8338661747403,975.845688812422,5715.196830605943,375909910,687258245,63.7746690409,20.2803704515
Ranunculus repens,48229,-2283.2323719516294,-3706.0315311234,4652.089138835231,385277279,705129604,46.902880554,-121.6366213463
Iris versicolor,48726,802.1036834318941,-4315.678960404625,4617.499098150782,14295312,21229508,46.4494966667,-79.4712533333
Iris versicolor,48726,1273.330851431928,-4485.837773384488,4341.156659618029,26821130,41669924,42.9525422448,-74.1531018426
Iris versicolor,48726,1899.506054760568,-4215.933248540775,4382.640382401209,296725273,534322128,43.464395,-65.7458583333
Iris versicolor,48726,1551.2563286623877,-4471.056602819206,4265.32645724206,297701450,536164760,42.0277122391,-70.8655169515
Iris versicolor,48726,1687.3472689351336,-3704.903376137521,4900.643151381192,332223482,602871471,50.2829930259,-65.513760522
Iris versicolor,48726,879.0269924884043,-3989.13891655065,4889.1548738626925,341447985,621590495,50.121581,-77.573178
Iris versicolor,48726,144.219183675425,-4304.943030867731,4694.296481659501,361030029,658845608,47.4613583333,-88.0812611667
Iris versicolor,48726,35.39323441949141,-4465.248448710824,4544.233350073513,369380937,674719905,45.5013916667,-89.5458616667
Iris versicolor,48726,1292.7933768314515,-4269.916036930223,4548.214534524978,370775955,677385868,45.5524977822,-73.1553740054
Iris versicolor,48726,974.505987303594,-4478.422866938549,4425.360983611256,373971027,683496608,43.9960794,-77.72379467
Iris versicolor,48726,1917.8309943647207,-3997.074709672328,4575.485894637785,376638285,688661763,45.9038373528,-64.3679056996
Iris versicolor,48726,753.7373257655511,-4183.672277077136,4745.368210312183,376982391,689325620,48.1451695,-79.787055
Iris versicolor,48726,1381.2087288112164,-3982.047060430038,4777.584827677435,378926810,693078358,48.581245,-70.8704383333
Iris versicolor,48726,2526.5315616967587,-3394.5807059860576,4762.689705195455,384038003,702945128,48.3791644,-53.3402857
Iris versicolor,48726,2408.041782935441,-3413.783920766497,4810.11093880699,396757866,727612930,49.0253600989,-54.8013209433
Heliotropium angiospermum,48895,307.7235540041981,-5952.95146999363,2248.8726375428955,76174151,124618588,20.6700202718,-87.0408658951
Heliotropium angiospermum,48895,5087.547560554772,-3745.4873195752434,-823.3697150561659,78588350,128631659,-7.425500534,-36.3607546089
Heliotropium angiospermum,48895,1055.2582279654748,-6282.81154205998,-49.62185956315631,87759503,144724054,-0.446264,-80.465618
Heliotropium angiospermum,48895,1023.36518585443,-6287.370134629502,-107.02156898288698,92632557,153407799,-0.962512034,-80.7553093135
Heliotropium angiospermum,48895,894.6615450384671,-5525.223709176418,3043.2280251505304,94251159,156325062,28.533216035,-80.8023182955
Heliotropium angiospermum,48895,273.49746571502146,-5969.567728846752,2208.8941569564454,102668498,171674543,20.2862317841,-87.3768117177
Heliotropium angiospermum,48895,969.7131580664671,-5679.8015958043125,2718.319950456342,12072759,17312137,25.256431,-80.3113023
Heliotropium angiospermum,48895,-782.0872039288473,-5477.354756096119,3158.587914084301,131327525,223472385,29.7208783333,-98.1260833333
Heliotropium angiospermum,48895,-1122.9800179714225,-5567.571427381587,2886.3155423339467,133499593,227400540,26.9388317301,-101.4035668597
Heliotropium angiospermum,48895,-988.753812203254,-5780.683994420991,2489.138723570049,246657623,440379312,22.99792163,-99.70619598
Heliotropium angiospermum,48895,984.3229982530884,-5622.693556682205,2829.5191344876766,336845828,612207479,26.3673184199,-80.0702779015
Heliotropium angiospermum,48895,-1032.8458121293054,-5648.843346074115,2759.2664803455605,340771614,620198916,25.6642814983,-100.3616195172
Heliotropium angiospermum,48895,2222.8422717830663,-5816.590499372574,1347.5905635839238,341932209,622573353,12.211395,-69.0853666667
Heliotropium angiospermum,48895,866.9718573530264,-5722.34646461128,2663.243110792942,57306009,91391744,24.7099814929,-81.384844485
Heliotropium angiospermum,48895,5158.552079824441,-3634.242635588746,-878.2790189258415,58341193,93136662,-7.9237759881,-35.1650124872
Antirrhinum majus,48969,3785.1162005243486,2514.981200495774,4465.144794892814,99636992,166138122,44.4955329384,33.6016383022
Antirrhinum majus,48969,-2326.2425185031184,-3526.953704058828,4768.537138810121,119730141,202376807,48.4584,-123.4073027778
Antirrhinum majus,48969,4425.503140370111,1435.107479469295,4352.601705488685,130421574,221796673,43.0933306204,17.9669041559
Antirrhinum majus,48969,5417.819571165019,-1514.1944776235168,2990.685424432529,145414565,249767133,27.99672,-15.6148333333
Antirrhinum majus,48969,-4909.693931817861,267.872077970952,-4051.2841390590993,179253680,312044859,-39.4862975269,176.8770481928
Antirrhinum majus,48969,-1405.733699089652,-4535.926668569505,4247.238532774103,187010295,326945250,41.8091002919,-107.2187853205
Antirrhinum majus,48969,-4500.562143975672,693.1598947571174,-4455.807769438762,194267334,341427966,-44.3779321451,171.244315157
Antirrhinum majus,48969,3839.1108751318816,1428.9174231552374,4879.464705879626,238057166,423754250,49.985854687,20.4152712026
Antirrhinum majus,48969,5020.3659601559175,-744.7297773032375,3851.111049370436,255570809,458024151,37.1910219856,-8.4378219967
Antirrhinum majus,48969,1111.8132231905458,-4831.265122627565,4001.56242001778,303092139,546186648,38.9092943836,-77.0402270069
Antirrhinum majus,48969,3579.500045589489,-322.6826260746733,5260.495078995116,314137704,567361070,55.6587773962,-5.1511420456
Antirrhinum majus,48969,-1155.3658925502748,-5832.395849013021,2288.676788981926,339966093,618560170,21.0531011849,-101.204919458
Antirrhinum majus,48969,-1978.8722361248315,-4925.048617340452,3523.8776822705763,342112705,622938648,33.5807319023,-111.8901383239
Antirrhinum majus,48969,3780.4848930025264,-415.83346110857485,5111.239540080232,364387343,665166593,53.3469741499,-6.2770008399
Antirrhinum majus,48969,3887.46153490564,353.0983972459214,5035.148206971557,54507645,86833854,52.21561,5.1899383333
Castanea mollissima,49192,584.0809087679917,-5112.630090926945,3756.2769034029607,83726398,137534778,36.12785,-83.4826283333
Castanea mollissima,49192,1580.1600353017393,-4493.102679394119,4231.415331178685,85917707,141447998,41.61847,-70.623955
Castanea mollissima,49192,650.288606244969,-4792.53885310348,4147.101300879808,85460830,142902597,40.612,-82.2728583333
Castanea mollissima,49192,773.1660649061346,-4846.570329821111,4062.354416327148,99879320,166600102,39.615415,-80.936066
Castanea mollissima,49192,-2250.156658486853,4317.491382264011,4109.235489238931,122301772,207055949,40.16490833,117.527275
Castanea mollissima,49192,-2603.697903864032,-4253.905108208168,3964.1899154117145,167115496,289459727,38.4786716667,-121.46965
Castanea mollissima,49192,1519.8842495533106,-4436.485846145144,4312.458502361618,173817000,301896050,42.6009253906,-71.0891850512
Castanea mollissima,49192,815.0783295805943,-4655.090789366989,4272.649083306065,174271719,302934689,42.1164279152,-80.0685304497
Castanea mollissima,49192,1231.3413553593953,-4730.348492235851,4086.2396819400014,221915919,393037825,39.89482388,-75.40932568
Castanea mollissima,49192,374.5339641026416,-5396.709703289501,3365.2640041803465,25410609,39350880,31.88494557,-86.03001391
Castanea mollissima,49192,426.0616452170558,-4971.433806562086,3961.448032111992,27046100,42039186,38.44718,-85.1016083333
Castanea mollissima,49192,1088.892019309548,-4933.803939258252,3880.933649126349,287300433,516912053,37.5284492371,-77.5543151178
Castanea mollissima,49192,885.3378183774032,-4996.64874014146,3852.198261340004,292151578,525714101,37.2032966667,-79.952255
Castanea mollissima,49192,673.1179408991931,-4728.906475267448,4215.935117561781,373938910,683437328,41.4325156,-81.8988732
Castanea mollissima,49192,728.283534634184,-5108.263179228573,3736.97785845672,51687714,82138218,35.91326167,-81.88603833
Lupinus texensis,49564,-1013.3132299467844,-5390.7892496254535,3240.7315059743664,10989292,15479307,30.57518,-100.645735
Lupinus texensis,49564,-773.6252550425014,-5569.4961975928645,2995.324556610934,162526258,281030021,28.0439805,-97.9080116667
Lupinus texensis,49564,-812.612875417397,-5540.207029249149,3038.999756077916,181264228,315885141,28.4899421173,-98.344389461
Lupinus texensis,49564,-985.8050994597776,-5344.37852891342,3324.990161676536,21329999,32987016,31.4593715826,-100.4511027876
Lupinus texensis,49564,-835.060719480323,-5627.415305580566,2867.8604748097523,199034655,350922814,26.7528133333,-98.4406133333
Lupinus texensis,49564,-653.3941276230596,-5403.4593535491,3311.413030446048,200537377,353834035,31.3163383333,-96.8948133333
Lupinus texensis,49564,-767.1996334529773,-5485.464042508719,3148.148994322052,200673688,354094368,29.6128366667,-97.96177
Lupinus texensis,49564,-765.043741080207,-5444.8561663068895,3218.3850813942827,201132104,354993582,30.3420394941,-97.9981333762
Lupinus texensis,49564,3.0394462440753527,-5558.8427121988125,3112.717718084651,337609,420553,29.246985,-89.968672
Lupinus texensis,49564,-508.1839446970154,-5511.405075179616,3155.29971719233,268164187,481995162,29.6868333333,-95.2681116667
Lupinus texensis,49564,-753.7842105189234,-5467.917850865926,3181.7348836494125,269062833,483723432,29.9608633333,-97.8490833333
Lupinus texensis,49564,-663.265197020742,-5326.770295432822,3431.5230769722343,269171977,483943438,32.5894287637,-97.0976791331
Lupinus texensis,49564,-680.7618594829362,-5388.850549186527,3329.655564601664,269616369,484793358,31.5085713878,-97.1999133378
Lupinus texensis,49564,-1103.1012783387205,-5645.843345373851,2738.133236148804,32965714,51738367,25.4536099,-101.0553427
Lupinus texensis,49564,-716.9324390703024,-5329.151238549627,3417.00279252902,5460150,6721860,32.4345761771,-97.662017299
Castilleja affinis,50042,-2642.179883125757,-4537.104120044376,3608.78439349864,68647954,111212443,34.5022400608,-120.2143570036
Castilleja affinis,50042,-2678.5734111183265,-4195.912003992191,3976.093568526978,72340825,117929581,38.61555,-122.5532216667
Castilleja affinis,50042,-2710.0916717718123,-4362.651085538936,3769.937899503975,75366823,123289690,36.2801033333,-121.8486716667
Castilleja affinis,50042,-2683.598905540181,-4348.30015927244,3805.3036368642456,79026577,129647047,36.6756477356,-121.6812438965
Castilleja affinis,50042,-2684.361105457656,-4382.0321171118285,3765.866847059786,10542432,14680083,36.2347,-121.4909533333
Castilleja affinis,50042,-2476.8824477116414,-4695.046795699241,3522.973467979813,110439503,186301887,33.5709716667,-117.8139883333
Castilleja affinis,50042,-2653.9661567305725,-4472.447231858562,3680.140286299815,144935279,248866147,35.2846216667,-120.685045
Castilleja affinis,50042,-2644.9303862019883,-4571.637407034113,3562.8959850701863,157273828,271949798,34.0029623173,-120.0516176597
Castilleja affinis,50042,-2422.5307587122625,-4896.815202090946,3277.5446189703416,160028840,276517063,30.9604805556,-116.3223194444
Castilleja affinis,50042,-2700.825555895206,-4274.695361488313,3875.857842177792,167444907,290065571,37.4709117317,-122.2853968368
Castilleja affinis,50042,-2716.4383896274408,-4293.103452039399,3844.473742285557,178171340,309988589,37.1161296451,-122.3233654206
Castilleja affinis,50042,-2557.0069544784383,-4613.0913519595815,3573.633549050889,195442237,343833450,34.119525,-118.9993222222
Castilleja affinis,50042,-2683.3010138885866,-4250.209514671739,3914.76281273026,328649756,595582376,37.9130666667,-122.2656033333
Castilleja affinis,50042,-2544.658172860022,-4625.903254880518,3565.8781512356763,40001063,63521368,34.0353194444,-118.8147055556
Castilleja affinis,50042,-2693.986707656703,-4299.129105366994,3853.527952932588,42275694,67116471,37.21831167,-122.07271667
Mohavea confertiflora,50155,-2367.659976644001,-4764.291212479247,3505.063281506996,107233528,180313381,33.3778727271,-116.4255174032
Mohavea confertiflora,50155,-2221.652871954804,-5133.878282520446,3049.1483116564395,109989628,185475894,28.5938366667,-113.4002383333
Mohavea confertiflora,50155,-2369.163840058953,-4792.497308158561,3465.36944349769,143152586,245488146,32.9514305435,-116.3054202016
Mohavea confertiflora,50155,-2326.277245991349,-4770.944222739658,3523.674009889028,146619075,252398951,33.5785333333,-115.9935216667
Mohavea confertiflora,50155,-2315.865256346889,-4776.305420279241,3523.269472568616,147983247,254745566,33.5741666667,-115.8671416667
Mohavea confertiflora,50155,-2350.191430520644,-4755.464139193936,3528.7269929005915,149378922,257393583,33.633095,-116.29898
Mohavea confertiflora,50155,-2327.5857784990244,-4768.165209146854,3526.5703043733665,150392709,259316372,33.6098030428,-116.0193743929
Mohavea confertiflora,50155,-2360.305959679042,-4786.606923138245,3479.5262708802816,151632339,261656886,33.1032836996,-116.2481960748
Mohavea confertiflora,50155,-2336.155455968589,-4750.547895576774,3544.6333388739536,20473522,31604526,33.8050766667,-116.1863666667
Mohavea confertiflora,50155,-2298.9060833863205,-4786.442032304782,3520.618783798223,21168080,32719602,33.54556,-115.65476
Mohavea confertiflora,50155,-2284.6985087805447,-4745.266246337861,3585.0180062337176,202029656,356734845,34.2432858453,-115.7093723887
Mohavea confertiflora,50155,-2307.583058710036,-4790.184604720831,3509.835467586394,203195610,358954167,33.4292821055,-115.7215841084
Mohavea confertiflora,50155,-2358.639394041776,-4748.629193830459,3532.2930396631536,38609087,61385134,33.67162167,-116.413545
Mohavea confertiflora,50155,-2160.648403520108,-4794.016267217757,3597.048739688548,39333180,62386397,34.3742704632,-114.2609433274
Mohavea confertiflora,50155,-2283.506217814488,-4760.973179760538,3564.8964731785472,40030413,63572569,34.02466667,-115.62378
Lathyrus vestitus,50320,-2451.9956239074045,-4667.47944487532,3576.605404805337,72239358,117746389,34.1518146514,-117.714568625
Lathyrus vestitus,50320,-2704.581874592221,-4243.811464683357,3907.051863685297,72974897,119078347,37.8252216667,-122.50937
Lathyrus vestitus,50320,-2674.249588575044,-4274.477658134264,3894.481097372879,76831116,125660341,37.6822361111,-122.0314111111
Lathyrus vestitus,50320,-2685.803010322621,-4353.7314148374135,3797.530524811776,79008516,129363675,36.5885366667,-121.6703033333
Lathyrus vestitus,50320,-2687.841226602484,-4213.451204335471,3951.21394244066,81875142,134321415,38.3297583333,-122.5345833333
Lathyrus vestitus,50320,-2700.839063673216,-4345.928050131121,3795.804376531769,105160899,176381873,36.5692055556,-121.859475
Lathyrus vestitus,50320,-2444.74589874216,-4705.851535230103,3530.9958862385133,161553446,279246160,33.6576055556,-117.4524138889
Lathyrus vestitus,50320,-2692.926850560269,-4395.200237650132,3744.344131910046,21080983,32575862,35.9950992043,-121.4956846954
Lathyrus vestitus,50320,-2709.348569815857,-4225.945912350146,3923.081008952695,205619707,363598316,38.007947345,-122.664841681
Lathyrus vestitus,50320,-2691.7894342732347,-4291.634266152718,3863.4049874167,214335793,378829498,37.3299378386,-122.0966690387
Lathyrus vestitus,50320,-2392.161524792093,-4706.358888585054,3566.1607340132973,25478395,39466734,34.0383861667,-116.94345
Lathyrus vestitus,50320,-2709.991199963621,-4270.66976681958,3873.897335832528,260576310,467983064,37.4487,-122.39753
Lathyrus vestitus,50320,-2733.872997415023,-4095.434953065219,4042.660523577774,39681802,62979578,39.3858824485,-123.7247569159
Lathyrus vestitus,50320,-2556.154323592056,-4580.149035989633,3616.360464857216,41409429,65679433,34.5849565546,-119.1656300643
Lathyrus vestitus,50320,-2386.8157696889666,-4731.735932313241,3536.034315175298,42671284,67764536,33.7120600278,-116.7676143163
Lupinus bicolor,50614,-2412.4523055646764,-4681.484956145446,3585.181391287892,76156312,124591119,34.2450633333,-117.262855
Lupinus bicolor,50614,-2294.981010069914,-3655.7325922406494,4685.982768547636,82245448,134970955,47.3508866667,-122.1196138333
Lupinus bicolor,50614,-2374.905131703605,-3655.115144115104,4646.473074101015,85179034,140099558,46.8290091883,-123.0137314516
Lupinus bicolor,50614,-2701.295462611546,-4275.32014972939,3874.8411026349936,10792680,15103930,37.4593916667,-122.2861166667
Lupinus bicolor,50614,-2483.096309424486,-3754.902353905747,4508.291711993914,11369992,16202110,45.0420900071,-123.4764451906
Lupinus bicolor,50614,-2539.3329901198304,-4599.321799532038,3603.856278948412,107936048,181630758,34.4484783333,-118.9035416667
Lupinus bicolor,50614,-2563.220404592507,-4261.856125084094,3981.9890326621007,110619173,186633899,38.6834378172,-121.0240845437
Lupinus bicolor,50614,-2692.483158639906,-4391.763782788427,3748.692898372152,111112910,187532966,36.0434528333,-121.511445
Lupinus bicolor,50614,-2418.8439987862907,-4855.316342651474,3341.3844513905465,118140055,199573297,31.632375,-116.4817805556
Lupinus bicolor,50614,-2452.6353331094183,-4692.118074079068,3543.7777909120136,118749306,200672277,33.79581758,-117.59669405
Lupinus bicolor,50614,-2355.3869475056263,-3651.356336498369,4659.345700966046,120058277,203017984,46.9984813538,-122.8249205513
Lupinus bicolor,50614,-2595.1774749214787,-3900.757836685706,4317.278691823434,120182572,203233619,42.6598443887,-123.6358561629
Lupinus bicolor,50614,-2298.491762486964,-3812.669299812454,4557.438047601374,24703679,38201257,45.6710782106,-121.0839392952
Lupinus bicolor,50614,-2556.5027192480493,-4581.733827197814,3614.1059908179286,41409469,65680074,34.5603333308,-119.1605182456
Lupinus bicolor,50614,-2366.2862329129694,-4927.1033891582365,3273.239188655391,44323573,70272165,30.91533833,-115.65307
Fritillaria affinis,50618,-2740.966384630335,-4146.802813659374,3985.08253774381,72221578,117711963,38.7190861111,-123.4640277778
Fritillaria affinis,50618,-2568.6071234820765,-4070.9861927607712,4173.617375038796,72503813,118222262,40.92687,-122.2500616667
Fritillaria affinis,50618,-2552.591763496374,-3876.3842574112114,4364.364043878838,73985046,120864463,43.23836014,-123.36482891
Fritillaria affinis,50618,-2660.8881643503687,-4356.650903769901,3811.6951883877696,74699418,122118458,36.74735,-121.4151083333
Fritillaria affinis,50618,-2713.4734060075752,-4257.144439813527,3886.32685490192,74703436,122126277,37.5896333333,-122.513145
Fritillaria affinis,50618,-2505.1969795805294,-3839.9294713530494,4423.650401897998,77522555,126789516,43.9746989302,-123.1207118271
Fritillaria affinis,50618,-2335.856451723051,-3659.896072910948,4662.476648961608,77496252,126957011,47.03978254,-122.54725126
Fritillaria affinis,50618,-2059.7121803999125,-3632.092353540683,4811.9896091888,78506677,128487411,49.0511325558,-119.5570064701
Fritillaria affinis,50618,-2344.8538384954927,-3482.385413955092,4792.119096437735,78511973,128496874,48.7792117563,-123.9542360839
Fritillaria affinis,50618,-2140.805873095312,-3488.800057544191,4882.107895353984,78726606,128873967,50.02283874,-121.5342108
Fritillaria affinis,50618,-2310.9897242299644,-3430.655991797749,4845.583462300815,205124689,362648918,49.51427,-123.965355
Fritillaria affinis,50618,-2157.0903595565974,-3662.994117990008,4745.438694362833,205577776,363516323,48.1461195,-120.4932866667
Fritillaria affinis,50618,-2415.979617960186,-3763.4055235157625,4537.573633655926,206886653,365888670,45.416005,-122.6990966667
Fritillaria affinis,50618,-2678.9276123127443,-4190.54877899979,3981.507366373839,206979245,366051661,38.6778888889,-122.5899055556
Fritillaria affinis,50618,-2025.3651685710845,-3573.809393309582,4869.859903930364,207276167,366615177,49.8517009448,-119.5412882949
Spiranthes romanzoffiana,50743,-2035.7009114190048,-2171.660810517591,5632.90016359134,65574920,105567344,62.1465759797,-133.1491445031
Spiranthes romanzoffiana,50743,1897.2984646686448,-4020.242101076502,4563.733681359533,8396493,11170317,45.7521613316,-64.7356710616
Spiranthes romanzoffiana,50743,-463.9823017172307,-4035.353355377802,4908.196904221725,89720219,148189943,50.3894232621,-96.5590286255
Spiranthes romanzoffiana,50743,-494.8033119462903,-4144.150367366016,4813.620315814754,103790720,173795619,49.0735141689,-96.8087692029
Spiranthes romanzoffiana,50743,1801.411719910589,-3648.21064876251,4902.573610594953,125433268,212716200,50.3101699828,-63.720783256
Spiranthes romanzoffiana,50743,-2546.1971793883263,-4161.366876646244,4097.518611465219,129465550,223298441,40.0271606445,-121.4610290527
Spiranthes romanzoffiana,50743,-2373.53127198663,-3487.354241151097,4774.354702711605,131852865,224448218,48.5373537684,-124.2396295443
Spiranthes romanzoffiana,50743,-2073.4783114570355,-4370.589926188626,4145.887663540006,132299391,225277724,40.5976240142,-115.3804165492
Spiranthes romanzoffiana,50743,1649.975463513671,-4224.4068357674605,4474.563775989949,15321382,22942411,44.61440676,-68.66529956
Spiranthes romanzoffiana,50743,2196.9215209560016,-3499.271971334508,4849.575716603516,233835723,415615112,49.5696,-57.878475
Spiranthes romanzoffiana,50743,-1361.6554801472391,-4728.7498879483055,4046.5506274222384,235745259,419299054,39.4311616667,-106.0638888333
Spiranthes romanzoffiana,50743,-1823.169624354256,-4042.057683299404,4574.666691179769,310658613,560703800,45.8932511552,-114.2777494185
Spiranthes romanzoffiana,50743,-1281.636367952948,-3356.58802584296,5261.224018684766,326885028,592110702,55.6703998763,-110.8982128898
Spiranthes romanzoffiana,50743,-2241.853445551208,-4109.570464517435,4321.490119798213,5515629,6802628,42.711368,-118.613356
Spiranthes romanzoffiana,50743,-1733.5771246875531,-3934.492253210613,4701.514031869217,55004077,87554169,47.5574528843,-113.7787754422
Wyethia amplexicaulis,50798,-1465.8781994903532,-4737.466924427198,3999.670158137376,86670217,142818879,38.8874283333,-107.1932366667
Wyethia amplexicaulis,50798,-2211.2756665510137,-3719.783646760873,4675.8125152199145,119370051,201782287,47.2160591233,-120.7299388079
Wyethia amplexicaulis,50798,-1442.5710227283791,-4745.326027171956,3998.827686948545,122561027,207511606,38.8776953146,-106.9091823993
Wyethia amplexicaulis,50798,-1790.709571013073,-4516.447579000023,4121.263596047265,167998674,291093750,40.3066062927,-111.6276473999
Wyethia amplexicaulis,50798,-1437.3140711013664,-4757.588741101882,3986.129797338776,169653100,294155407,38.7311583333,-106.81008
Wyethia amplexicaulis,50798,-1449.7198190241954,-4743.44052324889,3998.479408275876,171242036,297125958,38.8736720616,-106.9945265059
Wyethia amplexicaulis,50798,-2314.8070752059243,-3801.0047684037454,4558.92356646018,213285917,376927941,45.6902,-121.3413616667
Wyethia amplexicaulis,50798,-1440.4581548354006,-4749.851925180217,3994.2133296442016,27464301,42734569,38.8244095445,-106.8706513011
Wyethia amplexicaulis,50798,-1993.0933040612103,-3822.094345714001,4691.367287203686,251969568,450958171,47.4224090881,-117.5405218215
Wyethia amplexicaulis,50798,-1448.7603474866878,-4741.364862386214,4001.2880209948703,29211935,45579879,38.9061231456,-106.9909335155
Wyethia amplexicaulis,50798,-2034.8797997043948,-4354.228003555465,4182.07075782869,263409338,473203038,41.0275666693,-115.0482940234
Wyethia amplexicaulis,50798,-1659.8535929287598,-4238.967256143548,4457.10621155271,288797356,519392688,44.3942720024,-111.383834593
Wyethia amplexicaulis,50798,-1795.1614048930549,-4491.049828937189,4147.001337600831,363535520,663607370,40.6108157809,-111.7875667752
Wyethia amplexicaulis,50798,-1779.7997755365243,-4435.864471536064,4212.501902532704,372187468,680089634,41.3913466667,-111.8621133333
Wyethia amplexicaulis,50798,-1396.0225079411036,-4618.727265874151,4160.316421916721,52104925,82809192,40.7687388889,-106.8175805556
Lithophragma affine,50803,-2695.481797084518,-4207.168307443354,3952.7036119734153,75368056,123292010,38.3468383333,-122.647195
Lithophragma affine,50803,-2698.9838191813,-4289.271208254973,3861.009191326781,112225909,189550522,37.3028463257,-122.1797714233
Lithophragma affine,50803,-2453.533849448824,-4691.581121962041,3543.8667236982355,116380358,196449663,33.79678,-117.6080033333
Lithophragma affine,50803,-2637.5120751537065,-4249.663502179102,3946.3455628394577,152334539,262958751,38.2739673376,-121.8254016819
Lithophragma affine,50803,-2672.897717621918,-4254.30228355978,3917.4332158834586,159784353,276086528,37.943513,-122.14037
Lithophragma affine,50803,-2650.8515787294964,-4383.867697909798,3787.405846281571,160999533,278247946,36.4752194444,-121.1606527778
Lithophragma affine,50803,-2435.055731855456,-4750.276420809539,3477.805434226626,22804182,35343822,33.0848111667,-117.1402888333
Lithophragma affine,50803,-2651.553184436834,-4277.51391098886,3906.647358167501,206025607,364360524,37.82061633,-121.79402222
Lithophragma affine,50803,-2556.451174336961,-4297.046326053913,3948.379844272228,268495305,482628720,38.2972747196,-120.7497760064
Lithophragma affine,50803,-2706.0470874653806,-4231.480578498718,3919.392096216672,270579558,486629899,37.965855,-122.5990616667
Lithophragma affine,50803,-2710.0402592942587,-4233.225160114081,3914.7464370580697,275022632,494285246,37.91288,-122.626695
Lithophragma affine,50803,-2674.409717847396,-4316.80489137934,3847.399293097125,278221118,499563692,37.1491310822,-121.7796448024
Lithophragma affine,50803,-2693.6059653255497,-4310.701961752135,3840.844780798405,350070544,638670765,37.0752134171,-121.9998128733
Lithophragma affine,50803,-2384.9316415308203,-4724.041693991388,3547.574420408051,364427036,665263645,33.8369138889,-116.7869194444
Lithophragma affine,50803,-2651.0913262845447,-4382.532111800581,3788.783472094048,42270460,67108080,36.49062833,-121.17067833
Prosartes hookeri,51071,-2197.505144779013,-3564.464020482968,4801.595621772996,63936488,102699443,48.9087099945,-121.653984496
Prosartes hookeri,51071,-1972.8477960319697,-3529.1701072583496,4923.675766884262,116550643,196750204,50.6082662273,-119.2057062573
Prosartes hookeri,51071,-1916.037374322404,-3531.839161375738,4944.154735447695,120287057,203431231,50.8993761,-118.480014503
Prosartes hookeri,51071,-2366.256991865406,-3643.905359981864,4659.671094146126,162214239,280463363,47.0027722167,-122.9986416667
Prosartes hookeri,51071,-2249.115902333104,-3678.6053877070462,4690.319092458687,166192653,287772182,47.4084783333,-121.4418033333
Prosartes hookeri,51071,-2693.9372116046256,-4393.322541826297,3745.820667502685,22173049,34329455,36.0115133738,-121.5161691607
Prosartes hookeri,51071,-2658.607996804953,-4019.583217060501,4167.074202618397,208416586,368752135,40.849032994,-123.4812020916
Prosartes hookeri,51071,-2379.4550789282744,-3774.375877700193,4547.750365936413,208978734,369791848,45.5465368985,-122.2282929718
Prosartes hookeri,51071,-2044.9242673927536,-3930.472727975317,4578.146131890933,214324111,378820979,45.9382283333,-117.486805
Prosartes hookeri,51071,-2215.4454083392507,-3667.290234907272,4715.1391395482415,214517734,379181470,47.73934,-121.136579
Prosartes hookeri,51071,-2263.30059529908,-3634.301336338836,4717.952664205313,25042986,38751685,47.7769780392,-121.913034171
Prosartes hookeri,51071,-2346.451896233836,-3549.377875426519,4741.922956541028,288655215,519098198,48.098755,-123.468221
Prosartes hookeri,51071,-2724.4411011057987,-4182.308983923534,3959.225350908351,347992838,634594001,38.4216616667,-123.0810388333
Prosartes hookeri,51071,-2306.1499648362683,-2889.590308621081,5188.611887363155,360386166,657598010,54.5290442014,-128.5929791011
Prosartes hookeri,51071,-2252.433529921127,-3449.3152729132325,4859.888936077861,6113070,7649714,49.712825638,-123.1448936462
Calochortus luteus,51077,-2679.8512752895567,-4310.817271453226,3850.325275109487,120385346,203888416,37.1821517944,-121.8674545288
Calochortus luteus,51077,-2686.9832995073352,-4195.187537037528,3971.180606183897,122028115,206560682,38.5590249941,-122.6392295212
Calochortus luteus,51077,-2643.7890840922228,-4298.731224371662,3888.5784380830414,160809039,277907720,37.6151916667,-121.5921866667
Calochortus luteus,51077,-2637.5809696002893,-4249.664977100264,3946.297928551168,163053931,281982015,38.2734216667,-121.8260633333
Calochortus luteus,51077,-2637.231053943827,-4140.420317734299,4060.995578707859,216298556,382523891,39.5995533333,-122.4950033333
Calochortus luteus,51077,-2691.281306924341,-4212.212803636001,3950.192571706092,217597290,384961059,38.31805,-122.5754611111
Calochortus luteus,51077,-2563.8556055527906,-4215.598583117018,4030.52430206974,217977485,385677630,39.2448100747,-121.3072580762
Calochortus luteus,51077,-2696.4467071362506,-4201.561884292751,3958.005307943618,217999731,385720121,38.4076583333,-122.69123
Calochortus luteus,51077,-2564.150253886367,-4279.509629383104,3962.408855379415,219637467,388776725,38.4582138889,-120.9287416667
Calochortus luteus,51077,-2655.3900252478084,-4325.437809747972,3850.8758351178417,220185231,389810937,37.1883666667,-121.5458
Calochortus luteus,51077,-2702.9238665826515,-4347.991782480876,3791.955057831526,27584755,42933918,36.5261145,-121.8671008
Calochortus luteus,51077,-2708.768793921927,-4234.727956142314,3914.001007692631,30079698,46974253,37.9043833333,-122.605255
Calochortus luteus,51077,-2575.551818519251,-4260.605501372102,3975.3649796562568,45122968,71539869,38.60716457,-121.15311738
Calochortus luteus,51077,-2644.6589957071624,-4319.403330050818,3865.00799461638,46043885,73028412,37.34807,-121.47805833
Calochortus luteus,51077,-2513.677514722826,-4386.769137708144,3876.523573268407,46789172,74203890,37.4784556927,-119.8132869601
Calochortus albus,51315,-2573.4336643440083,-4180.133895823309,4061.240317672354,65021734,104621914,39.6024098949,-121.6178760572
Calochortus albus,51315,-2544.2336023625617,-4622.824946467072,3570.170587046,76307153,127009232,34.0819149531,-118.8267764203
Calochortus albus,51315,-2540.8945706139257,-4241.17013818377,4018.218979806896,78088783,127805149,39.1020611667,-120.92592
Calochortus albus,51315,-2679.277058509872,-4267.2514915753,3898.947586345385,78193835,127937326,37.7330083333,-122.1234583333
Calochortus albus,51315,-2703.266646212969,-4266.878443170666,3882.763309854903,78199085,127946739,37.5492004896,-122.3561668215
Calochortus albus,51315,-2699.8625296773807,-4287.7196836104695,3862.1179895623113,79066563,129462363,37.3153833333,-122.197525
Calochortus albus,51315,-2693.8368766291483,-4310.501190229781,3840.908160945532,111278338,187835814,37.0759278333,-122.00321945
Calochortus albus,51315,-2648.729024977305,-4475.430156784958,3680.287025988595,111697302,188587537,35.2862383333,-120.6186533333
Calochortus albus,51315,-2568.563823247767,-4256.6177037610405,3984.1484334307047,111981384,189105261,38.70832,-121.1079721667
Calochortus albus,51315,-2668.44837381205,-4280.839627135396,3891.471250404473,274205052,492977664,37.6480416667,-121.937225
Calochortus albus,51315,-2643.64203305109,-4337.505705110229,3845.380889963847,274404243,493326791,37.1263611111,-121.3616555556
Calochortus albus,51315,-2562.879385997167,-4250.020536303499,3994.837646701896,275773720,495427955,38.8316167118,-121.09113375
Calochortus albus,51315,-2687.9631184830087,-4418.309273395255,3720.6384624123352,55540888,88446936,35.7320361111,-121.3150416667
Calochortus albus,51315,-2655.9578988284657,-4474.061008571958,3676.740249311092,57990649,92546756,35.24717167,-120.69483833
Calochortus albus,51315,-2709.546963542701,-4344.184951547179,3791.591419019855,61734846,98818593,36.522045,-121.95253833
Passiflora caerulea,51454,2619.587673444472,-4663.122425100963,-3461.618523080746,99234108,165381675,-32.9112400508,-60.6741656363
Passiflora caerulea,51454,4945.057128267596,1841.994267643158,-3569.764732558297,136778597,233492239,-34.0775082,20.4299603
Passiflora caerulea,51454,2145.501643738702,-4874.784802645992,-3496.147730614889,145154495,249296029,-33.2819093809,-66.2446336448
Passiflora caerulea,51454,2609.1752606204705,-4469.153610308307,-3715.9956400017154,148383678,255516604,-35.680616324,-59.7228200104
Passiflora caerulea,51454,3032.6095458577875,-4703.858448554022,-3044.13340181021,18046845,27592503,-28.542484357,-57.1898489324
Passiflora caerulea,51454,2819.3738656644027,-4446.2807656982895,-3587.6833037306164,245555499,438209069,-34.2722866667,-57.6213333333
Passiflora caerulea,51454,2269.775930978481,-4844.745188269728,-3459.236102604956,264850045,475627334,-32.8857222824,-64.8967855814
Passiflora caerulea,51454,3120.5748619595847,-4859.246557638224,-2690.6297687835886,312244200,563728502,-24.981397,-57.291701
Passiflora caerulea,51454,1327.1436028777273,-4642.568749774372,4156.320294519731,314380557,567827623,40.721303621,-74.0466700494
Passiflora caerulea,51454,-3728.118980324956,3667.151470080365,3639.077093674394,314712002,568444295,34.8334752785,135.4723426834
Passiflora caerulea,51454,2807.501613188088,-4271.08037655015,-3803.361702319668,36000028,56846415,-36.6538757923,-56.6819528555
Passiflora caerulea,51454,4784.580048504845,2252.892164743874,-3552.7487644305047,324721804,587793782,-33.892955,25.2141133333
Passiflora caerulea,51454,3479.5531062815626,-4394.925420765608,-3027.720901297213,330428793,599176448,-28.3745960891,-51.6306141391
Passiflora caerulea,51454,-4151.581318721099,2919.543593676952,-3851.0246543411376,339693975,618005471,-37.1900466667,144.8837133333
Passiflora caerulea,51454,4026.062125128761,-248.93382504874572,4931.390153397692,368659046,673354910,50.7177143787,-3.5381280631
Arum cylindraceum,51608,3538.5662630349625,615.4547734313101,5262.082986199365,79947439,130986997,55.6841,9.8666233333
Arum cylindraceum,51608,4653.559487399478,-414.3679360759846,4331.562817328621,115215806,194472377,42.8347736888,-5.0883811242
Arum cylindraceum,51608,3948.280361862369,1230.3310526659177,4846.351288820835,162039996,280141283,49.5249067028,17.3076543957
Arum cylindraceum,51608,3965.372581112216,1184.1723428074831,4843.894020844255,192575186,338092795,49.4908743029,16.6271119947
Arum cylindraceum,51608,4000.1762097646033,1252.0453320945155,4797.99186190338,206941853,365992830,48.8594245657,17.3799919398
Arum cylindraceum,51608,4076.621037308868,1181.2446265307406,4751.376135409663,258856290,464534968,48.2262089288,16.1595117523
Arum cylindraceum,51608,4077.233143778191,1192.8867198404523,4747.941058457059,273702837,492213215,48.1798583333,16.30803
Arum cylindraceum,51608,4090.6935815198094,1144.1574605880262,4748.355805662717,273991793,492652608,48.1854524251,15.6261822581
Arum cylindraceum,51608,4079.459841026096,1230.7752506655736,4736.343823824646,275522677,495070161,48.0236815864,16.7885912955
Arum cylindraceum,51608,4444.1252091072765,1326.7811643507357,4367.969321936538,278017216,499196188,43.28288231,16.62284771
Arum cylindraceum,51608,4795.652814493438,-297.42332626681906,4183.65947198275,282009084,506635621,41.0465086127,-3.5489021614
Arum cylindraceum,51608,4611.800966374784,1141.8993933358704,4244.656729550839,318881406,576330834,41.77795732,13.90695406
Arum cylindraceum,51608,3844.8156457158575,1560.9649969146951,4834.308022720841,344551939,627806689,49.3583366667,22.0967666667
Arum cylindraceum,51608,3980.498233812047,1282.7195763825043,4806.247749405111,360353743,657538374,48.972405,17.8615883333
Arum cylindraceum,51608,4025.155547132608,1178.2754210671358,4795.783875778192,44871398,71136039,48.82925186,16.31622704
Impatiens parviflora,51736,4385.823103124181,615.6933972029807,4579.872321191964,126107069,213930314,45.9605555556,7.9911111111
Impatiens parviflora,51736,3054.49683152834,972.699844870091,5505.783981201084,258351310,463500785,59.7907333333,17.6639966667
Impatiens parviflora,51736,3995.011864359044,-50.70040940680289,4962.566150873346,284249782,510827146,51.1626578,-0.7270976
Impatiens parviflora,51736,4072.459832570864,1228.6849241397272,4742.906007814837,285037337,512316412,48.1119944036,16.7888695737
Impatiens parviflora,51736,3922.940330641985,967.7615010468912,4925.822770765454,285737214,513607081,50.6387013237,13.8577679917
Impatiens parviflora,51736,3782.787736807428,1184.3854316989712,4987.7350788826,286264948,514616351,51.5250229131,17.3852636498
Impatiens parviflora,51736,3748.3302340987457,690.3940168885811,5105.206135628916,286770721,515580164,53.256178701,10.4361762995
Impatiens parviflora,51736,3518.509910716628,1179.6925556298731,5178.625938611299,292455810,526291924,54.37457631,18.53536826
Impatiens parviflora,51736,4088.5199252296215,902.8010286600012,4801.948380952075,295395719,531773799,48.9135369809,12.4518777374
Impatiens parviflora,51736,2843.60251990886,1726.0266049888855,5433.646105270011,299907162,540330810,58.5252781776,31.2571599707
Impatiens parviflora,51736,4209.177615022405,575.922022020549,4747.724798197922,303443299,546926631,48.1769416667,7.7911333333
Impatiens parviflora,51736,2680.650554285712,1068.256000981255,5680.025955209419,304964630,549818366,63.0677380033,21.7275908589
Impatiens parviflora,51736,3967.2340118094,1046.840320122147,4873.903237589631,305948533,551687995,49.9081301679,14.7817990556
Impatiens parviflora,51736,3699.469480146123,-192.79642018024043,5183.291255130325,317488453,573701555,54.4466693475,-2.9832485602
Impatiens parviflora,51736,-2159.419954277428,-3541.86734301156,4835.476637856307,331250414,600871964,49.374475,-121.369995
Trimezia martinicensis,52397,-1519.7947189066322,6185.245215360543,150.72746239638244,71485896,116396104,1.3556492464,103.8048291081
Trimezia martinicensis,52397,2976.530964030768,-5395.791893562959,1617.2341794569436,169817201,294439056,14.7050214826,-61.1171440533
Trimezia martinicensis,52397,-1292.2345852356757,6224.931838079759,412.4397139694241,200030854,352837468,3.71175,101.7274733333
Trimezia martinicensis,52397,4312.400710068726,-4159.806133292953,-2165.402082499809,201637156,355970344,-19.8697889777,-43.9681460628
Trimezia martinicensis,52397,1379.8574596641558,-5893.918741785399,1986.823692710916,203941848,360402730,18.1709883333,-76.8234866667
Trimezia martinicensis,52397,3008.945458076981,-5489.447058023293,1184.0487140125415,212439271,375421985,10.7106633333,-61.2714116667
Trimezia martinicensis,52397,3754.953854329571,-4243.323703348917,-2912.778506877954,264040395,474445545,-27.2061032905,-48.4941066429
Trimezia martinicensis,52397,3713.693100454153,-4243.038415693286,-2965.6132061122994,264093537,474530554,-27.7416573524,-48.8061640481
Trimezia martinicensis,52397,-5496.400207886803,-2242.7965431847088,2312.8340948494465,265737333,477370114,21.286075,-157.80217
Trimezia martinicensis,52397,4225.367621755051,-4101.212693834061,-2432.298507715669,295005757,531042076,-22.4437381031,-44.145744592
Trimezia martinicensis,52397,5060.90936036321,-3742.684010322445,-984.5130647899877,315015314,569017924,-8.8895486046,-36.4839614068
Trimezia martinicensis,52397,2894.119208057596,-5387.501594128307,1785.6801820299336,331022567,600406262,16.27704631,-61.75569296
Trimezia martinicensis,52397,4314.859073452902,-4152.925658326594,-2173.6956508056087,352733412,643717022,-19.94911595,-43.9044395
Trimezia martinicensis,52397,2844.6185503256934,-5395.983579053234,1838.8201781055784,364143684,664750724,16.775539736,-62.2029982399
Trimezia martinicensis,52397,-1426.0176473385052,6206.091312997269,201.6368366554651,55876397,89000816,1.813664,102.9406342
Stachys chamissonis,52625,-2402.37237369263,-3575.7265948357926,4693.8831927072815,70241091,114146662,47.455861118,-123.8954055496
Stachys chamissonis,52625,-2413.441588396298,-3429.6042041343426,4796.13050615396,14065113,20816968,48.8339874518,-125.134376384
Stachys chamissonis,52625,-2225.532416025287,-3629.5997319422936,4739.489886135691,14504914,21591738,48.0660018779,-121.5150409464
Stachys chamissonis,52625,-2257.261816247329,-3671.9664282008976,4691.607909102677,15103959,22562388,47.42560753,-121.58022072
Stachys chamissonis,52625,-2655.938442723857,-4467.775471644032,3684.389563158997,16884431,25504363,35.331450056,-120.7300233855
Stachys chamissonis,52625,-2362.013269678056,-3361.261094847881,4869.555451558616,168014153,291125976,49.8474546407,-125.0963418558
Stachys chamissonis,52625,-2437.034045651916,-3394.607360270774,4809.080895514899,259121093,465075185,49.0112351596,-125.6750721717
Stachys chamissonis,52625,-2197.525747986629,-3579.369385073892,4790.48520734685,294464395,530023072,48.75691817,-121.54751798
Stachys chamissonis,52625,-2433.758090526607,-3720.749003906893,4563.178884987919,298738338,538206381,45.7450112333,-123.1888733877
Stachys chamissonis,52625,-2430.649453251853,-3744.1115764398814,4545.69300198031,378925722,693075581,45.5201237,-122.9913341
Stachys chamissonis,52625,-2276.2096573752883,-3494.4494166252016,4816.372701525152,384532533,703910294,49.1113138333,-123.0793611667
Stachys chamissonis,52625,-2351.0047491469577,-3642.6237083601136,4668.385408089043,390726597,715863962,47.1178138333,-122.8388133333
Stachys chamissonis,52625,-2371.2685309031726,-3739.850126369021,4580.432263042798,391529232,717430609,45.9678,-122.3769216667
Stachys chamissonis,52625,-2260.694979311825,-3625.158350066904,4726.228758442819,51965057,82587062,47.8878501663,-121.9481909742
Stachys chamissonis,52625,-2419.0188879379225,-3613.356410106283,4656.367275357567,7107022,9137669,46.95922174,-123.80095923
Conium maculatum,52998,-1075.1186530138689,-5094.108759475511,3672.046971139387,12883798,18705638,35.1955055549,-101.9174618497
Conium maculatum,52998,2763.476179498596,-4439.435324906797,-3639.2810458923,324617102,587579700,-34.8357098957,-58.0984088033
Conium maculatum,52998,-2074.933331831542,-4112.01858855956,4401.7846296101925,330159156,598627685,43.7020737772,-116.77560865
Conium maculatum,52998,-3967.438566112799,2746.9707849924966,-4159.727858910481,339370699,617350193,-40.7617503387,145.3020882087
Conium maculatum,52998,-2467.8145777147856,-4675.472713473558,3555.2214059408507,343167440,625051056,33.9197481282,-117.8260514308
Conium maculatum,52998,-1926.248968562127,-5077.446219085304,3331.494849626385,348562037,635714732,31.527975,-110.7754222
Conium maculatum,52998,-2593.962338226924,-4328.980625273855,3888.578051620069,351214865,640888061,37.6151872791,-120.9304030073
Conium maculatum,52998,4869.88994372789,-332.47918653790083,4094.311011168362,351269860,640993068,39.9894994836,-3.9056609669
Conium maculatum,52998,4338.119327268295,2307.579703686989,4055.311300404764,363589852,663711655,39.53324027,28.0098914
Conium maculatum,52998,-1437.9910275776783,-5117.498849932989,3511.857123406086,364837340,666051959,33.45107,-105.6950916667
Conium maculatum,52998,1916.4287173464893,-5890.77471446502,-1488.5655391774596,364863463,666099032,-13.5118671013,-71.9788884724
Conium maculatum,52998,972.4515633381586,-5057.037285658298,3751.061846744248,366677731,669559613,36.0698055,-79.1150805
Conium maculatum,52998,-2155.6894607021795,-3840.878201533754,4603.304326207189,367738518,671593265,46.2645308067,-119.3032800875
Conium maculatum,52998,49.35270720514266,-5048.640925564168,3885.684269814974,6387947,8063990,37.582340785,-89.4399261492
Conium maculatum,52998,88.60137274033536,-4794.421649240397,4194.689973731188,751376,944368,41.178174,-88.941289
Foeniculum vulgare,53052,5039.104315687837,-701.4279561343318,3834.73332158142,169419923,293714290,37.0063570847,-7.9244785904
Foeniculum vulgare,53052,4674.076837935057,-496.735928684946,4300.699043168443,172400331,299277189,42.4574181786,-6.0663196066
Foeniculum vulgare,53052,4198.34270048351,-2533.673204893996,4067.452739710253,177155457,308075774,39.67496,-31.110715
Foeniculum vulgare,53052,4648.221113303674,1753.3908229831686,3988.660706727734,178367959,310368079,38.7603416667,20.6673583333
Foeniculum vulgare,53052,4426.983804985394,3122.1485966255013,3353.1709858973627,193027747,339002023,31.7569533333,35.1935616667
Foeniculum vulgare,53052,4743.865405446235,2364.6928991705004,-3534.645899846331,195910470,344678756,-33.69705083,26.49505537
Foeniculum vulgare,53052,2478.2402008771624,-4298.676082128672,-3996.1809990750735,197397330,347659179,-38.8471269568,-60.0360164791
Foeniculum vulgare,53052,-4804.35204198589,317.51534173244465,-4172.186308652572,204655036,361764354,-40.9098383333,176.2188716667
Foeniculum vulgare,53052,1524.7040000662705,-4452.924006168342,4293.774404547708,228862129,411957748,42.3730666667,-71.0985333333
Foeniculum vulgare,53052,4975.587992129014,1.851135131050485,3979.1046525013294,232030991,412179433,38.6502153852,0.0213165209
Foeniculum vulgare,53052,5127.707298826504,-500.622898366615,3747.765694499837,243929073,435036263,36.0331408293,-5.5761688092
Foeniculum vulgare,53052,-4408.629346649959,2639.5509483820256,-3766.4985337086937,259113374,465058028,-36.2417432992,149.0900425985
Foeniculum vulgare,53052,-4115.603570644788,2879.504414276522,-3919.185464753528,267646721,481011252,-37.9634979452,145.0212316189
Foeniculum vulgare,53052,2451.630322261916,-5564.588813926527,-1901.2136188674704,276423493,496411803,-17.3625142633,-66.2228098512
Foeniculum vulgare,53052,5096.945741653939,-248.5004850907916,3814.334115572841,293060983,527448440,36.7769737875,-2.7912331
Galium aparine,53059,-2572.746596786782,-4162.234970024007,4080.015702507616,12924770,18777404,39.8219066667,-121.7209
Galium aparine,53059,-2351.778162990669,-3650.095730384004,4662.155484407414,124070347,210258905,47.0355445,-122.7939216667
Galium aparine,53059,-4629.772396947928,2566.880211328742,-3544.8676509603843,135668282,231429635,-33.8076126618,150.9947418069
Galium aparine,53059,4600.690557403408,310.7765630709601,4396.227638844734,152298822,262889118,43.6329861139,3.8644581532
Galium aparine,53059,3623.4484521804334,1763.7327405637327,4934.533540663412,152698844,263636006,50.7623846447,25.9547485265
Galium aparine,53059,4840.823895627173,-311.65331140174226,4130.260204235893,152820349,263861339,40.41278605,-3.68363123
Galium aparine,53059,-2447.515548161028,-4764.841693381982,3449.0149910077494,155284163,268397660,32.776328626,-117.1878186213
Galium aparine,53059,4429.82236048128,770.2957008168308,4513.65389873444,156929937,271397555,45.110378889,9.864448704
Galium aparine,53059,3860.05775960804,546.5160385138826,5038.951025939256,157532057,272365550,52.27146361,8.05851002
Galium aparine,53059,-4496.173765983125,785.9721638298021,-4444.819721141371,19240171,29559819,-44.2398383333,170.0843666667
Galium aparine,53059,-109.01546160243328,-5493.573867519092,3224.6728393622143,20803465,32085365,30.4075834005,-91.1368384781
Galium aparine,53059,363.0551695712055,-4993.100164219917,3940.418102637344,24381062,37699207,38.2060972222,-85.8412638889
Galium aparine,53059,901.3442915183026,-5065.470388677004,3757.4381351209554,24741922,38260339,36.1407805556,-79.9104527778
Galium aparine,53059,1115.8945304721542,-4521.127299074296,4347.866197585308,24752959,38278819,43.035038784,-76.1354880821
Galium aparine,53059,960.047087884388,-4736.147894762733,4151.7425061842005,25416209,39359500,40.6670053653,-78.5410488435
Baccharis pilularis,53359,-2674.289357924809,-4256.095027552243,3914.5350523673465,141094070,241630622,37.9104704631,-122.1429305471
Baccharis pilularis,53359,-2682.2686022225644,-4208.106699337465,3960.685077382396,141173166,241785310,38.4384195926,-122.5136436337
Baccharis pilularis,53359,-2702.081972601969,-4146.554493598955,4011.806572434818,2188771,2541563,39.027788,-123.09008
Baccharis pilularis,53359,-2684.7362281503283,-4270.7614955468725,3891.341768990334,2344496,2603041,37.646571,-122.154772
Baccharis pilularis,53359,-2696.255000720439,-4216.300160445991,3942.432631991392,180701326,314813871,38.2291567143,-122.5982500087
Baccharis pilularis,53359,-2567.7481114033626,-4594.93324996598,3589.291182729394,187813332,328538434,34.2897866667,-119.1974033333
Baccharis pilularis,53359,-2552.9243502794907,-4293.11184244047,3954.936295280224,247663764,442377509,38.372445,-120.7380833333
Baccharis pilularis,53359,-2538.633563790329,-3757.128134177664,4475.386122095535,250385094,447790877,44.6247968607,-124.0462878174
Baccharis pilularis,53359,-2492.668832135947,-4677.253679751382,3535.4848660724883,250938947,448900297,33.70612,-118.0546833333
Baccharis pilularis,53359,-2433.219489704209,-4767.711325826397,3455.159150920218,254123138,455179156,32.8420716657,-117.0376653224
Baccharis pilularis,53359,-2515.215911769708,-4643.330589487706,3564.1160311619583,254957080,456796733,34.016198582,-118.4436776149
Baccharis pilularis,53359,-2677.310004284568,-4438.198905976379,3704.6126304413087,257886513,462626586,35.554688102,-121.1001633453
Baccharis pilularis,53359,-2681.98249597727,-4162.193858485333,4009.097816882988,258705604,464229466,38.9964366667,-122.7964166667
Baccharis pilularis,53359,-2492.4137258525934,-4644.42152403761,3578.683508766205,259200454,465237691,34.174400893,-118.2200866667
Baccharis pilularis,53359,-2454.663646882769,-4768.035807740401,3439.5078203799685,312554417,564330619,32.6746966667,-117.2401583333
Oemleria cerasiformis,53419,-2460.756054669684,-3796.7409272581367,4485.442129864898,154117164,266263827,44.7520024,-122.9482104
Oemleria cerasiformis,53419,-2343.493723102229,-3651.2610556592113,4665.413486807388,154598478,267141313,47.0785522461,-122.6936187744
Oemleria cerasiformis,53419,-2715.164990128569,-4289.991576529005,3848.844564199463,154912650,267719187,37.16543966,-122.32999929
Oemleria cerasiformis,53419,-2244.966102958256,-3637.413519223971,4724.309813762487,155057010,267976509,47.862121582,-121.6823654175
Oemleria cerasiformis,53419,-2406.441489983321,-3515.518100220149,4737.079793711397,155546383,268887143,48.0335786125,-124.3924098462
Oemleria cerasiformis,53419,-2530.1442907949872,-3943.514051986496,4317.038327281796,171211664,297070278,42.656905,-122.6840833333
Oemleria cerasiformis,53419,-2474.8449482842966,-3874.910517598252,4410.21134326186,204657361,361768768,43.8069916667,-122.5657366667
Oemleria cerasiformis,53419,-2297.5071174298264,-3688.4207723385066,4659.052090416949,206862029,365836407,46.9946098947,-121.9186645209
Oemleria cerasiformis,53419,-2404.14091539306,-3619.474725021933,4659.319940027499,207115823,366319438,46.9981416667,-123.593055
Oemleria cerasiformis,53419,-2324.836421879306,-3652.6176009859178,4673.678786796193,208799372,369458450,47.18781569,-122.47614257
Oemleria cerasiformis,53419,-2659.513429849406,-4113.641726157386,4073.658453398489,217324469,384443119,39.7475079206,-122.8831009497
Oemleria cerasiformis,53419,-2322.1611643099523,-3534.269567989591,4765.1085273507415,259073764,464978290,48.4119256546,-123.3065678179
Oemleria cerasiformis,53419,-2677.9218144575148,-4266.615519944727,3900.574302624782,264719563,475373985,37.7515084642,-122.1142500047
Oemleria cerasiformis,53419,-2257.195747912513,-3521.379048737861,4805.695587570352,41194089,65357175,48.9648407748,-122.6597766303
Oemleria cerasiformis,53419,-2291.464089523765,-3662.841495170037,4682.150962683817,42924800,68159661,47.3000478694,-122.029990054
Papaver rhoeas,54404,4843.6426803059,-713.7548403366525,4076.6938495664,158551491,274004895,39.78302106,-8.38272594
Papaver rhoeas,54404,4738.905113411555,1886.283561435821,3817.6518675248863,160612144,277545066,36.8142341074,21.7046359636
Papaver rhoeas,54404,3888.941210385157,-95.87951483704954,5045.462962948007,161951732,279982211,52.367271,-1.412307
Papaver rhoeas,54404,4097.290968595172,1904.1486305643937,4491.790048640477,164933934,285442625,44.8324460201,24.9258746579
Papaver rhoeas,54404,4517.47250089168,-45.484193153706585,4492.229571330707,165107235,285766431,44.83802,-0.5768633333
Papaver rhoeas,54404,706.568178237011,-4605.006173026473,4345.622243772271,291202488,523918144,43.0074361167,-81.2768633333
Papaver rhoeas,54404,4564.219807378078,-645.5823602876071,4397.826064739321,291919133,525243251,43.6528505077,-8.0507494329
Papaver rhoeas,54404,1099.678641337032,-4833.531429957308,4002.178648071501,295889113,532716670,38.9164166667,-77.1827861111
Papaver rhoeas,54404,3190.9555487526454,1734.183977734434,5234.516381379594,298642775,537961635,55.246789526,28.5226889772
Papaver rhoeas,54404,1695.7522097266228,3055.5921856379136,5327.056782872999,307210232,554093387,56.7347543921,60.9711797163
Papaver rhoeas,54404,4603.9491779414375,-480.8005463729432,4377.469123959331,317778921,574258976,43.4003533333,-5.9619133333
Papaver rhoeas,54404,4405.838882979734,2792.321306508313,3658.042999763812,322492890,583395373,35.0415371222,32.3656009219
Papaver rhoeas,54404,-4766.466138729065,435.21101752185285,-4204.895367099432,325107477,588568441,-41.3002266369,174.782968685
Papaver rhoeas,54404,4433.7882784993,1358.3022571415645,4368.785827820332,5441615,6696386,43.29297,17.032578
Papaver rhoeas,54404,4794.7050107508985,-295.5794478618494,4184.876315921337,7059243,9062560,41.0610205049,-3.527651861
Chionanthus virginicus,54654,100.3215740591244,-5382.498747642565,3407.10961712152,73640362,120250062,32.3292219408,-88.9322176203
Chionanthus virginicus,54654,-364.0303170063983,-5317.685604927499,3489.907572576174,74749475,122208093,33.214805603,-93.9161605835
Chionanthus virginicus,54654,653.7707903565956,-5201.005985501718,3621.032121112605,75126046,122865718,34.6360033333,-82.83545
Chionanthus virginicus,54654,-41.20028467647538,-5048.974884792658,3885.345322999358,109885440,185282177,37.5784944444,-90.4675305556
Chionanthus virginicus,54654,986.697899648883,-5054.324557294913,3750.997687820068,111840648,188850005,36.0690916667,-78.9537283333
Chionanthus virginicus,54654,257.32265481730013,-5149.736627618834,3742.1585812410735,114402130,193186934,35.9708094108,-87.139416844
Chionanthus virginicus,54654,728.4985405050135,-5110.95122204747,3733.258712172381,117814556,199004908,35.871975,-81.8878866667
Chionanthus virginicus,54654,-8.991136322382115,-5385.913878241794,3403.1755736822497,151513518,261435734,32.2873616667,-90.0956483333
Chionanthus virginicus,54654,-447.9408083434983,-5425.224773972563,3309.990681825611,153331901,264817337,31.3013666667,-94.719995
Chionanthus virginicus,54654,1007.0600974630296,-5198.424429917811,3542.875461571981,154699482,267329828,33.7860532913,-79.0362335558
Chionanthus virginicus,54654,770.6172285219817,-5207.987943481919,3587.863402824794,155069708,267999609,34.2742466667,-81.5831133333
Chionanthus virginicus,54654,848.1450684296649,-4770.916057232013,4136.27405371327,214222627,378635022,40.4838562012,-79.9196090698
Chionanthus virginicus,54654,567.3083948548181,-4979.855242627372,3933.059378814584,274252552,493076970,38.1219269014,-83.5008455127
Chionanthus virginicus,54654,1314.0575542284823,-4492.22017000994,4322.379416248457,370139205,676163984,42.7222533333,-73.694825
Chionanthus virginicus,54654,941.2607181898846,-4814.3642864057865,4065.1787055245927,48973291,77729612,39.6483944696,-78.9375933297
Viola sempervirens,55342,-2518.340739170043,-3739.073637952956,4501.8930885883065,70269909,114200264,44.9607083333,-123.9610533333
Viola sempervirens,55342,-2343.728503092996,-3748.344803677585,4587.657470453755,111728666,188645937,46.0613638333,-122.0165166667
Viola sempervirens,55342,-2674.0971304572363,-4328.840281414123,3834.0708763094494,153654736,265384102,36.9988972222,-121.7052777778
Viola sempervirens,55342,-2431.917450171586,-3868.425182423392,4439.686616555375,154929398,267750839,44.1754383333,-122.1558611667
Viola sempervirens,55342,-2404.99249840286,-3619.087574339444,4659.181187887551,21969301,34049476,46.9963121,-123.6052328
Viola sempervirens,55342,-2486.166718254981,-3696.2262689118384,4554.847917079643,195417920,343784586,45.6377533333,-123.9256833333
Viola sempervirens,55342,-2455.009055214254,-3827.256535409134,4462.599139589116,206144780,364574820,44.4634466667,-122.678305
Viola sempervirens,55342,-2323.516661125802,-3612.158809652756,4705.6702167700005,211986148,374663296,47.61286841,-122.7511
Viola sempervirens,55342,-2666.6932645597185,-3901.521710011521,4272.777610493909,256664531,460247413,42.1179861667,-124.3526383333
Viola sempervirens,55342,-2374.934619292889,-3600.0309604132945,4689.266015894951,270701961,486848921,47.3944864073,-123.4127719492
Viola sempervirens,55342,-2364.479409264983,-3640.134420480381,4663.519234834709,341759839,622224706,47.05354267,-123.00607178
Viola sempervirens,55342,-2600.299643945591,-3919.288818764189,4297.367804422131,344593557,627888475,42.416825,-123.5627666667
Viola sempervirens,55342,-2448.92995575845,-3705.860100284179,4567.175945657019,346076776,630788405,45.796545,-123.4577783333
Viola sempervirens,55342,-2370.7583890962364,-3379.904164582709,4852.371134656099,350629639,639773856,49.60838,-125.0468833333
Viola sempervirens,55342,-2176.963458987382,-3558.0985139492736,4815.653454407106,370836916,677507786,49.1014333333,-121.4596866667
Ribes aureum,55544,-1504.354502507662,-3759.455692451408,4918.654649084144,80355949,131696086,50.5371655338,-111.808927171
Ribes aureum,55544,-905.5864018925424,-5025.343070419692,3809.933519494735,111589481,188393843,36.7275804095,-100.2152890899
Ribes aureum,55544,-546.6181896761844,-5113.845011266537,3760.259417265904,21973343,34057086,36.172205,-96.1011721667
Ribes aureum,55544,-2533.218713252337,-4422.902877659473,3822.3665725957208,201847724,356380226,36.8672142626,-119.8019348517
Ribes aureum,55544,-395.0594974445064,-4933.103797023112,4012.252241690756,203509507,359575382,39.0329475403,-94.578666687
Ribes aureum,55544,-1765.316644826192,-4413.802180282804,4241.669551781209,209944629,371435266,41.7419433827,-111.7991240324
Ribes aureum,55544,-2270.9667693962624,-3478.3857083846915,4830.455043334993,210364009,372088936,49.3051652844,-123.1396966988
Ribes aureum,55544,709.8717062578456,-4605.601727666352,4344.452556588543,210933368,373045218,42.9930528205,-81.2378259476
Ribes aureum,55544,173.01575633889718,-4650.816918952733,4350.82988223154,213232613,376831685,43.0715138333,-87.8695133333
Ribes aureum,55544,-1290.766351494343,-4811.362377994835,3971.708375893591,213856399,377960851,38.565095,-105.0173945
Ribes aureum,55544,-1634.8099227424016,-3649.021774858477,4960.019126252348,218696706,387021049,51.1261461955,-114.1330094823
Ribes aureum,55544,-1106.9268111561228,-4687.274699703987,4170.602121269311,25907178,40180112,40.89098943,-103.28728832
Ribes aureum,55544,-2183.8342803026144,-4449.660488360773,4002.641940540468,27776024,43248262,38.9217718111,-116.1411912196
Ribes aureum,55544,-291.0032062937294,-5140.3848596942025,3752.534311346242,266972234,479700847,36.0861899476,-93.2401227829
Ribes aureum,55544,1263.1671318259614,-4284.934354414436,4542.411199474455,6469208,8180334,45.4780163504,-73.5748708248
Geranium pratense,55722,2720.4167729870337,2197.9608710486527,5325.22804396838,65757911,105892791,56.704783205,38.9364797169
Geranium pratense,55722,3358.252790429642,-213.4774513332579,5409.835367460013,28923380,45113321,58.1175209673,-3.6372847361
Geranium pratense,55722,3976.753911817184,484.7929962035304,4953.802297766451,30418824,47524281,51.0371488777,6.9504447654
Geranium pratense,55722,4252.762560978496,705.0969829070418,4691.119479858986,372393179,680458859,47.4191153375,9.413856264
Geranium pratense,55722,3931.238792193375,704.8958154804521,4963.691829450087,372994839,681622810,51.1788036163,10.1654694043
Geranium pratense,55722,3057.7551911483874,2484.6107522213138,5006.655143968752,373123492,681825408,51.7993304975,39.0959430391
Geranium pratense,55722,4054.656781546632,-298.947249973259,4905.113867716913,373651198,682877642,50.3459553456,-4.2167514256
Geranium pratense,55722,3870.672900013348,1258.5689921402914,4901.392508543125,374546465,684616580,50.293540614,18.0121982843
Geranium pratense,55722,2357.002953360826,2335.563648117411,5438.697698265483,374548706,684620495,58.6123966667,44.73823
Geranium pratense,55722,2352.561215896344,2936.301925845939,5141.336388081525,378038122,691369417,53.8028192096,51.2983387336
Geranium pratense,55722,3748.865591711985,1179.3503337165428,5014.468336256404,379770405,694708746,51.9130957521,17.4629804492
Geranium pratense,55722,2033.374130669365,3118.8038929146464,5169.932789886391,379916062,694993257,54.2405777778,56.8967583333
Geranium pratense,55722,3470.402639222962,3046.484427255245,4389.190276787168,380736716,696579588,43.5456074348,41.278199628
Geranium pratense,55722,2942.957408224314,1353.337640713052,5486.094426209259,50252075,79799812,59.4406477015,24.6956365612
Geranium pratense,55722,3769.282565204861,476.3179416202908,5114.233402164073,51880714,82452555,53.3921,7.20219667
Potentilla norvegica,55732,-2392.608011893028,-3625.101657652631,4660.881676548642,109907953,185328486,47.0187388333,-123.4252616667
Potentilla norvegica,55732,-2056.302608384019,-3351.0925542361147,5013.1378801479,124835804,211637745,51.89370309,-121.53417533
Potentilla norvegica,55732,37.99335986154916,-4547.951960502672,4461.439520966723,125839820,213445200,44.4488363,-89.5213651
Potentilla norvegica,55732,428.8742439999318,-4151.886327062439,4813.279540984805,127617676,216676437,49.0688361667,-84.1024778333
Potentilla norvegica,55732,-1116.967534489292,-3751.298405785437,5026.9172389572905,128872442,218938039,52.0949580921,-106.581158638
Potentilla norvegica,55732,1402.6543658230307,-4118.4024214423225,4654.14603926145,148612833,255955973,46.9299616351,-71.192073428
Potentilla norvegica,55732,3957.295136395182,1016.2177213146564,4888.442479566115,176165681,306228660,50.1115896839,14.4021328642
Potentilla norvegica,55732,3273.55332534433,1768.8968266613108,5171.518710440102,219701281,388905498,54.26499109,28.38500753
Potentilla norvegica,55732,4278.589725544671,943.1360370853494,4625.35593286527,226681855,402053064,46.5521460772,12.4309992604
Potentilla norvegica,55732,-1455.2286067989644,-4955.533227382403,3730.2484185292974,27968796,43566038,35.8385731328,-106.3652624176
Potentilla norvegica,55732,1535.4993132743975,-4388.834498311262,4355.470897049391,31366870,49086164,43.128676,-70.716848
Potentilla norvegica,55732,-516.9349573255572,-4073.337998601624,4871.390861829953,292914630,527164665,49.87305941,-97.23257101
Potentilla norvegica,55732,824.1339097574878,-4742.058092798062,4174.1396087090425,381397941,697862613,40.9330863953,-80.1408996582
Potentilla norvegica,55732,432.10634176454965,-4696.276564509439,4283.459310968614,47926886,76025899,42.2476244,-84.7429935
Potentilla norvegica,55732,1371.0979976747014,-4634.121315889397,4151.477211796951,52632868,83672162,40.66386,-73.518089
Brunnera macrophylla,55852,495.4070239256792,-4917.5119115758935,4020.248948738342,73987515,120868510,39.12559005,-84.24723623
Brunnera macrophylla,55852,3516.656220633596,751.3599761868093,5259.119730690777,77737914,127160529,55.6368577337,12.0603388454
Brunnera macrophylla,55852,4062.892121754918,1208.1829437891874,4756.359396744126,117795706,198968659,48.2935243962,16.5609078258
Brunnera macrophylla,55852,189.8168862804247,-4382.053638069421,4620.749786824947,119938032,202802694,46.4919433594,-87.5196762085
Brunnera macrophylla,55852,4019.8036111445567,616.5378982140774,4904.162831470055,156776480,271123614,50.3325546569,8.7197966673
Brunnera macrophylla,55852,4164.888212726323,852.2093347975609,4745.229030811333,165633222,286734429,48.1432936588,11.5640971053
Brunnera macrophylla,55852,4126.360369393153,1088.5421720797938,4730.536879803692,202840321,358285228,47.9456586684,14.7780723862
Brunnera macrophylla,55852,3505.7240592436224,779.3639342035524,5262.342045912696,207799046,367598371,55.6882328214,12.5337002054
Brunnera macrophylla,55852,4299.273508675795,545.945119805006,4669.89768125995,218719974,387057121,47.137803362,7.2369958214
Brunnera macrophylla,55852,1098.5249176583447,-4845.514925447848,3987.9795940078857,270926972,487289693,38.7524867395,-77.2264158866
Brunnera macrophylla,55852,3969.670493277008,-4.373202709104068,4983.116512743945,342083992,622881481,51.4583126483,-0.0631200895
Brunnera macrophylla,55852,3912.5156794144855,3.875441169381447,5028.116861109036,344911400,628494933,52.1125221667,0.0567528333
Brunnera macrophylla,55852,-2246.4854288588167,-3508.350379630753,4820.2213602019565,42129571,66872765,49.1642174194,-122.6324626018
Brunnera macrophylla,55852,1244.7310358391885,-4715.420915828202,4099.415002737105,44592300,70698526,40.0494363858,-75.2129136399
Brunnera macrophylla,55852,906.780114165365,-4777.544930599176,4116.135006330308,48637827,77185808,40.24615231,-79.25306906
Persicaria maculosa,56166,4743.364863529699,-714.6607989482545,4192.791772024452,63198220,101386347,41.1554973207,-8.5680456938
Persicaria maculosa,56166,3742.695755871743,2558.045193410073,4476.4256273425,65591472,105595454,44.6379333649,34.3516950533
Persicaria maculosa,56166,454.3400260437986,-4659.030660747008,4321.6618993890825,8900125,11976770,42.7134705,-84.4302331
Persicaria maculosa,56166,-489.62122207400193,-4061.754413264292,4883.868883876823,16344960,24566900,50.0474946667,-96.8735131436
Persicaria maculosa,56166,3715.2383812698617,655.3583177886999,5133.932447483303,31295023,48967360,53.6902222943,10.0039119266
Persicaria maculosa,56166,1520.0233522736437,-4458.0745304386965,4290.087833515071,33335666,52351672,42.3282054097,-71.1726968764
Persicaria maculosa,56166,3646.644499320981,1396.3510400814891,5034.077949149458,293334157,527961468,52.1999033333,20.95254
Persicaria maculosa,56166,4708.335229343191,173.8262871171305,4288.486553518655,307218703,554109313,42.30872967,2.1143336
Persicaria maculosa,56166,-125.51577462993052,-4757.888998042192,4235.149489959658,311779906,562841983,41.6634064302,-91.5111442433
Persicaria maculosa,56166,1004.5960539015422,-4538.274592462358,4357.132499887227,313032563,565252008,43.149154516,-77.5182345782
Persicaria maculosa,56166,191.14837515730537,-4914.861682707542,4049.3641560380006,379520240,694225836,39.4639283333,-87.77278
Persicaria maculosa,56166,2733.132759941044,1497.9618346402046,5556.604069769219,382676496,700326337,60.7118194691,28.726047501
Persicaria maculosa,56166,3901.869789238992,295.2970059786384,5027.71965763422,384575535,703990553,52.1067058099,4.3279456645
Persicaria maculosa,56166,2521.3950334559268,2508.367375730184,5285.869211710945,55148674,87792439,56.0654071504,44.8515977347
Persicaria maculosa,56166,-5079.064290202713,469.5331823937692,-3817.380994385578,56728021,90422328,-36.8111913619,174.7183137015
Monolopia gracilens,56186,-2672.827353223312,-4311.749134791236,3854.16222649822,109657351,184855989,37.225475,-121.794525
Monolopia gracilens,56186,-2697.648081377996,-4285.953853900234,3865.623820414085,112926529,190784537,37.35503698,-122.18696929
Monolopia gracilens,56186,-2700.796560877341,-4275.079873569466,3875.453927094456,1609795,1979224,37.466335,-122.282792
Monolopia gracilens,56186,-2700.969493699626,-4275.434363894658,3874.9423123202873,119237792,201546115,37.4605383333,-122.2823033333
Monolopia gracilens,56186,-2693.7721382538707,-4290.177810986015,3863.640659658691,155373296,268567708,37.3326033333,-122.1244195
Monolopia gracilens,56186,-2701.062208809461,-4275.422501912626,3874.890773164835,155381812,268584175,37.4599544124,-122.2832631692
Monolopia gracilens,56186,-2700.82971396581,-4275.413182002105,3875.063110324712,163736406,283228729,37.461906951,-122.281092614
Monolopia gracilens,56186,-2658.011546228062,-4267.009551872412,3913.739546012909,164899957,285374814,37.9014033333,-121.9196616667
Monolopia gracilens,56186,-2700.956241562511,-4275.426195699245,3874.960561860034,170669146,296046331,37.4607450954,-122.2822258249
Monolopia gracilens,56186,-2669.0205337422185,-4322.61269078633,3844.619883108447,206992446,366084269,37.1177778333,-121.69348
Monolopia gracilens,56186,-2688.170559504622,-4303.683267556789,3852.506003271346,209364557,370508207,37.206771452,-121.9897614911
Monolopia gracilens,56186,-2694.2356466407505,-4288.707370661582,3864.949740796218,209842173,371264613,37.3474109945,-122.1377057485
Monolopia gracilens,56186,-2681.087280785448,-4311.778122365806,3848.3884349134432,214528206,379198880,37.1602922734,-121.8735754633
Monolopia gracilens,56186,-2683.069920748561,-4309.180431731173,3849.9159649058447,362168116,660992659,37.17753172,-121.9080620201
Monolopia gracilens,56186,-2687.493048322216,-4304.286213211262,3852.305081332039,45212529,71683881,37.2045027778,-121.9796666667
Scandix pecten-veneris,56843,4439.0572961682765,401.5645620309651,4552.2817743999,72457679,118138320,45.6047566191,5.1690030098
Scandix pecten-veneris,56843,-2501.871019955621,-3791.34998882822,4467.220589068321,79483373,130189807,44.52171,-123.42039
Scandix pecten-veneris,56843,-2548.312171561626,-3874.533128993741,4368.506751543172,87172792,143677374,43.2895219065,-123.3332470804
Scandix pecten-veneris,56843,-2324.132889931252,-3532.580362698103,4765.399817507129,110805464,186980263,48.4158724,-123.3414642
Scandix pecten-veneris,56843,-445.4516878276442,-5355.2636392949735,3422.349671955525,152097996,262523801,32.4915673307,-94.7549259358
Scandix pecten-veneris,56843,4808.557882890217,-695.5233816906915,4121.137154001713,22937893,35555736,40.3051151888,-8.2303428303
Scandix pecten-veneris,56843,-668.5343748529339,-5316.922962697897,3445.743044403231,203690903,359923376,32.7413383333,-97.1665945
Scandix pecten-veneris,56843,5243.959516041879,278.51940697595563,3607.36311780905,204191818,360880230,34.4867315421,3.0402611571
Scandix pecten-veneris,56843,4452.176580958482,1326.1693641252689,4359.9485821850985,265288586,476489641,43.1838771561,16.5872097854
Scandix pecten-veneris,56843,-659.465923184884,-5287.467696580132,3492.4981293419387,265592475,477084850,33.242657,-97.109358
Scandix pecten-veneris,56843,4343.632747128752,2649.270236880552,3834.5762347001296,294550273,530183949,37.0045880474,31.379867161
Scandix pecten-veneris,56843,4454.284605917442,801.8631342602068,4483.984533099857,37982013,60296989,44.7335469,10.2051188
Scandix pecten-veneris,56843,4412.33773447948,1229.2217408762524,4428.322792923195,344483193,627666383,44.0331171267,15.5671675417
Scandix pecten-veneris,56843,4592.206904560525,2038.5612119843645,3917.353323403049,39572714,62788356,37.9426019309,23.9372745453
Scandix pecten-veneris,56843,4843.216806670892,-432.7687085698662,4116.517379793363,396209310,726582742,40.2506577281,-5.1061396509
Hemizonia congesta,56960,-2691.834539150116,-4210.121286967842,3952.0448748130575,1908153,2329354,38.339285,-122.593718
Hemizonia congesta,56960,-2727.073452306181,-4179.032180324241,3960.872826943412,164481025,284586235,38.4405752741,-123.1268997399
Hemizonia congesta,56960,-2663.8860699431443,-4196.943824735101,3984.8621893433415,166739707,288773045,38.7165463178,-122.4041314101
Hemizonia congesta,56960,-2658.1746407787973,-4189.166496384672,3996.841850056882,170331788,295408397,38.8547583333,-122.396575
Hemizonia congesta,56960,-2724.201585867468,-4183.496388321119,3958.135522962644,170647425,296004550,38.4091527778,-123.0712972222
Hemizonia congesta,56960,-2648.736330011101,-4475.490022757575,3680.2089668868207,23795766,36820177,35.2853783333,-120.6183866667
Hemizonia congesta,56960,-2641.1823968394265,-4248.305379206095,3945.35297296852,31128516,48688688,38.2625976485,-121.8693231327
Hemizonia congesta,56960,-2662.3563164032653,-4463.389047873781,3685.073972324769,31431806,49190863,35.338995,-120.8155533333
Hemizonia congesta,56960,-2676.9107349901115,-4311.662599092853,3851.424110398125,35744330,56399251,37.1945562567,-121.8342221193
Hemizonia congesta,56960,-2707.1690676618978,-4236.978387693091,3912.672093466778,314360536,567790463,37.8892383333,-122.57608
Hemizonia congesta,56960,-2671.903395852176,-4248.601050385093,3924.292864654437,314461436,567962239,38.0217805,-122.1653833333
Hemizonia congesta,56960,-2704.9367105448914,-4243.14536248598,3907.529648567973,328063382,594401096,37.8306616667,-122.5168533333
Hemizonia congesta,56960,-2661.1171153093323,-4306.665979681239,3867.9241160784695,344619534,627940657,37.3810664798,-121.7121905276
Hemizonia congesta,56960,-2667.0977721162544,-4315.955833623324,3853.422873999523,378292660,691860904,37.217125,-121.7145
Hemizonia congesta,56960,-2700.0979608127686,-4280.55316021589,3869.895189053305,386723337,708086572,37.4033777778,-122.2430111111
Acacia verticillata,57037,-3926.759409801666,3446.257604901609,-3646.041989317914,69657303,113073209,-34.9098210435,138.7287108591
Acacia verticillata,57037,-3935.1419112963536,3270.8076147323363,-3795.553821913909,132379582,225428722,-36.5664,140.26735
Acacia verticillata,57037,-4177.271859980084,2772.45799244819,-3931.1104814805344,141353755,242140723,-38.0996513402,146.4277450536
Acacia verticillata,57037,-3926.49487587623,2531.2922295640456,-4331.853040898759,161526031,279202570,-42.8383330138,147.1913511223
Acacia verticillata,57037,-3885.119886632128,2686.551495201677,-4275.28217312058,242821049,432922299,-42.1483589011,145.3362306488
Acacia verticillata,57037,-3982.594497518144,2601.072255064568,-4238.29179292188,245717134,438527069,-41.7012448481,146.8510454893
Acacia verticillata,57037,-3965.00574050038,3039.175994913583,-3953.718740555213,251818656,450653724,-38.3584797301,142.5298434146
Acacia verticillata,57037,-3940.735242374514,2493.054474413186,-4341.087221744491,253107944,453122355,-42.9516890559,147.6810453365
Acacia verticillata,57037,-3895.2368156390007,2537.218663025694,-4356.535864165712,32514676,51005496,-43.1418004568,146.9212103464
Acacia verticillata,57037,-4104.944897787977,2813.510946153777,-3977.855788194788,292811672,526975723,-38.6358356838,145.5734342742
Acacia verticillata,57037,-3937.979385281104,3444.8265079088105,-3635.277406359424,317783832,574267243,-34.791854811,138.8215370312
Acacia verticillata,57037,-4004.635474411766,3097.170277678436,-3867.839722354789,323781281,585914595,-37.3801113445,142.2817659669
Acacia verticillata,57037,-3989.164450296013,2656.898098663228,-4197.286338992333,388667224,711867655,-41.2092039415,146.3352448555
Acacia verticillata,57037,-4046.965086028584,2932.1650004042654,-3951.485180605812,391686836,717740154,-38.33286795,144.07538179
Acacia verticillata,57037,-5083.345439163652,467.7575943327269,-3811.89652387832,54981599,87517267,-36.7496097274,174.7425812391
Lilium pardalinum,57129,-2680.7204366734923,-4129.0223348279,4044.090210241467,125273904,212434229,39.40252,-122.9931866667
Lilium pardalinum,57129,-2537.881256213662,-4219.412913566216,4042.952698692808,125628635,213061920,39.3892822266,-121.0259552002
Lilium pardalinum,57129,-2561.7186883403447,-3916.3002933385774,4323.186614510346,129225003,219577987,42.7321354067,-123.1893821061
Lilium pardalinum,57129,-2529.609184600855,-4245.202257371238,4021.080488733169,226228119,401185077,39.1352305,-120.78965
Lilium pardalinum,57129,-2537.208921336151,-4132.358649529689,4132.30395915243,244206089,435582442,40.4369302,-121.549328
Lilium pardalinum,57129,-2530.779871424168,-4083.238447122977,4184.742543575226,246700734,440465675,41.059425,-121.79052
Lilium pardalinum,57129,-2535.4098820702093,-4151.562766817358,4114.11915879377,29940732,46754405,40.222405,-121.41292
Lilium pardalinum,57129,-2526.1082320705405,-4138.662935710305,4132.795595492312,297968014,536669512,40.4427395,-121.39856359
Lilium pardalinum,57129,-2703.589755497409,-4242.252533310341,3909.430777909859,298802761,538265315,37.8523116667,-122.5093833333
Lilium pardalinum,57129,-2528.3776879203283,-4131.568519817605,4138.502260837397,302949221,545999610,40.5102076963,-121.4651971161
Lilium pardalinum,57129,-2500.519320275764,-4405.744441749766,3863.492224994908,333242521,604959546,37.3309245,-119.5774616
Lilium pardalinum,57129,-2675.4127055426666,-4006.909967545248,4168.524018964607,380367572,695867601,40.86627199,-123.73102582
Lilium pardalinum,57129,-2714.740105086513,-4079.0008300613513,4072.062317778439,554368,706667,39.728841,-123.645372
Lilium pardalinum,57129,-2631.0948717552387,-3934.204505839689,4264.871371065182,51427942,81707195,42.02220283,-123.77358833
Lilium pardalinum,57129,-2527.1669814021475,-4284.582628299113,3980.6446562165856,54875197,87718716,38.6679513054,-120.5332958793
Malacothamnus fasciculatus,57137,-2431.715418608857,-4826.930810890551,3373.018262543634,78120115,127804437,31.9671101023,-116.738091413
Malacothamnus fasciculatus,57137,-2444.498767926844,-4782.065539085331,3427.24788761684,78231219,128030257,32.5438079834,-117.0752334595
Malacothamnus fasciculatus,57137,-2446.573134321858,-4746.297925679526,3475.153094294148,79065610,129460845,33.0563468933,-117.2697372437
Malacothamnus fasciculatus,57137,-2375.104543307116,-4725.658281540647,3552.0114504524927,79720885,130599064,33.8849672188,-116.68399295
Malacothamnus fasciculatus,57137,-2457.944047490008,-4684.128193666238,3550.662931677258,80949973,132994377,33.87035981,-117.68774183
Malacothamnus fasciculatus,57137,-2468.705249254645,-4686.38694681458,3540.201252288622,81257718,133265134,33.7571216667,-117.7794633333
Malacothamnus fasciculatus,57137,-2422.6726889685087,-4755.424863496421,3479.4172700961853,78102233,135421891,33.1021135021,-116.9967735374
Malacothamnus fasciculatus,57137,-2395.4444744253283,-4702.983245387526,3568.409658829379,83662374,137424620,34.0627965196,-116.9918249477
Malacothamnus fasciculatus,57137,-2439.757740409761,-4747.173615315874,3478.746608167502,83771460,137613916,33.0949138333,-117.2004
Malacothamnus fasciculatus,57137,-2534.1363402370102,-4625.703366893565,3573.6220421691414,111860394,188885479,34.1194,-118.715605
Malacothamnus fasciculatus,57137,-2423.664435396628,-4763.181927706949,3468.097714574504,111865012,188894002,32.980675,-116.9684966667
Malacothamnus fasciculatus,57137,-2528.2329596130025,-4623.908936180213,3580.119744019281,149186151,257034101,34.1900144038,-118.6686895328
Malacothamnus fasciculatus,57137,-2425.577868598552,-4714.079439949136,3533.2393305423266,168455895,291947351,33.6818480552,-117.2275885195
Malacothamnus fasciculatus,57137,-2447.189155881156,-4762.898937903582,3451.928746705536,209393606,370559730,32.8075,-117.19421
Malacothamnus fasciculatus,57137,-2447.5626154642136,-4785.320185406954,3420.511817871145,7281083,9415232,32.471974,-117.088523
Sidalcea diploscypha,57139,-2706.381814722154,-4182.6860546171565,3971.194778795144,79037269,129419763,38.55918799,-122.9046432746
Sidalcea diploscypha,57139,-2699.443572148027,-4277.652410648835,3873.5574584787496,113006471,190926209,37.44485,-122.2542716667
Sidalcea diploscypha,57139,-2674.397146637079,-4311.8655397856255,3852.94284911496,113011764,190935371,37.2117042542,-121.8088989258
Sidalcea diploscypha,57139,-2686.5261442115047,-4212.79125140998,3952.8116927307615,119096117,201290305,38.348077704,-122.5259396702
Sidalcea diploscypha,57139,-2707.407602026451,-4163.279259136281,3990.839888621501,120371055,203578770,38.7854788762,-123.0362114761
Sidalcea diploscypha,57139,-2562.918105415893,-4262.048785332572,3981.977406522291,123937721,210018206,38.6833038758,-121.0199560745
Sidalcea diploscypha,57139,-2655.8533524994778,-4193.156127852463,3994.200519146235,162380168,280764586,38.8242616667,-122.349275
Sidalcea diploscypha,57139,-2681.2225876894763,-4208.134797616892,3961.363413021712,162551177,281074850,38.4462083333,-122.5033416667
Sidalcea diploscypha,57139,-2687.2347671523885,-4211.759495779954,3953.429446138159,164276361,284249557,38.3551619389,-122.5391537884
Sidalcea diploscypha,57139,-2664.7241764995574,-4197.729559566404,3983.473953422896,165805470,287037488,38.7005472222,-122.4074333333
Sidalcea diploscypha,57139,-2687.354927623821,-4198.604397422765,3967.316188129656,166319338,288035377,38.514595,-122.621645
Sidalcea diploscypha,57139,-2676.400109462687,-4311.548801020809,3851.906348830612,166914051,293837200,37.2000007629,-121.8300018311
Sidalcea diploscypha,57139,-2691.32542208879,-4191.097917169152,3972.558224972471,215420193,380858172,38.5748703956,-122.7066636086
Sidalcea diploscypha,57139,-2682.62515266544,-4207.521923359621,3961.064842237792,219105284,387786527,38.44278,-122.520705
Sidalcea diploscypha,57139,-2686.2075199013675,-4204.491583384542,3961.854719061683,60790505,97226062,38.4518501,-122.5741013
Phleum pratense,57190,816.2719997584063,-4343.2012747616745,4589.123646078455,105662812,177336430,46.0803696303,-79.3558557125
Phleum pratense,57190,3844.537640678708,1389.7560134682828,4886.497895437055,124025164,210159644,50.0843275339,19.874338751
Phleum pratense,57190,2786.936266249745,1943.327606667128,5389.454257223525,135123024,230423632,57.7721666667,34.8880216667
Phleum pratense,57190,2410.6391687446585,2604.915856736908,5290.839754435217,166259361,287890938,56.1455646924,47.2182335106
Phleum pratense,57190,2054.662700871029,3047.492808098546,5203.931388855395,223634369,396271808,54.7671573924,56.0115945595
Phleum pratense,57190,1867.8553254183312,1821.233253046061,5812.398734686316,228659248,405787406,65.8279530431,44.2759442547
Phleum pratense,57190,-2544.833116130508,-4135.243234247768,4124.723134263801,229176403,406775938,40.3474166667,-121.6081861111
Phleum pratense,57190,-212.9759444247325,3545.168074874174,5289.251147153704,291455627,524396827,56.1199278333,93.4379116667
Phleum pratense,57190,-1889.9303664862216,-3686.342360734077,4840.33018904374,305643044,551104807,49.4415583333,-117.1435083333
Phleum pratense,57190,1399.0933678436877,-4126.569877516842,4647.979337701909,37817410,60028901,46.8488119774,-71.2710225917
Phleum pratense,57190,-4990.381565918259,306.81669242605943,-3948.633747699246,345568802,629787492,-38.300184294,176.4817917073
Phleum pratense,57190,1250.434004611533,3337.2235352554667,5281.013823644624,360830455,658460460,55.9872672469,69.4593819534
Phleum pratense,57190,-429.6250993714828,-4379.278824503528,4607.286878513479,375517234,686502344,46.3163625757,-95.6030201143
Phleum pratense,57190,3782.731054235129,-586.5286846141214,5092.806986635902,381625680,698307016,53.07018862,-8.81377067
Phleum pratense,57190,3187.799229193645,2322.14662251669,5003.531179833315,51256745,81420990,51.7539237848,36.0713991973
Ranunculus muricatus,57240,-4763.021549654422,445.5143852553174,-4207.718595597333,62966747,100978854,-41.3340317121,174.6563248802
Ranunculus muricatus,57240,-16.647549574970785,-5372.134995463854,3424.856431922829,71639393,116666193,32.5182987374,-90.177551621
Ranunculus muricatus,57240,-4010.267249449607,2591.716566067425,-4217.880386976496,102140744,170685374,-41.4558536255,147.1266147931
Ranunculus muricatus,57240,-2662.874170358875,4699.888497726233,3377.85470253734,154784316,267483198,32.0183945212,119.535128139
Ranunculus muricatus,57240,-2494.293086500749,-3843.247131895006,4426.929704828485,161005702,278267410,44.0156935369,-122.9838404871
Ranunculus muricatus,57240,-550.3410642378517,-5538.863217819232,3099.656770834501,22722109,35209633,29.1124523044,-95.6742806606
Ranunculus muricatus,57240,-2357.2567887044693,4877.778993216043,-3352.6654552944005,248003728,443045475,-31.7516066667,115.7928233333
Ranunculus muricatus,57240,4972.435428502174,1771.298892625718,-3567.511635865642,249360797,445738899,-34.0530483266,19.6070994484
Ranunculus muricatus,57240,-2685.183940221136,-4211.385226091215,3955.221209277248,267216887,480186185,38.3757133333,-122.52163
Ranunculus muricatus,57240,-659.465923184884,-5287.467696580132,3492.4981293419387,267975077,481632563,33.242657,-97.109358
Ranunculus muricatus,57240,-2672.6196878965266,-4256.533809580272,3915.19821483477,272372192,490020591,37.91803,-122.1241528333
Ranunculus muricatus,57240,-2709.200990324294,-4270.797349858972,3874.309373312989,273388222,491708664,37.4533676679,-122.3891969878
Ranunculus muricatus,57240,-4171.017016971811,2881.102922949886,-3858.96568022814,323110416,584621872,-37.2797461398,145.3654747625
Ranunculus muricatus,57240,-658.4851299668826,-5316.589427332142,3448.191892060247,357363889,651792341,32.7675250872,-97.0604017094
Ranunculus muricatus,57240,-132.50939573980148,-5427.028129473178,3334.6004365778167,41716086,66182081,31.56074667,-91.39868833
Plectritis macrocera,57287,-2570.080805994043,-4161.773604940143,4082.165876291894,107294566,180428197,39.8470883333,-121.69718
Plectritis macrocera,57287,-2029.358077803046,-4150.521029200171,4386.870650919641,116710579,197030330,43.5168337911,-116.0558847111
Plectritis macrocera,57287,-2474.200592065288,-4065.76257542366,4235.287385784533,119289036,201633321,41.6650664527,-121.3224056271
Plectritis macrocera,57287,-2047.3205236580884,-3615.4887003309263,4829.748778235281,134362330,229009562,49.295425,-119.521309
Plectritis macrocera,57287,-2143.0209659948587,-4117.416030370519,4363.954571467464,163218081,282277461,43.2333055556,-117.4959472222
Plectritis macrocera,57287,-2337.7977471666945,-3995.893418083388,4376.90422722929,168572470,292161673,43.3933616667,-120.3297716667
Plectritis macrocera,57287,-2240.300189316238,-4066.589139068653,4362.758412453745,169327376,293553824,43.2185424027,-118.850544328
Plectritis macrocera,57287,-2588.4292470306164,-4114.7510505295095,4118.08340796544,203852687,360230966,40.2691130067,-122.1723954007
Plectritis macrocera,57287,-2676.0029801718115,-4316.134127156844,3847.043978976721,210511120,372331467,37.1451222222,-121.7989111111
Plectritis macrocera,57287,-2010.5210579898007,-3553.7571691510925,4890.640876998046,278226630,499574032,50.14242888,-119.49880299
Plectritis macrocera,57287,-2381.2917670668303,-3903.884106735727,4436.08966669446,279154664,501275593,44.1303528333,-121.3823616667
Plectritis macrocera,57287,-2688.199030802836,-4216.725886092278,3947.475383333938,347671686,633947936,38.2869111111,-122.5178611111
Plectritis macrocera,57287,-2700.4859671534145,-4274.671455685575,3876.1208207216514,348192104,634985550,37.4738916726,-122.2822883333
Plectritis macrocera,57287,-2298.846040053789,-3813.150790951605,4556.856488772892,349441015,637451819,45.66359409,-121.08464469
Plectritis macrocera,57287,-2706.255200547748,-4098.408665089109,4058.199395434904,359096662,655116826,39.566925,-123.4375222222
Nemophila parviflora,57353,-2420.6911062459885,-3738.771086614688,4555.392239940819,75567193,123667401,45.644755,-122.921295
Nemophila parviflora,57353,-2719.2161321626254,-4218.8121854144565,3923.931765520708,79897738,130905040,38.0176583333,-122.8036194444
Nemophila parviflora,57353,-2491.084332899734,-3788.937740662232,4475.288010111116,11236121,15948162,44.623557147,-123.3234180971
Nemophila parviflora,57353,-2412.542581815378,-3762.4769269804056,4540.171670162386,110707687,186801123,45.4493,-122.66845
Nemophila parviflora,57353,-2314.7930425727745,-3637.076690194273,4690.752546167788,13317890,19507192,47.4142385882,-122.4744404018
Nemophila parviflora,57353,-2697.9786687793485,-4291.258969252475,3859.502648178808,168209816,291484929,37.285815427,-122.1581890807
Nemophila parviflora,57353,-2683.977939579788,-4382.501158659911,3765.594128935168,21961663,34032920,36.231659392,-121.4845789222
Nemophila parviflora,57353,-2700.0156643074206,-4287.780310366332,3861.94362364429,215116208,380288409,37.3134116667,-122.198625
Nemophila parviflora,57353,-2328.7891311876533,-3481.122944781308,4800.862147099915,25978341,40294171,48.8986749734,-123.7815888849
Nemophila parviflora,57353,-2490.980201232156,-3795.388287481367,4469.876789576655,26312175,40849220,44.5552235131,-123.2775959029
Nemophila parviflora,57353,-2479.764082224001,-3824.7854814518087,4451.015529861096,26322663,40863631,44.3176650558,-122.9569830608
Nemophila parviflora,57353,-2532.3697799555152,-3884.316861683849,4369.089029223829,274438271,493381385,43.2967163902,-123.1022304296
Nemophila parviflora,57353,-2289.462209612494,-3661.111809643458,4684.482494120659,342866296,624445518,47.3309758242,-122.0196432653
Nemophila parviflora,57353,-2501.102102029356,-3803.345022932114,4457.4441153467415,353195138,644491037,44.398525,-123.3291555556
Nemophila parviflora,57353,-2516.555508750512,-3792.582602007047,4457.916408817952,363561873,663645358,44.40447,-123.56613
Linum viscosum,57421,4618.338496724487,1155.7422874111278,4233.788188424135,68421935,110786261,41.6470210567,14.0497599773
Linum viscosum,57421,4477.6187865764605,899.6850178977597,4441.9871679627,86136994,141848961,44.2042923765,11.3611229731
Linum viscosum,57421,4661.503957479846,-122.90670226147245,4341.086030778057,213145964,376676901,42.9516744225,-1.5103289033
Linum viscosum,57421,4449.679402376849,731.7807364795066,4500.511448653158,226244225,401216970,44.9431509317,9.3390930444
Linum viscosum,57421,4631.7111395973525,-390.4076066894834,4357.130586710275,226435579,401567137,43.149130933,-4.8180805947
Linum viscosum,57421,4671.430969058094,12.176224143303244,4332.128526552277,242816206,432913197,42.8417117815,0.1493428199
Linum viscosum,57421,4588.023651492433,1146.2232833480496,4269.187778457899,268103474,481866193,42.0744777783,14.027044445
Linum viscosum,57421,4537.252597799026,1067.159291213902,4343.300938297883,271563119,488488832,42.978895,13.23538
Linum viscosum,57421,4663.411354847877,-161.3271325470681,4337.778373944139,288136213,518142772,42.9110466667,-1.9813133333
Linum viscosum,57421,4722.176573233408,132.719118262419,4274.714864939026,293684504,528561759,42.1414779005,1.6099025358
Linum viscosum,57421,4569.308365081393,1121.306748524492,4295.793916168241,294637445,530340373,42.397655349,13.7879011972
Linum viscosum,57421,4323.482858651701,930.5618801688248,4585.989935422778,366796215,669779470,46.0397557957,12.1467117593
Linum viscosum,57421,4575.814280441769,1159.7880842092084,4278.617580516976,367042091,670371374,42.1888299,14.2226989
Linum viscosum,57421,4634.29224772135,-418.537917205835,4351.77142141545,375761970,686960400,43.0831062119,-5.1605668065
Linum viscosum,57421,4629.173531415341,-397.1592313070518,4359.216683156349,377199969,689743916,43.1748508527,-4.9036745355
Platanthera bifolia,57629,-886.3737965776332,3780.8264550948,5050.687669899346,111275161,187829651,52.4442903992,103.1940956041
Platanthera bifolia,57629,4536.771066758834,1038.7425706582403,4350.686760662006,120320828,203491451,43.06975189,12.89619948
Platanthera bifolia,57629,4294.617664658837,855.7080110221348,4627.5021387299485,121094669,204882495,46.5802199841,11.2686772716
Platanthera bifolia,57629,2855.740905290132,2444.622212849831,5143.7650848353605,121393115,205414472,53.83982,40.564776
Platanthera bifolia,57629,2614.654525277391,2789.7800991509444,5096.122235730344,122354429,207147388,53.1198392726,46.8559659272
Platanthera bifolia,57629,2139.1686986485306,2540.5446744854453,5436.850482158162,124902146,213059228,58.5805149,49.9022244
Platanthera bifolia,57629,4721.239605310448,196.31087804934825,4273.302207670899,170510717,295746409,42.1243467308,2.3810080066
Platanthera bifolia,57629,1044.9717529877526,3282.679228380324,5359.272735054216,224892756,398651038,57.2667240019,72.3422223184
Platanthera bifolia,57629,3261.825559751872,1596.577516489146,5234.614348857819,256032828,458943941,55.2483351268,26.0805281732
Platanthera bifolia,57629,3290.005110029327,1770.174086365625,5160.630117497084,258228791,463283767,54.0976642049,28.2822953974
Platanthera bifolia,57629,251.7119404640061,3443.284394348085,5354.454856317702,289747882,521174186,57.1866817791,85.8189849928
Platanthera bifolia,57629,3735.742118016811,1441.0439680428944,4955.539954386393,291225024,523958957,51.0620071571,21.0938730463
Platanthera bifolia,57629,2748.38935806004,2202.901497003112,5308.797798059482,331606022,601600450,56.436570182,38.7130304347
Platanthera bifolia,57629,3663.717387277449,-544.224087046286,5183.7002400714655,369732518,675389509,54.4529954335,-8.4491743147
Platanthera bifolia,57629,2798.1576103415573,1244.47120188054,5586.7126778683605,377047129,689456955,61.2701771897,23.9769459888
Geranium purpureum,57643,-5017.491872576817,411.5446184427181,-3904.505021809277,64008775,102829257,-37.7962304,175.3109832
Geranium purpureum,57643,4426.943016746785,3121.1030464273304,3354.198030787144,74133520,121126419,31.7678166667,35.1847722222
Geranium purpureum,57643,-4921.687041242029,507.71514751842346,-4013.5987750058,100302492,167388064,-39.0485387281,174.1102715956
Geranium purpureum,57643,4642.730930759471,1186.7305299645116,4198.389367781041,109842840,185204701,41.2223910245,14.3383876387
Geranium purpureum,57643,5131.919691476156,-1558.9005307914476,3438.4564189494754,111793789,188766694,32.663464257,-16.8969756737
Geranium purpureum,57643,4454.593149009411,1894.026794128624,4142.344204626012,112059002,189249289,40.5556681,23.03447607
Geranium purpureum,57643,-2692.295547331604,-4319.017926142848,3832.412030190985,114578359,193475883,36.98022,-121.9376916667
Geranium purpureum,57643,-2465.3484582319547,-3647.80885778524,4604.92135071103,119916806,202764806,46.28557,-124.0525445
Geranium purpureum,57643,4657.102862100466,718.4609239052534,4287.7686460808845,98310565,295953848,42.3,8.77
Geranium purpureum,57643,4527.545379122229,1985.057628165976,4018.784913693,349198387,636974738,39.108619981,23.6745742633
Geranium purpureum,57643,4619.111624428028,1363.1024904738024,4170.792794087884,349365794,637236108,40.8932578,16.4413602
Geranium purpureum,57643,4269.718999569135,1222.4856529851288,4567.798334278923,350584096,639683521,45.8045736919,15.9772247449
Geranium purpureum,57643,4822.048605312563,-317.20225683435336,4151.744585826516,353035274,644199247,40.6670300224,-3.7635878604
Geranium purpureum,57643,3553.757383060843,2872.7715610835457,4439.340621066106,356204256,649580334,44.1711,38.9512366667
Geranium purpureum,57643,5369.387687538664,-1622.993451272203,3020.814666230482,49465771,78518779,28.3040296501,-16.8183808409
Euphorbia amygdaloides,57662,4078.3220051561216,1131.85739272825,4761.926248322541,77047886,125999015,48.3688282877,15.5109394404
Euphorbia amygdaloides,57662,4630.574831011103,1360.1878304289671,4159.01658208246,120212390,203289736,40.7533056748,16.3696551144
Euphorbia amygdaloides,57662,3846.4694920125967,-108.71015590522444,5077.657696093432,153335185,264822471,52.8440301352,-1.6188807786
Euphorbia amygdaloides,57662,4669.357320194738,1186.1607253339926,4168.9180946255565,154976083,267833985,40.87095851,14.25340086
Euphorbia amygdaloides,57662,4603.925353007038,-634.4562200440957,4357.876751178699,160419204,277186181,43.1583293072,-7.8463768152
Euphorbia amygdaloides,57662,3848.022201676601,1598.007624312759,4819.631718058932,200946463,354458132,49.1561085456,22.5521467156
Euphorbia amygdaloides,57662,4615.863004812019,-281.3213002178797,4382.284812347199,204690054,361834036,43.4599893943,-3.4876707042
Euphorbia amygdaloides,57662,4455.461374453689,346.6917196589536,4540.751250833787,204878340,362187154,45.4567302668,4.4493767817
Euphorbia amygdaloides,57662,4045.251785030346,592.5130491159701,4886.166126117033,212387588,375332937,50.0796778333,8.33293
Euphorbia amygdaloides,57662,4280.698399590053,1202.6229588598628,4562.792167110809,270663755,486787556,45.7400278367,15.6922208417
Euphorbia amygdaloides,57662,4383.368720782473,1326.5547640127488,4429.004882072081,273977258,492630486,44.04165,16.83758
Euphorbia amygdaloides,57662,4380.606759132592,1192.3880149862878,4469.703387612689,277783991,498771603,44.5530350967,15.2268358683
Euphorbia amygdaloides,57662,4366.711683769368,-47.18661741565459,4638.895948784193,343955694,626646048,46.7295034248,-0.6191131905
Euphorbia amygdaloides,57662,4731.7365542455145,233.55563130443176,4259.797422176343,344686434,628070910,41.96080838,2.82579136
Euphorbia amygdaloides,57662,3894.428408265879,1511.6000984295183,4810.223034849528,345296200,629254785,49.026897509,21.2134376029
Echium candicans,57723,-2700.72893784844,-4378.029159379403,3758.813245370028,70536016,114676807,36.1560954496,-121.6697035244
Echium candicans,57723,4913.1565365547785,1870.2109990075685,-3599.0216443052414,96100066,159600611,-34.39577,20.83951
Echium candicans,57723,-2712.817177681631,-4257.414070375086,3886.489614488266,113162460,191176472,37.5914805673,-122.5052195597
Echium candicans,57723,-4708.590098005399,493.98938660566034,-4263.203830989541,139194552,238033146,-42.0020191698,174.010872692
Echium candicans,57723,-2699.346487729712,-4343.652038069713,3799.469521003102,153133135,264446303,36.6102572345,-121.858731676
Echium candicans,57723,-4287.1712097087775,885.4724706699452,-4628.807044153738,163599058,282977625,-46.5972961875,168.3302208781
Echium candicans,57723,-4377.5678508209085,724.7825103176948,-4571.7986781872,181524136,316333836,-45.856205,170.59897
Echium candicans,57723,-4562.491081162819,563.9472306358496,-4410.826655519952,181306944,316617089,-43.8146599077,172.9536886339
Echium candicans,57723,-4571.732456382097,569.5394972235179,-4400.527268185295,248550324,444130245,-43.6864345826,172.8987644339
Echium candicans,57723,5127.065559415673,-1560.586804729937,3444.9268067745493,261884627,470583580,32.7326116059,-16.9293085093
Echium candicans,57723,-2714.70220854592,-4277.636565804266,3862.896641056764,263056211,472506528,37.3241886734,-122.4003007427
Echium candicans,57723,-2470.5276603694087,-4706.012627096472,3512.7896838034085,282974796,508432787,33.4611222834,-117.6982418698
Echium candicans,57723,-2519.1302142562645,-4658.717405340933,3541.1986996597743,288576610,518975041,33.7679116667,-118.4016283333
Echium candicans,57723,-2515.2811870700225,-4646.81159326014,3559.530263446599,294462854,530020284,33.9664583333,-118.4263216667
Echium candicans,57723,-2697.720170442887,-4252.237738391672,3902.631577264335,320707429,579892706,37.7749118256,-122.3920078018
Opuntia basilaris,57872,-2267.132401965925,-4688.169095371662,3670.277146869934,86922828,143279799,35.1760309155,-115.807755251
Opuntia basilaris,57872,-2389.1413540455724,-4686.660820535821,3594.018234973388,21452265,33191530,34.3412565755,-117.0113387704
Opuntia basilaris,57872,-2158.9241780676807,-4790.216542238876,3603.140991065053,22181882,34293963,34.440678,-114.260827
Opuntia basilaris,57872,-2330.6574556370483,-4741.847557938558,3559.869476741108,26006563,40344134,33.9701366667,-116.1745
Opuntia basilaris,57872,-2243.3655531417603,-4690.101906243423,3682.391645888064,26468154,41088790,35.3094289926,-115.5626826835
Opuntia basilaris,57872,-2373.619632637807,-4698.045330164083,3589.436312982479,29424875,45922549,34.2913664297,-116.804529327
Opuntia basilaris,57872,-2409.711656339748,-4509.928951733875,3800.471511969321,33708198,52969345,36.6214839,-118.1161497
Opuntia basilaris,57872,-2320.915149024549,-4743.014546323261,3564.676565141884,347409274,633430616,34.0222805,-116.0740445
Opuntia basilaris,57872,-2077.458711339549,-4657.64029891861,3818.416593071823,349410742,637387367,36.822825,-114.0384221667
Opuntia basilaris,57872,-2213.740498525924,-4649.607291338417,3751.034280194765,351478442,641415081,36.0694987933,-115.4597467371
Opuntia basilaris,57872,-2400.0392362123634,-4683.755148502149,3590.5434829839096,352421833,643235495,34.3034191071,-117.1314068511
Opuntia basilaris,57872,-2408.0451594695023,-4541.041757517852,3764.307558650345,352450685,643289967,36.2173166667,-117.936325
Opuntia basilaris,57872,-2356.7587745676265,-4720.263030089249,3571.352423795305,41326808,65549195,34.0947485995,-116.5322904569
Opuntia basilaris,57872,-2170.601443178797,-4667.458652831787,3754.0740840656367,41727057,66199728,36.1033270013,-114.9407810345
Opuntia basilaris,57872,-2412.4125951767187,-4522.399828139925,3783.902535048986,52285169,83105684,36.4360483419,-118.0770834064
Helianthus annuus,57983,-1471.062224470303,-5001.976720290345,3661.414747210068,86055261,141698183,35.0785816508,-106.3884080575
Helianthus annuus,57983,918.5401763221575,-4458.290626565653,4457.542121308147,88638950,146268374,44.3997586016,-78.3582684536
Helianthus annuus,57983,4459.010024416511,-76.39422925517299,4549.851278181191,89612612,148004485,45.573522,-0.981527
Helianthus annuus,57983,3956.51902618955,1029.636593271843,4886.2622535915,91082548,150605802,50.081025,14.5869883333
Helianthus annuus,57983,1109.410347721821,-4729.081379858608,4122.469055398693,92932275,153947440,40.3208236694,-76.7975387573
Helianthus annuus,57983,-2408.607676842805,-4512.262261027875,3798.401173709137,97657804,162438522,36.5982888889,-118.092925
Helianthus annuus,57983,-554.5423651718867,-5503.927929820777,3160.540023199482,97944572,162975130,29.7410953464,-95.7533592079
Helianthus annuus,57983,-796.2397213051606,-5345.784295957496,3373.1803534628184,17467684,26560766,31.9688284103,-98.4717641221
Helianthus annuus,57983,4075.468241431433,-4202.962997214639,-2513.04870362788,340390850,619431676,-23.2317182987,-45.8823331073
Helianthus annuus,57983,3753.0790505571113,-4359.973862803565,-2737.6593443335005,344875431,628426906,-25.4488900377,-49.2780281603
Helianthus annuus,57983,-882.5661921448982,-5211.436095125848,3556.931806006371,381228290,697534257,33.9382866667,-99.6119466667
Helianthus annuus,57983,4379.513864522045,678.6017293600781,4577.019896509751,386380510,707436687,45.923666,8.807885
Helianthus annuus,57983,-1953.0300172514687,-4636.832019894947,3908.352044106199,389434669,713337250,37.8400263008,-112.8407877922
Helianthus annuus,57983,3897.831253659815,457.5260238027647,5018.698495149258,393158686,720599237,51.9748100711,6.6947234626
Helianthus annuus,57983,-1380.633041240854,-4917.28245585724,3808.4037055477793,397080940,728250547,36.710416842,-105.6832312313
Stanleya pinnata,58087,-1599.2407167972935,-4761.162519191868,3919.631835422513,99568597,166009605,37.9685898112,-108.5668347831
Stanleya pinnata,58087,-2400.3823818669384,-4473.278581553787,3849.376090006323,114193902,192862995,37.1714383333,-118.2182166667
Stanleya pinnata,58087,-2143.17662691502,-4554.654921985028,3905.338092554875,165633991,286736011,37.8057121767,-115.1991627553
Stanleya pinnata,58087,-1347.4764367934958,-4493.068982638241,4311.193744105906,166724384,288743913,42.585475,-106.6940466667
Stanleya pinnata,58087,-2344.976674844797,-4681.293848203926,3629.920857385097,213820053,377894194,34.7332166667,-116.60743
Stanleya pinnata,58087,-2160.775184302403,-4329.938822376896,4143.963504551378,219636601,388777971,40.5748379685,-116.5206339955
Stanleya pinnata,58087,-2097.164682725944,-4674.006932693707,3787.5206423642894,222149252,393480727,36.4765033333,-114.1651388333
Stanleya pinnata,58087,-1298.3811096504376,-4822.196594055353,3956.0560703889537,271765207,488871844,38.385291124,-105.0695673381
Stanleya pinnata,58087,-1581.37105785264,-4692.449808085494,4008.732156887247,282534054,507605965,38.9922055556,-108.6239861111
Stanleya pinnata,58087,-1986.1030344086143,-4629.675604772221,3900.160466053584,285165617,512551956,37.7468015929,-113.2190417472
Stanleya pinnata,58087,-2244.1054003756017,-4642.312107435194,3742.015817556509,346871467,632358737,35.9692230225,-115.7992401123
Stanleya pinnata,58087,-2128.20195949797,-4584.577953481651,3878.4216554826057,360455645,657735270,37.4999686474,-114.9011487689
Stanleya pinnata,58087,-1891.88926856864,-4685.005899557881,3880.8797773520505,376763832,688907692,37.5278383333,-111.9897383333
Stanleya pinnata,58087,-2401.341670491024,-4515.354221324848,3799.327251922989,396540597,727208659,36.6086633333,-118.0048
Stanleya pinnata,58087,-876.1026536537497,-4883.17545985746,3997.09828477912,48033832,76195020,38.8577198113,-100.1713647903
Cucurbita palmata,58139,-2463.566539729464,-4553.788810403181,3712.627170111431,86553158,142604484,35.6433308704,-118.4130648477
Cucurbita palmata,58139,-2349.70040490742,-4734.420489002921,3557.235411125428,12807855,18572694,33.9415777778,-116.3952777778
Cucurbita palmata,58139,-2319.4252236794337,-4735.904067672625,3575.0849532897705,120351243,203543860,34.13529318,-116.09346037
Cucurbita palmata,58139,-2283.055566392691,-4742.171922713818,3590.155409709378,140060278,239738357,34.2991943359,-115.7078704834
Cucurbita palmata,58139,-2333.3806537942405,-4724.814380764139,3580.6726911993205,183511306,320172442,34.1960263392,-116.2827659772
Cucurbita palmata,58139,-2347.88582361142,-4758.618428020794,3526.0085004808006,203528933,359612526,33.6037366667,-116.2615716667
Cucurbita palmata,58139,-2316.258585685457,-4741.95009673145,3569.1187391321746,28697358,44751317,34.0704945,-116.0337138333
Cucurbita palmata,58139,-2374.6024465894784,-4772.299888966838,3489.436934534826,253475186,453865904,33.2097466667,-116.4540333333
Cucurbita palmata,58139,-2113.474566622511,-4717.577546311266,3723.9012447240048,288091373,518053851,35.7681916667,-114.1323778333
Cucurbita palmata,58139,-2271.73143212633,-4684.167345214428,3672.542132092361,317319552,573377969,35.200955,-115.8724966667
Cucurbita palmata,58139,-2342.644445193177,-4679.071395260004,3634.289615749216,318225244,575112939,34.7810383333,-116.5954966667
Cucurbita palmata,58139,-2466.648720886835,-4634.41643069645,3609.374123628024,320510071,579587435,34.5086758597,-118.0239533394
Cucurbita palmata,58139,-2466.5421348673544,-4631.528820729468,3613.151506559577,320669799,579817673,34.54991071,-118.03773991
Cucurbita palmata,58139,-2269.608038935826,-4686.265007293319,3671.178660960735,335885244,610274901,35.1859503352,-115.8414010196
Cucurbita palmata,58139,-2188.3580407742484,-4653.98648101876,3760.485613527959,361487069,659799510,36.174725,-115.18345
Eriogonum elongatum,58271,-2384.289831612182,-4720.663607657421,3552.499152974848,64117187,103029034,33.89025072,-116.79720589
Eriogonum elongatum,58271,-2653.358239532908,-4380.547136214633,3789.492046407018,98845675,164663444,36.498555,-121.2038716667
Eriogonum elongatum,58271,-2455.126870906752,-4692.873518684875,3541.051159621291,101518524,169558448,33.76631555,-117.61679537
Eriogonum elongatum,58271,-2697.962845415901,-4357.035926399703,3785.100731882184,131782639,224314650,36.4494433531,-121.7666109591
Eriogonum elongatum,58271,-2374.806716298488,-4726.137803241136,3551.572560806844,142187436,243731919,33.8802128092,-116.6787776804
Eriogonum elongatum,58271,-2686.6287974207694,-4389.155635515718,3755.9408464148487,188441658,329815426,36.1241083333,-121.4710533333
Eriogonum elongatum,58271,-2371.8602887342468,-4721.3482827906055,3559.9020060941457,207515463,367067876,33.9704894142,-116.673547547
Eriogonum elongatum,58271,-2462.076825231793,-4691.069793592588,3538.6148459499186,242596479,432493316,33.7399633333,-117.6924366667
Eriogonum elongatum,58271,-2700.176172991012,-4377.375695421176,3759.971247978504,247852197,442750255,36.1689946903,-121.6682846141
Eriogonum elongatum,58271,-2486.094508312815,-4645.58771716475,3581.564181686865,249420894,445858185,34.20572,-118.1535416667
Eriogonum elongatum,58271,-2434.4508275548774,-4704.670512356838,3539.6719718153067,250741410,448512104,33.7513966667,-117.3594883333
Eriogonum elongatum,58271,-2457.4568574721907,-4680.900432594895,3555.2538676546383,317943437,574564509,33.9200999339,-117.6993205298
Eriogonum elongatum,58271,-2459.8587422460714,-4684.06898394738,3549.414860437588,319631365,577799793,33.8568426948,-117.7064007149
Eriogonum elongatum,58271,-2495.635897182184,-4638.810492233869,3583.712016263876,322330817,583080310,34.2290791534,-118.2798286063
Eriogonum elongatum,58271,-2371.44451415036,-4717.9005977283205,3564.7465542361288,331627708,601646939,34.0230399278,-116.6863097251
Centromadia fitchii,58804,-2644.040685535702,-4305.7135203984935,3880.67430521642,89937859,148569939,37.5255083333,-121.5531388889
Centromadia fitchii,58804,-2671.6235865244857,-4313.670871790962,3852.846240309321,102906365,172119938,37.2106133333,-121.7715383333
Centromadia fitchii,58804,-2661.858097097353,-4309.68178962354,3864.053244040762,106778195,179451452,37.3372699633,-121.701389398
Centromadia fitchii,58804,-2703.0755861274547,-4215.850591421646,3938.24063461959,118398486,200035007,38.1811808499,-122.6667617261
Centromadia fitchii,58804,-2700.931454946405,-4225.663667573847,3929.1842631651753,125515757,212859341,38.0776416667,-122.5856283333
Centromadia fitchii,58804,-2551.6190737286443,-3946.6208071734,4301.531987170105,129207078,219345493,42.4675722222,-122.8839861111
Centromadia fitchii,58804,-2659.8092466369967,-4258.400001968967,3921.886959667817,183230005,319634263,37.99432,-121.9890216667
Centromadia fitchii,58804,-2701.06465983311,-4225.469553318515,3929.3014502652127,224471149,397846537,38.0789805,-122.588105
Centromadia fitchii,58804,-2667.50247012851,-4280.632103635859,3892.3479411349854,236529435,420810929,37.658,-121.9293533333
Centromadia fitchii,58804,-2697.5207454081296,-4208.079636411829,3950.341849939862,244801838,436713821,38.3197611111,-122.6612388889
Centromadia fitchii,58804,-2662.1556062394784,-4266.122255790136,3911.8897679379,28116660,43806127,37.880324,-121.9650846188
Centromadia fitchii,58804,-2690.9343626119376,-4191.178346643005,3972.73828139012,298511409,537705371,38.5769416667,-122.7023783333
Centromadia fitchii,58804,-2580.678422971848,-4255.032664553779,3978.008173755472,377848065,691003287,38.6375901305,-121.2368225022
Centromadia fitchii,58804,-2696.1171464919885,-4185.228962960608,3975.4954395226014,6421258,8105988,38.6086659786,-122.7895632294
Centromadia fitchii,58804,-2666.176697909555,-4281.217642938434,3892.612289837535,60790483,97225682,37.661003,-121.913053
Pseudognaphalium biolettii,58829,-2454.178572445372,-4693.862336552066,3540.397863196368,107467306,180754806,33.75924842,-117.60274784
Pseudognaphalium biolettii,58829,-2375.0354373343416,-4726.21417990789,3551.317970376786,149928294,258429562,33.877455,-116.68062
Pseudognaphalium biolettii,58829,-2402.239504244965,-4743.797448535741,3509.328178040368,21814943,33790511,33.4238157766,-116.8574662752
Pseudognaphalium biolettii,58829,-2483.3602654517194,-4647.1343764559,3581.454593990385,255332438,457557779,34.2045283333,-118.1193916667
Pseudognaphalium biolettii,58829,-2509.204657515734,-4647.015024460625,3563.551105121968,256580239,460072374,34.01006945,-118.367295
Pseudognaphalium biolettii,58829,-2513.914986770229,-4662.699171662583,3539.6639676029345,257165836,461268137,33.7513100915,-118.3315239754
Pseudognaphalium biolettii,58829,-2423.559152243042,-4692.48648051761,3563.240771462949,263708353,473793714,34.0067026914,-117.3152921422
Pseudognaphalium biolettii,58829,-2472.753805505802,-4699.289767294223,3520.2155374405447,271140088,487693865,33.5412089294,-117.7532261332
Pseudognaphalium biolettii,58829,-2437.4881334739803,-4771.629736545912,3446.7309709580986,273161058,491351874,32.7519018,-117.05927519
Pseudognaphalium biolettii,58829,-2472.088838303671,-4659.12447310217,3573.666051739064,279823016,502518017,34.1198780798,-117.9500127208
Pseudognaphalium biolettii,58829,-2471.247814519956,-4696.37293365582,3525.1622142722454,285441866,513053317,33.5945992472,-117.7535016765
Pseudognaphalium biolettii,58829,-2528.8305317441345,-4628.504810633912,3573.753277624918,39318434,62362506,34.1208256302,-118.6504335456
Pseudognaphalium biolettii,58829,-2437.404769468191,-4746.480893040619,3481.3402952672523,344190243,627104512,33.1227607727,-117.1813278198
Pseudognaphalium biolettii,58829,-2707.107514609919,-4366.652190886425,3767.4488288292287,42085508,66798869,36.2523402751,-121.7968575538
Pseudognaphalium biolettii,58829,-2443.097873515072,-4714.136060386848,3521.0718700793286,366740299,669675475,33.55044911,-117.395419
Eschscholzia caespitosa,58954,-2653.2153335123394,-4382.237187445658,3787.637622141382,75722140,123915349,36.4778116667,-121.1927116667
Eschscholzia caespitosa,58954,-2391.9712899653537,-4706.311676694625,3566.350638883779,112364293,189797476,34.0404471667,-116.9418416667
Eschscholzia caespitosa,58954,-2650.5397921005474,-4472.441431383889,3682.6158614509136,22119012,34241056,35.3119,-120.6526033333
Eschscholzia caespitosa,58954,-2688.7973185468272,-4142.380368849172,4025.022607293756,198668400,350208161,39.1809513861,-122.9873903008
Eschscholzia caespitosa,58954,-2646.369060221745,-4319.781734686656,3863.4142531504513,26158858,40592814,37.3300426339,-121.4923181878
Eschscholzia caespitosa,58954,-2692.352884254328,-4160.037051037061,4004.382700282744,268992362,483581928,38.9418966667,-122.91072
Eschscholzia caespitosa,58954,-2617.38311848219,-4534.152550121246,3630.498504749848,271817829,488971995,34.73953817,-119.99610392
Eschscholzia caespitosa,58954,-2575.779674599049,-4574.726297392133,3609.292382385877,37671762,59769698,34.5077837776,-119.3814964511
Eschscholzia caespitosa,58954,-2569.067832647611,-4183.956113864319,4060.068329251383,37971613,60278325,39.5887316659,-121.5511062315
Eschscholzia caespitosa,58954,-2552.825984106736,-4613.639611261915,3575.914171501032,339836301,618292742,34.1443031983,-118.9566984668
Eschscholzia caespitosa,58954,-2580.405125751107,-4255.440512978053,3977.749182286376,340928750,620516904,38.6346083333,-121.2316972222
Eschscholzia caespitosa,58954,-2650.5003581592714,-4190.362452552699,4000.682878873497,342515558,623756785,38.89913,-122.3142916667
Eschscholzia caespitosa,58954,-2665.3534822000515,-4018.530394990481,4163.779221949591,343704408,626146590,40.8098707958,-123.5549529513
Eschscholzia caespitosa,58954,-2550.306803699997,-4336.388852744915,3909.145693686612,347161819,632947687,37.8490647316,-120.4605367545
Eschscholzia caespitosa,58954,-2552.770388468891,-4332.927488611489,3911.3751867941214,359397622,655727624,37.8744611111,-120.5047222222
Coronilla scorpioides,59268,5092.19378602155,-234.3051636181005,3821.572538312316,73590255,120160790,36.8582889574,-2.6344706216
Coronilla scorpioides,59268,4704.6438210487,-103.67734583497072,4294.802749219844,101092505,168790671,42.3855861342,-1.2624362741
Coronilla scorpioides,59268,4770.181548873183,133.03034382176466,4221.06906459607,109867298,185249300,41.4941273974,1.5974448994
Coronilla scorpioides,59268,4600.49125294522,306.1411847014488,4396.76141452792,115549683,195001473,43.6396188661,3.8071531649
Coronilla scorpioides,59268,4538.99786540199,471.4892653617116,4445.778827180036,148506020,255746626,44.2518791057,5.930341437
Coronilla scorpioides,59268,4464.641834229992,865.3433047791978,4461.827807815392,160105968,276651204,44.45372803,10.96914169
Coronilla scorpioides,59268,4530.431268199608,457.66100746542446,4455.950185543198,200267747,353300186,44.3797241154,5.7684107883
Coronilla scorpioides,59268,5230.696678260023,287.520109947493,3625.8650796868847,205036080,362483080,34.688845732,3.1462591506
Coronilla scorpioides,59268,4558.730545431363,1323.1675117267134,4249.3477946314815,206215081,364711281,41.83455448,16.18532418
Coronilla scorpioides,59268,4606.929700265367,484.22698994722185,4373.954285163134,213457747,377224785,43.3568636425,6.0002357713
Coronilla scorpioides,59268,4850.849108964873,-291.6898807099851,4119.943332768489,272631709,490495259,40.2910383333,-3.44115
Coronilla scorpioides,59268,4109.885076405735,2647.240411241136,4085.4272718415536,283873648,510118564,39.8853016667,32.78621
Coronilla scorpioides,59268,4546.455445389816,911.181511786671,4369.1239700128535,356461715,650058374,43.2971481373,11.3328380138
Coronilla scorpioides,59268,4540.24691795058,617.7436506917307,4426.545361311431,358194722,653405965,44.0108873882,7.7480567818
Coronilla scorpioides,59268,5069.872824727493,-310.95887324607486,3845.705039380508,5889296,7340605,37.1300174375,-3.509819724
Potentilla micrantha,59272,4464.069990512972,900.545712208388,4455.429235180606,109584716,184718684,44.3731694521,11.4053194444
Potentilla micrantha,59272,3353.9086557348123,3287.55728411038,4304.999066475778,15631302,23359888,42.50985553,44.42760723
Potentilla micrantha,59272,4533.411144283193,586.6627285136844,4437.7655829864725,154823409,267555053,44.1513551027,7.3735922389
Potentilla micrantha,59272,4651.539405859088,744.2232476952843,4289.413251600667,140427010,295952447,42.32,9.09
Potentilla micrantha,59272,4409.996623236616,621.0789715867788,4555.86916227538,202649477,357932462,45.6508904079,8.0164903225
Potentilla micrantha,59272,4498.5348515883325,952.3056307603374,4409.767715463563,202950005,358506997,43.8014636294,11.9526190683
Potentilla micrantha,59272,4455.762289434344,351.15091119642045,4540.113279126213,205483283,363340995,45.4485514769,4.5060679031
Potentilla micrantha,59272,4344.836955810837,497.94778403952427,4632.946466501419,206115614,364513655,46.6515009916,6.537959773
Potentilla micrantha,59272,3543.8459046199523,2960.857292873698,4389.103943314906,268381242,482408201,43.544536271,39.8785093466
Potentilla micrantha,59272,4700.786203320401,186.85990801563983,4296.212934099797,277495703,498267430,42.4027583333,2.2763533333
Potentilla micrantha,59272,3555.267855937165,3181.236734319583,4222.505943445558,295488430,531938312,41.5113816802,41.8220279371
Potentilla micrantha,59272,4372.229690957905,743.6295700940822,4573.879723130602,338341331,615270829,45.8830834213,9.6525096514
Potentilla micrantha,59272,4195.921915023145,2076.23945491317,4321.252380799784,341466878,621630887,42.7084583059,26.3272725418
Potentilla micrantha,59272,4192.933490776443,880.7808564633596,4715.218653942824,347558147,633727612,47.7404033333,11.863245
Potentilla micrantha,59272,4669.795028205683,87.7103517340861,4333.021396026288,377716382,690731033,42.8526638889,1.0760305556
Eriogonum inflatum,59459,-2196.9339482234245,-4653.271935656186,3756.3672144314382,66644366,107482815,36.1288555556,-115.2732472222
Eriogonum inflatum,59459,-2129.255954564024,-4663.386533895573,3782.703827305613,9112383,12311244,36.422649932,-114.5409679413
Eriogonum inflatum,59459,-2366.341372247433,-4740.116859646134,3538.5694562303056,9855244,13498865,33.7394724554,-116.5290961974
Eriogonum inflatum,59459,-2283.6286423418287,-4332.143887503035,4075.208300384601,128062833,217489279,39.7656383333,-117.795325
Eriogonum inflatum,59459,-2382.935190383821,-4408.734726195477,3933.755345995216,133873102,228099662,38.1298833333,-118.3913633333
Eriogonum inflatum,59459,-2321.1452937307245,-4736.877923184723,3572.677594734001,18660751,28566096,34.1091410363,-116.1055866256
Eriogonum inflatum,59459,-2311.6713030887413,-4773.176461679464,3530.2571268708684,2728168,3076854,33.6496240693,-115.8411202301
Eriogonum inflatum,59459,-2332.392555781291,-4740.816100204306,3560.106852252764,178223211,310512841,33.9727107945,-116.1963203922
Eriogonum inflatum,59459,-2257.356176594578,-4785.324893384775,3548.90995749677,182764238,318725102,33.851375,-115.2544116667
Eriogonum inflatum,59459,-2092.387240232405,-4694.984299108868,3764.145480412689,189598660,332182758,36.21551,-114.02083
Eriogonum inflatum,59459,-2237.157346311611,-4711.803228707638,3658.386320696832,195191903,343320253,35.0453083333,-115.3983
Eriogonum inflatum,59459,-2299.897207155487,-4785.850999405337,3520.77493993677,196258961,345480615,33.547245,-115.6671616667
Eriogonum inflatum,59459,-2398.241768629608,-4631.784603661969,3658.518953641992,203494893,359548468,35.0467652874,-117.3741816358
Eriogonum inflatum,59459,-2355.5716996092647,-4813.494350664946,3445.476343525521,206192108,364661446,32.7384868321,-116.0756620367
Eriogonum inflatum,59459,-2326.237082990436,-4763.154942444629,3534.22256764665,38946487,61871929,33.692475,-116.0300305556
Delphinium hesperium,59977,-2653.993912881833,-4177.52180840221,4011.7802756865367,78503455,128478724,39.0274835727,-122.4279349261
Delphinium hesperium,59977,-2683.145642982181,-4215.218845207323,3952.519788088632,13003445,18916456,38.3447304588,-122.4782896042
Delphinium hesperium,59977,-2651.07462897676,-4266.578773260165,3918.9108197098535,112744221,190453451,37.9603651734,-121.8550990182
Delphinium hesperium,59977,-2676.10659987744,-4316.006897833038,3847.1146400422585,120065953,203031170,37.1459194444,-121.8006611111
Delphinium hesperium,59977,-2700.4994895514,-4274.737197894478,3876.038896289269,166145375,287682719,37.4729633333,-122.28202
Delphinium hesperium,59977,-2700.2991468979963,-4239.330851849943,3914.870569443213,166890433,289038850,37.914295,-122.49565
Delphinium hesperium,59977,-2694.9672883031744,-4288.877198823417,3864.251132893135,285003395,512254460,37.3395083333,-122.1436916667
Delphinium hesperium,59977,-2698.283758729219,-4240.417649753002,3915.0831463353097,285246803,512710564,37.9167182528,-122.4696166077
Delphinium hesperium,59977,-2699.9780020648814,-4239.247666813823,3915.182133369624,287205618,516399031,37.9178466746,-122.4930716667
Delphinium hesperium,59977,-2696.0790300897884,-4285.966548433463,3866.7042476632328,365500471,667321698,37.3672616667,-122.1718666667
Delphinium hesperium,59977,-2650.3502648689787,-4265.872326316865,3920.169626272607,45450934,72070967,37.974725,-121.8523333333
Delphinium hesperium,59977,-2675.3094155713466,-4313.277365007361,3850.728636654093,45645590,72387232,37.186705,-121.80925
Delphinium hesperium,59977,-2706.215923459308,-4238.310983791492,3911.8881003890087,48196524,76461172,37.880305,-122.55875333
Delphinium hesperium,59977,-2700.3808656223346,-4239.514939568293,3914.61484535011,48499080,76959818,37.91138,-122.49530833
Delphinium hesperium,59977,-2662.395589289304,-4308.469386815287,3865.034850901839,6417770,8100134,37.3483738179,-121.7137701402
Monotropa hypopitys,59986,-295.42781871070014,-5313.899076362837,3502.135368577213,8579900,11463940,33.3463462089,-93.182100355
Monotropa hypopitys,59986,-126.28467340781312,-4386.064179779812,4619.117483003886,8616435,11526445,46.470625,-91.649219
Monotropa hypopitys,59986,-2476.914266022185,-3678.404361180671,4574.274828221434,82120022,134757023,45.888188,-123.955004
Monotropa hypopitys,59986,3031.091351236998,1571.9467853859776,5378.775107219895,87371773,144044444,57.5925229827,27.4115944281
Monotropa hypopitys,59986,-2655.7431928181068,-3920.983468935973,4261.7683958432735,25508853,39518087,41.98465,-124.1103971667
Monotropa hypopitys,59986,-1423.966957038873,-3869.521998748074,4856.837524165658,299327946,539263818,49.670405,-110.2033916667
Monotropa hypopitys,59986,759.3711287605801,-4233.7054806887645,4699.877287894678,302180030,544577395,47.53564582,-79.83136893
Monotropa hypopitys,59986,-2412.7859043928984,-3850.4111402670815,4465.708382792985,303640857,547303621,44.5026389715,-122.0725220069
Monotropa hypopitys,59986,3832.554396170508,708.5709822689479,5039.762602857199,304021862,548027077,52.2833926961,10.4746903852
Monotropa hypopitys,59986,1242.9023482358164,-4275.492809296054,4556.87481944425,305329090,550504779,45.6638299734,-73.7906472282
Monotropa hypopitys,59986,2046.8269232420907,2677.757694198752,5406.465241461202,307547040,554741429,58.0601845501,52.6063934119
Monotropa hypopitys,59986,-312.42062578650814,-5151.048193235137,3736.154305329162,373913654,683385155,35.9041174558,-93.4708434491
Monotropa hypopitys,59986,4710.506756613873,174.1181680475727,4286.08937017513,377878146,691059621,42.2795849271,2.1169052121
Monotropa hypopitys,59986,3403.548848479321,601.1653516967417,5352.028455231891,378994318,693215514,57.1464361667,10.0167805
Monotropa hypopitys,59986,1530.2650037849044,-3949.391778839381,4759.238040390975,386132795,706963294,48.3324504877,-68.8202185069
Rhinanthus glacialis,60083,4251.76182621252,758.789723942766,4683.643096744058,69829991,113399589,47.3198390639,10.1187496666
Rhinanthus glacialis,60083,4164.221975070043,995.2561577487828,4717.888685893756,70641515,114875833,47.7761218641,13.441638202
Rhinanthus glacialis,60083,4250.090046789315,1013.6150939541312,4636.709195665412,86133745,141845595,46.7008202598,13.414042443
Rhinanthus glacialis,60083,4172.882749682229,1045.3185517112363,4699.373555329501,87111783,143586103,47.5289361931,14.0633505955
Rhinanthus glacialis,60083,4278.138986696061,912.6930091497652,4631.875582443659,87463558,144205342,46.6374728,12.04287436
Rhinanthus glacialis,60083,4253.1781863269925,963.2958984288368,4644.597878944943,93256245,154736151,46.8043662606,12.7615322082
Rhinanthus glacialis,60083,4225.088124705501,1043.7894857891447,4652.836444310719,105781208,177565018,46.9127179697,13.8768164364
Rhinanthus glacialis,60083,4352.541135489131,593.3818931068563,4614.437855523178,122940676,208319789,46.4095539353,7.7632734552
Rhinanthus glacialis,60083,4197.159791362993,898.7701979261949,4708.058511399672,126377659,214417183,47.6447387618,12.0866492566
Rhinanthus glacialis,60083,4232.914433624778,953.515178985469,4665.082778550963,180030408,313524339,47.0741851,12.6946761
Rhinanthus glacialis,60083,4266.889456148237,739.248500718602,4672.998946380551,227973651,404495707,47.1788200317,9.8290576134
Rhinanthus glacialis,60083,4278.306312851613,1053.3424746490607,4601.773337985223,300607908,541642393,46.2446184749,13.8314405198
Rhinanthus glacialis,60083,4265.133943036481,877.1040421022535,4650.706836273751,302827452,545761368,46.8846888889,11.6205944444
Rhinanthus glacialis,60083,4163.6946933419495,1110.6422270225398,4692.533801036274,311977082,563221103,47.4379166667,14.935575
Rhinanthus glacialis,60083,4202.608702775068,1063.1113095435076,4668.79294513661,335843698,610190449,47.1232,14.196
Pluchea odorata,60146,-42.006528549006816,-5953.83111478422,2267.131147036712,94832719,157357904,20.8456216719,-90.40423667
Pluchea odorata,60146,1243.4049457535916,-4956.4677023039885,3804.88175723903,135216840,230594682,36.6709173206,-75.9171131814
Pluchea odorata,60146,1337.197226750403,-4699.239749712477,4088.863226028805,15792466,23601084,39.9255833333,-74.115975
Pluchea odorata,60146,-1944.086657159508,-4940.223090626992,3521.9988662643964,16735685,25255250,33.5604528933,-111.48073107
Pluchea odorata,60146,865.6458353342492,-5514.477452779956,3070.984995115964,172714337,299857904,28.8177363247,-81.0786869996
Pluchea odorata,60146,836.6502167075096,-5571.768709411364,2974.081874021821,204266772,361030125,27.82774302,-81.4603351
Pluchea odorata,60146,-2679.618134313662,-4291.340286984884,3872.182630666496,237096038,421907172,37.4292785,-121.9816668
Pluchea odorata,60146,1174.7845111000977,-4799.542054464526,4021.69498465301,240243702,427993473,39.1423555,-76.246125
Pluchea odorata,60146,-1334.88077487669,-5199.727014716769,3430.84325187944,32252551,50569964,32.582172761,-104.3981164038
Pluchea odorata,60146,1095.278401990256,-4870.696972971083,3958.0840503078553,312300012,563832164,38.4085620356,-77.3266527971
Pluchea odorata,60146,-1320.1197978053851,-5160.058339759974,3495.8310570439817,331023738,600407480,33.2785027778,-104.350425
Pluchea odorata,60146,1506.3083897732015,-4538.207273667434,4210.161862186334,335438010,609371782,41.3633013254,-71.6381143144
Pluchea odorata,60146,983.0628510505888,-5628.280874304793,2818.8286504320545,54799529,87216340,26.2600629514,-80.0923874645
Pluchea odorata,60146,-542.8568262291108,-5551.968493096731,3077.451128378012,55837395,88937520,28.8841282774,-95.5844786094
Pluchea odorata,60146,-1057.3752741153958,-5637.234526702829,2773.679424576021,7080957,9094508,25.8081738122,-100.6235218048
Samolus parviflorus,60234,139.19728677447307,-5416.271699665756,3351.772384937839,119148574,201383905,31.742162,-88.527832
Samolus parviflorus,60234,-2551.862843512526,-4621.188333976528,3566.842797138226,126151583,214012908,34.045788696,-118.9078849986
Samolus parviflorus,60234,1282.908220106739,-4838.276265171338,3941.444203631416,126748488,215093057,38.2178416667,-75.1493083333
Samolus parviflorus,60234,-627.9518179781305,-5470.898416550765,3203.857075426075,172179316,298861957,30.1907662764,-96.5477772283
Samolus parviflorus,60234,1869.7285917517777,-4195.594441931919,4414.844889879296,179668799,312895111,43.8647608167,-65.9802908833
Samolus parviflorus,60234,1633.9983469842057,-4219.48975340588,4485.053929735194,192697299,338337609,44.7470865915,-68.8310943614
Samolus parviflorus,60234,649.955991836287,-4729.0106674308045,4219.451201954966,227131614,402897078,41.47470533,-82.17428837
Samolus parviflorus,60234,804.7185299654669,-5585.911268555319,2956.311302456892,229031480,406503105,27.64718,-81.8022466667
Samolus parviflorus,60234,-397.9009842514811,-5476.051539550297,3231.762285905008,280439540,503672295,30.4815369703,-94.1559234261
Samolus parviflorus,60234,198.2209937973772,-5472.012339242177,3256.922247533209,280916040,504488637,30.7444487426,-87.9253952934
Samolus parviflorus,60234,464.8169636044116,-5515.544245445068,3154.7535555984105,343627546,625991760,29.6811796578,-85.1828380847
Samolus parviflorus,60234,148.37459838011353,-5491.028907799819,3227.4354589890268,346457500,631542527,30.436395,-88.4521716667
Samolus parviflorus,60234,748.8252157430494,-5484.107609181682,3154.9291048865725,347365919,633340334,29.6829968485,-82.2246557153
Samolus parviflorus,60234,487.3264894405785,-5460.551287368431,3245.711888074161,351656939,641762011,30.6272166667,-84.9001533333
Samolus parviflorus,60234,770.5642148902244,-5207.975746953144,3587.892492753355,362876729,662346893,34.2745632537,-81.5836646408
Geranium nodosum,60362,4327.701786957875,992.7528776379814,4568.937742712256,75532068,123588146,45.8192748376,12.9198343679
Geranium nodosum,60362,4262.140927713956,569.1783669493075,4701.057735082603,125898737,213558642,47.5513725281,7.6064367294
Geranium nodosum,60362,4558.188517140416,882.7183807654939,4362.737538764559,174532999,303219024,43.2182848086,10.9599793061
Geranium nodosum,60362,4521.074817308112,446.34762497071824,4466.588118873607,234106610,416132823,44.5137329102,5.6383118629
Geranium nodosum,60362,4504.799764278834,909.8711568811012,4412.331208251104,247133098,441319749,43.83341433,11.41887175
Geranium nodosum,60362,4222.198026505429,582.7878105413824,4735.309422047885,279407489,501741206,48.00977458,7.8588486
Geranium nodosum,60362,3998.97116154074,259.792961520976,4952.826505742666,280973931,504697688,51.0231954,3.7169942
Geranium nodosum,60362,4308.096928267003,1106.9187651022703,4561.226242338601,315205948,569398469,45.7198532675,14.409824945
Geranium nodosum,60362,4673.356480901821,749.1714738912584,4264.766633099399,357831286,652700031,42.0209349085,9.1074234556
Geranium nodosum,60362,4373.83844652589,757.6381519083286,4570.041006833786,365147978,666644061,45.8335133333,9.8272833333
Geranium nodosum,60362,4713.949143164316,205.9327144967592,4280.891066406366,373211101,682043618,42.2164306641,2.5014224052
Geranium nodosum,60362,4316.350678096007,790.0031073011313,4618.957138124593,377241823,689824387,46.4685313,10.371804
Geranium nodosum,60362,4541.874676253827,501.7529954340125,4439.523790504408,377641463,690607364,44.1733966667,6.304055
Geranium nodosum,60362,4679.744746627152,45.709848342055615,4322.92179501984,378736617,692712840,42.7288931974,0.5596241355
Geranium nodosum,60362,4452.119623326732,777.1821260461745,4490.475691084502,62340071,99867947,44.8157806931,9.9020339878
Aconitum columbianum,60522,-1336.5144893036493,-4846.65373651925,3913.237752532146,95506580,158556655,37.8956844983,-105.4167404113
Aconitum columbianum,60522,-1432.6523423303563,-4662.36674388553,4098.731113552464,172839343,300095054,40.0414023214,-107.081149339
Aconitum columbianum,60522,-1396.6254158563588,-4771.367122960265,3984.124289652041,174787339,303694375,38.70804175,-106.31526511
Aconitum columbianum,60522,-2011.4070561035944,-4089.622985099434,4451.851145768523,179045092,311657965,44.3281692829,-116.1894313221
Aconitum columbianum,60522,-1602.046630334106,-4306.626996685336,4413.180671050485,181286906,315928215,43.8440055847,-110.4049835205
Aconitum columbianum,60522,-1782.840827387118,-4449.379007854152,4196.9343762258,295755667,532459616,41.2049966667,-111.835695
Aconitum columbianum,60522,-1490.3173440742653,-4833.596335812723,3873.635734816411,301577135,543445088,37.4457366667,-107.135825
Aconitum columbianum,60522,-2010.688374132332,-4645.486289154481,3868.635745205827,338215182,615011633,37.389120905,-113.4042273308
Aconitum columbianum,60522,-1363.0156084226,-4930.075289158975,3798.196838514015,41082340,65138535,36.596,-105.4545
Aconitum columbianum,60522,-1451.0199884870042,-4690.363023606897,4060.146404930466,382733949,700435934,39.5896428,-107.1900793
Aconitum columbianum,60522,-1361.950766433516,-4729.157117784542,4045.9753082287098,383121090,701180464,39.4244633333,-106.0658805
Aconitum columbianum,60522,-2314.0088596758083,-3756.774281048933,4595.841938999705,387904416,710370081,46.1675416667,-121.631255
Aconitum columbianum,60522,-2379.8146206205483,-4089.1916558884272,4266.702134268406,54227094,86275986,42.0443695,-120.19841167
Aconitum columbianum,60522,-1974.6702841128897,-3607.13385935911,4866.108888977312,56716446,90403316,49.799410205,-118.6978268391
Aconitum columbianum,60522,-2427.4049449370923,-4458.682479607315,3849.364740968975,57006309,90894782,37.1713102458,-118.5648459538
Ilex opaca,60749,1094.17872780275,-4846.6679572648845,3987.773282588069,78656537,128745216,38.7501076252,-77.2782332818
Ilex opaca,60749,1274.2918144786595,-4621.661785105857,4195.971382805447,81966613,134483472,41.1934866667,-74.58532
Ilex opaca,60749,341.82771806767016,-5478.80604270117,3233.51067530312,111653128,188511258,30.49978393,-86.4298915
Ilex opaca,60749,65.19692665985028,-5442.650170722846,3311.0514356563726,155748696,269260467,31.3125319546,-89.3136927859
Ilex opaca,60749,770.2704696762238,-5154.736520369652,3664.03165089899,159184105,275019134,35.1073445,-81.5011966667
Ilex opaca,60749,286.1532604158176,-5015.470860852072,3918.28042451974,163259714,282359908,37.953175,-86.73458
Ilex opaca,60749,-554.9913991591468,-5478.268362924566,3204.732971764824,155661588,285530901,30.1998799749,-95.7847738805
Ilex opaca,60749,-276.07359130235045,-5293.378995230471,3534.639347191691,208769444,369404686,33.69698,-92.9855283333
Ilex opaca,60749,1331.378733415269,-4643.494143460388,4153.931383344707,216916274,385099082,40.6929626465,-74.0013885498
Ilex opaca,60749,1111.2721243901433,-4927.903646415546,3882.086172005358,26559980,41250696,37.54152,-77.2920216667
Ilex opaca,60749,1282.0855944400923,-4839.196207229647,3940.582409510152,279810621,502494618,38.207977702,-75.1611073977
Ilex opaca,60749,562.1976550145991,-5459.504611061497,3235.3510363130263,347832772,634269642,30.5189944444,-84.1206361111
Ilex opaca,60749,793.9907773188511,-4940.442848093725,3943.520792379521,362137219,660941460,38.2416154817,-80.8699248824
Ilex opaca,60749,1324.612981028833,-4727.262834968157,4060.559034085844,374687065,685464395,39.5944583333,-74.3467466667
Ilex opaca,60749,1214.737650509693,-4947.692234550995,3825.507433305471,47007671,74547919,36.9025291864,-76.2058116684
Neotinea ustulata,60837,4359.904255203846,670.6964944770706,4596.863520644158,74349149,121504399,46.1808091191,8.7454175949
Neotinea ustulata,60837,4292.970475315291,915.2889288419786,4617.618845735099,84291444,138525804,46.4510597142,12.0356206968
Neotinea ustulata,60837,4551.228707876196,303.5184332533428,4447.9148978995145,118057486,199421845,44.2787045469,3.815368102
Neotinea ustulata,60837,4008.163919643799,1790.4950076620885,4617.196416710061,168285496,291630210,46.4455460106,24.070889689
Neotinea ustulata,60837,4512.906230018024,548.9278966794757,4463.418942132701,175604902,305195240,44.4737778,6.9351111
Neotinea ustulata,60837,4566.142292371982,566.820930260354,4406.678083149274,205245579,362882625,43.7629779557,7.0762480933
Neotinea ustulata,60837,4101.637259878142,1199.0167301525178,4725.323671334179,209112882,370035158,47.8757134618,16.2950333505
Neotinea ustulata,60837,3371.07168330391,3117.3297499286346,4416.773037627569,214604792,379340725,43.8888166667,42.760475
Neotinea ustulata,60837,4672.426877236946,-85.67185047634317,4330.224075101333,217290768,384383712,42.8183579003,-1.0504360173
Neotinea ustulata,60837,4200.479860003779,910.337252048972,4702.872331130412,224349688,397620216,47.575557,12.228162
Neotinea ustulata,60837,3231.973313107361,3408.99793055236,4303.816299812179,25912187,40188575,42.4954277016,46.52693962
Neotinea ustulata,60837,4627.211727583625,-502.7200446199976,4350.395075683043,26263170,40766077,43.0661611667,-6.2005383333
Neotinea ustulata,60837,4295.038217941087,2093.931309031943,4214.006586273765,27120861,42163341,41.4093866667,25.9903133333
Neotinea ustulata,60837,4500.115024117186,810.8578432542072,4436.352945542695,38231038,60731393,44.1336517,10.2142974
Neotinea ustulata,60837,3395.2510475391,1000.7182890057284,5297.224401506088,47810352,75842601,56.24877277,16.42238495
Lepidium didymum,60987,1491.582957441182,-4882.257020552066,-3811.626922459556,100705936,168104030,-36.7465838194,-73.0115144583
Lepidium didymum,60987,935.8082166218225,-5215.236897671307,3537.699847718611,107493666,180803102,33.73006841,-79.82725586
Lepidium didymum,60987,1113.2667459027016,-4838.528226895457,3992.372086827648,14723625,21960483,38.8031583333,-77.0426778333
Lepidium didymum,60987,4458.273073382419,-4159.123836738028,-1848.037673725364,148979110,256643570,-16.8621388889,-43.0118
Lepidium didymum,60987,-4779.177711481883,511.206763030313,-4181.851405440452,193546757,340006294,-41.0249517997,173.8945474997
Lepidium didymum,60987,3444.1760293155344,-451.318612501653,5340.75988214929,219552129,388600668,56.9601,-7.4654
Lepidium didymum,60987,1332.694761313432,-4635.086336139028,4162.889916798479,25392504,39320660,40.799305,-73.95883
Lepidium didymum,60987,-499.9611765221865,-4764.497905321603,4199.922816175797,228024563,404591214,41.2407283392,-95.9903925251
Lepidium didymum,60987,3964.18665606264,-179.641536611682,4984.24580091072,233978782,415887266,51.474615,-2.594647
Lepidium didymum,60987,-5070.144507577232,474.22955146443246,-3828.641290912445,244005482,435161009,-36.9377816667,174.6564583333
Lepidium didymum,60987,-939.9052729157456,-5942.159952140172,2096.91828901465,327922804,594134664,19.2162467648,-98.9883320165
Lepidium didymum,60987,4151.219902806175,597.4387170877308,4795.851689486227,337081315,612690984,48.8301782815,8.1897071376
Lepidium didymum,60987,-536.7521005962064,-5118.563632629675,3755.2572016978943,337824948,614211976,36.1164971667,-95.986375
Lepidium didymum,60987,-3015.749625757107,4920.59680992712,2698.654175428627,339651095,617917474,25.0610361667,121.50342
Lepidium didymum,60987,4176.953067026704,-77.18381465475613,4810.078883374886,39287983,62312595,49.0249204637,-1.0586194097
Hypericum anagalloides,61032,-2701.605081741348,-4310.122344795851,3835.873888031029,86939137,143309792,37.0192028333,-122.0796805
Hypericum anagalloides,61032,-2377.337080964294,-4730.924804161245,3543.497146961105,89272316,147404238,33.7927805556,-116.6799861111
Hypericum anagalloides,61032,-2465.809466932515,-3917.107401255154,4377.876929459702,91311858,151014753,43.4054012,-122.1903139
Hypericum anagalloides,61032,-2728.0187084875056,-4207.904142263031,3929.530478994308,13540078,19901721,38.0815971667,-122.9556716667
Hypericum anagalloides,61032,-2467.5745770367143,-4364.1221801231895,3931.31866342533,14260149,21167359,38.1020305,-119.4848116667
Hypericum anagalloides,61032,-2347.349402293402,-3813.13007191764,4532.0793205622085,175778489,305515477,45.3456574819,-121.6163055381
Hypericum anagalloides,61032,-2704.948754819871,-4341.435788556695,3798.017990651831,223823025,396629687,36.5939966667,-121.9251333333
Hypericum anagalloides,61032,-2728.2790688038363,-4207.9896095395625,3929.258186784293,298494516,537695466,38.0784862227,-122.957636418
Hypericum anagalloides,61032,-2455.2382422704345,-4486.806309842601,3798.700757012434,311180532,561717118,36.6016448354,-118.6880470062
Hypericum anagalloides,61032,-2401.739530350734,-3844.143676488247,4477.048107016887,334916286,608313495,44.6458012299,-121.9962691516
Hypericum anagalloides,61032,-2415.147673109394,-4771.989297819482,3461.926196245095,335036350,608562264,32.9145360307,-116.8443913186
Hypericum anagalloides,61032,-2528.632037412486,-4131.962082926006,4137.953901907365,374810271,685125901,40.5037216667,-121.4653333333
Hypericum anagalloides,61032,-2291.2327996379568,-3740.6988165881394,4620.300612635149,384437113,703722895,46.4860761816,-121.4880794533
Hypericum anagalloides,61032,-2294.868842044833,-3710.065579580303,4643.139403755042,385420710,705593467,46.7852074713,-121.7389499786
Hypericum anagalloides,61032,-2293.6060726798605,-3713.594156849911,4640.942011192738,385564149,705874222,46.756355,-121.7004866667
Cotula turbinata,61320,4968.56524859817,1724.154416915317,-3595.8871014996344,130153516,221295294,-34.3616142047,19.1374151409
Cotula turbinata,61320,5019.198031739131,1701.3189852223834,-3535.946543485259,135782140,231641742,-33.7111111111,18.7247222222
Cotula turbinata,61320,5012.795101940508,1677.6157671724322,-3556.296350611565,175732735,305433852,-33.9313986758,18.5036797263
Cotula turbinata,61320,5005.8176265589655,1718.4449867341657,-3546.616676055817,185402294,323799240,-33.826545,18.9468116667
Cotula turbinata,61320,-2350.0757504556727,4863.951286030989,-3377.7026192243648,240309993,428124079,-32.0167814303,115.788061783
Cotula turbinata,61320,-2387.697891980628,4638.891004163542,-3656.411103500161,244421156,435984584,-35.0236139261,117.235472873
Cotula turbinata,61320,-2348.237399226993,4662.073306756784,-3652.479531629841,244460270,436062192,-34.9804494056,116.7339159586
Cotula turbinata,61320,-2241.3217423721608,4801.677851788356,-3536.9647700383466,249651978,446316365,-33.72212,115.0221721667
Cotula turbinata,61320,-2368.5322715232146,4848.076718178818,-3387.618653727573,288690018,519197451,-32.1220166667,116.0378638333
Cotula turbinata,61320,-2358.616015636087,4861.759244725252,-3374.904541878323,308156473,555928419,-31.9871083333,115.8797083333
Cotula turbinata,61320,-2365.074532519974,4850.255768424151,-3386.9151991408203,309419001,558351913,-32.1145471667,115.99472
Cotula turbinata,61320,-2514.142943365435,4610.033302817077,-3607.8291723584553,311197215,561751700,-34.4918166667,118.60643
Cotula turbinata,61320,-2377.7833404299854,4864.897383902917,-3356.8844126281165,312888210,564976835,-31.7962372928,116.0476877913
Cotula turbinata,61320,-2353.960933939567,4872.841722595554,-3362.147319451632,322928346,584267372,-31.8519416667,115.78415
Cotula turbinata,61320,-2446.556044212185,4633.911488168311,-3623.669545092104,326167909,590682687,-34.6648361111,117.8326111111
Origanum vulgare,61396,4010.4245919443847,1925.7015846359448,4560.473783384327,174470365,303107790,45.7101615643,25.6491075084
Origanum vulgare,61396,2088.092664767556,3219.923727748508,5085.441312266175,178383338,310396068,52.9600812812,57.0369403437
Origanum vulgare,61396,4251.982190687857,-121.80364430688007,4742.948919394377,181961587,317169815,48.1125724,-1.64086452
Origanum vulgare,61396,3917.979131174713,79.98623731215572,5023.225543333439,207949741,367883011,52.0409500499,1.169541016
Origanum vulgare,61396,4431.5535981052735,1330.3136506050932,4379.6519756495945,222619964,394369770,43.4273778427,16.7092971821
Origanum vulgare,61396,816.874516102673,-4281.040465125468,4647.059467079992,230537633,410015263,46.8367176065,-79.1971283941
Origanum vulgare,61396,1051.553562866054,4530.536254014125,4354.104900569669,232438654,412950460,43.1118458347,76.9328189147
Origanum vulgare,61396,3650.723828549238,1408.5887078861736,5027.70787828368,317415931,573563874,52.1065333333,21.0985195
Origanum vulgare,61396,1976.6318557336176,3075.289494858947,5217.784410972411,332315569,603060870,54.98368958,57.2692556638
Origanum vulgare,61396,3542.3068422234605,2428.3858781493345,4705.8216489810975,351090060,640650373,47.6148886047,34.43211789
Origanum vulgare,61396,-176.62353181741662,3562.632165319269,5278.845452588882,382064251,699152734,55.9524216667,92.8382116667
Origanum vulgare,61396,4684.7420267812095,-63.99885816429994,4317.273377762982,382370035,699731916,42.6597794022,-0.7826762626
Origanum vulgare,61396,3772.296481894782,2102.587308687486,4683.872221966351,385207504,705206314,47.322878765,29.1342438385
Origanum vulgare,61396,2820.7271346972907,1857.0007753138248,5402.29577880957,386090399,706866753,57.989376021,33.3585552624
Origanum vulgare,61396,2275.7526608109924,2136.7364271893352,5553.832946462405,394450435,723137406,60.6609171199,43.1954834162
Oxalis debilis,61963,812.7510294943162,-6245.872208937308,958.263660668586,63106156,101222409,8.6506894637,-82.5859827201
Oxalis debilis,61963,770.2461852708324,-5572.0359409320645,2991.469441046406,104900870,175866373,28.0047056016,-82.1296390204
Oxalis debilis,61963,516.9865037156337,-5460.050598185228,3241.963224638805,108629671,182933693,30.5880468,-84.591058
Oxalis debilis,61963,-3028.1850599495465,4904.941068759746,2713.190277951363,108642302,182960001,25.2054334971,121.6901201382
Oxalis debilis,61963,-37.02463053950504,-5351.140605207795,3457.408932959364,118568084,200341937,32.8661567051,-90.3964241222
Oxalis debilis,61963,4272.768447210279,-4043.068021460902,-2446.7946174621857,129923455,220848927,-22.5848603786,-43.4177756043
Oxalis debilis,61963,2744.8172885038343,-4478.1586912695,-3605.804475871555,135291905,230730168,-34.46972744,-58.49443696
Oxalis debilis,61963,4732.014641037476,3286.509599750626,2719.677410545483,152835399,263887623,25.26993,34.7810033333
Oxalis debilis,61963,82.20846333508594,-5420.09515016437,3347.4712039684823,153239994,264654898,31.6966883333,-89.1310416667
Oxalis debilis,61963,1332.7745487655234,-4619.409926736734,4180.253229244183,160760645,277820164,41.0059032943,-73.9062929695
Oxalis debilis,61963,-3592.8517930529806,3884.611676061978,3548.374451637872,162057393,280174203,33.8455762825,132.7655344829
Oxalis debilis,61963,-5027.916210980379,3472.1594732898475,-1803.862604823803,170784971,296269317,-16.4474666667,145.3719633333
Oxalis debilis,61963,-3958.075447354761,3367.10740962299,3685.916381958061,44672062,70823471,35.3482827125,139.6124171467
Oxalis debilis,61963,3456.8623387183097,-4297.245838257324,-3189.597796965712,56035217,89265614,-30.0425168167,-51.1855236813
Oxalis debilis,61963,643.6749798559857,-6242.289631229073,1099.6616797155502,56043181,89278026,9.9392564667,-84.1127409786
Asclepias latifolia,62296,-1088.524733777557,-5193.750395813375,3525.5955326186167,62951953,100952233,33.5992776989,-101.8369251282
Asclepias latifolia,62296,-1467.71048962296,-4987.2652253516135,3682.765892685371,84902397,139603648,35.313553488,-106.398715537
Asclepias latifolia,62296,-1292.9280000201366,-5350.327462279816,3208.1281711951265,122945561,208221936,30.2352149925,-103.5853051768
Asclepias latifolia,62296,-1476.9405418242782,-4992.76008691453,3671.613607136032,14088341,20859671,35.19073651,-106.47908354
Asclepias latifolia,62296,-1551.3436347957145,-5044.392079597362,3568.920649685512,132431619,225510122,34.0683439134,-107.0946664374
Asclepias latifolia,62296,-1020.5782305354908,-5217.777962092359,3510.4082872705544,177741368,309170373,33.4354549722,-101.067121
Asclepias latifolia,62296,-1901.712165503141,-4820.338717721633,3706.423965993172,179633530,312769448,35.5747133333,-111.530145
Asclepias latifolia,62296,-1749.749084965849,-4716.20241542835,3909.675951539513,194480948,341867436,37.8551041589,-110.3552594763
Asclepias latifolia,62296,-1258.3036475074612,-4828.098460740375,3961.8039216679153,196677154,346204403,38.4512667628,-104.6075366412
Asclepias latifolia,62296,-1251.534244083652,-5058.915903344087,3664.8035484123375,238179334,423999551,35.1158305,-103.8955083333
Asclepias latifolia,62296,-1998.0940374679733,-4845.265035715946,3622.261735543266,28685869,44730791,34.6494444444,-112.4103083333
Asclepias latifolia,62296,-1325.3491031290987,-5320.16320092941,3244.852292476327,303588949,547204531,30.6182333333,-103.9886783333
Asclepias latifolia,62296,-1335.8072405000505,-5312.24870212867,3253.51899835199,312468721,564163543,30.7088442887,-104.114837782
Asclepias latifolia,62296,-1365.9336575591474,-5012.39862092067,3687.795878003159,378751678,692740464,35.3690083333,-105.2435833333
Asclepias latifolia,62296,-1321.1315253687462,-5322.3829534657525,3242.9314391475286,53643770,85327326,30.5981621776,-103.9403136942
Lysimachia ciliata,62441,26.63620670659743,-4650.127587232184,4354.923313289443,14262815,21170369,43.1219287757,-89.671809965
Lysimachia ciliata,62441,489.89029573133934,-4608.568216311354,4371.59691913956,125493905,212822074,43.3277130127,-83.9322509766
Lysimachia ciliata,62441,909.329153653506,-4857.202082028106,4021.251242379052,125977047,213690714,39.1372102939,-79.3962562637
Lysimachia ciliata,62441,591.1425153431356,-4833.426406704979,4108.319951902265,126292515,214267783,40.1541349,-83.0271836
Lysimachia ciliata,62441,827.8616870155254,-4750.535647972217,4163.749417795749,126398836,214459152,40.8095166667,-80.1145083333
Lysimachia ciliata,62441,1251.476798412221,-4299.731826881561,4531.651483688379,126626874,216787716,45.3401832581,-73.7718734741
Lysimachia ciliata,62441,652.5938486391404,-5079.981411620111,3789.150730175554,14854621,22175775,36.4947366667,-82.6796583333
Lysimachia ciliata,62441,1286.4657610068527,-4219.8358004852025,4596.492662060705,303233962,546527810,46.1759923463,-73.0455508974
Lysimachia ciliata,62441,1304.573623829582,-4493.67152456339,4323.743403465765,304671776,549268198,42.7389527778,-73.8112722222
Lysimachia ciliata,62441,1591.9797962166624,-4115.265079093777,4595.6443277201815,305395692,550633952,46.1649756252,-68.8511649151
Lysimachia ciliata,62441,3706.3169585734927,-187.67083177161908,5178.585462379676,317527845,573767330,54.3739513857,-2.8987188679
Lysimachia ciliata,62441,-1006.024222089144,-3927.507308640077,4914.504525872994,338365703,615312374,50.4784792176,-104.3673092716
Lysimachia ciliata,62441,466.5427179185901,-4974.840914054362,3952.600270946372,380135449,695421878,38.3456533333,-84.6424466667
Lysimachia ciliata,62441,345.8285485089125,-4513.628511242024,4483.002722196002,387670906,709917508,44.721118927,-85.6186294556
Lysimachia ciliata,62441,1115.008373947656,-4558.043557938309,4309.379117650374,7188856,9268695,42.56331406,-76.25400628
Calochortus lyallii,62581,-2199.041824419346,-3704.3087917972616,4693.832608769233,84982002,139746739,47.4551883333,-120.695245
Calochortus lyallii,62581,-2120.2687253861804,-3651.5970638561935,4770.749683756582,120056224,203014712,48.4884133333,-120.1412278333
Calochortus lyallii,62581,-2166.280234398052,-3688.836464727112,4721.172376881968,162602204,281169682,47.8200833333,-120.4237133333
Calochortus lyallii,62581,-2154.2161020763683,-3726.815388947664,4696.802441229055,166910044,289075939,47.4947027778,-120.0292583333
Calochortus lyallii,62581,-2190.05198712464,-3692.959576516202,4706.960270661538,167557497,290275693,47.6300809877,-120.6693981215
Calochortus lyallii,62581,-2187.870890209069,-3733.989774248911,4675.499381163234,170956805,296603025,47.2119133333,-120.36748
Calochortus lyallii,62581,-2189.389382388972,-3704.7488922478974,4697.995626578196,175263057,304568482,47.5105868142,-120.5817438674
Calochortus lyallii,62581,-2149.0267242438026,-3694.3743592892392,4724.725956242289,164089256,383929612,47.8677,-120.18667
Calochortus lyallii,62581,-2128.81608112832,-3644.4004100359607,4772.446005324379,218478366,386607170,48.5114360939,-120.2906283719
Calochortus lyallii,62581,-2154.915273225752,-3723.0135644140873,4699.496068099698,220540707,390367400,47.5305679621,-120.0626622093
Calochortus lyallii,62581,-2080.928525645352,-3637.727649507769,4798.58595305321,222973766,395581131,48.8675460815,-119.7713165283
Calochortus lyallii,62581,-2169.294526461949,-3692.185678663475,4717.1685682633815,284973015,512195171,47.766486027,-120.4357982071
Calochortus lyallii,62581,-2130.869063660807,-3631.788955024105,4781.135759354222,37211398,58953337,48.6295394035,-120.4013043569
Calochortus lyallii,62581,-2181.015357917369,-3704.6820974778734,4701.941694112439,369196720,674374616,47.5631523132,-120.486114502
Calochortus lyallii,62581,-2118.279704074959,-3644.115355536268,4777.349422067254,48796664,77443044,48.578045,-120.16891333
Fremontodendron californicum,63609,-2693.260331861772,-4345.728829727257,3801.413270479102,71778942,116919616,36.6320371902,-121.7885163054
Fremontodendron californicum,63609,-2621.855328917779,-4413.362455318107,3773.308839982676,71993460,117304218,36.3177185059,-120.7133636475
Fremontodendron californicum,63609,-2425.69208365233,-4555.023938296056,3735.977511513384,84618230,139086525,35.9021545866,-118.0366911577
Fremontodendron californicum,63609,-2432.9228625416285,-4752.640680975673,3476.067610409035,154776103,267467310,33.06616022,-117.10834703
Fremontodendron californicum,63609,-2440.083305646905,-4746.371696692035,3479.612378990148,206514072,365904734,33.1042081397,-117.2074440402
Fremontodendron californicum,63609,-2714.976788709971,-4176.247637250448,3972.103956192937,216133821,382209660,38.569645,-123.0278778333
Fremontodendron californicum,63609,-2391.97542880799,-4706.296772283391,3566.367531375757,24734474,38251136,34.0406305,-116.941955
Fremontodendron californicum,63609,-2536.7436289876387,-4619.468297072577,3579.8320551122847,216686996,383246084,34.1868866667,-118.7730333333
Fremontodendron californicum,63609,-2378.7379985143584,-4698.856661517962,3584.983227102969,224944061,398747960,34.2429074833,-116.8502485334
Fremontodendron californicum,63609,-2478.867540587245,-4538.503687946269,3721.149435375916,282794978,508093797,35.7376972222,-118.6427527778
Fremontodendron californicum,63609,-2476.33753210001,-4689.477234424938,3530.7660393462065,284150269,510636612,33.6551222322,-117.8368585688
Fremontodendron californicum,63609,-2690.742538623083,-4347.4552349343385,3801.222264057136,305702826,551221988,36.6298966667,-121.7543416667
Fremontodendron californicum,63609,-2664.295904244348,-4461.63410742714,3685.7972754543966,335376079,609246241,35.3469694778,-120.8438315615
Fremontodendron californicum,63609,-2487.957564495255,-4643.48283579929,3582.999782387052,40446827,64178464,34.2213324106,-118.1822090043
Fremontodendron californicum,63609,-2372.26011261621,-4742.336513590513,3531.625614307629,49474226,78536967,33.6644096626,-116.5756034386
Vaccinium macrocarpon,63749,1330.335908369466,-4409.739894752867,4401.608065378516,83622284,137359307,43.6998774064,-73.2124211421
Vaccinium macrocarpon,63749,1667.517743102753,-4267.537337009335,4426.879576332093,86795618,143047493,44.0150666667,-68.6571888889
Vaccinium macrocarpon,63749,1502.2872901839708,-4539.8043516830285,4209.876776803448,150634299,259774277,41.3598854083,-71.6898692932
Vaccinium macrocarpon,63749,1357.0707152236284,-4336.481405678104,4465.763229479136,228200601,404925943,44.5033305556,-72.6228638889
Vaccinium macrocarpon,63749,1938.4190690556347,-4181.596835417009,4398.469341535686,232832464,413705789,43.6608466667,-65.1294695
Vaccinium macrocarpon,63749,954.2359891754336,-4704.180720108393,4189.256564021866,298572141,537821889,41.113285201,-78.5332241599
Vaccinium macrocarpon,63749,2014.3952898239224,-3902.891336490822,4615.127729712095,345189693,628979324,46.4185527778,-62.7004305556
Vaccinium macrocarpon,63749,938.8755512028804,-4116.656561555643,4770.891382460074,376178303,687777579,48.4903360917,-77.1524411067
Vaccinium macrocarpon,63749,1586.965066552449,-4490.281675055121,4231.863122300128,376268827,687952832,41.6238570131,-70.5354629568
Vaccinium macrocarpon,63749,1508.9988820695162,-4360.318209308865,4393.210741264289,376632454,688639712,43.5955115806,-70.9105216384
Vaccinium macrocarpon,63749,914.9228539770336,-4784.946509437556,4105.722372831524,380568336,696258406,40.1235776279,-79.1752136126
Vaccinium macrocarpon,63749,1097.8584955846832,-4631.409301329168,4234.915316380205,381214322,697506282,41.6605874914,-76.6643904981
Vaccinium macrocarpon,63749,758.210563743454,-4352.952688456232,4589.844524901353,381765327,698574391,46.0897166667,-80.1191778333
Vaccinium macrocarpon,63749,916.5805185078012,-4861.658543965897,4014.2134328723473,53001668,84277913,39.0556568489,-79.3232080486
Vaccinium macrocarpon,63749,784.7840723894551,-4449.189918456501,4492.05700753077,6729304,8543149,44.8358315,-79.9966048
Phragmites australis,64237,121.34410531480206,-4568.204902570216,4439.204062207122,95040425,157732442,44.1693878174,-88.4784240723
Phragmites australis,64237,-309.2617557596882,-4469.014291233193,4530.123790897479,96157866,159710976,45.320640564,-93.9586334229
Phragmites australis,64237,4495.26479827372,233.737490619519,4508.626654376858,97773074,162662332,45.0463532,2.97649254
Phragmites australis,64237,3984.0785253804297,394.2055082644658,4955.953334176371,99781388,166412861,51.0679227825,5.6507505729
Phragmites australis,64237,-449.7994682524424,-5509.019863594456,3168.301392001552,101827693,170099321,29.8215163162,-94.6677216819
Phragmites australis,64237,-903.384508402256,-5628.750001051969,2844.437200100174,101941522,170314969,26.5171550021,-99.1179111667
Phragmites australis,64237,2421.522833711383,2237.2691894301192,5451.66092759982,104968936,176010376,58.8369575833,42.735151736
Phragmites australis,64237,3380.850146555568,3065.095778263911,4445.761271850005,109619047,184786743,44.2516586911,42.1956104783
Phragmites australis,64237,-3904.76342441595,3155.18863770808,-3922.672607993012,110384075,186201733,-38.003286096,141.0605478175
Phragmites australis,64237,-4649.065304982646,2546.489751230236,-3534.308258565376,114196830,192861795,-33.69340122,151.2886148117
Phragmites australis,64237,1076.7237457485628,3553.671867055092,5177.048905150481,127208507,215936621,54.3502350615,73.1437648688
Phragmites australis,64237,4250.498957524704,261.5041039866793,4738.631378927566,129843909,220716891,48.0544499355,3.5205796551
Phragmites australis,64237,1356.16301073147,-4278.103078418739,4521.991714767432,241514029,430441749,45.216725841,-72.4113321584
Phragmites australis,64237,1051.8996221323812,-4442.06450000183,4444.2460881974885,242312648,431982205,44.23263803,-76.67752409
Phragmites australis,64237,4919.123206034699,-29.893604953858965,4048.590666628475,295383679,531756330,39.4549186528,-0.3481832519
Cortaderia selloana,64240,2749.910189030133,-4249.784624875719,-3868.730763973585,104611440,175324751,-37.3901964205,-57.0942862018
Cortaderia selloana,64240,4752.638878001521,232.37688390353412,4236.528981231353,139948648,239471608,41.680015,2.799207
Cortaderia selloana,64240,4907.190481977801,-806.8188607771059,3982.2453501960736,152753689,263733377,38.6863908412,-9.3367880168
Cortaderia selloana,64240,4707.74586157855,241.59142804629647,4285.850629030604,185882047,324715866,42.2766830716,2.9377195676
Cortaderia selloana,64240,-2696.1775535263337,-3989.166767670703,4172.161098189987,190647340,334260719,40.9095383333,-124.0537721667
Cortaderia selloana,64240,-5063.6425808089925,416.50066811370334,-3843.930818440456,204204991,360907204,-37.1100068196,175.2978256029
Cortaderia selloana,64240,-4593.445395253798,591.7941915782711,-4374.904817857566,210724266,372684371,-43.3686216667,172.6587666667
Cortaderia selloana,64240,4613.747936134224,-310.3515385673462,4382.552342414578,213997027,378212947,43.4633041317,-3.8482999852
Cortaderia selloana,64240,4705.729540871731,-687.1998358896807,4239.530516861243,251765731,450550542,41.71616721,-8.30844225
Cortaderia selloana,64240,4573.295796955383,469.89591998147824,4410.659418682475,257138486,461211010,43.8125756451,5.8664269067
Cortaderia selloana,64240,-4421.021857431784,2554.9637980674465,-3810.049718357048,269913909,485364146,-36.7288842457,149.9758457547
Cortaderia selloana,64240,2716.337198352151,-4687.368116584002,-3352.587880154311,305383813,550610114,-31.7507862325,-59.9076406308
Cortaderia selloana,64240,-2467.4803461941096,-3669.577316595105,4586.4470113971565,36875387,58363711,46.0456777778,-123.9174944444
Cortaderia selloana,64240,3026.9229314658724,-4266.956990746153,-3636.010002154287,344084163,626894457,-34.7998777778,-54.6486138889
Cortaderia selloana,64240,-5023.6333578500335,299.632063179121,-3906.7994115757792,357832082,652701971,-37.8223474399,176.5866660699
Calochortus argillosus,64330,-2637.3897106590066,-4347.309906270517,3838.5967778121294,12390509,17855822,37.0498784493,-121.2440013885
Calochortus argillosus,64330,-2661.7654633902102,-4323.317836517372,3848.8544571120497,12842327,18632875,37.1655513047,-121.6196333617
Calochortus argillosus,64330,-2651.309670379289,-4333.324215303475,3844.816173303377,12884451,18706909,37.1199916667,-121.460045
Calochortus argillosus,64330,-2648.48349054582,-4353.242370055108,3824.2083099042407,163159615,282169323,36.88792024,-121.31605098
Calochortus argillosus,64330,-2673.2804494205648,-4311.617274565344,3853.995491187417,163716851,283192037,37.2235918664,-121.7996590279
Calochortus argillosus,64330,-2652.94474806712,-4474.42638979396,3678.470575619155,164673036,284948739,35.2662283333,-120.664245
Calochortus argillosus,64330,-2658.2609073731574,-4333.741039210447,3839.543030501447,26458149,41086179,37.0605416751,-121.5244162828
Calochortus argillosus,64330,-2701.165508041284,-4275.3389263558565,3874.9109786718777,26985727,41940332,37.4601833333,-122.2847583333
Calochortus argillosus,64330,-2701.739804785475,-4274.520638312596,3875.4133288663375,27443181,42700417,37.465875,-122.2952116667
Calochortus argillosus,64330,-2667.6695388154035,-4314.206260810574,3854.9859533514114,357040830,651156948,37.2347789847,-121.7303830545
Calochortus argillosus,64330,-2656.8523731717064,-4472.099043076748,3678.480494139032,360802718,658406880,35.2663375822,-120.7143416595
Calochortus argillosus,64330,-2693.4802567697384,-4290.376195336788,3863.6238609052616,361041174,658867966,37.3324133333,-122.1204305
Calochortus argillosus,64330,-2680.988816986167,-4308.126609675939,3852.544251254572,45422340,72023763,37.20720333,-121.89440333
Calochortus argillosus,64330,-2675.0620019052253,-4315.731385777895,3848.1500778233503,6484379,8201769,37.15760257,-121.792281456
Calochortus argillosus,64330,-2659.199113007099,-4270.65784755751,3908.9505952563727,6788325,8633362,37.8468427621,-121.9091729635
Crataegus marshallii,67818,-36.3690111453556,-5475.876123902085,3256.257222699832,72106784,117508481,30.737490285,-90.380534577
Crataegus marshallii,67818,67.80072118066356,-5313.241557617462,3514.913987893813,72443775,118114362,33.484025,-89.268905
Crataegus marshallii,67818,-63.66944959908093,-5168.464722957646,3724.6035679529073,73853659,120632305,35.7759764029,-90.7057813928
Crataegus marshallii,67818,-400.7596088434065,-5488.801201219535,3209.7050081102643,10056912,13843117,30.25163,-94.1759866667
Crataegus marshallii,67818,-517.6055069791845,-5491.07640998011,3189.0308133635526,10153660,14011441,30.0366266497,-95.3849620745
Crataegus marshallii,67818,-271.1706504321192,-5247.18106673733,3603.2361095125234,111147974,187595654,34.4417152405,-92.9583740234
Crataegus marshallii,67818,-488.6712290216103,-5477.766539676002,3216.368650576289,145942996,250798217,30.3210294137,-95.0978580621
Crataegus marshallii,67818,-382.5217491833761,-5443.234081935634,3288.560926960828,150405579,259341760,31.0760833333,-94.0198361667
Crataegus marshallii,67818,-295.56555820823456,-5313.855495756552,3502.189872165183,21845277,33840014,33.346932976,-93.183606974
Crataegus marshallii,67818,98.13264761242546,-5430.565333618107,3330.027517972678,21928401,33981102,31.512495,-88.9647533333
Crataegus marshallii,67818,-349.5186360749539,-5362.657802608847,3421.913374828793,202865553,358339580,32.4869155884,-93.729057312
Crataegus marshallii,67818,-406.7422361382728,-5449.576544767722,3275.122801626858,266948187,479668232,30.9350852966,-94.2684936523
Crataegus marshallii,67818,424.1540657218878,-5202.323694393907,3653.17322843535,268300875,482253688,34.9880638123,-85.3388900757
Crataegus marshallii,67818,70.10816674886509,-5467.07999597461,3270.454753126361,270608507,486685815,30.886155,-89.2652966667
Crataegus marshallii,67818,-12.0282986705945,-5452.773102799507,3294.9770771728854,343201595,625121390,31.1434778333,-90.1263888333
Impatiens walleriana,68185,3403.339854893643,-4655.093717576452,-2708.714352298929,84590667,139043667,-25.1609527778,-53.8294555556
Impatiens walleriana,68185,-1294.3946384245614,6224.474472173233,412.5690184186665,138088554,235950689,3.7129153064,101.7473714253
Impatiens walleriana,68185,1195.0292702211432,-6257.897191872225,-19.51688883692741,139670832,238928690,-0.1755196302,-79.1887673097
Impatiens walleriana,68185,4093.031091714247,-4143.183968349793,-2582.803944620492,150186660,258920162,-23.9161658863,-45.3488875199
Impatiens walleriana,68185,3754.317679037144,-4362.086763693733,-2732.59052193235,157631656,272518538,-25.3984172006,-49.2824055254
Impatiens walleriana,68185,571.1748515315943,-6238.805547616473,1157.936853928235,167924658,290951920,10.4717638889,-84.7690416667
Impatiens walleriana,68185,-4638.402406818631,2550.6641980986683,-3545.291016353135,242402073,432154539,-33.812195,151.1935416667
Impatiens walleriana,68185,1582.9232759293575,-6149.679392321139,515.3158292340725,267119687,479996814,4.6394083333,-75.565445
Impatiens walleriana,68185,3366.041328921723,-4606.2863362941325,-2835.779450122717,277160186,497680926,-26.4301731092,-53.8425523885
Impatiens walleriana,68185,-2424.3907286598583,5830.014397865377,-850.3027961543891,333748539,605931270,-7.6698323083,112.5798097328
Impatiens walleriana,68185,1311.1083419092408,-6229.394109365171,-255.72851944973087,340587359,619827847,-2.3004366667,-78.1143633333
Impatiens walleriana,68185,1715.6994361264665,-6011.758069980718,1226.741000608716,39409373,62520853,11.1016666667,-74.07175
Impatiens walleriana,68185,2979.479032608289,-5394.997663328252,1614.452859828278,347958245,634520033,14.679163008,-61.0895796344
Impatiens walleriana,68185,4322.214008378665,-3998.721815612639,-2432.785037112039,40436223,64172626,-22.4484722222,-42.7736388889
Impatiens walleriana,68185,3704.420470438229,-4252.352359777674,-2963.8693487009336,363965771,664414577,-27.7239391515,-48.9393734559
Prosartes trachycarpa,68917,-759.3986403942527,-3883.816701675455,4992.898423003575,81971806,134492738,51.5997178158,-101.0634030592
Prosartes trachycarpa,68917,-1983.5012796935848,-3536.9061197554365,4913.834643449847,116330114,196356395,50.4690133333,-119.2837616667
Prosartes trachycarpa,68917,-2050.413252000748,-3988.2691808573945,4525.402475661169,121350230,205336955,45.2602866667,-117.2081966667
Prosartes trachycarpa,68917,-1514.973137437224,-3474.244572076392,5120.960278689806,162064025,280185781,53.4936677607,-113.5600077966
Prosartes trachycarpa,68917,-1650.4390722975206,-3666.7731869392833,4941.718162122792,20266175,31282105,50.8646448821,-114.232827689
Prosartes trachycarpa,68917,-1764.3772655066662,-3982.051142067589,4649.730604733877,191985819,336933620,46.871845,-113.897295
Prosartes trachycarpa,68917,-1999.857405932956,-3585.508985963544,4871.801391393868,213728252,377728795,49.8787883333,-119.1510778333
Prosartes trachycarpa,68917,-1037.4484074780776,-3601.453417475177,5151.9886658702,220171008,389782564,53.9653484889,-106.0697767138
Prosartes trachycarpa,68917,-1310.5351191038355,-4675.297025180376,4124.784668029648,27016131,41990995,40.348142772,-105.6587451977
Prosartes trachycarpa,68917,-1621.120591534752,-4313.891862238658,4399.097425414733,28020901,43651897,43.668655,-110.595755
Prosartes trachycarpa,68917,-1516.7089172528454,-3472.356107880417,5121.727272128876,285357707,512911865,53.5052638889,-113.5954805556
Prosartes trachycarpa,68917,-968.0935046063208,-3909.193278872548,4936.674589684253,292542459,526454848,50.7928352425,-103.9091972941
Prosartes trachycarpa,68917,-1788.3085603029383,-4496.875168021929,4143.6480721765465,369130080,674245973,40.5711033333,-111.68663
Prosartes trachycarpa,68917,-1788.0615438917157,-4506.654621141196,4133.116641310733,45804283,72644376,40.44653333,-111.64121167
Prosartes trachycarpa,68917,-1640.5085967731966,-3659.9884235007,4950.047415271043,49350658,78339418,50.9834783893,-114.1432494334
Viola canadensis,70010,1178.3512648862466,-4393.379134716102,4460.8812139374,167417033,290017293,44.4418033333,-74.9860216667
Viola canadensis,70010,456.4193732009571,-4724.842758009,4249.387649713096,192985217,338906621,41.8350355413,-84.4823532184
Viola canadensis,70010,1015.124461287248,-4569.315142187237,4322.109969581076,281109629,504944202,42.718955,-77.474525
Viola canadensis,70010,1242.73079714539,-4538.756087166445,4294.771993565358,281606811,505884020,42.3852116667,-74.6874616667
Viola canadensis,70010,-1473.3081617530931,-4662.991576920225,4083.580015594184,286709562,515460217,39.863655,-107.5343333333
Viola canadensis,70010,-1420.090344692786,-3870.760967885064,4856.985286377265,288753286,519307104,49.6724583333,-110.1468888333
Viola canadensis,70010,-1074.1734162647565,-4488.181803864719,4392.280580396155,304787749,549485462,43.5839622509,-103.4596339613
Viola canadensis,70010,-510.4400261480948,-4076.490174074228,4869.438568260169,47130292,74826004,49.8458245274,-97.137177056
Viola canadensis,70010,1000.2469543236056,-4442.244270587722,4455.976324047777,48903290,77613398,44.3800530127,-77.3105077957
Viola canadensis,70010,-1324.6085163723355,-3637.354061865431,5060.120634595816,50110528,79570683,52.5836875309,-110.0100128353
Viola canadensis,70010,1170.701391529699,-4690.916676074561,4149.037493163138,50437874,80086275,40.6349413237,-75.9870696534
Viola canadensis,70010,-1446.833091131134,-4737.296289423252,4006.8005942774407,51269270,81438021,38.9698593268,-106.9833661184
Viola canadensis,70010,-794.5728135742935,-3697.800215063522,5126.858759814068,52097739,82798812,53.58292833,-102.12715283
Viola canadensis,70010,-1590.1484163065325,-4149.660597957222,4565.248959865888,52597036,83784319,45.77169459,-110.96681408
Viola canadensis,70010,-297.9467965126072,-4199.185493019088,4782.031161686773,54203802,86236551,48.6417246096,-94.0585329384
Viola orbiculata,71112,-1719.9056621497912,-3598.3993280361524,4968.218988628771,84932469,139649958,51.2437946923,-115.5461247813
Viola orbiculata,71112,-1708.3024174972484,-3665.634466708423,4922.862981693655,106914349,179710881,50.5967496354,-114.9870185069
Viola orbiculata,71112,-2431.5036607470656,-3863.368841452068,4444.313700938353,117046122,197627198,44.2334866667,-122.1852416667
Viola orbiculata,71112,-1715.4256313610774,-3706.815799512853,4889.436026928746,118829560,200812301,50.1255247402,-114.8335701227
Viola orbiculata,71112,-2378.472503514959,-3359.6284674299727,4862.665754556327,127138459,215658788,49.7514611111,-125.2968527778
Viola orbiculata,71112,-2135.023696975895,-3585.7598539363785,4813.912464194481,165003550,285565804,49.077525,-120.7703033333
Viola orbiculata,71112,-2137.39692361873,-3585.4325142404464,4813.103074567389,166375350,288105298,49.0664138889,-120.8005916667
Viola orbiculata,71112,-2062.141535796699,-3590.297078393613,4842.219770404658,166737137,288768155,49.4677,-119.8715583333
Viola orbiculata,71112,-1717.7489317677955,-3642.083370283018,4937.035594463132,170556020,295831953,50.7979715078,-115.2503976298
Viola orbiculata,71112,-1796.6395581503914,-3979.942773508477,4639.169639856281,201493431,355694146,46.733094445,-114.2955333333
Viola orbiculata,71112,-2134.9016042700528,-3585.8638314533755,4813.889160755272,225434580,399659104,49.0772050611,-120.7681327479
Viola orbiculata,71112,-1815.8878851079924,-3409.3166515788635,5066.444935816687,228964703,406380522,52.6773946235,-118.0408886075
Viola orbiculata,71112,-1694.4833471662218,-3818.046924121008,4810.509016836358,3497887,4068880,49.03082,-113.932076
Viola orbiculata,71112,-2355.116346056896,-3817.1415800025775,4524.666869994793,26768517,41583287,45.2508889904,-121.6739334223
Viola orbiculata,71112,-2304.581044601344,-3704.4670952351134,4642.799034942384,6532459,8276841,46.7807373074,-121.886100769
Agoseris aurantiaca,75302,-1301.876472437929,-4712.520236973831,4084.975372790161,90462932,149513782,39.8800055556,-105.4432972222
Agoseris aurantiaca,75302,-1821.043009637646,-3381.217190569705,5083.3970725218005,94901336,157479261,52.9295722222,-118.3058472222
Agoseris aurantiaca,75302,-2234.276143657328,-3690.369926809764,4688.169477190355,171155294,296967631,47.3799209595,-121.1921463013
Agoseris aurantiaca,75302,-1689.875895003389,-3821.081304009014,4809.720392841637,173859427,301975148,49.0200040871,-113.8574441895
Agoseris aurantiaca,75302,-2358.602487477668,-3810.243129493428,4528.663680368605,176641670,307124176,45.3019687,-121.7581815
Agoseris aurantiaca,75302,-1283.7517324851658,-4674.661793473173,4133.917238608066,177424438,308578719,40.455995,-105.3559633333
Agoseris aurantiaca,75302,-2506.466198339002,-4298.226033427639,3979.024163262441,185860169,324678455,38.6492885272,-120.2481583881
Agoseris aurantiaca,75302,-2054.140498462726,-3554.792492250527,4871.725595648017,229354686,407101529,49.8777305556,-120.0215138889
Agoseris aurantiaca,75302,-2165.061495234936,-3609.4567682760726,4782.685823831056,28737133,44815069,48.6506355329,-120.9566061855
Agoseris aurantiaca,75302,-2203.0929670180576,-3398.109608834212,4918.229924952839,30403645,47500679,50.5311562164,-122.9565107917
Agoseris aurantiaca,75302,-2133.834431250679,-3584.454364929782,4815.411784616386,31262419,48913923,49.0981138889,-120.7654416667
Agoseris aurantiaca,75302,-1833.251106341816,-4617.479598142684,3988.461567009269,297366464,535534245,38.758045,-111.654275
Agoseris aurantiaca,75302,-1880.874730371999,-4202.770757230417,4403.269392223733,310548714,560491100,43.7205466667,-114.1100471667
Agoseris aurantiaca,75302,-2283.1397586538856,-3158.4259975407504,5039.977300562972,351026029,640523433,52.286549,-125.862137
Agoseris aurantiaca,75302,-2399.983115931414,-3351.4812210862788,4857.716315062829,55448403,88293320,49.68261813,-125.60630887
Ambrosia salsola,75413,-2343.8628234359458,-4746.868119084705,3544.475032301617,71256723,115983205,33.8033633333,-116.278795
Ambrosia salsola,75413,-2448.7292684675126,-4586.069536660393,3682.586632293057,75097573,122815241,35.3115778706,-118.09996292
Ambrosia salsola,75413,-2332.2362837639525,-4784.737708625989,3500.958740977228,149516468,257654542,33.33368,-115.986105
Ambrosia salsola,75413,-2362.839429291499,-4798.209589678224,3461.781000378676,153400136,264941878,32.91298059,-116.2175669423
Ambrosia salsola,75413,-2132.612971520014,-4673.803572105775,3767.927177209415,167942904,290987470,36.257675,-114.5267716667
Ambrosia salsola,75413,-2353.801294218374,-4762.926014744065,3516.234971540948,2864773,3270269,33.4982699482,-116.2982272358
Ambrosia salsola,75413,-2318.438206216669,-4773.199591333956,3525.7854550329107,204317968,361125049,33.6013283333,-115.90677
Ambrosia salsola,75413,-2318.204718137131,-4673.089132198539,3657.5836254297847,210153105,371759551,35.036491394,-116.3848800659
Ambrosia salsola,75413,-2108.364793005265,-4964.169322077937,3391.3970529906373,251229863,449482729,32.1621473561,-113.0117340308
Ambrosia salsola,75413,-1907.5589529067715,-5041.631914978357,3396.015253901892,269081586,483762318,32.2112216667,-110.7247083333
Ambrosia salsola,75413,-1970.551795262732,-4916.406974768736,3540.5679220020024,271952386,489234252,33.761088,-111.841474
Ambrosia salsola,75413,-2195.1528373656724,-4631.604655309477,3784.084495250928,271958725,489246632,36.4380823821,-115.3586510104
Ambrosia salsola,75413,-2326.813179416688,-4739.734240972088,3565.194648645005,325988003,590323613,34.0279022085,-116.147177803
Ambrosia salsola,75413,-2018.307833516292,-4916.362781539638,3513.625423851558,337346293,613229748,33.4701319084,-112.319555422
Ambrosia salsola,75413,-2355.532229943424,-4728.695542692945,3560.99136588269,41002179,65015577,33.98230325,-116.47953586
Anchusa azurea,75429,4999.943508046553,1281.9420000078535,3734.560583875489,115580537,195067949,35.8864247784,14.3803752959
Anchusa azurea,75429,4839.99826618333,-372.8781337446345,4126.152179742637,117991835,199313083,40.3642815807,-4.4054200128
Anchusa azurea,75429,4744.8267780471215,-482.2475144895507,4224.19333255156,118152229,199597444,41.5316500057,-5.8034133333
Anchusa azurea,75429,4527.49320611326,906.376783924836,4389.76531534862,120534143,203875368,43.5527425865,11.320617618
Anchusa azurea,75429,4114.471132245972,2640.003250541812,4085.4942502371305,120842907,204429884,39.8860866667,32.685795
Anchusa azurea,75429,5046.101325523739,-528.4191798556814,3853.2308148598695,155954977,269626306,37.2149560995,-5.9781285748
Anchusa azurea,75429,4787.530132207151,699.1569755452256,4144.935208954715,2546134,2840423,40.586344,8.308576
Anchusa azurea,75429,4460.757639789051,722.1804092371165,4491.085599858365,164814826,285191126,44.8235134,9.1961866
Anchusa azurea,75429,3631.3031666214833,3690.553953091146,3712.573495715007,170083550,294948419,35.6427368916,45.4636454715
Anchusa azurea,75429,4530.428236114691,2334.1331496300822,3823.191803570692,217907592,385547847,36.8764913378,27.2580885887
Anchusa azurea,75429,4566.311767621355,1735.599340295532,4089.773208935416,223326646,395692255,39.9362555556,20.8111861111
Anchusa azurea,75429,4970.987866737615,-40.7932654477454,3984.641598427512,27226140,42338213,38.7140038196,-0.4701740461
Anchusa azurea,75429,5082.703132148762,-252.76074191983872,3833.0136977927336,247376434,441806036,36.9869937448,-2.8469502926
Anchusa azurea,75429,4549.886264124398,1972.1069990469407,3999.885260544312,252047582,451115099,38.8899136121,23.4338835234
Anchusa azurea,75429,4979.645534405007,-770.1687248670852,3898.682292338567,272016383,489350969,37.7299916667,-8.7918966667
Anoda cristata,75455,-692.5938165485011,-6034.337848618841,1922.715180072792,876581,1112494,17.565226,-96.547498
Anoda cristata,75455,-791.8199763192181,-5935.593956299772,2175.200827674742,71547428,116504141,19.9635170536,-97.5985077024
Anoda cristata,75455,-932.5796474242476,-5888.247101535585,2246.9077422416103,913735,1165722,20.651135,-98.999743
Anoda cristata,75455,-1265.2376486489975,-5800.566888172946,2311.352547308656,9466886,12881352,21.2717763259,-102.3048045114
Anoda cristata,75455,-1334.8720509713555,-5312.615334683804,3253.3041731285225,93638918,155221939,30.7065972497,-104.104416084
Anoda cristata,75455,1554.235135440198,-6147.287793678564,620.4506871066925,13863639,20463496,5.5886972323,-75.8111061062
Anoda cristata,75455,-1668.0882289723445,-5061.729470354356,3490.8637267856143,139671609,238932610,33.2250843029,-108.239587596
Anoda cristata,75455,-1033.0055740061634,-5649.25411816621,2758.3655526655166,149962164,258495550,25.6552928191,-100.3624503314
Anoda cristata,75455,-1487.516632701553,-5833.646655362018,2084.613656651328,257070925,461075322,19.0991010402,-104.3049684239
Anoda cristata,75455,-1564.9143573807105,-5750.4977599831245,2252.2370426245584,4235897,5061101,20.7023621598,-105.2235531346
Anoda cristata,75455,-355.9854039531987,-5321.177212639261,3485.412542804421,34781029,54781233,33.1665,-93.82737
Anoda cristata,75455,-754.2438441599195,-5983.544436271204,2053.792913706787,4550849,5504955,18.8060358,-97.184414
Anoda cristata,75455,-938.755570698861,-5937.998897138843,2109.1847253707224,463406,584346,19.333112,-98.983705
Anoda cristata,75455,-959.9411817320632,-5929.466692660729,2123.603258125049,326987441,592313412,19.4705878183,-99.1960183159
Anoda cristata,75455,1208.345791070601,-4823.3361026140265,3983.099599570607,61983109,99249398,38.696233494,-75.9356781552
Arenaria serpyllifolia,75553,3395.736289563164,2907.8000047462683,4539.099835189664,119262293,201587865,45.435561575,40.5737460125
Arenaria serpyllifolia,75553,-2056.213335506605,-3351.405137992081,5012.96553445189,124836195,211638397,51.8911916,-121.53068427
Arenaria serpyllifolia,75553,4600.778994414125,307.6089084855127,4396.357871426704,153316070,264788251,43.63460433,3.82511309
Arenaria serpyllifolia,75553,3622.474031495207,3599.8442608710766,3809.0098868726855,162009908,280084882,36.7172173633,44.8204750812
Arenaria serpyllifolia,75553,495.75748391349873,-4904.515730739892,4036.050432507768,165996897,287410547,39.3090109723,-84.228042194
Arenaria serpyllifolia,75553,3775.974015108496,-602.356334772679,5095.972940750577,185263398,323529783,53.1176021315,-9.0636511875
Arenaria serpyllifolia,75553,4263.417091513188,645.5135620248352,4690.025594249211,22649922,35095583,47.4045783333,8.6096216667
Arenaria serpyllifolia,75553,-2409.048560249156,-3755.921168069181,4547.44921283226,22967106,35622259,45.5426698085,-122.6761202888
Arenaria serpyllifolia,75553,4512.608648906818,-50.47639257942866,4497.062201624632,205943231,364189426,44.8993425092,-0.6408629412
Arenaria serpyllifolia,75553,5097.165250122109,586.0070408848934,3776.937289743951,211143964,373340622,36.3582274323,6.5583441081
Arenaria serpyllifolia,75553,3417.0842301013595,1496.9998319761823,5164.52127472947,229510447,407396390,54.1573825944,23.6578774614
Arenaria serpyllifolia,75553,2866.5443801954107,1337.8213394480135,5530.181779088737,243299695,433829033,60.2296987087,25.0185451048
Arenaria serpyllifolia,75553,784.7787346290662,-4615.09030902546,4321.436903032454,245508735,438115125,42.7107166667,-80.34938
Arenaria serpyllifolia,75553,3562.985284686219,2714.958630735892,4530.329858208958,289888564,521319753,45.3232762441,37.3070328225
Arenaria serpyllifolia,75553,2774.126284189326,-4427.374452361079,-3645.86504791768,326966130,592268618,-34.9078806205,-57.9293602675
Aruncus dioicus,75600,-2853.990732410599,1597.4344997933383,5467.421060048499,72596113,118389638,59.111945264,150.7634062215
Aruncus dioicus,75600,3332.886472043266,705.5067324718007,5383.668000962298,84717666,139266082,57.6747203027,11.951960961
Aruncus dioicus,75600,2870.777851907329,1341.2918629128865,5527.14427106435,85741970,141128048,60.1747284802,25.0430372357
Aruncus dioicus,75600,788.139045686168,-5065.105910873413,3783.291171186476,121503557,205609644,36.4292146078,-81.1556045339
Aruncus dioicus,75600,-2826.5472719005465,-1534.8875798295337,5499.500319726698,124293424,210657372,59.6786109333,-151.4969061469
Aruncus dioicus,75600,924.673957042264,-4826.198721451946,4054.9398397387904,150540640,259603636,39.5289089978,-79.153874293
Aruncus dioicus,75600,1246.8513612740528,-4625.221951771308,4200.290074437632,167615880,290383325,41.2451208583,-74.9130408474
Aruncus dioicus,75600,1605.6471257894243,-4269.515974602529,4447.795384202764,171292305,297217742,44.2772033333,-69.390105
Aruncus dioicus,75600,-2419.167691337044,-3613.860458346701,4655.898774508161,171532069,297663829,46.9530488974,-123.7988939881
Aruncus dioicus,75600,3961.74959382532,1402.2811181741938,4788.308777753841,207598358,367221701,48.7272372515,19.4916723745
Aruncus dioicus,75600,3593.0140710341634,-209.15891115966048,5257.019646616365,233353412,414702283,55.6034112084,-3.3315799442
Aruncus dioicus,75600,3908.754812301238,1214.29294762514,4882.302897643405,292607313,526584393,50.02556838,17.25791854
Aruncus dioicus,75600,3516.1466051674206,2943.329045729979,4423.0397137273485,312955999,565095807,43.9670678358,39.9323439166
Aruncus dioicus,75600,4489.947154672677,851.055085757061,4439.125242537229,372297821,680265156,44.1683995946,10.7329029234
Aruncus dioicus,75600,-2618.4497731467964,-4041.992134160972,4170.8240795513975,51437804,81724439,40.89363,-122.93563833
Astragalus canadensis,75631,-386.02106336042704,-4509.04541317018,4484.333878101461,8241970,10930122,44.7379696282,-94.8931821107
Astragalus canadensis,75631,-452.0776095406971,-3935.4646716611833,4989.739149768868,87762095,144727364,51.554,-96.553
Astragalus canadensis,75631,137.40171370837555,-5335.650372121464,3478.751069741484,13743561,20255690,33.0949617271,-88.5248660949
Astragalus canadensis,75631,-346.821534518653,-4205.332574949116,4773.326501187972,174471732,303110410,48.5233904561,-94.7146189493
Astragalus canadensis,75631,-1738.2675049846189,-3589.398213002413,4968.33973066326,220897989,391131114,51.2455293,-115.8398977
Astragalus canadensis,75631,-575.4888026525695,-4681.123884283,4283.181638419528,227529795,403653459,42.2442510633,-97.0086702611
Astragalus canadensis,75631,62.32997463818749,-4628.317248621398,4377.733151992329,228920367,406291227,43.4036214568,-89.2284391024
Astragalus canadensis,75631,-428.8330965835514,-4442.266354808083,4546.660855825086,29449523,45961083,45.53254782,-95.51394834
Astragalus canadensis,75631,249.2760839200685,-4751.338270220333,4237.027166021309,259897094,466629039,41.686014016,-86.9967650995
Astragalus canadensis,75631,172.46851336795086,-4676.725302523859,4322.990653044164,298739055,538144439,42.7297362162,-87.8880004177
Astragalus canadensis,75631,-491.2267148072241,-4449.503830550714,4533.251052638896,368711345,673453685,45.3606526446,-96.2999607995
Astragalus canadensis,75631,-351.961636225705,-4540.963422436596,4454.8319084333225,382161413,699335194,44.3656547142,-94.4320284139
Astragalus canadensis,75631,675.3407697246766,-5133.003392028063,3712.942788658817,392064111,718458025,35.6468237,-82.5047394
Astragalus canadensis,75631,-325.92871092823947,-4395.940294215299,4599.916579109277,54003932,85908107,46.2204788,-94.240329
Astragalus canadensis,75631,-501.35475668911744,-4538.312743439183,4443.209873544142,7275168,9406200,44.219633583,-96.3039958478
Atriplex hymenelytra,75706,-2269.833596112278,-4598.155719386446,3780.816387489764,110139998,185749399,36.4015579876,-116.2727893331
Atriplex hymenelytra,75706,-2346.304709557789,-4780.791672722313,3496.94700011501,152290532,262876672,33.2905080815,-116.140762791
Atriplex hymenelytra,75706,-2150.124297984045,-4670.400255870453,3762.190862099004,156120592,269921861,36.1937253876,-114.7200476379
Atriplex hymenelytra,75706,-2383.535087283392,-4594.308113054271,3714.949068249805,194699513,342311095,35.66903,-117.4203633333
Atriplex hymenelytra,75706,-2302.6576252979344,-4581.374837369017,3781.339126533976,195037975,343010998,36.4073989689,-116.684687803
Atriplex hymenelytra,75706,-2080.87856578587,-4652.674665049418,3822.605915515968,199853320,352502490,36.86990479,-114.09627103
Atriplex hymenelytra,75706,-2313.7259565340214,-4575.102688171292,3782.176717239159,238171678,423980500,36.4167589552,-116.8266864497
Atriplex hymenelytra,75706,-2311.0228164265754,-4694.215138519977,3635.006314289301,250482143,447984745,34.7888861648,-116.2116196445
Atriplex hymenelytra,75706,-2318.893043110734,-4774.207390457425,3524.121447565587,254346576,455562518,33.5833633333,-115.9064333333
Atriplex hymenelytra,75706,-2341.798237497476,-4552.678902304293,3791.945273476996,254462897,455797628,36.526005,-117.2202966667
Atriplex hymenelytra,75706,-2129.4356149537475,-4673.855157513914,3769.6598066701695,263452834,473285054,36.277001,-114.494286
Atriplex hymenelytra,75706,-2168.641064586121,-4662.937986974826,3760.818845982263,264449098,474879723,36.178437613,-114.942215149
Atriplex hymenelytra,75706,-2292.7189426723144,-4674.851579750314,3671.369728983309,337001519,612521480,35.1880528249,-116.1250287697
Atriplex hymenelytra,75706,-2320.552368658724,-4669.919597431294,3660.142181325331,339404362,617420717,35.0645983193,-116.4234636067
Atriplex hymenelytra,75706,-2342.076862690064,-4748.119261915918,3543.9797648339268,345328132,629314580,33.7980033333,-116.25547
Berberis darwinii,75751,1441.4231970513758,-4572.767919960696,-4195.455380153383,95623550,158768316,-41.1873200735,-72.5041598082
Berberis darwinii,75751,1472.7066361874126,-4728.248900034158,-4008.060707216491,96324629,160010122,-38.9844367612,-72.6997669414
Berberis darwinii,75751,3781.4335509155367,-174.0331542729863,5124.473230577124,109844287,185207057,53.5468059097,-2.6350678504
Berberis darwinii,75751,3884.470441229636,-637.1416279147634,5009.460356851704,110787314,186946047,51.8401431727,-9.3148697352
Berberis darwinii,75751,3892.166110808617,-128.91443756463127,5042.239300483245,110824931,187017820,52.3198166842,-1.8970295113
Berberis darwinii,75751,4030.437748882803,-122.2719416378711,4932.582919155649,111110708,187529333,50.7346596011,-1.7376569565
Berberis darwinii,75751,3953.108658292542,33.9942120624812,4996.151464773284,111768905,188724300,51.6468407,0.492695
Berberis darwinii,75751,-4775.620506006739,425.1108341452912,-4195.531276367472,111891476,188944332,-41.18822705,174.9131164
Berberis darwinii,75751,1399.8162300582785,-4696.485014710376,-4071.031338413368,122723712,207817318,-39.7167863087,-73.4029888362
Berberis darwinii,75751,1554.7626562035928,-4836.812822951722,-3844.17844646707,141554543,242533406,-37.1127993841,-72.1803292532
Berberis darwinii,75751,1319.260632731921,-4491.518759592093,-4321.523313003589,154664521,267266775,-42.7117742634,-73.6312935501
Berberis darwinii,75751,-4775.400842409295,417.98562252839065,-4196.497103937232,186008706,324970752,-41.19977,174.9977116667
Berberis darwinii,75751,-4310.117120420332,801.382319341433,-4622.816232145069,265013653,475948774,-46.5189437241,169.4672398736
Berberis darwinii,75751,-2718.105124541064,-4217.615775890626,3925.98711518257,306770196,553249406,38.0411245,-122.8003574
Berberis darwinii,75751,-4260.355945986636,896.028105734229,-4651.478687138971,6005155,7512098,-46.894846,168.12279
Calystegia silvatica,75968,4879.336276906532,1315.318915272231,3879.660652385517,78554022,128575304,37.5140148415,15.0865682539
Calystegia silvatica,75968,4643.450995070575,1011.5336892738384,4243.21995441193,84349172,138622815,41.760632785,12.2893706253
Calystegia silvatica,75968,5113.086899081156,-1583.6465206484452,3455.1641335485288,87630245,144496383,32.842125,-17.209016
Calystegia silvatica,75968,-2253.2083054818067,-3448.705022078371,4859.962873569783,90484266,149553988,49.7138539745,-123.1585568036
Calystegia silvatica,75968,-3930.157383787661,3446.606279468115,-3642.0490417713663,102565779,171481127,-34.8660436436,138.7504057901
Calystegia silvatica,75968,-4570.350957238283,569.3518742249132,-4401.986335810816,19748113,30428745,-43.704583,172.898956
Calystegia silvatica,75968,3996.048686805624,-295.188812064575,4953.2021549285055,27578687,42924466,51.028566552,-4.224775767
Calystegia silvatica,75968,3783.1032040347054,-195.86900764577663,5122.45240184266,28959233,45170193,53.51623,-2.963825
Calystegia silvatica,75968,-4734.886721345785,658.2603369095835,-4211.566714959229,261284878,469383800,-41.3801370097,172.0852729719
Calystegia silvatica,75968,-4260.050036714212,895.3092441390082,-4651.897265818315,268192416,482049745,-46.900355058,168.1312204152
Calystegia silvatica,75968,-2545.2401727149627,-3762.549039210815,4467.071783664229,306874261,553448539,44.5198330796,-124.0770533123
Calystegia silvatica,75968,4748.085540983827,-706.7168864439917,4188.793151683748,36174175,57149874,41.1077538426,-8.4658936974
Calystegia silvatica,75968,-5012.597959486783,254.0200998921229,-3924.167251160069,37208176,58947754,-38.0203465191,177.098941505
Calystegia silvatica,75968,4792.98477903705,128.88099743498037,4195.287800151112,357279441,651609231,41.1853175,1.5402841
Calystegia silvatica,75968,3893.574833346868,-267.6386445369736,5035.692375707214,56410308,89896014,52.2235981283,-3.9322426794
Camissoniopsis bistorta,75975,-2411.585787773312,-4729.058067972915,3522.785390515224,71284251,116035575,33.5689416667,-117.0193333333
Camissoniopsis bistorta,75975,-2388.3333031902907,-4759.693105889118,3497.27589708064,139080414,237813328,33.2940466667,-116.6467216667
Camissoniopsis bistorta,75975,-2446.909697376376,-4686.558790198994,3555.0742282787046,149414378,257460865,33.9181531,-117.5696124
Camissoniopsis bistorta,75975,-2352.5794445231068,-4717.738282418547,3577.438830432646,151680471,261748922,34.16087216,-116.50390913
Camissoniopsis bistorta,75975,-2449.1891684588613,-4754.40023496265,3462.210847503128,203851042,360227041,32.9175854954,-117.2548777478
Camissoniopsis bistorta,75975,-2397.55848932963,-4748.608769533889,3506.02070356504,24079208,37229908,33.3881843191,-116.7890747745
Camissoniopsis bistorta,75975,-2488.016866658468,-4684.482574205071,3529.185205237809,215014642,380104636,33.6380444452,-117.9736124352
Camissoniopsis bistorta,75975,-2447.129725702852,-4744.984170683458,3476.554969394607,226601565,401904686,33.071390332,-117.281506528
Camissoniopsis bistorta,75975,-2355.790775556037,-4727.778289022055,3562.038096558516,250935519,448890278,33.9936563307,-116.4864823132
Camissoniopsis bistorta,75975,-2471.885401249072,-4658.930129353727,3574.0601201671484,271619522,488602510,34.124159,-117.94905
Camissoniopsis bistorta,75975,-2471.080572004813,-4696.285130107786,3525.3964192791555,285441880,513053356,33.5971278804,-117.7523451699
Camissoniopsis bistorta,75975,-2399.192128278045,-4725.589872131172,3535.8776310411804,328292804,594809770,33.7103660927,-116.9170028783
Camissoniopsis bistorta,75975,-2432.829776005083,-4768.007571364109,3455.0247770566007,353885494,645637024,32.8406333333,-117.0325083333
Camissoniopsis bistorta,75975,-2477.7951338187213,-4657.452312141974,3571.893386514368,42796454,67962581,34.1006236,-118.0132699
Camissoniopsis bistorta,75975,-2375.78935596073,-4748.3130527287085,3521.207352466949,43428584,68903039,33.5519111111,-116.5808111111
Cistus salviifolius,76365,-2445.370481640425,-4756.020785298084,3462.6843094645096,153594016,265300005,32.9226579191,-117.2105563247
Cistus salviifolius,76365,5046.67026519019,-575.3344391879019,3845.759046951194,153666629,265438028,37.1306266469,-6.5037992969
Cistus salviifolius,76365,4430.742982190529,3114.254305216514,3355.546137052392,166851784,288965992,31.7820778899,35.1023887993
Cistus salviifolius,76365,4203.289975920289,2255.9301184715487,4222.90016559454,170278763,295567768,41.51611637,28.22271343
Cistus salviifolius,76365,5038.68318704025,-691.8595659439627,3837.02426514704,179723926,312936981,37.0321612758,-7.818369464
Cistus salviifolius,76365,4716.674856273981,1951.961730868285,3812.161700544186,269950002,485431609,36.75258609,22.48186343
Cistus salviifolius,76365,5000.396539913261,-74.16356348445522,3947.187269328909,275459948,494981091,38.2836101176,-0.8497221395
Cistus salviifolius,76365,4667.366752277266,178.9192673124682,4332.831478975217,283884119,510137977,42.8503341675,2.195306778
Cistus salviifolius,76365,4210.23178364971,2339.465767948446,4170.203997194933,283925727,510213052,40.8862533333,29.0592638333
Cistus salviifolius,76365,-4767.872914267879,438.05347570111206,-4203.00489596364,305477896,550782247,-41.2776001039,174.7506256117
Cistus salviifolius,76365,4579.406136880752,557.2959515721361,4394.111262307505,349827968,638205665,43.606695,6.938555
Cistus salviifolius,76365,4683.602822161262,1167.1393529726904,4158.293335572056,356013655,649233717,40.74472,13.9929283333
Cistus salviifolius,76365,4932.416900284698,-702.9704448471457,3970.7491994754246,357116032,651307504,38.5540636629,-8.1111981254
Cistus salviifolius,76365,4535.212634554116,1604.0902462112883,4177.139448362716,358670080,654316896,40.9688062492,19.4785246484
Cistus salviifolius,76365,4968.789265558999,11.989348222848708,3987.573525299852,379440908,694072662,38.7478041665,0.1382505239
Delphinium cardinale,76623,-2423.160551103207,-4786.974481472693,3435.5380054634647,85139056,140031867,32.6322934394,-116.8484763769
Delphinium cardinale,76623,-2483.744382198556,-4646.776705334689,3581.652303662857,118997911,201118803,34.2066782587,-118.124908767
Delphinium cardinale,76623,-2482.5349900807373,-4648.89070231692,3579.746972987556,167277559,289760112,34.185961681,-118.1024793308
Delphinium cardinale,76623,-2482.283417971405,-4648.412308803454,3580.5425803788694,172377750,299236927,34.1946116667,-118.1025166667
Delphinium cardinale,76623,-2421.9575858637763,-4833.971638700692,3369.9544178210613,172912606,300229469,31.9346366667,-116.612175
Delphinium cardinale,76623,-2514.264945314131,-4660.283565114523,3542.595377285618,226324197,401377435,33.7830226689,-118.3472610934
Delphinium cardinale,76623,-2530.638513923529,-4620.4038491733945,3582.944335608359,27417103,42658537,34.2207293634,-118.709933889
Delphinium cardinale,76623,-2550.493962636768,-4617.552404458297,3572.52620260681,240374331,428240185,34.1074966705,-118.9139598852
Delphinium cardinale,76623,-2525.91860220471,-4622.631047718795,3583.4020903855985,27939908,43519160,34.2257081,-118.6532709
Delphinium cardinale,76623,-2482.137440286317,-4649.367150081971,3579.4038555246843,28656107,44686101,34.1822315204,-118.0962272075
Delphinium cardinale,76623,-2485.348464968428,-4642.3754605750855,3586.24402689036,256452669,459810411,34.2566248053,-118.1628760625
Delphinium cardinale,76623,-2524.315801171325,-4633.019390814983,3571.0942566623144,281223036,505162096,34.0919449788,-118.5839022417
Delphinium cardinale,76623,-2485.166013573319,-4641.380488921391,3587.6580343891987,300021293,540546791,34.2720116667,-118.1662361667
Delphinium cardinale,76623,-2393.607321656096,-4753.354216084805,3502.2879401643418,49539323,78645251,33.3479887527,-116.7280766276
Delphinium cardinale,76623,-2592.9904792174966,-4567.072547994351,3606.660761108709,51163089,81272239,34.4790687086,-119.586076364
Eriogonum pyrolifolium,77025,-2473.653593279881,-3955.99302053104,4338.307302582502,91580477,151509170,42.9175416667,-122.0174416667
Eriogonum pyrolifolium,77025,-2286.0403483734603,-3703.63859152033,4652.615806047957,174996326,304086219,46.9098133333,-121.6846166667
Eriogonum pyrolifolium,77025,-2547.2926167713363,-4046.962391380527,4209.887036129507,178080948,309812876,41.3600083333,-122.187675
Eriogonum pyrolifolium,77025,-2481.4018157487826,-3947.144124325157,4341.940973836641,227049030,402747436,42.96218,-122.1558305
Eriogonum pyrolifolium,77025,-2214.5943065473234,-3695.1666045081975,4693.726552752404,232396450,412866721,47.4537777778,-120.9351805556
Eriogonum pyrolifolium,77025,-2482.9583294911363,-3947.6378633721474,4340.602073832456,237906061,423469941,42.9457283333,-122.1687916667
Eriogonum pyrolifolium,77025,-2272.118839418104,-3709.6214717843895,4654.668371142566,4155679,4949055,46.936840819,-121.4871963006
Eriogonum pyrolifolium,77025,-2409.2035556540163,-3890.6352499532536,4432.657070981542,4404332,5290180,44.0873594795,-121.767092496
Eriogonum pyrolifolium,77025,-2294.03083183388,-3693.7472047033566,4656.544562228428,38170722,60625784,46.9615578104,-121.8426745341
Eriogonum pyrolifolium,77025,-2352.635711244173,-3732.529983386749,4595.985015529856,377643498,690610949,46.1693996329,-122.2234733511
Eriogonum pyrolifolium,77025,-2287.564371739577,-3703.8157674951617,4651.725608339272,385276833,705125152,46.8980957464,-121.7004605774
Eriogonum pyrolifolium,77025,-2276.1773609000943,-3713.926837397762,4649.249100431163,387513241,709609317,46.8655111718,-121.5031410115
Eriogonum pyrolifolium,77025,-2482.919019830674,-3947.347844395847,4340.888303790363,387973607,710504543,42.949245,-122.17028
Eriogonum pyrolifolium,77025,-2272.6857755696774,-3708.68597188336,4655.137039567821,392513238,719339525,46.943014,-121.500001
Eriogonum pyrolifolium,77025,-2285.4542048945805,-3703.297033993699,4653.175612957304,56596157,90203012,46.91718333,-121.68041167
Eschscholzia parishii,77085,-2365.983046152671,-4746.303254032261,3530.507438847613,72748279,118665655,33.6523283333,-116.49578
Eschscholzia parishii,77085,-2307.034669157818,-4771.718304996384,3535.2579230862,99845079,166533740,33.7036666667,-115.80288
Eschscholzia parishii,77085,-2305.5471012544426,-4776.4422582198185,3529.8449041659933,147782541,254356584,33.6451707759,-115.7661991742
Eschscholzia parishii,77085,-2350.9116636763906,-4776.793102689439,3499.3163808616014,149337806,257314880,33.3160033333,-116.20423
Eschscholzia parishii,77085,-2362.684533022982,-4769.733566091173,3501.016514613232,149461981,257552767,33.334301881,-116.3514858561
Eschscholzia parishii,77085,-2347.323767641379,-4754.969060779898,3531.3019540346927,150183144,258912713,33.6609125,-116.2735725
Eschscholzia parishii,77085,-2367.9721586094124,-4772.648810762423,3493.4630833681567,153074693,268876694,33.2530336086,-116.3885248368
Eschscholzia parishii,77085,-2361.108364208716,-4740.462916078026,3541.6001698992086,155947446,269612739,33.772255,-116.47677
Eschscholzia parishii,77085,-2351.1457604659463,-4757.349225649579,3525.5489059055453,159516126,275603700,33.5987742674,-116.2991997623
Eschscholzia parishii,77085,-2296.8095800935507,-4783.0067335035,3526.650743939369,277170194,497698573,33.6106716667,-115.6504133333
Eschscholzia parishii,77085,-2367.0160711611875,-4794.8995476209975,3463.5135883616863,336353887,611209028,32.93154308,-116.2733836
Eschscholzia parishii,77085,-2367.3453594290413,-4720.322134789172,3564.265425397863,337000950,612523165,34.0178195,-116.6347716667
Eschscholzia parishii,77085,-2343.9845233552646,-4782.399256632624,3496.30476848174,40716965,64533088,33.2835987587,-116.1107361494
Eschscholzia parishii,77085,-2326.626974411226,-4733.702980981706,3573.3200443655214,44666264,70814131,34.1161194444,-116.1742333333
Eschscholzia parishii,77085,-2343.7709119508363,-4745.471420866843,3546.405509203172,6001578,7506312,33.824259,-116.284597
Geum aleppicum,77265,2199.0810271695163,2893.326487834956,5232.825011445838,93286603,154590374,55.2201148043,52.7632468436
Geum aleppicum,77265,3.850585002238015,-4633.727907224831,4372.448282653365,105295712,176634403,43.3382391577,-89.9523877485
Geum aleppicum,77265,1400.277769771446,-4126.004986453275,4648.124153776881,151831568,262035594,46.8507162534,-71.2538874486
Geum aleppicum,77265,2011.0613045437528,-4061.405981458732,4477.76361734465,167748789,290632510,44.6548462793,-63.6570514789
Geum aleppicum,77265,-1713.6371609242367,-3616.2232940676,4957.431784484768,170714799,296131818,51.0890861717,-115.355095
Geum aleppicum,77265,727.1182563798383,-4481.744175901672,4469.3423803383,19667929,30291570,44.5484792748,-80.7846269925
Geum aleppicum,77265,1188.7645181993817,-4620.23185239547,4222.5643488356645,223658163,396318857,41.5120831192,-75.5710278384
Geum aleppicum,77265,391.35227559379433,-4392.630797339447,4597.976859916762,225023534,398907151,46.19527189,-84.90879424
Geum aleppicum,77265,484.28152472327054,3967.6411010989727,4961.153961263374,380914512,696920316,51.1424104912,83.0410257582
Geum aleppicum,77265,-2602.254583661102,4444.166705381041,3750.654143782767,380928402,696954736,36.0652695,120.350845
Geum aleppicum,77265,-277.47930125808585,-4607.270074079401,4391.562459027897,383416799,701752934,43.5750472222,-93.4465555556
Geum aleppicum,77265,2599.493113781806,2736.3461008313625,5132.718451029961,49867428,79173138,53.6717889327,46.4691934308
Geum aleppicum,77265,2546.457590619294,2448.6004844332338,5301.854631776332,50647604,80433181,56.323795,43.8776743
Geum aleppicum,77265,-339.1912168397117,-4287.372906294224,4700.333606295458,50925869,80888218,47.54172464,-94.52347644
Geum aleppicum,77265,-509.6601158721269,-4079.807611153318,4866.741163442135,52395345,83288467,49.8082204202,-97.1206490323
Leptosiphon ciliatus,77684,-2391.400126307511,-4702.894695478949,3571.237887457208,78721215,128864611,34.0935047564,-116.9531250625
Leptosiphon ciliatus,77684,-2384.725437925439,-4726.076257023661,3545.002246569949,80678093,132246291,33.8090694444,-116.7750027778
Leptosiphon ciliatus,77684,-2703.96183578862,-4352.612785066336,3785.908802857399,117727611,198853316,36.4584783333,-121.8496783333
Leptosiphon ciliatus,77684,-2488.583080712865,-4430.572476876069,3842.750955658635,13558676,19934771,37.0967026195,-119.3222391141
Leptosiphon ciliatus,77684,-2480.529101170601,-4338.669102290604,3951.288261915605,121532871,205667966,38.3306103575,-119.7577179855
Leptosiphon ciliatus,77684,-2483.221596166442,-4254.708885519794,4039.902960900044,172559930,299575552,39.3538033333,-120.2695783333
Leptosiphon ciliatus,77684,-2642.8434256196706,-4323.167376091121,3862.0403410163567,213562563,377430308,37.3145053053,-121.4383246946
Leptosiphon ciliatus,77684,-2495.5317677713247,-4421.807641022317,3848.336200427168,216475354,382859319,37.1597028333,-119.4390416667
Leptosiphon ciliatus,77684,-2457.232381436411,-4485.31318689275,3799.174616779778,229822055,407995454,36.6069533333,-118.715675
Leptosiphon ciliatus,77684,-2473.0290161898374,-4465.796070064587,3811.8953389824646,27126394,42171497,36.7495964283,-118.9764188722
Leptosiphon ciliatus,77684,-2435.591636313208,-4425.87828505031,3881.912919775341,28335710,44163626,37.539555,-118.824295
Leptosiphon ciliatus,77684,-2450.677692366753,-4697.744120344781,3537.673268912695,363213124,662988357,33.729781,-117.549751
Leptosiphon ciliatus,77684,-2385.888701719071,-4723.388830724256,3547.8001897621098,364402656,665230514,33.8393583333,-116.7993555556
Leptosiphon ciliatus,77684,-2463.2066671186653,-4485.219859454984,3795.414187818006,373919671,683400687,36.564836508,-118.7748439237
Leptosiphon ciliatus,77684,-2590.556617862907,-3968.17134326696,4258.213913109466,51330370,81539537,41.9416601345,-123.1378626787
Medicago minima,77971,-696.580794364346,-5316.707053498277,3440.5165940425068,109409847,184394169,32.685475,-97.464225
Medicago minima,77971,3903.3788032487255,764.6173469061688,4976.821009523665,118415463,200066307,51.3675375152,11.0831065462
Medicago minima,77971,4460.9446858013125,588.096596155703,4510.417722726859,163176495,282198865,45.0691555601,7.5101261444
Medicago minima,77971,4056.4367250028527,1377.0835638058834,4715.794215614295,192978133,338892121,47.7481008753,18.7513784961
Medicago minima,77971,-878.4337605927496,-5443.865085284227,3190.993605626886,198352184,349583550,30.05701881,-99.16635792
Medicago minima,77971,-725.610775505864,-5525.815979365988,3086.843030400272,201068384,354867394,28.9806366667,-97.4808716667
Medicago minima,77971,3147.6603761418605,3542.831806623119,4257.972531161219,206262114,364795689,41.9387417799,48.3802267537
Medicago minima,77971,4100.560076672668,1213.2243551503066,4722.6313482364685,25526670,39546553,47.8396277287,16.481797702
Medicago minima,77971,3793.4763443001993,906.1531705144184,5037.675732565455,236175372,420134148,52.252725,13.4345777778
Medicago minima,77971,4421.580350740421,1260.884411458195,4410.16449042044,265034172,475988790,43.8064078102,15.9163484909
Medicago minima,77971,-739.0065596806115,-5430.167161635711,3249.139429313496,269203311,483997016,30.663045,-97.74993
Medicago minima,77971,4369.00817706274,3083.9564204434087,3462.763849187845,271680860,488713002,32.9235100946,35.2171609985
Medicago minima,77971,4095.547128577774,587.5232015769208,4844.694348964091,334916722,608311313,49.501956,8.163621
Medicago minima,77971,-607.4287015728727,-5359.618003028526,3390.4687528121312,336483135,611468306,32.1522861667,-96.4659883333
Medicago minima,77971,-1793.2529360915305,-4464.25048459951,4176.6571139644175,362601931,661822895,40.9630616667,-111.884925
Oenothera suffrutescens,78250,-945.439033817924,-4058.3803221965127,4819.278714021321,66463732,107149791,49.1512546004,-103.1137179791
Oenothera suffrutescens,78250,-1033.034123364801,-5211.405054848539,3516.226810650935,74487237,121728941,33.4981819373,-101.2121462139
Oenothera suffrutescens,78250,-811.4160966529913,-5958.825995883662,2103.271213740857,77481293,126718222,19.2767621718,-97.7542997897
Oenothera suffrutescens,78250,-2608.116668261207,-4560.317297769453,3604.3011414253688,80785139,132434955,34.45333,-119.7659133333
Oenothera suffrutescens,78250,-1333.3114409842378,-5336.768349027178,3214.1775495202023,83676841,137449520,30.2982044741,-104.0273446217
Oenothera suffrutescens,78250,-1564.8512262393008,-4180.181326378905,4546.105789355093,92517263,153197945,45.5254222222,-110.5233916667
Oenothera suffrutescens,78250,-869.8487423176153,-5918.76105840914,2191.206021492598,112234172,189566866,20.116731775,-98.3606054261
Oenothera suffrutescens,78250,-1094.8110789393995,-5197.431298419425,3518.216839439996,2482806,2781920,33.519646,-101.89515
Oenothera suffrutescens,78250,-975.7066475480945,-5113.954850314908,3672.222141503496,26215784,40687684,35.1974333333,-100.8018116667
Oenothera suffrutescens,78250,-959.138117558138,-5922.757711894052,2142.603156752085,232186402,412473760,19.6519238224,-99.1986867785
Oenothera suffrutescens,78250,-1632.6563757611243,-3675.9130568285736,4940.834897767906,265128976,476175402,50.8520611111,-113.9483944444
Oenothera suffrutescens,78250,-1202.3861273410544,-4792.818017728993,4021.55643742414,289546357,520791315,39.140749,-104.0832825
Oenothera suffrutescens,78250,-1653.1283529006312,-3634.092195677479,4964.90621178583,291891083,525213273,51.19622807,-114.46052437
Oenothera suffrutescens,78250,-1478.3076632711386,-3749.107501282447,4934.4252478094095,378657413,692562917,50.760845,-111.519775
Oenothera suffrutescens,78250,-1370.2938261871764,-4031.4444860230574,4739.145842417705,378860383,692947965,48.0613721667,-108.7729716667
Perityle emoryi,78445,-2295.707588237906,-4779.982470099623,3531.4653310665026,104447295,175013695,33.6626777778,-115.653825
Perityle emoryi,78445,-2319.3277011448126,-4602.440784107404,3745.3986400868703,109202358,184009208,36.0068214825,-116.7451015302
Perityle emoryi,78445,-2190.944983604702,-4671.983366181333,3736.5872978721854,116925517,197415029,35.908925,-115.1244138333
Perityle emoryi,78445,-2524.546047361163,-4685.9877484874,3501.133988503804,129335009,219777393,33.335566395,-118.3132840322
Perityle emoryi,78445,-2321.750455597901,-4778.641107626433,3516.2219947140984,142332009,243995279,33.49813,-115.9132616667
Perityle emoryi,78445,-2365.379461488418,-4793.838151350573,3466.0999569403525,144832159,248666859,32.95926,-116.26269
Perityle emoryi,78445,-2275.5553613598167,-4759.537026299412,3571.8914068528147,146162895,251228345,34.1006020996,-115.5526662777
Perityle emoryi,78445,-2369.509392616842,-4771.743469625627,3493.6574857966807,146168510,251236370,33.2551242593,-116.407661589
Perityle emoryi,78445,-2352.575654133433,-4809.936544748453,3452.4848090541086,147112656,253081509,32.81345,-116.0636
Perityle emoryi,78445,-2539.568541249092,-4629.01325814865,3565.4706575513164,201203541,355131705,34.0308973249,-118.7500466593
Perityle emoryi,78445,-2304.672203051608,-4578.37577182095,3783.743445076793,204755495,361953109,36.43427,-116.7198633333
Perityle emoryi,78445,-2324.1220629201566,-4769.439985776045,3527.130843675322,205597840,363556328,33.6158561893,-115.9797212854
Perityle emoryi,78445,-2359.179793564,-4816.069845913487,3439.4033015335103,207280646,366623570,32.67358,-116.0981916667
Perityle emoryi,78445,-2358.381582506181,-4660.558646784818,3647.873701329632,208619025,369127392,34.9299111587,-116.8407699267
Perityle emoryi,78445,-1948.324415329217,-5020.950322392341,3403.504511878564,39242641,62233646,32.290861,-111.208194
Peucephyllum schottii,78467,-2349.298044238807,-4756.119245599594,3528.438967964487,70594456,114794648,33.6299840036,-116.2871944019
Peucephyllum schottii,78467,-2362.0237589792955,-4740.802677716256,3540.534827205224,70667538,114925127,33.76073,-116.483995
Peucephyllum schottii,78467,-2343.8557663197853,-4746.862174590982,3544.4876599875884,71255436,115980715,33.8035,-116.278755
Peucephyllum schottii,78467,-2319.629748610331,-4774.150477976907,3523.713690507825,105003971,176077314,33.5789616667,-115.913855
Peucephyllum schottii,78467,-2339.3336205609585,-4751.201093655477,3541.6605581333715,106219686,178401142,33.7729083333,-116.2141033333
Peucephyllum schottii,78467,-2345.598644619695,-4767.299996392029,3515.788798041806,18973104,29088673,33.4934583333,-116.1980283333
Peucephyllum schottii,78467,-2343.401244988336,-4745.441974803021,3546.689188305363,21130083,32659731,33.82733,-116.28115
Peucephyllum schottii,78467,-2335.2914970879065,-4528.381075239685,3824.909357189714,204267400,361031360,36.8958033333,-117.2802116667
Peucephyllum schottii,78467,-2153.7561164423605,-4692.329709317507,3732.710760241254,264540721,475025547,35.8658939414,-114.6548887343
Peucephyllum schottii,78467,-2164.900190147994,-4668.179212711693,3756.469503986563,265990189,477863513,36.1299945,-114.8798366667
Peucephyllum schottii,78467,-2328.563439966256,-4536.523518131898,3819.358559387445,339258352,617120172,36.8334083333,-117.1710888889
Peucephyllum schottii,78467,-2235.907793026471,-4841.542610083086,3485.675634007098,340089648,618815473,33.1693265622,-114.7883065045
Peucephyllum schottii,78467,-2366.9505722748745,-4740.314699228742,3537.89692760558,39848198,63260979,33.732199564,-116.5340347518
Peucephyllum schottii,78467,-2291.8971007618275,-4676.58161905168,3669.679164388208,395627331,725424795,35.169451942,-116.1085301495
Peucephyllum schottii,78467,-2319.6773451679032,-4772.398749176018,3526.054497998494,59655667,95334987,33.6042333333,-115.9225833333
Phyllodoce empetriformis,78560,-2180.1537797327915,-3617.115387383028,4770.027138366321,795454,1001010,48.47861,-121.078745
Phyllodoce empetriformis,78560,-2247.751441730788,-3672.9733652758505,4695.384248796769,63666355,102218579,47.4758296274,-121.4654036612
Phyllodoce empetriformis,78560,-1761.4028202932616,-3745.223484165257,4843.605504992891,72371976,117984866,49.48688,-115.187905
Phyllodoce empetriformis,78560,-2256.3903673842387,-3684.272162861269,4682.370582260507,133877413,228108088,47.302960369,-121.4849097328
Phyllodoce empetriformis,78560,-2267.034121217197,-3461.7588222913755,4844.227005333486,195239023,343419963,49.4954846486,-123.2199583029
Phyllodoce empetriformis,78560,-2390.560392092451,-3852.864232309516,4475.53475562711,231522155,411215054,44.626675,-121.8180783333
Phyllodoce empetriformis,78560,-1745.0049020213291,-3601.54258468882,4957.176820759165,233121248,414259226,51.0854357832,-115.8509293199
Phyllodoce empetriformis,78560,-2612.344841852091,-4042.2832253524434,4174.368680766046,236757808,421250246,40.9358133333,-122.8727583333
Phyllodoce empetriformis,78560,-2243.3779517041285,-2340.8691197309263,5484.281198094732,377437894,690213474,59.4085902162,-133.7816994778
Phyllodoce empetriformis,78560,-2287.744299019588,-3742.569128115461,4620.514632944894,382806374,700580794,46.4888716667,-121.4364616667
Phyllodoce empetriformis,78560,-2461.655182015515,-3235.069471472837,4905.540990479852,384129215,703128029,50.351975,-127.268525
Phyllodoce empetriformis,78560,-2196.63693875468,-3561.0569118511044,4804.520055066206,385414154,705580638,48.9487406341,-121.6683488429
Phyllodoce empetriformis,78560,-1875.8501277621,-3632.680890901501,4886.160964676811,53666653,85365149,50.0796055,-117.311005
Phyllodoce empetriformis,78560,-2339.8091246684826,-3724.795638954827,4608.789845265093,55400172,88214440,46.3359360164,-122.1358526499
Phyllodoce empetriformis,78560,-1815.8883815048405,-3408.9721959176363,5066.676532309287,56981120,90849639,52.68083,-118.04329717
Potentilla glaucophylla,78727,-1625.693632166215,-4544.925135673565,4158.188169760271,124131978,210367774,40.7434716667,-109.6818383333
Potentilla glaucophylla,78727,-1698.6681957744468,-3709.2348285730295,4893.450365217025,126891467,215353362,50.1818694444,-114.6057194444
Potentilla glaucophylla,78727,-1599.75530098924,-4178.3471200453305,4535.631317803856,14549272,21728336,45.3911261727,-110.9502427654
Potentilla glaucophylla,78727,-1745.255115489141,-3600.40556494911,4957.914630106079,130239080,221457702,51.096,-115.8612533333
Potentilla glaucophylla,78727,-1330.912958537774,-4710.428857248574,4078.0244981208193,144862821,248727158,39.7985949906,-105.7774281662
Potentilla glaucophylla,78727,-1856.5987229243788,-4118.188365191259,4492.584879611774,146653719,252182765,44.8425263759,-114.267232379
Potentilla glaucophylla,78727,-1690.9962454969975,-3652.80786762282,4938.347852230068,166684667,288667267,50.8166466667,-114.8408583333
Potentilla glaucophylla,78727,-2338.24766539896,-3582.47428363979,4721.041091961955,169484820,293838999,47.818325,-123.1321111667
Potentilla glaucophylla,78727,-1960.96663547236,-3419.9271729309603,5004.843765402682,169950663,294695979,51.7729966064,-119.8297121377
Potentilla glaucophylla,78727,-1797.835232833008,-3544.1353891696576,4979.623072934031,182733288,318657766,51.4079183333,-116.897335
Potentilla glaucophylla,78727,-2110.462653209498,-3390.4478276388386,4963.926273338922,186328603,325597019,51.1821669999,-121.901154
Potentilla glaucophylla,78727,-1375.1744430636104,-4739.770215930887,4029.0478628326814,230408738,409116713,39.2276672026,-106.1793071519
Potentilla glaucophylla,78727,-1747.378306663733,-4099.237663247899,4553.314481044366,51665099,82100075,45.61803333,-113.08705283
Potentilla glaucophylla,78727,-1760.7176427165698,-3536.4656080884583,4998.303463687612,53817441,85610152,51.6780410424,-116.4675633512
Potentilla glaucophylla,78727,-2133.2386317646674,-3584.2508229993914,4815.827250582441,55883999,89015795,49.10382064,-120.75983941
Tradescantia fluminensis,79382,4373.794538170453,-2386.750886357089,3970.276397685858,11267432,16014962,38.5486266667,-28.6210066667
Tradescantia fluminensis,79382,5122.611747002551,-1555.7265893304266,3453.739538297471,107958027,181671201,32.8268773668,-16.8934273627
Tradescantia fluminensis,79382,-3906.6818612620914,3464.208565653421,3650.595701829589,115315251,194655216,34.959775,138.4353333333
Tradescantia fluminensis,79382,4613.391399401207,-385.1907767977758,4376.985377069284,128677475,218588597,43.394366,-4.772787
Tradescantia fluminensis,79382,5318.430769088734,-1705.473662064025,3065.1927952566984,147329503,253497930,28.7583,-17.779609
Tradescantia fluminensis,79382,-4011.4698723542,2592.516213328474,-4216.245044645889,179314700,312157179,-41.4362333333,147.1263888333
Tradescantia fluminensis,79382,4203.950184503196,-2551.505520975791,4050.4784349904944,181681420,316627320,39.4769096147,-31.2548401111
Tradescantia fluminensis,79382,4587.584183061069,-527.8609250080016,4389.21261012212,185035149,323078400,43.5458845339,-6.5637555194
Tradescantia fluminensis,79382,2488.1999785592466,-5553.829838724867,-1885.0963155405384,186171699,325286571,-17.2107111209,-65.8668968705
Tradescantia fluminensis,79382,4643.040609066458,777.3081738642323,4292.75191865091,3156836,3649075,42.360621,9.503957
Tradescantia fluminensis,79382,4460.504168845181,-83.66155313762778,4548.258615549339,219950771,389366235,45.5530639065,-1.0745179788
Tradescantia fluminensis,79382,-3971.4346972854655,3032.6956922772347,-3952.241947669402,243250748,433732850,-38.3415446305,142.633661007
Tradescantia fluminensis,79382,-3680.283819879113,3780.489944768193,3571.156663088308,45679308,72443793,34.0926226861,134.2305030256
Tradescantia fluminensis,79382,4787.177343114978,-664.2774974283101,4151.074755006762,48637307,77184993,40.6590887023,-7.9000205174
Tradescantia fluminensis,79382,-2699.367060837976,-4311.6609155544265,3835.720369085937,53333225,84818661,37.0174736837,-122.0491183197
Aloe arborescens,81518,-4574.66190935048,584.1258275335496,-4395.568059127683,943596,1200031,-43.6247911187,172.7234368956
Aloe arborescens,81518,4956.062912328976,2901.6132135768057,-2758.230283625925,125032073,211991447,-25.6539432798,30.347581571
Aloe arborescens,81518,-4456.932035191955,2558.352715032848,-3765.679400697993,140856061,241179372,-36.2326100972,150.1434631673
Aloe arborescens,81518,4785.53562017992,2470.6496444623604,-3403.570521082917,154246722,266501969,-32.29156324,27.3061498284
Aloe arborescens,81518,4687.371727659564,715.2666493564637,4255.196004502449,195181684,343300892,41.9051826302,8.6760868505
Aloe arborescens,81518,2300.4062197720564,-5665.444993826578,-1789.0269354140073,23511480,36406494,-16.308403626,-67.9008024931
Aloe arborescens,81518,4937.231260542604,2939.3700981955694,-2752.0181749821504,216540634,382973732,-25.5919833333,30.7673633333
Aloe arborescens,81518,-5073.610364836544,468.1572302978385,-3824.795393641401,220370766,390156639,-36.8945217876,174.7280751896
Aloe arborescens,81518,4877.59996017706,2027.784106435901,-3561.8623465603105,225559140,399921798,-33.99175,22.5743166667
Aloe arborescens,81518,4546.444074806805,-2154.9859668707004,3908.405670720721,254909424,456701231,37.8406369894,-25.3606582526
Aloe arborescens,81518,-2736.100359195895,-4209.680114871734,3922.0022035357183,257196640,461329719,37.9956351351,-123.0220331836
Aloe arborescens,81518,-4480.848971542383,2568.008974841455,-3730.559680401688,29684893,46339821,-35.8420262061,150.1826466058
Aloe arborescens,81518,4885.512762851074,1998.3760940961984,-3567.633832141624,290501122,522583203,-34.0543747222,22.2465847222
Aloe arborescens,81518,-4654.9335857569085,2544.3230887975087,-3528.139235019172,381611978,698283183,-33.6267466667,151.3395866667
Aloe arborescens,81518,3181.442576467888,-4666.967754729164,-2947.4714992062327,389806324,714059287,-27.5574716667,-55.7179916667
Glandularia canadensis,81793,-563.0368607470903,-5351.9616067005145,3410.1685564677223,108961912,183558093,32.3617840308,-96.005538085
Glandularia canadensis,81793,-577.3193536410448,-4885.7962621792485,4047.89456113474,119425917,201881890,39.4468113445,-96.7389812941
Glandularia canadensis,81793,-288.09747720302965,-5072.092256288773,3844.558897585281,154979982,267840965,37.1170900292,-93.2509369031
Glandularia canadensis,81793,389.2746663579949,-5110.861366901773,3783.8227300073454,160076505,276600558,36.4351562589,-85.6444103743
Glandularia canadensis,81793,-306.8320553880634,-4741.474553297415,4244.293378160474,170641833,296329458,41.7735756121,-93.702583015
Glandularia canadensis,81793,310.4242700492193,-5220.922692025034,3638.042900535936,21486086,33247548,34.822145,-86.5973283333
Glandularia canadensis,81793,-224.8013830621462,-5202.429588087015,3670.68710854624,207242334,366552925,35.1805416011,-92.4742599028
Glandularia canadensis,81793,-300.1999083038447,-5058.023564410846,3862.127751200936,209156199,370122853,37.3154937159,-93.3965903554
Glandularia canadensis,81793,281.68871402687614,-5165.0195555333485,3719.271109911915,24852068,38438090,35.71688908,-86.8783078
Glandularia canadensis,81793,-583.8071032027979,-4968.116600495567,3945.470800780024,25974575,40290783,38.2639472222,-96.7021333333
Glandularia canadensis,81793,-345.93646002387896,-5069.424322090886,3843.3082283232175,271151513,487716833,37.1029861667,-93.9038
Glandularia canadensis,81793,-128.11693194655118,-5039.673207382545,3895.514490310178,324910186,588174366,37.6939799766,-91.4562410078
Glandularia canadensis,81793,-366.8600906149056,-5184.473860636509,3684.616342574656,343924457,626581088,35.33395,-94.047577
Glandularia canadensis,81793,-60.4238148983163,-4993.158027229406,3956.5736448832986,349335042,637238833,38.3912295392,-90.6933208555
Glandularia canadensis,81793,-326.21449555883885,-4957.382682207675,3988.445082323708,47300731,75016311,38.7578548864,-93.7648507488
Amsonia ciliata,81838,-773.6174062764818,-5404.078121068931,3284.388664541328,10815569,15148558,31.032284,-98.146791
Amsonia ciliata,81838,535.6399502871,-5342.008495441473,3430.129473936078,11339517,16150664,32.574555,-84.274125
Amsonia ciliata,81838,-696.8438070793626,-5367.493245242004,3360.681195902707,11363849,16190938,31.8364203443,-97.397146225
Amsonia ciliata,81838,-604.6562112303116,-5293.039907924041,3493.9766068223043,12092121,17341369,33.2585562724,-96.51699543
Amsonia ciliata,81838,-696.7947374452704,-5307.6453085548055,3454.436495598403,110668202,186730095,32.8343366667,-97.479095
Amsonia ciliata,81838,-681.7799773891732,-5318.950041707302,3440.0144833896466,153488955,265103618,32.6801099908,-97.3043108639
Amsonia ciliata,81838,-629.7654225381865,-5294.351294408521,3487.5482811923266,157314191,272013138,33.1894482794,-96.7834844406
Amsonia ciliata,81838,-693.9933339590227,-5320.890289555424,3434.5673539199493,159046568,274786891,32.6219285685,-97.4310285598
Amsonia ciliata,81838,-728.0416750093743,-5308.308719427981,3446.964895146431,157249768,279683309,32.7544032325,-97.8094697416
Amsonia ciliata,81838,-823.6790602225302,-5470.058984757854,3160.658260346765,204334862,361158849,29.74232,-98.5632383333
Amsonia ciliata,81838,-393.056307488046,-5184.593366047879,3681.745713320466,251131704,449291000,35.3023108,-94.3354355
Amsonia ciliata,81838,-699.1103435274568,-5319.569251568056,3435.575764704081,270749262,486952598,32.6326966667,-97.4870383333
Amsonia ciliata,81838,-151.97463837605767,-5139.834384048832,3761.48366253494,271115967,487644903,36.185845,-91.6936283333
Amsonia ciliata,81838,-703.5719788408956,-5282.918227277472,3490.7756450632564,348502699,635599688,33.22413737,-97.58593595
Amsonia ciliata,81838,535.7810048902294,-5491.560882667476,3185.192445745258,40967588,64958177,29.9967605773,-84.4276061654
Rosa palustris,82302,1219.3949322449826,-4377.909088652141,4465.057798101798,128893529,218975644,44.4944361111,-74.4356916667
Rosa palustris,82302,158.31114050450637,-5100.498206388395,3814.394940104965,166620971,288551094,36.77765672,-88.22220326
Rosa palustris,82302,457.86859893276215,-4822.0014801172365,4138.648475231494,169620509,294758632,40.5119372368,-84.5757963609
Rosa palustris,82302,421.6087406277733,-4506.612209886693,4483.575090171221,170733183,296167777,44.728363759,-84.6553433128
Rosa palustris,82302,1150.5146247901564,-4563.14670790395,4294.620047218001,171565455,297724582,42.3833616667,-75.8488533333
Rosa palustris,82302,274.8696440066955,-4951.947883213904,3999.051383817718,172034364,298588791,38.880279541,-86.8229217529
Rosa palustris,82302,226.4382894616992,-4757.744321783946,4231.116613764705,171992851,298797427,41.6148766224,-87.2751424369
Rosa palustris,82302,302.0326107557466,-4734.848554321206,4252.02758685311,172564583,299584570,41.8669083333,-86.3500883333
Rosa palustris,82302,426.24257271540097,-4348.412398284997,4636.742392383225,29608018,46217233,46.70125558,-84.40160513
Rosa palustris,82302,794.8983653890198,-5457.60097787425,3189.4327528081435,39977066,64510287,30.0408022025,-81.713153292
Rosa palustris,82302,1109.9460378225142,-4416.350577184739,4455.740174449084,52199127,82963715,44.377081641,-75.8922455181
Rosa palustris,82302,1419.0440555999055,-4544.078559632574,4234.0780746027285,52269853,83081146,41.6505099368,-72.6572390926
Rosa palustris,82302,1436.754348419346,-4483.917968268531,4291.849219836846,52333777,83180182,42.3496354265,-72.2333010015
Rosa palustris,82302,1511.270853047788,-4489.633251856803,4260.165114432462,52356420,83344273,41.9652554433,-71.3960757644
Rosa palustris,82302,726.3968979985437,-4371.295062617399,4577.540841084029,53292191,84750187,45.9304013889,-80.5651280556
Lonicera maackii,82342,319.2607548077188,-5227.731897454968,3627.484653096263,207936554,367858141,34.7065613008,-86.5052524054
Lonicera maackii,82342,458.2618366148428,-5068.320822495114,3832.9979466525,210216357,371855130,36.9868164063,-84.8335418701
Lonicera maackii,82342,471.5640468942813,-4931.823896298686,4005.557830721131,210230082,371875439,38.9554855341,-84.538179089
Lonicera maackii,82342,544.0557377218851,-4730.037943628963,4233.260863183325,214667006,379456266,41.640675,-83.4385916667
Lonicera maackii,82342,371.8304447270452,-4829.220368291652,4138.8556249920775,215998445,381952203,40.5143876458,-85.5971434997
Lonicera maackii,82342,423.3300014879058,-5203.253025511565,3651.94506968854,269809233,485163102,34.9745833333,-85.3487333333
Lonicera maackii,82342,-679.8223137628294,-5139.313888224497,3703.383251796984,270685850,486830918,35.5410995483,-97.5352706909
Lonicera maackii,82342,-502.9935868040124,-5059.739506515901,3838.72201487861,271255220,487910553,37.0512896471,-95.6771761215
Lonicera maackii,82342,27.321220643637908,-4895.313447362534,4077.3659306777367,349379715,637325566,39.7908866667,-89.68023
Lonicera maackii,82342,717.3100645954603,-4763.902765033014,4168.9866689902365,356883597,650854036,40.8717740602,-81.4371886252
Lonicera maackii,82342,1151.2853216411336,-4797.178959760746,4031.298707101709,360073311,657016616,39.2538033333,-76.5046916667
Lonicera maackii,82342,1285.938131174701,-4780.880107285023,4009.900454155277,360227840,657306196,39.005725,-74.9451666667
Lonicera maackii,82342,1523.8531347981746,-4446.72953053821,4300.490813323829,366405854,669045582,42.45488,-71.0838861667
Lonicera maackii,82342,1118.295250538497,-4838.841661382983,3990.5864529370665,44574278,70670830,38.782555,-76.98695333
Lonicera maackii,82342,1110.690062122761,-4728.990499300505,4122.228714312773,47013082,74556996,40.31798881,-76.78259878
Centaurea pullata,82650,5102.336785954585,385.03864708489135,3795.742047692797,93257081,154538560,36.5685076263,4.315543212
Centaurea pullata,82650,5056.008770313346,-455.5318516928666,3849.547918429543,117495446,198436043,37.1733776497,-5.1482846215
Centaurea pullata,82650,4947.757133094518,-655.2043052630764,3959.8181523845865,146267499,251432317,38.4284666667,-7.543475
Centaurea pullata,82650,4747.962122055086,-722.0226871838096,4186.322020150799,151980459,262312277,41.0782659126,-8.6467237025
Centaurea pullata,82650,4904.017982005777,-787.4944323104955,3990.014195578931,155121420,268100407,38.7759533333,-9.1227583333
Centaurea pullata,82650,4853.834316627559,-751.6600455470266,4057.715210846414,155886776,269507380,39.5612766667,-8.802845
Centaurea pullata,82650,4970.583577825226,8.005699859046834,3985.3466517106617,185707480,324381207,38.7221304767,0.0922814012
Centaurea pullata,82650,4976.525782152468,-668.921486658815,3921.286563608347,197460013,347787296,37.987468807,-7.6555471795
Centaurea pullata,82650,5028.603805946673,-698.4856143214798,3849.0277654340207,199545393,351919559,37.1675071716,-7.9079275131
Centaurea pullata,82650,5022.489672560442,-304.6680079619469,3907.880246837874,205519985,363408149,37.8346537907,-3.4713514522
Centaurea pullata,82650,5171.460455766728,562.5633777422823,3678.215916737571,210917920,372950877,35.2634234085,6.208354605
Centaurea pullata,82650,5034.389597071995,-677.506339740994,3845.212565539319,246737184,440540009,37.1244625223,-7.664569122
Centaurea pullata,82650,5021.856232402035,-792.6577711283215,3839.5841921531214,250699780,448423328,37.0610055556,-8.9696555556
Centaurea pullata,82650,4982.229892574138,-652.2031723573114,3916.8570881748014,268058595,481793732,37.936943271,-7.4579465389
Centaurea pullata,82650,5088.474827247565,-431.7474334681773,3809.3006203027535,344700295,628096404,36.7204792064,-4.8498221487
Viburnum tinus,82666,4925.460418973224,-777.40138876976,3965.5062566517786,109527127,184617245,38.49379528,-8.96918892
Viburnum tinus,82666,5013.49128651231,-250.3294863699964,3923.263105884732,111090383,187493031,38.0100257881,-2.8584713861
Viburnum tinus,82666,4190.093174846249,2340.999761418768,4189.581414989043,147023593,256797656,41.1171629482,29.1920371457
Viburnum tinus,82666,4507.186715012927,765.4365653305075,4437.243278223929,152864223,263934713,44.1448088757,9.6383441587
Viburnum tinus,82666,4642.362298882378,1045.1699703580298,4236.2536690635925,202540582,357724545,41.6767,12.6878833333
Viburnum tinus,82666,5075.1698979111725,-404.1389568363369,3830.022890346867,204510643,361499704,36.9533283333,-4.5528916667
Viburnum tinus,82666,-4259.943242135641,895.7386307636876,-4651.91240339045,32815617,51497271,-46.9005542994,168.1254005247
Viburnum tinus,82666,4360.058517191546,-156.05587133843076,4642.76743132409,34321917,53999524,46.7803222666,-2.0498641261
Viburnum tinus,82666,-2570.2827418408583,-3796.463017521735,4423.829598126745,336529691,611562701,43.9769383333,-124.0988
Viburnum tinus,82666,3799.424995560887,-248.404060652508,5108.073830264783,337087292,612702483,53.2993099712,-3.740639013
Viburnum tinus,82666,4646.782178900175,-130.6659923521381,4356.615074800138,339603711,617822335,43.1427767465,-1.6107140973
Viburnum tinus,82666,4355.768406558017,889.0066414354437,4563.628151985232,341349819,621391364,45.7508012208,11.535559086
Viburnum tinus,82666,4607.710880810173,1908.5971842223576,3964.342361214463,342559996,623847183,38.4804229736,22.5002212524
Viburnum tinus,82666,4999.707736480585,-492.3084335781025,3917.946922264453,345544790,629735565,37.9493714183,-5.6236403249
Viburnum tinus,82666,4917.966653223061,-129.94420390018735,4048.0207053986455,347670258,633946137,39.4482804346,-1.5135366088
Argyrolobium zanonii,82679,4588.710912288004,301.73887617663075,4409.358110170922,63514488,101942877,43.79636,3.76217
Argyrolobium zanonii,82679,4459.856976028622,1426.6289925792782,4320.203536938798,101874752,170190869,42.695623105,17.7385504482
Argyrolobium zanonii,82679,4712.148550403796,-28.508292453524287,4287.7262559387145,103261020,172780379,42.2994845787,-0.3466327288
Argyrolobium zanonii,82679,4600.155659765641,311.0139799201136,4396.770558022993,157867285,272885847,43.6397324905,3.8678497686
Argyrolobium zanonii,82679,4688.066084441525,-18.010041434112015,4314.100735494488,213160077,376702319,42.6209927644,-0.2201108662
Argyrolobium zanonii,82679,4521.804143241941,350.8348186239256,4474.366474695446,217510262,384798475,44.6119141928,4.4365398146
Argyrolobium zanonii,82679,4673.840144797732,-128.87574244587103,4327.627811349259,288849605,519486775,42.7865346732,-1.5794647112
Argyrolobium zanonii,82679,4613.746222323084,464.64582647621125,4368.890383337072,314533177,568095039,43.2942618735,5.7508115255
Argyrolobium zanonii,82679,4562.260970623118,417.97801397391686,4427.281597712175,315501625,569941915,44.0200942377,5.2346210806
Argyrolobium zanonii,82679,4521.409830730236,660.3106405505241,4439.661713490024,349163339,636905460,44.1751260706,8.3087881655
Argyrolobium zanonii,82679,4620.753077176194,246.5039882061016,4379.227090850925,349795219,638143551,43.4221166667,3.0536716667
Argyrolobium zanonii,82679,4527.845568397521,126.85729710594612,4480.209243393811,354544803,646744699,44.6857730659,1.604844227
Argyrolobium zanonii,82679,4564.046250530296,564.1041724589534,4409.197368604878,361413638,659579341,43.7943572998,7.0458750725
Argyrolobium zanonii,82679,4581.404333738803,278.886418815902,4418.451066366673,362127986,660923046,43.9097599053,3.4834998474
Argyrolobium zanonii,82679,4715.078234472198,57.06558048896781,4284.219169464538,366737374,669639363,42.2568565502,0.6934046748
Anthyllis vulneraria,82685,2626.988184239949,2107.2241417108803,5408.169064122531,21312791,32958869,58.0891604032,38.7346513785
Anthyllis vulneraria,82685,4307.443697628987,1007.811428039903,4584.757141544787,26906921,41809956,46.0237865964,13.1685974421
Anthyllis vulneraria,82685,4010.6657984741887,-24.855567666903045,4950.120724122068,368892329,673807158,50.9845256368,-0.3550784245
Anthyllis vulneraria,82685,3838.220688280104,33.33630352721668,5084.948747883618,371378798,678517808,52.9527280836,0.4976215872
Anthyllis vulneraria,82685,3773.028266267536,1406.628503741657,4937.145641368616,375176136,685831362,50.7995373337,20.4460360017
Anthyllis vulneraria,82685,4572.633656495173,500.5553264736273,4407.97220253303,376553655,688497925,43.779095,6.2471583333
Anthyllis vulneraria,82685,2949.2565332340573,1355.3342044465248,5482.217455109836,376647097,688656693,59.3721405576,24.6812003513
Anthyllis vulneraria,82685,3129.9373545215853,1930.8543244531168,5202.407794876191,382678018,700297617,54.7434133155,31.6703823993
Anthyllis vulneraria,82685,4242.978894847268,1103.2439078002824,4622.741189755236,44484607,70530508,46.5179629786,14.5750939474
Anthyllis vulneraria,82685,3516.342745230814,757.3457933704827,5258.470707059619,49419392,78452553,55.6265181548,12.1546250238
Anthyllis vulneraria,82685,2830.014506049178,1977.560368032148,5354.439841478958,49739297,78965493,57.1864326,34.9451185
Anthyllis vulneraria,82685,4370.10262617219,1690.052198799211,4316.9062685833605,49850944,79149105,42.6552901294,21.1430089915
Anthyllis vulneraria,82685,3332.0212077298293,1545.818505660155,5205.55789022413,51225926,81373965,54.7925205892,24.8879136299
Anthyllis vulneraria,82685,4332.640589679067,714.864561520576,4615.944898828935,51998012,82641664,46.429214,9.369113
Anthyllis vulneraria,82685,4528.469905355493,615.2243986488146,4438.942710294226,54422464,86593855,44.1661111111,7.7366666667
Syringa vulgaris,83072,3173.9442624806247,2261.80846638446,5039.846566090612,64584623,103851916,52.2846270257,35.4743401811
Syringa vulgaris,83072,2620.679086763643,1567.585095709996,5591.464139345347,77786142,127239580,61.3592000824,30.8861708423
Syringa vulgaris,83072,1578.1778886869054,-4308.90119081049,4419.556336236604,78342205,128198832,43.9235586481,-69.8842412739
Syringa vulgaris,83072,3145.319763609016,4110.75837650816,3714.617380605432,156212754,270096559,35.6653583232,52.5788276643
Syringa vulgaris,83072,4327.4494496726575,-119.09588844903662,4674.264707904312,156450687,270533631,47.19556983,-1.57644124
Syringa vulgaris,83072,-2037.6474322780311,-3486.065535251096,4927.990782798064,159567286,275698482,50.6694542359,-120.3068019554
Syringa vulgaris,83072,-2481.060337967311,-4459.598176574328,3813.931938634708,164642599,284895593,36.7724583333,-119.0890111667
Syringa vulgaris,83072,388.1687329297635,-4397.033350067629,4594.036991889179,165366445,286244674,46.1441083333,-84.955025
Syringa vulgaris,83072,1013.0892913947912,-4720.110104998208,4157.398683555913,186891145,326708203,40.7341011,-77.88624422
Syringa vulgaris,83072,1910.194571203336,-4006.89789679244,4570.085237115721,28240445,44008212,45.834084236,-64.5116232462
Syringa vulgaris,83072,-2369.187448190577,-3379.7165927677165,4853.268972309719,278617746,500285761,49.62084198,-125.0305252075
Syringa vulgaris,83072,-2286.960957733402,-3623.902145942628,4714.540904914599,280012472,502868885,47.7313406,-122.2550771
Syringa vulgaris,83072,3300.5497681461898,1384.980823112544,5270.479340371051,283916315,510195514,55.8182715961,22.7639565244
Syringa vulgaris,83072,3814.461970919114,649.6597673464782,5061.380759119059,351714135,641876336,52.6023427838,9.6655809134
Syringa vulgaris,83072,4042.442253371159,616.3523334968112,4885.542299359405,355426947,648213516,50.0709362095,8.6691377498
Anacamptis pyramidalis,83085,3926.650430745407,90.53005289375062,5016.270909144302,291797685,525036464,51.9393833333,1.3207366667
Anacamptis pyramidalis,83085,4010.442727682051,128.85454251925222,4948.686569639639,292121672,525656179,50.9640424295,1.8402662873
Anacamptis pyramidalis,83085,3589.629091891136,-115.27069525830218,5262.226598992191,297535336,535853739,55.6863910241,-1.8392584307
Anacamptis pyramidalis,83085,3763.13094188147,-600.4235169578662,5105.691945683333,299681253,539907883,53.2634824169,-9.0653728215
Anacamptis pyramidalis,83085,4394.916100742041,-3.92216017365016,4612.423464272917,332762703,603975509,46.3832863468,-0.0511325267
Anacamptis pyramidalis,83085,5027.121544271657,-742.7408006869687,3842.6733157779713,359508561,655936135,37.0958272297,-8.4044624457
Anacamptis pyramidalis,83085,5082.969023742421,447.2434016546256,3814.859417203843,361100123,658982636,36.7828720287,5.0284262497
Anacamptis pyramidalis,83085,4357.476214028414,67.47351469510805,4647.321970626602,363442886,663424720,46.8401687004,0.8871278912
Anacamptis pyramidalis,83085,4169.692859598393,440.90803874530025,4796.771277397056,363705414,663925320,48.8427427135,6.0360903285
Anacamptis pyramidalis,83085,4072.026183953352,327.4694834821862,4888.877133275457,364799329,665969866,50.1176854457,4.5977916415
Anacamptis pyramidalis,83085,4281.15112615331,997.4915641901662,4611.562505711393,366160325,668575378,46.3720633333,13.1156971667
Anacamptis pyramidalis,83085,3903.7569035231454,-4.227564063530043,5034.919790381462,369325657,674618230,52.2122573853,-0.0620483011
Anacamptis pyramidalis,83085,4531.046665888054,424.6547082346714,4458.591439008099,369413848,674780651,44.412968,5.354184
Anacamptis pyramidalis,83085,4229.17896907297,7.436871797125378,4764.8444959060525,371188499,678177242,48.4083485073,0.1007526356
Anacamptis pyramidalis,83085,4037.015478937141,-101.65185279537826,4927.66943425821,373369119,682339044,50.6648946857,-1.4424001426
Acacia fimbriata,83377,-4627.361483800495,2563.6465096804336,-3550.351447578176,84944845,139680653,-33.8669861111,151.0127111111
Acacia fimbriata,83377,-4617.600299528617,2598.866469710232,-3537.430377560319,129116627,219383432,-33.7271545382,150.6284273297
Acacia fimbriata,83377,-4629.190036606948,2552.373794490555,-3556.0850310213737,131416647,223641025,-33.9291082098,151.1291916904
Acacia fimbriata,83377,-4480.439867931945,2682.9396619395616,-3649.280270123829,133834719,228027509,-34.9453416667,149.0863333333
Acacia fimbriata,83377,-5083.465967420192,2581.362099742996,-2843.3600893605703,173351798,301039007,-26.50633,153.0787361667
Acacia fimbriata,83377,-5021.78018448213,2568.257923652524,-2962.351793088743,175163777,304390915,-27.708522599,152.9137164569
Acacia fimbriata,83377,-4739.28356839282,2503.2108520596294,-3444.253158257993,176198046,306299712,-32.72541,152.15773
Acacia fimbriata,83377,-4617.619552345794,2599.9883287405287,-3536.580762528165,176695661,307226936,-33.7179680116,150.6179590543
Acacia fimbriata,83377,-4642.7672553903285,2542.145853692284,-3545.695954323766,230395400,409089994,-33.8165781168,151.2971038768
Acacia fimbriata,83377,-4637.203130126741,2572.933590306757,-3530.7383079876327,238897911,425813083,-33.6548226205,150.9764716293
Acacia fimbriata,83377,-5035.831710078361,2550.2855710190465,-2954.013477237156,240248978,428003329,-27.6238540806,153.1410747394
Acacia fimbriata,83377,-4550.211719755942,2604.635461979321,-3619.5580593869295,243707869,434606055,-34.619893,150.212284
Acacia fimbriata,83377,-5038.035362431889,2544.8820482043093,-2954.9159340479832,251244173,449512290,-27.6330146,153.2001154
Acacia fimbriata,83377,-4902.555788154829,2488.011534364644,-3219.394116689584,311400976,562138619,-30.35255477,153.09253665
Acacia fimbriata,83377,-5037.878928351147,2559.024643721646,-2942.944427911992,390735340,715881280,-27.5115583,153.0713998997
Patersonia glabrata,83612,-4642.715029510758,2542.304862163063,-3545.650331357339,69651924,113063621,-33.8160842749,151.2953227005
Patersonia glabrata,83612,-4917.236200348353,2494.071222420077,-3192.201437434229,93124990,154303290,-30.0695695,153.1054221667
Patersonia glabrata,83612,-4708.569229318598,2531.313181677892,-3465.77300449052,98263028,163564591,-32.9557557214,151.7376539936
Patersonia glabrata,83612,-4912.771427078125,2486.722563243153,-3204.7840689225227,135488219,231093984,-30.2004116667,153.1526028333
Patersonia glabrata,83612,-4483.4597071849885,2564.484151459624,-3729.847613594763,140193809,239940620,-35.8341269091,150.2309711981
Patersonia glabrata,83612,-4544.07403105555,2556.5361412055527,-3661.3204296638414,184464024,321998491,-35.0775451794,150.6375102326
Patersonia glabrata,83612,-4622.129007295435,2618.11560990054,-3517.264167331006,2836343,3231766,-33.50937,150.471454
Patersonia glabrata,83612,-4361.251291775988,2548.634572724071,-3882.486589078616,188362316,329660380,-37.5460616667,149.698775
Patersonia glabrata,83612,-4361.591033727252,2543.832038431784,-3885.253575306954,192720569,338384035,-37.5774533333,149.7477716667
Patersonia glabrata,83612,-4555.670898750402,2548.699870154239,-3652.36153246525,228545476,405573063,-34.9791542508,150.774883531
Patersonia glabrata,83612,-5129.848141827634,2609.434287894442,-2732.263506440371,300068517,540635937,-25.3951616667,153.0386195
Patersonia glabrata,83612,-4631.536158471381,2566.2270040728195,-3543.036114128254,312618229,564456957,-33.7877916637,151.0101777833
Patersonia glabrata,83612,-4646.240316222257,2561.124142125373,-3527.4420168460474,312823036,564847481,-33.6192166667,151.1353444444
Patersonia glabrata,83612,-4544.933105317514,2551.30627666295,-3663.901265117084,349082893,636742103,-35.1059111667,150.6922466667
Patersonia glabrata,83612,-5086.811677034928,2581.72357839498,-2837.04132095709,394048973,722349324,-26.4428466667,153.0907138333
Actinotus helianthi,83622,-4668.363812283988,2560.0116929044984,-3498.9244887575096,97430656,162037600,-33.3117859415,151.2607593834
Actinotus helianthi,83622,-4526.486667524556,2584.589491422737,-3663.409441930704,99929546,166697128,-35.1005047722,150.2739613945
Actinotus helianthi,83622,-4554.793906323368,2567.5056156494343,-3640.2637973374353,101990979,170406203,-34.8464783333,150.5903466667
Actinotus helianthi,83622,-4570.250006874085,2591.973339352345,-3603.365400903928,102487657,171333173,-34.4431251482,150.4406771274
Actinotus helianthi,83622,-4606.578698076794,2571.3442675487468,-3571.746699564058,103026794,172343623,-34.0990305,150.8302
Actinotus helianthi,83622,-4641.914394472811,2621.549549902061,-3488.532906749175,121548206,205695872,-33.20003,150.544145
Actinotus helianthi,83622,-4551.447540232127,2553.0175292393988,-3654.6107745680265,129245558,219616125,-35.0038453832,150.7108739771
Actinotus helianthi,83622,-4631.460357842083,2566.1125178234806,-3543.2181176558056,135330787,230802200,-33.7897611111,151.0108638889
Actinotus helianthi,83622,-4924.891044587708,2486.40484672662,-3186.376039765489,135345661,230831926,-30.0090519186,153.212390382
Actinotus helianthi,83622,-4977.876121117575,2487.319868407441,-3102.215712150022,137615675,235068804,-29.1387964845,153.4498511843
Actinotus helianthi,83622,-4832.51926136542,2476.49630190512,-3332.187987623134,137919483,235636397,-31.5352883333,152.866455
Actinotus helianthi,83622,-4638.14792629456,2564.5029740319005,-3535.627446390308,139688527,238967416,-33.7076613791,151.0611225665
Actinotus helianthi,83622,-4604.657344616285,2628.558046143716,-3532.35990046341,141215759,242932295,-33.672344182,150.2802141756
Actinotus helianthi,83622,-4656.63675043057,2551.354690623556,-3520.806235345825,148573401,255880634,-33.5475826965,151.2818221862
Actinotus helianthi,83622,-4664.484670207977,2803.180326121841,-3312.780697588607,148308058,265437580,-31.3307366667,148.9957116667
Calyptocarpus vialis,84405,1536.9954327506614,-5789.192166144887,2170.864397613936,19096048,29304387,19.9220308844,-75.1313325521
Calyptocarpus vialis,84405,-769.0729725449872,-5565.745894449551,3003.4567636302377,188453386,329839480,28.1268763683,-97.8672930514
Calyptocarpus vialis,84405,-488.0812272610412,-5355.621721735146,3415.969235656473,189030845,331022289,32.4235638889,-95.2072305556
Calyptocarpus vialis,84405,-945.8833953919972,-5481.435650531306,3106.271227868483,192883003,338707845,29.1805616667,-99.7906116667
Calyptocarpus vialis,84405,-714.2366609593787,-5674.723261263971,2806.623421460142,199811652,352421007,26.1377313081,-97.1736864467
Calyptocarpus vialis,84405,-567.5409425420097,-5505.007208140722,3156.350114694923,25177629,38972214,29.6977075783,-95.8861364014
Calyptocarpus vialis,84405,208.968331933355,-5490.073078899713,3225.7065821718884,281406573,505474939,30.4183633978,-87.8202063601
Calyptocarpus vialis,84405,-718.1037576953321,-5608.145111842877,2936.458500877227,282352861,507569024,27.4458116667,-97.2968216667
Calyptocarpus vialis,84405,123.7281082610479,-5494.816098030489,3222.024291300201,283418902,509255429,30.3799694444,-88.710075
Calyptocarpus vialis,84405,-1203.0976090122097,-5819.677381422666,2296.4460474881525,34812073,54834157,21.1279881736,-101.6801773194
Calyptocarpus vialis,84405,-740.1450285470947,-5685.441636629696,2778.0734084742794,35509158,55997510,25.85207609,-97.4171948154
Calyptocarpus vialis,84405,-1386.4341739230538,-5799.35310004356,2243.893275552759,318757081,576128045,20.6221665024,-103.4451791661
Calyptocarpus vialis,84405,-664.4020773857317,-5317.782393151292,3445.2160205614223,41292374,65493824,32.73570361,-97.12161391
Calyptocarpus vialis,84405,-1017.3361114605268,-5493.369050825276,3062.299273002368,42443364,67393778,28.7286209628,-100.4919363101
Calyptocarpus vialis,84405,-984.4369960469404,-5680.267877988518,2712.0460476885946,45592971,72301710,25.1940608548,-99.8321658745
Helianthus hirsutus,84679,394.1239461171424,-5285.333672978501,3535.486870298641,85965054,141536955,33.7061416667,-85.7353833333
Helianthus hirsutus,84679,-616.4539051034063,-5291.598044991837,3494.0990030047465,91489375,151343221,33.2598726279,-96.6448193402
Helianthus hirsutus,84679,132.05756382043262,-5469.555872930876,3264.3946578810906,100237604,184050173,30.8226705821,-88.6169130523
Helianthus hirsutus,84679,-39.7007185519405,-5413.270147768963,3359.2682670333543,13898828,20528188,31.8214646448,-90.4201975466
Helianthus hirsutus,84679,-674.3722623514898,-5320.959010156997,3438.3674023695385,134906611,230026674,32.6625133333,-97.2230916667
Helianthus hirsutus,84679,-668.0573915776639,-5316.629954775487,3446.287622242213,136288591,232575877,32.7471611111,-97.161925
Helianthus hirsutus,84679,-625.9473197055216,-5316.359198171841,3454.600983998668,137676420,235177499,32.8360972222,-96.7150805556
Helianthus hirsutus,84679,-208.6042804139373,-5143.433223500921,3753.842306125465,225138814,399124655,36.1007471667,-92.322495
Helianthus hirsutus,84679,-199.318862396455,-5224.386241412391,3640.853405633264,236984195,421690542,34.8529396057,-92.1848678589
Helianthus hirsutus,84679,-356.9848323066892,-5161.961277848336,3717.051348202601,258711140,464237870,35.6923055,-93.9560951
Helianthus hirsutus,84679,367.5766187157674,-5318.857333419552,3487.749593330916,262073979,470906417,33.1916116667,-86.0466778333
Helianthus hirsutus,84679,-431.2001049576193,-5255.025407354104,3576.105083358821,310689042,560764445,34.1463777212,-94.6908851713
Helianthus hirsutus,84679,-286.77817696156006,-5072.879179460374,3843.619158747844,379136447,693486315,37.1064923,-93.2355805
Helianthus hirsutus,84679,-653.6466534448796,-5277.327798943488,3508.890206976563,50325019,79909584,33.41909667,-97.06066117
Helianthus hirsutus,84679,-713.0795037769782,-5276.57263663415,3498.4356448696262,58528418,93445802,33.3065254779,-97.6963625442
Dianthus carthusianorum,84960,4377.818028972318,552.0506333781806,4595.61775315018,67024428,108186528,46.1646305556,7.1871638889
Dianthus carthusianorum,84960,4420.180363532386,569.1791539068929,4552.7786871621565,847259,1127755,45.61114465,7.3375034
Dianthus carthusianorum,84960,4350.91010312346,859.7917498237131,4573.848767848662,78445097,128381759,45.8826835129,11.1783085668
Dianthus carthusianorum,84960,3728.325312369107,657.8092595061082,5124.1224100262525,84150522,138279388,53.5414962769,10.0060348511
Dianthus carthusianorum,84960,3828.924548087487,731.1022469641428,5039.303467664401,84281520,138508561,52.2766436336,10.8100463636
Dianthus carthusianorum,84960,3962.120542399774,449.9451166729306,4968.792944886447,84339863,138608045,51.252040863,6.4788498878
Dianthus carthusianorum,84960,4474.366232852467,501.2372342678483,4507.611471607838,88391692,145831766,45.0334327911,6.3918638886
Dianthus carthusianorum,84960,3915.998042861185,881.8571999280299,4947.42764847753,91279288,150958251,50.94606942,12.6909341
Dianthus carthusianorum,84960,4021.184913796483,494.1514324171412,4916.872927031274,91774281,151851502,50.5119615133,7.005783234
Dianthus carthusianorum,84960,4087.424306228368,863.9084337544405,4810.028886464085,93039551,154141855,49.0242347717,11.934261322
Dianthus carthusianorum,84960,4154.72365842365,697.8378124042259,4779.230779047097,97363610,161915073,48.603625,9.5345466667
Dianthus carthusianorum,84960,4124.512743395263,1061.9963395475986,4738.175971197673,101268111,169105017,48.0483230903,14.4391093031
Dianthus carthusianorum,84960,4287.967239663379,792.9366719491926,4644.818781774936,38808434,61735075,46.8072686744,10.4768606521
Dianthus carthusianorum,84960,4429.3089872060345,697.6426805218938,4525.955116419905,46361092,73532113,45.2673479116,8.9508933416
Dianthus carthusianorum,84960,4541.527418412427,573.8092743498015,4431.142601424123,61420846,98284076,44.0684006409,7.201005074
Saxifraga rotundifolia,85444,4347.353349179435,1998.8220114965327,4206.540449515817,100585152,167903236,41.3199225688,24.6919809712
Saxifraga rotundifolia,85444,4372.439171934461,859.0703652208178,4553.40827567767,118843438,200836193,45.6192393308,11.1155435443
Saxifraga rotundifolia,85444,4128.827668181698,1109.831506497139,4723.431934866957,120298605,203451362,47.8503555246,15.0455065537
Saxifraga rotundifolia,85444,4496.190413456711,434.5688738279114,4492.791425107263,127332468,216164586,44.845146155,5.5206427155
Saxifraga rotundifolia,85444,4700.229970177138,196.51540949524525,4296.39070045509,150240338,259019188,42.4049233754,2.3941274735
Saxifraga rotundifolia,85444,4101.728097971426,1757.04714533056,4547.347036358109,165453766,286409006,45.5413578266,23.1887201965
Saxifraga rotundifolia,85444,4201.929713778915,938.0429902344736,4696.127676992103,171575433,297739371,47.4857222432,12.5844204457
Saxifraga rotundifolia,85444,4107.879881937106,1152.266042855245,4731.528185664389,172813122,300049298,47.9589696508,15.6688823551
Saxifraga rotundifolia,85444,4508.921836405747,469.9007071440923,4476.446171717732,197905489,348682004,44.6381930196,5.9496455762
Saxifraga rotundifolia,85444,4257.904965292819,1111.4451871118165,4607.025942216755,222664858,394449738,46.3129650627,14.6295337792
Saxifraga rotundifolia,85444,4365.606411202384,466.0688587685002,4616.710258510091,224599514,398056737,46.4392011803,6.0937729641
Saxifraga rotundifolia,85444,4392.550116212859,1518.4294045302,4357.709117150191,28689332,44738246,43.156262671,19.0693918313
Saxifraga rotundifolia,85444,4237.481281856592,1026.1741206514332,4645.478682514612,255209427,457306136,46.815939958,13.6130220501
Saxifraga rotundifolia,85444,4049.4155800223766,1861.4317319663016,4552.697936079046,30442152,47560580,45.61010651,24.68725349
Saxifraga rotundifolia,85444,4256.673334509938,1058.8339578477462,4620.536321971505,328200315,594674166,46.4891549719,13.9686453113
Thymus vulgaris,85469,4777.466495395292,161.82240771291944,4211.814398025495,110980940,187299655,41.3831056829,1.9399816988
Thymus vulgaris,85469,4790.717785003509,127.08922174707124,4197.930986074477,112164308,189439286,41.216910593,1.5195987165
Thymus vulgaris,85469,4936.626410444349,-122.63730532924316,4025.4730038496537,117036090,197611040,39.186177,-1.423068
Thymus vulgaris,85469,4551.506585741854,427.4390067068019,4437.4358389920935,118380669,199987550,44.1472222222,5.365
Thymus vulgaris,85469,4575.210506175499,308.5140678924212,4422.8973562328165,154404652,266791787,43.9652890926,3.8577099144
Thymus vulgaris,85469,4579.176256735402,278.5578378354933,4420.780866590043,161775219,279657999,43.9388500368,3.4810945167
Thymus vulgaris,85469,-4420.181415570494,841.194283701015,-4510.448044284668,188989809,330943707,-45.0695416667,169.2250216667
Thymus vulgaris,85469,4598.483093087732,388.1664383566867,4392.383542952188,28504949,44428720,43.585240575,4.8250041441
Thymus vulgaris,85469,4680.208138703555,-225.51020120868577,4316.775423535635,271917758,489159575,42.6536901412,-2.7585947012
Thymus vulgaris,85469,4683.216010138571,-180.19642437995537,4315.642499176673,272709582,490635825,42.6398383333,-2.2034866667
Thymus vulgaris,85469,4618.713953442134,428.7897972353317,4367.307391945665,4216852,5031846,43.2747055872,5.3039930418
Thymus vulgaris,85469,4665.534795162122,193.3828989328857,4334.182882529218,353467326,644937463,42.8669138113,2.373508215
Thymus vulgaris,85469,4685.6964775520855,202.06265063667004,4311.980094475285,360347080,657524632,42.5950806702,2.4692526832
Thymus vulgaris,85469,4602.619907110156,251.9292936780992,4397.973937091669,364986031,666342073,43.6546885193,3.133019019
Thymus vulgaris,85469,4748.044199363556,133.54171979904314,4245.938767768635,42171310,66945473,41.79342,1.611055
Ribes glandulosum,85475,-3047.285590963624,-1242.3722852414976,5455.301528022694,89739499,148226519,58.9002854823,-157.8193753213
Ribes glandulosum,85475,1560.5729639488482,-4260.368200537991,4472.541553715741,12280967,17662485,44.5888644797,-69.8822163883
Ribes glandulosum,85475,1487.1915735175166,-3971.215399546276,4754.73055006721,118449355,200126805,48.2715116667,-69.4694366667
Ribes glandulosum,85475,1230.451321336347,-4572.300946366126,4262.605627003102,158105527,273284053,41.9947801569,-74.9379707873
Ribes glandulosum,85475,-1408.0220653305344,-3257.853927911219,5290.899240924288,163701066,283164726,56.1465250143,-113.3736687347
Ribes glandulosum,85475,2162.707435511837,-3800.670351115447,4633.287662147823,166814377,288903567,46.6559712948,-60.3586888367
Ribes glandulosum,85475,1177.1120892488327,-4527.397708582318,4325.139332708862,214007585,378228697,42.75604795,-75.42591793
Ribes glandulosum,85475,1484.018053844543,-4036.1621699067455,4700.727441976886,215264332,380569059,47.5469716667,-69.81251
Ribes glandulosum,85475,113.23119824388088,-4247.880475989603,4746.83508109646,27037482,42022681,48.1649439433,-88.4730893724
Ribes glandulosum,85475,1630.2092266003765,-4014.454768104655,4670.794784833331,255524540,457926847,47.149665008,-67.8986745195
Ribes glandulosum,85475,1196.2714581450834,-4003.132427145591,4809.742040779352,286437394,514943874,49.0203009554,-73.3620742475
Ribes glandulosum,85475,1785.2449096676346,-3657.571519999308,4901.512452118548,287423084,522427173,50.2952290987,-63.9831959603
Ribes glandulosum,85475,23.70659574023961,-4510.610318631339,4499.28724138083,333914854,606267321,44.9275986153,-89.698871044
Ribes glandulosum,85475,1370.1175536339583,-3998.948241643786,4766.649135352381,367803618,671715866,48.43280312,-71.0875413939
Ribes glandulosum,85475,1625.3865301281494,-4304.4010143077,4406.813323182894,6470444,8182225,43.7646620404,-69.3129427348
Amphicarpaea bracteata,85485,1399.6301234320254,-4455.0186953781,4334.004738240454,7667014,10038486,42.864728,-72.558882
Amphicarpaea bracteata,85485,953.7081282262652,-4481.71431155783,4426.55969861588,10311561,14286385,44.0110666667,-77.9866638889
Amphicarpaea bracteata,85485,-211.15966437376795,-4443.697632675535,4560.560938653583,15304637,22911844,45.7112840418,-92.7205864394
Amphicarpaea bracteata,85485,1053.233898485464,-4931.145000282736,3894.131542583677,135304862,230754606,37.67826406,-77.94346386
Amphicarpaea bracteata,85485,157.0993014690773,-5345.356576519707,3462.980798244901,136369573,232728598,32.9258344928,-88.3165694308
Amphicarpaea bracteata,85485,633.514116327637,-5298.318391194702,3480.8382926558124,137443747,234742795,33.117370368,-83.1815772504
Amphicarpaea bracteata,85485,408.0503973502909,-4598.391141618551,4390.67727253823,15881528,23749666,43.56406,-84.92899
Amphicarpaea bracteata,85485,-546.1369913030486,-5483.357083511472,3197.5432148936547,139511206,238631802,30.1250955002,-95.6878452384
Amphicarpaea bracteata,85485,1239.399480726343,-4308.553347451575,4526.589235728876,179079729,311724403,45.275451313,-73.9515770293
Amphicarpaea bracteata,85485,805.5234255036117,-4443.813377024662,4493.707579584928,179430846,312379105,44.8567679,-79.7256426
Amphicarpaea bracteata,85485,-211.51645298021725,-4950.4477331207045,4004.7573161723767,3883420,4556837,38.9462283333,-92.4465733333
Amphicarpaea bracteata,85485,561.8361288022303,-5083.527305970276,3798.9266146511113,313365632,565887083,36.604175,-83.6932133333
Amphicarpaea bracteata,85485,190.8326459202408,-5222.599039479556,3643.8709230371664,314162410,567408653,34.8860152741,-87.9073555407
Amphicarpaea bracteata,85485,-450.2913913137633,-5170.401579460508,3695.123583819415,317244017,573239838,35.4498634715,-94.9773432809
Amphicarpaea bracteata,85485,1586.4345891052344,-4315.083404000571,4410.559334221317,391916820,718171564,43.8113283333,-69.8141166667
Dipsacus laciniatus,117438,508.83955861195767,-4874.302793720053,4070.873089203581,88155007,145414305,39.7149361717,-84.0403495822
Dipsacus laciniatus,117438,-245.3369359123876,-4811.3809307434885,4168.953880391637,88775413,146519883,40.8713841064,-92.9190386832
Dipsacus laciniatus,117438,-1267.555520095453,-4719.878233996165,4087.2736132295113,89983292,148651578,39.9069444444,-105.0324777778
Dipsacus laciniatus,117438,4091.866228546099,1195.612674348554,4734.648268910633,92446039,153072699,48.0008876762,16.2879674379
Dipsacus laciniatus,117438,3485.918522307183,2830.660015996403,4519.456721703659,126958813,215473326,45.184371566,39.0775313533
Dipsacus laciniatus,117438,1269.4637307212606,-4276.882257614428,4548.2406621202,128691654,218614574,45.5528333333,-73.4680638889
Dipsacus laciniatus,117438,1520.8340872634956,-4452.599993773465,4295.482522853908,15829373,23664688,42.3938633333,-71.1418388333
Dipsacus laciniatus,117438,366.2303119730503,-4999.549989000528,3931.936977591881,230840702,409915945,38.109097219,-85.8104150239
Dipsacus laciniatus,117438,1038.1967982853146,-4831.4945684481545,4021.014893377484,3973448,4686201,39.134469973,-77.8726322484
Dipsacus laciniatus,117438,714.0812236045158,-4772.471590340312,4159.730286348807,304265456,548485315,40.7617791604,-81.4902467661
Dipsacus laciniatus,117438,4066.801258634904,1390.2767352540675,4702.978976335561,313083929,565335911,47.5769786875,18.873506937
Dipsacus laciniatus,117438,4049.862454692153,2139.3658963817693,4428.4851573818005,339138190,616873333,44.0351481799,27.8455421983
Dipsacus laciniatus,117438,1000.1854812870744,-4541.294309074997,4355.000359479092,382998172,700941630,43.1228780794,-77.5793357402
Dipsacus laciniatus,117438,3839.962748974269,1.0371170271163122,5083.742532874348,385633406,706004665,52.9347265016,0.0154747405
Dipsacus laciniatus,117438,4348.742554964394,1063.0904905668172,4532.993484352872,391699886,717766396,45.357356091,13.7370705977
Silene uniflora,118545,3263.446444409852,353.8720028288907,5460.260528560885,131760649,224274328,58.9867339813,6.1886908594
Silene uniflora,118545,2743.3053213583808,919.515784497992,5676.135988993152,151537520,261474183,62.9906036659,18.5303977348
Silene uniflora,118545,3772.291821567368,-602.4679871372031,5098.686092228882,163345049,282506631,53.15827609,-9.07400496
Silene uniflora,118545,3111.0231321533297,-44.72647316925045,5559.612193623056,167571152,290301025,60.7671666667,-0.8236716667
Silene uniflora,118545,2687.34473492624,-897.328521567243,5706.376514893106,173172860,300707765,63.5957327929,-18.4646272659
Silene uniflora,118545,2592.5565713046835,-1083.514284983819,5717.901743515565,179655598,312843910,63.8297708,-22.6816472
Silene uniflora,118545,3608.9212652891474,-411.8893634394322,5234.09854539506,203807224,360124095,55.2401981392,-6.5110446806
Silene uniflora,118545,4612.364494836853,-312.6568909720507,4383.84449598449,236801860,421335794,43.4793166667,-3.8779583333
Silene uniflora,118545,2576.0828266871376,-898.6418880458987,5757.255696664371,264847747,475622892,64.6440355481,-19.230837822
Silene uniflora,118545,1692.9156344881194,-5072.537131331634,-3463.1137485570644,269646198,484849674,-32.9272589563,-71.5440114
Silene uniflora,118545,3835.4312930569217,47.25768672122927,5086.942759355849,31814928,49833558,52.9825032024,0.7059255615
Silene uniflora,118545,3941.4152334192217,71.29936814317583,5004.989059683419,299478914,539536813,51.7751083333,1.0363555
Silene uniflora,118545,3721.78243358268,-184.2033324076202,5167.606581298807,324030766,586407324,54.2047947429,-2.8334457055
Silene uniflora,118545,3280.77613543861,650.4752526712575,5422.466507455459,325391526,589131216,58.3332424986,11.2145204097
Silene uniflora,118545,2404.069142061728,-1096.4491375233583,5797.2410661182885,395935500,726002719,65.4971766203,-24.5168056321
Ribes triste,118750,135.05879426721788,-3902.2153904495326,5034.305046211177,67567642,109198107,52.203235653,-88.0177385355
Ribes triste,118750,820.6847101600418,-4494.76031470204,4439.97291090459,75485515,123502308,44.1790283333,-79.65252
Ribes triste,118750,1117.215440574511,-4364.958347546141,4504.300324490652,75688130,123856091,44.9913114964,-75.6432984701
Ribes triste,118750,-1515.9854019512452,-3479.392424977205,5117.1642287266295,80055402,131173876,53.4363221187,-113.5429524029
Ribes triste,118750,59.16265250982793,-4223.382682633815,4769.621748761031,118794627,200749944,48.4731105946,-89.1974327583
Ribes triste,118750,1343.3450338603284,-4411.8849357199215,4395.5032207527565,161052785,278353597,43.62398559,-73.06538613
Ribes triste,118750,-2287.509928807728,-1439.4202549710326,5769.325851853285,162576166,281120999,64.89870817,-147.8197618509
Ribes triste,118750,431.6585782791606,-4363.24992821285,4622.280180325075,215478642,380970294,46.5119383333,-84.3500833333
Ribes triste,118750,-172.27389626269564,-4367.569376119591,4635.128108167695,26394900,40983696,46.6800909676,-92.2587970924
Ribes triste,118750,-1634.0890453368538,-3134.670217230255,5300.315910471483,262013116,470806989,56.2988472222,-117.5328222222
Ribes triste,118750,1126.888604715464,-4537.359741475601,4328.075990399931,34813210,54836571,42.7920269771,-76.0523479832
Ribes triste,118750,-1517.9299172595072,-3281.1309729892814,5245.933800007048,314903727,568808526,55.4273251478,-114.8263935394
Ribes triste,118750,1573.285196538146,-4029.350652973895,4677.484381097408,326559557,591460951,47.2381995554,-68.6715292186
Ribes triste,118750,1662.4462707066589,-4096.563873557242,4587.394680704578,326713462,591768390,46.0579580238,-67.9119574651
Ribes triste,118750,-1526.1967471358105,-3462.3759699667894,5125.66378738462,46849172,74297407,53.5648298323,-113.7876277143
Gentiana algida,118783,-694.2048285379578,4186.748826342096,4751.733057615411,64661808,103987090,48.2310274017,99.4145588525
Gentiana algida,118783,-559.7715218170265,4220.812967005992,4739.319241261784,68010419,110025936,48.0637055,97.55458
Gentiana algida,118783,-1306.8145842919002,-4666.739906278512,4135.641113431755,78345987,128206913,40.4763727323,-105.6436970029
Gentiana algida,118783,-1601.3987748012698,-4179.366904717319,4534.111530332708,89782268,148301725,45.3716670815,-110.9652231542
Gentiana algida,118783,-1533.9783125597887,-4421.4542180445305,4322.893274649501,177857311,309391044,42.72854403,-109.1336941
Gentiana algida,118783,-1497.39216422879,-4248.598782067116,4505.216778935445,177925125,310265816,45.0029666667,-109.4146883333
Gentiana algida,118783,-1499.8849293117232,-4244.881267154309,4507.89100980308,180556226,314535375,45.0369902316,-109.4603350013
Gentiana algida,118783,-1538.2055511867,-4195.025652225086,4541.52359777524,199948180,352679372,45.4666333333,-110.1366583333
Gentiana algida,118783,-1311.9185796970155,-4694.396125111957,4102.592813143541,32385511,50788595,40.0867805,-105.6138083333
Gentiana algida,118783,-3553.31726852754,1379.1767651622415,5105.052494274475,303896258,547788031,53.2538691014,158.786884658
Gentiana algida,118783,-219.9106917542697,3840.8214994988457,5078.3346311873765,305194575,550249262,52.8541106894,93.2769585498
Gentiana algida,118783,-1307.4925668810856,-4682.827135499982,4117.201274683226,306371795,552495171,40.2587166515,-105.6002694368
Gentiana algida,118783,-1326.838548815768,-4727.415384196707,4059.6547119569423,337347231,613231735,39.583905,-105.67778
Gentiana algida,118783,4.434448811569722,4071.3451373825737,4900.396130687033,51878022,82447577,50.2795165946,89.9375943104
Gentiana algida,118783,-1460.9348573156622,-4803.506177901061,3921.957530522716,55353977,88137338,37.9951253347,-106.916576
Ageratina altissima,119048,567.2858413562391,-4680.053884683594,4285.4446140782375,136325397,232643267,42.27174834,-83.08869346
Ageratina altissima,119048,912.6548585481136,-4865.865511391581,4010.008362073064,136700430,233348474,39.0069738323,-79.3768744916
Ageratina altissima,119048,14.482935960086344,-4551.991430880051,4457.456380878898,137140048,234165053,44.3986793849,-89.8177043349
Ageratina altissima,119048,1341.0065454318792,-4572.901813671136,4228.477690293461,138182386,236129917,41.5831407672,-73.6561892834
Ageratina altissima,119048,-193.69153931651144,-5152.96425338304,3741.549962332615,138200646,236167490,35.9640466667,-92.1526416667
Ageratina altissima,119048,-525.7383476856419,-5505.57787048089,3162.588280431284,17732501,27037863,29.7623125,-95.4547455556
Ageratina altissima,119048,113.17314712853624,-5325.54773455716,3495.065992996349,17982838,27486781,33.2702731808,-88.7825913591
Ageratina altissima,119048,130.6177259662913,-5494.664141377015,3222.011501035715,18561588,28398105,30.3798361111,-88.6382361111
Ageratina altissima,119048,775.4759694343558,-4620.0516926989385,4317.813394218994,20292404,31327553,42.6663836976,-80.4717193723
Ageratina altissima,119048,2.55517419400418,-5523.249481178961,3175.4467039172,22752533,35260502,29.8956111318,-89.97349374
Ageratina altissima,119048,204.74481013691093,-4756.619829171918,4233.4856198088055,29803233,46531611,41.6433797406,-87.535271499
Ageratina altissima,119048,-53.13707367283793,-5157.032673123606,3740.5806486980746,320437061,579360344,35.9532772142,-90.5903438106
Ageratina altissima,119048,1014.3457855470414,-4715.436900863685,4162.392411942136,322230870,582885385,40.7933949,-77.8600012
Ageratina altissima,119048,1299.2858768646854,-4773.269479992269,4014.6616060674073,322674651,583770595,39.0608474259,-74.7729825583
Ageratina altissima,119048,328.96133191252653,-4877.371623228079,4085.680313082911,335243305,608979655,39.8882674071,-86.1414476859
Conoclinium coelestinum,119095,645.6600167463508,-4870.948508568444,4055.457668294344,95428681,158423793,39.5349470099,-82.4492763334
Conoclinium coelestinum,119095,532.5114141384706,-4732.931348430308,4231.49448475776,95970705,159384966,41.6194222,-83.5805362
Conoclinium coelestinum,119095,31.928359348900983,-5489.233329038598,3233.736409931792,96100489,159611067,30.5021400452,-89.6667404175
Conoclinium coelestinum,119095,127.11806966316938,-5362.475391684684,3437.652076580576,96317581,159996518,32.6548722,-88.6420515576
Conoclinium coelestinum,119095,993.8316659630954,-5053.080141345624,3750.790961190045,98889630,164745721,36.0667916667,-78.8731783333
Conoclinium coelestinum,119095,-483.4294562524124,-5451.572037710408,3261.351162962817,243082033,433411543,30.7908033333,-95.0675666667
Conoclinium coelestinum,119095,944.361294213232,-5200.219974977565,3557.477629938616,243653297,434498407,33.9442035462,-79.7072404996
Conoclinium coelestinum,119095,-186.08545540783777,-5273.301550428006,3570.3523763371986,244368850,435879621,34.0838888889,-92.0210277778
Conoclinium coelestinum,119095,427.2330396259068,-5347.052273851123,3437.478296692647,245987172,439050804,32.6530159762,-85.431733991
Conoclinium coelestinum,119095,366.42038353559815,-5268.969444715369,3562.786861834831,245992955,439065033,34.0017785412,-86.0218796042
Conoclinium coelestinum,119095,321.30470107624984,-4938.1502670387545,4012.6286096384256,56901007,90713525,39.0373050685,-86.2772518024
Conoclinium coelestinum,119095,962.3976154924871,-4897.43317002129,3959.632849715619,56956432,90804680,38.426339436,-78.8824332927
Conoclinium coelestinum,119095,404.6456380033179,-5127.028643595743,3760.264927511241,57856237,92321084,36.1722663874,-85.4873418372
Conoclinium coelestinum,119095,-780.2754920455945,-5478.245970224454,3157.490202029132,61173876,97864448,29.70951167,-98.10620833
Conoclinium coelestinum,119095,-248.3136345908323,-5348.206499529231,3453.2275782153447,61527636,98472560,32.8213984291,-92.6582954985
Calluna vulgaris,119450,4607.728555104209,101.44406550086848,4398.670230163813,66619249,107431681,43.6633440019,1.2612240332
Calluna vulgaris,119450,2588.35710046448,576.2451210330963,5792.935543456193,239071678,425718949,65.4039816784,12.551052952
Calluna vulgaris,119450,4692.797795537118,169.84576986679664,4305.642158184742,239214085,426000818,42.5177016,2.07279333
Calluna vulgaris,119450,3764.7147781560616,611.5510033212314,5103.203027427734,239257431,426087441,53.2260769376,9.2266960815
Calluna vulgaris,119450,3493.507271663223,829.9634898503055,5262.729394337992,239382361,426335707,55.6944130683,13.3641852017
Calluna vulgaris,119450,4048.642045603429,605.6415206823518,4881.746517863774,243188100,433607224,50.0177805917,8.5078612673
Calluna vulgaris,119450,4209.5147031606375,604.6379563743624,4743.854133008654,243303574,433835573,48.1247666667,8.1738316667
Calluna vulgaris,119450,4831.07786578878,-717.7498938826436,4090.8770299526977,246636255,440339917,39.9492033333,-8.45058
Calluna vulgaris,119450,4660.23753304274,-63.39769177843153,4343.721906150798,28376885,44225720,42.9840699368,-0.7794014978
Calluna vulgaris,119450,3880.460181892999,463.1466669762773,5031.62767613912,28958771,45169308,52.16396501,6.8062571
Calluna vulgaris,119450,2818.071080351792,1897.6864006435808,5389.528257702592,253426001,453764975,57.7734146111,33.9562873611
Calluna vulgaris,119450,3237.785463140603,1742.929020843637,5202.758581046584,261164914,469123728,54.7488788228,28.2939795103
Calluna vulgaris,119450,2602.9452720969125,1447.6330544031107,5631.943499356619,30744875,48050450,62.1281670441,29.0807086229
Calluna vulgaris,119450,2458.032258226845,1652.5891192502634,5640.6364667588105,34200710,53796663,62.2958578581,33.913807869
Calluna vulgaris,119450,4571.171630669196,280.3217359357681,4428.946011976723,62027264,99328781,44.040913492,3.5092019289
Thysanotus tuberosus,122043,-4919.761663099093,2483.939594429873,-3196.207502525678,63361414,101673731,-30.1112082891,153.2112359628
Thysanotus tuberosus,122043,-4382.078992627989,2535.182405924675,-3867.814240722515,64336587,103416766,-37.3798229557,149.9491519546
Thysanotus tuberosus,122043,-4275.128149487279,2793.525267263878,-3809.100814667051,65460163,105365579,-36.7182375001,146.8379289699
Thysanotus tuberosus,122043,-4210.386182386259,2754.1222888134457,-3908.607391784099,101998738,170422554,-37.8429341917,146.8102651335
Thysanotus tuberosus,122043,-4633.6188188499145,2577.2059666057785,-3532.3277278543856,145779789,250475924,-33.6719965172,150.9173092246
Thysanotus tuberosus,122043,-4093.9958208118696,2968.1638079510703,-3875.4296481837705,146581973,252590256,-37.4660599064,144.0577336695
Thysanotus tuberosus,122043,-4114.366333463171,2775.458880178676,-3994.81799437466,147930507,254644199,-38.8313898326,145.9972842783
Thysanotus tuberosus,122043,-4437.962558051349,2671.809746539943,-3708.864265689151,151281545,261000552,-35.6017,148.9505783333
Thysanotus tuberosus,122043,-4473.84413365089,2667.548356969323,-3668.604306913627,152001145,262352439,-35.1576277516,149.1943120083
Thysanotus tuberosus,122043,-4546.632084671453,2554.867904718659,-3659.308651337304,254140762,455151156,-35.0554405427,150.6672631308
Thysanotus tuberosus,122043,-4875.137591787239,2475.974135225905,-3269.914168982528,319001457,576594597,-30.8804902342,153.0749962573
Thysanotus tuberosus,122043,-4441.954019162097,2556.9209610750545,-3784.303478863996,321547324,581539003,-36.4405303588,150.0739881769
Thysanotus tuberosus,122043,-4971.332388735404,2638.694825961832,-2985.447541965868,322670390,583762775,-27.9433847121,152.0414323652
Thysanotus tuberosus,122043,-4033.8361437204,3101.8237586370333,-3833.615586577141,331542159,601461944,-36.9937705833,142.4414672778
Thysanotus tuberosus,122043,-4742.417545273271,2548.551111116871,-3406.481497085613,62187488,99606494,-32.3225371182,151.7466415846
Trillium cuneatum,123634,423.0053142996228,-5220.684988533417,3627.019145834987,9664773,13206451,34.701469,-85.3677363
Trillium cuneatum,123634,828.5577498821459,-5140.476369227788,3671.3414281701407,10781992,15084398,35.1877414027,-80.8436425027
Trillium cuneatum,123634,486.1127610629516,-5087.879388631043,3803.541880925277,150701121,259908774,36.6558956004,-84.5423389971
Trillium cuneatum,123634,907.3273596160254,-5067.1610329586965,3753.716725891099,151397992,261223029,36.0993494149,-79.8481861218
Trillium cuneatum,123634,668.5440603919709,-5074.488378736427,3793.727673813844,152059702,262452058,36.545955,-82.4947283333
Trillium cuneatum,123634,389.9618729150766,-5279.013351657323,3545.377398863726,152192145,262698663,33.81313,-85.7752216667
Trillium cuneatum,123634,599.3999749396575,-5190.407869835909,3645.564283408707,152446384,263166669,34.9045824,-83.4125349
Trillium cuneatum,123634,1141.7847068366736,-4834.054016465206,3989.737156606678,153950583,265958708,38.77275758,-76.71052122
Trillium cuneatum,123634,441.081281726766,-5247.980634958039,3585.233561107718,154154031,266327947,34.2456309037,-85.1957065165
Trillium cuneatum,123634,1226.7698215850407,-4737.8607606954965,4078.904797465557,22954115,35581170,39.8088999659,-75.4832739383
Trillium cuneatum,123634,1261.7642919317902,-4690.122909833496,4123.160328187382,3126153,3616197,40.328978,-74.94246
Trillium cuneatum,123634,616.2705142426655,-4739.274640281898,4212.984650688085,25592993,39657923,41.3971339,-82.5911285
Trillium cuneatum,123634,433.9231817110491,-5193.224984320568,3664.952668763928,40201687,63859787,35.1174699844,-85.2237097597
Trillium cuneatum,123634,533.9603866240623,-5243.051075433995,3579.8121257384646,40707752,64637123,34.18667,-84.18495833
Trillium cuneatum,123634,237.541061063414,-5324.898597769561,3489.8112122947373,40996034,65004067,33.2137697927,-87.4457573778
Houstonia pusilla,125101,124.16213649223732,-5376.013855092351,3416.549710364858,149832026,258248495,32.4297485352,-88.6769561768
Houstonia pusilla,125101,266.1722793506606,-5480.8877038026185,3237.0936695881965,201503782,355714518,30.5371883333,-87.2196883333
Houstonia pusilla,125101,-793.1175711686484,-5176.892673778969,3627.740328655653,202104046,356877286,34.7093583333,-98.7101833333
Houstonia pusilla,125101,388.3198097665218,-5299.800121513792,3514.41026731694,206088516,364466370,33.4785937,-85.8093894
Houstonia pusilla,125101,-441.6191006695861,-5139.0417953503165,3739.649064450274,215434556,380886010,35.9429283333,-94.9115966667
Houstonia pusilla,125101,808.9131532971459,-5216.717043518194,3566.689771758556,261779020,470391789,34.0441278333,-81.1858133333
Houstonia pusilla,125101,816.5863460447536,-5344.596938085958,3370.196350145332,262995507,472382390,31.93720047,-81.3131142678
Houstonia pusilla,125101,-778.4578797828061,-5318.185037362313,3420.623388719827,265869275,477629461,32.4731633333,-98.3276216667
Houstonia pusilla,125101,-487.3957700685649,-5197.713735316156,3651.844796633953,266772283,479330438,34.9734828172,-95.3570282087
Houstonia pusilla,125101,-47.46280652864106,-5117.386338078728,3794.7144133016186,267459790,480653719,36.5570015641,-90.531392462
Houstonia pusilla,125101,-356.986086061482,-5161.9523053797975,3717.063688050036,267793889,481289875,35.6924421413,-93.9561158046
Houstonia pusilla,125101,302.90255564117643,-4933.254617504569,4020.074881184844,271116999,487646822,39.1235721667,-86.4864416667
Houstonia pusilla,125101,978.8870250374688,-5058.451089355019,3747.479939705316,281282383,505240285,36.0299630468,-79.0477718183
Houstonia pusilla,125101,-192.5215153399413,-5210.192053466253,3661.500698047968,340044533,618721067,35.0795261905,-92.1161703765
Houstonia pusilla,125101,514.9822206417628,-5074.001036896794,3818.253516946009,342745685,624202842,36.8209929292,-84.2046496589
Spiraea japonica,125790,4163.133893888951,856.558282391859,4745.985379254382,150660068,259829392,48.15348844,11.62627287
Spiraea japonica,125790,2872.234594867006,2412.774357625701,5149.615661475184,170685884,296070232,53.929087123,40.0313972186
Spiraea japonica,125790,369.4675836593933,-4507.098168986448,4487.684584440103,170683074,296072225,44.780406966,-85.31367957
Spiraea japonica,125790,4166.79865056584,732.41639210841,4763.518485729958,172566801,299586474,48.3903872773,9.9692893652
Spiraea japonica,125790,1627.831361686986,-4015.075314887618,4671.090708107243,184871235,322763996,47.1535783332,-67.9308978295
Spiraea japonica,125790,4576.401176274038,981.9314167389316,4322.281353208756,216501637,382905478,42.72105291,12.11000648
Spiraea japonica,125790,308.75185986537406,-5292.840680473903,3532.7415628414783,217396519,384587717,33.6764686229,-86.661499031
Spiraea japonica,125790,961.6395613133152,-4739.377116455313,4147.68694959182,288974475,519724139,40.6189383333,-78.5301583333
Spiraea japonica,125790,355.36193499439935,-4648.813646118696,4341.889301732031,293216129,527733987,42.961545,-85.62873
Spiraea japonica,125790,4385.092426536593,745.1031330732018,4561.308897837697,295736856,532424160,45.7209179763,9.6434408443
Spiraea japonica,125790,750.1253952140081,-5061.690634514664,3795.570173452074,304218950,548402998,36.5665830913,-81.5703139454
Spiraea japonica,125790,708.4988016587339,-4606.584700039337,4343.634420515736,305823424,551446155,42.9829944444,-81.2563472222
Spiraea japonica,125790,1129.6222198538112,-4536.708992695963,4328.045550324251,310487334,560377855,42.7916539274,-76.0179125016
Spiraea japonica,125790,683.4257548235412,-5132.526493140185,3712.1225955692007,50179924,79760525,35.6377472543,-82.4153501821
Spiraea japonica,125790,770.9896681273058,-4233.780247125605,4697.917930356749,51908214,82496292,47.5095523528,-79.6792845079
Campanula scheuchzeri,126421,4328.232556212526,591.1030620487176,4637.537411068082,88440455,145917891,46.7116819876,7.7767260745
Campanula scheuchzeri,126421,4295.6548994544455,679.1321930186492,4655.736416387437,91093634,150625622,46.9509098761,8.9839597485
Campanula scheuchzeri,126421,4318.3080671958405,814.5596084016579,4612.858247424182,92474510,153121442,46.3889548334,10.682151406
Campanula scheuchzeri,126421,4275.437043889056,932.4123774899706,4630.442567587048,93041908,154145986,46.618706514,12.3027677089
Campanula scheuchzeri,126421,4287.032786266129,903.9648925862246,4625.3594986907,93687847,155314491,46.5521927087,11.906978935
Campanula scheuchzeri,126421,4355.84159396332,802.9630441120266,4579.481137396122,130600578,222131871,45.9554950398,10.4447416683
Campanula scheuchzeri,126421,4613.422168821068,1097.3558569917866,4254.632668637043,15015801,22406695,41.89837589,13.37982734
Campanula scheuchzeri,126421,4184.26833572875,969.0028542354562,4705.601459195066,148977448,256643366,47.6119511693,13.0388436958
Campanula scheuchzeri,126421,3873.9711681209833,726.6676030879839,5005.402552529331,219485235,388499462,51.7811186356,10.6239130615
Campanula scheuchzeri,126421,4379.866933439684,611.9861978254414,4586.064943795525,230363243,409024187,46.040727578,7.9542755676
Campanula scheuchzeri,126421,4438.196783847402,547.5072309514609,4537.8847792313845,243646994,434474206,45.4199914347,7.0326216729
Campanula scheuchzeri,126421,4662.466847273796,-65.16256611548073,4341.302784617473,335761000,610022953,42.9543377334,-0.8007128164
Campanula scheuchzeri,126421,4684.723155348556,167.64232204932026,4314.512503084957,346021042,630676762,42.6260253992,2.0494488882
Campanula scheuchzeri,126421,4689.964787142236,10.562277318918367,4312.061208209035,386924186,708475517,42.5960716,0.1290357
Campanula scheuchzeri,126421,4373.041411397269,611.6035088928785,4592.624858595782,59249586,94658068,46.12578179,7.9616137162
Verbascum pulverulentum,126536,4229.783476030718,205.33820503809983,4759.886668517084,66828748,107822979,48.3412255811,2.7792872745
Verbascum pulverulentum,126536,4798.7317703017725,-463.06871863232095,4165.032279370482,84696734,139232070,40.8247611726,-5.5118701234
Verbascum pulverulentum,126536,4216.0744431082985,-144.9898893263341,4774.248354645957,91768595,151845277,48.5359093484,-1.9696132658
Verbascum pulverulentum,126536,4690.670119395583,28.1312400820177,4311.215094844875,94212496,156258946,42.5857357906,0.3436144441
Verbascum pulverulentum,126536,4792.350986457856,-292.17867947249,4187.810498522536,226774296,402224814,41.09602629,-3.48887413
Verbascum pulverulentum,126536,4581.010860463546,281.1610799670162,4418.714866689665,238763952,425131832,43.91305303,3.51214213
Verbascum pulverulentum,126536,4248.678294763305,253.5945825235752,4740.6935848037365,289472759,520660330,48.0822030316,3.4158107825
Verbascum pulverulentum,126536,4144.999599361181,80.42736237727148,4837.588540828387,318924056,576449310,49.4036533925,1.1115972698
Verbascum pulverulentum,126536,4218.225311170751,200.66474686204447,4770.331436414313,320517910,579516292,48.4827384165,2.7235581996
Verbascum pulverulentum,126536,4654.575080225666,746.202476444362,4285.774821005878,372595534,680872779,42.2757616667,9.107925
Verbascum pulverulentum,126536,4442.65366511445,1550.6627958190268,4295.116579929501,373728509,683012401,42.3894073284,19.2410183191
Verbascum pulverulentum,126536,4620.286809824398,-389.5534244605098,4369.319289561157,375622535,686705125,43.2995616667,-4.81942
Verbascum pulverulentum,126536,4382.652116314738,752.9679171800756,4562.362641519949,376125520,687676053,45.7344933246,9.7486101659
Verbascum pulverulentum,126536,4383.109957438045,752.0588100544404,4562.072750067056,55886260,89019652,45.7307583327,9.7360678576
Verbascum pulverulentum,126536,4392.319293530775,753.9531038994959,4552.893483321905,62288796,99782685,45.6126205083,9.7400485061
Centaurea nigra,126575,3697.9399855194174,893.4463909221289,5110.45463141219,101247554,169063053,53.3351512891,13.582734877
Centaurea nigra,126575,3915.204532952184,-168.66961448744155,5023.193919806079,120858602,204454274,52.0404876922,-2.4668149419
Centaurea nigra,126575,3519.0448137153253,714.6275704946135,5262.640417530887,126378641,214422928,55.6929933333,11.4792016667
Centaurea nigra,126575,2602.104925464979,-3414.0861580815363,4707.740306319412,130817821,222528202,47.6404913844,-52.6865344495
Centaurea nigra,126575,1875.937114242091,-4117.979835503564,4484.735794611823,142022698,243423942,44.7430583333,-65.5084616667
Centaurea nigra,126575,1941.9626843334368,-4007.985278049695,4555.720368204223,172074625,298661382,45.6489761618,-64.1487256
Centaurea nigra,126575,4347.138458122537,654.5710193981446,4611.2554837217085,224085313,397111787,46.3680617102,8.5629913359
Centaurea nigra,126575,3941.172666663845,-84.86180568007532,5004.968492923402,234877327,417627516,51.7748094072,-1.2335090339
Centaurea nigra,126575,3772.787473100271,-411.7026999595811,5117.257927771581,238097136,423835268,53.4377366667,-6.2277183333
Centaurea nigra,126575,-5029.044585012946,367.75080066406736,-3893.9983359318894,259489070,465810382,-37.6767504659,175.8176684576
Centaurea nigra,126575,3865.0986590504767,88.19095702166014,5063.890583393686,295183370,531375645,52.6395226519,1.3071058318
Centaurea nigra,126575,3559.125070302141,652.0914719512222,5243.773314687879,306204647,552178162,55.3930997,10.3823974
Centaurea nigra,126575,2122.13120174416,-3821.689159546448,4634.76043178787,312048585,563354718,46.6752715828,-60.9571909067
Centaurea nigra,126575,3602.606413540279,-506.82594673475074,5230.115449826352,372058671,679835206,55.1774193316,-8.007994853
Centaurea nigra,126575,3331.1296613004943,-405.4533016528936,5415.619625625516,56302811,89715291,58.216145,-6.93970333
Hibiscus syriacus,126585,-5178.357791657987,523.1777674489532,-3674.322894752116,75708807,123891312,-35.2205560311,174.230891806
Hibiscus syriacus,126585,863.2699673746,-4830.353209968771,4063.5213743809545,91159469,150925339,39.6290397644,-79.8672027588
Hibiscus syriacus,126585,4247.589723784517,256.25946429163446,4741.525677990005,129867609,220760435,48.0934055535,3.4525017112
Hibiscus syriacus,126585,3499.335895954141,2066.971006162704,4906.32574098449,228617597,405711830,50.3630368705,30.5692940578
Hibiscus syriacus,126585,3451.0494722230706,1522.0941031907294,5134.514603249104,229657933,407684559,53.6990646298,23.7999989837
Hibiscus syriacus,126585,490.6897078458513,-5004.227930090279,3912.3751819062486,229936754,408210114,37.885855,-84.3997633333
Hibiscus syriacus,126585,897.1752933003929,-4739.257145439553,4162.243545513516,231474974,411124401,40.7916265462,-79.2803516615
Hibiscus syriacus,126585,4204.449284060686,2328.704251484755,4182.044458940609,245730053,438552669,41.0272531584,28.980606487
Hibiscus syriacus,126585,279.7946702479589,-5136.786888038812,3758.3092660198686,287654992,517807655,36.1504821777,-86.8822479248
Hibiscus syriacus,126585,59.39641088877666,-5058.391021453635,3872.8420404308,291743852,524940324,37.4367466667,-89.327255
Hibiscus syriacus,126585,3620.331531873364,1515.302036943981,5018.646477471224,331108951,600581123,51.9740506626,22.7119131991
Hibiscus syriacus,126585,-4588.8876342162375,2587.0721477531347,-3583.144026205858,340393907,619438085,-34.2229012475,150.5870481713
Hibiscus syriacus,126585,-3112.91007278705,4077.9970862165214,3777.497024913178,389596663,713655673,36.3644783333,127.3560466667
Hibiscus syriacus,126585,883.6292531162209,-5016.133938163895,3827.186014177399,396686679,727475502,36.9214093637,-80.0094219943
Hibiscus syriacus,126585,1332.1539684375373,-4543.548885859026,4262.7787247126425,60003142,95913906,41.99687477,-73.65903202
Sophora tomentosa,127036,-4919.743272667669,2485.3658185659133,-3195.1269158865725,66274403,106800860,-30.0999750121,153.1979154423
Sophora tomentosa,127036,3755.269486557167,-4256.970551091503,-2892.3875847039963,10147547,14000330,-27.0001021014,-48.5830020905
Sophora tomentosa,127036,4336.975782497012,-3953.783611958919,-2479.5139325111563,99357218,165611378,-22.9039229,-42.3537188396
Sophora tomentosa,127036,4250.795521764535,-4037.211015016202,-2494.277005878831,100336182,167489051,-23.0481305,-43.5237966667
Sophora tomentosa,127036,-695.054464076124,-5590.840012622916,2974.753834336528,102517095,171389296,27.8345765494,-97.0866638665
Sophora tomentosa,127036,3754.160393333279,-4245.564698901421,-2910.534874940901,111671841,188543509,-27.1834182,-48.5151282
Sophora tomentosa,127036,4248.320676379367,-4038.698409324207,-2496.084878133578,146502259,251886887,-23.0658006251,-43.5509976
Sophora tomentosa,127036,-5118.688601918011,3079.1724086199656,-2215.282691727084,175157616,304379701,-20.3474966667,148.97078
Sophora tomentosa,127036,-721.458990549258,-5586.583228304657,2976.4639906873063,187547004,328005203,27.85197,-97.3585283333
Sophora tomentosa,127036,-5043.819447105454,3471.381198899308,-1760.440594455456,188689451,330322358,-16.0407252111,145.4625196671
Sophora tomentosa,127036,-828.3367416392208,-5656.983509564874,2811.076118613481,209199107,370204733,26.182345308,-98.3304644376
Sophora tomentosa,127036,-3025.8825692399528,5076.209799018994,2380.3112996393565,253818083,454544825,21.9388036033,120.7987858728
Sophora tomentosa,127036,2390.2236674429846,-5552.291129754733,2012.125035806608,254145025,455158908,18.4106366667,-66.70845
Sophora tomentosa,127036,786.2634113071504,-5650.351835599967,2836.382751260689,36777822,58190931,26.4362321701,-82.077991739
Sophora tomentosa,127036,-5052.144197253788,3409.232180648072,-1855.4589939596904,36880204,58372611,-16.9318916528,145.9881702519
Coccoloba uvifera,127284,-5464.911882973632,-2382.747106005067,2246.554577533229,64688775,104525078,20.6477408636,-156.4423972556
Coccoloba uvifera,127284,2242.046631209342,-5811.90133211694,1335.95768604309,69682392,113119767,12.1043778562,-68.9049722627
Coccoloba uvifera,127284,964.7321360329972,-5643.42690540327,2794.776878169904,72975617,119077297,26.0191171862,-80.2991762307
Coccoloba uvifera,127284,-1566.8535532971698,-5753.729902005665,2242.613494778657,76443481,125048915,20.6098697,-105.2333768
Coccoloba uvifera,127284,-5490.441464995481,-2256.414735871526,2313.7411672176186,77838803,127331366,21.29483,-157.6587366667
Coccoloba uvifera,127284,-791.0722806491196,-5856.178645990356,2380.9933730929624,79528142,130267878,21.9454166667,-97.6931383333
Coccoloba uvifera,127284,2498.3135939978138,-5505.314894092696,2009.8980652272608,87081049,143545702,18.38953,-65.5914383333
Coccoloba uvifera,127284,-1515.3242673027344,6186.502772848832,143.97547060030354,98259893,163559086,1.294910959,103.7630774641
Coccoloba uvifera,127284,1428.8191824835717,-6135.313770729744,951.921114451396,21042890,32501922,8.5929976942,-76.8903711893
Coccoloba uvifera,127284,-695.3699518135222,-5592.460051964507,2971.6332759904003,25771352,40076416,27.8028455353,-97.0878148864
Coccoloba uvifera,127284,833.3670020205042,-5798.472526446119,2504.589573097827,38722638,61587573,23.14895661,-81.82135225
Coccoloba uvifera,127284,2298.791721783183,-4869.235147026147,3405.269274595448,351298307,641051431,32.3096373289,-64.7277556577
Coccoloba uvifera,127284,2365.6555127035235,-5559.753818911567,2020.5357205432208,370793060,677420116,18.4903744,-66.95041956
Coccoloba uvifera,127284,740.8545910361297,-5619.171838378175,2909.604003192833,43736757,69371739,27.1740076226,-82.4892099202
Coccoloba uvifera,127284,-1204.9628915822664,-5954.239109562046,1919.5974019957696,44031846,69815605,17.5358183,-101.4404736
Balduina angustifolia,127348,833.9696335750965,-5591.207781584624,2938.136028692272,67707759,109465178,27.4628126928,-81.5164591299
Balduina angustifolia,127348,247.55228655709857,-5494.47148894187,3215.471046721256,98120968,163302334,30.3116783333,-87.420295
Balduina angustifolia,127348,746.1081011927715,-5593.073454006473,2958.1421820291284,1496792,1853940,27.6657693741,-82.4016831542
Balduina angustifolia,127348,703.1752263009652,-5486.976044296932,3160.441681174581,137527061,234901248,29.74007677,-82.6971503
Balduina angustifolia,127348,842.9802692033512,-5594.58883149907,2929.1147471338777,144087912,247229346,27.3714166667,-81.4312583333
Balduina angustifolia,127348,973.0001732180918,-5589.8364057149465,2897.7150912294314,248290572,443595288,27.0538871874,-80.1256896891
Balduina angustifolia,127348,732.2664984732435,-5609.07873261313,2931.172918174267,28892802,45064539,27.3922616667,-82.5620883333
Balduina angustifolia,127348,850.9942490637835,-5593.553774019485,2928.774162493615,264588798,475119900,27.36796763,-81.34944764
Balduina angustifolia,127348,747.9589743928323,-5519.551531003298,3092.711011216828,309845902,559166444,29.04098,-82.28281
Balduina angustifolia,127348,850.6467150589742,-5510.741533429238,3081.8632428410533,316797373,572392905,28.9294546618,-81.2249916047
Balduina angustifolia,127348,208.42711653721955,-5500.319293939047,3208.239226038368,317111154,572984684,30.2363709932,-87.8298926939
Balduina angustifolia,127348,853.0321637450854,-5602.234549985164,2911.538648935703,319998643,578506974,27.1935666667,-81.3422783333
Balduina angustifolia,127348,771.2103087642395,-5476.717997085797,3162.364268981316,320660265,579798374,29.7599918279,-81.9845320706
Balduina angustifolia,127348,837.0108933523824,-5498.934978864055,3106.586549947105,44603324,70714966,29.1838096807,-81.3452540805
Balduina angustifolia,127348,742.4885253279325,-5535.563611523095,3065.289451620381,61161062,97843016,28.7592915559,-82.3604786396
Daphne laureola,127391,4578.977366695599,1071.9939176991484,4298.086602824901,75238416,123049932,42.4255817733,13.1763301095
Daphne laureola,127391,4661.480919137285,-65.51341767111653,4342.356130293956,78062603,127710220,42.9672821077,-0.805193733
Daphne laureola,127391,4395.46931203356,455.0442814610074,4589.394007770339,10657774,14874100,46.083875,5.9105333333
Daphne laureola,127391,4772.400803338817,129.3691813637172,4218.673644272774,149917369,258409758,41.465373,1.552781
Daphne laureola,127391,5018.013040188518,-248.13630062228412,3917.6174691371934,151973429,262298922,37.9456142101,-2.8309196531
Daphne laureola,127391,4098.1221663425285,1355.2284843977052,4685.990140246408,152349887,262987149,47.3509845185,18.2987921627
Daphne laureola,127391,-2362.1709461792807,-3386.984307255785,4851.622290853541,154306191,266601784,49.5979884897,-124.8929213667
Daphne laureola,127391,4565.322372181603,1119.2911902802928,4300.554847818651,200607875,353968807,42.4556605255,13.7756205128
Daphne laureola,127391,3942.120861625636,-90.69487254054768,5004.119371288844,201453620,355620766,51.7624696375,-1.3179496676
Daphne laureola,127391,4712.438742735591,171.69424347575776,4284.062944495485,203748386,360032786,42.2549583333,2.0866066667
Daphne laureola,127391,4564.090604536662,1308.671247510536,4248.0830558261005,204006285,360525974,41.8192906278,15.9992961949
Daphne laureola,127391,-4306.843375093176,800.3545723011097,-4626.04429623087,33112926,51979130,-46.5611487796,169.4726285884
Daphne laureola,127391,4355.789196340968,888.9877039115512,4563.611998079023,341349818,621391351,45.7505930248,11.5352663621
Daphne laureola,127391,3929.780900268609,-156.847223144459,5012.182573904641,342609715,623946520,51.8797837543,-2.2856023671
Daphne laureola,127391,4498.094740903012,831.3088709422854,4434.616374911225,342867105,624451026,44.111895983,10.4708886892
Lyonia lucida,129433,1003.651463054932,-5109.7553417603485,3670.5363664915126,76815125,125633974,35.1788830023,-78.8875044597
Lyonia lucida,129433,857.2367343651148,-5540.576818470067,3026.038140798059,10272070,14218262,28.35739768,-81.20494735
Lyonia lucida,129433,93.50630718855594,-5479.513444406687,3248.990937623519,104080853,174351685,30.6614925306,-89.0223590359
Lyonia lucida,129433,393.3345057298717,-5488.976131862996,3210.324301393556,112042550,189255316,30.2580776463,-85.9012482314
Lyonia lucida,129433,964.3152902127924,-5608.292974093521,2864.768588816993,143045460,245309401,26.7216783977,-80.2437057282
Lyonia lucida,129433,897.3326113092616,-5578.116410696981,2944.3445150103225,144541712,248225223,27.5257558761,-80.86131659
Lyonia lucida,129433,1189.7367367014767,-4966.507964168673,3808.947133903213,157840442,272853913,36.7165133333,-76.5285416667
Lyonia lucida,129433,751.3966262547192,-5625.771690911701,2894.105927824164,197511052,347887954,27.0174472222,-82.3924111111
Lyonia lucida,129433,746.793610268203,-5426.262039321088,3253.8796403620963,201039186,354811026,30.7126166667,-82.16385
Lyonia lucida,129433,981.2108380234112,-5243.080467098215,3483.8320333443166,204927709,362278267,33.1495214627,-79.4000528008
Lyonia lucida,129433,208.370838176808,-5499.724742910478,3209.261983025568,206385644,365017185,30.2470177939,-87.8302437812
Lyonia lucida,129433,969.0535588224482,-5586.749502557903,2904.981639439397,260375860,467583552,27.1272899291,-80.159629452
Lyonia lucida,129433,841.3741247708267,-5578.360641242571,2960.3606652026933,265004665,475927302,27.6882984215,-81.4228315531
Lyonia lucida,129433,981.3532431347412,-5620.790882469399,2834.326868484868,332492624,603421778,26.4155858791,-80.0963577674
Lyonia lucida,129433,921.0053962678778,-5549.1753113332825,2991.3467792638244,342255597,623226078,28.0034561909,-80.5764312993
Dichrostachys cinerea,129706,4754.972282733602,3004.625293724281,-2992.025829504972,65540545,105502631,-28.0103730556,32.2884330556
Dichrostachys cinerea,129706,1019.2853764696122,6228.22971862873,871.7597277819959,141174902,241788471,7.8645857515,80.7056116685
Dichrostachys cinerea,129706,6243.469704808377,328.177239837009,1225.2097265653745,157031082,271575916,11.0876333333,3.008885
Dichrostachys cinerea,129706,1181.2059120817132,6112.8630320980665,1351.8177664720467,179615116,312733600,12.2502940277,79.0633648261
Dichrostachys cinerea,129706,5055.083565160179,2712.8123904673967,-2770.655556551816,192172210,337299625,-25.77797043,28.22024695
Dichrostachys cinerea,129706,5095.222092513337,2755.400112570866,-2652.5902769342106,195822537,344603681,-24.6045665955,28.4036874678
Dichrostachys cinerea,129706,5070.503141626063,2701.4255321568453,-2753.5524535858704,197526685,347922877,-25.6072833333,28.0474716667
Dichrostachys cinerea,129706,1565.6946641770685,5831.564859154013,2032.5365044015628,221062198,391453353,18.6042125,74.9712969
Dichrostachys cinerea,129706,1470.7719553202387,5780.406810348818,2239.080188826189,222563233,394262428,20.575925,75.72453
Dichrostachys cinerea,129706,1279.0855423619576,5712.785654266722,2513.5181267304174,257197469,461330916,23.2363125,77.3796875
Dichrostachys cinerea,129706,667.599327839466,-5840.772329045714,2455.49238797428,257913582,462684145,22.6696041505,-83.4793994843
Dichrostachys cinerea,129706,4771.924315360402,3084.4881915791425,-2881.7397616992457,327497154,593331925,-26.8926814881,32.8779186308
Dichrostachys cinerea,129706,4881.763983890248,4021.096676546495,-767.4080095595727,334089273,606628808,-6.9182552397,39.4781973213
Dichrostachys cinerea,129706,5729.452346863001,1706.0015314361174,-2202.8816830327296,370975303,677769809,-20.2285953679,16.5814244771
Dichrostachys cinerea,129706,1689.3777686321423,5800.631672670274,2021.9861726884728,380661103,696436418,18.5041292,73.7623111
Cyanthillium cinereum,130374,-1260.192503518605,6026.418515562172,1638.2758800160534,96490930,160310296,14.90075,101.811005
Cyanthillium cinereum,130374,-1523.7565168605795,-5819.525248329078,2097.866795357305,107888527,181534025,19.2252804384,-104.6726629375
Cyanthillium cinereum,130374,-5038.5452931383725,3432.108434974109,-1850.255698342844,123483466,209195948,-16.8829833333,145.7384633333
Cyanthillium cinereum,130374,-5084.183164698854,2594.1336213995623,-2830.424956043628,138596522,236919616,-26.3764109135,152.9676856533
Cyanthillium cinereum,130374,1760.866507386704,5751.036274062287,2101.114953366655,152806771,263835365,19.25622,72.97633
Cyanthillium cinereum,130374,179.31073856231015,-6072.294142129509,1919.5949156458307,153111833,264404932,17.53579485,-88.3085859
Cyanthillium cinereum,130374,1362.785625378195,-5650.59554648202,2608.3209999955056,195609144,344172975,24.167445,-76.4405966667
Cyanthillium cinereum,130374,379.9700190736248,-6101.253011296709,1794.460254902702,197486760,347840540,16.3593216667,-86.4363716667
Cyanthillium cinereum,130374,870.301897111626,-5723.72521151956,2659.1911252440486,198914099,350686506,24.6698746592,-81.3543046054
Cyanthillium cinereum,130374,-1237.2201582749683,6207.350315119298,726.5269953854801,201761581,356213379,6.54805,101.2722083333
Cyanthillium cinereum,130374,-5125.446288500344,2633.2373813306663,-2717.64868350166,260957183,468732673,-25.2497562697,152.807819657
Cyanthillium cinereum,130374,-4454.929833702884,2562.4196457865573,-3765.283371188485,331650869,601694410,-36.2281948141,150.0930281729
Cyanthillium cinereum,130374,838.3660809304346,-5623.309102427858,2874.941770292883,333353189,605183290,26.8241533333,-81.5203633333
Cyanthillium cinereum,130374,-4698.433022276822,2538.847937565632,-3474.007975634894,348393938,635383864,-33.0440606,151.6149612
Cyanthillium cinereum,130374,-1185.1100234654014,6232.990609278065,578.874275305715,365639840,667593116,5.2131240562,100.7654354721
Cardamine pentaphyllos,130716,4332.786929611929,892.0000212653795,4584.871482857948,75075264,122778631,46.0252675414,11.6330714151
Cardamine pentaphyllos,130716,4304.084611428676,629.8027568435768,4654.885312745367,11063752,15610589,46.93969823,8.32482556
Cardamine pentaphyllos,130716,4223.7305942611965,658.5852708576933,4723.993907467356,111658929,188521220,47.8578872376,8.8624819368
Cardamine pentaphyllos,130716,4364.270814543593,824.4269060837956,4567.626699230744,116800306,197186203,45.8023595177,10.697330131
Cardamine pentaphyllos,130716,4303.282330155918,522.5312798641279,4668.883740061306,128420362,218130346,47.124400055,6.9233157902
Cardamine pentaphyllos,130716,4570.204249787776,547.2337419657601,4404.942846003038,152012094,262371265,43.7413740146,6.8280564456
Cardamine pentaphyllos,130716,4486.498583804273,693.5877757261663,4469.9015184411965,269951712,485524426,44.55553561,8.78804038
Cardamine pentaphyllos,130716,4524.003549787036,569.555788739179,4449.578768232496,279886930,502644254,44.2996084367,7.1755808931
Cardamine pentaphyllos,130716,4425.334086297173,481.1099859593135,4557.927658020039,281741177,506139499,45.6773798168,6.2046687864
Cardamine pentaphyllos,130716,4444.995359774955,523.5539960711794,4534.055645275481,289825354,521316715,45.3709516667,6.717635
Cardamine pentaphyllos,130716,4675.39228443503,159.91412489274805,4324.914749331207,305770285,551347984,42.7532972835,1.9589445012
Cardamine pentaphyllos,130716,4390.652776708082,520.3667379829722,4587.06221693842,358354653,653700057,46.0536495256,6.7589920182
Cardamine pentaphyllos,130716,4392.058414008499,521.35831253495,4585.603725526803,359673431,656255431,46.0347524656,6.7696048692
Cardamine pentaphyllos,130716,4524.72053635937,608.841993330506,4443.643620350596,359889849,656658827,44.2250767362,7.6636326642
Cardamine pentaphyllos,130716,4193.108960249995,898.1669388369379,4711.78167226888,50645784,80428833,47.6944609233,12.0901007242
Melaleuca nesophila,130738,-2449.166618639466,-4751.751889430792,3465.860641328566,94880824,157443714,32.956695,-117.2676616667
Melaleuca nesophila,130738,-2348.091285427702,4867.205883207778,-3374.392883978317,145947673,250807883,-31.9816833333,115.754105
Melaleuca nesophila,130738,-4036.9731817229967,3120.373070138205,-3815.215926115192,195350908,343646411,-36.7868752742,142.2978176549
Melaleuca nesophila,130738,-2579.9100034992207,4580.80402921376,-3598.618061070258,201632617,358956450,-34.3913715416,119.3882226533
Melaleuca nesophila,130738,-2345.9794230309485,4899.716683671578,-3328.499676452322,249109241,445243364,-31.4963793598,115.585052669
Melaleuca nesophila,130738,-2349.386213207449,4867.155837810685,-3373.563635287405,255580462,458044836,-31.9728916667,115.7667
Melaleuca nesophila,130738,-2798.3642320415474,4492.883532135879,-3545.829708427941,256357453,459616442,-33.8180259431,121.9164546579
Melaleuca nesophila,130738,-4097.723202883154,2853.813950546752,-3956.534293784802,262361043,471340457,-38.3907780254,145.1451448902
Melaleuca nesophila,130738,-2449.11261308823,-4753.240263724896,3463.857320011038,301293701,542945693,32.9352261931,-117.2598405665
Melaleuca nesophila,130738,-2644.733320394368,4577.333289130834,-3555.72197364866,4985844,6090142,-33.9251732212,120.0188541465
Melaleuca nesophila,130738,-3945.212317465601,2501.9386050523044,-4331.899827598057,344630320,627963170,-42.8389068288,147.6183212641
Melaleuca nesophila,130738,-4094.191099594126,2849.3501548767213,-3963.402082124103,344636601,627975629,-38.4696216667,145.1640333333
Melaleuca nesophila,130738,-2580.7192118463263,4580.118198524006,-3598.910775058743,350233617,639002912,-34.3945616667,119.399575
Melaleuca nesophila,130738,-2452.336559835167,-4757.381108916706,3455.882450474221,50713886,80543612,32.8498142353,-117.270216616
Melaleuca nesophila,130738,-2439.6642054762547,-4746.34930166337,3479.9367811491907,58112375,92750284,33.1076909462,-117.2035522388
Symphyotrichum patens,130810,-61.71372096780168,-5184.358442501645,3702.481881925104,64261967,103284242,35.531138,-90.682007
Symphyotrichum patens,130810,133.34602649897053,-5287.169881141188,3552.155207032464,96919123,161080308,33.8865245646,-88.5552676768
Symphyotrichum patens,130810,55.415085568449854,-5228.132563781992,3640.5098809770047,100096251,167015417,34.849175,-89.3927216667
Symphyotrichum patens,130810,-428.0654616344892,-5215.242123448108,3634.248572132287,101068311,168733644,34.7805889293,-94.6923012759
Symphyotrichum patens,130810,922.8368347731188,-5048.780035230566,3774.6450776093657,139153478,237952441,36.3326341487,-79.6415892775
Symphyotrichum patens,130810,466.31607099702205,-5096.41866241252,3794.5776140462217,147311413,253462784,36.55547,-84.7720633333
Symphyotrichum patens,130810,847.9553430082149,-5059.214446780848,3778.236896678823,184328801,321738909,36.3727416992,-80.4853134155
Symphyotrichum patens,130810,388.3193795240008,-5303.43376654041,3508.9245465074537,186561329,326057550,33.4194666667,-85.812255
Symphyotrichum patens,130810,251.27229015556483,-5257.137340218299,3590.142386028706,187445060,327805612,34.2990525569,-87.2635499842
Symphyotrichum patens,130810,19.931743283090327,-5407.984146117789,3367.9464560212023,187814596,328535673,31.9133606683,-89.7888308163
Symphyotrichum patens,130810,-552.7341836636227,-5268.853470008375,3538.8446085506293,34659368,54572544,33.7424481986,-95.9887641204
Symphyotrichum patens,130810,752.4911196421157,-5125.116484333906,3709.001384004333,34733213,54700094,35.6032166273,-81.6472727797
Symphyotrichum patens,130810,-308.99441927057524,-5239.78598416377,3610.944255828105,313150254,565474845,34.5258133333,-93.37487
Symphyotrichum patens,130810,-34.81423570364688,-5101.392140812916,3816.325369294658,317608164,573938332,36.7993345717,-90.3910065629
Symphyotrichum patens,130810,-180.85643123804363,-5151.474762982226,3744.2424931238734,369108301,674202943,35.9939694444,-92.0106972222
Salix interior,131125,-1520.398599099034,-3469.357772005327,5122.665114894919,122205990,206883235,53.5194473904,-113.6647786601
Salix interior,131125,180.044689950755,-4697.499134057312,4300.097548292222,14075362,20835110,42.4500866503,-87.8050546377
Salix interior,131125,973.5079007433596,-4478.169531293927,4425.836999467831,129919979,220860262,44.002030467,-77.7353144155
Salix interior,131125,542.772601295671,-4663.572315329407,4306.535068085859,141823166,243045868,42.5285972222,-83.3614638889
Salix interior,131125,509.9603095705117,-4550.103615494899,4430.152446654678,144807295,248618391,44.0560087026,-83.6051681641
Salix interior,131125,850.0757289024108,-4774.78370293187,4131.411983211634,158145705,273349263,40.4263916667,-79.90515
Salix interior,131125,-1515.8548221711335,-3480.6986190608227,5116.314534022125,163210539,282262970,53.4234966667,-113.5332716667
Salix interior,131125,485.099165398458,-4603.966101334182,4376.977046681063,169279608,293460890,43.3942629,-83.9851949
Salix interior,131125,1335.9627609735232,-4266.938360512483,4538.523290516034,221983756,393170229,45.428173,-72.614853
Salix interior,131125,-1548.8565670824346,-3653.953991558477,4983.91579903362,225579978,399959949,51.4698505058,-112.9713630149
Salix interior,131125,357.52693537835785,-4652.023216732669,4338.272422420775,278536043,500133497,42.9171133333,-85.605225
Salix interior,131125,-1601.0247523494204,-3691.923861013384,4939.248027435142,282658821,507843589,50.8294616667,-113.4442533333
Salix interior,131125,783.5977716651729,-4552.5696436310855,4387.463652477083,375033517,685549729,43.5241883333,-80.233825
Salix interior,131125,64.4294579474961,-4368.7934522380565,4636.727913767198,48499222,76960138,46.7010657164,-89.1550828704
Salix interior,131125,327.89765023615394,-4901.909350451712,4056.293995829335,50777276,80650924,39.54469991,-86.17308196
Ipomoea sagittata,131555,939.5004429217976,-5678.781405246339,2731.031636370328,73535694,120060066,25.3828988318,-80.6060466903
Ipomoea sagittata,131555,937.0538723533014,-5274.067526916425,3449.042605058799,94828580,157350924,32.77662399,-79.92527973
Ipomoea sagittata,131555,917.4506980435888,-5685.272641971701,2725.0160243170835,97609559,176892981,25.3230333909,-80.8330243081
Ipomoea sagittata,131555,452.70733067592965,-5509.512023465654,3167.0311753623623,122215350,206899647,29.80835029,-85.30265484
Ipomoea sagittata,131555,921.6038117716378,-5666.023439945347,2763.435890661357,153829527,265733458,25.7058891082,-80.7614934283
Ipomoea sagittata,131555,-19.812351878229045,-5541.056513457386,3144.2094896908434,165900668,287231560,29.5720933333,-90.2048633333
Ipomoea sagittata,131555,836.7492816438428,-5503.884850918115,3097.879164392959,178825640,311241664,29.0941559,-81.3555818
Ipomoea sagittata,131555,840.4329241444675,-5666.1815594408445,2788.872920221343,22705204,35183648,25.9600482687,-81.5631501777
Ipomoea sagittata,131555,964.72809369405,-5261.024224905368,3461.3114479736937,22977169,35617079,32.9079506,-79.6089613
Ipomoea sagittata,131555,62.18429655480811,-5498.063233555236,3218.2583679325003,26801511,41638182,30.340719078,-89.351999844
Ipomoea sagittata,131555,-1169.8505852192673,-5554.78776629822,2892.3235658071167,236528551,420809161,26.9994559402,-101.8928219005
Ipomoea sagittata,131555,1256.0903770361083,-5060.864550038402,3660.5518846970776,241490224,430398166,35.0691,-76.0610361667
Ipomoea sagittata,131555,711.0331420323695,-5535.359571676808,3073.105825196223,290678475,522933311,28.8395075826,-82.680272637
Ipomoea sagittata,131555,4911.865549391428,-24.83950433833261,4057.426888238814,7201841,9289336,39.5579134114,-0.289744623
Ipomoea sagittata,131555,-455.7881000809911,-5509.155262271128,3167.209913108436,59413814,94927378,29.8102028344,-94.7294719492
Astrantia major,131623,4033.316336490877,1148.5125665104729,4796.147552363331,190675433,334315992,48.8342203451,15.8946413961
Astrantia major,131623,4130.887400372885,1171.1237827013742,4706.80268342632,224704232,398287594,47.627978072,15.8282541067
Astrantia major,131623,4691.17436275082,90.1643320667025,4309.815149303952,225591441,399983853,42.5686383333,1.1010888333
Astrantia major,131623,3920.171591330757,1462.656837318587,4804.439904967686,226959138,402563770,48.9476430843,20.4610686746
Astrantia major,131623,4634.121703554665,-520.4022679689851,4340.950431162948,228413174,405328290,42.9500083333,-6.4073533333
Astrantia major,131623,4620.529218576474,-371.4343767013496,4370.640613658711,228711390,405889471,43.315891554,-4.5960010216
Astrantia major,131623,3325.2082353637934,1739.1300651330498,5148.608543839447,231193256,410588658,53.9137070967,27.6101916913
Astrantia major,131623,4675.592825821325,150.01773125626465,4325.052547324058,285859530,513828468,42.754985,1.837721
Astrantia major,131623,4721.779757816915,195.72481418991416,4272.732245935637,293355317,527998672,42.1174361667,2.3736366667
Astrantia major,131623,2633.873672154168,973.549181359776,5718.799227135384,301596683,543481969,63.84807727,20.2856421
Astrantia major,131623,4018.164078927267,823.7198679545028,4874.997040371722,307001011,553690606,49.92340675,11.58507466
Astrantia major,131623,3929.286776239824,516.9573948898086,4988.307690150341,315398722,569753626,51.5333004816,7.4950832955
Astrantia major,131623,3888.2412988557394,1381.33462398826,4854.1989440196285,380803264,696706947,49.6337533417,19.5580649748
Astrantia major,131623,4260.519337805928,1104.1703958221756,4606.358196976118,386946782,708517525,46.3042716667,14.529305
Astrantia major,131623,4374.8252467713855,713.7510436099218,4576.157409621622,51290018,81477275,45.9125165445,9.2661450058
Hillia parasitica,133660,1635.9811167966516,-5820.790334390203,2007.9140415445609,84330095,138590609,18.3707281,-74.30154406
Hillia parasitica,133660,2365.554258550959,-5572.446841673805,1985.3821738517995,130674077,222260293,18.1573445529,-66.998336774
Hillia parasitica,133660,2478.75374036963,-5516.825922820623,2002.539578029704,149790332,258166245,18.319806469,-65.8052375251
Hillia parasitica,133660,2950.5791505010525,-5390.030553223485,1682.6783535849215,160300459,276997162,15.3143666667,-61.3030783333
Hillia parasitica,133660,2475.1566921463223,-5519.280770898594,2000.2230503095736,196369502,345704217,18.2978626,-65.8458462
Hillia parasitica,133660,2479.934326292097,-5516.707908055993,2001.4026891528024,202445149,357541007,18.3090366667,-65.7945783333
Hillia parasitica,133660,2479.9530168371866,-5516.930151709025,2000.7668192773976,216649461,383172717,18.3030133333,-65.79528
Hillia parasitica,133660,1957.183901440141,-5729.654395445861,1982.484505454935,220265858,389961142,18.1299217371,-71.1404243299
Hillia parasitica,133660,2479.952294942899,-5516.958368494519,2000.6899072028093,243265383,433760928,18.3022847911,-65.7953958213
Hillia parasitica,133660,2483.5718074964925,-5516.45707470218,1997.579923220672,274833618,493986057,18.2728283333,-65.7621833333
Hillia parasitica,133660,2480.4780837868484,-5516.926672445501,2000.1254201649367,296410531,533707909,18.2969378359,-65.7907302431
Hillia parasitica,133660,4497.204218076981,-3921.9243598272,-2232.356751592821,305404957,550652124,-20.5113533333,-41.09105
Hillia parasitica,133660,3714.079174981983,-4288.274911853626,-2899.321867611351,308560897,556692332,-27.0701138333,-49.1041305
Hillia parasitica,133660,2906.2169664131184,-5389.35778340744,1760.2496289548262,332504457,603445870,16.0389382529,-61.6641867533
Hillia parasitica,133660,3750.17529395864,-4262.253934866339,-2891.21597065596,333541393,605564111,-26.9882772504,-48.6568305058
Pyrrhopappus pauciflorus,135226,-689.9474303890606,-5381.784367125424,3339.1799440493423,76643328,125357415,31.6090928907,-97.3054984732
Pyrrhopappus pauciflorus,135226,-744.3475258249696,-5673.633424731488,2800.99690329092,115511668,194948640,26.0813805206,-97.4741846174
Pyrrhopappus pauciflorus,135226,-836.4304947810807,-5628.864179213895,2864.6160666030623,23048213,35732197,26.7201427371,-98.4521140997
Pyrrhopappus pauciflorus,135226,-738.2432472375202,-5685.608983164128,2778.2369460053246,209670292,370988089,25.8537103818,-97.3981326073
Pyrrhopappus pauciflorus,135226,818.7075655479383,-5365.884371667075,3335.6792354318254,228105988,404676546,31.5721333766,-81.324918126
Pyrrhopappus pauciflorus,135226,-775.1410031947324,-5325.936896679646,3409.2969550084777,271528632,488425151,32.3525047302,-98.2807312012
Pyrrhopappus pauciflorus,135226,-865.969246648053,-5467.510300884863,3153.756728610366,273081383,491232975,29.67086167,-99.00000703
Pyrrhopappus pauciflorus,135226,-654.1499850030751,-5319.152237738187,3445.0631922452094,273834996,492407097,32.7340696988,-97.0110380836
Pyrrhopappus pauciflorus,135226,-793.5079816825286,-5485.204386405218,3142.074323125491,274855957,494020931,29.5500177811,-98.2314942777
Pyrrhopappus pauciflorus,135226,-784.8576029613675,-5500.824284158732,3116.8387618804963,274981914,494222469,29.28947,-98.1201555
Pyrrhopappus pauciflorus,135226,-831.3488852235877,-5483.309806419856,3135.5901721262594,275263562,494670929,29.48300747,-98.62120863
Pyrrhopappus pauciflorus,135226,-508.0329648471123,-5498.099814051874,3178.451520949917,339786838,618191763,29.9267866667,-95.2792283333
Pyrrhopappus pauciflorus,135226,-810.2124479837665,-5489.250535088454,3130.72475344619,341154981,620986383,29.432755,-98.396225
Pyrrhopappus pauciflorus,135226,-664.9970756590499,-5287.45972196624,3491.4612567844765,347091749,632802027,33.23150839,-97.16837941
Pyrrhopappus pauciflorus,135226,-644.9356093960882,-5210.659200315953,3608.7174851424775,372458821,680603700,34.5015099129,-97.0557497075
Podolobium ilicifolium,138701,-4586.040783088565,2591.2528435001377,-3583.767817057671,95114711,157866492,-34.2296861111,150.5322277778
Podolobium ilicifolium,138701,-4544.129221486165,2555.391350175664,-3662.0510367225056,97727955,162578251,-35.0855742875,150.6487728283
Podolobium ilicifolium,138701,-4517.888128982005,2571.076558063065,-3683.47734026687,97969572,163022735,-35.3213947825,150.3563089484
Podolobium ilicifolium,138701,-4600.3058823374495,2623.2259997203105,-3541.980275636818,104016388,174229250,-33.7763674029,150.306974745
Podolobium ilicifolium,138701,-4561.444073687358,2615.3528486828886,-3597.625684974219,105546203,177116402,-34.3805570974,150.1717345014
Podolobium ilicifolium,138701,-4689.3772563290895,2591.3248970649847,-3447.394574943814,131528667,223847271,-32.7589981307,151.0751939884
Podolobium ilicifolium,138701,-4657.625448009478,2584.8270258660355,-3494.9889215968183,134272002,228845087,-33.2694441866,150.9711839764
Podolobium ilicifolium,138701,-4758.43777054998,2506.8401780195027,-3415.080589876017,135446658,231094967,-32.4140966667,152.2188416667
Podolobium ilicifolium,138701,-5020.177479451607,2572.9647249477234,-2960.983574533813,144468466,247957705,-27.694625,152.8637416667
Podolobium ilicifolium,138701,-4606.25894327703,2630.4988323339,-3528.8252394030224,183812466,320729443,-33.6341561995,150.2705847832
Podolobium ilicifolium,138701,-4674.683563043566,2576.9212687578465,-3478.0114274842726,225107609,399047912,-33.0870222222,151.1342305556
Podolobium ilicifolium,138701,-4611.255411926363,2631.382124104119,-3521.633821481524,320608451,579697740,-33.5565133333,150.2890466667
Podolobium ilicifolium,138701,-4703.635573303335,2549.5881194150497,-3459.070098244681,395976135,726118835,-32.8839445071,151.5402581838
Podolobium ilicifolium,138701,-4489.699272132695,2586.0581670583933,-3707.378687439303,60799594,97241625,-35.5852702769,150.0581400096
Podolobium ilicifolium,138701,-4623.199431548192,2648.499640905997,-3493.0258799400144,62254105,99719305,-33.248332,150.19283
Drosera glanduligera,143360,-2359.580033352671,4868.305479516479,-3364.77888634464,93671671,155285238,-31.8798076736,115.8586329594
Drosera glanduligera,143360,-2633.168896541184,4657.085675036612,-3459.440374877749,131056334,222969920,-32.8879099257,119.4843087476
Drosera glanduligera,143360,-2554.072942213911,4791.907798593987,-3332.2791277596093,133894368,228138800,-31.53625,118.0574861667
Drosera glanduligera,143360,-2356.8940074300067,4696.009781223519,-3603.095322368117,141867642,243134319,-34.44018,116.65175
Drosera glanduligera,143360,-4113.94912187471,2862.6835534707943,-3933.219880071742,16479443,24837234,-38.123761706,145.1679478644
Drosera glanduligera,143360,-2366.34189142394,4855.83922676965,-3378.017848729449,183797445,320708801,-32.0201249835,115.9808459495
Drosera glanduligera,143360,-3916.509180314201,3448.4428254709665,-3654.989883659028,198380177,349641702,-35.0080078,138.6364402
Drosera glanduligera,143360,-2364.23054080437,4978.71733291845,-3195.706619591778,233918195,415771218,-30.1060011839,115.4015188419
Drosera glanduligera,143360,-2431.3308789366765,4845.7940260654905,-3346.14159051204,238904453,425402787,-31.6826356813,116.644772012
Drosera glanduligera,143360,-2421.937175313648,4857.88027675871,-3335.41191836779,241807165,431006378,-31.5693117192,116.498936489
Drosera glanduligera,143360,-2651.2544288177914,4622.0721534207405,-3492.4278220063534,242071360,431515403,-33.241901,119.838898
Drosera glanduligera,143360,-2368.550943044482,4959.23748398704,-3222.682599527672,312875896,564953103,-30.3868322853,115.5293208085
Drosera glanduligera,143360,-3889.1885665700456,3275.8619696990395,-3838.3191345715113,318564632,575765839,-37.04675,139.8925783333
Drosera glanduligera,143360,-2405.929653878533,4819.345205451135,-3402.229771923188,61098489,97736682,-32.2773007246,116.5294410635
Drosera glanduligera,143360,-2322.6523846529863,4754.232001398562,-3548.5654998352584,61519815,98458159,-33.847645,116.03755283
Sambucus cerulea,143799,-2475.1051941718497,-4505.512482892734,3763.504307684357,79358220,129981249,36.2083633333,-118.7822116667
Sambucus cerulea,143799,-2483.8140603016905,-4478.8097277253,3789.549348716584,79897697,130904911,36.4991960642,-119.0114412146
Sambucus cerulea,143799,-2474.7198136882635,-4637.892033111149,3599.371120434832,82490976,135393670,34.399578958,-118.0838099867
Sambucus cerulea,143799,-1740.6060319943558,-4499.32095106147,4161.268406435904,86434598,142388394,40.7800442333,-111.1494465327
Sambucus cerulea,143799,-2500.1004962281586,-4215.916671916825,4070.048802396712,86597312,142685486,39.7053,-120.6685633333
Sambucus cerulea,143799,-1908.6224416553607,-4673.841537800933,3886.144462627912,87073077,143531274,37.5875633333,-112.2132716667
Sambucus cerulea,143799,-2626.07804242851,-4236.148933925024,3968.439171054303,115045791,194208240,38.5275033333,-121.7956466667
Sambucus cerulea,143799,-2138.73189492263,-3704.40922781446,4721.539080024772,117094904,197717126,47.824995,-119.9998866667
Sambucus cerulea,143799,-2567.6996917447736,-4594.839384934184,3589.445980837276,118097347,199506640,34.2914716667,-119.1974416667
Sambucus cerulea,143799,-2492.738583340016,-4611.795465707917,3620.407444926792,162812176,281549508,34.6291757328,-118.391828835
Sambucus cerulea,143799,-1793.9970533251346,-4519.9448098379125,4115.996430799896,165172481,285882778,40.2445195806,-111.6484669939
Sambucus cerulea,143799,-2648.0522471402214,-4569.822923903133,3562.904835981797,166492888,288321822,34.0030583333,-120.0907888333
Sambucus cerulea,143799,-2701.5439056662235,-4312.055513490106,3833.743719135996,167257994,289723946,36.9952133425,-122.0675361667
Sambucus cerulea,143799,-2516.2864144572814,-4121.481020161981,4155.893407023296,172923068,300248893,40.7162383333,-121.4053033333
Sambucus cerulea,143799,-2527.941538801771,-4163.619551165321,4106.523704939722,174629182,303400097,40.1330028333,-121.26403
Ranunculus lanuginosus,145537,4512.448619277164,879.4919931513891,4410.67505287384,72675681,118533558,43.81277049,11.02888196
Ranunculus lanuginosus,145537,4201.230832011911,1207.4480702432193,4634.811946939796,74256082,121338782,46.6759468011,16.0348315253
Ranunculus lanuginosus,145537,3876.600727169474,1426.9754761213082,4850.305240119936,82915467,136122583,49.5797174897,20.2086449155
Ranunculus lanuginosus,145537,4483.665414229846,895.4009131087239,4436.750476161647,92785158,153680492,44.1386330818,11.2935627837
Ranunculus lanuginosus,145537,4677.733341897943,1208.6600100443495,4153.035623720717,113214708,191295186,40.6823388621,14.4875531653
Ranunculus lanuginosus,145537,3815.7286665548513,1344.106785300654,4921.721733562119,118528641,200271774,50.58058371,19.4050308978
Ranunculus lanuginosus,145537,4067.536210062847,1189.2384787130995,4757.1645073776,161289673,278775947,48.3044084114,16.2975039706
Ranunculus lanuginosus,145537,4018.196468725963,771.9334201773406,4883.438241977568,208265347,368471464,50.041464,10.874572
Ranunculus lanuginosus,145537,3841.876577451143,1393.6197916549431,4887.490293557356,209781067,371141273,50.098238548,19.9379640138
Ranunculus lanuginosus,145537,3904.745594056482,1487.7449002810051,4809.296215358521,222302754,393752671,49.0141875,20.8573125
Ranunculus lanuginosus,145537,3711.3799274442526,1312.6149205478064,5009.2368914033805,223082411,395234217,51.8368906473,19.4773127139
Ranunculus lanuginosus,145537,4792.659805672843,752.7288850823667,4129.596147606693,4069000,4823155,40.404943,8.925884
Ranunculus lanuginosus,145537,3846.606376705447,1400.2225606114864,4881.879688513538,349811772,638173844,50.0196445,20.0022666667
Ranunculus lanuginosus,145537,3925.0915519916302,1363.181805581708,4829.611247615316,362066729,660806977,49.2935285036,19.152081795
Ranunculus lanuginosus,145537,3895.889175694673,964.5209651016316,4947.878329977601,55437266,88274393,50.9525027834,13.9053472222
Lonicera utahensis,148098,-1751.936323815295,-3747.251160335084,4845.470151424044,78140354,127841500,49.5127005,-115.0572985
Lonicera utahensis,148098,-2039.531213624248,-3914.3253750105887,4594.357671849032,81054763,132905611,46.14827094,-117.52144428
Lonicera utahensis,148098,-1713.0189393880946,-3755.5002731504846,4852.992575858916,82945350,136180825,49.6170052598,-114.519437179
Lonicera utahensis,148098,-2147.8493316888016,-3627.451375599737,4776.8287488354645,83130698,136505833,48.5709679172,-120.6301888821
Lonicera utahensis,148098,-1887.070498998164,-3977.4723920196393,4605.261277301194,12589825,18195934,46.2899938311,-115.3815157592
Lonicera utahensis,148098,-1781.9086300595088,-4490.586568925876,4153.214060312736,172675664,299789729,40.684455,-111.6436616667
Lonicera utahensis,148098,-1813.8075451982,-3956.984369765036,4652.110275573304,209181805,370170738,46.90315877,-114.6258347983
Lonicera utahensis,148098,-1964.530761230788,-3547.5974743871966,4913.748485380281,214302708,378778578,50.467796,-118.976093
Lonicera utahensis,148098,-2355.4676888528465,-3554.616986805721,4733.521223524817,226047307,400834997,47.985742,-123.530454
Lonicera utahensis,148098,-1998.2137618490435,-3563.654526124865,4888.482516084546,285410718,513007983,50.11215114,-119.28023828
Lonicera utahensis,148098,-1837.754952894104,-3787.1444433849633,4782.25332115824,349871547,638289419,48.6447483532,-115.8855082372
Lonicera utahensis,148098,-1911.8190415213287,-3768.338288457584,4768.052812826056,353001131,644150095,48.45183245,-116.9003859
Lonicera utahensis,148098,-1767.4711996961748,-3985.960483252565,4645.203732224344,48705982,77295873,46.812326863,-113.9136553054
Lonicera utahensis,148098,-1778.8277299246392,-3715.231133374552,4860.306848598454,50517520,80214449,49.71863833,-115.58478667
Lonicera utahensis,148098,-1693.6231215433097,-4286.588142570004,4398.472001482966,51115040,81194914,43.660879733,-111.558885227
Gaillardia pinnatifida,148119,-1680.770384434786,-5270.582827071867,3160.019099223849,9296190,12603967,29.7357,-107.6873
Gaillardia pinnatifida,148119,-1451.2826802532034,-4990.651967053652,3684.6878640419495,88530083,146078863,35.3347384459,-106.214442289
Gaillardia pinnatifida,148119,-1131.2684938951138,-5280.313229535101,3380.573460582438,12468264,17990049,32.0472361667,-102.0924
Gaillardia pinnatifida,148119,-1348.226213718109,-5225.236848974854,3386.582211970662,111692178,188576071,32.1110116183,-104.4680117402
Gaillardia pinnatifida,148119,-1524.898328701739,-4731.209176518807,3984.984058289858,1535298,1902114,38.717951,-107.864456
Gaillardia pinnatifida,148119,-1580.8286011703958,-4689.847812315149,4011.989725899343,165223964,285980939,39.0299083333,-108.627655
Gaillardia pinnatifida,148119,-1054.9346328487068,-5115.448604601896,3648.157291533676,3056182,3520535,34.933022,-101.65248
Gaillardia pinnatifida,148119,-1704.4704196512887,-4693.3165675069695,3956.932311194593,328507773,595294076,38.395345,-109.9594883333
Gaillardia pinnatifida,148119,-1618.5641946657397,-4698.881485112468,3986.290991170956,346914831,632446845,38.7330166667,-109.0066444444
Gaillardia pinnatifida,148119,-2188.209428329815,-4618.936281626217,3803.5404892971646,348219333,635040648,36.65588,-115.3491366667
Gaillardia pinnatifida,148119,-2188.065791687201,-4618.963680450961,3803.589849024288,350560750,639640057,36.6564333333,-115.34755
Gaillardia pinnatifida,148119,-1459.6984161161247,-5002.584944695777,3665.129947869335,370200851,676289032,35.1194190995,-106.2666552693
Gaillardia pinnatifida,148119,-1662.7640987827488,-4719.870347925893,3943.068929177696,390110512,714656712,38.2364416667,-109.4068616667
Gaillardia pinnatifida,148119,-1054.445782267388,-5115.273628286377,3648.5439465208415,5778875,7176992,34.9372636,-101.6476154
Gaillardia pinnatifida,148119,-2009.8210130460463,-4675.978285976237,3832.179496614783,50314216,79892408,36.9776022325,-113.2589178813
Lygodesmia juncea,148137,-1318.6238693367748,-4060.225632963544,4729.223195231806,85523953,140725943,47.9280241528,-107.992042467
Lygodesmia juncea,148137,-1422.6698875572824,-3756.437683205577,4945.193570822915,86887842,143214833,50.9141916667,-110.7431033333
Lygodesmia juncea,148137,-1087.4568382759612,-3877.742142997604,4936.629075288585,105556661,177136804,50.7921877177,-105.6653859679
Lygodesmia juncea,148137,-491.1545437838358,-4328.975594009821,4648.493374230541,173861625,301979824,46.8555716667,-96.4729533333
Lygodesmia juncea,148137,-1537.5634219779004,-3879.207170666232,4814.291596914829,235036838,417937334,49.0827305,-111.621405
Lygodesmia juncea,148137,-1259.4915357669845,-4642.505743855518,4177.388492740086,237582417,422849445,40.9717725531,-105.178742879
Lygodesmia juncea,148137,-1257.0317591165788,-4801.685211086634,3994.176187886762,28678300,44720741,38.8239808,-104.6702239
Lygodesmia juncea,148137,-1377.2664606245646,-3777.206654993429,4942.226230312558,28845717,44992365,50.8718848132,-110.0331531401
Lygodesmia juncea,148137,-1255.1440191040183,-4730.178390042905,4079.188524615644,309350664,558216960,39.8122216667,-104.8608633333
Lygodesmia juncea,148137,-482.09543360498526,-4174.734833196662,4788.415833558015,35954114,56762704,48.7286968084,-96.5872980422
Lygodesmia juncea,148137,-967.6641491201096,-4694.234527763692,4197.325508289329,369874459,675659387,41.2096721782,-101.6477323696
Lygodesmia juncea,148137,-1252.282565915636,-4738.027521319864,4070.9503450664606,385975108,706662770,39.715839386,-104.8049926758
Lygodesmia juncea,148137,-2044.5721640184656,-3594.4145453884644,4846.613443601431,53615729,85281298,49.5285388636,-119.6320520167
Lygodesmia juncea,148137,-524.9947693066574,-4625.3173492398655,4349.778504786053,55875991,89000430,43.0585716994,-96.4756200065
Lygodesmia juncea,148137,-1639.3837356376175,-3649.630195001611,4958.061469640809,56220512,89577901,51.0981027887,-114.1892223052
Alpinia purpurata,154466,1139.4014508031407,-6188.360898766454,997.8511162511088,9155898,12381391,9.0109790053,-79.5675373173
Alpinia purpurata,154466,-5463.135149060492,-2382.849280555873,2250.7635990773406,9514735,12969359,20.688197159,-156.4346705654
Alpinia purpurata,154466,1407.4213726822402,-5886.571231732271,1989.2705555395653,10249105,14176626,18.19415,-76.5535666667
Alpinia purpurata,154466,849.2192580192934,-6228.108075867157,1038.869374274212,112118059,189357181,9.38467,-82.23545
Alpinia purpurata,154466,818.5789364195671,-6230.924504596845,1046.5474057787408,142943011,245136435,9.4546639,-82.5157084
Alpinia purpurata,154466,4024.691145163242,-4262.103860123591,-2495.2124160563176,198801426,350467184,-23.0572729,-46.6410478
Alpinia purpurata,154466,744.7439140048591,-6231.136693107193,1099.111069930295,204672964,361790659,9.9342293077,-83.1843536857
Alpinia purpurata,154466,-5526.382932550524,-2081.7223614148934,2390.6645148319963,226312946,401351532,22.0392166667,-159.3592083333
Alpinia purpurata,154466,601.066979054876,-6235.731271636644,1159.3649659620212,227590532,403766977,10.484825,-84.494225
Alpinia purpurata,154466,314.4764523590048,-6128.4710451973815,1712.5128725841569,260430860,467691518,15.5927388889,-87.0625
Alpinia purpurata,154466,-1885.960659405383,5953.281168375245,1261.4867621665028,345551278,629751444,11.4202766892,107.5778622107
Alpinia purpurata,154466,639.5991587681217,-6252.7783538011945,1040.8789093913683,39912003,63370800,9.402987805,-84.1595059633
Alpinia purpurata,154466,1804.296561549112,-5999.943347311865,1155.3990119034966,350044199,638624857,10.4485548567,-73.2629725803
Alpinia purpurata,154466,-5438.028113396349,-2528.307840406585,2150.64242302782,363726503,663967021,19.72871262,-155.06482306
Alpinia purpurata,154466,562.3701084438615,-6236.755956708185,1173.1871663427132,53765589,85524988,10.6112675463,-84.8475569487
Houttuynia cordata,157642,-3731.5640017535698,3081.639391650574,4143.510816966911,140036697,239641327,40.5694783333,140.4490666667
Houttuynia cordata,157642,828.521444188249,-5140.425743968281,3671.420503966524,160553167,277445237,35.1886115559,-80.8439482749
Houttuynia cordata,157642,4747.95878802711,-722.0059205178894,4186.328693212071,167389400,289967133,41.0783455242,-8.6465319246
Houttuynia cordata,157642,-2704.8895434046003,-4237.7304608986815,3913.434071046724,180306863,314051379,37.8979218463,-122.5495731838
Houttuynia cordata,157642,-2964.772398144149,5035.414581599624,2538.597594794005,23928793,37017336,23.4819941095,120.4889032245
Houttuynia cordata,157642,-644.6245884305615,-5302.048131776783,3473.1106918712653,24997723,38677798,33.034434593,-96.9320156956
Houttuynia cordata,157642,-3015.2100461312943,4910.029437504028,2718.4319800631824,221785192,392797839,25.257545,121.553755
Houttuynia cordata,157642,-2969.298351624886,4985.231380152809,2630.6821387341497,285873205,513873791,24.3880533333,120.77883
Houttuynia cordata,157642,-3716.217023213524,3536.238849365118,3778.1607914825854,286730780,515504813,36.3718916667,136.42157
Houttuynia cordata,157642,-3702.2221734517607,3760.455636415714,3569.6326862338137,289128499,520002261,34.0760744953,134.5529133081
Houttuynia cordata,157642,-3885.7977405202014,3100.6707668102654,3984.4911651669854,290785323,523131756,38.71227,141.411897
Houttuynia cordata,157642,-3647.246311638399,3815.500692450629,3567.8147286296,368197664,672475041,34.0563383251,133.7084336427
Houttuynia cordata,157642,-3187.6009351853363,3919.727638493492,3881.325630208477,373160394,681945917,37.5328944378,129.1186991942
Houttuynia cordata,157642,-3794.536837178442,3329.6749871491056,3886.451826657171,48989355,77756950,37.5910516916,138.7333137092
Houttuynia cordata,157642,1337.228333820998,-4399.798296031908,4409.461244544335,52182788,82937481,43.797645,-73.09442783
Amblyolepis setigera,158261,-935.3200984507852,-5412.367909919556,3228.188818948555,75004822,122657164,30.4442533333,-99.8045416667
Amblyolepis setigera,158261,-932.8382535196802,-5410.369961574546,3232.2535174920336,75689852,123859139,30.4866633333,-99.78257
Amblyolepis setigera,158261,-837.5629076275657,-5465.852155463275,3164.285341125443,78771635,128953328,29.7798951399,-98.7119834839
Amblyolepis setigera,158261,-1053.3833858211594,-5422.504310003457,3174.3634921267776,100715960,168121407,29.884375,-100.993436
Amblyolepis setigera,158261,-880.2271153405692,-5505.960751015425,3082.101484924582,150022373,258608609,28.931902726,-99.0829043539
Amblyolepis setigera,158261,-735.7258034621383,-5430.567843593252,3249.2143000929264,154105592,266240779,30.6638277778,-97.7153777778
Amblyolepis setigera,158261,-1132.4006337517726,-5280.479576501585,3379.9345225175084,21931309,33986413,32.0404572459,-102.1037749574
Amblyolepis setigera,158261,-763.7577510543956,-5529.591730828115,3070.837429389432,196066778,345093378,28.8162216667,-97.864045
Amblyolepis setigera,158261,-786.4073589306288,-5517.096020516007,3087.550500947898,200716630,354178899,28.9879100668,-98.1122990452
Amblyolepis setigera,158261,-864.3655323617174,-5527.058098426922,3048.6479187921736,200839711,354418329,28.5887115544,-98.8883770697
Amblyolepis setigera,158261,-788.2371480747634,-5443.258692532249,3215.4890972050434,207411486,366871269,30.3118663713,-98.2397131263
Amblyolepis setigera,158261,-1134.959774003494,-5284.451057301816,3372.861761776353,25827085,40039221,31.9654510854,-102.1214726278
Amblyolepis setigera,158261,-935.4912998808652,-5412.6517787437215,3227.663222764586,277254205,497844664,30.4387707479,-99.8057971441
Amblyolepis setigera,158261,-709.8220385543643,-5567.582881961081,3014.618824288389,289324526,520374861,28.2407616667,-97.265555
Amblyolepis setigera,158261,-770.1325072512083,-5505.589962580374,3112.0938634441336,342474142,623670429,29.2405550448,-97.9629749837
Amorpha canescens,158286,30.42554006209518,-4830.453460705995,4153.979631647565,9296353,12603882,40.6935349235,-89.6391162867
Amorpha canescens,158286,-490.1382931387844,-4328.280596993181,4649.247751730251,79899379,130908399,46.8654934317,-96.4607018977
Amorpha canescens,158286,-1122.3968047033163,-4961.864840777537,3835.34559646519,84442874,138790098,37.0132526245,-102.7460610007
Amorpha canescens,158286,391.9875134981319,-4741.74329167823,4236.97645435557,88289295,145652738,41.6854033333,-85.2742533333
Amorpha canescens,158286,-869.6260279056178,-4655.618438523665,4261.305041433317,125941750,213633807,41.9790442927,-100.5803881958
Amorpha canescens,158286,-568.3530300930248,-4910.872368392893,4018.7137922744246,144300694,247638127,39.1077956954,-96.6016775597
Amorpha canescens,158286,-496.5522002822649,-5352.052913827541,3420.3389670707224,164063635,283827689,32.47013146,-95.30060779
Amorpha canescens,158286,241.39622828126696,-4756.83497665076,4231.312089123299,171430553,297472025,41.6172280421,-87.0948896577
Amorpha canescens,158286,-389.41031139311536,-5071.82159382318,3835.979465467334,222056048,393303763,37.02039202,-94.39050917
Amorpha canescens,158286,-83.25065500705819,-4678.819832561231,4323.362977191486,237395615,422478253,42.7342947252,-91.0193613058
Amorpha canescens,158286,4.250687689128,-4633.628724582736,4372.553019009989,257007978,460942584,43.3395342301,-89.9474393805
Amorpha canescens,158286,-429.7867640201412,-4938.449110062778,4002.0940586736174,306067433,551909191,38.9154389512,-94.9738446924
Amorpha canescens,158286,-499.5381370524637,-4536.852948658406,4444.90495978903,377691315,690703021,44.2409083333,-96.2833416667
Amorpha canescens,158286,-243.96206787032105,-5008.006862078827,3930.661891906916,393591208,721441441,38.094525,-92.788925
Amorpha canescens,158286,-402.257568138047,-5441.992154970852,3288.2614500353843,50174559,79673453,31.07293883,-94.22746333
Calopogon pallidus,159702,873.4769636342124,-5579.786792959612,2948.350465733557,111438013,188120366,27.5663883333,-81.10295
Calopogon pallidus,159702,477.6357187931366,-5490.869627316252,3195.616996078578,117170754,197851590,30.1050695,-85.0285111667
Calopogon pallidus,159702,481.2208463706817,-5499.165811640764,3180.7789930734107,154117558,266264937,29.9509413346,-84.9989021268
Calopogon pallidus,159702,95.0244972666697,-5468.105474496737,3268.11046238885,155414901,268641023,30.8615916667,-89.0044166667
Calopogon pallidus,159702,360.8902405063295,-5471.599207236591,3243.626593699193,22565710,34961157,30.6054254249,-86.2264083513
Calopogon pallidus,159702,531.166125927071,-5490.557606742798,3187.6939695309297,23226153,35989826,30.0227400968,-84.474301748
Calopogon pallidus,159702,969.3336137494856,-5592.707016692325,2893.4017523277384,207404971,366862372,27.0103388833,-80.1671216667
Calopogon pallidus,159702,971.1676252079654,-5593.156557237726,2891.917408857655,210532786,372367884,26.9953565674,-80.1496579391
Calopogon pallidus,159702,921.876025472865,-5550.257615214993,2989.0697763825733,214592120,379317866,27.9802656816,-80.5694894412
Calopogon pallidus,159702,479.08737264908285,-5493.310841017847,3191.2010941025665,229824612,408000745,30.0591747284,-85.0156824748
Calopogon pallidus,159702,975.8551329017888,-5591.925171351512,2892.720651440791,268750186,483116106,27.0034639,-80.1009152
Calopogon pallidus,159702,955.1850853161112,-5598.5231259271695,2886.851813121999,274307714,493170242,26.9442416667,-80.31778
Calopogon pallidus,159702,865.7507120587347,-5566.034648262289,2976.4890607208554,279549785,502001498,27.852225,-81.1589583333
Calopogon pallidus,159702,879.1951718938918,-5577.2830981144925,2951.38649161412,292514865,526407558,27.597192841,-81.04169181
Calopogon pallidus,159702,853.8113422005985,-5504.265157452567,3092.5433542734227,325256044,588859053,29.0392554118,-81.1826573329
Caragana arborescens,159827,-1809.2333161635504,-3392.0741558712266,5080.379991539195,69297886,112423399,52.8845833333,-118.0741583333
Caragana arborescens,159827,2868.6713668149114,2204.6018848835715,5244.064096486761,80072289,131206583,55.39770441,37.54262863
Caragana arborescens,159827,1247.3347351284492,-4223.773936117424,4603.6553872759205,87267298,143849198,46.2690977949,-73.5474520254
Caragana arborescens,159827,234.76935337007984,-4416.595355189538,4585.664831724385,13466976,19771421,46.0355440632,-86.9572387263
Caragana arborescens,159827,2845.167835058116,1724.5672765239128,5433.290055645018,120625124,204041708,58.519146,31.221689
Caragana arborescens,159827,3634.454531917668,1762.2352132649696,4926.968686548507,197083624,347026300,50.6549534516,25.86731971
Caragana arborescens,159827,-327.549586307316,-4435.820275930988,4561.355377278433,3169630,3665562,45.7215167,-94.223167
Caragana arborescens,159827,-1521.562401299644,-3493.4804824620383,5105.898070593018,221193544,391684621,53.2665816959,-113.5352160082
Caragana arborescens,159827,-1097.9355377727836,-4421.43157976057,4453.676399343465,27613454,42982465,44.3511204345,-103.9456819174
Caragana arborescens,159827,2040.1096812820704,2673.1047453777423,5411.304522779659,261523693,469856489,58.1425447966,52.6491787301
Caragana arborescens,159827,3384.023599341029,2328.0369024523866,4870.152111546447,269252922,484098768,49.8557768179,34.5260026882
Caragana arborescens,159827,-253.06502735372453,-4539.650927562567,4462.878071098091,359694399,656297848,44.4669615501,-93.1906784847
Caragana arborescens,159827,-298.83677577938107,-4506.850302043144,4493.189297825414,364062565,664592806,44.8501930237,-93.7935714722
Caragana arborescens,159827,2865.064851993343,1344.3681151492065,5529.360803431077,366092830,668448774,60.2148323059,25.1372756958
Caragana arborescens,159827,-1117.4550719012511,-3748.7548046331112,5028.706066842619,49382021,78391164,52.1211514619,-106.598634622
Carduus crispus,159854,2635.938284924925,975.6889216030648,5717.483153976541,86840644,143132260,63.8212366667,20.3119633333
Carduus crispus,159854,171.81847185932247,4073.491693680176,4895.599755282694,90516700,149610846,50.2120653232,87.5847155053
Carduus crispus,159854,3630.6748049586818,1457.949616545451,5028.154383661131,165773854,286992198,52.1130716587,21.8786362436
Carduus crispus,159854,3879.878547799832,-205.5645370191185,5049.162188434852,226514916,401735121,52.4217887897,-3.032821274
Carduus crispus,159854,252.2071764788652,3443.0608142457017,5354.575323890375,30234612,47226714,57.1886810623,85.8105171589
Carduus crispus,159854,2471.835033124088,2779.8410192636893,5172.259526195189,33311944,52312783,54.2764,48.3565
Carduus crispus,159854,4008.547553272984,488.1312204151357,4927.781199940055,297960029,536657285,50.6664804564,6.9428725541
Carduus crispus,159854,2842.17512150762,1733.9639479578152,5431.8654931379815,299740134,540024608,58.4946217351,31.3866747916
Carduus crispus,159854,3835.3939723732487,1383.1269939540118,4895.555731983462,326649467,591638066,50.2114466667,19.8304133333
Carduus crispus,159854,2136.6811350651687,2546.349354393957,5435.112861947904,40226634,63902831,58.5505511735,49.9994674657
Carduus crispus,159854,3903.336499878736,301.2719757302353,5026.22646674734,357619289,652264574,52.0848473988,4.4135209646
Carduus crispus,159854,-110.56101205147392,3769.9784359730734,5134.665713032309,50876699,80809129,53.7013601326,91.6798144487
Carduus crispus,159854,4324.355321541406,757.5296469142568,4616.909465950132,53139863,84505487,46.4418009389,9.9361116277
Carduus crispus,159854,1693.0090724265517,2928.25049352512,5398.964943165375,61561350,98522013,57.9329100308,59.965044022
Carduus crispus,159854,3113.347268055777,1950.3725580275056,5205.081056339114,62392502,99959169,54.78508333,32.0653
Cassytha filiformis,160172,929.6352188102278,-5679.0258845049375,2733.897674154614,83657508,137416522,25.4114311568,-80.7033498958
Cassytha filiformis,160172,1760.114181723686,5809.184403733364,1935.233257360372,105500285,177028477,17.683348,73.143812
Cassytha filiformis,160172,5146.815547913852,-3623.510699210859,-984.9939381204872,119645655,202280571,-8.8939258008,-35.146680981
Cassytha filiformis,160172,-3093.3353872692974,5031.064127566282,2389.439904216189,133573789,227544151,22.0273357875,121.5851605259
Cassytha filiformis,160172,-1058.3163679521551,6227.612783939525,828.5883225794353,173475259,301260906,7.472832,99.644667
Cassytha filiformis,160172,937.1447041970944,-5677.975084274223,2733.516393847657,21037112,32497385,25.407635,-80.627876
Cassytha filiformis,160172,4930.193240629979,-3951.0005795726056,-820.0866783095714,199299013,351450549,-7.3957268244,-38.7082875987
Cassytha filiformis,160172,977.0500553322868,-5649.427506084614,2778.325965855553,27447074,42706686,25.8546,-80.1879416667
Cassytha filiformis,160172,-5120.970843996531,2631.100340547034,-2728.135213399103,254047532,454966408,-25.35407086,152.80638341
Cassytha filiformis,160172,-5032.65446480998,3295.978179363693,-2097.300648134172,29622701,46240668,-19.2198883333,146.7784716667
Cassytha filiformis,160172,919.0856129465052,-5684.137060325254,2726.8334465436583,36423110,57574519,25.34111667,-80.81516333
Cassytha filiformis,160172,-4156.292451867668,4828.24404297624,-55.18736893294847,323153658,584712181,-0.496317454,130.722823677
Cassytha filiformis,160172,-2962.911711343924,5079.204354965556,2452.05840896121,40209214,63872462,22.6361401,120.2567949
Cassytha filiformis,160172,-5742.207421414001,1615.6693111421096,-2237.503013667017,390475999,715381678,-20.5607754132,164.285135027
Cassytha filiformis,160172,-5037.95689488175,3440.2796406331563,-1836.632638617716,53232623,84656570,-16.754993417,145.6719256528
Coreopsis basalis,160885,755.1418272956014,-5543.462551634822,3047.874158978424,74780720,122262593,28.5807870612,-82.2427983955
Coreopsis basalis,160885,-604.2691871975804,-5502.672031890435,3153.603080372005,77450497,126666056,29.6692713772,-96.2667559197
Coreopsis basalis,160885,-481.8515999915233,-5540.218628756257,3108.6250515051165,143022081,245269539,29.20481,-94.9707
Coreopsis basalis,160885,-519.2737289004732,-5506.223524267106,3162.532280461144,150651659,259814974,29.7617323569,-95.3874416417
Coreopsis basalis,160885,-768.199757145445,-5491.813436155638,3136.8148567072813,156340234,270331063,29.4956605476,-97.9629170347
Coreopsis basalis,160885,-744.0442518397707,-5452.603837115426,3210.181097143238,157677086,272589158,30.2565866667,-97.7704
Coreopsis basalis,160885,-604.2229019684153,-5487.430643575866,3180.0586073779914,157854709,272877150,29.9434644949,-96.2835453451
Coreopsis basalis,160885,-783.9060590372632,-5477.281392402696,3158.2642335183555,158967614,274658199,29.71752653,-98.14483605
Coreopsis basalis,160885,-817.8921384798562,-5478.517509922425,3147.4833554704733,160920779,278111938,29.6059513092,-98.4910202026
Coreopsis basalis,160885,-715.2358054325382,-5456.964563289427,3209.3190285959618,163571411,282924654,30.2476116667,-97.4671033333
Coreopsis basalis,160885,-497.7976776347373,-5518.13056026462,3145.1845290368224,23207430,35961485,29.5821759,-95.1547731
Coreopsis basalis,160885,-515.8415309190365,-5551.88892595138,3082.2378231659823,204867638,362162734,28.9333037,-95.3082711
Coreopsis basalis,160885,-617.1961106062149,-5443.060595353286,3252.98531291525,211048653,373187758,30.7032621171,-96.4692152963
Coreopsis basalis,160885,723.0308871885558,-5260.26046760783,3520.886149646283,308209892,556027265,33.5484450264,-82.1736487002
Coreopsis basalis,160885,-654.9033055292169,-5452.639026203147,3229.486404989303,388931463,712382711,30.45779,-96.84885
Elaeagnus pungens,162214,686.8368501162458,-5175.619170636939,3651.1607019597513,62425895,100016982,34.9659751408,-82.4406629272
Elaeagnus pungens,162214,1233.0855411759746,-4729.91732229813,4086.2128312221175,64257708,103277381,39.8945091431,-75.3882670168
Elaeagnus pungens,162214,1263.0747936941643,-4981.762335602295,3765.161248444247,66489901,107196800,36.2268333333,-75.7730333333
Elaeagnus pungens,162214,-634.1978116929079,-5304.853120972147,3470.746264167612,66938199,108025820,33.0090741873,-96.817382877
Elaeagnus pungens,162214,825.8920388322247,-5120.485348881505,3699.7682713598206,100621661,167965028,35.5011558172,-80.8375732858
Elaeagnus pungens,162214,429.2127133354104,-5194.760149093343,3663.3313486197776,138885829,237443023,35.09964636,-85.27671287
Elaeagnus pungens,162214,1006.3135997046902,-5057.659976786917,3741.2780741258175,140656483,240801366,35.9610257345,-78.7469217461
Elaeagnus pungens,162214,298.32907252297355,-5305.259322172146,3514.9646397468287,142869628,245009034,33.4845711657,-86.7814930156
Elaeagnus pungens,162214,291.1241862713551,-5307.722744028905,3511.848389433056,18479832,28258744,33.45097586,-86.86051984
Elaeagnus pungens,162214,1208.7290639646196,-4961.297994485609,3809.757129991061,35574887,56109249,36.7256012326,-76.3076854964
Elaeagnus pungens,162214,524.8570942037953,-5268.437863737322,3543.7043663771265,35790814,56480144,33.7950229966,-84.3107995906
Elaeagnus pungens,162214,520.7259152236539,-5256.32464480099,3562.253342948768,36224864,57236639,33.9959911304,-84.3423653115
Elaeagnus pungens,162214,-286.3836023316192,-5194.915952424697,3677.034920861699,36512981,57727613,35.25041667,-93.15538883
Elaeagnus pungens,162214,1002.4147561999356,-5223.265143957407,3507.4804378855315,37039246,58651821,33.4039082508,-79.1362582024
Elaeagnus pungens,162214,563.2090898024937,-5459.416762263807,3235.323363553364,328573735,595429126,30.5187055556,-84.1100388889
Elephantopus mollis,162267,3864.8557946572455,-5036.402872895063,535.993393686991,72471883,118163328,4.8260021638,-52.497938243
Elephantopus mollis,162267,-2996.930001850326,4950.974881864583,2663.83396870616,72646886,118480999,24.7158309243,121.1874080497
Elephantopus mollis,162267,4746.073224927627,2935.080857720377,-3074.059601235136,14112281,20900031,-28.8493,31.7336
Elephantopus mollis,162267,4112.507485814512,-4547.248532749808,-1731.925544069881,123845419,209848073,-15.7740720902,-47.8739762306
Elephantopus mollis,162267,-3048.116309938412,4949.821067867946,2607.299654212284,130899169,222679721,24.1573778333,121.6249
Elephantopus mollis,162267,3307.382187618142,-4307.45289389738,-3331.189841717033,158117524,273303500,-31.5247570279,-52.4819429219
Elephantopus mollis,162267,3755.127489998285,-4268.727204920732,-2875.193682781432,164959021,285486545,-26.8266920342,-48.6624548212
Elephantopus mollis,162267,-3023.9158996698,4920.105629024135,2690.3989222133264,18937580,29030081,24.9791067,121.5750443
Elephantopus mollis,162267,-2991.9154259600496,4996.0825597917965,2584.057714007948,181910358,317069846,23.9285009188,120.9153794146
Elephantopus mollis,162267,568.0057590763697,-6242.90658271443,1137.207099359806,193538311,339992020,10.28223697,-84.80130389
Elephantopus mollis,162267,-5522.272465197196,-2072.936281561541,2407.7365143196494,193670942,340235951,22.2049493378,-159.4249995943
Elephantopus mollis,162267,2483.242651163744,-5516.355080796733,1998.2706742798289,195607333,344169337,18.279370404,-65.7646294419
Elephantopus mollis,162267,-2989.075967826299,4953.466737262849,2668.02272686558,200526098,353801903,24.7573070787,121.1080881452
Elephantopus mollis,162267,-3034.3596732762376,4918.187166482971,2682.1352498176825,212174403,374954730,24.8971483019,121.6732205074
Elephantopus mollis,162267,-2974.918278781315,4974.775090301975,2644.092881341581,250442207,447905297,24.5205444444,120.8794472222
Euphorbia serrata,162851,4839.646885945297,-316.34718692354164,4131.2825619125815,76714099,125468339,40.4248627148,-3.739861697
Euphorbia serrata,162851,4875.197086270953,-110.54554143773925,4099.998314994882,111303074,187881031,40.0562896599,-1.2989644652
Euphorbia serrata,162851,4986.450963379021,-140.24392394344767,3963.0028464903744,146124260,251155381,38.465036,-1.611019
Euphorbia serrata,162851,5050.265778542656,-140.59417237738194,3881.340229154343,152535764,263333504,37.53306,-1.5946433333
Euphorbia serrata,162851,4778.129598474742,-270.1878899541131,4205.499872069809,191292542,335535012,41.3074634483,-3.2364457816
Euphorbia serrata,162851,4575.886844482061,567.0242747715475,4396.532291248779,208296844,368529113,43.6367716667,7.0638388333
Euphorbia serrata,162851,4722.683593530762,137.58055325697245,4274.000982269226,214961852,380011302,42.1328201294,1.6686606407
Euphorbia serrata,162851,4718.517380556092,-175.38065029519728,4277.217376586038,222093618,393372618,42.1718370223,-2.1286236143
Euphorbia serrata,162851,4821.138987106705,-201.58047296838984,4160.016503524357,235984176,422203102,40.76517759,-2.394244786
Euphorbia serrata,162851,4733.084896928566,72.1257853576378,4264.08939390706,268801247,483209489,42.0127370958,0.8730422867
Euphorbia serrata,162851,4658.215445201898,246.58082797934057,4339.352473703068,268903556,483416317,42.9303779,3.03010179
Euphorbia serrata,162851,4979.174583243961,-18.15817068963745,3974.574679143917,279500577,501907033,38.59807,-0.2089466667
Euphorbia serrata,162851,5046.883634922604,-67.26656641630255,3887.6977652938,38797329,61717590,37.6051938646,-0.763612249
Euphorbia serrata,162851,4678.126661089306,237.2063282259548,4318.404477388891,342753830,624219151,42.6736133333,2.90272
Euphorbia serrata,162851,5079.784484331103,-257.38436650529974,3836.573472554004,349070189,636716719,37.0270830516,-2.9006028548
Hedysarum alpinum,163580,1047.5701017566737,3349.2887847445804,5317.387953494377,85291413,140307194,56.5765615514,72.6316795802
Hedysarum alpinum,163580,1590.5628410879542,2745.3972331902096,5524.731397110559,86429362,142378996,60.1311278239,59.9138773978
Hedysarum alpinum,163580,-2414.710463975947,-1455.7589340664297,5713.115825075514,88325830,145717676,63.7323500031,-148.9154431969
Hedysarum alpinum,163580,-1093.5625583394217,-4458.250011949542,4417.904581544002,15981549,23925304,43.9029384968,-103.7819552861
Hedysarum alpinum,163580,-1760.3381461818826,-3366.667810645932,5114.343613166297,169881934,294566282,53.3937621,-117.60383244
Hedysarum alpinum,163580,-2085.6046702991484,-2747.0972271031706,5356.627961110038,170871212,296433116,57.2227633333,-127.20588
Hedysarum alpinum,163580,-2015.157765171003,-1796.1727981083022,5770.84530987309,20293482,31326345,64.930939113,-138.2883883273
Hedysarum alpinum,163580,-1379.351641124607,-3887.8590577967566,4855.068910583247,179928160,313331041,49.6458347149,-109.5338898236
Hedysarum alpinum,163580,-1651.7655754366322,-3666.1457731561545,4941.740460955956,21198388,32767119,50.8649626151,-114.2537328029
Hedysarum alpinum,163580,-2656.757926707153,-1555.3566165458749,5577.836161444967,217959997,385645006,61.10454,-149.65384
Hedysarum alpinum,163580,-1554.856765525666,-3673.340952951936,4967.770104558248,225418359,399656601,51.2373464946,-112.9420349136
Hedysarum alpinum,163580,-1431.2840267400793,-3867.7996161809074,4856.058617186057,236087502,419968014,49.6595825849,-110.3070557581
Hedysarum alpinum,163580,-2431.4544675852444,-1501.7657184119914,5694.074290764014,236602416,420948206,63.3480227086,-148.2988258858
Hedysarum alpinum,163580,-853.1703144788851,-4006.295560583841,4879.69767766566,293175353,527656757,49.9891133333,-102.0219721667
Hedysarum alpinum,163580,-1837.7060184266388,-2034.719424308332,5750.870071898539,56095251,89365999,64.5102646227,-132.0875326732
Hibiscus martianus,163769,-731.4805666973201,-5668.164034324624,2815.422843945542,70056376,113815425,26.225914,-97.353419
Hibiscus martianus,163769,-1000.1119030237244,-5724.831348020506,2610.7154858064114,1192601,1506834,24.19105,-99.90941
Hibiscus martianus,163769,-908.4059981157012,-5645.003629809304,2810.424468244012,107417884,180654412,26.1758150015,-99.1417847635
Hibiscus martianus,163769,-898.6946251747834,-5571.214665979132,2956.9694360845906,135008678,230215639,27.65386183,-99.16346581
Hibiscus martianus,163769,-872.2456693068137,-5675.109654737047,2760.809850164132,147936385,254654511,25.6796814859,-98.7377974167
Hibiscus martianus,163769,-821.1656795347106,-5494.338793262672,3118.923096403729,157672920,272582431,29.31096472,-98.50031871
Hibiscus martianus,163769,-828.2477673989143,-5656.90212683264,2811.266101405648,190425621,333814635,26.1842492289,-98.3297003433
Hibiscus martianus,163769,-918.4383406462938,-5555.070462647652,2981.176998959962,22765201,35279400,27.8999189433,-99.3879767576
Hibiscus martianus,163769,-1058.9861773371197,-5636.6302435275775,2774.2928655130468,395947,495544,25.814302,-100.640452
Hibiscus martianus,163769,-1013.6386251522556,-5842.267139729801,2330.2799263844354,32382676,50781889,21.4545527,-99.8428847
Hibiscus martianus,163769,-885.0406685307039,-5615.599722628148,2876.0208448380254,314220197,567522354,26.8350283333,-98.95637
Hibiscus martianus,163769,-958.7137378801935,-5703.666990964547,2671.8540294444683,315908046,570724292,24.7952559145,-99.5414979011
Hibiscus martianus,163769,-1088.9509742087855,-5528.640323106004,2972.8900220447968,39366455,62441992,27.815623488,-101.1426540672
Hibiscus martianus,163769,-1001.2760371896444,-5625.357590090591,2818.253255234068,6667832,8449805,26.25429294,-100.09256849
Hibiscus martianus,163769,-1040.0042414489496,-5642.217763679684,2770.1124552377014,59194592,94567618,25.7725465713,-100.4438429031
Ipomoea alba,164075,1505.8107412035113,6057.607876904217,1275.803257176258,83013829,136300021,11.551659,76.040262
Ipomoea alba,164075,2808.214486681894,-4388.917672853592,-3666.208693920845,88259037,145599991,-35.1312805,-57.3871738
Ipomoea alba,164075,-353.40473882236046,-5519.586081716886,3162.123923373744,1213931,1532099,29.757502,-93.663499
Ipomoea alba,164075,273.10083951422365,-5969.739379113599,2208.47929729813,102668504,171674834,20.2822541937,-87.3806857763
Ipomoea alba,164075,4722.693233940705,2479.206678155126,-3484.1722108356166,145650989,250225781,-33.1531755234,27.6975015047
Ipomoea alba,164075,-5460.802655286902,-2369.169499593935,2270.7759404843905,20971000,32382055,20.8807,-156.5463866667
Ipomoea alba,164075,-811.3734753041673,-5649.541523643939,2830.9197773644487,23699680,36672223,26.3813781539,-98.1727961792
Ipomoea alba,164075,-4902.623304142974,2488.199662250227,-3219.145897304053,213887936,378017158,-30.3499679417,153.0911067661
Ipomoea alba,164075,-5036.355398081376,2561.84882245326,-2943.0949771947344,215601597,381201567,-27.5130848563,153.0388715118
Ipomoea alba,164075,3727.777104121647,-4285.338775685624,-2886.0531126902542,230715492,409687597,-26.9361844164,-48.9802898845
Ipomoea alba,164075,1512.286332105538,-4452.087054976843,4299.030592390782,258788729,464398074,42.4370838,-71.238387
Ipomoea alba,164075,-37.7572466011748,-5989.664508706975,2170.7709674543185,269461095,484499256,19.9211371678,-90.3611725196
Ipomoea alba,164075,812.4298791914025,-6245.681744425822,959.7762074673992,310374833,560161399,8.664448885,-82.5886562275
Ipomoea alba,164075,4731.144120391195,3005.1070317146964,-3029.0856986397976,321843810,582112391,-28.38854685,32.42271441
Ipomoea alba,164075,-1037.0305040731068,-6010.283879278276,1841.414823929412,4939484,6022562,16.7999126543,-99.7895785167
Ipomoea obscura,164092,-2385.2075496146244,5392.886785050847,2411.9100726525394,85059354,139889670,22.2454954023,113.8592176452
Ipomoea obscura,164092,1241.9758459760262,-5801.310348997768,2322.078242071303,185730727,324424797,21.3753233333,-77.9162166667
Ipomoea obscura,164092,-1232.0331896144646,6203.973327174833,763.2576924401595,199366924,351581250,6.8806583333,101.2321083333
Ipomoea obscura,164092,5041.043619880517,2931.1424207654563,-2566.32742675766,201359685,355439694,-23.7541730801,30.1760947131
Ipomoea obscura,164092,-1232.3627811428776,6084.146475404385,1433.246933070376,252831957,452640348,13.000754869,101.4505192637
Ipomoea obscura,164092,2357.320739095306,-5581.419210301251,1969.9115872517616,269288644,484165448,18.0109844171,-67.1031625662
Ipomoea obscura,164092,5063.04402220269,2688.8753885500064,-2779.4401421446546,32244038,50556060,-25.8657350661,27.9718242388
Ipomoea obscura,164092,-1826.5440239611369,5978.68089629948,1228.3585789308197,306724525,553164757,11.1164916667,106.9884116667
Ipomoea obscura,164092,1387.5011349545746,6095.788183158193,1227.1756827146382,312107074,563468635,11.1056504259,77.1770134941
Ipomoea obscura,164092,713.5444633198439,6024.940950718662,1944.400670874274,329957428,598216378,17.769902,83.24582
Ipomoea obscura,164092,1711.035024655679,5847.734975991428,1861.7486201540512,37775900,59954770,16.9910279,73.6906345
Ipomoea obscura,164092,1380.574286164945,6067.135457588111,1368.8079154266634,337953494,614478089,12.4066966667,77.18065
Ipomoea obscura,164092,5152.316958255416,3723.9466436291136,-419.05189028873633,373191243,682005363,-3.7713416667,35.8583216667
Ipomoea obscura,164092,-2974.286311945504,5056.292996442437,2485.41248053079,43236481,68625236,22.9615222222,120.4655138889
Ipomoea obscura,164092,1293.67484727456,6068.285853720538,1446.3973578314426,55811877,88894438,13.1221603147,77.9654878431
Lupinus sericeus,164926,-2312.0242340759696,-3803.67751183028,4558.106455176259,74301587,121417234,45.67968123,-121.29287359
Lupinus sericeus,164926,-1597.5746925521692,-4221.282551040906,4496.474380631104,88421816,145885514,44.891880003,-110.7295083333
Lupinus sericeus,164926,-2312.342981720621,-3803.192468367426,4558.349494402343,115991964,195765389,45.682809696,-121.2996229035
Lupinus sericeus,164926,-1977.293007107981,-3808.240568491828,4709.285430531086,214095839,378392095,47.66111882,-117.43898525
Lupinus sericeus,164926,-1986.3921178328103,-3536.8379113347314,4912.71585508815,217964514,385652916,50.4532083333,-119.3198466667
Lupinus sericeus,164926,-1991.447944639708,-3558.10842811858,4895.278605679072,222705742,394526961,50.2075524133,-119.235428707
Lupinus sericeus,164926,-1986.9323676061133,-3556.591709953741,4898.214807960643,282421328,507401163,50.2488288879,-119.1904296875
Lupinus sericeus,164926,-2098.572204512827,-3563.930035393905,4846.044834185999,283281065,508994324,49.5206611085,-120.4911309861
Lupinus sericeus,164926,-2065.062232770289,-3633.1403875310098,4808.904452050825,285095004,512410627,49.008816,-119.613724
Lupinus sericeus,164926,-1991.935883590732,-3815.139103851528,4697.5161717235205,287168062,516325317,47.5042035917,-117.5696722157
Lupinus sericeus,164926,-2060.5769898543267,-3628.4906256585286,4814.33602670903,303588907,547203931,49.0833405577,-119.5917314117
Lupinus sericeus,164926,-2051.5246698938217,-3614.854537120442,4828.439326941391,317903249,574464890,49.2773711095,-119.5760460805
Lupinus sericeus,164926,-1634.3488776071622,-3649.3063992370353,4959.961661185424,368760209,673547588,51.1253227666,-114.125313051
Lupinus sericeus,164926,-2298.62156298587,-3750.801191261511,4608.425160885773,396387536,726935485,46.3311860142,-121.5014174233
Lupinus sericeus,164926,-1636.0836385456755,-3646.460624750154,4961.482476992868,57580155,91856821,51.147119802,-114.1646850217
Mertensia maritima,165350,1613.5558880388749,-3864.636550624575,4801.1222497900535,84370835,138659651,48.9022333333,-67.3385783333
Mertensia maritima,165350,2469.363478075895,-1101.7358046055488,5768.723893520344,90421525,149440354,64.88595005,-24.0446062461
Mertensia maritima,165350,2562.205102588581,-627.1171126118813,5799.274288134319,123516457,209253520,65.5413024035,-13.7531544641
Mertensia maritima,165350,-2589.715322894702,-628.6972499824698,5786.870263268938,171590865,297769976,65.273255,-166.3544616667
Mertensia maritima,165350,2159.9161765659373,-3333.674512914747,4981.07714072256,179031184,311632255,51.42888711,-57.06045339
Mertensia maritima,165350,-2340.00833289032,-2344.117396919196,5442.3549830144375,217438333,384670172,58.675605,-134.9497383333
Mertensia maritima,165350,-2402.0186555907617,-2254.177230393182,5453.324171718412,225625313,400047570,58.86587518,-136.81861868
Mertensia maritima,165350,1670.8958589433869,-3815.418089083794,4820.834467572542,294325801,529764078,49.1726504,-66.34982278
Mertensia maritima,165350,2113.409409069296,1389.2613911026554,5847.49575344235,34821118,54850627,66.6107121742,33.319140769
Mertensia maritima,165350,2531.321929141064,-3391.830587888778,4762.1053835240855,317137292,573036503,48.3712533333,-53.2660333333
Mertensia maritima,165350,3693.283980919643,-353.08539304673224,5179.260301546624,357806761,652654395,54.3843716667,-5.460995
Mertensia maritima,165350,1826.410351174807,1081.5070390934738,6007.022630487604,372372915,680437458,70.5389783333,30.6318533333
Mertensia maritima,165350,-2478.88645523868,-2426.5397342833685,5343.854413216704,378663626,692574987,57.01117789,-135.61139078
Mertensia maritima,165350,-2512.3698012433965,-2771.041636623718,5157.429530257819,393928253,722107007,54.0486085061,-132.19708
Mertensia maritima,165350,1032.58212901331,-2624.780785453849,5712.6222616966415,60502341,96754110,63.7223222567,-68.5254491743
Oxalis montana,165994,1055.8744781254293,-4335.05123152595,4547.770116899725,85298365,140318657,45.5467905288,-76.311192303
Oxalis montana,165994,1383.4072239061277,-4320.982413527769,4472.700366054663,86348880,142237334,44.59087,-72.246995
Oxalis montana,165994,1511.2656129984537,-4033.895085243158,4693.987624386854,106811889,179514804,47.4572501244,-69.4619512512
Oxalis montana,165994,1414.7478271934388,-4392.412269134048,4392.602437404227,121497961,205598647,43.5879583333,-72.1468195
Oxalis montana,165994,746.3346544537724,-5057.396167866485,3802.036521982424,126502562,214644582,36.6390221045,-81.6052847116
Oxalis montana,165994,739.6290626457763,-4235.585739869011,4701.331239083824,170825545,296346126,47.555017005,-80.0947358289
Oxalis montana,165994,1263.47404615212,-4596.320667958193,4226.9637781364745,218519335,387100563,41.5649414063,-74.6297073364
Oxalis montana,165994,891.1019260593566,-4903.61032923705,3968.6642873957535,222022810,393241195,38.530091253,-79.7003970373
Oxalis montana,165994,2022.8052880403889,-4053.068097698676,4480.028001226166,226269063,401257379,44.6834805556,-63.4771333333
Oxalis montana,165994,1212.6176482252497,-4450.727492996322,4394.352779645345,226585580,401872559,43.6096947168,-74.7594660174
Oxalis montana,165994,1846.755077082613,-3673.3431321962767,4866.805836284562,238962552,425514341,49.8091216725,-63.3092632012
Oxalis montana,165994,891.01071418786,-4808.366812198356,4083.55992195894,49174816,78056901,39.8634195747,-79.5019284637
Oxalis montana,165994,1111.476807723299,-4569.694797973754,4297.93693403501,50607596,80364938,42.42375833,-76.32952833
Oxalis montana,165994,1436.9519234382817,-4422.971140525052,4354.566406599741,50623260,80388761,43.117531439,-72.0018573717
Oxalis montana,165994,1880.75310699775,-3968.476321718505,4615.594930683943,50936509,80904734,46.4246478745,-64.64264008
Portulaca grandiflora,167309,3665.279435449545,1657.0004108023572,4940.630468710337,69501211,112784429,50.8491491164,24.3267858193
Portulaca grandiflora,167309,1627.6049087967897,-4469.05414134668,4238.8925997541055,93112344,154276878,41.7084820709,-69.9886547775
Portulaca grandiflora,167309,-815.0412301724726,-4283.073385003521,4645.5078625991855,93874688,155648279,46.8163234249,-100.7741992548
Portulaca grandiflora,167309,2687.674577750701,-4767.63767786101,-3261.25581125279,154029475,266100853,-30.7898051134,-60.5886101922
Portulaca grandiflora,167309,1296.1339762108466,-4780.170652150594,4007.462835973336,174711085,303551684,38.97752,-74.8291333333
Portulaca grandiflora,167309,-2362.144251594544,-3375.781486952212,4859.43690325196,230814734,409866109,49.7065391541,-124.9817352295
Portulaca grandiflora,167309,4060.709179267379,1240.0354698732683,4750.02169727121,240520970,428527266,48.2079280514,16.9813147187
Portulaca grandiflora,167309,625.5753322957339,5880.441070664402,2370.4053340607834,249159196,445340854,21.8427946079,83.9275773615
Portulaca grandiflora,167309,4529.293769743731,-3871.679488423653,-2255.071842748612,260257971,467349318,-20.7296183333,-40.5241083333
Portulaca grandiflora,167309,3275.924055500693,-4459.712397954952,-3157.378665886657,260811190,468439722,-29.7083568,-53.7005039
Portulaca grandiflora,167309,292.980564539801,-5310.707821094449,3507.1780618391226,296603118,534084036,33.40065089,-86.8423134
Portulaca grandiflora,167309,-1004.8825995795854,-5674.806209589451,2715.978382525276,320793419,580061792,25.2331492546,-100.0417201594
Portulaca grandiflora,167309,4768.967152604712,2279.587964903729,-3556.7097347577865,329037323,596360863,-33.9358794718,25.5480114898
Portulaca grandiflora,167309,2309.454662049813,-5095.89204297031,-3047.631306442053,38755800,61645628,-28.5783,-65.62
Portulaca grandiflora,167309,-2614.5276343174555,3965.380837636928,4246.145686569134,54481468,86692563,41.795916,123.398396
Reichardia tingitana,167774,-4058.178408099208,3340.4675127668065,-3600.308033191656,64824790,104280702,-34.4097912731,140.5406816584
Reichardia tingitana,167774,5387.195769861422,-766.922253697589,3313.563810106581,920563,1176283,31.338982,-8.102197
Reichardia tingitana,167774,4919.788385090945,250.44148103231663,4040.1379234105375,110940227,187226630,39.3565361111,2.9141222222
Reichardia tingitana,167774,-4160.246325785086,3223.3312246946084,-3590.576479394066,118748680,200671107,-34.3037783333,142.2317133333
Reichardia tingitana,167774,-4063.974744627211,2912.2664999402145,-3948.742361567238,145706820,250334562,-38.3014289766,144.374409594
Reichardia tingitana,167774,5364.614657743706,-1673.6376678968325,3001.5995169568614,155312397,268454881,28.1079388333,-17.3267333333
Reichardia tingitana,167774,5423.918201378831,-1334.4428126786552,3064.3313877776222,177668031,309038922,28.7494636085,-13.8219226303
Reichardia tingitana,167774,-3899.413097994599,3453.420899371135,-3668.543949941484,27180417,42263021,-35.1569638333,138.47107
Reichardia tingitana,167774,-4011.729507862036,3304.8385642975422,-3684.266758713085,241259581,429938097,-35.3300963312,140.5185091048
Reichardia tingitana,167774,-4179.873207284048,3142.9122433351786,-3638.75194694558,249130184,445284294,-34.8299129103,143.0599199451
Reichardia tingitana,167774,5445.738638826058,-1392.0249376682768,2999.324987423668,258137095,463091140,28.084751,-14.3387555
Reichardia tingitana,167774,5054.490101278003,-129.6265027398217,3876.219797115168,262742944,471867894,37.4750132542,-1.4690747706
Reichardia tingitana,167774,-3402.32518402663,4218.492935124928,-3349.366183043691,265338341,476588145,-31.71672,128.8870866667
Reichardia tingitana,167774,5097.130886353779,-182.5372076652329,3817.812203981956,265893534,477679311,36.8160352401,-2.050985992
Reichardia tingitana,167774,5100.7425836661,-411.35580833793466,3795.123795582876,38177303,60637390,36.5615850687,-4.6107118158
Senecio madagascariensis,168820,2611.47383048482,-4524.888765287337,-3646.27744749996,101864774,170170821,-34.9124032603,-60.0092309246
Senecio madagascariensis,168820,2683.149335188224,-4248.670195166474,-3916.537290446819,117319411,198117191,-37.9332967906,-57.7264892476
Senecio madagascariensis,168820,2894.3497369006727,-4361.5185601828425,-3631.75557814138,121870646,206279879,-34.7532966667,-56.4313283333
Senecio madagascariensis,168820,2660.823666939252,-4728.075837462297,-3339.9205706631087,129697834,220432586,-31.6169141019,-60.630455476
Senecio madagascariensis,168820,-3878.601322622062,3523.895940824684,3623.308199431998,162640655,281237228,34.6608852245,137.7433429286
Senecio madagascariensis,168820,2923.826425487421,-4334.966579683769,-3639.925399829465,18779586,28762492,-34.8427702047,-56.0013213381
Senecio madagascariensis,168820,3298.2597920993608,-4297.147387797608,-3353.4698151380926,168860405,292694106,-31.760114,-52.4920901
Senecio madagascariensis,168820,2665.389826648717,-4461.921066962813,-3684.658816480624,172070388,298635548,-35.3344182274,-59.1474365868
Senecio madagascariensis,168820,-4671.448078828294,2550.4096660155983,-3501.819029016646,188625673,330193965,-33.3429406828,151.3673587516
Senecio madagascariensis,168820,2756.6998211787777,-4249.72577833385,-3863.9604079952846,211378320,373716323,-37.3362198947,-57.029448465
Senecio madagascariensis,168820,3321.9438105498616,-4257.897622275538,-3380.0518172725124,225122990,399096082,-32.0417016667,-52.0392133333
Senecio madagascariensis,168820,3508.783547641889,-4300.985832644333,-3127.253109818228,240748424,428967489,-29.3969133333,-50.79212
Senecio madagascariensis,168820,2739.1778410551856,-4280.629914729127,-3842.247443603262,364777023,665936899,-37.0910257,-57.3847956
Senecio madagascariensis,168820,3006.8179349628226,-4273.897182057887,-3644.530410472792,379966448,695093796,-34.8932458327,-54.87243643
Senecio madagascariensis,168820,2790.607410745171,-4554.978884638919,-3471.949131145956,60865748,97348604,-33.021975,-58.506285
Sigesbeckia orientalis,168955,-4595.541633383392,2588.5688108747504,-3573.522315151231,75013491,122673222,-34.1183166667,150.6083833333
Sigesbeckia orientalis,168955,4736.443143824176,2838.978909450004,-3177.429499878235,99257732,165426672,-29.916181913,30.9380708284
Sigesbeckia orientalis,168955,-4133.550762560596,2859.430719201121,-3914.992616225618,101313705,169191368,-37.9156862525,145.3260121867
Sigesbeckia orientalis,168955,-5023.610615868105,2530.2689142963213,-2991.7935642621524,106300708,178552663,-28.0080071317,153.2667302567
Sigesbeckia orientalis,168955,-4981.805484733953,2605.758833064923,-2996.8964189401463,152461154,263190035,-28.0599983333,152.3879533333
Sigesbeckia orientalis,168955,-5038.425019492347,2558.4662949912854,-2942.494973661729,205062228,362534529,-27.507001,153.078955
Sigesbeckia orientalis,168955,-4402.844928267253,2547.888036428257,-3835.7497599732087,236874523,421485239,-37.0178047228,149.9424070919
Sigesbeckia orientalis,168955,-4900.713813127427,2504.987050240912,-3209.0180943124665,247255785,441561509,-30.2444788314,152.9262719238
Sigesbeckia orientalis,168955,-5032.138054695907,2590.278971723681,-2925.370844321252,261487057,469782845,-27.3335087647,152.7629818299
Sigesbeckia orientalis,168955,-4605.558155869479,2651.0145963929813,-3514.3575248248308,262914365,472223733,-33.4780250308,150.0747523241
Sigesbeckia orientalis,168955,-4472.58194458049,2579.4059874896016,-3732.616860915789,263728301,473832951,-35.8648519127,150.0272976235
Sigesbeckia orientalis,168955,-5067.317627855759,2597.6041238721727,-2857.358571083093,266892620,479565057,-26.647095,152.8594533333
Sigesbeckia orientalis,168955,-3085.102345424142,4063.090841376901,3816.174715949867,33285783,52268368,36.7976425817,127.2093799504
Sigesbeckia orientalis,168955,-4616.174985848975,2604.772222957727,-3534.9460103667097,42816126,67995999,-33.7002948951,150.5652367698
Sigesbeckia orientalis,168955,-5140.52191807128,490.7193507522249,-3731.4852349035928,387089796,708791325,-35.852295,174.5470116667
Symphyotrichum squamatum,169489,4758.725472078144,179.37218131229085,4232.270151070622,132780995,226070376,41.6287540378,2.1586464459
Symphyotrichum squamatum,169489,4887.488993063825,-799.1636595891049,4007.934869424595,141146803,241734850,38.98298089,-9.28637516
Symphyotrichum squamatum,169489,4899.46593225259,-771.2284271158671,3998.773989810136,177787808,309265819,38.877075,-8.9455666667
Symphyotrichum squamatum,169489,4672.520239142562,1186.527467565786,4165.268336277088,182285404,317799635,40.8275666667,14.24837
Symphyotrichum squamatum,169489,4470.602386395374,985.915285361174,4430.737916253298,184302897,321689532,44.0633356307,12.4365432188
Symphyotrichum squamatum,169489,4518.626174162341,1999.004000445049,4021.9092026122535,191132626,335222749,39.1448394988,23.864214411
Symphyotrichum squamatum,169489,4761.0500474862365,-77.33160086416278,4232.750335008731,193312978,339574600,41.6345316817,-0.930547826
Symphyotrichum squamatum,169489,4185.146890310391,169.00826223270508,4800.5973423626965,199115580,351085138,48.8950525469,2.3125117645
Symphyotrichum squamatum,169489,4188.7324494044815,172.64040809022438,4797.339771839994,199463703,351764858,48.8505116932,2.3601343855
Symphyotrichum squamatum,169489,4895.897029763932,223.17781847724868,4070.643323231093,238319056,424268809,39.71225,2.610002
Symphyotrichum squamatum,169489,5094.922161707724,297.3062638747654,3813.545631204347,245429166,437954929,36.7681213049,3.3396189901
Symphyotrichum squamatum,169489,2666.119336625421,-4725.429342192897,-3339.4428194673224,265245908,476406960,-31.6118688488,-60.5680134953
Symphyotrichum squamatum,169489,-2342.039068449777,5081.841097733754,-3046.226713315429,344324130,627361669,-28.5639166667,114.7432883333
Symphyotrichum squamatum,169489,-4562.851442400385,2942.0006169359417,-3333.8824535683166,353237454,644562216,-31.5531691399,147.1871946405
Symphyotrichum squamatum,169489,2764.543378872504,-4436.349045445976,-3642.232856776213,358068940,653149662,-34.8680584206,-58.0706008071
Symphyotrichum urophyllum,169492,518.021428801867,-4686.64101774488,4284.4839712351295,95087361,157815707,42.2600741638,-83.6926150136
Symphyotrichum urophyllum,169492,59.64351601830142,-4559.228842114294,4449.677308064885,132430892,225508631,44.3008466667,-89.2505033333
Symphyotrichum urophyllum,169492,-249.6988507430925,-4517.48052589858,4485.507029505373,133929206,228201787,44.75282427,-93.16374291
Symphyotrichum urophyllum,169492,976.5174864540732,-4477.394520146663,4425.958092807419,135064912,230318891,44.00354445,-77.6964866667
Symphyotrichum urophyllum,169492,760.7734208301522,-4563.251828832241,4380.377800886019,136287667,232575493,43.4363665,-80.5348503
Symphyotrichum urophyllum,169492,-218.6095152391718,-4499.678340692809,4504.981447223099,136315213,232622778,44.9999735681,-92.7814347648
Symphyotrichum urophyllum,169492,496.7418458971964,-4662.251212692732,4313.515306331628,182121335,317481952,42.6138383333,-83.9183366667
Symphyotrichum urophyllum,169492,1126.409920255746,-4517.145286577112,4349.293308249176,183788508,320692451,43.0526,-75.9981
Symphyotrichum urophyllum,169492,826.4693145517477,-4570.127448975499,4361.265493168525,186579021,326090409,43.2001216083,-79.7493244389
Symphyotrichum urophyllum,169492,525.9054718002513,-5220.148726042161,3614.308210765705,187497671,327908795,34.5625416667,-84.24713
Symphyotrichum urophyllum,169492,981.7639419624436,-4459.069692710322,4443.263459158378,239321309,426215274,44.2203060096,-77.583161678
Symphyotrichum urophyllum,169492,1019.2848479215816,-4460.577337304617,4433.290126576351,240182660,427871862,44.0952861667,-77.1283638333
Symphyotrichum urophyllum,169492,949.0092790687102,-4464.85852351651,4444.56666986793,242953142,433273723,44.2366618975,-78.0003155057
Symphyotrichum urophyllum,169492,724.159646251386,-4604.373213285654,4343.396510704042,313470152,566090334,42.9800698286,-81.061938107
Symphyotrichum urophyllum,169492,834.6369760840425,-4425.659805084747,4506.292216167074,60602411,96918251,45.0166467531,-79.3200028595
Tamaulipa azurea,169551,-814.739453890978,-5658.393890888544,2812.2111100530983,11760457,16818956,26.1937201369,-98.1935762039
Tamaulipa azurea,169551,-810.0589007574449,-5664.797487925089,2800.647626492608,103699100,173617954,26.0778833333,-98.1380528333
Tamaulipa azurea,169551,-762.558472198927,-5666.119419048069,2811.289461304446,103720234,173663801,26.1844833333,-97.6649333333
Tamaulipa azurea,169551,-734.2215088980661,-5661.743953347041,2827.600981801907,158615931,274101957,26.3480666667,-97.3889466667
Tamaulipa azurea,169551,-794.7551734960239,-5663.5158465329305,2807.6156432013854,197742846,348353489,26.1476714414,-97.9880941158
Tamaulipa azurea,169551,-791.6158269775206,-5665.070414168015,2805.365344242059,204441361,361363497,26.1251290362,-97.9547898955
Tamaulipa azurea,169551,-831.8330883258558,-5656.760698286204,2810.4919934360746,205147245,362693008,26.1764916667,-98.365455
Tamaulipa azurea,169551,-747.0870241734082,-5651.249159443488,2845.170828944797,210490472,372296777,26.5245285829,-97.5307520851
Tamaulipa azurea,169551,-1025.9365666676806,-5655.308943246736,2748.5792779698136,258785161,464391272,25.5576973674,-100.282274513
Tamaulipa azurea,169551,-1047.8504498992802,-5648.40425904909,2754.503928238152,263708095,473793118,25.61677253,-100.50961628
Tamaulipa azurea,169551,-762.4670040329448,-5666.039882432814,2811.4745682860457,265717680,477582377,26.1863384247,-97.6641311646
Tamaulipa azurea,169551,-1017.9612229065064,-5653.171954026814,2755.9308657041424,266458408,478753590,25.631005,-100.207805
Tamaulipa azurea,169551,-792.6874355936712,-5664.664289453152,2805.882792798653,302739884,545601112,26.1303122,-97.9659839
Tamaulipa azurea,169551,-818.4436549232137,-5658.788201514457,2810.341474588834,350590758,639696704,26.1749833333,-98.2297533333
Tamaulipa azurea,169551,-1084.972818212731,-5793.8845764183325,2417.33088934029,53018270,84308756,22.2981760959,-100.606466194
Trillium vaseyi,170005,550.0124653075561,-5197.727278830425,3642.920607505165,70467620,114566053,34.8755972222,-83.9595611111
Trillium vaseyi,170005,653.7897644502237,-5181.015667003761,3649.573773995961,74997873,122642613,34.9485618639,-82.8078888188
Trillium vaseyi,170005,593.8894467592132,-5151.593672543396,3701.098632530119,79133451,129585285,35.5158533333,-83.42382
Trillium vaseyi,170005,645.5260141008555,-5176.738550588801,3657.106407208336,115265065,194568810,35.03125,-82.8920533333
Trillium vaseyi,170005,554.3638391818039,-5149.716825412141,3709.831597465328,115941456,195676634,35.6124,-83.8558055556
Trillium vaseyi,170005,603.7122064310112,-5146.908259123849,3706.024834461628,116126833,195967022,35.5703003023,-83.3099985929
Trillium vaseyi,170005,605.2120277915469,-5204.790159970444,3624.035171155037,153754738,265597069,34.6688339906,-83.3674433549
Trillium vaseyi,170005,551.5677978471664,-5147.219668288553,3713.711860179642,156134599,269947441,35.6553353595,-83.883616291
Trillium vaseyi,170005,610.8967149868712,-5134.45849783563,3722.081980195919,213299501,376955732,35.74803,-83.2148583333
Trillium vaseyi,170005,658.8250041501743,-5166.444053904256,3669.272214140197,24744029,38265294,35.164975,-82.7328633333
Trillium vaseyi,170005,596.7139717592667,-5181.276474676316,3658.969753708068,24811124,38373473,35.0517174565,-83.4303394944
Trillium vaseyi,170005,537.8642866654781,-5162.830884956808,3693.999511659873,44676575,70831008,35.437455,-84.052375
Trillium vaseyi,170005,647.7212690194962,-5161.341070181146,3678.4193133190447,45092632,71490776,35.2656637,-82.8470737
Trillium vaseyi,170005,655.2253582934628,-5161.613338546923,3676.707848450993,45527949,72209953,35.2468148712,-82.7654551529
Trillium vaseyi,170005,650.0854946780307,-5175.6883566350725,3657.785124126183,47558788,75427747,35.0387046,-82.8409301
Vinca herbacea,170230,3325.1848981092785,2589.688563043284,4777.69941179918,149805525,258196068,48.5828026793,37.9118293003
Vinca herbacea,170230,3461.975050541395,2440.625378845862,4758.973590937423,153442052,265019757,48.3288732645,35.1830955595
Vinca herbacea,170230,3380.423315481888,3107.425217664429,4416.605014538548,165351871,286217725,43.88672,42.5905083333
Vinca herbacea,170230,4651.236305811977,1913.922712494051,3910.5822850022473,233387210,414764967,37.8654280845,22.3665231127
Vinca herbacea,170230,3651.635045574925,2299.8814695124406,4686.7749945778005,263154167,472701439,47.3614036993,32.2036417459
Vinca herbacea,170230,-860.0737619597057,-4988.06913759429,3869.0040749843206,274676345,493744919,37.3932901083,-99.7830968723
Vinca herbacea,170230,3574.331530694811,2793.606813220405,4473.216763302094,350765218,640042607,44.5973916667,38.01028055
Vinca herbacea,170230,3140.3339008120206,2668.7037223730185,4858.60850072123,358820548,654620936,49.6950205549,40.3583915287
Vinca herbacea,170230,3140.071321391845,2668.673590444173,4858.794757335992,358845890,654672272,49.6976101392,40.3604364395
Vinca herbacea,170230,3211.947595849068,2516.122707075344,4893.084129067951,359310279,655545498,50.1767262498,38.0738551833
Vinca herbacea,170230,3200.0857142798104,2332.554279557167,4990.831101515985,360824206,658445468,51.5697964248,36.0884454855
Vinca herbacea,170230,3356.526776911432,3115.226824735348,4429.316307964843,361977952,660631851,44.0455463183,42.8647104907
Vinca herbacea,170230,3414.813660657521,3024.5821337265334,4447.550304269358,363959919,664404071,44.274125,41.53208
Vinca herbacea,170230,3733.568038998434,2549.115226697009,4489.124011304241,46347313,73509707,44.7986471628,34.3235340186
Vinca herbacea,170230,-630.0656422704765,-4904.437561695679,4017.370112341688,55191320,87863568,39.0922244758,-97.3206040263
Rhaphiolepis indica,179305,-2413.47614315952,5377.088200999003,2419.0511600118307,71340104,116136075,22.3148982166,114.1726623027
Rhaphiolepis indica,179305,-2399.727108269712,5384.168866025349,2416.9792215979483,72443719,118114127,22.2947579091,114.0225599706
Rhaphiolepis indica,179305,-2288.665880086454,5186.013516505343,2908.09652962714,79691662,130525627,27.1587696154,113.8125901714
Rhaphiolepis indica,179305,-2423.7160389863866,5379.39059773495,2403.6452502477146,120428900,203684682,22.165214126,114.254225716
Rhaphiolepis indica,179305,-4398.92974046816,2548.9681771421106,-3839.522301018576,131016575,222895446,-37.0603080606,149.9097714388
Rhaphiolepis indica,179305,-2394.7141952429147,5381.593385497464,2427.6634210593265,148583627,255901088,22.3986450129,113.9882209897
Rhaphiolepis indica,179305,-4921.806989017438,508.7962856085833,-4013.314768652896,152480023,263232875,-39.04525,174.0979611667
Rhaphiolepis indica,179305,-5071.3387971202,469.8807316910792,-3827.595594166962,17790697,27144111,-36.9260169068,174.7064201795
Rhaphiolepis indica,179305,-2425.688380912451,5364.8171376102855,2434.0349398451035,157548696,272390057,22.460635,114.329983
Rhaphiolepis indica,179305,-4557.474867863679,2551.3633580126007,-3648.249028487371,184653880,322365287,-34.9340283333,150.7590466667
Rhaphiolepis indica,179305,-4580.311379850839,582.9668654234148,-4389.834897476752,242831252,432932715,-43.5536060277,172.746582035
Rhaphiolepis indica,179305,4623.71728182576,496.18228802981565,4354.858753676029,271954541,489238410,43.1211333333,6.1251083333
Rhaphiolepis indica,179305,-2417.081576255184,5373.735783928922,2422.8977502005773,339570573,617739266,22.3522967612,114.2179954172
Rhaphiolepis indica,179305,-2392.340290586919,5390.190599902246,2410.8725309392457,40577759,64312330,22.2354146029,113.9331907548
Rhaphiolepis indica,179305,-4902.54353952337,2487.4316968671496,-3219.8607929809195,47583048,75471912,-30.3574184409,153.0978678153
Lithodora fruticosa,186128,4774.234766326665,28.7951800563104,4218.483893922168,72047027,117399278,41.4630958,0.3455679
Lithodora fruticosa,186128,4715.208597582025,118.62416572809713,4282.813248119897,82185372,134867700,42.23977591,1.44113045
Lithodora fruticosa,186128,4693.140987822148,-63.21924607965499,4308.153215128997,100866944,168393386,42.5483473052,-0.7717596654
Lithodora fruticosa,186128,4579.354676576975,296.37716743380247,4419.43711918316,153176080,264528102,43.9220701287,3.7030349672
Lithodora fruticosa,186128,5080.972340976588,-485.1904588003329,3812.881248950385,197791269,348451848,36.7606629366,-5.4547290131
Lithodora fruticosa,186128,5003.045006698121,-141.19470771877678,3941.999219322936,200539586,355027412,38.224195,-1.6165583333
Lithodora fruticosa,186128,4946.788854926557,-249.01716324568403,4007.1216111893714,203490883,359540473,38.9735726797,-2.8817884997
Lithodora fruticosa,186128,4784.491796128912,-211.44784617462125,4201.628397514551,205510385,363390160,41.2611301035,-2.530507192
Lithodora fruticosa,186128,4700.511388879319,-343.02476237039195,4286.872965821822,206957994,366075388,42.28911033,-4.17382103
Lithodora fruticosa,186128,5046.931415725573,-238.0600720892296,3880.9230624577663,264920879,475766338,37.5283291843,-2.7005984075
Lithodora fruticosa,186128,4643.863119757056,242.7459087663533,4354.923980784842,305794388,551394241,43.121937,2.992265
Lithodora fruticosa,186128,4728.073228033308,79.13376712947866,4269.521580567551,315541288,570026235,42.0785221667,0.95887
Lithodora fruticosa,186128,4686.849455238014,192.82447554311292,4311.1499666845375,344180054,627083064,42.58494028,2.35591129
Lithodora fruticosa,186128,4861.126129235076,-167.82629785834322,4114.73452595579,358215321,653448438,40.2296533333,-1.9773033333
Lithodora fruticosa,186128,4599.519933333915,307.41161729386283,4397.688894191378,6143211,7697630,43.6511455668,3.8237103561
Correa alba,196520,-4438.48551564955,2556.752794968858,-3788.4844730400473,75936368,128540802,-36.4872837346,150.0562629664
Correa alba,196520,-4124.02517799088,2876.645854451865,-3912.426112917614,80843405,132541935,-37.8864353523,145.1029341204
Correa alba,196520,-4473.411103063137,2566.160272526172,-3740.744269310225,85080174,139926797,-35.955095,150.1593778333
Correa alba,196520,-3930.1636380289056,2484.7086098565424,-4355.432244002608,112122495,189364950,-43.1281997,147.6983095999
Correa alba,196520,-4630.398316810676,2552.8519541398587,-3554.168180826366,126422390,214503186,-33.9083345281,151.1309760903
Correa alba,196520,-4132.107036517149,2880.896067637764,-3900.7540829834647,131977564,224684391,-37.7535533333,145.115875
Correa alba,196520,-4293.988548453865,2627.9299198594845,-3904.535799775925,198851439,350564481,-37.7965806845,148.5332810673
Correa alba,196520,-4808.813487829083,411.6294525599751,-4158.80116893507,229982294,408298552,-40.7507483848,175.1074668684
Correa alba,196520,-4919.457281678815,515.4063465626572,-4015.3517257318376,303518324,547065266,-39.0688408842,174.019001511
Correa alba,196520,-4101.121026848627,2833.01300573594,-3967.946164220039,347433371,633480199,-38.5218360907,145.3636750816
Correa alba,196520,-4143.569026469389,2864.084074558205,-3900.975681342172,370836910,677507782,-37.7560739291,145.3473117642
Correa alba,196520,-4115.412178197524,2869.779408658825,-3926.512686705437,42812789,67990361,-38.0471262186,145.1109759901
Correa alba,196520,-3926.4546516130495,2515.4836950310346,-4341.088432471366,381860041,698770544,-42.9517039321,147.3543388769
Correa alba,196520,-4093.4659604952208,2523.453864908629,-4179.170988560061,384157128,703175468,-40.9930073,148.3478707
Correa alba,196520,-4124.22761393678,2866.9425031689243,-3919.32907544675,58315883,93092418,-37.9651361111,145.1950388889
Anthericum liliago,202500,4746.635804381934,-305.3815034329296,4238.625226131459,80466278,131888576,41.7052612305,-3.6811313629
Anthericum liliago,202500,4606.871241724297,1156.363579777394,4246.093941873575,80857635,132565493,41.79529181,14.09061131
Anthericum liliago,202500,3937.026915466368,678.6934309574774,4962.756031012001,84029334,138066332,51.1653808897,9.7809327752
Anthericum liliago,202500,3902.446206459644,761.1452732960294,4978.084431616773,118425233,200083163,51.3857404071,11.0365889273
Anthericum liliago,202500,4744.978788811828,185.3938102577598,4247.417869543963,166046898,287504638,41.8112641019,2.2374984188
Anthericum liliago,202500,4654.945128432382,46.711407563116246,4349.60423778584,216075693,382103150,43.05642679,0.57493195
Anthericum liliago,202500,4174.389573555078,844.5529174018574,4738.243892791938,221405162,392083976,48.0492368298,11.4375625903
Anthericum liliago,202500,4754.4985891655615,-217.1722846368837,4235.24881135521,224480889,397861005,41.6646020803,-2.6152941588
Anthericum liliago,202500,4663.9164874231565,232.78139442633704,4333.987650008801,270604102,486677548,42.8645183333,2.8573266667
Anthericum liliago,202500,4853.982549440923,-86.8164835765256,4125.65987904721,293421943,528115471,40.3584712061,-1.0246612431
Anthericum liliago,202500,4370.219541043417,1952.1431492066984,4204.767700808816,296714431,534300926,41.2986983868,24.0699447495
Anthericum liliago,202500,4557.998203513807,415.1402420188133,4431.936832345301,363028468,662640271,44.0783424377,5.2041130066
Anthericum liliago,202500,4264.82444311826,676.6944858878011,4684.347358152201,366047241,668365258,47.3291827402,9.0158920133
Anthericum liliago,202500,4567.002687419902,1110.0537092268642,4301.164998626361,386226220,707143916,42.4630982279,13.6613708853
Anthericum liliago,202500,4518.062839882438,545.428612580508,4458.628593315368,52913394,84139142,44.4134357739,6.8835381202
Eubotrys racemosus,204152,845.9135600323617,-5224.506921380447,3546.6478267624225,74199117,121238916,33.8268822291,-80.8029058421
Eubotrys racemosus,204152,1108.7440637960335,-4843.616135209288,3987.458145913852,75889762,124174742,38.7464737275,-77.1066553558
Eubotrys racemosus,204152,688.7434460800471,-5468.713375058725,3195.083663476283,111399140,188053324,30.0995254067,-82.8218192279
Eubotrys racemosus,204152,1331.5039185804956,-4626.0428743569855,4173.317357821374,119676931,202338310,40.9232990171,-73.9427085351
Eubotrys racemosus,204152,1318.3316225953313,-4738.3713106705945,4049.640994552039,20734255,31968088,39.4671532589,-74.4521228038
Eubotrys racemosus,204152,524.3626798570605,-5492.294734943848,3185.827279398341,203294983,359161685,30.0033529839,-84.5463630201
Eubotrys racemosus,204152,768.4777036127086,-5504.04300963821,3115.237662968965,204705408,361861423,29.2729617234,-82.0517117152
Eubotrys racemosus,204152,1302.2619446961426,-4710.4888048764415,4087.194903134344,24990486,38666154,39.9060216667,-74.546005
Eubotrys racemosus,204152,1612.7262378761468,-4477.339364690686,4235.835150797832,225414196,399647275,41.671661,-70.191109
Eubotrys racemosus,204152,893.7499048216572,-5254.389633729162,3490.322881091123,348207842,635016180,33.2192700395,-80.3466168644
Eubotrys racemosus,204152,1246.054520382217,-4977.23609787623,3776.8005094140567,348418683,635434338,36.3567,-75.9448466667
Eubotrys racemosus,204152,1189.6028669559903,-4966.541571075505,3808.945125804042,349132065,636838467,36.7164908044,-76.5300900655
Eubotrys racemosus,204152,1085.6821043535092,-4934.898276255772,3880.441534280834,43928296,69660654,37.52286886,-77.59253182
Eubotrys racemosus,204152,1303.2816291703273,-4717.331533732519,4078.9696401906895,46531763,73802211,39.80965909,-74.55584524
Eubotrys racemosus,204152,1224.2651351079037,-4815.035448847111,3988.278028796684,48302920,76635784,38.75592833,-75.73433
Marah fabacea,205330,-2693.6005487430143,-4282.071529628142,3872.742262097605,10416370,14468428,37.4356165761,-122.1715950967
Marah fabacea,205330,-2681.2215460595835,-4247.041355286494,3919.622925372995,105042527,176152718,37.9684881685,-122.2648383816
Marah fabacea,205330,-2685.6508850784467,-4247.830386805946,3915.733578537084,106268973,178511320,37.9241332971,-122.3027366773
Marah fabacea,205330,-2672.1880499741155,-4307.518865635702,3859.332245019271,106356915,178651270,37.2838893266,-121.8135757284
Marah fabacea,205330,-2710.1882092988626,-4349.314573624354,3785.2471173641584,107020028,179912087,36.45108,-121.92827
Marah fabacea,205330,-2704.936023775061,-4266.557595264337,3881.953184062578,107812172,181402283,37.5400116667,-122.3741083333
Marah fabacea,205330,-2690.893873307126,-4304.181121226068,3850.0478137234495,108522296,182729894,37.179019928,-122.0128555298
Marah fabacea,205330,-2676.5806056695083,-4312.436239966457,3850.787330826679,108967840,183569267,37.1873675715,-121.8264494996
Marah fabacea,205330,-2713.5982006987183,-4296.523557461459,3842.658357832616,23226481,35990337,37.09565858,-122.27568602
Marah fabacea,205330,-2683.189331662351,-4255.717969935584,3908.850560010978,203697852,359937677,37.84570349,-122.23103777
Marah fabacea,205330,-2589.648024213229,-4253.997342990946,3973.283635255848,204362413,361215178,38.5832154854,-121.3312316081
Marah fabacea,205330,-2596.881324808615,-4251.228322212085,3971.525936835804,207532538,367104903,38.5629966667,-121.4188533333
Marah fabacea,205330,-2714.36819846241,-4258.74615184737,3883.946398571765,259722259,466287404,37.5626216667,-122.5119383333
Marah fabacea,205330,-2663.427695386492,-4465.275830729419,3682.012737162833,263896690,474166712,35.3052533333,-120.8150416667
Marah fabacea,205330,-2693.916735507121,-4357.4480606830575,3787.5073795679327,39531100,62728307,36.476355,-121.7257108
Primula integrifolia,209626,4698.450422676689,131.3466565205109,4300.821411212927,111124475,187552745,42.4589098089,1.6013044501
Primula integrifolia,209626,4692.395103921653,134.4553354914774,4307.3313177798855,117441734,198339780,42.5383149635,1.6412974092
Primula integrifolia,209626,4677.645455903803,-43.71529540488163,4325.213878120664,160270447,276949651,42.756960999,-0.5354465263
Primula integrifolia,209626,4676.311107578135,-33.79819882183889,4326.745339926443,217142829,384101821,42.7757216667,-0.4141
Primula integrifolia,209626,4699.575286948636,185.1477363534607,4297.611612012221,218973701,387532524,42.4197950529,2.2560976297
Primula integrifolia,209626,4357.660865807629,754.2441680167718,4586.028853299859,221093765,391510853,46.04026,9.81973
Primula integrifolia,209626,4701.428272587898,177.01424995941315,4295.927290201722,224735732,398349853,42.3992795915,2.1562343129
Primula integrifolia,209626,4278.830261414524,724.5936735626323,4664.367988475369,225366045,399551087,47.0647472092,9.6115037891
Primula integrifolia,209626,4673.763576510537,-34.10905093093178,4329.494627922,241416584,430258585,42.8094151815,-0.4181362482
Primula integrifolia,209626,4313.42532438858,766.1591283989428,4625.701599819393,29376213,45844312,46.5566666667,10.0719444444
Primula integrifolia,209626,4688.850265694015,161.55948841457626,4310.259255228369,284626447,511541662,42.5740616667,1.9734083333
Primula integrifolia,209626,4684.991105286618,0.0233040282611536,4317.477443197547,288953835,519685499,42.662275,0.000285
Primula integrifolia,209626,4704.324046043887,185.9403944940725,4292.378660974134,315295682,569565835,42.3560783333,2.2634616667
Primula integrifolia,209626,4696.722047499031,187.7283077193056,4300.6177719828565,326642219,591609474,42.4564275265,2.2888979016
Primula integrifolia,209626,4672.737494678758,113.20139769039145,4329.256619682144,372709328,680900151,42.8064975793,1.3877719251
Crocus serotinus,210572,4968.551130576419,-666.31389020116,3931.828911874245,63966820,102752225,38.1078620855,-7.6381517574
Crocus serotinus,210572,4826.209699669134,-696.0109672622006,4100.368495385229,97278791,161752125,40.0606392277,-8.2063212569
Crocus serotinus,210572,4906.331828159026,-804.8368591244628,3983.70414964086,98364590,163753397,38.7031999324,-9.315855559
Crocus serotinus,210572,4739.054938224191,-687.67962675171,4202.167078201553,99088868,165112983,41.267575,-8.256505
Crocus serotinus,210572,4906.371948843385,-765.116663614709,3991.4739032516927,100787433,168249114,38.792794,-8.863514
Crocus serotinus,210572,4851.688319845223,-754.9869514764267,4059.663567323677,100927657,168501239,39.5840083333,-8.8450416667
Crocus serotinus,210572,4894.617526514825,-792.2286240762129,4000.605729887119,101013018,168651582,38.8982385001,-9.193995093
Crocus serotinus,210572,4916.19799226749,-782.7558005501397,3975.933071268636,101094476,168794765,38.6137027307,-9.0466823056
Crocus serotinus,210572,4998.030121734433,-772.7278954995614,3874.576058284253,106044693,178063560,37.4563889,-8.7887142
Crocus serotinus,210572,4915.249719878389,-796.0318568041217,3974.4693487138425,140290076,240120632,38.5968579722,-9.199263
Crocus serotinus,210572,4817.110084427926,-597.9564828343847,4126.457513269286,141520308,242468844,40.3678855286,-7.0760314912
Crocus serotinus,210572,4684.187686017109,-673.8999320815708,4265.442267032057,17465067,26556366,42.0291143432,-8.1867964899
Crocus serotinus,210572,5018.85032270566,-769.0476410905376,3848.3061590377406,189654555,332295341,37.1593638333,-8.711775
Crocus serotinus,210572,4914.994236232451,-796.1317815714987,3974.765272799265,251879339,450778496,38.6002631961,-9.200868085
Crocus serotinus,210572,4810.115976266479,-322.30132756196923,4165.172178769468,317546568,573799658,40.8264238376,-3.8333678464
Lilium michauxii,223670,748.8372404373691,-5124.990198896453,3709.9152791171496,89970553,148628696,35.6133256997,-81.6870611161
Lilium michauxii,223670,634.1086692369724,-5145.621735814881,3702.733622229044,91008376,150472765,35.53392,-82.9747083333
Lilium michauxii,223670,742.1519691222851,-5078.766193622727,3774.267814413845,125335719,213578180,36.32842269,-81.68630181
Lilium michauxii,223670,673.2046004133264,-5142.005205555972,3700.855463496928,129178888,219492078,35.5131666583,-82.5411124249
Lilium michauxii,223670,654.7272467071438,-5153.828998799608,3687.700098059623,129605446,220276665,35.3679520179,-82.760093689
Lilium michauxii,223670,389.63665068433625,-5300.768176395684,3512.804171916177,179397966,312308201,33.4612784633,-85.795994544
Lilium michauxii,223670,298.8448578198943,-5304.6793416454775,3515.79606390242,229495395,407374490,33.4935366875,-86.7755884678
Lilium michauxii,223670,376.55185947405374,-5348.924177094613,3440.4900776628874,301858750,543973282,32.6851916667,-85.9731533333
Lilium michauxii,223670,304.0742112249255,-5313.376905140927,3502.1875831629004,302735656,545596230,33.3469083333,-86.7246466667
Lilium michauxii,223670,878.1358334190736,-5028.110692841112,3812.706840065165,304510628,549049212,36.7587051392,-80.0934753418
Lilium michauxii,223670,279.06275055223995,-5324.501558743456,3487.3428655453663,385339774,705436963,33.1872408491,-86.9998127595
Lilium michauxii,223670,634.1746249113695,-5128.255072988174,3726.737927620752,387450251,709491391,35.7996388889,-82.9504305556
Lilium michauxii,223670,587.1660023783658,-5142.899968632274,3714.238700995212,389721307,713868486,35.6611666667,-83.4867305556
Lilium michauxii,223670,235.7755212809236,-5283.477751352733,3552.326826771829,56084053,89346352,33.8883837952,-87.4448674911
Lilium michauxii,223670,704.5195306968114,-5130.244966270746,3711.332907002261,56135670,89433617,35.6290093526,-82.1806697175
Sphagneticola trilobata,246102,-5463.949555345648,-2382.2149807205974,2249.457750647008,130598195,222125712,20.675644445,-156.4433888883
Sphagneticola trilobata,246102,-1568.4831241745712,6172.405135732141,176.1495366003136,139345043,238310294,1.5843505553,104.2577773751
Sphagneticola trilobata,246102,1018.8924693911404,6228.198254117928,872.4435643053705,141176116,241790765,7.8707940727,80.7090857998
Sphagneticola trilobata,246102,1708.1359432916324,-6012.6858089143925,1232.7343964504742,142155521,243675386,11.15659953,-74.14075219
Sphagneticola trilobata,246102,565.318329393668,-6242.455488044327,1141.0161243007285,144927535,248863887,10.3170533333,-84.825395
Sphagneticola trilobata,246102,-2688.28051015439,5698.873387049225,-941.1392812881528,155694440,269161163,-8.4949463,115.2542546
Sphagneticola trilobata,246102,4103.954989008208,-4551.408590550384,-1741.2600092278708,157629530,272515271,-15.8613226889,-47.9593673721
Sphagneticola trilobata,246102,4873.457123681113,2040.4211956364404,-3560.316016552013,160037508,276530597,-33.9749790612,22.7181074014
Sphagneticola trilobata,246102,-1497.253119678311,6175.780584068828,-455.7635381746615,163293206,282418417,-4.102278337,103.6278202012
Sphagneticola trilobata,246102,1130.550765631256,-6256.656456728098,-407.2567721850889,175936845,305815831,-3.665042,-79.7574226
Sphagneticola trilobata,246102,4553.863343836629,-3863.51520859069,-2219.3089033135834,337147590,612822406,-20.3861197798,-40.3114018684
Sphagneticola trilobata,246102,-3353.619066287706,5191.914756765344,1544.996260963526,376498698,688391345,14.034386323,122.8596735275
Sphagneticola trilobata,246102,-1037.971957765546,-5647.112430081585,2760.8854642284327,386460859,707589375,25.6804360261,-100.4150450975
Sphagneticola trilobata,246102,1051.093967140044,6117.480376789027,1435.7536144897672,393822680,721899368,13.0238920911,80.2507406551
Sphagneticola trilobata,246102,4261.215137664819,-4734.430764123427,-130.24599777074758,395782193,725739517,-1.1714103868,-48.0112667754
Phytolacca rivinoides,276273,1090.0783145274645,-6203.622349761086,957.3672959837,68534431,110997764,8.6425356,-80.0339312
Phytolacca rivinoides,276273,2568.351327437038,-5700.512298257336,-1223.7173390725095,78331911,128180830,-11.0739570231,-65.7461751581
Phytolacca rivinoides,276273,2483.653260509275,-5514.424501732855,2003.0831300591185,99047721,165035582,18.3249558,-65.7535747
Phytolacca rivinoides,276273,1713.5462126300222,-6010.127437507101,1237.6916788049691,106029645,178036149,11.2020436748,-74.0866299346
Phytolacca rivinoides,276273,1455.4718564361738,-6202.500983719695,-18.339895198711865,109928327,185364611,-0.16493464,-76.79397276
Phytolacca rivinoides,276273,1199.0464652740902,-6257.070565444979,-33.296288579813385,111698270,188589555,-0.2994416667,-79.1518861667
Phytolacca rivinoides,276273,-695.9786314649872,-6085.11216664725,1754.0743409397369,113641616,191981314,15.9811616667,-96.524795
Phytolacca rivinoides,276273,1574.1371995687405,-6137.04711805936,669.699841220405,114018142,192569952,6.0338939884,-75.6139155705
Phytolacca rivinoides,276273,1555.9504100333656,-6174.929123011062,197.53930490987207,146564197,252006477,1.7767959661,-75.8571058139
Phytolacca rivinoides,276273,1952.415568163896,-5732.701369234383,1978.3734708206453,161162357,278549464,18.0910232943,-71.1924335361
Phytolacca rivinoides,276273,569.2350676855466,-6242.846148981215,1136.9241520633132,207658431,367333138,10.2796508457,-84.7900642856
Phytolacca rivinoides,276273,701.5535643523215,-6238.673154069052,1084.6810603675638,208204026,368354764,9.8025083333,-83.5839083333
Phytolacca rivinoides,276273,1256.0644031904203,-6245.947727040989,13.868517830853571,246811524,440685926,0.1247225035,-78.6294410135
Phytolacca rivinoides,276273,3782.3719645403394,-5109.484944957074,420.21309926476334,312959379,565108979,3.781807382,-53.4887557807
Phytolacca rivinoides,276273,833.06246730766,-6241.301476365793,970.5235372492922,45833478,72690129,8.7622303528,-82.3973387903
Gomphocarpus physocarpus,281273,-1158.855239024881,-5885.172148254612,2147.453480304106,8015118,10608100,19.6982483333,-101.1396533333
Gomphocarpus physocarpus,281273,-4969.196937267042,2502.0446441062686,-3104.28857022546,102291831,170959743,-29.1601414118,153.2742487639
Gomphocarpus physocarpus,281273,3368.503259446163,4887.142711508789,-2314.9028139696334,120513516,203836884,-21.306042896,55.423127318
Gomphocarpus physocarpus,281273,-4576.239444070903,585.3518052808323,-4393.762504307843,146862301,252594311,-43.6023635864,172.7108154297
Gomphocarpus physocarpus,281273,5073.565241472084,3251.270674821621,-2068.3152248264087,152490228,263250138,-18.94406,32.65279
Gomphocarpus physocarpus,281273,4735.704124329975,3018.464986810069,-3008.6090972213715,20185099,31152580,-28.17943,32.51281
Gomphocarpus physocarpus,281273,4782.773306391913,2753.231317678344,-3183.480790062597,198733320,350334116,-29.9789881334,29.927133238
Gomphocarpus physocarpus,281273,-1062.7936189866225,-5920.148230665658,2100.492270889143,223681932,396367454,19.2502883333,-100.1774133333
Gomphocarpus physocarpus,281273,4850.310281193791,3029.594705709212,-2808.1665237236125,243749588,434687759,-26.153190559,31.9896721266
Gomphocarpus physocarpus,281273,-1316.81288167515,-5807.607023409492,2264.389018251185,246658706,440381534,20.8192361858,-102.7752019465
Gomphocarpus physocarpus,281273,4731.974404585169,2966.024466735765,-3066.083858401966,247445075,441724234,-28.7674413889,32.079685
Gomphocarpus physocarpus,281273,-2343.158340883533,4849.792452407109,-3402.774645462201,324310647,586964191,-32.2830966667,115.78733
Gomphocarpus physocarpus,281273,-5107.580423642215,2639.4517431954127,-2745.1174548727327,324834448,588024385,-25.5231927342,152.6713702075
Gomphocarpus physocarpus,281273,4884.045492541281,2019.458140194684,-3557.757942365676,337949887,614469712,-33.9472423688,22.4641459799
Gomphocarpus physocarpus,281273,-5034.434024243911,3438.597289593621,-1849.3987847979404,51338889,81558672,-16.87493,145.666312
Bomarea edulis,283355,1961.4703373056625,-5886.570924369344,-1445.9149345369178,71387954,116221604,-13.1177055,-71.5713583333
Bomarea edulis,283355,-1109.1277999524089,-5875.962127423149,2198.330668971114,9082415,12276107,20.1849829159,-100.6892030686
Bomarea edulis,283355,-820.6700409628135,-5925.230942856096,2192.6906045687792,1182909,1493800,20.130951,-97.885544
Bomarea edulis,283355,4304.557718256211,-4160.267707741218,-2180.070774035546,156146123,269969259,-20.0101203298,-44.0234402195
Bomarea edulis,283355,-962.3998120064869,-5931.435653303952,2116.9815356403174,174826949,303769439,19.4074375137,-99.2161596939
Bomarea edulis,283355,-1368.6972820003054,-5814.996382852175,2214.0998051891274,178954190,311488748,20.3361511702,-103.2448410061
Bomarea edulis,283355,-1123.6936062282336,-5893.901840529518,2142.19207897004,179614655,312726875,19.6479983125,-100.7941065062
Bomarea edulis,283355,-1532.6227137275448,-5727.192800242418,2332.398631429726,192143239,337240831,21.4750266667,-104.9815733333
Bomarea edulis,283355,3859.4941991998,-4295.429493741189,-2691.3459681577265,192921722,338786824,-24.9885029063,-48.0599307053
Bomarea edulis,283355,-735.9417766341702,-5986.963612437494,2050.4656872114124,207613738,367242487,18.7744288564,-97.0078729469
Bomarea edulis,283355,-955.613818245003,-5938.120476701912,2101.256901054725,241056507,429549956,19.2575722222,-99.14215
Bomarea edulis,283355,-1005.9834223281052,-5993.080111758621,1913.3063679718791,253371638,453659161,17.4764941267,-99.5286948292
Bomarea edulis,283355,-753.2087470640355,-6024.1416135106765,1931.876686901275,35013471,55180183,17.6516674238,-97.1268054254
Bomarea edulis,283355,3404.483460182554,-4659.618589015013,-2699.4814509321222,39411807,62524778,-25.0692495005,-53.8468040898
Bomarea edulis,283355,2364.8016614711632,-5810.393089645625,-1112.1143715369487,49666783,78847140,-10.0529723392,-67.8539164737
Salvia carnea,285163,-1030.0177872699096,-5929.556108407987,2090.2585593238373,86255119,142060127,19.1528327647,-99.8544638658
Salvia carnea,285163,-755.5818071197109,-5981.326928101854,2059.751791258061,89878345,148449857,18.8626569285,-97.1996652267
Salvia carnea,285163,-913.061454479298,-5946.505853625325,2096.4589294382413,103717498,173649819,19.2118719546,-98.7293546848
Salvia carnea,285163,-226.28241472616205,-6145.932187441423,1663.1497063808235,145373931,249687129,15.1323546,-92.1085774
Salvia carnea,285163,-705.7955941797219,-6045.630499972486,1882.00891781,146278573,251451124,17.1816462695,-96.6588385218
Salvia carnea,285163,-1071.59641494414,-5902.77276181731,2144.4598330358044,148470173,255683380,19.669655,-100.2894833333
Salvia carnea,285163,-702.6241627490841,-6045.56645506554,1883.40082111718,196165185,345289275,17.1947491226,-96.6292541171
Salvia carnea,285163,-703.3576016853552,-6045.501271037073,1883.3362938461107,199392065,351629159,17.1941416667,-96.6361833333
Salvia carnea,285163,-701.7267764727683,-6045.893462691224,1882.6855549045056,201524764,355756065,17.1880157603,-96.6205075756
Salvia carnea,285163,-962.8919564277284,-5947.220388845746,2071.994656465521,236927670,421581850,18.9790484638,-99.1967371479
Salvia carnea,285163,-675.2194922141435,-6034.935084454172,1927.0159037837807,258207954,463212942,17.6057993978,-96.3839951624
Salvia carnea,285163,-700.4767563885997,-6046.345443390698,1881.699291232604,259367072,465570850,17.1787316876,-96.6083289042
Salvia carnea,285163,-972.5235393532288,-5943.977468599852,2076.796318337116,264764369,475461380,19.0247195,-99.2921133333
Salvia carnea,285163,-225.8505038032836,-6146.254719370475,1662.0161263433677,35860138,56601139,15.1217941585,-92.1044459882
Salvia carnea,285163,-672.2352293503681,-6050.034295462884,1880.1430663171936,39804392,63188933,17.1640833,-96.3402777778
Linaria canadensis,287345,853.3062469901862,-5478.77828942523,3137.6121547839075,70282682,114222932,29.5038988442,-81.1474456732
Linaria canadensis,287345,761.9065897998917,-5548.772581377118,3036.5069270881727,71724817,116819250,28.4644377484,-82.1815610737
Linaria canadensis,287345,-3909.9128966632848,3456.7114805646465,3654.241372749769,73600089,120175671,34.9997897508,138.5204513918
Linaria canadensis,287345,1479.177747674186,-4407.9146567901,4355.694513957329,81946547,134606543,43.1314315796,-71.4496307373
Linaria canadensis,287345,1420.814448155827,-4419.5408334702,4363.335679830126,87057844,143502433,43.2256666667,-72.1782
Linaria canadensis,287345,2321.287844513964,-4633.988466437928,-3705.067714024861,102196664,170779526,-35.5597188107,-63.3924947474
Linaria canadensis,287345,887.6867969778725,-5523.316579852878,3048.727478616432,106100953,178173211,28.5895264035,-80.8697131115
Linaria canadensis,287345,150.6767310726093,-5491.36654786065,3226.7542654233407,109852175,185221441,30.4292899829,-88.4282646109
Linaria canadensis,287345,253.2842678985097,-5489.802810705151,3222.9901192660195,339577187,617770373,30.3900383333,-87.358405
Linaria canadensis,287345,930.960674153765,-5276.125267482067,3447.5451432423474,40264370,63964298,32.76060833,-79.99328667
Linaria canadensis,287345,-3841.730838579831,3485.3211725012443,3699.1071379586574,350801503,640099110,35.4938527718,137.7848425681
Linaria canadensis,287345,1291.208461118523,-4709.598084110825,4091.725763752138,364287592,665016005,39.9591606147,-74.6682195438
Linaria canadensis,287345,497.4981137906467,-5268.265295752086,3547.9049494069554,44540478,70616439,33.8404926081,-84.6053851692
Linaria canadensis,287345,792.809443422515,-5091.857907625078,3746.2233468726185,46330138,73480777,36.0159904235,-81.1500263493
Linaria canadensis,287345,230.8767265599357,-4758.492680118654,4230.035044780077,47462136,75276248,41.6018677201,-87.2222513705
Conoclinium dissectum,288658,-1058.1866805258635,-5728.617649860826,2579.3281878307225,88786613,146542373,23.8819763,-100.4656709
Conoclinium dissectum,288658,-1312.3361914829084,-5327.933476030772,3237.383468974941,96488860,160306370,30.540214302,-103.8372172416
Conoclinium dissectum,288658,-727.7222616578181,-5432.49303161201,3247.798161994064,99823513,166521446,30.649023056,-97.6297683716
Conoclinium dissectum,288658,-782.108763476855,-5477.291349155289,3158.692528284255,102482788,171323274,29.7219616667,-98.1263971667
Conoclinium dissectum,288658,-1378.9915998929648,-5341.0251945746,3187.724136123049,137468538,234788621,30.0230534328,-104.4769572839
Conoclinium dissectum,288658,-1282.8078074072212,-5345.8596082144695,3219.618348219795,137798179,235406001,30.3548916667,-103.4937216667
Conoclinium dissectum,288658,-837.8188052451612,-5574.77922923525,2968.10534256152,160634620,277580596,27.7669833333,-98.5468666667
Conoclinium dissectum,288658,-746.8818282123892,-5682.546413357666,2782.1910294585223,18492429,28280472,25.8932319,-97.487714
Conoclinium dissectum,288658,-1206.6825328628886,-5454.77960891803,3062.5234387173423,190995015,334951995,28.7309199432,-102.4738368207
Conoclinium dissectum,288658,-666.558952108637,-5312.494091799855,3452.949292653008,29341371,45767305,32.8184203909,-97.151532918
Conoclinium dissectum,288658,-772.8222676816779,-5334.764511430209,3395.995653683555,312283487,563802248,32.2110133333,-98.2428283333
Conoclinium dissectum,288658,-685.0266454256349,-5305.688624786751,3459.791878356676,317163252,573084382,32.8916744604,-97.3568582391
Conoclinium dissectum,288658,-739.5311013171334,-5438.572488233392,3234.930628327748,327120719,592574800,30.5146057026,-97.7435235235
Conoclinium dissectum,288658,-790.6241475729149,-5664.969960466156,2805.847810193582,42418422,67349864,26.12996178,-97.94509112
Conoclinium dissectum,288658,-645.6252314798305,-5306.783120401259,3465.6852285195096,54340212,86460393,32.9548149616,-96.9365370056
Erica multiflora,311358,4917.734678743654,1320.0783986719446,3829.233837273352,1177639,1486260,36.944449,15.025818
Erica multiflora,311358,5024.007743814696,915.6231350663204,3809.2956821830894,129346558,219784261,36.7204238027,10.3287691585
Erica multiflora,311358,4927.638681672862,-26.82710431736165,4038.243486843348,139913892,239402714,39.3345055353,-0.3119272267
Erica multiflora,311358,4619.616331972327,452.0649907974413,4364.004504941222,142897935,245059850,43.2339219189,5.5890376121
Erica multiflora,311358,4879.512039541205,-17.73751313055581,4096.315511075509,144614777,248241606,40.0130323352,-0.208274958
Erica multiflora,311358,4884.875418471907,-20.887490267897565,4089.9032981767,144927237,248849463,39.93778137,-0.24499248
Erica multiflora,311358,5001.68136963369,1280.4409839258428,3732.747981450088,18457520,28220856,35.866307,14.35945
Erica multiflora,311358,4959.193208225079,-51.01649778965861,3999.1940650742326,195078429,343092454,38.8819278951,-0.5893956497
Erica multiflora,311358,4702.545343625368,221.9645983536476,4292.616001682716,195865362,344688420,42.3589668085,2.702409376
Erica multiflora,311358,4657.1120747877885,1748.4173288873862,3980.464432272888,257455298,461849270,38.6658754747,20.5776175484
Erica multiflora,311358,4592.604804625942,494.5761083533571,4387.8387289473385,34118856,53656327,43.5288405812,6.1464764178
Erica multiflora,311358,4775.373073835469,151.8686552925443,4214.558226778253,320429133,579345993,41.4160016667,1.8215333333
Erica multiflora,311358,4782.096838430256,56.75021992507408,4209.28525644096,324217231,586778630,41.3527983333,0.67991
Erica multiflora,311358,4617.469408481451,278.80272305044736,4380.753181022077,331330065,601033329,43.4410157509,3.4553231783
Erica multiflora,311358,4784.323440253601,141.09144952460312,4204.770570624327,334328011,607115597,41.29873274,1.68918394
Erica cerinthoides,320082,4945.073551694107,1842.962409675356,-3569.2422521505146,111676003,188550490,-34.0718354645,20.4397479817
Erica cerinthoides,320082,4930.024393423083,2001.5545780200025,-3504.05363559663,115724073,195307448,-33.367,22.0968
Erica cerinthoides,320082,4965.327912364954,1738.910126425436,-3593.2524855041843,117625116,198669637,-34.3329166667,19.3007916667
Erica cerinthoides,320082,4973.626507322459,1715.7291668769392,-3592.9188581520466,143970770,247006857,-34.3292833333,19.0326638889
Erica cerinthoides,320082,4767.197954639505,2370.84235768543,-3498.954601872243,147020092,252903969,-33.31211,26.442265
Erica cerinthoides,320082,4891.845646891475,2017.367621451833,-3548.214646351619,151009008,260490130,-33.8438459095,22.4109553546
Erica cerinthoides,320082,4971.779355939028,1779.59549062795,-3564.2955903337484,151937328,262232455,-34.0181467914,19.6942873156
Erica cerinthoides,320082,4948.160145831946,1751.6797553508268,-3610.690008235528,155037043,267941696,-34.5230380657,19.4942827086
Erica cerinthoides,320082,4987.460417239818,1711.55249237376,-3575.692909352344,159423895,275442977,-34.141898941,18.9407413574
Erica cerinthoides,320082,4852.0388363390575,2733.7902844003274,-3094.1659524423267,173457789,301232361,-29.0559473339,29.3982693033
Erica cerinthoides,320082,4748.690526352305,2834.825240250313,-3162.824255605907,212955877,376310842,-29.7647571698,30.8359294165
Erica cerinthoides,320082,4835.929342062705,2738.3722858970937,-3115.262067962364,271681961,488719906,-29.2732133333,29.5209533333
Erica cerinthoides,320082,4922.68448110709,1848.4057727302843,-3597.2665634453915,284501234,511774653,-34.3766439054,20.5805220455
Erica cerinthoides,320082,4875.892881352014,2041.7885780978609,-3556.19475586016,340260463,619169016,-33.9302974956,22.7215824742
Erica cerinthoides,320082,5007.97991261956,1662.3960856997298,-3570.2002154958523,381915463,699545445,-34.0822366667,18.3635566667
Acacia oxycedrus,321065,-4649.4118072358215,2549.607780390444,-3531.6034803734806,79119900,129561457,-33.6641705,151.2608647
Acacia oxycedrus,321065,-4657.838665918253,2560.889357944227,-3512.2838422203727,128067406,217495748,-33.4556695558,151.1979135766
Acacia oxycedrus,321065,-4615.557394059287,2607.6274576176043,-3533.6471405759844,129386488,219874518,-33.6862555556,150.5350805556
Acacia oxycedrus,321065,-4615.844086984142,2607.904267134818,-3533.068330472957,134141862,228602840,-33.68,150.534
Acacia oxycedrus,321065,-4113.464917369313,2858.3510004577183,-3936.875545585821,178159086,309957070,-38.165564728,145.2054627
Acacia oxycedrus,321065,-4111.582129178495,2859.76026385284,-3937.818781760508,178159161,309957380,-38.1763546494,145.1799320753
Acacia oxycedrus,321065,-4643.307271621536,2559.279911217933,-3532.63882204512,181360741,316047732,-33.6753583333,151.1374971667
Acacia oxycedrus,321065,-4642.265063054687,2563.38874287532,-3531.0290804409105,233203446,414419057,-33.6579642,151.0931825
Acacia oxycedrus,321065,-4666.562198268935,2544.795660569302,-3512.401660589588,237390236,422477592,-33.4569395502,151.3952362125
Acacia oxycedrus,321065,-4015.722105994215,3081.34577993169,-3868.984011546698,239125364,425830053,-37.393063,142.500235
Acacia oxycedrus,321065,-4121.964771933236,2872.2803002342425,-3917.80109570472,243526126,434254068,-37.9477083333,145.130325
Acacia oxycedrus,321065,-4652.060066060035,2558.956338679321,-3521.339621249257,305177548,550219844,-33.5533384578,151.1861492552
Acacia oxycedrus,321065,-4025.838855609032,3099.5072090313392,-3843.882113112829,333461341,605398248,-37.1094575693,142.4072020023
Acacia oxycedrus,321065,-4657.429965968493,2551.643672444815,-3519.547387186099,49687775,78884251,-33.534,151.2832
Acacia oxycedrus,321065,-4610.500135625978,2614.3292161229647,-3535.296929367625,57874775,92352830,-33.7040883333,150.4451116667
Caleana major,321088,-4592.20789752424,2628.256480667201,-3548.7529679345525,62975104,100993411,-33.849675,150.2162166667
Caleana major,321088,-4080.266559991186,2948.096558946676,-3905.1126242685873,65628038,105662960,-37.80314584,144.15092953
Caleana major,321088,-4550.8689882523695,2639.343925126085,-3593.495265940992,66858454,107877574,-34.3355607403,149.8877750437
Caleana major,321088,-4606.337351491253,2555.9294826277974,-3583.103935663601,102881678,172073865,-34.2224652084,150.9753147165
Caleana major,321088,-4704.963360093231,2531.7907660097803,-3470.318202557981,181321341,315992606,-33.0044836589,151.7148332486
Caleana major,321088,-4479.857090383112,2568.0213544990365,-3731.742207368901,187987857,328884048,-35.8551462806,150.1770549493
Caleana major,321088,-4106.111820052767,2845.2290017106725,-3954.019572375038,189064922,331088923,-38.36193,145.28093
Caleana major,321088,-4600.112104788022,2562.683746172459,-3586.275752108813,191439123,335840755,-34.25697,150.8781883333
Caleana major,321088,-4682.463228976927,2537.19382803266,-3496.703979170867,252376844,451777593,-33.2878935241,151.5489399466
Caleana major,321088,-4650.573503391684,2557.3054791352592,-3524.501086056496,320276894,579045089,-33.5874616667,151.19403
Caleana major,321088,-4611.955074361654,2609.944541767834,-3536.6386598921176,321799132,582022896,-33.718594,150.49411
Caleana major,321088,-4110.256290301829,2852.404105665741,-3944.532567452436,325158329,588670381,-38.2532016,145.2404223
Caleana major,321088,-4660.152306909696,2546.773663878932,-3519.471197645231,331064467,600489954,-33.533178,151.3433915
Caleana major,321088,-4117.607954148135,2931.7965714298853,-3878.0957607265727,352571724,643468470,-37.4962745,144.5485826
Caleana major,321088,-4352.195009723431,2591.930582839683,-3863.941974299852,357793382,652600650,-37.3360113929,149.2242728886
Ricinocarpos pinifolius,321196,-5009.444864191662,2483.4250866807174,-3054.1472003074905,65319686,105112080,-28.6450499,153.6301516
Ricinocarpos pinifolius,321196,-4872.77257346326,2479.289563274759,-3270.9270610055687,76440795,125044934,-30.891104575,153.0327942967
Ricinocarpos pinifolius,321196,-4936.201335934433,2531.2526955501025,-3133.1181420538373,88053060,145237831,-29.457472,152.851537
Ricinocarpos pinifolius,321196,-4682.534408095688,2540.6216017170377,-3494.118847945239,95505390,158562145,-33.2600860596,151.5168914795
Ricinocarpos pinifolius,321196,-5160.589018611571,2598.090352393109,-2684.7719887292023,170406875,295554816,-24.9232933333,153.2771033333
Ricinocarpos pinifolius,321196,-4621.371564046505,2545.416612447554,-3571.2087961607367,173872098,302001150,-34.0931888333,151.1543583333
Ricinocarpos pinifolius,321196,-4393.623838584181,2533.7590967387423,-3855.630627328804,176257339,306412306,-37.2420613704,150.0283794731
Ricinocarpos pinifolius,321196,-4611.672657659337,2557.1219683982386,-3575.381891072592,180087260,313637595,-34.1385195,150.9921116667
Ricinocarpos pinifolius,321196,-4050.6873987413846,2592.229227458157,-4178.759667612734,200968392,354669239,-40.9881066557,147.3828713366
Ricinocarpos pinifolius,321196,-4545.041376032295,2575.1707494910543,-3647.032715893507,34052098,53546910,-34.9206866667,150.4645833333
Ricinocarpos pinifolius,321196,-5069.562491106113,2538.131898843052,-2906.402543097356,35478175,55946239,-27.1416487581,153.4046617859
Ricinocarpos pinifolius,321196,-4401.002512557615,2548.169892448969,-3837.6764081088977,320307932,579122594,-37.0395083333,149.9292616667
Ricinocarpos pinifolius,321196,-5110.069095039461,2590.386159754952,-2786.90626267731,322174808,582772323,-25.9403785056,153.1187279472
Ricinocarpos pinifolius,321196,-4659.947960089545,2546.4738911866666,-3519.958644705838,391602507,717574963,-33.538437144,151.3451723809
Ricinocarpos pinifolius,321196,-4121.6507674048,2869.679629574729,-3920.036594833357,59175526,94534740,-37.9732073121,145.15261938
Scaevola ramosissima,321199,-4691.447028192636,2534.364505366056,-3486.699652290198,64349009,103439545,-33.1803291335,151.621658653
Scaevola ramosissima,321199,-4626.446865981988,2605.504989018176,-3520.94962731992,64360187,103459133,-33.54913,150.6128216667
Scaevola ramosissima,321199,-4683.915904462421,2584.784751462525,-3459.70702779993,66766406,107706624,-32.8907657126,151.1082111011
Scaevola ramosissima,321199,-4475.800490498142,2574.647775734469,-3732.043934607359,72665790,118515977,-35.8584942761,150.0908775225
Scaevola ramosissima,321199,-4934.125524887423,2632.63014360714,-3051.789141029063,72772416,118710682,-28.62088865,151.91760069
Scaevola ramosissima,321199,-4649.4118072358215,2549.607780390444,-3531.6034803734806,96552006,160423569,-33.6641705,151.2608647
Scaevola ramosissima,321199,-4390.0806799002885,2549.634379957005,-3849.1959267079296,103619832,173469268,-37.169405,149.853195
Scaevola ramosissima,321199,-4290.193346206402,2665.328457533616,-3883.299936304847,108542803,182768003,-37.5552877797,148.1489410058
Scaevola ramosissima,321199,-4414.894553156729,2565.336418381213,-3810.184808472095,142027166,243432667,-36.7304000834,149.8406695424
Scaevola ramosissima,321199,-4636.600857123148,2592.9588526289845,-3516.8522871987825,198329422,349537232,-33.5049276318,150.7844636102
Scaevola ramosissima,321199,-4459.097857773323,2561.583993536888,-3760.915695483536,247412790,441880875,-36.1795166667,150.1242528333
Scaevola ramosissima,321199,-4994.819628608177,2645.5065912397063,-2939.8681744349,259231130,465300693,-27.48037,152.092065
Scaevola ramosissima,321199,-5027.07973488857,2615.043659908009,-2912.0043141322803,334694168,607857117,-27.198275,152.5169366667
Scaevola ramosissima,321199,-4647.138013608066,2562.2183339480644,-3525.4643128723787,336223560,610945132,-33.5978609187,151.1296771896
Scaevola ramosissima,321199,-4558.430981796516,2588.767900499997,-3620.59951820357,361943472,660583102,-34.631275,150.407425
Pultenaea daphnoides,321215,-3889.128394138443,3436.983930383303,-3694.803773662481,97884741,162866519,-35.4463329383,138.5316347411
Pultenaea daphnoides,321215,-4383.240092320882,2535.708500159501,-3866.153362835873,172272704,299040695,-37.3610283333,149.9505783333
Pultenaea daphnoides,321215,-4039.762757619231,2940.3482829307486,-3952.77395848742,179644254,312788733,-38.347645,143.950935
Pultenaea daphnoides,321215,-4512.050552249672,2577.0975961391946,-3686.4238665127,184821750,322668727,-35.3538783333,150.26677
Pultenaea daphnoides,321215,-4303.517585087379,2640.6840057618183,-3885.392838084051,184832471,322688347,-37.5790336297,148.4662804773
Pultenaea daphnoides,321215,-4656.683046072172,2550.700003968256,-3521.219338220466,187977819,328863167,-33.5520404515,151.2882580631
Pultenaea daphnoides,321215,-4398.70005135999,2550.013656393513,-3839.091212780656,188316283,329563108,-37.05545,149.89828
Pultenaea daphnoides,321215,-4185.725727030893,2901.9211535988115,-3827.310659725034,191929919,336823725,-36.9228115261,145.2668231446
Pultenaea daphnoides,321215,-4134.4267751608895,2879.381146787945,-3899.4143896272817,242840378,432957176,-37.7383166667,145.1450945
Pultenaea daphnoides,321215,-4119.220187709275,2745.0376922840924,-4010.803690382442,247020072,441096527,-39.01617895,146.32061395
Pultenaea daphnoides,321215,-4419.032062592937,2555.357569529792,-3812.0934473462007,317448008,573627501,-36.75182,149.960844
Pultenaea daphnoides,321215,-4126.435895341314,2926.090726651233,-3873.018588997712,325441594,589234670,-37.4387462997,144.6592228
Pultenaea daphnoides,321215,-4457.978146120056,2595.331303442445,-3739.042578490536,327820516,593954262,-35.9361916667,149.79303
Pultenaea daphnoides,321215,-4655.194476988335,2544.435262959746,-3527.714090413465,397695421,729456991,-33.622155,151.339875
Pultenaea daphnoides,321215,-3926.19385802626,3439.808016127953,-3652.73537654402,61760273,98864878,-34.983257621,138.7778240738
Nymphaea nouchali,321501,4732.304028097156,3004.8526205633734,-3027.525795765628,98141787,163340930,-28.3726018985,32.4141630158
Nymphaea nouchali,321501,5096.92592078864,2676.645157332941,-2728.8587338659404,151020945,260512793,-25.3612713834,27.7061613959
Nymphaea nouchali,321501,-5044.447676163541,2528.4106060666627,-2958.1143620988187,181528710,316342574,-27.6654868878,153.3787600324
Nymphaea nouchali,321501,4768.240417012697,2960.6275330773133,-3014.684239788398,195291715,343517733,-28.2414294519,31.8363805284
Nymphaea nouchali,321501,4738.459229537095,2378.594378522219,-3532.569325880903,198559688,349997952,-33.6746073168,26.6555678844
Nymphaea nouchali,321501,5037.644802300229,2932.299078376815,-2571.674569319651,199567814,351960757,-23.8067226203,30.2027167547
Nymphaea nouchali,321501,5007.461808730659,1717.512523309026,-3544.7468310244644,201936030,356552031,-33.806305,18.9314883333
Nymphaea nouchali,321501,-4676.574997938772,2547.8890321162567,-3496.80724352274,204924619,362273039,-33.2890044911,151.4175921679
Nymphaea nouchali,321501,4045.340767180298,4312.310667207727,-2372.5403930287457,206050372,364405221,-21.863482219,46.829586845
Nymphaea nouchali,321501,4857.95018344254,2778.916695897871,-3044.288938673216,206615292,365378878,-28.5440766667,29.77106
Nymphaea nouchali,321501,5077.631610176816,1707.49067713947,-3448.461388574972,213793651,377846550,-32.7704074188,18.5866077617
Nymphaea nouchali,321501,5064.631320378495,2738.151305566272,-2727.964469369851,224972603,398796249,-25.3523716667,28.3975083333
Nymphaea nouchali,321501,-5029.722375818716,2579.150967527032,-2939.3241125419195,256808287,460530428,-27.474855,152.8520666667
Nymphaea nouchali,321501,-4919.503511453761,2486.767324898769,-3194.405516256096,258419880,463641900,-30.0924763871,153.1837892387
Nymphaea nouchali,321501,-5093.505057905507,2591.771230098354,-2815.7914066214016,305627032,551070323,-26.2296089781,153.0312579196
Monotoca scoparia,323189,-4108.2077161413,2979.136148843776,-3851.89957000008,117713129,198828604,-37.1999242267,144.051621556
Monotoca scoparia,323189,-4526.525339444418,2584.278068138763,-3663.581355392837,165654352,286774862,-35.1023945,150.277145
Monotoca scoparia,323189,-4772.598313627803,2736.487506282213,-3213.050667884938,201060092,354845044,-30.2864676936,150.1711281589
Monotoca scoparia,323189,-4376.224846354959,2600.4515398120984,-3830.934744016379,215170987,380395801,-36.9635908498,149.280263101
Monotoca scoparia,323189,-4197.36392497262,2731.2926223219893,-3938.518734532737,222196868,393574099,-38.1843626221,146.9472953935
Monotoca scoparia,323189,-4891.229827106095,2634.714217858788,-3118.3176390993067,227190220,403006546,-29.3047204693,151.6903902453
Monotoca scoparia,323189,-4428.850414541024,2661.295042546006,-3727.2705605868327,266875541,479532810,-35.805545,148.9983533333
Monotoca scoparia,323189,-4885.007679467623,2558.534357590355,-3190.666864818309,278686733,500413175,-30.05362389,152.35659425
Monotoca scoparia,323189,-3993.588399914071,3083.902011779018,-3889.8011778874416,283315182,509069566,-37.629075,142.3242033333
Monotoca scoparia,323189,-4344.129696561214,2765.6991883118144,-3750.89300152694,299815845,540166292,-36.0679269391,147.5170463696
Monotoca scoparia,323189,-4576.333641373276,2599.0597536046207,-3590.516944634204,324978709,588309080,-34.3031301898,150.4062436005
Monotoca scoparia,323189,-3989.782176191643,3131.5376018204515,-3855.49783615625,355166227,647816573,-37.2405612732,141.87200856
Monotoca scoparia,323189,-4463.490369489688,2670.9879756935456,-3678.699509996805,358194870,653406423,-35.26875,149.1033638333
Monotoca scoparia,323189,-4028.891859459823,3090.62188930146,-3847.835736076383,358867787,654713816,-37.1540555759,142.5076589361
Monotoca scoparia,323189,-4080.313113715798,2958.6144568092045,-3897.101297076572,360114096,657097820,-37.7120166667,144.0543221667
Leucopogon parviflorus,323832,-4074.9982353945175,2570.5651057015248,-4168.493438708847,100440966,167637713,-40.8659083301,147.75570556
Leucopogon parviflorus,323832,-4626.541047852574,2542.9432346210665,-3566.274073554582,136128380,232284612,-34.0396162123,151.2049380878
Leucopogon parviflorus,323832,-4978.290146328461,2487.820505074312,-3101.1497034451863,181162493,315697155,-29.127821155,153.44714582
Leucopogon parviflorus,323832,-4356.65402001632,2545.68705239374,-3889.575338109284,182595292,318404690,-37.6265105561,149.7013333691
Leucopogon parviflorus,323832,-3726.752222996138,3682.318131951607,-3625.1350558525687,184237541,321570699,-34.6808616667,135.3436133333
Leucopogon parviflorus,323832,-2331.3374171184064,4963.265839022297,-3243.549165407457,304300193,548551501,-30.6046163968,115.1603090626
Leucopogon parviflorus,323832,-3819.579317440161,3537.4257157000266,-3672.4904728759934,308984945,557517662,-35.2003864525,137.1963137761
Leucopogon parviflorus,323832,-4058.1944961885065,2915.1618829820213,-3952.5487671616975,310095770,559622284,-38.3450627524,144.3088154716
Leucopogon parviflorus,323832,-2275.719975150791,4792.044728347248,-3528.053152362713,313278507,565717182,-33.625816933,115.4028278238
Leucopogon parviflorus,323832,-4008.5145131611766,2639.613941747633,-4189.749725936524,362656873,661930892,-41.1191721667,146.635025
Leucopogon parviflorus,323832,-2341.042691356071,4848.719244099679,-3405.7589372742173,386495806,707659948,-32.3148478223,115.7720269438
Leucopogon parviflorus,323832,-4075.823829013052,2511.7553529660577,-4203.391284590714,387093686,708798898,-41.282224046,148.3562534638
Leucopogon parviflorus,323832,-3848.524612903736,3509.163147216226,-3669.384885750076,396144082,726452898,-35.1662144985,137.6408037092
Leucopogon parviflorus,323832,-3977.559190746013,2989.589600826097,-3978.835260779442,54132634,86118018,-38.6471133049,143.0709600099
Leucopogon parviflorus,323832,-4540.949857774504,2551.0239006775464,-3669.033193775583,54878643,87347188,-35.1623456035,150.6735064834
Erica australis,333982,4964.993999556471,-356.6505563588497,3976.353617913602,69472854,112730914,38.6185431817,-4.1086721765
Erica australis,333982,4832.360417045737,-719.9147287057218,4088.9813783923664,71090740,115685914,39.9269689228,-8.4734816068
Erica australis,333982,4597.373236733805,-552.1186811296557,4375.965883526609,71241663,115955771,43.3817496691,-6.8481040746
Erica australis,333982,4820.879138166637,-691.0334410071002,4107.474923633379,108172283,182076696,40.14419269,-8.15731333
Erica australis,333982,4635.390299033163,-428.1773327314557,4349.663674014538,118211625,199698091,43.0571583333,-5.2775133333
Erica australis,333982,4844.936718670059,-584.5983087955693,4095.6789594783177,149126264,256921797,40.0055583333,-6.880145
Erica australis,333982,4892.944590228075,-418.5432220521528,4058.776655337104,149512042,257647093,39.5736597197,-4.8891879246
Erica australis,333982,4828.187528893415,-582.2622339801209,4115.741610742347,150217125,258976198,40.2415173337,-6.8764594882
Erica australis,333982,4709.250698968497,-577.590993594331,4251.952448941648,161818326,279732647,41.86600095,-6.9924213365
Erica australis,333982,4933.847905528621,-732.9101123542625,3963.551531391656,195007629,342947498,38.4713383333,-8.44935
Erica australis,333982,4814.444518644281,-695.4264718176727,4114.275042929034,261553687,469914778,40.2242410665,-8.2192874481
Erica australis,333982,4728.657224586216,-230.1641356893832,4263.399870137491,351444380,641351121,42.0043916667,-2.7866333333
Erica australis,333982,4730.886397646318,-246.5646921249844,4260.008553376364,367699319,671520335,41.9633618737,-2.9834463826
Erica australis,333982,4644.022418579836,-643.8967339890374,4313.7229745735385,47757152,75752804,42.6163761178,-7.8937705994
Erica australis,333982,4669.413789517992,-517.2520409299395,4303.345014995947,53561156,85195392,42.4896797212,-6.3211406116
Trifolium montanum,334750,3197.4903093317416,2334.791650607987,4991.448366922999,66508437,107230374,51.5787283567,36.136734558
Trifolium montanum,334750,2846.8340282899976,2178.440126779558,5266.847990884515,68703831,111315887,55.7601869102,37.4237590197
Trifolium montanum,334750,2820.6051814630564,2699.543234363586,5034.521413777379,80847661,132549549,52.2064107654,43.743652094
Trifolium montanum,334750,3619.785184595986,1898.6333502046384,4886.931526893695,83174477,136578026,50.0904054982,27.6777056753
Trifolium montanum,334750,4250.010174383426,1013.5193479309072,4636.803336209604,86533016,142568622,46.7020547669,13.4130641073
Trifolium montanum,334750,1668.6610519987132,2995.994975717054,5369.295813111637,128252730,217832986,57.4338033333,60.8837716667
Trifolium montanum,334750,2584.3031246040227,2954.385963340799,5018.240136686783,130289155,221533177,51.9681189175,48.8226938703
Trifolium montanum,334750,2406.579438994564,2627.6655355443527,5281.429954737491,168869388,292702521,55.993958038,47.5146106528
Trifolium montanum,334750,3082.910246607182,2518.2724943024004,4974.306100903104,20159816,31098952,51.3313252127,39.2436374827
Trifolium montanum,334750,1850.376687283604,2989.652097864861,5312.987820291613,189580765,332142688,56.5047892365,58.2455125451
Trifolium montanum,334750,4056.7846266934353,550.6461614176327,4881.499813296859,204986624,362385452,50.0143278095,7.7297815692
Trifolium montanum,334750,4200.524723616431,909.1222471846193,4703.067288019441,224355681,397631630,47.578156,12.212205
Trifolium montanum,334750,3847.1832482394825,1393.6948455673205,4883.292829800607,372703209,681069754,50.0394278333,19.9136133333
Trifolium montanum,334750,3441.0944557087446,1464.8742028699369,5157.786894234206,386364129,707375690,54.0540829839,23.0594586063
Trifolium montanum,334750,2587.0420720955294,2478.7605059129146,5268.084357829842,49360457,78356413,55.7799533038,43.7754887715
Myosotis ramosissima,336671,4818.602739157332,-303.41434119096,4156.772847946174,72459942,118142308,40.726673872,-3.6030029878
Myosotis ramosissima,336671,1239.8514440121671,-4837.395816234879,3956.276436692924,73207026,119492919,38.3878194475,-75.6242341494
Myosotis ramosissima,336671,4809.886751179117,-586.012645512257,4136.584551270379,73792113,120522154,40.4875276248,-6.9463971632
Myosotis ramosissima,336671,4052.698375479449,269.1685575550109,4908.455693462804,74118943,121101903,50.3930737597,3.7998399388
Myosotis ramosissima,336671,4168.120678918605,840.331235057348,4744.509094841692,90508453,149598877,48.13359156,11.398556
Myosotis ramosissima,336671,4794.849331176992,-295.5337194584451,4184.714188765111,116343763,196380682,41.0590868167,-3.5270015895
Myosotis ramosissima,336671,1255.5509629750402,-4808.809879504084,3986.0622739533055,21004336,32440483,38.7303799,-75.3670918
Myosotis ramosissima,336671,3835.690906776156,656.7869085232065,5044.3888979880085,203119638,358826917,52.3514544369,9.7165482491
Myosotis ramosissima,336671,4122.192591098596,1523.4098395236365,4612.646077081121,205889219,364099781,46.3861885884,20.2824470514
Myosotis ramosissima,336671,3908.492600385601,1017.9675880730924,4927.187911176221,25567762,39617793,50.6580632796,14.598373552
Myosotis ramosissima,336671,4087.775109477839,1227.574533185308,4730.000903751051,270783128,487020973,47.938463157,16.715213852
Myosotis ramosissima,336671,4386.522612338956,743.7718039824739,4560.150875214231,270863734,487171503,45.7060030087,9.6234530036
Myosotis ramosissima,336671,4117.763206413833,604.0855373079253,4823.780671755019,334459634,607379086,49.213194,8.345893
Myosotis ramosissima,336671,4612.062640403457,1658.5360737516546,4070.367234382737,351081461,640636229,39.7090224104,19.7790067448
Myosotis ramosissima,336671,4104.739442086446,1200.975140432936,4722.1315054029765,356549333,650217472,47.832931,16.308555
Chasmanthe aethiopica,361348,4829.035588203692,2136.472510374384,-3564.499071391972,69996641,113706500,-34.0203546063,23.8656618721
Chasmanthe aethiopica,361348,4866.4905371383,2049.029230570765,-3564.89862322723,77875698,127391449,-34.02469,22.83346
Chasmanthe aethiopica,361348,5011.996134314439,1729.8225579551313,-3532.330929752212,79120079,130634067,-33.6720311176,19.0414205566
Chasmanthe aethiopica,361348,4732.309993405617,2398.758802389667,-3527.173296557577,83509125,137160394,-33.6163146464,26.8799769133
Chasmanthe aethiopica,361348,4828.76014591065,2137.143801642627,-3564.4697998500287,10785476,15090695,-34.020037,23.873532
Chasmanthe aethiopica,361348,4719.727254688443,2510.841212673289,-3465.4875812459413,157532081,272365592,-32.9526966667,28.01246945
Chasmanthe aethiopica,361348,4761.672835114923,2378.935009923003,-3500.9845985906136,161956976,279991616,-33.3339583333,26.546745
Chasmanthe aethiopica,361348,5006.474351807282,1673.391684366402,-3567.173666233068,210115213,371701840,-34.0493798987,18.481974576
Chasmanthe aethiopica,361348,4738.341068978525,2376.786590558126,-3533.944332704176,213484158,377242776,-33.68946767,26.63867817
Chasmanthe aethiopica,361348,4981.822894935268,1697.6368497202163,-3590.156389302316,218886452,387377166,-34.299205,18.817375
Chasmanthe aethiopica,361348,4759.5824627554175,2284.915538759872,-3565.8503741242694,25550234,39587857,-34.035018,25.644097
Chasmanthe aethiopica,361348,5012.891399442672,1687.1651206487095,-3551.640015927509,296572016,534009965,-33.8809435207,18.6014453453
Chasmanthe aethiopica,361348,4874.892613953838,2033.1096815918283,-3562.532828580437,372306811,680265903,-33.9990228355,22.6389343543
Chasmanthe aethiopica,361348,5002.02824103643,1667.1294007896531,-3576.331383775022,374907770,685310164,-34.148836856,18.4327493961
Chasmanthe aethiopica,361348,5002.003817867024,1714.8084870783866,-3553.750524215944,375140716,685758746,-33.9038088861,18.9229608806
Polymeria calycina,370497,-4824.178807388058,2480.656934811887,-3341.166433417388,67606062,109269846,-31.6300722222,152.7871694444
Polymeria calycina,370497,-4637.288059173986,2559.228535168581,-3540.5736668933578,136778806,233492994,-33.761150145,151.1065534875
Polymeria calycina,370497,-4796.245250319243,2489.2076451715725,-3374.8525786598343,140438727,240397849,-31.9865573637,152.5710981101
Polymeria calycina,370497,-5020.148845358109,2574.288792555928,-2959.881063936189,188624555,330191217,-27.6834276011,152.8516423037
Polymeria calycina,370497,-4698.575837211283,2539.331240395066,-3473.4615419211686,192381780,337706449,-33.0381983663,151.6111281179
Polymeria calycina,370497,-5090.56824982698,2646.776264565062,-2769.5565401099743,196652945,346156592,-25.766995,152.5283966667
Polymeria calycina,370497,-5095.766503410572,2619.420420663281,-2785.956484263245,200261563,353292296,-25.9308803583,152.7950889583
Polymeria calycina,370497,-5075.450576296441,2626.389643327716,-2816.315326569536,221418696,392105720,-26.2348616728,152.6398245194
Polymeria calycina,370497,-4608.962754868397,2569.416121362456,-3570.058297730734,246079258,439236557,-34.0806956969,150.861097835
Polymeria calycina,370497,-4517.207461063783,2561.390719082329,-3691.052352322578,250080528,447173897,-35.4049308053,150.4454763538
Polymeria calycina,370497,-5034.229468697105,2527.058403846462,-2976.619325632364,262251263,471144261,-27.85355,153.3444833333
Polymeria calycina,370497,-5060.49194784675,2607.330826039434,-2860.594403098797,321785655,581998524,-26.6796583333,152.7409966667
Polymeria calycina,370497,-5044.614177339044,2528.105252497443,-2958.0914055793155,323118135,584637885,-27.6652537856,153.3822894841
Polymeria calycina,370497,-5035.298961867596,2605.6640668545697,-2906.20581944835,332820051,604093930,-27.1396606729,152.6393609434
Polymeria calycina,370497,-5043.90463752472,2542.6168682668945,-2946.842140060901,343010733,624735381,-27.5510875844,153.2474670653
Halleria lucida,402272,4821.657699590232,2680.753615877744,-3186.680123360058,67635264,109322361,-30.01221,29.07326
Halleria lucida,402272,4783.623633845535,2256.455393174575,-3551.775206569985,88928391,146794223,-33.882408,25.253449
Halleria lucida,402272,4794.018502209297,2309.036445863701,-3503.6395964518792,93605747,155163290,-33.3625416667,25.7177666667
Halleria lucida,402272,4739.574591313574,2934.4178121255195,-3084.7006219295704,11201617,15879232,-28.958614,31.762936
Halleria lucida,402272,5097.723533367798,2764.3528309992403,-2638.4316047174784,109862960,185241042,-24.464597,28.469738
Halleria lucida,402272,4763.058133366727,2378.044871262537,-3499.7046929860308,10977439,19246427,-33.3201824,26.5315117
Halleria lucida,402272,4949.288262505266,1766.51257000672,-3601.906740091046,174242130,302688216,-34.42722,19.6426283333
Halleria lucida,402272,4738.780680339196,2383.721163107632,-3528.680236274494,235066002,417994316,-33.6325899677,26.7035006359
Halleria lucida,402272,4763.538701314488,2761.7699913225874,-3204.852365677169,244901307,436927104,-30.2011223335,30.1039897781
Halleria lucida,402272,4947.641414208881,2900.332525291136,-2774.647510733737,296191911,533299627,-25.817845,30.3790485
Halleria lucida,402272,4992.78884953937,1729.6903494087048,-3559.492088592859,321186478,580834539,-33.9660443859,19.1080147773
Halleria lucida,402272,4829.573967776733,2143.2987626437384,-3559.6683600443107,37788945,59977988,-33.9679557947,23.930992419
Halleria lucida,402272,4825.349023366435,2718.287406319009,-3149.0750243558023,349629108,637714690,-29.6224162887,29.3940781618
Halleria lucida,402272,4866.588640952737,2054.1619574760325,-3561.80948141327,389934077,714315893,-33.991176589,22.8843571991
Halleria lucida,402272,4912.559422351527,2961.5661278160865,-2772.298526875324,61562847,98524682,-25.79438,31.08392783
Enkianthus quinqueflorus,425427,-2413.789598211501,5379.45914341942,2413.460633514583,69455205,112697816,22.26056207,114.16600681
Enkianthus quinqueflorus,425427,-2417.5706084580625,5377.055585544735,2415.031824378162,69551379,112876360,22.2758308521,114.2090950125
Enkianthus quinqueflorus,425427,-2411.132986997351,5380.088660368209,2414.7125823310885,70249023,114161684,22.2727283333,114.1399471667
Enkianthus quinqueflorus,425427,-2416.6566286257785,5378.675971845988,2412.336763157901,70719444,115018801,22.2496413559,114.1945387637
Enkianthus quinqueflorus,425427,-2418.19826266851,5377.489808095058,2413.436068334566,71199548,115881510,22.2603233596,114.2129275098
Enkianthus quinqueflorus,425427,-2416.782027444745,5378.44154699209,2412.7337787428687,104676472,175448112,22.2534990823,114.1965837871
Enkianthus quinqueflorus,425427,-2411.735366917878,5379.594414812729,2415.2121194111746,106426513,178779369,22.27758306,114.14725393
Enkianthus quinqueflorus,425427,-2410.995065630395,5380.070798283777,2414.890086243573,107531927,180875466,22.2744533771,114.1387950011
Enkianthus quinqueflorus,425427,-2424.734176977892,5366.607636139613,2431.0367706805223,148505864,255751808,22.4314616667,114.3143466667
Enkianthus quinqueflorus,425427,-2411.837163508284,5379.428674706045,2415.479612861204,20248966,31360584,22.2801827513,114.1488156497
Enkianthus quinqueflorus,425427,-2421.1607102990174,5377.3797366205445,2410.709669944633,199203105,351259911,22.2338323044,114.2396159996
Enkianthus quinqueflorus,425427,-2390.3288161695377,5390.181098919387,2412.8881037294627,260158370,467149850,22.2549986581,113.9153631545
Enkianthus quinqueflorus,425427,-2415.0266347126994,5374.047764531643,2424.254546832518,38288875,60831072,22.3654906358,114.1985258355
Enkianthus quinqueflorus,425427,-2413.284049477052,5379.168313678764,2414.614147090884,38954150,61920554,22.2717717151,114.1626813955
Enkianthus quinqueflorus,425427,-2417.122064976297,5378.576712299398,2412.0917483778994,40802322,64682233,22.247260646,114.199059199
Burchardia congesta,462071,-2310.346358699848,4699.437306833649,-3628.6832090525454,143858094,246789643,-34.7196740482,116.1797424848
Burchardia congesta,462071,-2379.253227934064,4842.1250164802905,-3388.618085860152,25369805,39284482,-32.13263,116.16791
Burchardia congesta,462071,-2336.296607214508,4827.065334771286,-3439.6092142341968,249666298,446345067,-32.6757799597,115.8269531305
Burchardia congesta,462071,-2345.3138229597425,4983.603429189558,-3202.023276317878,309721624,558931304,-30.1716883333,115.2019583333
Burchardia congesta,462071,-2335.176805577395,5086.023830795847,-3044.513755749436,312875749,564951928,-28.5463782756,114.6615603902
Burchardia congesta,462071,-2292.901929401026,4793.789148331833,-3514.5326109117905,315794878,570513127,-33.4799128222,115.5621066922
Burchardia congesta,462071,-2344.7754437893527,5002.019636631382,-3173.575397345072,316276744,571417069,-29.8762009061,115.1155743257
Burchardia congesta,462071,-2352.271349202196,4859.106832871152,-3383.1425355939127,317731661,574169193,-32.0744982705,115.8314113466
Burchardia congesta,462071,-2359.279772603901,4861.355660383159,-3375.021959561174,321142902,580745759,-31.9883533333,115.8879083333
Burchardia congesta,462071,-2355.3746626155407,4878.448328709889,-3353.0143501771427,322575905,583575940,-31.7552966667,115.77182
Burchardia congesta,462071,-2390.981784964968,4846.018137255259,-3374.769243524104,348433015,635456912,-31.9856737624,116.2613172946
Burchardia congesta,462071,-2365.368109385531,4857.837630752703,-3375.825882657801,364201831,664866539,-31.9968779229,115.9622799109
Burchardia congesta,462071,-2358.9788097025403,4854.441319718198,-3385.1693574272545,364202079,664867086,-32.0960119153,115.9170816387
Burchardia congesta,462071,-2361.710798335,4869.467390268838,-3361.6011913690304,388076010,710703957,-31.8461597,115.8735673
Burchardia congesta,462071,-2390.743241941317,4855.094248697463,-3361.8684859842715,390788537,716065663,-31.848989556,116.2165356793
Pancratium illyricum,479418,4691.987429446855,767.7393022889104,4240.94134070622,66764117,107702290,41.733167005,9.292827423
Pancratium illyricum,479418,4645.612589821027,751.6215611282956,4294.543261374935,66764156,107702367,42.3824267929,9.1903433118
Pancratium illyricum,479418,4661.426409694074,744.4507905158632,4278.627113594308,83407039,136980995,42.1889456091,9.073768067
Pancratium illyricum,479418,4715.510918328077,765.8892114067723,4215.106597069265,112284841,189654858,41.4225781197,9.2253722437
Pancratium illyricum,479418,4685.14163759921,764.323300447449,4249.118833088191,116057362,195880078,41.8317909241,9.2654809952
Pancratium illyricum,479418,4706.213606758668,728.0434463682551,4232.169580420572,141194848,241827641,41.6275440225,8.7938540362
Pancratium illyricum,479418,4663.906272343103,750.3950816501091,4274.88463398855,164929634,285433087,42.1435369867,9.1402203442
Pancratium illyricum,479418,4655.845967701874,744.2343484025996,4284.736478404407,196343190,345650137,42.2631425383,9.0818653285
Pancratium illyricum,479418,4705.931416075707,728.2502514222963,4232.447779733672,252189752,451397882,41.6308912317,8.7968321418
Pancratium illyricum,479418,4659.568698510791,751.1537424250389,4279.479025392781,272041062,489397736,42.1992866667,9.1576778333
Pancratium illyricum,479418,4790.403172632525,686.8360578720825,4143.67551853622,281710923,506083557,40.5714282826,8.1593185223
Pancratium illyricum,479418,4714.004230548421,741.3084918797347,4221.18217611086,39624156,62881572,41.4954854928,8.9369524643
Pancratium illyricum,479418,4820.154197209496,719.3354644218714,4103.464771924585,345641304,629939410,40.097030926,8.4878911633
Pancratium illyricum,479418,4796.941671723859,796.531639590345,4116.386895675387,382087888,699196483,40.2491202302,9.4279352039
Pancratium illyricum,479418,4696.002610609489,745.6338286782944,4240.441345468282,396112464,726393795,41.7271417719,9.0221380815
Echium asperrimum,497786,4856.1625764184655,-304.2080453221477,4112.772255575488,72519041,118250485,40.2065427,-3.5845363
Echium asperrimum,497786,4948.33010464498,-161.8967938468457,4009.684742381095,79613040,130416893,39.0032286058,-1.8739039544
Echium asperrimum,497786,4792.361797493811,-202.3022698405709,4193.100919750999,93406163,154799698,41.1591899886,-2.4172191252
Echium asperrimum,497786,4755.577475268654,-83.89503274626304,4238.773127908046,120961099,204643377,41.7070428673,-1.0106727853
Echium asperrimum,497786,4665.52883256846,-457.29741925233714,4314.333426207921,126870631,215314913,42.6238366667,-5.5980333333
Echium asperrimum,497786,4643.920595755521,231.6412603334912,4355.467478526986,138940065,237550904,43.1286338753,2.8555776179
Echium asperrimum,497786,5157.824592600045,564.4998656469332,3697.0175146098777,177186083,308133010,35.4707746311,6.2458968535
Echium asperrimum,497786,4781.601918727026,159.8638632226877,4207.193811287873,178353049,310338565,41.3277466667,1.9148633333
Echium asperrimum,497786,4611.634680899441,392.96064723711913,4378.145798089178,188644401,330235617,43.4087295191,4.8704486749
Echium asperrimum,497786,4996.456573096904,980.225163198858,3829.4038011505054,274524052,493512549,36.9463615417,11.0995512009
Echium asperrimum,497786,4731.962783293364,-434.9557819562372,4243.71238598315,286060806,514217967,41.7665699638,-5.251794829
Echium asperrimum,497786,4658.148452753413,240.6414901764624,4339.757803725234,287020330,516054093,42.9353566667,2.95729
Echium asperrimum,497786,4594.365532647029,426.9429467529404,4393.094376668948,287027800,516066832,43.5940666199,5.3091068268
Echium asperrimum,497786,4428.355630108236,-82.84100803096105,4579.580429510386,288157979,518181780,45.95677948,-1.07170403
Echium asperrimum,497786,4645.258223586259,214.4302731493518,4354.922367142584,369015975,674027015,43.1219171181,2.6429605639
Bellardia viscosa,537967,-4369.545538055262,950.676052395782,-4537.955482807203,7880779,10389294,-45.4208973367,167.7255249023
Bellardia viscosa,537967,5034.929522477308,-534.4680595974636,3866.986129614896,72558764,118318603,37.3704513979,-6.0593725683
Bellardia viscosa,537967,4526.963698455536,-2188.130810857392,3912.599692930493,192338995,337624529,37.8884133085,-25.7970356014
Bellardia viscosa,537967,4203.985989072928,3056.090350606804,3684.639290661155,204462102,361404620,35.3342029767,36.0153018683
Bellardia viscosa,537967,4134.346607002133,-184.3138577527517,4843.857931926542,25996604,40329203,49.4903746589,-2.5526205951
Bellardia viscosa,537967,4323.891558647328,2114.1956520148547,4174.193534533025,241606499,430597786,40.9337283333,26.05663
Bellardia viscosa,537967,-4998.914857449467,209.79247686794085,-3944.1843889831057,258106636,463036627,-38.2492143029,177.5968436557
Bellardia viscosa,537967,4601.528461142391,837.368497958496,4326.026230803588,258548656,463908896,42.76691175,10.3136082833
Bellardia viscosa,537967,-3936.8454370831696,3437.114723700696,-3643.795206966872,258721280,464262628,-34.8851851709,138.8769869733
Bellardia viscosa,537967,-4766.009340900309,657.2348786816433,-4176.475835722356,5190286,6403092,-40.9609027797,172.1484058096
Bellardia viscosa,537967,70.35640659340413,-5310.349900769091,3519.231029234995,45842993,72707501,33.5305869024,-89.2409371523
Bellardia viscosa,537967,3938.5600416360926,258.21306661802254,5001.082276900936,46153911,73197621,51.718360961,3.7509589601
Bellardia viscosa,537967,-2467.219699092989,-3889.271979882519,4401.8341123429045,47899758,75981897,43.7026893321,-122.3896295205
Bellardia viscosa,537967,-2392.218768859709,-3761.658453735562,4551.589631000641,49525403,78620618,45.595860025,-122.4542346318
Bellardia viscosa,537967,-4920.338557681477,510.0388829811856,-4014.95727814353,6992840,8953978,-39.064272,174.081896
Aegonychon purpurocaeruleum,546520,4512.859816162119,358.9229011292211,4482.747345143558,95576666,158687241,44.717886747,4.5473537581
Aegonychon purpurocaeruleum,546520,3853.502369031909,751.3662168049522,5017.541373002032,12210545,17542986,51.9579202311,11.0332529538
Aegonychon purpurocaeruleum,546520,4421.664748938888,372.63693532474974,4571.627247720489,146552706,251981825,45.8539914126,4.8172335822
Aegonychon purpurocaeruleum,546520,4221.671815791111,394.72184438452354,4755.148249528936,160599209,277526143,48.27715568,5.34156542
Aegonychon purpurocaeruleum,546520,3778.526455768837,901.930644134656,5049.654648181722,214994967,380070201,52.42905156,13.42523272
Aegonychon purpurocaeruleum,546520,4543.268197277155,193.22776246559204,4462.188952644203,244549264,436216690,44.4582781862,2.435354175
Aegonychon purpurocaeruleum,546520,4289.022681346652,369.8986194822514,4696.510681333168,248996647,445008102,47.4908195148,4.9291690434
Aegonychon purpurocaeruleum,546520,4303.913588797745,1861.72772146122,4312.777624800791,250204011,447422902,42.6048244218,23.3916795999
Aegonychon purpurocaeruleum,546520,3830.56759169814,657.4263418829717,5048.197268343197,274974533,494208768,52.4075616667,9.7385866667
Aegonychon purpurocaeruleum,546520,4428.888751088515,1397.634133035281,4361.343415776127,277720521,498665384,43.2010829402,17.5142472703
Aegonychon purpurocaeruleum,546520,4643.714994466426,-241.50965777569027,4355.150659282201,279487637,501885929,43.12473,-2.9771483333
Aegonychon purpurocaeruleum,546520,4391.266357972236,800.8257210742257,4545.900468277395,347256881,633132586,45.5227866667,10.3353283333
Aegonychon purpurocaeruleum,546520,4356.9443003104525,353.239007929666,4634.869113248676,351934208,642303801,46.6766961,4.635114
Aegonychon purpurocaeruleum,546520,3447.6956297111456,3261.438552358138,4250.431336198733,362685951,661986113,41.8476343987,43.4097792953
Aegonychon purpurocaeruleum,546520,4586.786311334354,538.6089652516833,4388.740690264547,44989671,71326058,43.5400294962,6.6973559315
Lachenalia peersii,588412,4976.778725773919,1701.7393294284825,-3595.2065168829818,10898607,15316738,-34.3542,18.8774
Lachenalia peersii,588412,4972.9763793386455,1714.4964386769354,-3594.4069082369388,11186478,15850509,-34.34549,19.02228
Lachenalia peersii,588412,4975.666342688859,1706.157771554321,-3594.652032460931,11263426,16007227,-34.34816,18.92686
Lachenalia peersii,588412,4974.166496144152,1709.2624790798911,-3595.252783313589,99427782,165740283,-34.354704,18.964152
Lachenalia peersii,588412,4961.939455519914,1735.9620863089356,-3599.353498106306,99853807,166550052,-34.3993868872,19.2826730229
Lachenalia peersii,588412,4963.709417585624,1727.1494980483135,-3601.152115482027,100131114,167080732,-34.4189928072,19.1856172424
Lachenalia peersii,588412,4972.358239657239,1724.7317860376177,-3590.363064151268,100165904,167124066,-34.3014549457,19.1298161774
Lachenalia peersii,588412,4964.477929299005,1727.546443812617,-3599.902124176556,104344405,174821936,-34.4053667265,19.1869507906
Lachenalia peersii,588412,4962.443055483892,1734.6613034980774,-3599.2863477227647,138017599,235819295,-34.398655,19.2674783333
Lachenalia peersii,588412,4976.110729824573,1704.0871049550492,-3595.019092150709,140560983,240622655,-34.3521583333,18.9039533333
Lachenalia peersii,588412,4962.448034535968,1735.8243412377722,-3598.718729016482,141875695,243148535,-34.3924686512,19.279425687
Lachenalia peersii,588412,4962.921217773027,1735.166658976531,-3598.383356652256,142470655,244258897,-34.388813718,19.2709576653
Lachenalia peersii,588412,4978.248004235136,1698.2135828109128,-3594.839435240862,151915394,262118350,-34.3502013302,18.8358819775
Lachenalia peersii,588412,4978.454514068491,1696.7786722894175,-3595.2309965136114,250596572,448215175,-34.3544666667,18.8203616667
Lachenalia peersii,588412,4964.448004298128,1727.651348639663,-3599.8930483892605,324293262,586926778,-34.4052678,19.18813794
Vachellia constricta,703867,-1965.8576756128195,-4915.72325615812,3544.1249410507257,116435702,196545330,33.7995744587,-111.7970723925
Vachellia constricta,703867,-1278.6962260872076,-5408.106263432637,3115.618034112725,119960639,202845063,29.2768833333,-103.30275
Vachellia constricta,703867,-2094.549354982145,-4983.417378731237,3371.671300494875,162044653,280145942,31.9528323495,-112.7972014181
Vachellia constricta,703867,-1552.3289025824197,-5372.32485272652,3052.565115548179,24243257,37490835,28.62883886,-106.11660693
Vachellia constricta,703867,-1278.637239755475,-5408.163827937439,3115.542320203178,226342110,401407984,29.2761027142,-103.3020216036
Vachellia constricta,703867,-1318.2531135567658,-5323.025405426553,3243.0483177804804,237767167,423198503,30.5993833333,-103.9095083333
Vachellia constricta,703867,-2177.4974308670294,-4664.465622315549,3753.800544312569,253070515,453070918,36.1002823404,-115.0244258975
Vachellia constricta,703867,-1559.3246655274795,-5157.612348901415,3399.6021201921067,282398191,507360690,32.249355,-106.8218833333
Vachellia constricta,703867,-1331.320301441521,-5221.097424379326,3399.629548904802,285959522,514032558,32.2496466667,-104.3049383333
Vachellia constricta,703867,-2009.676458928768,-4911.032912480308,3526.004735198203,288436950,518705860,33.6036960105,-112.2551951864
Vachellia constricta,703867,-1268.9631269972333,-5407.54315226442,3120.5709042412445,298829634,538316429,29.327960959,-103.2063804857
Vachellia constricta,703867,-1323.051248495838,-5621.347774852179,2690.6760707479257,313695005,566509405,24.9818563812,-103.2442012734
Vachellia constricta,703867,-1274.7372486411616,-5407.508005392732,3118.277609228805,351907611,642254062,29.3043076435,-103.2644365355
Vachellia constricta,703867,-1934.8718315681367,-5029.967998165527,3397.859041001006,387229783,709058692,32.2308216667,-111.0401778333
Vachellia constricta,703867,-1317.7478540712489,-5322.717018649663,3243.759741741871,55918420,89071277,30.60681667,-103.90515833
Heliosperma pusillum,746616,4301.527120030532,885.1028771259078,4615.540105147253,128158694,217662319,46.4239325861,11.627172567
Heliosperma pusillum,746616,4289.025100802383,919.7891921250211,4620.390097861278,133752433,227875656,46.487245,12.1038555
Heliosperma pusillum,746616,4294.285795487152,904.4145591600304,4618.538398837244,144351146,247733001,46.463064,11.8931857
Heliosperma pusillum,746616,4217.29828906272,919.6906266827496,4685.970275400601,153021292,264226252,47.3507208333,12.3022163889
Heliosperma pusillum,746616,4187.515830159998,960.632328071006,4704.428746628196,171948088,298429465,47.59630941,12.9203205
Heliosperma pusillum,746616,4313.596150304494,906.832111515332,4600.032271982484,224588008,398357064,46.22198261,11.87220652
Heliosperma pusillum,746616,4120.089287283336,1166.943255831106,4717.293803883836,229554423,407483495,47.7681616667,15.8138466667
Heliosperma pusillum,746616,4273.102832967469,1052.475763979574,4606.803672265451,229956628,408247422,46.31007117,13.83667949
Heliosperma pusillum,746616,4233.411535182891,962.8176656075008,4662.720455512211,230814928,409866348,47.043,12.813
Heliosperma pusillum,746616,4682.347288415848,-1.0919551253426871,4320.344408490623,256787900,460482282,42.6973468629,-0.0133617639
Heliosperma pusillum,746616,4198.476784756842,914.766705945697,4703.801408566113,260510129,467850599,47.5879438307,12.2915413317
Heliosperma pusillum,746616,4444.741304609038,459.8087161445749,4541.211711574045,264330020,474765440,45.4626341053,5.9062417639
Heliosperma pusillum,746616,4290.033435753391,895.2833295874179,4624.265780592446,298589519,537859071,46.5378916667,11.787825
Heliosperma pusillum,746616,4217.194599693488,879.3494641962758,4693.8009499563605,322110895,582641614,47.454767264,11.7782790697
Heliosperma pusillum,746616,4186.633683579063,975.2866124328502,4702.198161797087,335113125,608712205,47.56657054,13.1133248501
Diplacus layneae,771827,-2540.2579030755537,-4060.468618960721,4201.123362860801,81199174,133160472,41.2550883333,-122.0303888333
Diplacus layneae,771827,-2529.1663620620625,-4334.777334432077,3924.637066479541,81246651,133242682,38.0257099895,-120.2618239393
Diplacus layneae,771827,-2496.20570403673,-4113.474799310934,4175.887365368682,118879767,200904482,40.9538950287,-121.2508950371
Diplacus layneae,771827,-2660.322100542316,-4068.269173194241,4118.449390909279,118882097,200910255,40.2734267567,-123.1814707949
Diplacus layneae,771827,-2613.4332356479163,-4070.722117471056,4145.954810995926,169040161,293025882,40.59841932,-122.70075832
Diplacus layneae,771827,-2515.7465057190443,-4121.298574626826,4156.401172579321,172929158,300260663,40.7222633333,-121.4009633333
Diplacus layneae,771827,-2488.2075254573365,-4074.174294452601,4218.966728756765,180836997,315071669,41.4688904734,-121.4135317504
Diplacus layneae,771827,-2485.683934031301,-4368.964088447367,3914.496302672079,198124415,349125315,37.9100287707,-119.6373337368
Diplacus layneae,771827,-2591.7570231817976,-4067.9015347569016,4162.298135163759,223910412,396787173,40.792275,-122.5021833333
Diplacus layneae,771827,-2623.140365605302,-4033.990598610281,4175.6206248093695,229846783,408045495,40.9507188156,-123.0343150822
Diplacus layneae,771827,-2566.5886949148376,-4046.836126733668,4198.272616705117,30207339,47179947,41.2209951,-122.3837308
Diplacus layneae,771827,-2655.637721731685,-4034.41753804192,4154.613886913315,285232266,512680441,40.7010583333,-123.3547366667
Diplacus layneae,771827,-2570.6275023749217,-4160.62575261662,4082.9916385384,288017690,517911149,39.8567616667,-121.709695
Diplacus layneae,771827,-2517.0452078423973,-4112.430154465236,4164.39128517003,368118041,672316747,40.8171436698,-121.4690440893
Diplacus layneae,771827,-2610.416879369199,-4042.034150899435,4175.815700979209,52370495,83247467,40.95304167,-122.85508667
Retanilla trinervia,780470,1715.288182425484,-5075.277989388589,-3448.05639619433,132525779,225668348,-32.7660759608,-71.3263250515
Retanilla trinervia,780470,1664.085369616204,-4964.60774839703,-3629.496234584479,133472717,227352826,-34.7285701012,-71.4693788957
Retanilla trinervia,780470,1728.5456443893586,-5057.092806930038,-3468.0968018549443,134854003,229931517,-32.9806652149,-71.1292541027
Retanilla trinervia,780470,1771.9727175700914,-5008.918246529338,-3515.765040137092,136487037,232945528,-33.4932021313,-70.5180765688
Retanilla trinervia,780470,1772.45979221248,-5014.999652531942,-3506.838733071714,137418669,234696514,-33.3969955996,-70.5349778678
Retanilla trinervia,780470,1773.6781201358383,-5011.763140586085,-3510.847373283484,138331350,236413265,-33.4401869844,-70.5109747499
Retanilla trinervia,780470,1774.620049578853,-5012.844641133964,-3508.826785859439,187727552,328371108,-33.4184133333,-70.505295
Retanilla trinervia,780470,1772.460848956648,-5008.271769112786,-3516.439897865623,188164925,329245656,-33.50048,-70.5107883333
Retanilla trinervia,780470,1676.2784127916705,-5042.544798941901,-3514.624555076979,241009749,429470632,-33.4809041876,-71.6117962295
Retanilla trinervia,780470,1674.3024067667184,-5050.907458822691,-3503.54084074696,242822784,432925426,-33.3614783086,-71.6603915021
Retanilla trinervia,780470,1751.991598636346,-4988.177175588369,-3555.0481055710534,243485425,434175284,-33.91787,-70.647255
Retanilla trinervia,780470,1726.9000548069826,-5000.436749990544,-3550.0988211216145,245137265,437382152,-33.86425,-70.947655
Retanilla trinervia,780470,1749.1353389504218,-4972.983815950359,-3577.6683275574937,314016096,567129036,-34.163366461,-70.6218227372
Retanilla trinervia,780470,1692.8767003862472,-5063.597197659007,-3476.1911666113333,318253788,575165581,-33.0674861388,-71.5140360966
Retanilla trinervia,780470,1703.7084366311722,-4966.847655818981,-3607.984902478762,40583065,64321488,-34.4935159083,-71.0672092438
Opuntia anahuacensis,809289,4622.631554149661,438.5804065363743,4362.187280626512,100696025,168085803,43.2114946788,5.4198156953
Opuntia anahuacensis,809289,-4826.017001265478,2477.2877917615056,-3341.0115578913224,103508115,173251659,-31.6284364104,152.8276940643
Opuntia anahuacensis,809289,4361.363981681027,-3928.070409927059,-2477.6037220726644,103919158,174049330,-22.8852749411,-42.0078392699
Opuntia anahuacensis,809289,-4769.454768693837,2481.015246710595,-3418.56953778194,18207335,27821490,-32.4512720186,152.5170701722
Opuntia anahuacensis,809289,5038.559761902878,-691.9496240298859,3837.1700995936512,162483731,280954719,37.0338041883,-7.8195637527
Opuntia anahuacensis,809289,4708.967890521172,261.8167935336284,4283.319565750585,163454331,282711473,42.2459266667,3.1823466667
Opuntia anahuacensis,809289,5033.566690869204,-714.8486863668866,3839.5248213612354,234136241,416188861,37.060336464,-8.0828854814
Opuntia anahuacensis,809289,4471.28555401945,1938.4549154446115,4103.626586920774,284390694,511088200,40.0989333333,23.4383783333
Opuntia anahuacensis,809289,-4741.783433251292,2709.1891475063976,-3281.087802064216,324856199,588071947,-30.9976466667,150.258775
Opuntia anahuacensis,809289,4594.5447803262805,551.1204910851325,4379.061268760696,362296520,661250595,43.4200634831,6.8400088325
Opuntia anahuacensis,809289,4604.422363306037,433.86867739127376,4381.872408085776,369329440,674624914,43.45488,5.3830116667
Opuntia anahuacensis,809289,4430.97533714294,1264.2389591443,4399.76255558072,372055220,679828285,43.676925,15.924425
Opuntia anahuacensis,809289,4509.073075692389,901.3602190284504,4409.71233566277,374217662,683974436,43.8007735787,11.3043805305
Opuntia anahuacensis,809289,4706.237658846439,269.5588720030309,4285.839269344743,375283294,686035475,42.276545,3.278145
Opuntia anahuacensis,809289,-545.3205252949786,-6010.062086066566,2042.4329550794648,375585374,686627185,18.6981464226,-95.1845125955
Chamaecytisus ruthenicus,823414,2135.9443318153994,2529.7206926294207,5443.161595832484,63828614,102508241,58.689561,49.82426
Chamaecytisus ruthenicus,823414,3329.333270057862,2140.5786838058684,4992.315695646579,120311220,203473348,51.591281713,32.7387941256
Chamaecytisus ruthenicus,823414,3429.147939301205,2209.306571006827,4893.839189774199,160502087,277351737,50.1873304628,32.7925800188
Chamaecytisus ruthenicus,823414,452.81415861145,3620.669607108915,5222.591699874327,165142010,285825219,55.0591041218,82.8713928759
Chamaecytisus ruthenicus,823414,2402.399876728529,2354.5518549724693,5410.574232391409,166868927,288986585,58.1301037089,44.4237071535
Chamaecytisus ruthenicus,823414,1842.2027015917508,3006.8964306958405,5306.09236547896,168192263,291440475,56.3925871667,58.5058988833
Chamaecytisus ruthenicus,823414,2351.093324879803,3025.547208038799,5090.007603070127,168266092,291592286,53.0283083333,52.1499222222
Chamaecytisus ruthenicus,823414,1737.1145048162111,3011.319812649914,5338.9267941016615,177393142,308520058,56.9298763041,60.0210071728
Chamaecytisus ruthenicus,823414,1869.922502956416,2870.097227741318,5371.748771668892,41230526,65389432,57.4748091,56.9149975
Chamaecytisus ruthenicus,823414,1753.8526484305223,3125.294220502316,5267.474732029144,362362186,661369948,55.77020567,60.69973053
Chamaecytisus ruthenicus,823414,2830.590384317939,2212.677202111345,5261.327855697738,365158916,666665132,55.6720557724,38.0147988349
Chamaecytisus ruthenicus,823414,2829.1615710989017,2317.9956607365543,5216.559599113302,393982358,722202224,54.9644979348,39.3285331702
Chamaecytisus ruthenicus,823414,2728.223699393431,2343.7579195931485,5258.645014648721,47705218,75673625,55.6292947766,40.6651616406
Chamaecytisus ruthenicus,823414,2414.444919099885,2834.875468844763,5169.496101019167,47708082,75678667,54.2338580215,49.5791803992
Chamaecytisus ruthenicus,823414,2704.2458765898405,2305.4126454282045,5287.899384720176,48783724,77420053,56.0981266093,40.4481199762
Lantana urticoides,877372,-812.85322862878,-5833.020015587692,2430.000052703407,69481458,112746535,22.4213754311,-97.9332917155
Lantana urticoides,877372,-726.1080810296163,-5442.842157982431,3230.787741036244,80546780,132028302,30.4713676766,-97.5987369952
Lantana urticoides,877372,-800.1287075875897,-5410.214334821762,3267.893516052928,99643205,166149713,30.8593188346,-98.412620835
Lantana urticoides,877372,-937.7421900814692,-5454.562147237398,3155.652784535016,134427039,229158103,29.6904883333,-99.7548666667
Lantana urticoides,877372,-817.412590075946,-5486.582666571803,3133.5284313592256,156678725,270951854,29.4617097438,-98.4738210752
Lantana urticoides,877372,-745.2375358816711,-5676.698031191794,2794.543541878289,159327970,275252981,26.0167821,-97.4790262
Lantana urticoides,877372,-908.0564264337884,-5300.184310929178,3416.61132209532,278621176,500291920,32.430405,-99.7218383333
Lantana urticoides,877372,-917.124516420176,-5534.115520570471,3020.2981899209085,288080793,518032705,28.2987542874,-99.409649818
Lantana urticoides,877372,-1097.473798302212,-5410.202435904764,3180.410978827691,294595730,530266069,29.9471216667,-101.4670033333
Lantana urticoides,877372,-1987.454775104754,-5177.251375186817,3136.2150507764864,34211185,53814057,29.4894633333,-111.0009083333
Lantana urticoides,877372,-725.8934939687414,-5589.179294193937,2970.5061155373937,340865919,620374576,27.791386421,-97.399857306
Lantana urticoides,877372,-706.0366462381405,-5530.164915120501,3083.59228748168,359369125,655669324,28.9472228289,-97.2755977282
Lantana urticoides,877372,-738.7628587896446,-5651.709976605967,2846.428799124082,359699047,656291520,26.5371733333,-97.44719
Lantana urticoides,877372,-810.4193702867303,-5601.041011309912,2925.9721740929,47761906,75765400,27.3395964966,-98.2330380788
Lantana urticoides,877372,-705.7522165853467,-5414.198912211405,3283.0042761883733,61716550,98787253,31.0177555,-97.42675
Lactuca pulchella,983070,-491.2919988478094,-4329.721617645783,4647.7839897349295,178715226,311026956,46.8462433333,-96.4736433333
Lactuca pulchella,983070,-543.9629957198059,-4237.085022026812,4726.623308989306,181246160,315852041,47.8931417554,-97.3156968031
Lactuca pulchella,983070,-1455.1208722477766,-3510.626139335606,5113.499827577966,241788561,430964226,53.3810385625,-112.513537971
Lactuca pulchella,983070,-387.5002958479768,-4569.531274602049,4422.553626676441,28758421,44849618,43.9609944444,-94.8471361111
Lactuca pulchella,983070,-776.9930702812879,-4057.649609081755,4849.898405980373,29754427,46451417,49.574075,-100.8402555556
Lactuca pulchella,983070,-962.7826253984464,-4321.977290524723,4580.754855490183,30551755,47735880,45.9719740833,-102.5584062842
Lactuca pulchella,983070,-953.5939871158998,-4500.736433055341,4407.242130582586,31243468,50252983,43.770002104,-101.9626378177
Lactuca pulchella,983070,-471.9103633949455,-4256.343488362124,4717.053513335972,303868451,547732459,47.7649466515,-96.3266723455
Lactuca pulchella,983070,-652.781126250052,-4106.962973695328,4826.643250084346,304541663,549017730,49.2526186749,-99.0313276011
Lactuca pulchella,983070,-521.7161924496022,-4069.901982327669,4873.75247611721,304557225,549049975,49.9060249392,-97.3048438485
Lactuca pulchella,983070,-456.2610229502259,-4568.133111404552,4417.435781661485,363085171,662744902,43.8970874008,-95.7037345693
Lactuca pulchella,983070,-1650.0963865178385,-3638.357651539381,4962.790409070592,5909568,7370333,51.165873926,-114.3956136679
Lactuca pulchella,983070,-1074.2550340347996,-3949.6466515452007,4882.214720745709,47143496,74762624,50.0243340615,-105.2156668113
Lactuca pulchella,983070,-2012.6519296470528,-3573.3992933451814,4875.428476563428,50741807,80591934,49.9294337293,-119.389592462
Lactuca pulchella,983070,-528.9131402912881,-4664.070459864042,4307.719903281581,51730596,82206066,42.5430579614,-96.4697949216
Veronica teucrium,1047389,2756.0560584428904,2829.1588789319417,4998.976712304052,63459836,101845236,51.687806423,45.7498805286
Veronica teucrium,1047389,4384.261132487531,852.5655649015625,4543.252074162369,86558147,142612596,45.4888022401,11.0044266585
Veronica teucrium,1047389,2037.8045712293888,2674.450202363561,5411.508271658794,254893139,456668792,58.1460165993,52.6943136734
Veronica teucrium,1047389,3780.708984945805,1025.4586914883234,5024.383262936712,261709893,470230459,52.05788,15.17548
Veronica teucrium,1047389,4211.175861284622,1673.856337802113,4478.16435109419,282900712,508296285,44.6599127297,21.6768096262
Veronica teucrium,1047389,3117.8021640497764,2612.933708219842,4903.227532143747,372020256,679759044,50.3193793964,39.9653339232
Veronica teucrium,1047389,3987.1771447185633,1874.9957790026976,4601.799906018668,372255333,680219387,46.2449639623,25.1855584234
Veronica teucrium,1047389,2356.311452942768,2909.038864515675,5155.098675209382,373145330,681917276,54.0129196891,50.9926467016
Veronica teucrium,1047389,3510.6364997279584,2154.1641070765363,4860.530989124379,374474978,684474790,49.7217561587,31.5337235481
Veronica teucrium,1047389,2811.773663458827,2682.497552101955,5048.55314700398,375606391,686673907,52.4128083333,43.6521216667
Veronica teucrium,1047389,1604.2622958225131,2775.224975701562,5505.8352636200425,376117268,687656566,59.79164994,59.9692672701
Veronica teucrium,1047389,2545.692866848361,2455.88574516694,5298.851400449028,376171559,687765095,56.2751177742,43.9713215455
Veronica teucrium,1047389,2536.992395936828,2702.53122145766,5181.674218790941,378413732,692083445,54.4216669615,46.8096152955
Veronica teucrium,1047389,1868.440892216692,2922.46893856559,5343.955189285295,395257772,724718933,57.0128424647,57.4077365995
Veronica teucrium,1047389,4123.014917547744,583.6492709709248,4821.810308157229,397369757,728814776,49.1860755555,8.0571904558
Styphelia ericoides,1399665,-4005.727461902673,3119.623127828922,-3848.616916627466,8895005,11968105,-37.1628706295,142.0888745785
Styphelia ericoides,1399665,-4240.241370082905,2701.711492748924,-3912.909564897108,203705098,359951856,-37.891944453,147.4963495411
Styphelia ericoides,1399665,-3921.3340623315103,3193.0090107546043,-3875.252992840079,233428419,414847146,-37.4640583333,140.845245
Styphelia ericoides,1399665,-4401.09949435776,2549.259951640105,-3836.841157697983,236874452,421485106,-37.0300985109,149.9191821454
Styphelia ericoides,1399665,-4576.565454643495,2598.5733013504155,-3590.5735706917385,237809247,423285857,-34.3037466667,150.412095
Styphelia ericoides,1399665,-4385.402694926038,2539.5305117468115,-3861.189080182408,240089630,427695416,-37.3048801587,149.9254175787
Styphelia ericoides,1399665,-5072.865008758532,2536.5164850776805,-2902.0471832001467,284200882,510738281,-27.0976418474,153.4341900079
Styphelia ericoides,1399665,-5026.961642944875,2504.22813870524,-3008.0311167531627,295894124,533210834,-28.1735333333,153.5193783333
Styphelia ericoides,1399665,-3920.689363106648,2516.6999066776134,-4345.591976638939,311612583,562539346,-43.0070638883,147.3034972217
Styphelia ericoides,1399665,-4394.215432865627,2541.5736050839123,-3849.808757481825,311837410,562962017,-37.1763216667,149.9553083333
Styphelia ericoides,1399665,-4546.420097999211,2582.6371684529686,-3640.0278403209386,314898582,568801096,-34.8438927205,150.4008471128
Styphelia ericoides,1399665,-4035.24297534253,3096.560853057333,-3836.3886850707713,314953106,568894662,-37.0250015,142.4981231667
Styphelia ericoides,1399665,-4378.59527823073,2552.610321111149,-3860.2897647313766,315460631,569875041,-37.294713,149.758896
Styphelia ericoides,1399665,-4028.331457918861,3089.2924647177806,-3849.489688550508,323182892,584759963,-37.1727204411,142.5157142682
Styphelia ericoides,1399665,-4027.359894610148,3099.910261931452,-3841.963271159063,374568231,684650107,-37.0878219444,142.4140625
